date,NO2,NO,CO2,O3,CO,PM2_5,AQHI
2025-11-01 00:00:00,13.8005200281224,16.0955325565774,429.488900442221,0.302992991,0.358336516538087,4.25516555248541,1
2025-11-01 00:15:00,13.8411508751002,17.299966075718,430.838777588888,0.303293488444444,0.356596918400629,4.17871001344811,1
2025-11-01 00:30:00,13.7973218988913,17.1201498182077,433.823119933333,0.303228334888889,0.353848414644077,4.18412237923763,1
2025-11-01 00:45:00,13.8379345677816,16.7842261477434,435.826315408889,0.304185578,0.33659964933362,4.17465794894275,1
2025-11-01 01:00:00,13.7451045134276,17.6485460728919,435.895381664444,0.305202036888889,0.336016276198327,3.98644036942776,1
2025-11-01 01:15:00,13.754751331992,16.721012122323,437.796838817778,0.306268180777778,0.331121209861628,4.07855517153809,1
2025-11-01 01:30:00,13.7044177299268,16.9035345878373,437.205271724444,0.307864952,0.331121209861628,4.02961834405815,1
2025-11-01 01:45:00,13.7301973873061,16.8532996861662,437.578641411111,0.30650374,0.331025489746645,4.15516548477902,1
2025-11-01 02:00:00,13.694379988429,16.8000364274628,436.757711408888,0.308101895555556,0.330920201167525,4.0602547251446,1
2025-11-01 02:15:00,13.6718719079624,17.2030533130506,435.404235059999,0.307762478666667,0.330669302000803,3.91468087317211,1
2025-11-01 02:30:00,13.6763704459224,17.6270335461612,435.440586239999,0.307978212444444,0.333098436402509,3.98807069097398,1
2025-11-01 02:45:00,13.6679804120972,16.8086295361254,435.003530146666,0.307943744888889,0.330724821721928,3.98688510610224,1
2025-11-01 03:00:00,13.5674012596809,16.1385072985046,435.050949337777,0.308102164,0.330825827359713,4.04305758217942,1
2025-11-01 03:15:00,13.6065630333239,16.6073170197818,432.928968308889,0.308998396555556,0.330375088264711,3.86286661890716,1
2025-11-01 03:30:00,13.5411690653994,16.4753376456336,432.291075242222,0.308158811777778,0.330319163398594,3.92446193527294,1
2025-11-01 03:45:00,13.6750202911387,17.2411145700255,427.047103766666,0.311642166,0.330200583674591,3.75621052166553,1
2025-11-01 04:00:00,13.7148557484631,17.1336819909104,427.314811817778,0.311900866555556,0.330200583674591,3.67216581769578,1
2025-11-01 04:15:00,13.5406870639209,17.6177879531382,425.184491791111,0.312673058444444,0.331627511521009,3.54887562781658,1
2025-11-01 04:30:00,13.5039368754389,17.3616105712113,425.153324475555,0.311845769555556,0.328022102626632,3.43513483173309,1
2025-11-01 04:45:00,13.5083716618374,16.9118970801856,424.726626262222,0.309885877111111,0.330460653208199,3.50830258233428,1
2025-11-01 05:00:00,13.5603741764937,16.6978724223033,424.648569715555,0.312164204888889,0.340241936566513,3.34175726870788,1
2025-11-01 05:15:00,13.5070689274078,16.3902744120292,424.948643242222,0.313286172222222,0.333048052840789,3.24509672802987,1
2025-11-01 05:30:00,13.4882743240952,16.7897262560512,424.346252306667,0.314035528,0.336470501328409,3.18517490947533,1
2025-11-01 05:45:00,13.5566233684226,16.9964455523504,424.055144297778,0.315836428,0.336531634550426,3.07313629597611,1
2025-11-01 06:00:00,13.5145943648818,17.2907924625254,424.137508211111,0.313057286444444,0.33679645735542,2.93457407133046,1
2025-11-01 06:15:00,13.5017072637604,16.8271364826324,424.806999862222,0.311795939777778,0.333269126964413,3.0719923358816,1
2025-11-01 06:30:00,13.6107121176468,16.8511524861175,425.182021013333,0.314071886555556,0.336428669624602,2.94807737867441,1
2025-11-01 06:45:00,13.5315401000083,17.0935003577383,425.127810091111,0.312917417111111,0.338796041665703,2.98674459157435,1
2025-11-01 07:00:00,13.6654706218824,17.6613944186328,425.461693388889,0.315473827888889,0.339721556025511,2.9900098598114,1
2025-11-01 07:15:00,13.6330219150246,16.9842631165394,426.786176857777,0.313665288,0.338423449589939,2.95939574872322,1
2025-11-01 07:30:00,13.7018661113002,16.9143761263257,435.072180133333,0.308074570666667,0.340107768857268,2.83949326036166,1
2025-11-01 07:45:00,13.7905705093461,17.3543756189915,436.119762522222,0.309799984666667,0.344638187110881,2.8920627899778,1
2025-11-01 08:00:00,13.7301011956394,16.6789870387459,437.238391962222,0.307337398,0.342440158917876,2.80310005936489,1
2025-11-01 08:15:00,13.8605161814335,17.0228045233682,429.785027148888,0.307428779777778,0.366574872626174,2.77957412668767,1
2025-11-01 08:30:00,13.7929191592809,16.7805662281937,435.222629104444,0.305963879333333,0.348394581377104,2.80285790656943,1
2025-11-01 08:45:00,13.8105142995372,16.7477093329433,435.142573433333,0.309016331555556,0.352473561837143,2.72385855714448,1
2025-11-01 09:00:00,13.9749694053221,16.342003225288,431.032721904444,0.306932118666667,0.372028401286038,2.74270892157132,1
2025-11-01 09:15:00,14.8727294037849,18.011056581677,435.443924766665,0.308620096,0.408550547532279,2.68326733921563,1
2025-11-01 09:30:00,14.8892272750116,17.3055565369246,442.801803173332,0.308504573111111,0.947683709201263,2.76812608716519,1
2025-11-01 09:45:00,14.7554764306205,16.1934999626742,491.321272748888,0.316164351444444,1.12474091745509,2.67917159881975,1
2025-11-01 10:00:00,14.8989835690225,10.2879951410383,503.786553786667,0.318069461,1.15406391560781,2.64905935356334,1
2025-11-01 10:15:00,14.8955925947381,10.3577066734817,507.176215442223,0.315079193888889,1.17133815396748,2.65204234727776,1
2025-11-01 10:30:00,14.888813826907,10.3612651720817,507.120477768889,0.313547631666667,1.16315246255153,2.61877818607203,1
2025-11-01 10:45:00,14.8734193803152,10.3612651720817,508.533766791112,0.313873146638889,1.19203772267666,2.72426176019737,1
2025-11-01 11:00:00,14.8318907499284,10.392173046325,542.202309807014,0.317871485416667,1.24862406093678,2.62222610956367,1
2025-11-01 11:15:00,14.8095973692617,10.3819385003717,554.79853103966,0.315186110555556,1.25118868662226,2.62721792214423,1
2025-11-01 11:30:00,14.8095973692617,10.3819385003717,555.379857909677,0.315678634555556,1.24573966420082,2.63475426337584,1
2025-11-01 11:45:00,14.7924537569639,10.3819385003717,574.239611988712,0.315646933,1.28991330646224,2.77196371814025,1
2025-11-01 12:00:00,14.8398281271462,16.9552412774342,570.712805003433,0.314927754888889,1.3411357558454,2.77076304352142,1
2025-11-01 12:15:00,14.8460706499491,18.040340560987,584.373179935259,0.315672985,1.47558662948334,2.69582358354213,1
2025-11-01 12:30:00,14.9027394950336,17.5251076320446,596.214552074485,0.312450094888889,1.57234658372648,2.69114028945393,1
2025-11-01 12:45:00,14.9485899956278,18.2445837451466,613.027941668691,0.312039511666667,1.6445625506233,2.63873653071367,1
2025-11-01 13:00:00,15.1675397234913,19.1193860531424,628.146484731603,0.310269039222222,1.68170811785034,2.71233164905233,1
2025-11-01 13:15:00,14.877120601718,18.3174280963656,633.944947884403,0.313917499444444,1.69573101746162,2.71275079667416,1
2025-11-01 13:30:00,14.9553245077812,19.2174443461362,654.549939748056,0.312796800777778,1.73029988584884,2.6974210272095,1
2025-11-01 13:45:00,14.9319387533373,19.4670529760129,672.907510986852,0.314220345111111,1.79104530646683,2.6755210157793,1
2025-11-01 14:00:00,14.9131351379343,20.3028062512061,683.67945777386,0.314550486444444,1.83991000992737,2.62184294477766,1
2025-11-01 14:15:00,14.9316035104158,19.5023364379063,681.692702117781,0.316690136222222,1.82518618169444,2.63099005493029,1
2025-11-01 14:30:00,14.9488292404706,19.5981201563832,693.282807898916,0.315643519444445,1.83091960786423,2.77886742575682,1
2025-11-01 14:45:00,14.912716511801,19.2190026579095,705.59982515028,0.314049493222222,1.83933488329993,2.65022450288431,1
2025-11-01 15:00:00,15.1681270826336,18.1244556639927,714.529939745648,0.310502408333333,1.82827899846531,2.62841442918767,1
2025-11-01 15:15:00,14.9272815376039,18.8964077984487,710.521665425992,0.314863769777778,1.78481815103915,2.63565797264112,1
2025-11-01 15:30:00,14.8956840201165,19.3415498198058,704.262594056394,0.317718835666667,1.73953300641507,2.64368029504976,1
2025-11-01 15:45:00,15.1302077804099,19.083202591463,706.469648030325,0.315578819666667,1.70890901517641,2.70297373118743,1
2025-11-01 16:00:00,14.941261889081,18.8740492593791,717.029966266265,0.313176991444445,1.7365406115581,2.62722091645501,1
2025-11-01 16:15:00,14.9072584683787,19.1755924537343,705.915401048424,0.314187023888889,1.70992248314571,2.62698382558033,1
2025-11-01 16:30:00,14.927006215678,19.1435506027043,679.293703248479,0.316393609333333,1.62274091523723,2.81360445111832,1
2025-11-01 16:45:00,14.9146516316232,18.8734257625483,682.244150767236,0.314215411333333,1.6459921001708,2.63758740461062,1
2025-11-01 17:00:00,14.8713886044291,18.6349893004568,673.431619192609,0.313405071,1.62654718273909,2.62755323835734,1
2025-11-01 17:15:00,14.9054358714306,19.3865717526311,661.252164843837,0.313868595,1.58763477400493,2.76772370885489,1
2025-11-01 17:30:00,14.9562107752113,19.1426299211124,655.160664391663,0.312717235,1.55731373514885,2.75516752947226,1
2025-11-01 17:45:00,14.9740168305241,19.116843691056,650.239782962916,0.312111009888889,1.54375333983592,2.74997897763545,1
2025-11-01 18:00:00,14.9334142052484,18.7477209048802,643.29006523307,0.313094665111111,1.52380374082745,2.72299296937816,1
2025-11-01 18:15:00,14.936139567401,18.4444611774151,633.887781469553,0.311471827444445,1.49712969814155,2.71914979980635,1
2025-11-01 18:30:00,14.8738280421965,19.4016093687619,629.603905410457,0.313744501,1.49540744062763,2.77195361567247,1
2025-11-01 18:45:00,14.933004813515,19.4294352886825,618.76836037691,0.313194922222222,1.45027961960852,2.71135174802486,1
2025-11-01 19:00:00,14.9295302166084,19.7490214653794,613.966291730755,0.314499485555555,1.42952911599915,2.70567923751581,1
2025-11-01 19:15:00,14.9352534925195,19.4898224568245,607.303361407113,0.312133318444444,1.41601050466346,2.74540840699014,1
2025-11-01 19:30:00,14.941261889081,19.7602533850554,598.922606221574,0.310368429666667,1.38114644135039,2.71897173068763,1
2025-11-01 19:45:00,14.880316559155,19.6846847701624,582.563154945233,0.315723890777778,1.31410823019177,2.82228674023606,1
2025-11-01 20:00:00,14.9448739362619,18.6189152223406,577.760393502336,0.312848051,1.2807096751304,2.83041995967761,1
2025-11-01 20:15:00,15.1133299125839,18.2672256986628,576.904885945234,0.309146420777778,1.26600647475408,2.85275918343661,1
2025-11-01 20:30:00,14.9986773993678,19.242023071399,571.562424146703,0.309078598111111,1.25891850982282,2.82067590958822,1
2025-11-01 20:45:00,14.8752095597387,18.2547887371008,565.008525717217,0.312019613,1.24269257760394,2.79092345950304,1
2025-11-01 21:00:00,14.8835101737906,18.4307784099588,560.073129738695,0.311723352555556,1.2252484300252,2.78159267543662,1
2025-11-01 21:15:00,14.8791751531136,18.6374425173291,554.82314729429,0.313062256194445,1.20909814135688,2.89297300541984,1
2025-11-01 21:30:00,14.8714224296943,18.7152686826689,549.700430390747,0.313245873972222,1.18902204106934,2.89882268167642,1
2025-11-01 21:45:00,14.8329186412528,18.5572805003656,544.86875482962,0.312913754861111,1.17510025536085,2.87713469054436,1
2025-11-01 22:00:00,14.8958686226128,18.9770183447707,518.06050528,0.312376310527778,1.15611345428738,2.92476961921725,1
2025-11-01 22:15:00,14.8416424815373,18.839793548272,517.285128815556,0.311711569527778,1.1465921054335,3.11778462194261,1
2025-11-01 22:30:00,14.8343919555713,18.9043398350311,516.054661197778,0.309835731972222,1.1436574686442,3.04912273320042,1
2025-11-01 22:45:00,14.8498704516425,19.7568951439614,511.954249228889,0.308233931083333,1.13379108761294,3.18664427638232,1
2025-11-01 23:00:00,15.0736494563735,17.9754392151235,511.574127435556,0.305476121972222,1.08547818254819,3.30846545175313,1
2025-11-01 23:15:00,14.8119477976736,19.0679309754749,510.98489592889,0.309354934638889,1.09526515254505,3.62178036097892,1
2025-11-01 23:30:00,14.8971567359091,10.4596778008315,508.616100277778,0.308303092638889,1.07070593108474,3.50467895104796,1
2025-11-01 23:45:00,14.8303902406136,19.0268191449058,507.661233544445,0.308032665416667,1.08166009605497,3.76080001625624,1
2025-11-02 01:00:00,14.8598520978922,10.3257854530861,507.355053017778,0.306588612444445,1.07221159992997,3.77210233785722,1
2025-11-02 01:15:00,14.9016834510714,10.2615974337924,505.082014277778,0.306959430555556,1.04572195232923,3.71479037813099,1
2025-11-02 01:30:00,14.8789484266744,10.2456088167524,503.778328946667,0.307545412666667,1.03824159410726,3.66595489375155,1
2025-11-02 01:45:00,14.8717050146166,10.2445791212524,499.763056651111,0.308114572444444,1.02671944368331,3.66192058148376,1
2025-11-02 02:00:00,14.8605232164625,10.092918990149,497.968486173333,0.309152558888889,1.00823595139095,3.50111360672701,1
2025-11-02 02:15:00,14.8242635069262,10.2760765118524,496.745773613333,0.308006464,1.00753266818289,3.54673184379762,1
2025-11-02 02:30:00,14.7890527226255,10.1908947410157,496.494422835555,0.307724521777778,1.01061261046497,3.5832383916089,1
2025-11-02 02:45:00,14.7884721866788,10.3305304124824,494.075781077778,0.307783900666667,1.00389036725062,3.49159673776527,1
2025-11-02 03:00:00,14.7036901035286,10.359194395507,492.225157211111,0.308019306,0.980213822081136,3.58076966578219,1
2025-11-02 03:15:00,14.7266059169568,10.232863393607,492.302711477778,0.308531918666667,0.965555465778627,3.53988737502223,1
2025-11-02 03:30:00,14.2603620976774,10.1673349341603,491.167765313333,0.307872232666667,0.954966701221052,3.52037167168467,1
2025-11-02 03:45:00,14.0680427040137,10.3910072726203,486.054369011111,0.308323068888889,0.948432935682113,3.4466903179081,1
2025-11-02 04:00:00,14.0071337815648,10.2785000000203,484.0742198,0.306728482,0.940094201540287,3.57567761478001,1
2025-11-02 04:15:00,13.9826310364967,10.362421617137,478.866580166666,0.307027581555555,0.928252922543673,3.36551808524297,1
2025-11-02 04:30:00,13.9568580997085,18.2760763857685,474.37959363111,0.306670303777778,0.910121499210893,3.54183279373618,1
2025-11-02 04:45:00,13.9481826158187,18.0463624660465,464.155452042222,0.305617688666667,0.902547525189329,3.44277199619823,1
2025-11-02 05:00:00,14.0033397554216,18.0402558786664,461.962131699999,0.306133206333333,0.886946754837502,3.53753358950654,1
2025-11-02 05:15:00,13.9413377365239,17.9559471963065,461.660673184444,0.305724610888889,0.451985583357884,3.37871942960276,1
2025-11-02 05:30:00,13.9931810774853,18.7691141755982,453.354101366666,0.306547351,0.42611179069352,3.21440578258831,1
2025-11-02 05:45:00,13.9628709550631,18.2149653320628,444.13362775111,0.303398250666667,0.391680427762275,3.09813186995136,1
2025-11-02 06:00:00,13.9345191923698,18.2225067507188,444.376521008888,0.302955461777778,0.391889020311537,3.37309486776743,1
2025-11-02 06:15:00,13.8970612339298,17.3868543753294,438.479227439999,0.303584113555555,0.387211838465661,3.19267938975166,1
2025-11-02 06:30:00,13.9427105668898,18.0622647664194,438.001388977777,0.303436679777778,0.388330003603303,3.1924302532957,1
2025-11-02 06:45:00,13.8949331835505,17.7243994876714,435.372523282221,0.304026480444444,0.388151067537186,3.10443727222025,1
2025-11-02 07:00:00,13.8955617554779,16.9193233973588,435.973587279999,0.303271189555556,0.384333735974571,3.11920770548967,1
2025-11-02 07:15:00,13.8830968545446,16.6752502902464,435.703244982221,0.303945688222222,0.385030760584441,3.05966017227419,1
2025-11-02 07:30:00,14.5734955605839,16.4498416490945,434.568695386665,0.294753655777778,0.377347048199974,2.99834913247461,1
2025-11-02 07:45:00,13.9479135185624,18.5398128219925,435.226057317777,0.305197044666666,0.379812367469036,2.88890253965017,1
2025-11-02 08:00:00,13.9561089117565,17.6347144027933,435.274810848888,0.305163585,0.381246360844323,2.89988463012814,1
2025-11-02 08:15:00,13.9667848699994,17.7715833998754,434.718239042221,0.304430650666667,0.370493913180003,2.69977743593371,1
2025-11-02 08:30:00,13.9166247207476,19.2475366590612,444.044783244444,0.306473419777778,0.398171659689508,2.81892941482652,1
2025-11-02 08:45:00,13.9558178058468,16.9754825145303,435.252342988888,0.303928560111111,0.370314275463482,2.76982831829957,1
2025-11-02 09:00:00,13.8908352133416,17.0883234355613,435.686070348888,0.304412620222222,0.376875263454145,2.8156894442746,1
2025-11-02 09:15:00,13.9815167453678,17.1418241908026,434.827491435554,0.303930074222222,0.374053190215654,2.73829257247227,1
2025-11-02 09:30:00,13.8930859615357,17.6093815183028,434.167430737776,0.304803286444444,0.366566079805298,2.67005418592472,1
2025-11-02 09:45:00,13.9693297509342,18.4515548138817,434.08891475111,0.305059170888889,0.365356788345149,2.67344863075879,1
2025-11-02 10:00:00,13.938074025952,17.7112070653846,432.52213895111,0.301636827333333,0.37255120839792,2.66023467283614,1
2025-11-02 10:15:00,14.8037266268607,18.328385630656,431.914717742221,0.302744984444445,0.378502348043276,2.68697841080681,1
2025-11-02 10:30:00,14.8817019572427,18.9686425670241,432.46350609111,0.303880660888889,0.999926429697974,2.71730036060179,1
2025-11-02 10:45:00,14.9263090000546,19.2711839073194,432.357955297777,0.305617722444444,1.04439761692049,2.72659164326972,1
2025-11-02 11:00:00,14.9982442578234,20.7914810681609,430.858759773333,0.301790439333333,1.06660717081606,2.61805433381047,1
2025-11-02 11:15:00,14.9150479741686,19.4699888290586,431.434328262222,0.304742060777778,1.05382892313987,2.67419818570497,1
2025-11-02 11:30:00,15.1478294126424,19.7790034163962,430.166931066666,0.301693075555555,1.03765116582724,2.69170862666473,1
2025-11-02 11:45:00,14.9051507494575,19.976186720012,432.71836846,0.306153833666667,1.02517974248113,2.57028172009237,1
2025-11-02 12:00:00,14.9095808116111,20.3527952789367,435.469487471111,0.302908194666667,1.00864033373301,2.62597572805737,1
2025-11-02 12:15:00,14.8371717309583,19.3590593096819,436.11336052,0.304278738777778,1.0321081319949,2.57146899482869,1
2025-11-02 12:30:00,14.8198500486472,18.9388700106118,434.713169815555,0.307642954888889,0.965991469096334,2.54650455460922,1
2025-11-02 12:45:00,14.8212421173464,19.7467449399892,435.518586957778,0.305590701555556,0.980081497389236,2.58097357646297,1
2025-11-02 13:00:00,14.7482942563153,19.8793861264366,436.930542488889,0.304880243111111,0.960292196824368,2.67840722817752,1
2025-11-02 13:15:00,14.7138707901183,19.1892375249081,437.299123028889,0.307377219444445,0.927799166385254,2.62167610146587,1
2025-11-02 13:30:00,14.9517864513483,20.1035987286914,437.852318722222,0.302403868222222,0.914765123211319,2.73176846796172,1
2025-11-02 13:45:00,14.834012084535,19.1040925648079,437.548798677777,0.308926725555556,0.894741480962837,2.6049848386501,1
2025-11-02 14:00:00,14.7778807095909,19.0667395747309,436.524360537778,0.309827690555555,0.896115875470893,2.6055887368386,1
2025-11-02 14:15:00,15.9728241487605,17.9931517599882,441.808827228888,0.299856043333333,0.480714339460068,2.55871749382452,1
2025-11-02 14:30:00,15.1611690453753,18.2324116733965,491.483359984444,0.307884689333333,1.05306351176478,2.7007013939999,1
2025-11-02 14:45:00,14.9798600003899,19.3224486496128,506.102176135556,0.312347837777778,1.25664336091452,2.62481959078222,1
2025-11-02 15:00:00,15.1503975476558,20.6875424061464,542.960734412106,0.312071118194444,1.44501869513083,2.56710529200655,1
2025-11-02 15:15:00,14.9400437178143,20.1123879211986,551.293098967086,0.313774272194444,1.47637058287076,2.62613989806757,1
2025-11-02 15:30:00,14.9544599842736,21.2775657600159,563.252447957623,0.310439599666667,1.48619062552688,2.60332097040732,1
2025-11-02 15:45:00,15.1290756851076,21.2852316287397,554.219211247534,0.312261120777778,1.44000273995462,2.7219078770898,1
2025-11-02 16:00:00,15.0073904309449,20.1716637851122,564.130005069602,0.314040963,1.50778427693017,2.73164550006572,1
2025-11-02 16:15:00,15.1692653592395,20.660384623674,578.475139866756,0.310787449888889,1.55983000816265,2.61328189561014,1
2025-11-02 16:30:00,14.9314215927358,20.7867355271129,587.936635003123,0.309095846333333,1.54886335710792,2.73046454350397,1
2025-11-02 16:45:00,15.1325230486595,20.7545449539999,581.734936504099,0.307543039888889,1.49639492141687,2.747616222048,1
2025-11-02 17:00:00,15.1466083644832,20.7802555947104,586.865669847068,0.309534024555556,1.48177844832644,2.63056984281674,1
2025-11-02 17:15:00,15.3223078745522,19.7417362237744,631.072644597276,0.306366397666667,1.54084572995713,2.64292722537297,1
2025-11-02 17:30:00,14.962790313933,20.2378684075714,603.455795382832,0.312636558111111,1.46128843700347,2.77516664375781,1
2025-11-02 17:45:00,14.9723248671738,20.1459980821718,577.062892554027,0.310826191888889,1.36658913625975,2.72090836525549,1
2025-11-02 18:00:00,14.9621217444123,20.0679225958954,570.372578031983,0.311868389444445,1.31740302417421,2.644196779327,1
2025-11-02 18:15:00,15.1317968144017,19.9108617455866,570.053454947889,0.306112417444445,1.30273831893629,2.72310097341395,1
2025-11-02 18:30:00,15.1624038067225,20.0487166026172,564.536734084449,0.304514851,1.28341306110423,2.71528357017955,1
2025-11-02 18:45:00,15.1302077804099,20.0466489141223,557.998743272554,0.303908666555556,1.26589555200727,2.68020236413237,1
2025-11-02 19:00:00,15.1005101552187,18.3584129241719,549.064221466074,0.307253962416667,1.23364135567428,2.63293655092095,1
2025-11-02 19:15:00,14.9254768280306,19.2734481465984,517.269816417778,0.310532267638889,1.21326419222114,2.63191454822466,1
2025-11-02 19:30:00,15.1242392798765,19.5623690136081,514.360406262223,0.305931903527778,1.17395239270174,2.67293866959052,1
2025-11-02 19:45:00,14.9395227779491,19.5053858995373,510.259398644445,0.310262031638889,1.15475654750765,2.61139382073872,1
2025-11-02 20:00:00,15.1432917907033,19.2882159920381,507.264818053334,0.302374545861111,1.10593538503558,2.71054991318277,1
2025-11-02 20:15:00,14.959889088424,19.6836943556437,505.094030455556,0.306285285333333,1.0855665777399,2.60702791905443,1
2025-11-02 20:30:00,15.1690543312803,19.1074773282341,499.536677542222,0.305014575555556,1.05450745460293,2.75169685791975,1
2025-11-02 20:45:00,14.8954903836107,10.275313336319,496.604229017777,0.311936069333333,1.02674860159671,2.61921330405806,1
2025-11-02 21:00:00,15.1258876154581,10.1901315654824,495.505700537778,0.305622196666667,1.0065464516741,2.57079138552324,1
2025-11-02 21:15:00,15.0068375504862,10.329767236949,493.594694257778,0.307278988888889,0.99253969354418,2.57542570060536,1
2025-11-02 21:30:00,14.9166389874059,10.3584312199737,491.951556288889,0.309915529777778,0.978619437598774,2.60213839319735,1
2025-11-02 21:45:00,14.7707792678827,10.2575274954503,491.202579886666,0.310155485666667,0.967792220088636,2.66903406051663,1
2025-11-02 22:00:00,14.4486635813206,10.3809942232203,484.044581831111,0.309383828222222,0.949332332429222,2.66568622458768,1
2025-11-02 22:15:00,14.1416039481132,10.455441405027,479.463845255555,0.306462204,0.938512800701436,2.61746771234488,1
2025-11-02 22:30:00,14.0232244670537,18.3554522387512,473.402319222221,0.308098510111111,0.918164250997359,2.57729950164094,1
2025-11-02 22:45:00,13.9639431076048,18.4531557729603,464.040880955555,0.309878398444444,0.913928326766146,2.63909774187253,1
2025-11-02 23:00:00,14.0380231152752,17.6122618593722,461.377463106666,0.306613414888889,0.451478022009426,2.65008090052217,1
2025-11-02 23:15:00,13.9653615411461,17.8916043639847,453.969810275555,0.308320132555555,0.417156479534282,2.66877820690257,1
2025-11-02 23:30:00,14.0895555305685,18.5661465717716,442.530055342221,0.304428244222222,0.386529229852091,2.68118572719781,1
2025-11-02 23:45:00,13.9794450271905,18.2980290245251,438.585179182221,0.308133598444444,0.387156766349051,2.64712142103098,1
2025-11-03 00:00:00,14.0778287670478,18.185690286163,437.880716733332,0.304407042888889,0.386925116202944,2.74834724516414,1
2025-11-03 00:15:00,13.907553410512,17.8220089352571,438.104702617776,0.305795041777778,0.3869164968712,2.72667615570277,1
2025-11-03 00:30:00,13.9587975928202,18.1984805205432,436.598616035554,0.305756391777778,0.38870257343474,2.70465876958887,1
2025-11-03 00:45:00,14.0303893104071,17.3422292564253,435.194199239999,0.304208058222222,0.386011014485044,2.6935764334985,1
2025-11-03 01:00:00,13.9384824429431,17.551935387455,435.73015991111,0.305229158,0.386463072152181,2.91505039809298,1
2025-11-03 01:15:00,13.9860278889357,18.2943592782305,435.546315804443,0.305780588222222,0.38730605777333,3.00939603998827,1
2025-11-03 01:30:00,13.9718182678276,17.8809456370963,435.635244337777,0.305346917666667,0.385629281883418,3.20001786616709,1
2025-11-03 01:45:00,13.9441732958498,17.8903375017912,435.563879457777,0.305833359777778,0.386831841897596,3.12789574876131,1
2025-11-03 02:00:00,13.9590018782691,18.0149183591101,435.422336388888,0.306332486222222,0.383127435864809,2.98965071255451,1
2025-11-03 02:15:00,13.9033357693194,17.9290667681297,435.106836368888,0.303958008666667,0.38162196259082,2.98171521316046,1
2025-11-03 02:30:00,13.9055399008942,18.0068376714166,435.274491815554,0.305036687111111,0.3748387770992,3.02434706363145,1
2025-11-03 02:45:00,13.9069868971728,17.7493233433986,434.54916083111,0.305527915333333,0.371911106463141,2.94482268553669,1
2025-11-03 03:00:00,13.9550053154528,18.4010142067375,433.360283524443,0.305526864222222,0.371595505118074,2.96679400175796,1
2025-11-03 03:15:00,13.9055280329802,17.7809202024229,432.75802217111,0.304012362666667,0.371988160268005,2.80752731045639,1
2025-11-03 03:30:00,13.9255439540957,17.9885949159712,432.446355799999,0.304892457333333,0.371408209401137,2.79144602752132,1
2025-11-03 03:45:00,13.8961759285816,17.9375416284045,432.534893717777,0.305196807777778,0.367684802419815,2.91534851709568,1
2025-11-03 04:00:00,13.8037027837876,16.5942924715548,432.404332699999,0.304464208666667,0.365228628621935,2.78542945580443,1
2025-11-03 04:15:00,13.921683034355,18.0292571215617,432.427415162221,0.305199390444444,0.36728086481533,2.7157573464106,1
2025-11-03 04:30:00,14.0012447949757,17.4208723180457,430.30046887111,0.302945626666667,0.36516643997252,2.86376796797043,1
2025-11-03 04:45:00,13.8847091978853,17.8834378821442,430.229913617777,0.304945034888889,0.365586150967449,2.81429517325383,1
2025-11-03 05:00:00,13.9200667236424,17.8612376616715,430.689278224444,0.305372709555556,0.365586150967449,2.88360027364925,1
2025-11-03 05:15:00,13.8925896638379,17.1870968178051,429.721012944443,0.304552704666667,0.362438883626122,2.73997989707893,1
2025-11-03 05:30:00,13.9216010876053,18.6864068565907,429.465844193332,0.303865130444444,0.364668459359504,2.96538496607124,1
2025-11-03 05:45:00,14.1947217680135,16.9886445907524,428.83081663111,0.301723625555556,0.362542928063339,2.7055621849191,1
2025-11-03 06:00:00,13.8954620752602,16.8588069644672,429.76327187111,0.306660757777778,0.362679735576258,2.81723474610373,1
2025-11-03 06:15:00,13.8398583635122,16.6487916099766,434.235644973333,0.30400414,0.344503295301758,2.78121259518416,1
2025-11-03 06:30:00,13.874148960355,18.1477675211236,435.067772468889,0.305828875555555,0.341469583780804,2.64483521620193,1
2025-11-03 06:45:00,13.9013491249654,18.400674820187,435.540791808889,0.303315657111111,0.35106973818925,2.61617667002698,1
2025-11-03 07:00:00,14.0064248316557,16.5634424499567,434.590642242222,0.302584949555555,0.345836061047306,2.55628297375534,1
2025-11-03 07:15:00,14.0573564124231,17.6259139516889,434.385642617778,0.302119236222222,0.344582066850015,2.5775723777464,1
2025-11-03 07:30:00,14.0108756585491,16.6665977758077,434.45958942,0.301830832,0.343741907324725,2.5761293191638,1
2025-11-03 07:45:00,14.0352119108053,18.0200543004943,434.217687637778,0.304176330444444,0.343297299053661,2.59275827182384,1
2025-11-03 08:00:00,14.003899599472,16.4111982600811,434.663200097778,0.305514983444444,0.341004654304973,2.53801064214548,1
2025-11-03 08:15:00,14.3432762983184,16.3959770902092,433.505810884444,0.297910707111112,0.340505820173426,2.53031244763175,1
2025-11-03 08:30:00,14.0407613747876,17.8070156506109,433.761531375555,0.303356551777778,0.343391147087283,2.51743326808245,1
2025-11-03 08:45:00,14.0205860234661,17.1383145827767,432.397635215555,0.304274262333333,0.341413524721615,2.52533664541705,1
2025-11-03 09:00:00,14.0329710810409,16.8288972794317,430.455164744444,0.303450833111111,0.371707757303055,2.5260987346724,1
2025-11-03 09:15:00,15.0132027374694,18.509394510745,435.280959915554,0.305289228888889,0.398281871313096,2.51669757702273,1
2025-11-03 09:30:00,15.1249129104607,17.8629044914591,431.957410337776,0.300656184888889,0.938992724764265,2.53976646382172,1
2025-11-03 09:45:00,15.1668337914975,17.8814514430101,434.863259346665,0.303016691111111,0.944852086416711,2.52592651001325,1
2025-11-03 10:00:00,15.2727543290116,18.1455098768639,433.933512042221,0.300049631777778,0.947150246428195,2.56013727695996,1
2025-11-03 10:15:00,15.3971359645787,18.3279459410567,432.136645933332,0.300002848666667,0.935121348860044,2.62857951264503,1
2025-11-03 10:30:00,15.4247018195543,18.3270632086399,434.333325802221,0.296182328666667,0.950760015296965,2.61710903236622,1
2025-11-03 10:45:00,15.4634447708306,18.0304824399535,434.904905004443,0.300807606666667,0.983211306532047,2.53708484667491,1
2025-11-03 11:00:00,15.6540064845089,18.4968530874379,434.58927975111,0.298262146222222,0.979666507059057,2.49707403511668,1
2025-11-03 11:15:00,15.2678460788447,18.7641085374779,489.917215586666,0.303409658444445,1.04745467906895,2.51193556875237,1
2025-11-03 11:30:00,15.2223860512736,18.7469256073577,496.224679573333,0.306628560666667,1.06970803285622,2.55723311301746,1
2025-11-03 11:45:00,15.1913035787143,18.1078891625227,507.204679195556,0.305365158305556,1.14747865137334,2.54356977763327,1
2025-11-03 12:00:00,15.1972891421022,17.9115169051209,558.48086988463,0.303953282111111,1.24009372819735,2.52787233255457,1
2025-11-03 12:15:00,15.2125837881096,18.0656485339274,549.490310355319,0.305954582861111,1.21272345512765,2.54268564497375,1
2025-11-03 12:30:00,15.0994387414698,16.9934505951737,554.084937131822,0.30891883575,1.21730376600318,2.56758687044765,1
2025-11-03 12:45:00,15.1636520923936,17.6061067688335,566.886270173505,0.307136504555556,1.24514032067723,2.59104406342534,1
2025-11-03 13:00:00,15.2250675387832,17.4415319940862,572.354548989226,0.311794239666667,1.29228778666561,2.53016297864752,1
2025-11-03 13:15:00,15.1939776738854,17.825161203519,587.068264351444,0.309411104111111,1.42999440022393,2.53500756043232,1
2025-11-03 13:30:00,15.1598313412535,18.3342051314488,600.223584521986,0.308489443,1.53737864404322,2.58550338724973,1
2025-11-03 13:45:00,15.1510304792328,18.7302260110285,609.662209739236,0.307318612111111,1.57199484223148,2.55886262495514,1
2025-11-03 14:00:00,15.1455780961558,18.424704222602,637.659590245376,0.307571634333333,1.60112030368433,2.53503629675475,1
2025-11-03 14:15:00,15.1711362818417,18.882319951915,642.365885588202,0.310835623888889,1.58772044334754,2.5261576295794,1
2025-11-03 14:30:00,15.1684467286402,19.5353570312784,659.100294184299,0.309391112333333,1.59141391287554,2.55655708166545,1
2025-11-03 14:45:00,15.1356157518239,18.1037441823243,682.473517589767,0.306516898555556,1.62947145294294,2.62827789455076,1
2025-11-03 15:00:00,15.1995302491632,18.530945971914,675.069315751726,0.307888190111111,1.63447465989474,2.58327033153036,1
2025-11-03 15:15:00,15.1719331421587,18.7586303273138,674.545053569372,0.308417658111111,1.6904787629923,2.66514872458994,1
2025-11-03 15:30:00,15.0053063978723,17.7878379280143,682.672373083915,0.314989909,1.70324021044207,2.68978349970143,1
2025-11-03 15:45:00,15.0249229322271,19.102109092065,678.065935717516,0.312540441888889,1.70898702042167,2.60114959564378,1
2025-11-03 16:00:00,15.0020371819012,19.5199699365948,681.584024159148,0.312927529,1.72280600881492,2.53416290627202,1
2025-11-03 16:15:00,15.2034497399802,18.6376211067,691.141057390455,0.309816297,1.75276608487049,2.53452345629092,1
2025-11-03 16:30:00,15.0223827368953,17.7816201921728,686.708967742804,0.312006138555556,1.74255206556125,2.56602958973994,1
2025-11-03 16:45:00,14.9214255770454,18.8654938148344,680.766406357441,0.313582421666667,1.70522244965149,2.63863162559173,1
2025-11-03 17:00:00,15.1479244777387,18.1010833071797,640.271763416011,0.316789226666667,1.48093129211035,2.60515408416744,1
2025-11-03 17:15:00,15.4429488558257,17.6036370633056,610.593289951989,0.316859703111111,1.27495324734818,2.50149642584979,1
2025-11-03 17:30:00,21.8321248336919,10.3356731203524,595.800571732905,0.314546227888889,1.03009309967918,2.45440426511922,1
2025-11-03 17:45:00,22.2374241203556,10.3375853249391,601.237473086362,0.318986548555556,0.99787870195213,2.45993101559025,2
2025-11-03 18:00:00,23.2023320314919,18.6101416154837,595.200507327157,0.322508392111111,0.944631366247514,2.59619753827971,2
2025-11-03 18:15:00,22.8692407936134,19.2317347743915,582.455320593907,0.324891587222222,0.931900763790015,2.91015460030365,2
2025-11-03 18:30:00,22.3236719627926,21.6774289644929,566.875207276173,0.319587754888889,0.99444092522479,3.16824652288835,2
2025-11-03 18:45:00,21.9779246376993,21.2936989488626,561.608194583335,0.316013433333333,0.947181299749367,3.41538442650418,2
2025-11-03 19:00:00,21.7054133724208,19.9153790369953,543.420567604363,0.317928378861111,0.866417351221089,3.45407668810405,2
2025-11-03 19:15:00,21.6821934736208,10.255791372562,517.087844614814,0.315035894194444,0.845155005506698,3.3701818302626,2
2025-11-03 19:30:00,21.7217226602787,10.1071062109866,517.037061028889,0.31796407375,0.865408122027552,3.41408541021118,2
2025-11-03 19:45:00,21.9238462848254,18.9256310040487,518.419462737778,0.318352367527778,0.90146908596537,3.43177786043868,2
2025-11-03 20:00:00,19.1010598918756,18.3017133246911,520.606142466667,0.317631509416667,0.948520953987787,3.2946406758945,2
2025-11-03 20:15:00,17.144407069928,18.7422788248352,519.46407516,0.314686704527778,0.986986076330523,3.38040318213998,2
2025-11-03 20:30:00,16.5799329255991,18.9936018978831,518.911257384445,0.316298098527778,1.01576077490594,3.4245993911633,2
2025-11-03 20:45:00,16.581784491202,19.038368009984,518.917868615556,0.313912402861112,1.02038918019115,3.4172564083876,2
2025-11-03 21:00:00,16.4751836746949,17.9994738345174,516.120295231112,0.313263663083333,1.03496619139146,3.49050847164115,2
2025-11-03 21:15:00,16.5608384778983,18.3687310536957,516.235759193334,0.312307712305556,1.04922495186846,3.3992157699244,2
2025-11-03 21:30:00,16.2735936216976,18.3370215089149,512.264798328889,0.310097940861111,1.05483880085536,3.31289536347201,2
2025-11-03 21:45:00,16.2545551315887,18.6857615723555,511.393353580001,0.305696044194444,1.06414061894435,3.35404702721137,2
2025-11-03 22:00:00,16.1758886842175,18.4868888015042,508.248916311112,0.306387255638889,1.06363489048507,3.14346514233398,2
2025-11-03 22:15:00,16.0298672322185,18.9493962110393,507.258085022223,0.305995186083334,1.07678229471901,3.19428530555295,2
2025-11-03 22:30:00,15.3710270578514,18.2051230932612,507.147404735556,0.314134984305556,1.07156645279007,3.25119655378094,2
2025-11-03 22:45:00,15.3801131944292,18.512403191964,506.949107788889,0.310369206444445,1.0676223224936,3.19416867302637,2
2025-11-03 23:00:00,15.3670303411284,19.9641626755485,505.746992044445,0.308779049777778,1.07755070766276,3.08978337045146,2
2025-11-03 23:15:00,15.9409597571131,18.5608074124501,504.829153895556,0.306666802,1.05414138334855,3.13408127546318,2
2025-11-03 23:30:00,15.3374676931233,18.4163876345664,502.683414537778,0.310371874666667,1.06972735805472,3.15615583897266,2
2025-11-03 23:45:00,15.2123189654716,18.8291507006987,498.34022416,0.313819602444444,1.06139582693061,3.2471005293527,2
2025-11-04 00:00:00,15.2108691646716,18.8776971902377,497.092306811111,0.312547865333333,1.05754913638066,3.1554859477832,1
2025-11-04 00:15:00,15.1030008611959,19.0353622738686,496.790151415555,0.314076481333333,1.06022518447596,3.10218653775747,1
2025-11-04 00:30:00,15.1102735497218,20.1465615979129,496.493632286666,0.310250570888889,1.06094338378726,3.20803175344882,1
2025-11-04 00:45:00,15.1193199783796,19.7998506674164,494.199531644444,0.310750440222222,1.05110097209454,3.17050135771287,1
2025-11-04 01:00:00,15.1327526102314,19.9809291737085,493.453721575555,0.310683174888889,1.0408844521357,3.1825312459503,1
2025-11-04 01:15:00,15.0984232187049,19.5891544771343,492.562356373333,0.311042690666667,1.03211986085479,3.04114440821166,1
2025-11-04 01:30:00,15.1427527677968,19.3765591906816,492.037229771111,0.310154195888889,1.01401225719734,3.09473136382645,1
2025-11-04 01:45:00,15.0645409909523,18.9260417216904,491.471740266666,0.310605369333333,1.0181218398626,2.95562932723035,1
2025-11-04 02:00:00,15.0936960096397,19.5250803877915,486.987421139999,0.308063703777778,1.01021361437596,3.04241284068599,1
2025-11-04 02:15:00,15.1250345022072,18.863475625495,483.819373646666,0.308644754333333,0.990107470589354,2.9817215893569,1
2025-11-04 02:30:00,15.0780921480383,17.7754785665355,483.277827891111,0.308156438222222,0.989290611928427,2.87867865225896,1
2025-11-04 02:45:00,15.0754656110664,19.4872005563146,482.053624633333,0.304983829333333,0.998520157627925,2.89578019200905,1
2025-11-04 03:00:00,15.0446132925583,19.204965923432,478.330198179999,0.306033479333333,0.999870985030817,2.91641052498901,1
2025-11-04 03:15:00,15.0539298616175,19.6308836642042,476.716408664444,0.306161468,0.975583949754524,2.93691604020232,1
2025-11-04 03:30:00,15.0933579963983,18.9299220519073,472.516363864444,0.308165371,0.960631725196837,2.85523169533804,1
2025-11-04 03:45:00,15.0726010488842,19.3146414132643,462.578441728888,0.306264044222222,0.953958523008625,2.83422039154962,1
2025-11-04 04:00:00,15.1232516473805,19.6745448606135,462.017504126666,0.304568842111111,0.949269085400539,2.76660341026713,1
2025-11-04 04:15:00,15.0710727727849,18.734563991349,461.922607635555,0.305994784222222,0.944833114910751,2.7513284118091,1
2025-11-04 04:30:00,14.9959753144412,19.5086121746558,459.187569664444,0.305238046888889,0.943185125853953,2.79298338631788,1
2025-11-04 04:45:00,14.9346008756279,18.4712105007612,456.92584309111,0.307202777111111,0.468773782266734,2.7801507957892,1
2025-11-04 05:00:00,14.847566518822,19.6802754847471,445.312224477777,0.301882371777778,0.927399992837124,2.76827413577992,1
2025-11-04 05:15:00,14.5622420211974,18.6031077435347,443.679003128888,0.302834961555556,0.440329117473871,2.87901224785178,1
2025-11-04 05:30:00,14.2890394926759,18.4424505704587,443.993771884443,0.303625673333333,0.429524534297611,2.75232541113297,1
2025-11-04 05:45:00,14.2975924110566,19.471206223586,443.499766679999,0.302900897777778,0.429596729450699,2.78505307539396,1
2025-11-04 06:00:00,14.1884318504255,18.9588692830136,438.183946226665,0.303475817555555,0.428360466302752,2.66962397498786,1
2025-11-04 06:15:00,14.2534730129678,18.3300504639943,437.501311622221,0.303410006333333,0.393914994977381,2.64759911007511,1
2025-11-04 06:30:00,14.1703021581144,19.0834875210907,437.647098422221,0.304330485333333,0.42826202051343,2.71621847935043,1
2025-11-04 06:45:00,14.3847542952667,20.3913762683505,433.045122895554,0.302918324444444,0.898194250992758,2.68958089914809,1
2025-11-04 07:00:00,14.8957374898216,19.8930858490825,432.842195348888,0.311952117666667,0.785892769105004,2.59514319031869,1
2025-11-04 07:15:00,15.1407057764403,19.2333708185373,433.278207046666,0.308369822555556,0.634722673140224,2.76011255233326,1
2025-11-04 07:30:00,15.5604069673975,18.8408532481051,433.04448409111,0.305886706638889,0.525558231530619,2.8526159445964,1
2025-11-04 07:45:00,15.5295763155279,17.7962636841457,432.986216335555,0.306596958861111,0.486239765340249,2.98616027753138,1
2025-11-04 08:00:00,15.8486841796333,17.6371673355784,429.69748913111,0.302405970111111,0.460937852177844,3.28223793990372,1
2025-11-04 08:15:00,16.7042337783063,17.3061172548069,433.514911568888,0.308510480222222,0.43773536585098,3.26397817172755,1
2025-11-04 08:30:00,16.7353377890124,15.6841941717167,427.177279224443,0.307509137777778,0.325752426799238,3.50338184921619,1
2025-11-04 08:45:00,17.2818244192341,17.0359810455854,435.706128991111,0.309428228777778,0.416429022025342,3.65938646042256,1
2025-11-04 09:00:00,17.7341971372444,16.6650365326756,436.470006902222,0.308546124666667,0.435405923591576,3.81238758777524,1
2025-11-04 09:15:00,18.8831824151304,16.3752312821992,439.117775226667,0.309346923777778,0.388695165618336,3.81831430645637,2
2025-11-04 09:30:00,19.3128535406919,10.2951446980033,444.605610097778,0.307137164222222,0.541265260183332,3.89352377400158,2
2025-11-04 09:45:00,18.9983808026978,17.0829193701196,444.903226635556,0.304531203555556,0.539823709221848,4.00417665660677,2
2025-11-04 10:00:00,20.4559741366415,16.6708675848169,442.46805734,0.307733900666667,0.445357777448989,3.88918393842777,2
2025-11-04 10:15:00,18.3126305307363,16.5931051177736,445.795285051111,0.308079307555556,0.528766440629287,3.80036976059061,2
2025-11-04 10:30:00,20.5286408614948,10.4000075972434,442.909146395555,0.306024013555556,0.416844723777163,3.85876808570826,2
2025-11-04 10:45:00,18.1939628816933,9.96692526943667,445.126031124444,0.310391202888889,0.396346570839467,3.83547352445338,2
2025-11-04 11:00:00,18.1406504844978,15.1181716221914,447.279135695556,0.312885910444445,0.425285160028174,3.8197932112578,2
2025-11-04 11:15:00,20.6431751930978,10.1543227348733,452.765648411111,0.305425866666667,0.424856321167795,3.56788316795636,2
2025-11-04 11:30:00,22.3473377157054,16.3539394161107,469.667810117777,0.308635717555556,0.776387316097035,3.52359033293909,2
2025-11-04 11:45:00,22.4839594972548,10.2674555326979,484.577333733333,0.313230405111111,0.889325057589786,3.33519637732634,2
2025-11-04 12:00:00,22.5602450979645,9.99494352684789,495.34603002,0.312629646666667,0.822237668771288,3.55676211485301,2
2025-11-04 12:15:00,22.6630817569676,10.2227673394679,505.774219017778,0.308974007555556,0.815341833382738,3.44641151529003,2
2025-11-04 12:30:00,23.2018197176003,16.5798112641793,508.174789773334,0.31781508475,0.848522503053492,3.38851386525996,2
2025-11-04 12:45:00,23.4010385419218,16.9683858054189,512.593122882222,0.316150664305556,0.940200544389575,3.36327240916475,2
2025-11-04 13:00:00,23.6182734736343,10.3970622209212,519.34358738,0.31725795375,0.858020723140532,3.48137968731152,2
2025-11-04 13:15:00,23.2987883051203,10.1767043011079,519.033629746667,0.319422774194445,0.829002463356407,3.37280886216509,2
2025-11-04 13:30:00,22.7010933536891,9.40225554673643,520.931793964444,0.312519273083334,0.815645484578495,3.27163074816995,2
2025-11-04 13:45:00,23.5575060616152,10.0049457834305,519.564367293333,0.312834071527778,0.774822340092827,3.12254343058606,2
2025-11-04 14:00:00,22.3662804186331,9.48640361783678,519.016439275556,0.31055921975,0.709768113837789,3.13577480356019,2
2025-11-04 14:15:00,22.2713180297141,9.27099428034968,517.070101155555,0.31191923575,0.678790045008442,3.13115936544689,2
2025-11-04 14:30:00,22.4495567166538,9.86736256405921,519.557070031111,0.311989036361111,0.692476706047804,3.07373128182449,2
2025-11-04 14:45:00,22.7731952099822,10.0822136498205,520.615275284444,0.313837725027778,0.716816230814869,3.33857315080178,2
2025-11-04 15:00:00,22.6518918890639,9.92853163689678,516.30711254,0.308718672194444,0.700754882370636,3.18961744643725,2
2025-11-04 15:15:00,22.3512629495319,9.61805691039567,579.047374522633,0.315190319222222,0.768466628371829,3.20022154464835,2
2025-11-04 15:30:00,22.2426463328625,9.80098029335717,596.857085492934,0.311193514777778,0.826285866022554,3.27300297552777,2
2025-11-04 15:45:00,21.6945140947044,9.92115484533717,597.552441174272,0.320315721666667,0.876880310514146,3.13390146639382,2
2025-11-04 16:00:00,23.3588922426003,15.917109410223,576.563398005272,0.316791158111111,1.0818686691276,3.234702781188,2
2025-11-04 16:15:00,22.6162360525852,16.3479123338353,566.818930435772,0.311862462111111,1.01743345470432,3.21840327821016,2
2025-11-04 16:30:00,23.2720230600491,10.4449054943646,554.021189292811,0.315945124333333,0.929106002868998,3.16265552751574,2
2025-11-04 16:45:00,23.2706240160477,15.7091821272922,558.081770460515,0.317124763,0.951269803750439,3.30526829340524,2
2025-11-04 17:00:00,23.0156310897987,10.3456006745612,558.839199214799,0.318395800444444,0.947942194525186,3.18830381202053,2
2025-11-04 17:15:00,22.9175859899482,10.3823084677779,559.588441360271,0.312942245777778,0.961632748136975,3.18965705167931,2
2025-11-04 17:30:00,22.3094953155128,10.3295521935879,559.882063943511,0.316692645222222,0.959971016564937,3.23890323766206,2
2025-11-04 17:45:00,22.4013617602269,15.8878359970079,556.05881165657,0.318462123222222,0.971967677581824,3.41580553205989,2
2025-11-04 18:00:00,23.2935761154476,16.1312861569042,556.959002536444,0.325633564777777,0.967806946500196,3.4793156397122,2
2025-11-04 18:15:00,22.7946120872743,17.6207286055842,556.035380754659,0.318982892111111,1.10819379464328,3.46485248349827,2
2025-11-04 18:30:00,22.4833687179645,18.7560501334452,549.989635109385,0.320199952194445,1.03740347999083,3.69106255307724,2
2025-11-04 18:45:00,22.1960387409943,17.8558303330964,517.281967268148,0.317015541083333,0.948254514369237,3.76050506138337,2
2025-11-04 19:00:00,22.0650495636283,17.2037853769392,506.210767132592,0.318216530194445,0.871586286042842,3.88573291533756,2
2025-11-04 19:15:00,21.8263102776268,16.9455643421817,515.699294041481,0.316108027305555,0.894634389146126,3.73938434238948,2
2025-11-04 19:30:00,21.8460500559809,16.4767605153971,556.304538861266,0.316787337222222,0.934287910768363,3.74665757982603,2
2025-11-04 19:45:00,19.2037119483824,16.5095240825254,557.843326673573,0.316007657333334,0.964604534685033,3.78045865456097,2
2025-11-04 20:00:00,18.2973101823156,17.5963572548861,562.262429769792,0.313670748444445,0.999986419843901,3.84066270552519,2
2025-11-04 20:15:00,16.9608525754272,16.6234229541505,566.191564236128,0.316157744666667,1.04103170931651,3.77742992150032,2
2025-11-04 20:30:00,16.6597115920154,16.1174922596953,569.385260338035,0.31692504,1.06410640705214,3.71132985317292,2
2025-11-04 20:45:00,16.6125537685131,17.0796509628629,570.272233355922,0.316644623222222,1.09325165628766,3.79128172303474,2
2025-11-04 21:00:00,16.607162469282,17.7529181708653,569.216456532241,0.316206690111111,1.0972657953037,3.93811130660829,2
2025-11-04 21:15:00,16.2964620537916,17.8673002167267,574.38168685759,0.313547185444445,1.13196295652805,3.76301221822532,2
2025-11-04 21:30:00,16.2967330080371,17.385532705666,572.392106237466,0.314198785,1.13669103879698,3.74261456400591,2
2025-11-04 21:45:00,16.2790902514768,17.285241882902,568.821288007151,0.314541587888889,1.13421858356521,3.81512711384,2
2025-11-04 22:00:00,15.9289212333892,18.5039653508347,567.453405176555,0.312924252555556,1.15723058383143,3.79295821719737,2
2025-11-04 22:15:00,16.1020847373354,18.4033665047404,562.677597852524,0.309976921,1.1637736228619,3.85086999411595,2
2025-11-04 22:30:00,15.4873792761405,17.8094054553397,557.153422817886,0.312775769,1.17456580971292,3.89857230661855,2
2025-11-04 22:45:00,15.4740567792001,19.3687703218257,553.646088662378,0.316216183527778,1.19238880612345,3.79708783500892,2
2025-11-04 23:00:00,15.4725156118823,17.7579351676829,550.34752288303,0.314955521972223,1.18485476389865,3.71689793713289,2
2025-11-04 23:15:00,15.177371659086,19.7066782548965,546.549619251802,0.318559097305556,1.19828547807596,3.83250014959801,2
2025-11-04 23:30:00,15.1679577697112,18.1147051111063,518.162312566667,0.317720433416667,1.18006365212884,3.8879562066654,2
2025-11-04 23:45:00,15.4823981223035,17.8798686568548,517.466600795556,0.313620718416667,1.16487723046244,3.87602235040673,2
2025-11-05 00:00:00,15.4895483182235,18.3034896828383,516.876890831111,0.312453032194445,1.16017087223768,3.87097665794493,2
2025-11-05 00:15:00,15.1852677551156,18.0212857977875,516.24857138,0.315994567083333,1.15341647807283,3.96314896573728,2
2025-11-05 00:30:00,15.1322848207912,17.8710047998162,511.887930497778,0.31660245275,1.14612688378253,4.03557718706534,2
2025-11-05 00:45:00,15.1144894308608,18.3903793843357,511.967147124445,0.315981162194444,1.13669810037657,3.93665458613816,1
2025-11-05 01:00:00,15.2648359753758,19.8307507829573,511.150308777778,0.314334835972222,1.11569799629627,3.98583970844428,1
2025-11-05 01:15:00,15.1788630830889,19.0034805437582,508.154623482223,0.316533135972222,1.10918695998191,4.04785510845736,1
2025-11-05 01:30:00,15.1647802639734,19.6713935010432,507.35475302,0.316509941083333,1.11411258480626,4.17444811644696,1
2025-11-05 01:45:00,15.1465400789579,18.5079881526681,506.686555246667,0.314077202444444,1.09937614037752,3.99896794819652,1
2025-11-05 02:00:00,15.2203816247001,18.3759230499431,506.705758586667,0.314672293,1.08138757451835,4.12615627686481,1
2025-11-05 02:15:00,15.2209875039446,18.3590781044299,504.482072197778,0.314225477666667,1.06493648397954,4.22702977891208,1
2025-11-05 02:30:00,15.4871667616451,17.2179518219427,502.812568444445,0.311310675333333,1.04483376851409,4.21290441857416,1
2025-11-05 02:45:00,15.2895814117946,19.0490972273666,502.157063188889,0.313500413111111,1.0468319435268,4.19868754973323,1
2025-11-05 03:00:00,15.230543825389,18.9061042037568,497.884870195555,0.314311161777778,1.04846286707932,4.20498645015759,1
2025-11-05 03:15:00,15.1487358859677,19.1185337041201,496.463533319999,0.318511151333333,1.04200177149175,4.14654727817832,1
2025-11-05 03:30:00,15.1794348108314,18.5520796224107,495.988934971111,0.317419393555556,1.02540277313924,4.26180148975272,1
2025-11-05 03:45:00,15.4980259749216,18.1563545798218,493.951707264444,0.312034001111111,1.004548693233,4.18405981859086,1
2025-11-05 04:00:00,15.1397706003248,18.21569208878,493.228775146667,0.31558461,1.00473772526176,4.29390165117628,1
2025-11-05 04:15:00,15.231629763619,17.953017795258,492.129708122222,0.314396980888889,0.987969036092906,4.13079985797638,1
2025-11-05 04:30:00,15.1844203984842,18.7357075226465,491.33833446,0.314190950777778,0.985572366601984,4.37312903790568,1
2025-11-05 04:45:00,15.129732708416,17.9240837608441,488.356339277777,0.316426743333333,0.980100210543957,4.19110198695494,1
2025-11-05 05:00:00,15.1579303421331,17.7172334390916,483.886006506666,0.315986747444444,0.970872780882216,4.43179771032071,1
2025-11-05 05:15:00,15.1487753921746,17.3134679228203,483.055450499999,0.314507199444444,0.959044274158111,4.20686015032497,1
2025-11-05 05:30:00,15.1516756607035,17.7344766756876,478.582595762222,0.314299716777778,0.949254440974522,4.32966267455642,1
2025-11-05 05:45:00,15.167384657659,17.0292377358061,475.396146253333,0.313630312222222,0.936143507131416,4.40592694059699,1
2025-11-05 06:00:00,15.1178418964501,17.5789652721472,473.130303533333,0.314087305111111,0.949935993849437,4.18050804050064,1
2025-11-05 06:15:00,15.4699952137284,17.3566160292897,466.971683713333,0.309784228222222,0.91917238446879,4.3274324891347,1
2025-11-05 06:30:00,15.2237998077748,17.7052358021101,461.546904217777,0.314087551777778,0.916990327246808,4.27576157404471,1
2025-11-05 06:45:00,15.1365015749183,17.6290436460745,459.002115306666,0.313593292333333,0.916193355640301,4.3307856465181,1
2025-11-05 07:00:00,16.2249877311837,16.5647088276206,460.42962082,0.308666848,0.858398253337056,3.73725154121074,2
2025-11-05 07:15:00,17.3559880745289,15.6504590010333,451.395823157777,0.309690996222222,0.699653469706509,3.45457290173886,2
2025-11-05 07:30:00,17.1324572468015,9.87892534051352,445.682564562222,0.311731717333333,0.345899955021963,3.35701560148994,2
2025-11-05 07:45:00,15.773918671043,9.28986507128533,448.075498026667,0.308862182444444,0.340035805433749,3.29275562731578,2
2025-11-05 08:00:00,16.2694367802519,9.03426838129276,439.341892037778,0.309751971555555,0.332449739773619,3.06722081485563,2
2025-11-05 08:15:00,16.5650704017052,9.00225621730974,437.226218142222,0.315391028833333,0.380079998826769,2.87949108674588,2
2025-11-05 08:30:00,15.8030991356326,9.00510448045676,436.770465473333,0.307840880222222,0.383094862941427,2.86535011823934,2
2025-11-05 08:45:00,19.089967564797,8.78948735667707,436.845455422222,0.307375611111111,0.318462973204482,2.80001623146,2
2025-11-05 09:00:00,17.0828956234756,7.16624400652519,435.060176391111,0.312835050277778,0.314060180659704,2.72002777217857,2
2025-11-05 09:15:00,17.01466736168,8.67799418895071,438.10377522,0.317320989944444,0.30636169614823,2.64213177341574,2
2025-11-05 09:30:00,15.7252276122267,8.75580939809405,437.685521886667,0.3148286615,0.33461663997791,2.63805088930343,2
2025-11-05 09:45:00,17.1063952219911,8.60097794645495,434.834384086666,0.313098043277778,0.381717933656532,2.62390763812456,2
2025-11-05 10:00:00,15.9532024265511,8.85466471862072,433.485835652222,0.313219611777778,0.310352808380817,2.61249707721237,2
2025-11-05 10:15:00,15.4811645236178,6.57738464815934,431.647127175555,0.308756383555556,0.402761007854024,2.66798129880578,2
2025-11-05 10:30:00,15.3452111380207,9.3135487906601,434.864605615555,0.307636433,0.399653000065735,2.6538144988042,2
2025-11-05 10:45:00,15.6277400856282,8.05023886662405,434.943174048888,0.3112295785,0.409901379821254,2.59096050058789,2
2025-11-05 11:00:00,14.7685679238579,6.2801386303558,436.906436486666,0.307960376222222,0.309722305476325,2.58271888427183,2
2025-11-05 11:15:00,15.0798720773156,6.89234439660746,440.780874846667,0.311446901888889,0.391310049588786,2.57040655122497,2
2025-11-05 11:30:00,15.0380224495856,6.28993015448553,451.522865557778,0.311191018777778,0.372421409626654,2.57932254662776,1
2025-11-05 11:45:00,14.5578366243587,5.75815383427358,469.495066666666,0.309169734222222,0.384582418224652,2.67360568777392,1
2025-11-05 12:00:00,14.8704695510998,5.61298858929313,486.597698833333,0.310696124888889,0.495547856973331,2.69822038410861,1
2025-11-05 12:15:00,15.0286525439773,5.67629769258394,494.568393884444,0.316517366222222,0.508908624318052,2.7568651969756,1
2025-11-05 12:30:00,14.8684906554598,6.94170626368093,494.375191742222,0.3163105255,0.520014752820841,2.77913992278681,1
2025-11-05 12:45:00,14.9579650656598,8.11053394276999,496.796691604444,0.318286165944445,0.519237943269038,2.69739898913884,1
2025-11-05 13:00:00,15.092513973561,7.96043212360153,496.801020526666,0.315519710027778,0.520200618839527,2.67344552094339,1
2025-11-05 13:15:00,14.8150049673883,5.399685013044,498.637946295556,0.312824389777778,0.528324671999127,2.75591158259694,1
2025-11-05 13:30:00,14.5106590365572,5.16974838155171,496.825937508889,0.314652823638889,0.512669091202076,2.79206373373043,1
2025-11-05 13:45:00,14.4902644273798,7.80698303241542,496.824032444444,0.311445064666667,0.492314202652414,2.71814128677005,1
2025-11-05 14:00:00,14.3506913536885,5.28240557709165,494.475554744444,0.314020514666667,0.516368338180663,2.82056337778236,1
2025-11-05 14:15:00,14.6511775624921,6.55030031712497,494.444614728889,0.313930337333333,0.528173032546022,2.87892440010486,1
2025-11-05 14:30:00,14.4919228522094,7.84143250038664,494.396136277778,0.312754276666667,0.528626186461657,2.78375102510766,1
2025-11-05 14:45:00,15.0392376931299,8.0995290895791,495.876860528889,0.314302726333333,0.519355897679787,2.82209855090396,1
2025-11-05 15:00:00,14.516291873642,7.86300172619624,495.126566988889,0.311440924777778,0.499472051572052,2.81444379033106,1
2025-11-05 15:15:00,14.6541076608539,6.56063159114929,496.902766591111,0.310624796972222,0.491020735938022,2.70941720092859,1
2025-11-05 15:30:00,14.4646523528192,5.56923425926271,499.264960464444,0.311924240305556,0.492506339750567,2.81096128249442,1
2025-11-05 15:45:00,14.7684908680146,8.12866230745086,499.435018491111,0.311368830527778,0.54211415038443,2.88955596588958,1
2025-11-05 16:00:00,14.6723040286698,7.98671252381913,500.696168264445,0.312667618666667,0.567018863592664,2.7857331464128,1
2025-11-05 16:15:00,14.6006531583924,8.06926904520792,510.612881195556,0.314543717222222,0.591293624073043,2.87350586094309,1
2025-11-05 16:30:00,14.4162253402106,7.8124901404667,512.250208353334,0.314294457083333,0.585581760206602,2.84717986799809,1
2025-11-05 16:45:00,15.2124658136895,8.72446782889407,517.685725375556,0.31879601075,0.61153735894772,2.83497478047605,1
2025-11-05 17:00:00,14.9497751166425,8.46231660838136,539.293332125983,0.317955697361111,0.66966307140286,2.80764359855012,1
2025-11-05 17:15:00,14.9511807804306,6.95286302831154,543.877140739291,0.31737244775,0.655588954366975,3.01153571625669,1
2025-11-05 17:30:00,15.3213025375932,7.07633993455439,552.462034948257,0.318767039611111,0.669089802295837,2.99928206939491,1
2025-11-05 17:45:00,15.859239531031,8.13927503167755,555.695337933591,0.311677164111111,0.701263095747933,3.01305170518988,1
2025-11-05 18:00:00,14.7841518713161,8.01971729348893,553.909709077252,0.315490267166667,0.691890701894638,3.06461949655059,1
2025-11-05 18:15:00,14.7054107649453,5.80681941420836,550.349125298291,0.308451697222222,0.725781084890092,2.96188938474467,1
2025-11-05 18:30:00,14.808418512598,5.73905139841503,546.818092648144,0.314378340083333,0.728454402459384,3.01829212248184,1
2025-11-05 18:45:00,14.4578058234446,5.44929168928311,545.446190065868,0.315530481972222,0.705580600440618,3.01846128350042,1
2025-11-05 19:00:00,14.2257371227761,5.63547691512,537.455247116193,0.316115104194445,0.672312303848951,2.95831160476936,1
2025-11-05 19:15:00,14.8082393994395,8.42263798196586,558.941738323645,0.308469237333334,0.720630735611018,3.0938007735265,1
2025-11-05 19:30:00,14.7210564931282,8.42528792887586,590.218598043802,0.308629357888889,0.789388399564172,3.17050974729858,1
2025-11-05 19:45:00,14.8217554345328,9.00420662701628,598.879016523245,0.314126247444445,0.83211935730244,3.1678645645068,1
2025-11-05 20:00:00,14.1104751013683,9.42001822104794,606.465514162335,0.319463475888889,0.892425454962576,2.95488630888236,1
2025-11-05 20:15:00,14.1045817072883,9.64400448669127,608.532541557411,0.318974956555556,0.906528715607289,2.87727555040791,1
2025-11-05 20:30:00,14.0392041208342,9.63169452627794,605.856210818849,0.316794277,0.894894518775586,2.87364152906424,1
2025-11-05 20:45:00,14.0417346713483,9.92649742332794,607.410610291189,0.316080787222222,0.906327050809758,2.79674042475462,1
2025-11-05 21:00:00,13.8525399058534,9.96086481877146,602.108452877147,0.320663889444445,0.952034830070308,2.84059183147882,1
2025-11-05 21:15:00,13.9119314624757,10.1444397193557,586.852794648933,0.322034377,0.979032021767991,2.8410382179565,1
2025-11-05 21:30:00,14.2522248483245,10.120511872199,576.954686925215,0.321377960333334,0.993639790337806,2.87050357928985,1
2025-11-05 21:45:00,14.742119282761,10.1274982979157,569.505090738172,0.320428012333334,0.99596270770654,2.87048147371062,1
2025-11-05 22:00:00,14.9256795583513,10.1340859832357,560.682232505307,0.317797065,0.972159654219973,2.90667362925069,1
2025-11-05 22:15:00,14.6451342101269,9.98865530378903,550.345487088719,0.322743318194445,0.948498950841206,2.77926626614773,1
2025-11-05 22:30:00,13.9656368004919,10.126671548319,540.715737816593,0.321245990194445,0.93003158635084,2.79612029329592,1
2025-11-05 22:45:00,13.9086162957749,9.99481040945903,517.598592131112,0.320631445305556,0.886908353032045,2.7996142148568,1
2025-11-05 23:00:00,13.906303056974,10.1937965842348,513.119728715556,0.321351179972223,0.866076037313881,2.85507719283056,1
2025-11-05 23:15:00,13.8822754217858,9.98733150609479,509.909046524445,0.318173073416667,0.840310390110007,2.90365084289846,1
2025-11-05 23:30:00,13.9361329173748,9.94286760545813,507.502921153334,0.319096802666667,0.803374503547038,2.80155906184096,1
2025-11-05 23:45:00,13.9446492230696,10.0736990488181,500.165645842222,0.318322908222223,0.79422475559755,2.77382090479086,1
2025-11-06 00:00:00,13.9873387256207,10.2469174369481,498.174004531111,0.321931662888889,0.767982496557881,2.83103140123788,1
2025-11-06 00:15:00,13.9268387708824,10.0631752171951,494.93769376,0.32487098,0.741054634872859,2.811331005039,1
2025-11-06 00:30:00,14.0097648115313,10.1606648536926,489.343158191111,0.322898317666667,0.713304840361286,2.8482929621106,1
2025-11-06 00:45:00,13.9475491188779,10.4393426313784,480.570386615555,0.321427205111111,0.704391042738514,2.81916220136909,1
2025-11-06 01:00:00,13.9781313140853,17.1123986692416,474.841456619999,0.320162222444445,0.692126357799117,2.78103447506905,1
2025-11-06 01:15:00,13.8940741449402,16.1413283451961,462.576526735555,0.317081355555556,0.445906591575307,2.77163350703085,1
2025-11-06 01:30:00,13.9404368866024,16.545220457425,453.60111623111,0.317654872666667,0.404274643918243,2.72030613996188,1
2025-11-06 01:45:00,13.8938324601713,15.9192120022774,439.29264157111,0.31789275,0.379398995705238,2.72291037069616,1
2025-11-06 02:00:00,13.9478610876913,17.3170917925902,437.765305788888,0.314672887111111,0.411835207897519,2.72336606270306,1
2025-11-06 02:15:00,13.890675766035,15.0663588736898,435.54240363111,0.314126266444445,0.373269961957355,2.64122148783235,1
2025-11-06 02:30:00,13.8917802515772,15.3061349477735,435.096585519999,0.313388939777778,0.367426182363188,2.69282632795559,1
2025-11-06 02:45:00,13.9316692000187,16.0255904584372,434.950154526666,0.313967340444445,0.357241967630121,2.72194371323626,1
2025-11-06 03:00:00,13.8535195159639,16.1145037220197,432.668631826666,0.313748908444445,0.35111207100573,2.84978452787873,1
2025-11-06 03:15:00,13.8374545157876,16.1123348882729,431.122036359999,0.316650528666667,0.346250961311196,2.72300457174766,1
2025-11-06 03:30:00,13.8683351421628,16.2014809751144,430.851908224444,0.310986656777778,0.341576975819847,2.6969736542768,1
2025-11-06 03:45:00,13.7618888453035,15.3430877650542,435.845076768889,0.311333442,0.320128491499629,2.68651640942031,1
2025-11-06 04:00:00,13.7886275977272,15.6790818407818,436.916714087778,0.312885306222222,0.317663012938733,2.64597054807857,1
2025-11-06 04:15:00,13.7087261137909,15.9062943559684,437.114550447778,0.313531915333333,0.318464424163962,2.6194390346711,1
2025-11-06 04:30:00,13.6713078632709,16.0738825960892,437.562581241111,0.311530054,0.316657124065685,2.60814821788403,1
2025-11-06 04:45:00,13.6704397441672,16.1816129485186,436.196177049999,0.314123105777778,0.316423440683728,2.61277269776638,1
2025-11-06 05:00:00,13.5116016684902,15.049121739545,435.814011094443,0.316266394,0.313307814492456,2.64542257524061,1
2025-11-06 05:15:00,13.5187632022013,14.8454542600957,435.77902520111,0.314740233333333,0.315451441045264,2.61376453232197,1
2025-11-06 05:30:00,13.6522948663983,15.5565559361207,435.782590143332,0.315167903777778,0.314790900890242,2.7113161681191,1
2025-11-06 05:45:00,13.6432569026072,16.4213165667893,433.546853763332,0.312805380222222,0.318530579260937,2.76174511635601,1
2025-11-06 06:00:00,13.5149175876235,14.8730042376232,428.662185579999,0.316858028444445,0.31528272935004,2.71096906148285,1
2025-11-06 06:15:00,13.6320831075998,15.8343545519387,429.681991417777,0.313743436,0.309548405272048,2.70479786681703,1
2025-11-06 06:30:00,13.6124624701065,15.4447840497072,427.002370946666,0.319342692666667,0.309532115318946,2.67710025323943,1
2025-11-06 06:45:00,13.5564208117895,15.9867725198637,425.953498251111,0.316584841333333,0.309301089018672,2.60676603775852,1
2025-11-06 07:00:00,13.5987857703416,15.5359179148952,425.6360778,0.318736919888889,0.319816515224963,2.76150935509231,1
2025-11-06 07:15:00,15.1856573250119,9.92118015823308,425.295874277777,0.324433769777778,0.311459521858641,2.70246854889885,1
2025-11-06 07:30:00,15.1687198260527,9.55852196479688,431.753002592222,0.316240737222222,0.276127319150928,2.67018274619975,1
2025-11-06 07:45:00,14.9897455292337,8.91205692724393,427.092249463333,0.320471872,0.258771204418581,2.60054736696695,1
2025-11-06 08:00:00,14.5260968873799,5.92110898525356,428.900009324444,0.319467033444444,0.19298033635469,2.56467743074842,1
2025-11-06 08:15:00,14.9862381916834,6.71086901726754,426.389223515555,0.317887705888889,0.017024705756631,2.58925442926135,1
2025-11-06 08:30:00,14.4369728390458,6.0104175100126,426.603378875555,0.314634303,0.229681600000928,2.61641799047969,1
2025-11-06 08:45:00,14.8387404304687,6.11110950907096,425.84437437111,0.314973742333333,0.00776486568991103,2.64320370950246,1
2025-11-06 09:00:00,15.0818552502193,6.65260193895765,426.062505606666,0.312378233111111,0.143238915412704,2.63565814444602,1
2025-11-06 09:15:00,15.6571069311911,6.73152825553998,434.289348931111,0.305312685888889,0.338731277285982,2.57557099271384,1
2025-11-06 09:30:00,16.0661508525585,6.75324870209729,433.475059194444,0.305126637333333,0.37850155486375,2.53886367476711,1
2025-11-06 09:45:00,15.6544774870933,6.66226843001306,427.916960001111,0.309661202222222,0.387312275003284,2.61070256311894,1
2025-11-06 10:00:00,15.6671220484089,6.70654263632823,426.841251501111,0.311200946444444,0.365255843799791,2.54869971141598,1
2025-11-06 10:15:00,15.1992220630148,6.7558157212098,428.695073061111,0.308331436555556,0.29800156499721,2.63129018262187,1
2025-11-06 10:30:00,15.2115361073545,6.72601616618837,432.262259517778,0.302544046,0.274304332332948,2.60466634171419,1
2025-11-06 10:45:00,14.9749222662785,6.74005958990499,434.492434971111,0.304960272888889,0.333512654614425,2.55284660050146,1
2025-11-06 11:00:00,15.1771997632904,6.77265279963774,435.399468135555,0.307064546222222,0.352714875314307,2.53188315128931,1
2025-11-06 11:15:00,15.1336038359763,6.84416659236645,445.789614653333,0.304886234444444,0.357668208715994,2.54661161035222,1
2025-11-06 11:30:00,14.6375614266539,6.231442707505,463.443853375556,0.300747751111111,0.410634144135476,2.53951364196638,1
2025-11-06 11:45:00,15.1979463990578,5.8187316702135,491.838614279999,0.296404467444445,0.582767124632052,2.57415337271644,1
2025-11-06 12:00:00,15.6941992277986,5.81800239612053,498.078043944444,0.296732266,0.686960892067888,2.54204666655049,1
2025-11-06 12:15:00,15.982594328006,5.84915164389387,497.878625117778,0.298176821777778,0.693887237887875,2.54525458695014,1
2025-11-06 12:30:00,16.4755751832105,5.98831146987313,511.088986426667,0.298662857861111,0.752898233503571,2.57470235768421,1
2025-11-06 12:45:00,16.5548757471171,5.96962440201632,514.068118937778,0.301353542416667,0.763609135958767,2.61325089286768,1
2025-11-06 13:00:00,16.2943121024653,6.23427766767674,515.362058680001,0.301396324305556,0.800076191881532,2.58308040211377,1
2025-11-06 13:15:00,16.0216835774075,5.8882657342272,515.22752242889,0.299903127527778,0.770165143684141,2.56702471629146,1
2025-11-06 13:30:00,15.9995892493631,5.78116130707386,511.060470517778,0.299434747777778,0.71948438208934,2.58022806522697,1
2025-11-06 13:45:00,15.6499366623083,5.87586258812632,507.230742815556,0.299806994111111,0.678072574041268,2.73837920469313,1
2025-11-06 14:00:00,16.3793958290772,5.90805674672527,504.791288571112,0.301599532444445,0.686394165502056,2.63352505662253,1
2025-11-06 14:15:00,15.2696805383216,5.78292519875085,504.265403982223,0.297902031,0.633328858179499,2.722051953882,1
2025-11-06 14:30:00,15.4853144662846,5.70774996579688,507.62666104,0.303497098333333,0.625581308994633,2.63453731849706,1
2025-11-06 14:45:00,15.1517459980342,5.75096782372418,511.894411775556,0.299800983888889,0.64125959779056,2.7877504919268,1
2025-11-06 15:00:00,15.5951011192357,5.83006644008252,510.877063688889,0.300492089444444,0.684059955901914,2.58865892989963,1
2025-11-06 15:15:00,16.2308660286164,5.86536752543372,506.355420840001,0.298681098222222,0.757523802013651,2.67591352072192,1
2025-11-06 15:30:00,15.9006091872134,5.78380326829716,500.231328646667,0.305032162777778,0.659788176515018,2.64404445704875,1
2025-11-06 15:45:00,15.5799972661927,5.66601324816963,496.437816882222,0.301505313666667,0.636477405217923,2.69929502995446,1
2025-11-06 16:00:00,15.2719015996297,5.76641176858751,504.696172333334,0.298889151666667,0.659659553510964,2.60515123832391,1
2025-11-06 16:15:00,15.0945435756372,5.77528293608615,510.987897533334,0.300931970416667,0.697284956930605,2.69982877460786,1
2025-11-06 16:30:00,14.9519605748697,5.68864109892752,513.462781284445,0.299429788083333,0.682793308147092,2.61116644909401,1
2025-11-06 16:45:00,15.0086494620223,5.83406670607085,528.816745832812,0.30092861775,0.731575052878011,2.68367766815604,1
2025-11-06 17:00:00,15.3029700886016,5.67133013192329,543.982513716371,0.302527654638889,0.731115405579565,2.70660851512189,1
2025-11-06 17:15:00,14.8916034591231,5.81002730408751,548.202727348375,0.302863107972222,0.769797438818947,2.62352947288054,1
2025-11-06 17:30:00,17.2046724265956,5.80234624711049,549.474325089471,0.305779056,0.794017710193627,2.64128671669129,1
2025-11-06 17:45:00,15.7192091979379,5.84392158680733,550.20867816986,0.309098147888889,0.825714663310242,2.66978102502408,1
2025-11-06 18:00:00,18.715167876763,6.90987951222419,552.921827059523,0.310157895777778,0.883700989929874,2.66301371749716,1
2025-11-06 18:15:00,16.083342093726,7.2366577535813,548.304422248597,0.30168982875,0.928653549984073,2.79107000882954,1
2025-11-06 18:30:00,16.4275188525883,7.55541225917677,541.696361162517,0.301701169194445,0.905430267312931,2.72281884952668,1
2025-11-06 18:45:00,16.1335718771942,6.64759102571462,539.855137985852,0.301994611638889,0.855684808154985,2.75976301902298,1
2025-11-06 19:00:00,15.9444667900623,6.29767179015068,523.463103232222,0.298886420527778,0.779880436485344,2.74780126608651,1
2025-11-06 19:15:00,15.2178829753817,6.59980453477762,516.755291435556,0.310823854527778,0.772912416939547,2.7263418492147,1
2025-11-06 19:30:00,15.2955275985067,8.72503236111431,517.477898291112,0.311055810416667,0.791042254089688,2.62784503744654,1
2025-11-06 19:45:00,15.1149053638637,8.75418278370267,514.546083224445,0.309494781305556,0.805630655545491,2.6926928113682,1
2025-11-06 20:00:00,15.086875928781,9.07200971134616,514.588520093334,0.318290088416667,0.808414951602618,2.64216150724207,1
2025-11-06 20:15:00,15.0079439855129,9.70724413508495,513.318992386667,0.318564880416667,0.821776366155048,2.66121016165357,1
2025-11-06 20:30:00,15.0472703409363,9.9407393870757,509.732777022223,0.313513406750001,0.828746860040162,2.64290454685725,1
2025-11-06 20:45:00,15.165523371277,10.1497443449357,509.335491244445,0.313110564972223,0.821192097931113,2.61048255707023,1
2025-11-06 21:00:00,14.2896708827298,9.92989044717904,509.130236011112,0.313174381111112,0.818464106355429,2.72362971400179,1
2025-11-06 21:15:00,14.2388732199417,10.0804088261024,507.005349128889,0.314852818000001,0.823764678278959,2.67631639131396,1
2025-11-06 21:30:00,14.2253881334099,10.0550798761324,505.639934544445,0.317547982444445,0.815433632574564,2.62484151489895,1
2025-11-06 21:45:00,14.146302466387,10.0021983178424,501.210028553334,0.319988341555556,0.805263957733212,2.61821709302316,1
2025-11-06 22:00:00,14.172178730515,9.8658395514857,500.089024768889,0.318743403777778,0.797819676978627,2.65649130133812,1
2025-11-06 22:15:00,14.1628318247416,10.0405803314081,498.32224752,0.317516606888889,0.784088005789116,2.68600244840303,1
2025-11-06 22:30:00,14.0617699251222,10.2554205709781,496.033022331111,0.321014390444445,0.784805471820778,2.72251761454732,1
2025-11-06 22:45:00,14.222713708919,10.0840586234887,494.239143642222,0.317442214444445,0.765639428851569,2.63154704260268,1
2025-11-06 23:00:00,13.9565602687076,10.091931363287,493.649045993333,0.322107714444445,0.769675777815349,2.62379320183537,1
2025-11-06 23:15:00,13.9833026954285,10.1165954651303,491.217249146666,0.318551664444445,0.759344075194167,2.58200490698465,1
2025-11-06 23:30:00,13.8910368481757,10.1354204675937,484.32462488,0.316947682666667,0.749837833003585,2.59465026090357,1
2025-11-06 23:45:00,13.9670378549567,10.4827375483703,478.993067846666,0.316478024,0.73629755015431,2.62255807379265,1
2025-11-07 00:00:00,14.1913580362483,15.8462915591596,468.499917053333,0.312840558444445,0.711405455664191,2.822602319431,1
2025-11-07 00:15:00,13.9547366628157,16.1245327693669,463.089405582222,0.318539079222222,0.466065566139136,2.61708285757563,1
2025-11-07 00:30:00,13.8888409420572,16.1242789693374,458.772745164444,0.317388769777778,0.435169184443444,2.5759731092789,1
2025-11-07 00:45:00,13.9483502543802,15.9678503279657,446.695015053332,0.316048320777778,0.403126235044636,2.65453083031025,1
2025-11-07 01:00:00,13.9468663889046,15.1859944277867,444.807604624443,0.315354824111111,0.390483014270442,2.64905250258375,1
2025-11-07 01:15:00,13.9476433097579,16.6989131793344,439.338171799999,0.318118513777778,0.387088701289439,2.56658742212732,1
2025-11-07 01:30:00,13.9440862701802,16.6025299496654,439.101850246665,0.314771893333333,0.384883427896642,2.5837059193414,1
2025-11-07 01:45:00,13.937387910032,16.2945521288687,437.985391813332,0.314094578222222,0.382650657201058,2.57621215612217,1
2025-11-07 02:00:00,13.8998994096691,16.2823481366281,435.652309915554,0.313503948666667,0.380854264064379,2.57796539490889,1
2025-11-07 02:15:00,13.8959116879357,16.0703036079225,435.131193877777,0.31411299,0.370490451625426,2.56464988152869,1
2025-11-07 02:30:00,13.8909775257061,16.1093117270608,435.244749542221,0.313518768888889,0.373568302951097,2.56002622413233,1
2025-11-07 02:45:00,13.8708304419091,15.7536180355029,435.068523659999,0.313175758888889,0.367648676121534,2.56593191914924,1
2025-11-07 03:00:00,13.937682555795,15.8269556085535,434.873431953332,0.313237658555556,0.358999611710907,2.55622997866524,1
2025-11-07 03:15:00,13.9531899692187,16.0393104120952,434.216931448888,0.313473674555556,0.357506746616509,2.56847178103133,1
2025-11-07 03:30:00,13.8924728657787,15.9480974766188,432.362019086665,0.310183993555556,0.356117027047887,2.58427207984276,1
2025-11-07 03:45:00,13.8615137018424,15.9121812531731,432.900076377777,0.314124287111111,0.352271923772544,2.6091081309252,1
2025-11-07 04:00:00,13.9444221287283,16.5547482130574,430.473847593333,0.312837175555556,0.355556549573733,2.74735396772359,1
2025-11-07 04:15:00,13.9107667594024,15.5299494500542,430.369001586666,0.310135026777778,0.357706442887996,2.67640924220796,1
2025-11-07 04:30:00,13.8575867048394,16.3487410164222,430.008374859999,0.31169935,0.358422927772669,2.57725541576733,1
2025-11-07 04:45:00,13.8573541689668,16.3566812572718,431.650928315555,0.310963638888889,0.357192925301484,2.56414891687639,1
2025-11-07 05:00:00,13.7875488768602,15.4434857146168,434.885077844444,0.311436234,0.349816843178879,2.6105449748994,1
2025-11-07 05:15:00,13.8454886489965,15.8999310891381,435.968302538889,0.311151499888889,0.334040931794093,2.71762082774675,1
2025-11-07 05:30:00,13.8228250543935,15.7886590683987,436.851468574444,0.314147588444445,0.333088250204419,2.61421119105681,1
2025-11-07 05:45:00,13.7174841152142,15.0603185905946,436.743054047778,0.311204772,0.331825761773008,2.61682727413246,1
2025-11-07 06:00:00,13.8628634975105,16.7175191992062,437.94574785,0.312049011888889,0.334293763533697,2.68406326802502,1
2025-11-07 06:15:00,13.7003480956453,15.7806470597167,437.707179286666,0.313334594222222,0.332455047454709,2.60715919835429,1
2025-11-07 06:30:00,13.7052082287683,16.289208079353,437.853845195555,0.314823917333333,0.335290937074717,2.65776180618452,1
2025-11-07 06:45:00,13.6782163682809,15.4681354819643,436.187577782221,0.313809148888889,0.333239617251549,2.63884626711958,1
2025-11-07 07:00:00,14.9553971167109,18.9490216621461,437.522939074444,0.301131956888889,0.71302518088043,2.55685141277653,1
2025-11-07 07:15:00,22.7740193239721,22.4501203079724,433.634946807222,0.312533374444445,0.815548679431345,2.57954710854422,1
2025-11-07 07:30:00,21.7461319975008,19.1584391133395,436.381810271111,0.311986661111112,0.687881449741955,2.45092882533165,1
2025-11-07 07:45:00,20.3800462834282,18.7354244247343,435.189020009444,0.312953892277778,0.515518677253506,2.57494533007407,1
2025-11-07 08:00:00,21.6263991901191,10.1081726035708,434.515700496111,0.309963480666667,0.366590461375859,2.48550980965838,2
2025-11-07 08:15:00,20.8812983437714,10.0218203970814,434.180489022222,0.309025585138889,0.429892167300917,2.54558180279335,2
2025-11-07 08:30:00,22.3022970494105,10.1388697211994,434.049499666666,0.305467997555556,0.426584766321173,2.55355443003227,2
2025-11-07 08:45:00,20.0614614706099,6.89053354153912,432.616064275555,0.307792329666667,0.281343931399399,2.50891683022791,2
2025-11-07 09:00:00,20.0434980659017,6.43018730862337,431.178669026666,0.308605990555555,0.279917770595427,2.42702636991065,2
2025-11-07 09:15:00,20.0345548402143,6.40642473242435,431.990390188889,0.310032346722222,0.277901667355244,2.44576637185327,2
2025-11-07 09:30:00,20.33670720924,6.73570162537871,437.265345395555,0.304441523333334,0.276550346662165,2.39811088471451,2
2025-11-07 09:45:00,20.3781268107838,6.62226040808243,434.416385297778,0.300535838666667,0.388851012388017,2.47740149242941,2
2025-11-07 10:00:00,22.0448102284309,7.25445715429339,435.192818246667,0.301280603944444,0.400638372729333,2.37540301865269,2
2025-11-07 10:15:00,21.9789318433233,7.1246706966211,435.416556957778,0.300846816,0.399741419883548,2.38805205568842,2
2025-11-07 10:30:00,21.0136929216019,7.00244760092166,435.669142433333,0.300397209333333,0.404448866360584,2.37539157721386,2
2025-11-07 10:45:00,19.9495100142919,6.99463790085354,435.716144757778,0.302397560722222,0.3789433694989,2.44766462759543,2
2025-11-07 11:00:00,19.9523881373615,6.99741980271035,438.366991433333,0.304005353111111,0.400911931019473,2.47575343565899,2
2025-11-07 11:15:00,20.1251137245941,6.98500447102035,446.037168462222,0.303819411555556,0.4122146857846,2.44726872679898,2
2025-11-07 11:30:00,19.9162983920874,6.89889396274474,456.013601991111,0.305791546666666,0.424376966974931,2.49736419807291,2
2025-11-07 11:45:00,19.5321816903748,6.17254155216398,469.077324583703,0.306134474,0.472879305783829,2.46008117095114,2
2025-11-07 12:00:00,20.1256414534534,5.99776246530943,480.911384504444,0.302338209555555,0.545434226495508,2.54602354937822,2
2025-11-07 12:15:00,19.9837794883185,5.95729083437882,488.856864999259,0.304000202,0.558628857297898,2.43415945369974,2
2025-11-07 12:30:00,21.803795868086,6.21605325482326,490.91643436,0.306831428222222,0.52942604032401,2.49570729228435,2
2025-11-07 12:45:00,21.7346194026178,6.05149111500678,496.303583351111,0.307339245777778,0.51371674033738,2.47361739421066,2
2025-11-07 13:00:00,21.6992354400156,5.97577410177133,507.797662413333,0.311076409777778,0.534162605716312,2.44101099776626,2
2025-11-07 13:15:00,20.3876361366925,5.88071781205162,509.02916058,0.310737085194444,0.547364310916247,2.42454797860442,2
2025-11-07 13:30:00,21.1791926850899,6.04560840427921,514.013725194815,0.313389668416667,0.592389601150375,2.49549353379355,2
2025-11-07 13:45:00,20.2355213063416,5.92562233654814,510.894098170371,0.30980941475,0.541068040452328,2.57051669316755,2
2025-11-07 14:00:00,21.9243807657771,6.09780826791118,530.52569569897,0.313867164861111,0.54925273847718,2.75279778702619,2
2025-11-07 14:15:00,20.8309776667235,5.91285328926114,514.973595139259,0.311047614638889,0.511550004960866,2.67058844337381,2
2025-11-07 14:30:00,21.9298187995326,6.07046456346798,535.199224146965,0.309459930138889,0.496266830478025,2.62545565757937,2
2025-11-07 14:45:00,20.2152424271356,5.59125684478168,517.304465954074,0.308440339083333,0.488175769531836,2.58065947835578,2
2025-11-07 15:00:00,21.6672894400332,6.0878819425895,543.586245484488,0.312630795305555,0.546415661147104,2.56338554438899,2
2025-11-07 15:15:00,19.7933111823371,5.59659095068015,536.825479576647,0.311298771527778,0.544026844235935,2.57192504326597,2
2025-11-07 15:30:00,20.4669881684286,5.95162909014507,544.235091282429,0.308754125694444,0.559333008392729,2.51988649304782,2
2025-11-07 15:45:00,19.7533334459496,6.03022495314148,541.307253481532,0.307614638194444,0.614890811631364,2.57413076727362,2
2025-11-07 16:00:00,23.2666671404505,6.84172572916071,544.588464341527,0.301728470194445,0.801457340112682,2.6110420908655,2
2025-11-07 16:15:00,22.7014474095438,6.81230968444012,546.045104272563,0.302261203527778,0.835596400092839,2.64416027405538,2
2025-11-07 16:30:00,22.8310176310276,7.21228976976257,541.490842561128,0.301532162861111,0.845280422287588,2.51502413966268,2
2025-11-07 16:45:00,22.0615714232682,7.28054585584591,538.567927765941,0.303944444416667,0.88900050894213,2.47268916707948,2
2025-11-07 17:00:00,23.5767030192562,7.23816498708591,547.494743655703,0.302978996861111,1.07912878125489,2.42114059062321,2
2025-11-07 17:15:00,22.8211673382676,7.80499698498272,550.000051783615,0.302351713527778,1.01106137334436,2.42929098362267,2
2025-11-07 17:30:00,22.7723162993216,7.22809852615257,553.019670914775,0.301250937444445,0.950406310098259,2.46799244597676,2
2025-11-07 17:45:00,23.4962075779919,7.72614817127029,558.503186139897,0.311600514666667,0.981191972743757,2.4282439733144,2
2025-11-07 18:00:00,24.8070665798954,9.78918344599243,552.54887222066,0.314061161444445,0.863824811132744,2.47858809174053,2
2025-11-07 18:15:00,23.2884307536696,6.6503846335876,546.792822526554,0.312448464527778,0.797750558220098,2.46095585822283,2
2025-11-07 18:30:00,22.5521774133509,6.04474436969313,540.101610365028,0.310097190472223,0.75004411788764,2.51101604197203,2
2025-11-07 18:45:00,20.8461191743793,5.94680757662731,531.421734664719,0.302178130194445,0.711093474240623,2.52952093450297,2
2025-11-07 19:00:00,19.9239524784341,5.79336972099462,510.981675571112,0.300939199861111,0.669972152210904,2.57916874314961,2
2025-11-07 19:15:00,20.02121023948,6.52632507699545,512.177487177037,0.314905392416667,0.666174627349024,2.49151922006363,2
2025-11-07 19:30:00,20.0850942155972,8.89106865628007,520.39919627037,0.313398297972222,0.721197590612702,2.49996855997192,2
2025-11-07 19:45:00,19.7838130061113,8.50006912110939,544.689550484719,0.312182483972222,0.73909908618683,2.54035129747309,2
2025-11-07 20:00:00,16.6095718952494,8.54705918199609,553.840140032642,0.315977086194444,0.793759241745609,2.57303842810518,2
2025-11-07 20:15:00,17.261268850043,8.92814864454552,564.078973237244,0.315201650333333,0.84145659810029,2.55650782274964,2
2025-11-07 20:30:00,17.3009034043695,9.11647002196886,568.619236638098,0.316564139888889,0.927348322058544,2.62288361620382,2
2025-11-07 20:45:00,17.2978709129132,9.75256141503456,578.937898794614,0.315689953305556,1.01222727764062,2.75870009756414,2
2025-11-07 21:00:00,16.8905693886652,10.1117503497513,603.809968143173,0.316056291777778,1.12947765531003,2.67614164500064,2
2025-11-07 21:15:00,16.3938765611719,10.1658555251949,629.843703877641,0.315592700888889,1.21275481799926,2.63149671156663,2
2025-11-07 21:30:00,16.2133267687624,10.3642907340303,633.464202461327,0.315754216333334,1.23459276156426,2.74611227734733,2
2025-11-07 21:45:00,16.5587220586682,15.3180743432212,613.273391125912,0.314383013444445,1.17665364473668,2.66234022545407,2
2025-11-07 22:00:00,16.0751834446385,10.2378683820496,620.28291655518,0.312895739,1.20848118702687,2.69774085989259,2
2025-11-07 22:15:00,16.1748540636099,10.1028012828909,625.640792380837,0.313886903666667,1.20758387637595,2.66771191711644,2
2025-11-07 22:30:00,16.3008399273187,15.4830314390638,624.838592022372,0.313533429222222,1.20467051311775,2.691166862264,2
2025-11-07 22:45:00,16.124395497551,10.370643484555,616.010643817981,0.311314587,1.18226184316586,2.76735909380698,2
2025-11-07 23:00:00,15.9372771512366,10.3790297046817,611.098536355989,0.312148335666667,1.17474150347593,2.77675562056441,2
2025-11-07 23:15:00,16.0805194850462,14.8478372162184,603.805966475192,0.309452315222222,1.14998263513144,2.70709208490108,2
2025-11-07 23:30:00,15.4977351622754,10.4749202515815,596.250032192436,0.315285123,1.14277012194813,2.70729753555305,2
2025-11-07 23:45:00,15.8061707653936,10.2770247134215,591.410858565485,0.310805222777778,1.11708668805868,2.70237870647907,2
2025-11-08 00:00:00,15.4734457156913,10.3317465141149,584.157952333604,0.312581722333334,1.09735939946741,2.71106939009057,1
2025-11-08 00:15:00,15.4487336483921,10.4623931858315,577.158878831821,0.315337173222222,1.08326336915033,2.75616568278041,1
2025-11-08 00:30:00,15.3554492289626,10.0625562720124,570.320014959154,0.310026543666667,1.05705063540388,2.77573400870958,1
2025-11-08 00:45:00,15.3386967661594,10.0056530670788,562.90785138148,0.310558949666667,1.04288894483257,2.69695405448175,1
2025-11-08 01:00:00,15.3503132831886,10.0056530670788,558.767236968584,0.312089284777778,1.03119822368694,2.64311236812121,1
2025-11-08 01:15:00,15.1561472651857,10.2510922184722,554.22471788405,0.315702152638889,1.02154139237971,2.66747794832586,1
2025-11-08 01:30:00,15.1005269349191,10.0446271403322,549.885571584707,0.314725981083333,1.00314690756352,2.78662369521244,1
2025-11-08 01:45:00,14.9469461957107,10.0052480893622,546.259517572772,0.316604470861111,1.00475584349274,2.72052695955032,1
2025-11-08 02:00:00,15.063698014567,10.1355828771555,518.906977104445,0.317242485194444,0.991665922205104,2.73206102103924,1
2025-11-08 02:15:00,14.869902519164,10.0044849138288,517.644992195556,0.315182659083333,0.982640158581785,2.7240573234244,1
2025-11-08 02:30:00,14.9550951090914,10.0478912481822,517.545177422222,0.314849622972222,0.967219611677885,2.71984607352045,1
2025-11-08 02:45:00,15.1862014573551,9.99555183487882,515.386875095556,0.313585046638889,0.949033767938884,2.67501248858757,1
2025-11-08 03:00:00,14.9202857133774,10.0593798001522,512.303905597778,0.318903481416667,0.945596182182101,2.60191331557855,1
2025-11-08 03:15:00,14.2959402447202,10.0148511962822,511.747943860001,0.314991327083333,0.932761613753626,2.64918430357234,1
2025-11-08 03:30:00,14.2199992923395,9.99631501041216,509.213062826667,0.314349249527778,0.926950302019425,2.67438487953717,1
2025-11-08 03:45:00,14.6416547370527,10.1266497982055,508.254059155556,0.31185236475,0.902983513487425,2.84358826389089,1
2025-11-08 04:00:00,14.1988301437521,10.0364572369155,507.562461744445,0.314509511333333,0.905840454947011,2.65416396382386,1
2025-11-08 04:15:00,14.262007496561,10.1157680406855,505.434405997778,0.318230711777778,0.893628770959511,2.71392936160925,1
2025-11-08 04:30:00,14.4436443365756,9.99195085797882,504.61141874,0.310470591333333,0.87210670825513,2.69137541368217,1
2025-11-08 04:45:00,14.2337142823038,10.2383341209555,499.372517193333,0.313978631111111,0.893903501142491,2.61260282905768,1
2025-11-08 05:00:00,14.3202778181144,9.98625034181216,497.217293737777,0.313473573555555,0.862345107843206,2.64281470547695,1
2025-11-08 05:15:00,14.1812140163868,10.0555519855455,496.702144166666,0.314883115333333,0.866019074402855,2.59160690407625,1
2025-11-08 05:30:00,14.2443301485438,10.1371100168488,496.586097946666,0.314988252333333,0.858259372203931,2.602703362591,1
2025-11-08 05:45:00,14.1592965613038,10.1547839129346,494.367738004444,0.316043204444444,0.870676460690252,2.60193247547297,1
2025-11-08 06:00:00,14.2411236570505,10.1540207374013,493.681696557778,0.315626629222222,0.85088126054816,2.55674748905775,1
2025-11-08 06:15:00,14.1928140269496,10.1527590198952,493.383829071111,0.315529946444444,0.853271737169071,2.63813478340645,1
2025-11-08 06:30:00,14.2002867257392,10.0204954716034,492.261364802222,0.315174084111111,0.83707831101847,2.5638030712586,1
2025-11-08 06:45:00,14.2778343919158,10.0771946640468,491.422943115555,0.313823426666667,0.822057477585413,2.62132545088248,1
2025-11-08 07:00:00,14.2853930595304,10.2271923880601,485.521943844444,0.315454999666667,0.821017963358424,2.60671895761024,1
2025-11-08 07:15:00,14.2536165979674,16.8886012260123,452.724415302221,0.320628598444445,0.727452894750119,2.67604302073046,1
2025-11-08 07:30:00,15.1272846637797,10.082524140576,450.327638459999,0.317694476888889,0.334925328798257,2.7616107341792,1
2025-11-08 07:45:00,15.2767339057849,10.1563096294558,444.031775557777,0.314169691777778,0.416478070708286,2.5485612882308,1
2025-11-08 08:00:00,15.4024117962071,16.0970681614917,432.791640557776,0.311754427777778,0.417906400713981,2.51375111552762,1
2025-11-08 08:15:00,15.4617255417191,15.6083077350331,447.670504697777,0.311050898222222,0.419671733252893,2.57296573754224,1
2025-11-08 08:30:00,16.8011762078341,21.1351538370196,437.62743599111,0.313143023222222,0.55078176717498,2.96768167782392,1
2025-11-08 08:45:00,17.9799795514282,21.1375903240988,430.129186082221,0.311111049333334,0.531044948407724,3.0197821332609,1
2025-11-08 09:00:00,17.1745635456904,18.7608946734681,447.355859568889,0.314621908000001,0.495228663048564,2.91151981385226,1
2025-11-08 09:15:00,18.495695554335,17.3660400826774,440.482612768888,0.308983683111112,0.482678519189124,2.95464913205728,1
2025-11-08 09:30:00,19.8734910006298,17.5066504399579,439.516885391111,0.304248696666667,0.510316573594775,3.82016024546272,2
2025-11-08 09:45:00,18.3302051501037,16.734335013406,446.071595617778,0.305687686555556,0.557954898886833,3.39876391852513,2
2025-11-08 10:00:00,19.1192288132859,16.7998899230921,445.257234893333,0.307301804444444,0.533584401441071,3.13503468154299,2
2025-11-08 10:15:00,20.235404062763,14.9244805610237,436.568978433333,0.307519705555556,0.408830712438713,2.95970085768748,2
2025-11-08 10:30:00,18.4493351347733,14.351323204362,441.368117991111,0.315753365555556,0.416345212616971,2.89750511309858,2
2025-11-08 10:45:00,19.9477921080785,14.0919800181726,433.618161093334,0.306207188222222,0.389439239359544,2.76958697848691,2
2025-11-08 11:00:00,19.7940924116771,10.41945183295,435.182550997777,0.307306211111111,0.3983419447178,2.83420702697337,2
2025-11-08 11:15:00,19.9987203407009,10.2522718884046,447.584987951111,0.303097051611111,0.415010782535662,2.89117849131144,2
2025-11-08 11:30:00,20.080214775738,10.0059464499632,455.693816284444,0.305469838055555,0.420717366737179,3.10158346333411,2
2025-11-08 11:45:00,19.8630058182505,9.50425978362699,465.38161576,0.310590062555555,0.511175230428743,2.89457483186422,2
2025-11-08 12:00:00,19.9432203825483,9.40506983268454,483.699058759999,0.311638742888889,0.564969882953426,2.8388696937017,2
2025-11-08 12:15:00,18.1217458757202,8.58594465823228,494.833707717778,0.312578459444444,0.598258238717662,2.99986202714837,2
2025-11-08 12:30:00,19.0656433550624,8.90309032888791,502.742798491111,0.309123086555556,0.723905531243323,2.94052900669662,2
2025-11-08 12:45:00,21.7406442365913,9.89870429565846,507.348492213333,0.313146169194445,0.823411474503799,2.87886926160139,2
2025-11-08 13:00:00,21.7215746362668,9.4612189188144,508.063796708148,0.313315839194445,0.824670211829066,2.92213550842976,2
2025-11-08 13:15:00,21.567869689938,8.71403452832473,512.182682408148,0.309818369638889,0.768156647199324,2.9886099492101,2
2025-11-08 13:30:00,20.185787515458,8.61306992497169,514.374421785926,0.31413434175,0.729254128599142,3.00831984844146,2
2025-11-08 13:45:00,20.5732867436891,8.78966047686643,516.700218672592,0.314926603083334,0.714940404230059,2.95443879644969,2
2025-11-08 14:00:00,22.8474923829528,9.05831014341271,516.71471806,0.318397614194445,0.755788179874741,2.97271856508865,2
2025-11-08 14:15:00,22.3743776292743,8.93135308274716,510.279385137037,0.318164256305556,0.705608106720881,3.00678350725491,2
2025-11-08 14:30:00,21.0969971902038,8.96453121600716,507.294729626667,0.317758869638889,0.659644093078767,2.96947469546893,2
2025-11-08 14:45:00,20.0868806615794,8.39238207808272,509.774480344444,0.317126869416666,0.649804612565479,3.09387065546475,2
2025-11-08 15:00:00,20.5242335253854,8.65846297309502,513.711020808889,0.314817375416666,0.717835642058926,3.19143208971123,2
2025-11-08 15:15:00,22.3383065238076,9.20599237318383,512.829751495556,0.319164042638889,0.786965185157457,3.12166603260129,2
2025-11-08 15:30:00,21.7026541544017,8.78886366112309,518.233078744444,0.315819358861111,0.795298561883709,3.20992362237432,2
2025-11-08 15:45:00,21.9817056834802,8.93775365332976,519.358432662222,0.319451184194445,0.80995987862502,3.16375805006053,2
2025-11-08 16:00:00,21.8621316438757,8.92215874022976,548.991279166842,0.316627089083334,0.823650129109168,3.21554378382779,2
2025-11-08 16:15:00,22.8728063577786,9.87717649077123,555.388560117001,0.318208535,1.11140450636343,3.42641204687273,2
2025-11-08 16:30:00,22.5738441407246,10.0279946553679,551.173501929561,0.31532583175,1.02422107749539,3.15301101019447,2
2025-11-08 16:45:00,23.2292227617987,10.0574740040979,549.355360163345,0.324482255305556,0.931589585452615,3.24726372899892,2
2025-11-08 17:00:00,23.2723807391424,9.91003148425456,542.906262552776,0.322619594194445,0.93606752634183,3.2931450012103,2
2025-11-08 17:15:00,23.1238206703706,10.0127836062979,520.377072062222,0.324722593083334,0.934555581807205,3.51406012816133,2
2025-11-08 17:30:00,22.7975220816245,9.87446752232456,512.283350757778,0.323496566638889,0.897645799338914,3.56032432992793,2
2025-11-08 17:45:00,22.1582734993439,9.69890653660455,510.872512606667,0.319648450194445,0.834205755193638,3.70456713203678,2
2025-11-08 18:00:00,22.1191564612387,9.59204814304789,508.499995757778,0.317460361638889,0.783182133958497,3.81888046598313,2
2025-11-08 18:15:00,21.746406194378,9.08618509674322,500.174196511111,0.3163402,0.726853157116097,3.94696925495299,2
2025-11-08 18:30:00,20.6053717006906,9.05889454547989,490.077834022222,0.313591622888889,0.679072073549318,3.65331351724789,2
2025-11-08 18:45:00,20.1616377809809,9.58150937990181,474.237964551111,0.314060600888889,0.606254852178796,3.6288409519029,2
2025-11-08 19:00:00,19.9985104120076,9.48769604177577,466.233048351111,0.313120270666667,0.574710167547407,3.61675297873018,2
2025-11-08 19:15:00,19.8522668779794,10.3566101210767,461.77129919111,0.313326142888889,0.573324378490243,3.54057685796903,2
2025-11-08 19:30:00,19.5524689183424,9.66274035473454,465.97875146,0.314218976888889,0.558481392174273,3.59502912382118,2
2025-11-08 19:45:00,19.5541011840461,13.0090011739,453.946799968888,0.310972920222223,0.58397757569522,3.60423778534833,2
2025-11-08 20:00:00,17.0111488158697,13.5320764269369,456.816038724444,0.312666300666667,0.623599175876032,3.70920409898387,2
2025-11-08 20:15:00,17.0182637284613,13.6290864588625,457.638630195555,0.311646856222223,0.644067397579771,3.62299680647889,2
2025-11-08 20:30:00,16.3140004213837,14.2991419390196,456.088690197777,0.312589942777778,0.675435090096342,3.60849934431688,2
2025-11-08 20:45:00,15.8657896535945,14.5660490969155,454.291396462222,0.313518200333334,0.455917271286037,3.68254866663345,2
2025-11-08 21:00:00,15.6779746895211,15.3321321286468,452.676264822221,0.313506235111111,0.447567128524164,3.59676898157809,2
2025-11-08 21:15:00,16.2938465521828,14.5504080437771,455.245892333333,0.311996109333334,0.456736871253533,3.64391972602853,2
2025-11-08 21:30:00,16.1619104075989,14.3897872507599,453.737033037777,0.308727205111111,0.442662309905955,3.70694666602086,2
2025-11-08 21:45:00,16.2300203835707,15.0709449875294,452.020729719999,0.309396801111111,0.442100182347235,3.83569058565224,2
2025-11-08 22:00:00,16.2722661956879,15.5852991073574,442.993299644443,0.306978989555556,0.443631712440963,3.68802069246597,2
2025-11-08 22:15:00,16.2929670014701,15.0127378337552,442.417563324444,0.308286611111111,0.433274743875227,3.58486034750048,2
2025-11-08 22:30:00,15.468643854429,15.8430461981028,441.284684853332,0.307937754,0.431000798562956,3.68236234231023,2
2025-11-08 22:45:00,15.6158916902073,15.5378719627645,436.633822675554,0.307626109333334,0.434986621056396,3.59967311659081,2
2025-11-08 23:00:00,15.5151027966389,16.7600800679496,436.889290813332,0.307797285555556,0.477405744651093,3.65695362176653,2
2025-11-08 23:15:00,15.44729577739,16.1676076074891,436.433878926665,0.307647013333334,0.435489788872311,3.76173674529012,2
2025-11-08 23:30:00,15.4217274946142,15.909500786646,435.006941013332,0.309518701111112,0.822820155854046,3.6700903909527,2
2025-11-08 23:45:00,15.5061787237811,16.4836951808731,434.958648973332,0.310310108,0.477024896974547,3.82623124059138,2
2025-11-09 00:00:00,15.4895199345841,17.176521816686,434.822818833332,0.308058884666667,0.821912505022064,3.73902922243036,2
2025-11-09 00:15:00,15.1804630612714,16.8662779413211,435.534223944443,0.316401150111112,0.477768424722266,3.57192334476108,2
2025-11-09 00:30:00,15.4346205083405,15.9564025274108,434.387672259999,0.308744007333334,0.477597150439942,3.65629693172754,2
2025-11-09 00:45:00,15.4608717999923,17.0885098660159,434.711195839999,0.308186941555556,0.837413554771675,3.59190612097623,2
2025-11-09 01:00:00,15.1917723796492,17.163128069235,434.857920502221,0.311191732222222,0.834466367712875,3.65818589536824,1
2025-11-09 01:15:00,15.1016697737381,16.1807753744387,434.976949235555,0.311443922555556,0.475837943023416,3.57899610251094,1
2025-11-09 01:30:00,15.2733084495101,17.1665705467418,434.543491284443,0.310125067555556,0.831072072613764,3.63034675360708,1
2025-11-09 01:45:00,15.0987344144892,17.6517884368392,435.174771915555,0.310674520888889,0.860218888922948,3.46024424413497,1
2025-11-09 02:00:00,15.2060625110448,18.3221430480547,434.526358053332,0.310811316111111,0.845761607366851,3.48837010826833,1
2025-11-09 02:15:00,15.157122089227,16.9512721100898,434.558189275555,0.310431018222222,0.415757835861332,3.61040817280604,1
2025-11-09 02:30:00,15.2098867100153,16.4995467795721,433.927660477777,0.309234692888889,0.412363565996772,3.65865170455124,1
2025-11-09 02:45:00,15.1655680027931,16.3466715410443,434.066936075555,0.309258158888889,0.415595887376208,3.53633649192388,1
2025-11-09 03:00:00,15.0978124793544,18.49153036045,434.944896579999,0.311126372,0.84660223445835,3.47587550059677,1
2025-11-09 03:15:00,15.1207732848314,17.4256346550125,434.65545231111,0.311791485333333,0.413422148922178,3.59516690761515,1
2025-11-09 03:30:00,15.0544741404981,17.4894714692843,432.121087266665,0.306321240222222,0.428369243538313,3.6666643029639,1
2025-11-09 03:45:00,15.0822826810611,16.8662928662596,431.915796584443,0.306734,0.393070123046133,3.60696883992301,1
2025-11-09 04:00:00,15.1572050791218,17.3987911246773,431.810811668888,0.306968558333333,0.394336028451156,3.61647130865282,1
2025-11-09 04:15:00,15.0742762339514,17.59583599687,434.762865935555,0.308705321333333,0.426985717727507,3.57299724488657,1
2025-11-09 04:30:00,15.0738824038922,17.6429794818548,433.73170423111,0.308557460888889,0.415545358892539,3.52168895285556,1
2025-11-09 04:45:00,14.9764676580462,17.1831962142194,434.092149753332,0.308467328888889,0.382752017869286,3.64004054402944,1
2025-11-09 05:00:00,15.0908447483381,17.3855740826231,431.776886168888,0.307194287333333,0.386217072320658,3.5777716321722,1
2025-11-09 05:15:00,14.9796212056462,17.4161807055183,432.198018493332,0.306410897111111,0.386268527336643,3.49729633800761,1
2025-11-09 05:30:00,14.9231260356848,18.2111332473129,432.257884644443,0.308380248,0.415632625087026,3.47755975443979,1
2025-11-09 05:45:00,15.0673721689929,17.911988072724,431.816502206665,0.307333913666667,0.416857697752147,3.39665722145997,1
2025-11-09 06:00:00,14.9916026515381,17.5205775496797,431.933910928888,0.307986671111111,0.382069227179011,3.41866668873122,1
2025-11-09 06:15:00,14.3956711409683,17.0373884044796,431.801932344443,0.307418332111111,0.381684595794353,3.36422796764353,1
2025-11-09 06:30:00,14.2608783142424,17.4298913964955,430.666310793332,0.309358272222222,0.376833572245394,3.26239426339474,1
2025-11-09 06:45:00,14.2272092472231,17.6948744607222,427.043254655555,0.310203892,0.409212709786931,3.32031228937117,1
2025-11-09 07:00:00,14.1523067670252,16.0267763570833,425.784359582221,0.307138597333333,0.37474531056738,3.38114552144572,1
2025-11-09 07:15:00,14.1518812150918,17.3743691745196,427.909671519999,0.309136491111111,0.375276233215447,3.20059004352998,1
2025-11-09 07:30:00,14.4975617384562,16.6474154039154,431.057065975555,0.304505237777778,0.354104258248366,3.16443975190355,1
2025-11-09 07:45:00,14.310384147523,16.2094708376808,432.335423915555,0.303595546222222,0.349390136462605,3.13979852637648,1
2025-11-09 08:00:00,14.2014915287268,17.7360371383611,432.456890202222,0.306854596333333,0.388758067783713,3.18083875767001,1
2025-11-09 08:15:00,14.7401619027817,16.535602940906,431.246284453333,0.299264809555556,0.357940381517976,3.07406329878117,1
2025-11-09 08:30:00,14.9757007527472,16.157895999709,431.564548197777,0.305048114,0.356299562694511,2.99435209430773,1
2025-11-09 08:45:00,14.8756731560018,16.3829308635938,432.044070415555,0.306293324333333,0.352705573807132,2.99868433404912,1
2025-11-09 09:00:00,14.9082097435662,16.7648293009258,431.399679737777,0.305640198444444,0.358081074282496,3.14653279411139,1
2025-11-09 09:15:00,14.8620751257855,16.5632196421197,432.068123466666,0.306183525,0.356387957692217,3.08797189419286,1
2025-11-09 09:30:00,14.4235809521179,16.6013168008227,432.043552264444,0.307304125222222,0.354844852617867,3.07525655185114,1
2025-11-09 09:45:00,14.3960315335996,17.1332149483092,431.897210784444,0.305583871777778,0.355658314130143,3.19824290566244,1
2025-11-09 10:00:00,14.1188761914365,16.8809334742037,430.632856804444,0.308845717,0.352810490310061,3.08522889359958,1
2025-11-09 10:15:00,14.5979966792865,15.7382146095253,431.601896051111,0.300844647333333,0.350296004122561,2.92516212366257,1
2025-11-09 10:30:00,14.1769436332029,16.0396593097373,430.796583157777,0.304954028222222,0.355594569617476,2.95758954460003,1
2025-11-09 10:45:00,14.1964954402148,16.7914214235162,432.634178675555,0.304721385777778,0.355321577763396,2.99412480806905,1
2025-11-09 11:00:00,14.2839403803261,16.7079170557924,432.139458953333,0.306081366,0.354428905792717,2.91902043325583,1
2025-11-09 11:15:00,14.171141082758,16.1938423885984,431.985462308888,0.307827869,0.351902696013036,2.85599355762873,1
2025-11-09 11:30:00,14.1336161578172,16.6433492667448,432.027755237777,0.307971535333333,0.354283212015706,3.09366288162335,1
2025-11-09 11:45:00,14.5363189324417,17.4620792905062,428.86311908,0.306024794222222,0.354432549738298,3.01086656899123,1
2025-11-09 12:00:00,15.2349306246526,17.0462568740203,427.764889153333,0.307444716444445,0.351775157218619,2.98683416537089,1
2025-11-09 12:15:00,17.3244167053968,17.4050533513265,426.062936087778,0.310450323777778,0.700291828798074,2.85631334603274,1
2025-11-09 12:30:00,17.8387354702578,16.0857937236267,426.206768148889,0.308190208638889,0.356880735360769,2.86260626419438,1
2025-11-09 12:45:00,16.4739776555358,9.99604160234016,424.262556846666,0.310928297333333,0.370276576681536,2.86972736890013,1
2025-11-09 13:00:00,17.0857120299718,10.0754196305921,422.268005082222,0.309512539777777,0.364891086046549,2.85303786698682,1
2025-11-09 13:15:00,16.4805725847352,9.5696584594248,419.358165291111,0.315822384222222,0.382663219186592,2.82979482424663,1
2025-11-09 13:30:00,16.697887670081,9.29916152205292,420.006182864444,0.317462942444445,0.205234394990888,2.65302481912234,1
2025-11-09 13:45:00,15.6097936539248,6.77974869473687,422.184511695555,0.324402478888889,0.196798390471998,2.71872599593573,1
2025-11-09 14:00:00,16.0692464955387,6.69809640432647,422.294877542222,0.324530336666666,0.34924267106934,2.68591217641425,1
2025-11-09 14:15:00,16.0192617315784,6.38093857263965,427.52975642,0.311233295111111,0.309875209657135,2.66128490930358,2
2025-11-09 14:30:00,15.6146250143429,6.12377133481895,453.254684333333,0.314628078,0.378212441863011,2.66589924829745,2
2025-11-09 14:45:00,15.7610069063073,5.90729276592924,467.946018075555,0.305608779333334,0.413471940305729,2.68347681414098,2
2025-11-09 15:00:00,15.4192915707184,5.61215813927081,477.140273177778,0.307620219111111,0.468636209351543,2.63745049680685,2
2025-11-09 15:15:00,15.6127425804857,5.30061168546865,488.041943793334,0.315183686,0.493707247386211,2.66584318025389,2
2025-11-09 15:30:00,14.7739396697619,5.1921514026104,490.375993597778,0.315273472444444,0.522752604649686,2.65810106602126,1
2025-11-09 15:45:00,16.1577705036338,5.30833649082674,492.345537202222,0.318299888444445,0.595064913786379,2.60775234605706,1
2025-11-09 16:00:00,15.692072853292,5.20627281560254,495.450131044444,0.297942319111111,0.648263390115324,2.68955811246034,1
2025-11-09 16:15:00,16.540233425966,5.82757769682081,501.233421137778,0.314048179861111,0.654758926690177,2.6608247716897,1
2025-11-09 16:30:00,16.3479309620357,5.63883485221414,506.945056764445,0.311635085972222,0.665922040127309,2.7236421155253,1
2025-11-09 16:45:00,15.8606318222736,5.10025934194158,507.190838368889,0.304190089638889,0.6495123484924,2.76671918757477,1
2025-11-09 17:00:00,16.0597764144525,5.51837316467124,510.939391988889,0.322236073972222,0.63153133932097,2.68746388107655,1
2025-11-09 17:15:00,16.399193855861,5.67101602441736,511.429412657778,0.305845541083333,0.663665532871477,2.6725827489311,1
2025-11-09 17:30:00,17.0286580052073,6.08547679068472,508.116240455556,0.318646009222222,0.611405429909326,2.68843374201876,1
2025-11-09 17:45:00,19.1346791822387,8.66399595055156,514.264599091111,0.31411397175,0.625461257054282,2.74159722795146,2
2025-11-09 18:00:00,16.5490634892495,8.67422212630822,547.60624604185,0.314613128583333,0.692532084584421,2.75535249304086,2
2025-11-09 18:15:00,16.4616740526628,8.6562107177149,546.139498401975,0.314696763472222,0.691807928779905,2.69976457722044,2
2025-11-09 18:30:00,16.2215159250045,9.43672211039369,519.66262519037,0.32380235975,0.700906569512091,2.70009007842912,2
2025-11-09 18:45:00,16.1752820058677,9.50807065612855,519.262352048148,0.322761665638889,0.731657731507975,2.79416345414313,2
2025-11-09 19:00:00,16.1895692120322,9.9642393790146,514.076085581481,0.324060653194444,0.728404471214118,2.74871087118236,2
2025-11-09 19:15:00,16.0080692171524,10.1987231037299,509.084717525926,0.316713693083334,0.747185696943415,2.70256824934435,2
2025-11-09 19:30:00,16.0034183744211,9.8891956147999,508.569283205926,0.31843940575,0.761774765130587,2.74118191537745,2
2025-11-09 19:45:00,15.7846986843048,9.82042787557792,507.675398612593,0.316100355083334,0.767223219583856,2.8340369388291,2
2025-11-09 20:00:00,15.8161087492355,9.97869117776126,505.855754475555,0.314719166527778,0.772594321305679,2.8287232602835,2
2025-11-09 20:15:00,15.3421383022672,9.5485060185505,505.341841435556,0.31465744,0.770706205954203,2.95918275953899,2
2025-11-09 20:30:00,15.5682453240863,9.95695488826459,503.528176991111,0.311344630444445,0.775134191441787,2.93294736485861,2
2025-11-09 20:45:00,14.6863580765324,9.85931107753126,502.275897922222,0.313920102222223,0.774548289228389,3.1289826700893,1
2025-11-09 21:00:00,14.693193115154,9.85581979143126,496.578638551111,0.314343362444445,0.766034499479625,3.05990920114441,1
2025-11-09 21:15:00,14.522905184094,9.5771544057005,496.151455335555,0.318494956444445,0.751754217153662,3.17680268617227,1
2025-11-09 21:30:00,14.3211457477872,10.0276344061713,491.852844875555,0.314838680222223,0.746723839367145,3.14486815101802,1
2025-11-09 21:45:00,14.3696684075787,10.0117995542001,490.872715022222,0.314205712,0.742406193329514,3.14783816469577,1
2025-11-09 22:00:00,14.3445929245017,10.0915853621501,485.146213291111,0.313051934,0.725287352987985,3.16393735591122,1
2025-11-09 22:15:00,14.4637489535995,10.1672163622001,480.768572588888,0.312902056444445,0.723493975385582,3.16500526942261,1
2025-11-09 22:30:00,14.4604759915269,13.8986290668843,465.53430573111,0.309366977555556,0.707221307126448,3.25126247280615,1
2025-11-09 22:45:00,14.4034303909531,14.3176174307707,464.950732999999,0.311800867333334,0.707028453649767,3.22889077740911,1
2025-11-09 23:00:00,14.3142681122597,10.4630163371551,457.905520855555,0.307332664,0.435157163031389,3.29855609614761,1
2025-11-09 23:15:00,14.3711451699168,13.9131804799657,444.491695157777,0.313311635555556,0.396965189121319,3.23398844945051,1
2025-11-09 23:30:00,14.2625943685086,13.5426479684903,438.206281762221,0.306990361555556,0.38994386601593,3.2023050518871,1
2025-11-09 23:45:00,14.4029346869629,14.0460505334617,437.047307422221,0.305969364,0.387967413397143,3.23395035156485,1
2025-11-10 00:00:00,14.4763397249602,14.5837302676075,435.673478039999,0.311886647777778,0.385497057632445,3.27949145426899,1
2025-11-10 00:15:00,14.367032405772,14.422741959495,434.615004366666,0.305754628,0.382061821440795,3.2785531553448,1
2025-11-10 00:30:00,14.1979930371128,13.8150186004112,434.545401633332,0.309157714444444,0.373733759018088,3.33538771522364,1
2025-11-10 00:45:00,14.1352427085071,14.3028882599343,431.882074135554,0.310832548,0.356087113273088,3.28293800017725,1
2025-11-10 01:00:00,14.3388630148259,14.4823194886242,432.182358539999,0.308848719111111,0.353894203637595,3.46042741285056,1
2025-11-10 01:15:00,14.4577611595569,15.1348946764296,429.65849441111,0.306758465333334,0.351465908569173,3.39116202893854,1
2025-11-10 01:30:00,14.0013453302305,14.7034482654966,429.241480379999,0.309361646888889,0.349150462108256,3.35833712160718,1
2025-11-10 01:45:00,14.2235553275433,15.0615831084249,430.379835659999,0.309972929555556,0.347198557464662,3.26737479956818,1
2025-11-10 02:00:00,14.1063192910092,13.9368586026702,434.02708999,0.308045860444444,0.323271020566959,3.19118660639674,1
2025-11-10 02:15:00,13.8458186248898,14.3272481005743,435.657264763333,0.309983812,0.320336759749965,3.16070638177567,1
2025-11-10 02:30:00,13.8599168859742,14.4797124181287,435.690430743333,0.310159403222222,0.320859425894484,3.23964151299052,1
2025-11-10 02:45:00,13.7940536566231,14.8629429399316,435.883637132222,0.313719133111111,0.32022509567061,3.21954229720778,1
2025-11-10 03:00:00,13.7673766891757,14.7391782757348,436.298069767777,0.313944015333333,0.326339334879395,3.11752363256702,1
2025-11-10 03:15:00,13.9322082495683,15.5074886801239,436.315780332222,0.313045948555556,0.330013563647664,3.30800326158668,1
2025-11-10 03:30:00,13.8861253444276,15.8292055841445,433.933773205555,0.313028818666667,0.33016539697783,3.13282149152222,1
2025-11-10 03:45:00,14.0242047051676,14.792335371148,431.751010032222,0.308017705777778,0.329772451089368,3.23327758858178,1
2025-11-10 04:00:00,13.6496559594498,14.6702977402251,430.805001207777,0.312890331777778,0.329873063342016,3.18466675030647,1
2025-11-10 04:15:00,13.840136624687,14.4600224364598,429.033693544444,0.311855551111111,0.329234075646587,3.09396393146251,1
2025-11-10 04:30:00,13.6093447766187,15.0361736105927,426.25388907111,0.317710975444445,0.329939602860382,3.09696197767394,1
2025-11-10 04:45:00,13.5410785682794,14.6308594079169,426.649476417777,0.316832236,0.328747008396617,3.12938066245977,1
2025-11-10 05:00:00,13.7097704102056,15.4258437190899,425.098188151111,0.317198553111111,0.328764401524357,3.21272677543018,1
2025-11-10 05:15:00,13.4117152483396,14.759653282794,425.026198537777,0.318266349111111,0.329393687980766,3.11824063108612,1
2025-11-10 05:30:00,13.610255481067,15.2965967176803,424.874642068889,0.320451285666667,0.325515743156339,3.09965146470462,1
2025-11-10 05:45:00,13.4478727357889,14.8038027261887,424.677188128889,0.320023225555556,0.32552659089701,3.07805135325533,1
2025-11-10 06:00:00,13.4015794915371,14.9607109034223,424.33576724,0.317712706888889,0.319669988745304,2.98839519802849,1
2025-11-10 06:15:00,13.4883631685845,14.7026335981267,423.909962695555,0.321768572555556,0.316707429914061,2.94465378625333,1
2025-11-10 06:30:00,13.4585122010511,14.701245664914,423.843272813333,0.319600669777778,0.317286143685493,2.91176291333928,1
2025-11-10 06:45:00,13.2796565112852,13.8640091183094,423.743573593333,0.319884884444445,0.314796537268961,2.94943521208929,1
2025-11-10 07:00:00,13.7736210660988,14.479883776066,423.543429813333,0.314237272805556,0.307356106164605,2.96027199544592,1
2025-11-10 07:15:00,15.5031062788533,13.4498243825697,422.722596112222,0.320708400444445,0.401906587217257,2.89990970719309,1
2025-11-10 07:30:00,15.2482693031452,10.1985049749808,425.720065176666,0.325544279888889,0.269939415263366,2.9384855605961,1
2025-11-10 07:45:00,14.9489810956153,9.22231331021301,424.704447683333,0.328455308888889,0.249441339342732,2.97043495030203,1
2025-11-10 08:00:00,15.1969493997018,9.47911433918021,423.24298242111,0.322328181777778,0.267150158730612,2.92911099193739,1
2025-11-10 08:15:00,15.3891191025511,9.80810303493599,422.237053658888,0.319959979111111,0.303391088271863,2.98661963533923,1
2025-11-10 08:30:00,15.1021959276286,9.13042072838118,424.618063797777,0.318068941888889,0.292183701572515,2.9059475108374,1
2025-11-10 08:45:00,15.2483816992282,9.02261586666943,424.542140095555,0.323834254444445,0.261894096815653,3.04545738796285,1
2025-11-10 09:00:00,15.247425637156,8.71070949401451,424.650864951111,0.324222214444445,0.23608740130098,3.18561311220451,1
2025-11-10 09:15:00,14.9244180498395,8.68493279858087,426.929900992222,0.315098230444445,0.251748497611887,3.15559258152259,1
2025-11-10 09:30:00,15.6664837290593,9.48261295562646,425.250768786666,0.313101736888889,0.32535508045424,3.35213778787895,1
2025-11-10 09:45:00,16.3526303448889,9.4119996823598,425.453547725555,0.315023335222222,0.33846196269779,3.39114560944686,1
2025-11-10 10:00:00,20.2246369452896,10.1176143779134,430.285122814445,0.312280962222222,0.393129342117014,3.44942454536317,1
2025-11-10 10:15:00,21.4427918452246,10.0674608987004,433.912535192222,0.315950327777778,0.408834725451002,3.32307770176748,2
2025-11-10 10:30:00,21.6812676088113,10.1874375852004,433.71619797,0.316503672222223,0.395209205872296,3.17493192595099,2
2025-11-10 10:45:00,21.0344620683239,9.75607578212986,437.263207395556,0.300656158,0.371192258844961,3.03338101220109,2
2025-11-10 11:00:00,22.7637614679651,10.3362249482962,440.818671375,0.316544105777778,0.397914233250917,2.99328737784043,2
2025-11-10 11:15:00,21.6681502633165,9.84418192096345,444.011521897778,0.306468827555556,0.365200878160987,2.83814293133787,2
2025-11-10 11:30:00,23.6370884553462,10.0206767153208,461.795014662222,0.316592903555556,0.421516208548991,2.89906290905778,2
2025-11-10 11:45:00,22.6969827925017,9.51347278384969,475.094821388889,0.322898809111112,0.338160117726344,3.04162622544432,2
2025-11-10 12:00:00,26.2630240658559,10.1138947443877,494.705849251111,0.324321116444445,0.395776070241356,3.02162188227429,2
2025-11-10 12:15:00,24.1436322012012,9.40431971959733,499.018452697778,0.327616125777778,0.403305476127022,3.10943008554723,2
2025-11-10 12:30:00,25.6724284770279,9.68708751302627,503.229148028889,0.324797534,0.551632909313703,3.17748022141464,2
2025-11-10 12:45:00,21.7343959166372,8.96555177328081,511.30183114889,0.320074564444445,0.537108132579383,3.17261348079281,2
2025-11-10 13:00:00,21.7974162675454,8.95708697726081,514.209620317778,0.322215184305556,0.505994557835523,2.90951892020456,2
2025-11-10 13:15:00,20.2438752090017,8.52263634832128,512.746912724445,0.31295816475,0.493685935957833,2.83157720871375,2
2025-11-10 13:30:00,17.4943300609913,8.21510989172088,513.290558302223,0.311979507194445,0.512792941475752,2.77233359437366,2
2025-11-10 13:45:00,16.1918381811724,8.21269327254664,500.435237697778,0.313471346083334,0.504413190997253,2.70501202246222,2
2025-11-10 14:00:00,20.1637865403572,8.56126932261795,508.241975957778,0.314207155555556,0.486068043977015,2.62109947936747,2
2025-11-10 14:15:00,17.5301519879645,8.37415210384666,504.725865588889,0.311800954638889,0.458583610111943,2.56279624837552,2
2025-11-10 14:30:00,14.7890907407845,5.59264374500287,498.184064708889,0.320085971222222,0.214546339394905,2.52415307713506,2
2025-11-10 14:45:00,13.7829224070901,5.59561581827853,495.466810217777,0.326485414527778,0.448241615431277,2.52014548614861,2
2025-11-10 15:00:00,13.8212206206302,5.35390985708547,494.193003208888,0.317446608083334,0.445100613506993,2.53869848372852,2
2025-11-10 15:15:00,13.7969218169176,5.45187999666149,493.993339771111,0.324497409333333,0.494438724344845,2.51810782911261,2
2025-11-10 15:30:00,13.3198278007981,5.46246066347164,490.176439884443,0.319117903416667,0.443264929525053,2.47102206280262,2
2025-11-10 15:45:00,12.6457527529923,5.47960581656994,490.896648148888,0.321600878138889,0.226929223905389,2.45503093189571,2
2025-11-10 16:00:00,12.7088337102483,5.45007328049681,490.306178886666,0.324313954305556,0.229929285320404,2.4303888468218,1
2025-11-10 16:15:00,13.455520126298,5.40115744963473,492.9232841,0.321966033083333,0.457764894681056,2.44758185927453,1
2025-11-10 16:30:00,13.6897103022528,5.46296810987521,494.445919104445,0.317878062444445,0.565447198030773,2.42878904131919,1
2025-11-10 16:45:00,13.6051197588309,5.38623518962941,506.608946177778,0.315623628444445,0.585787719429917,2.42698017978128,1
2025-11-10 17:00:00,13.5236950757313,5.4864431156972,508.552018428889,0.31823595975,0.600108684121383,2.43674998286989,1
2025-11-10 17:15:00,13.9246360602404,5.31941201968193,518.908034026667,0.315070237527778,0.601152550671041,2.43175463648993,1
2025-11-10 17:30:00,13.3782063914523,5.42058287574379,532.716815270076,0.322396630388889,0.609687531813531,2.4306990737013,1
2025-11-10 17:45:00,13.5109903720553,5.29358187092685,535.831061468789,0.320459261277778,0.45635409153818,2.41769572473456,1
2025-11-10 18:00:00,13.5318110491172,5.32535403365365,544.617322066928,0.323921100833333,0.228997933001193,2.41706673679453,1
2025-11-10 18:15:00,12.51371857742,5.24214133744714,537.41177362445,0.320901172861111,0.227670063473036,2.409589422701,1
2025-11-10 18:30:00,13.2497350847319,5.3920657684944,520.860978711111,0.319355263916667,0.227721555836568,2.42372397117538,1
2025-11-10 18:45:00,13.8034883624775,5.30236642366959,510.811608115555,0.315600171611111,0.230139355246376,2.43747804305597,1
2025-11-10 19:00:00,13.2119494177111,5.32732216260517,506.316363743704,0.324341233,0.230083565695556,2.42632944588349,1
2025-11-10 19:15:00,13.3299426281836,5.53844432857365,511.644028388889,0.3218935645,0.230783372313133,2.43271527202587,1
2025-11-10 19:30:00,14.1259474327641,8.11201623996674,509.388603717778,0.319094527111111,0.237673981820044,2.46254868480079,1
2025-11-10 19:45:00,13.2781567377747,8.18370171367085,508.23632038,0.317209070805556,0.243533475154609,2.46774136874362,1
2025-11-10 20:00:00,13.7198271896114,8.68198075487777,509.114509613334,0.317026069638889,0.242368461199175,2.46021651039874,1
2025-11-10 20:15:00,13.8926791071018,9.21872472249535,509.694830188889,0.330294741777778,0.225304208767364,2.48926589264208,1
2025-11-10 20:30:00,13.9962728122029,9.4941990340975,506.754682926667,0.321956722888889,0.433083242364426,2.55180912845658,1
2025-11-10 20:45:00,14.2434135922657,9.09360444314835,508.796505624445,0.325092997333334,0.573274820769013,2.56185150173546,1
2025-11-10 21:00:00,14.162874344647,9.73158108757321,507.831535797778,0.323280954,0.598559840037803,2.60019894377348,1
2025-11-10 21:15:00,14.2951346244182,9.92993876095988,506.473749726667,0.320105936444445,0.607590814359047,2.61327997438704,1
2025-11-10 21:30:00,14.3544676089248,9.93525897983987,504.690138622223,0.318903076,0.613309767370994,2.68288895895681,1
2025-11-10 21:45:00,14.100713465253,9.92575599265988,501.40180976,0.325460024444445,0.639916427716182,2.80252580107876,1
2025-11-10 22:00:00,14.3498337591334,9.93434661047988,501.053025053334,0.318170195555556,0.651087336037866,2.83579216504823,1
2025-11-10 22:15:00,14.1798453083386,9.93319657771988,500.375032782222,0.323417916444445,0.667990193320466,2.77550138031303,1
2025-11-10 22:30:00,14.4809646545895,9.89384409249669,499.855407528889,0.321615012222223,0.663663228861571,2.83079364173698,1
2025-11-10 22:45:00,14.3683239445073,9.93665264783669,500.00838448,0.32136375,0.67988897465174,2.83838048942066,1
2025-11-10 23:00:00,14.3737534296925,9.93665264783669,500.128585306667,0.320581738666667,0.695983179261429,2.68612365998931,1
2025-11-10 23:15:00,14.0648298772504,9.97112817950335,499.20497122,0.323823528888889,0.706587889056116,2.83976976732968,1
2025-11-10 23:30:00,14.2552698513222,9.97346350022002,498.516733573333,0.323787421555556,0.711291771745132,2.94958305768887,1
2025-11-10 23:45:00,14.2553721650541,9.96922749962002,498.448380568889,0.322569387333334,0.717487505360707,2.95099194791608,1
2025-11-11 00:00:00,14.1990456907822,9.7580163568776,498.911226053333,0.324012394444445,0.716779756182439,2.99697664585872,1
2025-11-11 00:15:00,14.1349865724785,10.0036181087509,498.304899186667,0.323886446222222,0.737259443510685,3.00979847701582,1
2025-11-11 00:30:00,14.0867183807792,10.0043812842843,497.591681213333,0.325098242444445,0.749700936531828,3.10230159096974,1
2025-11-11 00:45:00,14.0335339484266,10.0024074772009,496.031633504444,0.324742106777778,0.742625247666477,3.06128836269434,1
2025-11-11 01:00:00,14.1582238456311,10.0242674018509,495.107477251111,0.322897579222222,0.746579481284068,3.02205977856485,1
2025-11-11 01:15:00,14.1470153054142,10.0939432138831,493.500834271111,0.322109614777778,0.744874442660736,3.24987795347836,1
2025-11-11 01:30:00,14.1324769396661,10.0204803569852,493.927014606667,0.321317444222223,0.745237578791422,3.12850470901367,1
2025-11-11 01:45:00,14.1932711845476,10.0594544302385,493.87556564,0.319776139777778,0.750507511999204,3.18862492777762,1
2025-11-11 02:00:00,14.443816528315,10.0755347841468,492.863086466666,0.317835683555556,0.740635071671696,3.11159610972915,1
2025-11-11 02:15:00,14.0875015639994,10.0762979596801,492.704084248888,0.319107309777778,0.754102109945102,3.08208538516622,1
2025-11-11 02:30:00,14.1211850640439,10.1156770106501,492.444295255555,0.319934852,0.758025412737239,3.1569387659688,1
2025-11-11 02:45:00,14.1330476597876,10.2238547049268,487.151667051111,0.318084746444445,0.761362774387496,3.06459321699316,1
2025-11-11 03:00:00,14.0855179464765,10.1153604650757,487.505300635555,0.320008816222222,0.750276654221039,3.02124919985257,1
2025-11-11 03:15:00,14.1005900434439,10.2078541135157,480.570687788888,0.317044590444444,0.741253896355216,3.03807044364004,1
2025-11-11 03:30:00,14.1774466036853,10.4493945097491,479.742817426666,0.317759575888889,0.734327629106795,3.00114354540581,1
2025-11-11 03:45:00,14.1067381701579,15.1757548349379,475.861831322221,0.314817761111111,0.736596568323527,2.93966042163428,1
2025-11-11 04:00:00,14.1079174543402,15.4658520441719,473.705110479999,0.314923184,0.732302851506503,2.94977193628642,1
2025-11-11 04:15:00,14.0939168726868,15.3980228525291,468.095783182222,0.31479191,0.733594511604502,2.88404375845245,1
2025-11-11 04:30:00,14.1348112762809,15.5577260457657,463.096450148888,0.315148846666667,0.71896776071839,2.97576957772921,1
2025-11-11 04:45:00,14.1613364404527,15.122767267305,462.628377148888,0.315032396,0.440764164167053,2.85563384004832,1
2025-11-11 05:00:00,13.988869228312,14.6196206705076,457.098898862221,0.313532604666666,0.426614914860333,2.75925154831433,1
2025-11-11 05:15:00,14.1466959490809,15.5665193412467,449.787620379999,0.312832223111111,0.396986109565447,2.6936314981778,1
2025-11-11 05:30:00,14.0944390096039,14.7621662054854,443.990617406665,0.310914017555555,0.386011211172316,2.72631603624208,1
2025-11-11 05:45:00,13.9978206452542,14.5497706159705,438.36245905111,0.312342581333333,0.379688044227783,2.81717049846248,1
2025-11-11 06:00:00,14.1317423260453,15.4158566695791,437.991351404443,0.312092308444444,0.378554425860443,2.70096925591051,1
2025-11-11 06:15:00,14.1479333244794,15.2312593086686,435.848249113332,0.312266407111111,0.37815983078253,2.63057163843524,1
2025-11-11 06:30:00,14.0484617357387,14.1561552271691,435.647864162221,0.312139154222222,0.378255713768473,2.68062292637879,1
2025-11-11 06:45:00,14.0061298780794,14.5097888886801,435.473375237777,0.311941888666667,0.377504520421438,2.76982798952032,1
2025-11-11 07:00:00,14.2345958734844,15.193841474432,434.86709973111,0.312244703444444,0.376318484581024,2.65912397164158,1
2025-11-11 07:15:00,15.0574888121322,14.8061149040539,442.733696206666,0.319410527777778,0.371439489358872,2.54592197054792,1
2025-11-11 07:30:00,16.4598424186818,10.2449621487281,434.463366528889,0.311144267055556,0.296778405770225,2.40430955101369,1
2025-11-11 07:45:00,16.2355171924826,9.8059263571085,433.635454293333,0.312071784666667,0.273310230533176,2.38256933108238,1
2025-11-11 08:00:00,16.3219856937137,9.6040586590244,431.42898386,0.317079299333334,0.269390282572957,2.34200015517998,1
2025-11-11 08:15:00,15.6484885063917,9.72729523475642,428.779209268889,0.315981039777778,0.184630933630894,2.35137437417787,1
2025-11-11 08:30:00,16.4166556001357,9.4645963444143,427.957484013334,0.314346227333334,0.00623840040599694,2.33380064175238,1
2025-11-11 08:45:00,15.1647372954807,9.10610603221684,427.577870248889,0.319863222,0.159189973793322,2.36418078927142,1
2025-11-11 09:00:00,16.1629052019985,7.0675896876658,425.648150866666,0.323460874583333,0.173085829234339,2.36855317677488,1
2025-11-11 09:15:00,16.0978862020163,6.37473212018451,424.130962206667,0.319501915555555,0.185352314464205,2.52279373695753,1
2025-11-11 09:30:00,17.9835686890963,7.12914130147449,424.339607723334,0.322850137666667,0.18345910500865,2.46838304747774,1
2025-11-11 09:45:00,17.7895497554148,6.68240192988247,424.685126678889,0.323773682,0.183709017627861,2.45180855029647,1
2025-11-11 10:00:00,17.8788984922711,6.75849995822913,421.743642892223,0.326265379777778,0.185463840399609,2.41753960876102,2
2025-11-11 10:15:00,19.7215446224756,6.9411459838458,421.56791290889,0.320926894,0.188533981239371,2.45343632458048,2
2025-11-11 10:30:00,19.7389650102622,6.75311644017626,421.078271402222,0.324221239555555,0.184921886980876,2.39588532544055,2
2025-11-11 10:45:00,17.8647415243437,6.70118793216271,421.286949517778,0.331730913333333,0.18547349942759,2.45036170098992,2
2025-11-11 11:00:00,19.5636634016459,6.76806953059247,420.636649493334,0.331054834222222,0.188999662056876,2.33249817068203,2
2025-11-11 11:15:00,17.8807489463259,6.59066273019392,419.996172293334,0.334783787777778,0.186844885335468,2.42423942991704,2
2025-11-11 11:30:00,17.3065086031615,6.76661544898042,419.429822188889,0.343083415111111,0.186791807931856,2.47743736930938,2
2025-11-11 11:45:00,17.308658268877,6.53589714180702,421.061384948889,0.339702465333333,0.184564377783617,2.5169801643706,2
2025-11-11 12:00:00,16.6992668058963,6.10853590615369,421.066915295556,0.340146700222222,0.186593751832643,2.34903735822836,2
2025-11-11 12:15:00,15.8566481044756,6.47077953883133,419.781608617778,0.338958865777778,0.188327824148238,2.35605990040593,2
2025-11-11 12:30:00,15.9384255054696,6.43864172970702,419.335389775556,0.344339719777778,0.188900441312829,2.328912934591,2
2025-11-11 12:45:00,15.9588233203274,6.56853683922011,420.165863653333,0.342599341555555,0.186343775383116,2.41609961464269,2
2025-11-11 13:00:00,16.2888093372993,6.34623457620394,420.982588013333,0.338634945555555,0.185614393713311,2.43305666388631,2
2025-11-11 13:15:00,17.4405360520341,6.28061873070391,421.124119104445,0.341052083111111,0.188119949160494,2.41518104205466,2
2025-11-11 13:30:00,17.0811308612326,6.15178080197395,420.497890618889,0.341705941333333,0.187027224584126,2.53744934852202,2
2025-11-11 13:45:00,17.4432677072593,5.93304774343214,420.39199063,0.343255275555556,0.184936208400477,2.59696571961238,2
2025-11-11 14:00:00,19.6867465996541,5.88793944984627,422.113686626667,0.326617209555556,0.400317076251127,2.47646944637931,2
2025-11-11 14:15:00,19.7438076673282,5.95078540321208,423.115787465556,0.324412719333333,0.367918472059182,2.46953531280398,2
2025-11-11 14:30:00,19.8032254735875,6.10164225260059,422.982628285556,0.331532305111111,0.378789208910334,2.45691281784059,2
2025-11-11 14:45:00,20.3208685985701,5.72718067711076,424.933857083889,0.331296186888889,0.37476942606238,2.46541376241252,2
2025-11-11 15:00:00,19.9916065837593,5.97491259972255,422.635232406667,0.330672289111111,0.356645852713796,2.52277597030003,2
2025-11-11 15:15:00,20.2084398729001,6.2194317497827,423.950788987222,0.328332291333333,0.326653769153974,2.60288327454347,2
2025-11-11 15:30:00,20.5395035603439,6.10777785748588,424.237644569445,0.324804694444445,0.325336747747559,2.57555448265219,2
2025-11-11 15:45:00,21.2296700593828,6.48774762751768,424.132390956111,0.326233814444444,0.169967800831536,2.62489580930405,2
2025-11-11 16:00:00,20.8010857680177,6.46751973347254,424.053665217778,0.327041630666667,0.169533362360606,2.64561686655199,2
2025-11-11 16:15:00,20.9046005691026,6.10228561381936,424.249687417222,0.327106882888889,0.397961937543691,2.58013060079681,2
2025-11-11 16:30:00,20.5597635684323,6.03021591959907,424.231595347222,0.330263835777778,0.331545121499416,2.64217971165751,2
2025-11-11 16:45:00,20.5467505033242,5.99358494153104,423.810931141667,0.330548092666667,0.172244993464967,2.7162667350715,2
2025-11-11 17:00:00,19.4360092917428,5.80925885463811,422.372095118889,0.328909718,0.175830697292109,2.75379142062632,2
2025-11-11 17:15:00,20.307226074648,6.04296648842452,423.580997115556,0.326950049111111,0.174999232227422,2.80345273058098,2
2025-11-11 17:30:00,20.0927591293433,8.2381489705866,422.843450467223,0.330176312,0.1671300234618,2.86292886401079,2
2025-11-11 17:45:00,19.0738979159194,5.8557768651977,421.973380542778,0.333910333111111,0.176568815056512,2.88729374148817,2
2025-11-11 18:00:00,19.4661381859149,8.34324702910918,421.609537496111,0.326325163777778,0.167039138106855,2.94458370665335,2
2025-11-11 18:15:00,18.7988862298319,6.81970882878863,421.514579306667,0.330648067111111,0.172581583689977,3.17267051021529,2
2025-11-11 18:30:00,17.7370056611993,8.25118086861236,421.452098911667,0.334090521916667,0.17002662807289,3.33766031727844,2
2025-11-11 18:45:00,17.9607961627748,9.39552478033244,419.69344788,0.329733128222222,0.164707248477077,3.27945080334123,2
2025-11-11 19:00:00,20.1822076445912,8.86237515709032,420.757854761111,0.326944420666667,0.31157780036906,3.57904553206502,2
2025-11-11 19:15:00,20.0325737843067,9.37126633204417,421.113919380556,0.324735113333333,0.324327045802498,3.52379691582623,2
2025-11-11 19:30:00,19.8149508555832,10.36221909872,420.962684006111,0.325101059777778,0.346130754381513,3.41219295241438,2
2025-11-11 19:45:00,19.2290374738511,9.55617200953001,419.583685509445,0.324680901333333,0.364661187299706,3.54204721463357,2
2025-11-11 20:00:00,18.9256316558742,9.86430730354335,419.269110420556,0.325102121333334,0.380749201555175,3.55212104163149,2
2025-11-11 20:15:00,16.4814828360015,10.4433031799532,418.562772323333,0.327960590666667,0.385715956903289,3.54388425752101,2
2025-11-11 20:30:00,16.0791754094341,10.4596381295632,418.28186275,0.330222913111112,0.398512661514804,3.54635894507058,2
2025-11-11 20:45:00,15.8916729585634,11.3420352557661,417.986203841111,0.328699237777778,0.319727988519053,3.65865295441922,2
2025-11-11 21:00:00,15.9944826570578,11.67156691887,418.594482667777,0.329633911777778,0.334351950764509,3.66856665125498,2
2025-11-11 21:15:00,15.6087615071713,10.1983719393857,419.03787520111,0.332173894666667,0.326166215045113,3.6383264223206,2
2025-11-11 21:30:00,15.5530951723119,12.3278639440556,419.476461263333,0.329131346222222,0.328226556327321,3.75129369176388,2
2025-11-11 21:45:00,15.3150714964732,10.3956546404568,419.398140712222,0.324078392666667,0.32416697507835,3.81653999371813,2
2025-11-11 22:00:00,15.1515335022457,12.909395225403,419.586370934444,0.321843673111111,0.330968307014776,3.87149236768434,2
2025-11-11 22:15:00,15.3159155537009,12.4164726225974,420.252516001111,0.320168314888889,0.328221261607935,3.8409855352806,2
2025-11-11 22:30:00,14.3433570666882,12.7795637328145,420.083140036666,0.324556053555556,0.332248062395349,3.71914669570781,2
2025-11-11 22:45:00,14.2181397449421,12.9759236175279,420.486968987777,0.320321745777778,0.33223092215371,3.76209737959238,2
2025-11-11 23:00:00,14.338828540737,13.6216589744588,420.377097458889,0.318433263333333,0.333529480289727,3.89816522278658,1
2025-11-11 23:15:00,14.257749824235,13.5569933760758,420.802996806666,0.316569237111111,0.334721516433665,3.83210248115568,1
2025-11-11 23:30:00,14.1048934269599,12.6966870499549,420.737330384444,0.319370866666667,0.333168344977711,3.93383918977617,1
2025-11-11 23:45:00,13.9101430628867,13.7850100726039,421.276157731111,0.326836432888889,0.332932052864269,3.69875632357679,1
2025-11-12 00:00:00,14.2909437190179,14.0852501005726,421.00844984,0.321097697555556,0.334142347409134,3.83349798210852,1
2025-11-12 00:15:00,13.7979416756178,13.6527842219951,421.457195417778,0.325636645333333,0.334175639244602,3.83056000647302,1
2025-11-12 00:30:00,13.8937265498637,14.2871556652723,421.585890155555,0.323970126555556,0.327476358474265,3.91160029794637,1
2025-11-12 00:45:00,13.8514965739176,14.1264449626315,421.703945413333,0.315220084666667,0.32673054507803,4.07122873823178,1
2025-11-12 01:00:00,14.3989088308611,14.2584115877476,422.187740617777,0.311280713555556,0.326803840891055,3.84401838732907,1
2025-11-12 01:15:00,13.9924223761013,14.8000007611348,421.911891804444,0.314752782111111,0.324034599296522,3.9383725308457,1
2025-11-12 01:30:00,14.0133596680272,14.6943979993221,422.649827248888,0.316913226,0.326184499022061,3.8105119780813,1
2025-11-12 01:45:00,13.7489516742524,13.4354139301507,422.568974033333,0.315503271,0.325509255771681,3.83477811750171,1
2025-11-12 02:00:00,13.9885777704672,14.6382669965378,422.777076337777,0.315966928111111,0.326230832555042,3.94929851515616,1
2025-11-12 02:15:00,13.8885125466124,14.2433781856323,422.7030278,0.313826952666666,0.324634230907022,3.78767780172681,1
2025-11-12 02:30:00,13.7705221040035,14.5851012210519,421.715919904444,0.313487249777778,0.324212738052781,3.7472061306838,1
2025-11-12 02:45:00,13.9982856557769,15.0594505316241,422.848544435555,0.312847893555555,0.321493293552653,3.78901134143336,1
2025-11-12 03:00:00,13.974190523965,14.8399136519949,422.788077162222,0.316026941333333,0.322023896226813,3.62668362711895,1
2025-11-12 03:15:00,14.0145066318095,15.1740847843932,422.931683595555,0.314046995777778,0.321727127235359,3.64503831898243,1
2025-11-12 03:30:00,14.0700977198095,14.9522056404454,423.297347271111,0.314282446444444,0.322281243522816,3.56812223951013,1
2025-11-12 03:45:00,14.0498251678776,16.1331279681235,424.124851242222,0.311558587555555,0.323266117997703,3.55438811425716,1
2025-11-12 04:00:00,14.1243577032509,15.0867626178724,423.306654337778,0.313980906888889,0.322281243522816,3.61154499077767,1
2025-11-12 04:15:00,14.0829279438672,15.553909185551,423.480251146666,0.313488231777778,0.323344328123006,3.49921724276885,1
2025-11-12 04:30:00,14.0363142146332,15.7043252887962,424.051132835555,0.309818350444444,0.324417879220149,3.45693494237685,1
2025-11-12 04:45:00,14.0589315346317,15.685726048823,424.084479311111,0.311489432666667,0.336231588997869,3.33661139213074,1
2025-11-12 05:00:00,14.0500460068435,15.6693860807245,423.749252008889,0.308837227555555,0.339847956714515,3.37292146731682,1
2025-11-12 05:15:00,14.0932901890213,16.3494286494775,424.313254744444,0.309456084222222,0.34110091080502,3.24527051172769,1
2025-11-12 05:30:00,14.0521682087695,15.4339179578761,423.904713482222,0.310747274222222,0.339612792145134,3.26914878032825,1
2025-11-12 05:45:00,14.0514000092939,15.7873901881927,424.781515507778,0.310548443777778,0.340926267054346,3.26035248677132,1
2025-11-12 06:00:00,14.0974879933546,16.655584000545,424.998527994444,0.309992866,0.342255982503815,3.10584519664077,1
2025-11-12 06:15:00,13.7635902503413,14.1643757526691,425.300168454444,0.308957134444444,0.341687270256367,3.07598359216839,1
2025-11-12 06:30:00,14.0484044554376,16.013443820104,425.414899436667,0.309912598888889,0.344765039584175,3.08126258926823,1
2025-11-12 06:45:00,14.0174223252065,16.0432460057206,425.248732006667,0.310347377333333,0.342967761864083,3.12095132939133,1
2025-11-12 07:00:00,14.1087285838554,16.6464992467049,426.509080834444,0.307231134,0.335952465399459,2.90444838886054,1
2025-11-12 07:15:00,14.546803191003,16.8915580661665,426.185800254444,0.319544838888889,0.43384136448775,2.52411436468114,1
2025-11-12 07:30:00,14.8494800443768,16.2495165011798,425.711561284445,0.317922243111111,0.518397400240914,2.59899179108077,1
2025-11-12 07:45:00,14.9056951851736,17.1087688628078,426.562107297778,0.319030477666667,0.487442016252436,2.50912445826149,1
2025-11-12 08:00:00,14.9304455147662,17.5423885051815,427.27288632,0.317935206333333,0.491342659812763,2.45032323206956,1
2025-11-12 08:15:00,15.0660460799588,17.4661489431811,428.221651155555,0.319684734111111,0.48131669964142,2.51789022327883,1
2025-11-12 08:30:00,15.6187926268933,17.5838740702318,427.064408008889,0.309078483222222,0.480318984900821,2.59264331056435,1
2025-11-12 08:45:00,15.5499908610512,17.4245754280038,427.136620051111,0.310432665444445,0.497441311068737,2.6597874509914,1
2025-11-12 09:00:00,15.640352418283,19.0561962380802,431.543209908889,0.311072209,0.543288080994346,2.73863293510775,1
2025-11-12 09:15:00,16.5679675007393,18.2400292051776,423.894181339999,0.308653296055556,0.566312351905391,2.77178678733203,1
2025-11-12 09:30:00,16.3096321751956,20.3563557755488,429.662166686666,0.305349620444445,0.615806295986196,2.72497316424453,1
2025-11-12 09:45:00,16.505544011411,19.194209016527,425.700850022221,0.307376274722222,0.585468148138568,2.56957733714269,1
2025-11-12 10:00:00,16.5611170450914,18.4699706682073,432.342248122222,0.307287443777778,0.564636278987934,2.79449828765508,1
2025-11-12 10:15:00,16.9481725848726,17.8818096651831,436.60133366,0.308763760888889,0.584739688257748,2.72654517356957,1
2025-11-12 10:30:00,17.2527988018519,18.7629827355247,444.2951244,0.308080976777778,0.552428497712167,2.71977685421331,1
2025-11-12 10:45:00,17.008082841163,15.5992071283693,439.563821315556,0.308078922555556,0.414979453060077,2.64581412346429,2
2025-11-12 11:00:00,17.3176678454385,16.8192062742139,442.16526938,0.310198790555555,0.502395154507521,2.6372127042077,2
2025-11-12 11:15:00,20.2187105626624,18.9154748802637,430.324479366665,0.310422594222222,0.557764792073045,2.59370794770155,2
2025-11-12 11:30:00,17.9345620532104,18.4414191165224,470.216619195555,0.311327699111112,0.620146065678016,2.72219900187445,2
2025-11-12 11:45:00,18.2485680642876,10.376961194864,495.208557968888,0.319915776444445,0.700104453531966,2.64549354119534,2
2025-11-12 12:00:00,18.4415872544639,10.0947674336161,504.480852168148,0.315436188638889,0.748709933510018,2.51308258551028,2
2025-11-12 12:15:00,18.2045392965244,9.81258439141281,517.665720239259,0.318092183527778,0.827948999524306,2.63366666545968,2
2025-11-12 12:30:00,21.677203463972,10.427534845532,517.731543617037,0.317132603083334,0.862993267097999,2.7227292733247,2
2025-11-12 12:45:00,19.1852129997765,16.2173428311033,542.959922399402,0.320632932194445,0.907436013798489,2.76833667164056,2
2025-11-12 13:00:00,21.7240466167439,15.3256721101581,553.281705312317,0.317833830638889,0.945671509031455,2.65489822660709,2
2025-11-12 13:15:00,18.4343264815541,16.0750089422659,564.865447011466,0.316939070444444,0.982582670951422,2.71141855856712,2
2025-11-12 13:30:00,22.1291942027365,17.7745294246401,560.577095784153,0.316682313666667,0.952370513122311,2.65364476824841,2
2025-11-12 13:45:00,22.1252525503987,17.3929203900807,555.198030894889,0.317980821972223,0.922204919842001,2.71810697177603,2
2025-11-12 14:00:00,22.7976745050269,24.1513320071045,551.578333590415,0.318937451861111,0.953601319101302,2.82060610796458,2
2025-11-12 14:15:00,22.3340222752298,20.0384499721727,542.64727198448,0.317822062194445,0.901549950646397,2.81771504554918,2
2025-11-12 14:30:00,21.8478839736194,10.2918123445366,541.036795812729,0.319592343305556,0.872347699665776,2.82004039576321,2
2025-11-12 14:45:00,21.808349027612,10.383463667112,516.275977005925,0.317373873527778,0.860729389743843,2.73252966254729,2
2025-11-12 15:00:00,21.8863509270654,10.2303348989666,511.891929039259,0.319048190416667,0.818752848386194,2.75313628213328,2
2025-11-12 15:15:00,21.9443539206402,10.4007963952214,510.353196121481,0.315072350861111,0.801569919772897,2.70540429506962,2
2025-11-12 15:30:00,21.535516901135,9.70485018833323,509.541460708148,0.320200030861111,0.77169260535775,2.82049077934824,2
2025-11-12 15:45:00,21.6400977636906,9.7094067477499,506.630743257037,0.31923164575,0.8088340490034,2.77202589394327,2
2025-11-12 16:00:00,21.9913378296091,10.2835625871246,508.941891468889,0.319269661194445,0.818345877729239,2.90923048765461,2
2025-11-12 16:15:00,21.7479716303869,10.1519755677246,509.048034184444,0.321291266416667,0.843308748255621,2.74629417426335,2
2025-11-12 16:30:00,21.7600646244106,10.3549785559833,508.742723793333,0.319040373972222,0.84271266359784,2.70824125367874,2
2025-11-12 16:45:00,21.8676454699143,9.48899815867323,545.702197417377,0.321750087305556,0.853920239634,2.74318885913471,2
2025-11-12 17:00:00,21.7681223737424,9.93827406040143,556.846471520234,0.314155088555556,0.849124297719271,2.86463739072688,2
2025-11-12 17:15:00,21.8265364691246,10.2087291486714,568.288628933047,0.316489976555556,0.895651540519923,2.89825524029803,2
2025-11-12 17:30:00,21.796705372652,10.1103299132067,578.401106981589,0.315738671666667,0.957537983520271,2.98212892542439,2
2025-11-12 17:45:00,21.7380832809602,10.48513441514,568.523863163075,0.311849483222222,0.924545873157204,2.8509485202736,2
2025-11-12 18:00:00,21.8443053700076,16.5384570368819,569.33607154316,0.316303498777778,0.929542034474102,2.88341885915435,2
2025-11-12 18:15:00,21.6235107121009,9.99436182971868,569.253897557941,0.313320021444445,0.902651659202897,3.08967783129062,2
2025-11-12 18:30:00,21.3477941352802,9.68522435252201,562.957110907477,0.314234438111112,0.855372327520082,2.98878172805241,2
2025-11-12 18:45:00,17.5760350709496,9.56297982913098,561.334464134611,0.312277116,0.841093365117203,3.06928657750961,2
2025-11-12 19:00:00,21.4358099548994,9.86810265107142,564.928738309853,0.311596467222223,0.86939305952109,3.14495656779671,2
2025-11-12 19:15:00,21.7413631004298,15.0205462191784,584.701475462946,0.312547545222223,0.999348351161931,3.07318245590785,2
2025-11-12 19:30:00,17.6217764366006,10.3026236210733,624.027772925007,0.313448598,1.15090107433156,3.13096527015207,2
2025-11-12 19:45:00,17.0902860471058,15.9636514907703,632.804748222566,0.312936076888889,1.22681052164755,3.1170122659664,2
2025-11-12 20:00:00,16.8040933854998,16.5465279118538,652.249672435848,0.313202686555556,1.31036328664957,3.03687066576491,2
2025-11-12 20:15:00,16.3871237180638,17.5487334353423,657.247605726635,0.315066373666667,1.36436232414717,3.17205085267964,2
2025-11-12 20:30:00,16.487279710005,17.0793095716421,663.13747026651,0.314127567222222,1.38634091146272,3.16099608440752,2
2025-11-12 20:45:00,16.0436860067326,18.022827795272,671.870462640068,0.312880641,1.45183123600777,3.05871560691521,2
2025-11-12 21:00:00,15.9019261791258,17.1898339763531,678.492424066606,0.311898339888889,1.47959595317442,3.03273862171057,2
2025-11-12 21:15:00,15.3101482435713,18.6772638574609,664.408356022757,0.313452045444444,1.46175529064654,3.00505639089641,2
2025-11-12 21:30:00,16.0484704171142,18.388429692056,658.146889543316,0.311703551888889,1.4472362402142,3.04265487118035,2
2025-11-12 21:45:00,15.3241302933125,18.2751167365731,652.765837064651,0.315420474333333,1.44900040196345,2.96167765677524,2
2025-11-12 22:00:00,15.4295806040111,18.3979185436072,648.883377961202,0.311286898333334,1.45897293855064,2.97574991578017,2
2025-11-12 22:15:00,16.0379571097796,19.5431745183343,645.387258191932,0.310158368111111,1.47807292967019,2.83051561719549,2
2025-11-12 22:30:00,15.1061500871269,19.8109553171054,638.735889377877,0.319171400111111,1.49315823481054,2.84027875859164,2
2025-11-12 22:45:00,15.3949856154949,19.3325678915419,633.914429525793,0.314577753222222,1.48141328404294,2.77501241747575,1
2025-11-12 23:00:00,15.2034103459202,19.46353941986,630.560971846786,0.316003316333334,1.48280076531754,2.77152376423782,1
2025-11-12 23:15:00,15.4002134102922,20.0911855222342,624.313480057566,0.315230435444445,1.47011545502487,2.76278228927513,1
2025-11-12 23:30:00,15.1718291415002,19.5525778057614,617.113714964312,0.316796927,1.44649170911337,2.8079913548486,1
2025-11-12 23:45:00,15.1249537538321,20.4480803118647,613.241031768057,0.317146107444445,1.43236271449399,2.7417324794541,1
2025-11-13 00:00:00,15.0742042446513,20.1329114919326,606.196018976005,0.318576024333334,1.41347304272142,2.80343805294375,1
2025-11-13 00:15:00,15.0960514156899,18.9940997627464,601.792981608823,0.318181124555556,1.38213143979541,2.69605861048734,1
2025-11-13 00:30:00,15.0509572240765,19.9605570103124,594.733237601304,0.317833788555556,1.36822620220927,2.80396233550284,1
2025-11-13 00:45:00,15.0972276217387,20.2993457279028,588.713298886584,0.318785833222222,1.33462276008652,2.75777575094433,1
2025-11-13 01:00:00,15.1435389072721,18.7271209572555,584.865259949728,0.318138349777778,1.30640156335702,2.72913418133525,1
2025-11-13 01:15:00,15.108807080518,19.4185839571318,580.436110324005,0.319160535666667,1.28879480536679,2.7759513912842,1
2025-11-13 01:30:00,15.1502472371521,18.0185127200427,573.052314990073,0.317432844,1.24967903840349,2.71479378497052,1
2025-11-13 01:45:00,15.2039118015227,18.8025307000673,562.239398527685,0.316825692111111,1.21445000008526,2.78146179007847,1
2025-11-13 02:00:00,15.1032442950587,18.9362010906196,555.160931616375,0.31827521,1.17933306385495,2.8685860770541,1
2025-11-13 02:15:00,15.083077271798,18.0525946132082,545.981406266132,0.317383354638889,1.14200383374054,2.8529431845049,1
2025-11-13 02:30:00,15.3506838344158,18.6527089926755,517.942047068889,0.31352241975,1.10071766629412,3.02970778964615,1
2025-11-13 02:45:00,15.1236139737182,17.571941566217,512.68475806889,0.31649075975,1.06013039178365,3.09044554500325,1
2025-11-13 03:00:00,15.0858580574513,18.5122189353576,510.85593426889,0.316261055416667,1.02629710379812,3.22528328586189,1
2025-11-13 03:15:00,15.2572772398307,17.1940351661241,508.101357106667,0.312314147111111,0.981933533357209,3.35735100221673,1
2025-11-13 03:30:00,15.2578697804973,17.2599344260331,504.742362991112,0.311857550444445,0.957487887224778,3.38060402556799,1
2025-11-13 03:45:00,15.2010465509648,10.1601889882024,498.301780808889,0.316575192888889,0.920493508796043,3.42765736993567,1
2025-11-13 04:00:00,15.1443311224233,10.330917269709,494.841451502222,0.313603583111111,0.896585941123681,3.39634394961381,1
2025-11-13 04:15:00,15.1619494010211,10.2142578956324,494.244380671111,0.314188579111111,0.886984471349699,3.38351539583898,1
2025-11-13 04:30:00,15.0241771110076,10.1376380499336,492.314600515555,0.313741568,0.851730526090596,3.6663379843669,1
2025-11-13 04:45:00,15.0591348090694,10.3922170080037,484.995527368888,0.313822212888889,0.852682632758146,3.57767992898576,1
2025-11-13 05:00:00,14.6449796408774,16.8319917373755,479.239892331111,0.313023467555555,0.834824890947312,3.69235715216194,1
2025-11-13 05:15:00,14.2706401187545,16.0137971905669,468.633148635555,0.312836732666667,0.809616632545022,3.79376158777501,1
2025-11-13 05:30:00,14.2724431856174,16.5430229569092,460.10069642,0.312061481777778,0.444825287889721,3.9706935859288,1
2025-11-13 05:45:00,14.0754825146776,16.4951866641066,453.094210342221,0.313759221333333,0.408888390892864,4.12434459093328,1
2025-11-13 06:00:00,14.1133478606034,17.1560697176966,439.15077037111,0.308447536666667,0.394512842172347,4.09371929969342,1
2025-11-13 06:15:00,14.171048494375,15.9686032947298,437.660248522221,0.305095923333333,0.387890821302403,4.20527659494858,1
2025-11-13 06:30:00,14.0014100565342,17.4303918145326,435.538676195554,0.311495691888889,0.422657136144595,4.30878969756923,1
2025-11-13 06:45:00,14.0143012413315,16.5046157933219,434.765652402221,0.310219534,0.388078024666192,4.49079219898806,1
2025-11-13 07:00:00,15.067489854779,16.444807108841,434.322015246666,0.308715940222222,0.398413660405821,4.1715568622824,1
2025-11-13 07:15:00,15.0803441445864,16.2546562136761,444.896724611111,0.320786214888889,0.386370007963519,3.46022209328552,1
2025-11-13 07:30:00,16.2378681523402,15.4686222129915,430.571438317777,0.311840907,0.462279423640796,3.31693934776196,1
2025-11-13 07:45:00,14.6746268491167,9.85835509911689,434.052603378889,0.314006608333334,0.334403377305506,3.28627988010954,1
2025-11-13 08:00:00,14.5327104806678,9.56675939174775,429.759968314444,0.314530055111111,0.304751335469492,2.96348790603497,1
2025-11-13 08:15:00,14.2135737658177,9.47200726160449,426.77910405,0.319613941111111,0.326105428939237,2.73286399671476,1
2025-11-13 08:30:00,14.7222363471147,9.30547625946516,421.804422647778,0.318009900888889,0.326026983763652,2.57894936635561,1
2025-11-13 08:45:00,14.2585424321363,8.68123067981575,423.262230857778,0.323106757333333,0.274970559817284,2.51643909889433,1
2025-11-13 09:00:00,14.0352937087154,8.55734089750864,424.37322674,0.324919214444445,0.270129359293507,2.5366248731637,1
2025-11-13 09:15:00,13.9034136073215,6.25084289023295,425.307136293334,0.327682622888889,0.328603009403391,2.55551342679928,1
2025-11-13 09:30:00,13.9188648970588,7.8252876279247,424.009368104445,0.323485210666667,0.333745365051658,2.49465197763251,1
2025-11-13 09:45:00,13.8030410346877,6.32737217546781,423.323989988889,0.327648974888889,0.318425765637205,2.46062770226398,1
2025-11-13 10:00:00,13.7798079404459,6.25464678511153,423.726776713333,0.325077284666667,0.323633206196326,2.47806182609878,1
2025-11-13 10:15:00,13.2648102546363,6.23141036222586,423.411935344445,0.324850821333333,0.314607277455943,2.50159653889846,1
2025-11-13 10:30:00,13.7687380586093,6.33536338087457,423.821537455556,0.325824681111111,0.315084377839471,2.52497938379929,1
2025-11-13 10:45:00,13.8496210831153,6.23058755556448,424.119604415556,0.321214988222223,0.314341683895177,2.600744875851,1
2025-11-13 11:00:00,13.9793424759976,6.24149984464111,425.2274783,0.318646026666667,0.322176047551713,2.49114977322743,1
2025-11-13 11:15:00,14.0291561026416,6.27821506802017,435.440867968889,0.311335441333334,0.322608990481588,2.45637246461211,1
2025-11-13 11:30:00,14.0658457795035,6.31140641592608,446.860127688888,0.309138615333333,0.362087792767254,2.51366935491881,1
2025-11-13 11:45:00,14.0431545082493,6.10802030245492,460.550553028889,0.308516926,0.374309149453942,2.44931235989646,1
2025-11-13 12:00:00,14.0599038711889,5.43631490026429,484.069787724444,0.307970806222222,0.563429772875147,2.45716715243672,1
2025-11-13 12:15:00,14.1431771119563,5.3245397662228,491.360910384445,0.320213908,0.606145498241634,2.49506938970982,1
2025-11-13 12:30:00,14.2320709510633,5.17571964650245,495.342251793334,0.319962917111111,0.596748513807787,2.48572456075796,1
2025-11-13 12:45:00,13.6194286093964,5.25208054825915,506.592029817778,0.315423515333333,0.594640925015723,2.42581555475028,1
2025-11-13 13:00:00,13.9888691320029,5.30784973250493,507.196007853334,0.318594588166667,0.567566050167325,2.42424053617114,1
2025-11-13 13:15:00,14.0689851363231,5.23217672441963,505.539604915556,0.319043809444445,0.56009171213351,2.42690603764477,1
2025-11-13 13:30:00,14.0618975067226,5.23277186543517,496.745275645926,0.322497967916667,0.51139327529877,2.41203373492332,1
2025-11-13 13:45:00,14.1156904421969,5.19145032390125,492.707294372593,0.312418247305556,0.493322566827967,2.50432623820938,1
2025-11-13 14:00:00,13.8439125385003,5.1979742564197,490.541481665926,0.32024769375,0.442426579472741,2.43312723399588,1
2025-11-13 14:15:00,13.9310662888989,5.21011056478609,489.914108988148,0.321662637861111,0.232625416803307,2.54680325789058,1
2025-11-13 14:30:00,14.3114293061202,5.17710767033267,489.829211457037,0.319009040888889,0.547445621278722,2.41534350157663,1
2025-11-13 14:45:00,14.2372793164903,5.2310422033639,490.482958623704,0.310717842888889,0.57292651383684,2.40412872318594,1
2025-11-13 15:00:00,14.2818839385553,5.35296509293436,492.307871748148,0.319381499555556,0.603820593956016,2.42891295767331,1
2025-11-13 15:15:00,14.5402562863524,6.87528784112043,494.477272843704,0.317788624555556,0.641490128411755,2.3950334213154,1
2025-11-13 15:30:00,14.0224311560379,5.26799298390374,491.825201565926,0.316858329111111,0.621784904399476,2.4214210429487,1
2025-11-13 15:45:00,14.5634305176715,5.38129003897784,491.33969811037,0.317273512222222,0.643484736835663,2.45837749344674,1
2025-11-13 16:00:00,14.3467790329002,5.46879487433799,490.365534517037,0.313055405777778,0.681345271256447,2.47374051166654,1
2025-11-13 16:15:00,14.2351806514193,5.5608190354198,494.361339892593,0.312772214666667,0.689945998052216,2.3878767394406,1
2025-11-13 16:30:00,14.4929818580954,5.44020988152287,506.119267241482,0.318371959222223,0.672497435942594,2.44587269166053,1
2025-11-13 16:45:00,14.3806831955179,6.5459544033172,511.810828051852,0.321715659972223,0.672351599141861,2.47529983346204,1
2025-11-13 17:00:00,14.3300431141661,5.57206935133434,518.31939082963,0.320576533638889,0.716301392881759,2.44168501245731,1
2025-11-13 17:15:00,14.3654171185181,5.44169950678833,542.903937510573,0.318903586305556,0.744650946236789,2.41832971039475,1
2025-11-13 17:30:00,14.3517343119937,5.72878088577801,550.568591409715,0.318615704861111,0.756856852696739,2.46104340449781,1
2025-11-13 17:45:00,14.9094966099257,5.47351196948646,551.026801785699,0.313160979583334,0.753056508916824,2.4236340770409,1
2025-11-13 18:00:00,14.0295438962338,5.27611933936379,553.153708141634,0.325276860972222,0.744494259686446,2.41801389481085,1
2025-11-13 18:15:00,14.4816915163435,8.16157259530874,556.062704883213,0.313811796333334,0.771100133226239,2.35475348787845,1
2025-11-13 18:30:00,15.9878135181074,8.37148476664921,554.126739437969,0.313413750472222,0.748677728394239,2.35946745149964,1
2025-11-13 18:45:00,15.9499690480639,8.58026896192132,541.813620683373,0.308627751861111,0.771312619618356,2.35369689271412,1
2025-11-13 19:00:00,17.1055194792638,9.19414131951962,517.031907628889,0.3121665705,0.802979839672342,2.88853021089434,1
2025-11-13 19:15:00,17.5578937192401,9.46454245182266,508.394289806667,0.312664017611111,0.83777748344838,3.05296838893305,1
2025-11-13 19:30:00,18.6860918805985,10.0683328197512,507.976274384445,0.317151619194445,0.885958261664476,2.92228738452287,1
2025-11-13 19:45:00,17.6077412772494,15.3528291807902,508.268001603704,0.317598053638889,0.942862362628335,2.99379214666808,1
2025-11-13 20:00:00,17.3142603654435,15.0632119066522,508.827225657037,0.318763357416667,0.982516576759235,2.93628143500979,1
2025-11-13 20:15:00,17.5421231357146,15.447230527777,507.537596852593,0.318208248194445,0.983559870998711,2.98530705899311,2
2025-11-13 20:30:00,17.1706799398802,15.950651848247,508.103754721481,0.319738727083334,1.00865406494635,3.01210432695749,2
2025-11-13 20:45:00,16.9090171724217,16.0253486626973,507.240272168148,0.32027933175,1.01174397505433,2.94540781515715,2
2025-11-13 21:00:00,16.9334411205833,16.3842844825943,507.141800614815,0.319640434416667,1.02850482486084,3.05538589128091,2
2025-11-13 21:15:00,16.8230995749549,16.8346600007257,506.930068172593,0.316834335527778,1.03527494628938,3.08276688812557,2
2025-11-13 21:30:00,16.6067495193664,16.5614617046126,504.933938048889,0.314675787194445,1.03315014910015,3.03128549400173,2
2025-11-13 21:45:00,15.6700575962383,16.4260414879223,504.869603655556,0.317446157861111,1.04256271465615,3.16931270801568,2
2025-11-13 22:00:00,16.4077634799648,16.1307745318514,504.598722542222,0.315805322083334,1.0273325620337,3.22163659152455,2
2025-11-13 22:15:00,15.6817501461842,17.0167326059225,504.374809342222,0.318854511777778,1.03754834472444,3.32985188746669,2
2025-11-13 22:30:00,15.7213086106231,17.3592000972538,501.752360975556,0.314333305777778,1.02726387788186,3.25411580370678,2
2025-11-13 22:45:00,15.7208481280175,17.6216067883275,501.312412311111,0.313475138888889,1.02758400245388,3.27258152187015,2
2025-11-13 23:00:00,15.7472074663064,17.9757975744104,496.797503333333,0.313244522,1.0221556430355,3.25241027638867,2
2025-11-13 23:15:00,15.704613932451,18.5777444953359,496.011923875555,0.316388178222223,1.0215513343212,3.40060357531775,2
2025-11-13 23:30:00,15.4362410789326,18.9352381108835,495.027502795555,0.320558945555556,1.02169167646789,3.326369586882,2
2025-11-13 23:45:00,15.7165872664506,18.2586872995916,493.90004925111,0.312741811777778,1.0064384245892,3.38916618086304,2
2025-11-14 00:00:00,15.3833491944317,18.0273516968854,493.533909682222,0.316626179111111,1.00628819318011,3.34710681474178,2
2025-11-14 00:15:00,15.224496121405,19.111952348001,492.210974455555,0.322039632222222,1.02236985043921,3.15268457220466,1
2025-11-14 00:30:00,15.3339946207335,18.904944511381,491.415855873333,0.318061705777778,0.993978137429263,3.36353059980244,1
2025-11-14 00:45:00,15.3295075055014,18.3942248401468,489.231881842222,0.319346885111111,0.988202557890646,3.49051884204202,1
2025-11-14 01:00:00,15.2981926461577,18.9947127964008,488.663188655555,0.321420125777778,0.983332084627434,3.43342377977173,1
2025-11-14 01:15:00,15.2823737051387,19.1379648580474,488.113735082222,0.317800742222222,0.991782734670483,3.50515923516066,1
2025-11-14 01:30:00,15.2529952344733,18.6163037862092,487.567878484444,0.319478478888889,0.985048290240669,3.41217043016184,1
2025-11-14 01:45:00,15.2646789222673,19.0214353319679,482.584920413333,0.317861969333333,0.972749521905294,3.20547300572652,1
2025-11-14 02:00:00,15.2510266314007,18.0608260271521,480.00976816,0.317179142444444,0.958553606869535,3.39089507108393,1
2025-11-14 02:15:00,15.2318400620096,18.2541402047676,475.78152642,0.314295047555555,0.957362567238029,3.47054518398665,1
2025-11-14 02:30:00,15.2169552865562,18.8724017906547,472.832256677777,0.314466742222222,0.954086186551521,3.30604883707385,1
2025-11-14 02:45:00,15.2454572279548,18.5613411515331,471.993982586666,0.314513703777778,0.945197303916659,3.41896998615392,1
2025-11-14 03:00:00,15.2277948817873,19.059707190228,470.616626802222,0.314457512222222,0.943741306073573,3.12812373828504,1
2025-11-14 03:15:00,15.2348675600496,17.9660230450902,465.011645082221,0.314202230222222,0.934263756333699,3.23576793544788,1
2025-11-14 03:30:00,15.2467330937194,18.1327061839415,458.885940948888,0.312870628444444,0.930003938070714,3.19605203971429,1
2025-11-14 03:45:00,15.2291235546394,17.7563989540863,454.886334977777,0.313511249555555,0.909438500065894,3.10779912022643,1
2025-11-14 04:00:00,15.2015955346276,18.1614261713208,455.044767453332,0.313624289777778,0.920909782736372,3.03935426386396,1
2025-11-14 04:15:00,15.1885612303298,17.7179559858547,454.98163169111,0.313518926222222,0.91477879410498,3.05730067067548,1
2025-11-14 04:30:00,15.1661741718054,17.7419573577996,449.854229602221,0.312864013777778,0.910926704332919,2.95081322930577,1
2025-11-14 04:45:00,15.2080866166972,17.4119850876063,441.256575404443,0.311881877111111,0.468474558940072,2.93825391377038,1
2025-11-14 05:00:00,15.2043734644572,17.859018028011,437.206528022221,0.310070245111111,0.467637017972458,2.99678777732169,1
2025-11-14 05:15:00,15.1815535690839,18.9600378910315,437.436135555554,0.309379100444444,0.903832958074029,2.7776726922651,1
2025-11-14 05:30:00,15.1975386061965,17.6722074017989,432.62778513111,0.309708224,0.443103214362075,2.82730861305793,1
2025-11-14 05:45:00,15.1611995150217,18.0612103634228,432.992006944443,0.309441371777778,0.433237839010334,2.88875659977216,1
2025-11-14 06:00:00,15.2102392237402,18.2724056622409,432.28962031111,0.309468452444444,0.430709456523314,2.92884187445886,1
2025-11-14 06:15:00,15.1772455504765,17.8640204002664,432.878514444443,0.309470523555555,0.429398837283848,2.82024259479858,1
2025-11-14 06:30:00,15.3755952583715,18.5267237666998,431.258338039999,0.307492956444444,0.858239776545376,2.92055757718928,1
2025-11-14 06:45:00,15.1238275562068,18.7387811708638,432.284604415554,0.308833430666667,0.861584959837191,2.81329464654182,1
2025-11-14 07:00:00,15.2469862209624,18.3434045368243,431.228845182221,0.309198976222222,0.817816937258324,2.56015485264122,1
2025-11-14 07:15:00,15.4755000834193,16.1639268619018,429.249256942221,0.306674135777778,0.418104654585066,2.38640128559006,1
2025-11-14 07:30:00,15.6056813194716,10.4756345550371,429.677604608888,0.308357121111111,0.464235334494655,2.37481761439933,1
2025-11-14 07:45:00,15.6747434216999,16.2022882980771,430.002411113332,0.309297985555556,0.5394628868703,2.39302031366541,1
2025-11-14 08:00:00,16.1236974184819,16.1687541897734,424.83999839111,0.311723559611111,0.469083932802699,2.46973273155338,1
2025-11-14 08:15:00,16.3113013271971,17.1115226444627,427.092435457777,0.307079371777778,0.500799804766412,2.47701146772557,1
2025-11-14 08:30:00,18.0140604897882,19.5782391312716,425.279247842221,0.308557523888889,0.649599340383799,2.76881559255013,1
2025-11-14 08:45:00,18.2082440523007,21.0213926279145,425.378517668888,0.309509258222222,0.570382474529112,2.81298419374775,1
2025-11-14 09:00:00,20.6062102319126,22.655042615144,428.148434742222,0.306877252666667,0.575451333447088,2.92526018469034,2
2025-11-14 09:15:00,20.5450444734385,21.8630994312353,444.457621602222,0.304916298666667,0.574954220422844,2.85632547459713,2
2025-11-14 09:30:00,20.9883252748208,23.0213159019117,427.253692242221,0.298495033111111,0.574418376121217,2.76249779669751,2
2025-11-14 09:45:00,21.0896543118193,24.4828163681527,441.813436871111,0.304959720888889,0.594995121232895,2.78910771788895,2
2025-11-14 10:00:00,21.2194821472802,24.8192820193089,443.758022807223,0.301376249333333,0.593416817271609,2.87180426441052,2
2025-11-14 10:15:00,21.0844364312,22.6291784494813,436.188538580555,0.299853839555556,0.571454023088408,2.98077341260264,2
2025-11-14 10:30:00,20.8913001387513,20.9826462661881,444.578629869445,0.303423490888889,0.540888680534919,3.02814228211532,2
2025-11-14 10:45:00,20.8703866681572,18.623238535394,440.709546207222,0.301267126888889,0.516894209654005,2.7489207667525,2
2025-11-14 11:00:00,20.8945108712283,17.3640776517855,446.957965076111,0.304301995555555,0.501068574549276,2.73665253334385,2
2025-11-14 11:15:00,21.4497160108583,17.315572068373,434.030245655554,0.307321024888889,0.512131568135098,2.77908776880839,2
2025-11-14 11:30:00,21.6605284362716,16.2290025154893,438.313739155555,0.312816653777778,0.45956673747536,2.91513511623945,2
2025-11-14 11:45:00,23.4149699168774,16.4182519630534,461.666748713333,0.315154904444444,0.83090206687698,2.66948850461782,2
2025-11-14 12:00:00,22.9231338878626,15.1904651013908,472.691065113333,0.310242594222222,0.760001387518189,2.82923787750108,2
2025-11-14 12:15:00,22.8477512359653,10.0584020563746,482.0582721,0.321508265333334,0.702272692359631,2.66105214570679,2
2025-11-14 12:30:00,22.0849421542017,9.56399921524847,485.785576204444,0.314279995222223,0.665965588661825,2.67451164567949,2
2025-11-14 12:45:00,20.3351644353128,9.3147685809344,487.451166317778,0.308237993,0.63752465079671,2.59514415206823,2
2025-11-14 13:00:00,19.7451281721276,9.35065301691658,487.809451855555,0.309804452166667,0.622853585416104,2.60692235130285,2
2025-11-14 13:15:00,19.7597635332772,8.99876693614748,493.230005235555,0.314299391777778,0.607829940813474,2.58613529113969,2
2025-11-14 13:30:00,21.4169043725979,9.64617228900293,498.687783291111,0.318109075333334,0.623413183399611,2.5685210337345,2
2025-11-14 13:45:00,22.1577921989957,9.60387720131627,506.799259806667,0.322528493777778,0.608441887897251,2.5554793147443,2
2025-11-14 14:00:00,21.9865663980283,9.20882481725626,510.588262217037,0.32211164675,0.643617029070955,2.61023113994832,2
2025-11-14 14:15:00,21.843230588452,9.19601190840383,510.475113857037,0.321571809305555,0.664457780477323,2.78870013928547,2
2025-11-14 14:30:00,21.289818190577,9.0330898658805,510.54555359037,0.322047942194445,0.693865101610986,2.62617748784376,2
2025-11-14 14:45:00,22.2468869214491,9.4790790011005,510.300899905926,0.322445315083333,0.70801752753146,2.7504411443993,2
2025-11-14 15:00:00,22.8173916077987,9.48114394833383,514.583181905926,0.324094723305556,0.742163970854923,2.69030163446207,2
2025-11-14 15:15:00,23.3003005200239,9.63720884614384,519.073294268148,0.323190101305555,0.750870619761025,2.73316102261839,2
2025-11-14 15:30:00,23.0507392183528,9.18211532075383,519.059759841481,0.321093380416667,0.737060460548249,2.78727260475663,2
2025-11-14 15:45:00,23.1079047373513,9.15927948852717,519.3905679,0.320291444416667,0.78538979329242,2.90806339980105,2
2025-11-14 16:00:00,23.1540623556283,9.54215383087789,519.079137197778,0.321707449972222,0.81894482906665,2.91860442261709,2
2025-11-14 16:15:00,23.1899246439498,9.73609119802789,515.033516355555,0.321391997305556,0.83267450310973,2.85078623517344,2
2025-11-14 16:30:00,23.199830042815,9.85912423490123,519.903571431111,0.323262102861111,0.844397624622285,2.87558785203631,2
2025-11-14 16:45:00,23.0988198320269,9.70499919738123,547.878577147331,0.323311886194445,0.892400537462494,3.02077963257697,2
2025-11-14 17:00:00,22.9573393115148,9.80551079521789,554.16792088914,0.321309793888889,0.937506618839055,2.86189218234758,2
2025-11-14 17:15:00,23.0422349515795,9.93915686507456,550.443455247767,0.326795879083334,0.918485038362152,3.09306295797643,2
2025-11-14 17:30:00,22.8945455625222,9.87185648697123,551.285930285339,0.323710737083334,0.92128677299585,3.03746703747504,2
2025-11-14 17:45:00,22.7676032286506,9.92284810145456,543.676092790426,0.320854615527778,0.925072033529755,3.05809647446802,2
2025-11-14 18:00:00,22.9881995863676,9.91952239110789,540.945447269556,0.322174779083334,0.93096495356232,3.2728506276023,2
2025-11-14 18:15:00,22.3016412702046,9.92803613575122,519.314885411111,0.318693616194445,0.918745943347345,3.20676635111792,2
2025-11-14 18:30:00,22.1124345875721,10.0145367592246,512.460718884444,0.318660078194445,0.869914477866771,3.09109932007057,2
2025-11-14 18:45:00,22.073712114858,9.37670017277657,508.161265143704,0.317244746527778,0.788778667002314,3.10593346644488,2
2025-11-14 19:00:00,21.7298024353646,9.07372987820976,504.575154257778,0.312524538305555,0.735275237001792,3.10256325240547,2
2025-11-14 19:15:00,20.231652864975,9.06745725666989,507.62934789037,0.318080849416667,0.708104279541817,2.94733606029327,2
2025-11-14 19:30:00,19.7680475254091,9.10888522913567,512.472318475555,0.317006972194444,0.741936267609378,3.15948160018744,2
2025-11-14 19:45:00,18.0171237661779,9.61286983970097,549.268776617802,0.31735004775,0.79836370325764,2.9913308593598,2
2025-11-14 20:00:00,17.510308014797,9.65496925835764,554.927161781392,0.314044723861111,0.840646671467137,3.06129888540022,2
2025-11-14 20:15:00,17.1656208192312,9.97430466958396,560.646744774784,0.315367969777778,0.901157626571101,3.12813204360837,2
2025-11-14 20:30:00,16.8932331855058,10.3999848087648,563.421739735282,0.312713771666667,0.955873436367221,2.93033251085472,2
2025-11-14 20:45:00,16.5264727609028,14.8943908762064,570.401075671713,0.315152408666667,1.03966106788276,2.91835081831709,2
2025-11-14 21:00:00,16.4225277749363,14.9150984140536,574.109907975706,0.314695950333334,1.08200295119505,2.87566997319562,2
2025-11-14 21:15:00,16.3763314424719,16.0412877172137,572.496013314862,0.316306668555556,1.11330978615946,2.85294385250787,2
2025-11-14 21:30:00,16.0665578854289,15.1197729185576,575.260037105286,0.312526723666667,1.14389049940011,2.8386160942223,2
2025-11-14 21:45:00,15.5503501204042,16.0121387111455,574.858967822018,0.314255853444445,1.14639798209456,2.8499955202044,2
2025-11-14 22:00:00,16.1417608680032,16.5940704856628,568.205571457704,0.311988689444445,1.1217131878741,2.65223755255664,2
2025-11-14 22:15:00,16.3417552999167,16.1529068590447,562.33210643472,0.312012195,1.09625244865474,2.89424780539003,2
2025-11-14 22:30:00,16.2301024636305,16.3173614947351,553.784242962741,0.314344112194445,1.06414139891075,2.76093807340197,2
2025-11-14 22:45:00,15.5642936683472,17.4246720426124,547.657966117739,0.315668600638889,1.06620613982422,2.71091632608161,2
2025-11-14 23:00:00,15.5358834416226,16.4227032950437,517.92501368,0.31415828175,1.03782545368063,2.76733969242666,2
2025-11-14 23:15:00,15.5163657191269,17.0638050976734,516.514873417778,0.31669762375,1.01153361177356,2.73825017373704,2
2025-11-14 23:30:00,15.2192015587023,10.4282193642695,511.112998482222,0.317907625083334,0.991016294283419,2.67543487403028,1
2025-11-14 23:45:00,15.2268428037154,10.2457424619388,509.863965595556,0.318503436638889,0.972327690970347,2.61135687349217,1
2025-11-15 00:00:00,15.5069017313842,10.0641131553288,506.293371822222,0.313674408305556,0.935347356147054,2.63147211617725,1
2025-11-15 00:15:00,15.2689992723984,10.1248862318222,505.574298826667,0.315057715333333,0.916599308579393,2.59495629442973,1
2025-11-15 00:30:00,15.2500484467332,9.99374579019549,503.011939275556,0.311929979555556,0.889682868124685,2.55819767729112,1
2025-11-15 00:45:00,14.9239196501678,10.2316162763888,500.874622022222,0.315113489111111,0.902025476151292,2.49378271807546,1
2025-11-15 01:00:00,14.6594033338766,10.1123656184722,496.11823864,0.318992946777778,0.885622671631068,2.59415688724543,1
2025-11-15 01:15:00,14.6994820921316,10.1771687206188,494.332826555555,0.312443787333333,0.870980540350411,2.62461464584812,1
2025-11-15 01:30:00,14.6816541926538,10.1771687206188,493.749062024444,0.312088079333333,0.855003354630387,2.55232338868386,1
2025-11-15 01:45:00,14.65170434637,10.1973397806652,491.198507957778,0.314664628666667,0.843513951079292,2.57232104507336,1
2025-11-15 02:00:00,14.2774024306059,10.3431594913101,489.728409282222,0.318157988888889,0.843661808513752,2.64293367579261,1
2025-11-15 02:15:00,14.4188353870958,10.2169466937934,488.825203459999,0.315971392444444,0.822589883916625,2.59811700538165,1
2025-11-15 02:30:00,14.3134403093333,10.3298243162301,486.878389462221,0.317000308555555,0.824068461046384,2.57608171289879,1
2025-11-15 02:45:00,14.2713410559496,10.2482659802301,482.336933535555,0.314910657555555,0.822307397179173,2.48932463243207,1
2025-11-15 03:00:00,14.2025484013066,10.1405947993534,481.428273026666,0.315550212222222,0.817298796784869,2.52110683954331,1
2025-11-15 03:15:00,14.3057420004711,10.2791863470368,475.825725337777,0.313556027444444,0.808569927486737,2.52343626516885,1
2025-11-15 03:30:00,14.1828668851763,15.5216054513562,470.943192648888,0.314216901333333,0.806912786917292,2.54375182137428,1
2025-11-15 03:45:00,14.2998225448622,16.2608610183031,464.472068142221,0.313278425,0.801079756849933,2.55739654628889,1
2025-11-15 04:00:00,14.1829890015659,15.7611928488325,462.594124468888,0.312922108,0.804297900753153,2.58761275329527,1
2025-11-15 04:15:00,14.2575867249629,16.4869556658126,458.423472957777,0.312741809555555,0.466830410260313,2.66165388455493,1
2025-11-15 04:30:00,14.2168952558592,16.379510749659,453.684132237777,0.314275157555555,0.435935135829289,2.48576174048721,1
2025-11-15 04:45:00,14.2339125620859,16.6596458786139,441.122998762221,0.310103494,0.39373262960585,2.57783330948707,1
2025-11-15 05:00:00,14.2198207137792,16.3533052101372,441.241693637776,0.309926565555555,0.393453000369202,2.58614793093038,1
2025-11-15 05:15:00,14.1824773645037,16.2039080004898,440.175334242221,0.309577848,0.390112199802823,2.48896453881729,1
2025-11-15 05:30:00,14.2156323490548,17.2074126909442,436.636322815554,0.309733864222222,0.424335596328975,2.47638531261005,1
2025-11-15 05:45:00,14.2552142878978,16.9259768784494,436.45567381111,0.309906469333333,0.389196235151967,2.51077775000593,1
2025-11-15 06:00:00,14.2399007455718,16.8679837391795,435.911393584443,0.309863670888889,0.390498217979016,2.48420530235345,1
2025-11-15 06:15:00,14.226848571,17.6198207215,434.792144186666,0.309353894222222,0.426344461833362,2.46594670949764,1
2025-11-15 06:30:00,14.1799874795511,16.1866679492236,434.894740508888,0.312807166444445,0.392003390034454,2.48017493442748,1
2025-11-15 06:45:00,14.2656538455007,17.3791457639988,434.438673844443,0.309685675555556,0.42268765364141,2.47841713185557,1
2025-11-15 07:00:00,14.2384988097452,17.2777290403846,434.005860575555,0.311283813555555,0.418115129899024,2.46891793611652,1
2025-11-15 07:15:00,14.9437606163448,14.41960466197,425.046697359999,0.314803331555556,0.373437394107979,2.41541770358752,1
2025-11-15 07:30:00,15.2090638847272,10.3372345712472,425.75923973111,0.310938828444445,0.281331048766668,2.37278232168129,1
2025-11-15 07:45:00,15.254120549757,15.4406252390062,427.816125657777,0.312976481722222,0.344269020001674,2.36310132808276,1
2025-11-15 08:00:00,15.8384604763665,15.9970199639014,431.331175037778,0.3093112175,0.396486208866602,2.37971497810442,1
2025-11-15 08:15:00,15.4006847605602,15.8882860935046,431.575743701111,0.313047293722222,0.36992642571122,2.37184917918925,1
2025-11-15 08:30:00,15.3488870669555,10.403268386603,428.51931831,0.311517739888889,0.320608929723123,2.38143306436291,1
2025-11-15 08:45:00,16.2937751172869,10.4302812507718,425.58025499,0.317502562777778,0.299277713574891,2.37276997869108,1
2025-11-15 09:00:00,16.5971473520642,10.2830515528856,425.30058945,0.315958438555556,0.297790993356736,2.37656746966282,1
2025-11-15 09:15:00,18.1099390076904,16.5054957308426,427.522871896667,0.314888807777778,0.392983657577846,2.38673438936556,1
2025-11-15 09:30:00,21.8440106009393,16.7635214883828,432.019760101111,0.308426245111111,0.628976799271865,2.39642533383769,1
2025-11-15 09:45:00,23.243758254518,18.6272353450565,429.535701311666,0.310214339777778,0.651189207718627,2.40997632158198,2
2025-11-15 10:00:00,22.4040472262469,16.5001362770528,435.326466851667,0.313431215555555,0.427068787123593,2.44985697452338,2
2025-11-15 10:15:00,21.6128599602454,15.4029823275219,435.597703930555,0.310809722222222,0.420554568232008,2.57634270399147,2
2025-11-15 10:30:00,21.0618381272252,14.1672711814022,435.065997610556,0.312088980888889,0.423914278992045,2.50887911887648,2
2025-11-15 10:45:00,19.7347605024386,13.8128996142559,431.85463403,0.311386242888889,0.402939650539865,2.54047560588306,2
2025-11-15 11:00:00,19.306755467846,12.6061154852321,431.33849159,0.308918639111111,0.39961403768052,2.59748565127175,2
2025-11-15 11:15:00,17.3984025116652,10.0678228872526,435.935685613333,0.312649230222223,0.394520087055912,2.69433646212267,2
2025-11-15 11:30:00,16.427777771597,10.2961915600957,449.380554615556,0.311229338194445,0.415012012194061,2.6576625907293,2
2025-11-15 11:45:00,16.2611981563852,10.0035124236674,455.738441488889,0.316408023,0.401301458009232,2.5190735626769,2
2025-11-15 12:00:00,16.2145825973719,9.29709885296437,470.07970676,0.315918735,0.440703129983331,2.68774789478144,2
2025-11-15 12:15:00,15.4729238989644,8.9754274787521,481.957619179999,0.315698803666667,0.521942787539635,2.51574341585372,2
2025-11-15 12:30:00,15.0410241178543,8.48805751676075,490.968465891111,0.318030128888889,0.53657172224582,2.48239928178669,2
2025-11-15 12:45:00,14.0704048626834,8.05990730597551,494.641875657778,0.318638760666667,0.545369839295609,2.46215820491987,2
2025-11-15 13:00:00,14.8785803522203,8.55539619692841,500.372267202222,0.316101791555556,0.555987636335393,2.46221300252007,2
2025-11-15 13:15:00,14.705634514155,7.86403715013222,501.760149457778,0.314961772305556,0.531285354065042,2.49103355148085,2
2025-11-15 13:30:00,14.7660178079234,8.0376828901413,502.900930366667,0.317717052083334,0.558785420846253,2.47385941629872,2
2025-11-15 13:45:00,16.1146536971265,8.68982404079695,506.95387274,0.319937624888889,0.627031892148418,2.52501698633911,1
2025-11-15 14:00:00,15.7778061789398,8.39873668025609,509.591768731112,0.310915461555556,0.682970116452543,2.50523122592929,1
2025-11-15 14:15:00,17.3829745653837,8.75051529311462,508.627170722223,0.312809714888889,0.677462005384505,2.56411419475182,1
2025-11-15 14:30:00,19.8319830737602,8.99097136917232,510.666914673334,0.316133315333334,0.672737791819199,2.56089014839232,1
2025-11-15 14:45:00,20.2957790865854,8.72162709276007,514.869178113334,0.319424888083333,0.653564454178846,2.65635856835414,2
2025-11-15 15:00:00,21.6426989060624,10.2618144303017,546.10655542309,0.324152177527778,0.725189175075626,2.59185598875902,2
2025-11-15 15:15:00,20.6018752490372,9.90455312572505,552.051516907933,0.319605622416667,0.74222635542498,2.6844639930641,2
2025-11-15 15:30:00,20.3993872761083,9.53458086962323,561.387817877079,0.321498289888889,0.818094479433062,2.99028748555404,2
2025-11-15 15:45:00,21.8506207761676,9.25609015954989,568.041614266594,0.316624364777778,0.878655291186949,3.15862349790675,2
2025-11-15 16:00:00,21.2747317301808,8.85549935052309,575.068483233797,0.307326085,0.920661924586842,2.97398071902587,2
2025-11-15 16:15:00,17.3593764324,9.53039619580553,577.713420119568,0.312374861333334,0.933261220759148,2.92226819960537,2
2025-11-15 16:30:00,16.3945859998569,8.9572367183928,577.402652040567,0.311243440444445,0.899574185647346,3.0498880958841,2
2025-11-15 16:45:00,15.3864334806652,9.37658751294175,576.946677632718,0.307524513666667,0.878066128789213,3.28726851821489,2
2025-11-15 17:00:00,15.2311106359003,9.17873586793582,574.057682188302,0.314288081666667,0.852476327908853,3.73057466387862,2
2025-11-15 17:15:00,14.8899639027754,8.99496435353417,573.118150113034,0.310711436333333,0.82597253367675,4.00331908986537,2
2025-11-15 17:30:00,14.9426944289383,9.21915198208411,568.979221171762,0.314346570777778,0.824897994063231,3.66014745712541,2
2025-11-15 17:45:00,15.1319618220349,9.14151005632159,566.4825123411,0.319040370777778,0.77528248673023,3.36249423911439,2
2025-11-15 18:00:00,15.342773547924,9.67499392844023,555.088548977459,0.321158317527778,0.730517299491514,3.26217323561333,2
2025-11-15 18:15:00,15.4876820073763,10.2225885250058,517.528621437778,0.32226959675,0.683849547827119,3.47724063961768,2
2025-11-15 18:30:00,15.6335970471345,10.1794174290552,509.94303182,0.323285930972223,0.663378273677991,4.01250595246276,2
2025-11-15 18:45:00,16.0001117556939,9.93855932035186,498.471307222222,0.322392588333334,0.614863196631625,4.21823440890944,2
2025-11-15 19:00:00,16.3154762153097,9.89803644156103,493.444378133333,0.321849947555556,0.568603090410315,4.09968760187687,2
2025-11-15 19:15:00,16.31416516992,9.99275654142031,491.243937724444,0.320402158222223,0.540172835933208,4.12480455113008,2
2025-11-15 19:30:00,16.6264778917502,10.249811106137,491.543762166666,0.318037535777778,0.556065196364067,3.9976558035234,2
2025-11-15 19:45:00,16.0312157961013,10.2985617483303,492.693619357777,0.320090481666667,0.585312545429138,4.02160780884336,2
2025-11-15 20:00:00,15.7102519931383,14.2923822228071,492.670201106666,0.324958396555556,0.605577869126199,3.90255363961078,2
2025-11-15 20:15:00,15.1953785046234,10.2030108053237,491.262038642222,0.319010706444445,0.641880216261555,3.84759234008165,2
2025-11-15 20:30:00,15.1921520188684,10.2004697247403,491.556452048888,0.320740497333334,0.65286119112277,3.89067697022632,2
2025-11-15 20:45:00,15.3113936074126,10.2300494602779,485.395267344444,0.318716647777778,0.667784591496502,3.9615697229923,2
2025-11-15 21:00:00,14.3598637587196,10.2086525533559,482.429359333333,0.314062406222222,0.693233644137723,3.8261962169692,2
2025-11-15 21:15:00,14.0507027909306,10.1833848490003,483.78072934,0.318229680666667,0.722368954197215,3.74362217391086,2
2025-11-15 21:30:00,15.212148064955,10.257085004197,480.225361088888,0.310432976222223,0.702645931109989,3.55196153115441,2
2025-11-15 21:45:00,14.2124918488476,15.5115303916805,474.705624066666,0.3113291,0.723724690730509,3.64549034337889,1
2025-11-15 22:00:00,14.3097411905658,16.2665167272189,476.64101789111,0.311478444666667,0.732517992767049,3.58655828246299,1
2025-11-15 22:15:00,14.0508265971757,16.8720438708991,478.539481639999,0.319022428333334,0.75499155668144,3.7702581496552,1
2025-11-15 22:30:00,14.2384061403587,15.1798328031995,474.999486528888,0.312460676444445,0.734683730093436,3.42531483207705,1
2025-11-15 22:45:00,14.3005281893557,16.2824958002079,468.809595006666,0.311416014222223,0.740901078080312,3.60232845334805,1
2025-11-15 23:00:00,14.0292004361105,14.9022717565612,473.957254219999,0.318067324666667,0.759809708590599,3.61163424730498,1
2025-11-15 23:15:00,14.1337875746379,16.8434779185442,463.921325377777,0.318683231444445,0.759603522795882,3.31156876797283,1
2025-11-15 23:30:00,14.1300188620913,16.1953433895382,460.009215631111,0.317145292777778,0.448096510854477,3.40453680013284,1
2025-11-15 23:45:00,14.0618066065891,17.2624041537304,460.197084704444,0.315047781111111,0.479884965657651,3.36682672682828,1
2025-11-16 00:00:00,14.1048969847046,16.0700636046797,457.234412139999,0.312956036666667,0.436752448906779,3.41427503697095,1
2025-11-16 00:15:00,14.0731276218735,16.7153613828285,453.329552888888,0.315394443555556,0.415290458520972,3.32441202401508,1
2025-11-16 00:30:00,14.138498897115,16.6295364963979,444.330734959999,0.312771530555556,0.409089259344917,3.28500775145857,1
2025-11-16 00:45:00,14.0701934596765,17.3030333937112,443.805949302221,0.311738019111111,0.429367578661505,3.39868368694398,1
2025-11-16 01:00:00,14.1216649279298,16.9488969686811,438.747585488888,0.312341937333334,0.403680781713819,3.14942380145038,1
2025-11-16 01:15:00,14.0879377696942,16.8839757135393,438.966152237777,0.312079797111111,0.393023015233377,3.22980849474472,1
2025-11-16 01:30:00,14.1164995465846,17.1388947596476,438.78083579111,0.311624486444444,0.423787677874431,3.3289180705634,1
2025-11-16 01:45:00,14.0893938977683,17.2374517677091,438.051110375554,0.311606390888889,0.425285343121267,3.34804906966773,1
2025-11-16 02:00:00,14.1634860035639,16.6829147741756,434.601727179999,0.312391195,0.388360670402693,3.28100114295372,1
2025-11-16 02:15:00,14.0792049344202,16.9028344884907,435.684028699999,0.311508006888889,0.38291267574447,3.26339732989632,1
2025-11-16 02:30:00,14.0877634789446,17.2035441853212,435.238865777777,0.310524090888889,0.400016302915342,3.10904053707715,1
2025-11-16 02:45:00,14.0795736263905,16.5591343808519,435.420761077777,0.310124279555555,0.384346692982803,3.0185819295402,1
2025-11-16 03:00:00,14.0656200717742,17.0061076990872,435.317291624444,0.309661789555555,0.383957719052875,2.95961722544494,1
2025-11-16 03:15:00,14.0886635080305,16.5453612079623,435.288379064443,0.310212480222222,0.385551014557475,2.90260176776605,1
2025-11-16 03:30:00,14.1328593464305,17.7126538864334,434.857870524444,0.310353498666667,0.418010920407657,2.92968641731458,1
2025-11-16 03:45:00,14.0989010203816,16.6254551520347,434.719103657777,0.310457909111111,0.382470404858396,3.11198192881231,1
2025-11-16 04:00:00,14.083315046155,16.3451635261258,434.682848268888,0.309832210666667,0.380771915793558,2.86067367439412,1
2025-11-16 04:15:00,14.1006329663031,17.4155741427293,434.047046257777,0.309904559111111,0.40629320397247,2.81178734137798,1
2025-11-16 04:30:00,14.1459636611609,17.4927222388551,432.25225333111,0.309521790222222,0.408398634781266,2.81482382229616,1
2025-11-16 04:45:00,14.156387708392,16.6961991621895,431.935336304443,0.308079563,0.372539910881544,2.87858719679727,1
2025-11-16 05:00:00,14.0499245331016,18.0407022843445,431.20345047111,0.308619513555555,0.402505733432663,2.866648062497,1
2025-11-16 05:15:00,14.0872701054735,17.8688645810765,429.836031328888,0.308543666666667,0.408666287101721,2.82423127105235,1
2025-11-16 05:30:00,14.0449151618142,17.3376785222402,430.202575122222,0.307528543333333,0.375029238310927,2.89237082653328,1
2025-11-16 05:45:00,14.10195225875,16.1643615749196,429.837718839999,0.307223847,0.372458704300739,2.74827230370579,1
2025-11-16 06:00:00,14.1225955889426,17.0923613543832,430.933198057777,0.307299297,0.372143725119468,2.72289113928954,1
2025-11-16 06:15:00,14.1117918368641,17.4322812106104,434.970936445555,0.308125172333333,0.367577028988096,2.66691154484781,1
2025-11-16 06:30:00,14.0610755031204,17.4587728292499,435.884732972222,0.308172742444444,0.367577028988096,2.80825205468334,1
2025-11-16 06:45:00,14.0455188224626,17.7046323699422,435.684102772222,0.308277344222222,0.389249300722875,2.66658690281901,1
2025-11-16 07:00:00,13.9961203231026,18.5101486154429,435.875154966666,0.307178868666667,0.391671222512677,2.59111395279149,1
2025-11-16 07:15:00,14.0064859155016,17.6387245120942,436.234618073333,0.309293143333333,0.365113698262796,2.56304476174334,1
2025-11-16 07:30:00,13.9604096454483,18.1031096498578,436.136629131111,0.309464230666667,0.385374277860822,2.62783510007023,1
2025-11-16 07:45:00,13.9194003248765,18.3236945750777,435.979305366666,0.308218097333333,0.378832539251281,2.64881160406372,1
2025-11-16 08:00:00,13.9261073722009,17.393035814028,434.50356902,0.308738842222222,0.351316721436448,2.6207612101311,1
2025-11-16 08:15:00,13.9978458562463,18.0043188112662,435.262281606666,0.309874100444444,0.386876404448836,2.59755121365726,1
2025-11-16 08:30:00,13.9324448257159,17.9584245305755,434.566709051111,0.308402420222222,0.386862114822421,2.592455474498,1
2025-11-16 08:45:00,14.2542620582463,18.2720799936617,434.800690635555,0.309644680444445,0.387583276984262,2.6066291736124,1
2025-11-16 09:00:00,14.5746791056501,17.5756666456799,434.699679868888,0.309723209333333,0.352894959031642,2.57347122037974,1
2025-11-16 09:15:00,14.7067253140027,18.2383212445078,435.05971526,0.308825469777778,0.387571683440268,2.49600943948328,1
2025-11-16 09:30:00,14.5600648981168,17.990800130386,434.7203179,0.308194090666667,0.387571683440268,2.50398738567139,1
2025-11-16 09:45:00,14.6774124383775,19.2017443672878,436.40080442,0.306914878222222,0.816520681096943,2.5172374709586,1
2025-11-16 10:00:00,15.0765518446385,19.6727552577889,430.17018565111,0.306059716666667,0.84085637792577,2.50434030154135,1
2025-11-16 10:15:00,15.0447497051672,19.0709712911028,430.122182633333,0.307322439111111,0.876046284805469,2.50299357138258,1
2025-11-16 10:30:00,14.9840004694353,19.6007094872203,431.108774931111,0.306227358222222,0.906327567941845,2.50144475177218,1
2025-11-16 10:45:00,14.9833406031523,18.7949228240095,433.698850353333,0.308543537,0.893015649907588,2.51535129513166,1
2025-11-16 11:00:00,14.9907806053257,19.5854277742563,435.32681836,0.307902878444444,0.905252264127889,2.67416839556779,1
2025-11-16 11:15:00,14.9799389238042,19.5340172307154,436.504865877778,0.309222372111111,0.904966385606882,2.60155896655792,1
2025-11-16 11:30:00,14.8723823271509,18.9557602223656,436.730144162222,0.309619325555556,0.903301836209647,2.62602555386958,1
2025-11-16 11:45:00,14.8631142728931,19.6422248809827,436.542907764444,0.309364029111111,0.905145359881456,2.54364565161755,1
2025-11-16 12:00:00,15.0610034786254,20.544252826378,436.963332734444,0.306511821777778,0.885377277666383,2.50864254843396,1
2025-11-16 12:15:00,16.2913829326453,18.3046016828521,434.330056405555,0.318125902666667,0.803786439741441,2.5051116949553,1
2025-11-16 12:30:00,16.1027328222473,18.8527106222271,427.61688997,0.314597047333333,0.705312758010173,2.56652767589889,1
2025-11-16 12:45:00,16.0621413924769,18.9541797644922,423.547882745555,0.314794269111111,0.635598468074675,2.48226601965553,1
2025-11-16 13:00:00,15.8162128263873,10.3819478981398,422.446741472222,0.323615665777778,0.585431190961399,2.47865515915007,1
2025-11-16 13:15:00,15.5991351877556,16.688951920999,420.982913867777,0.320730444444445,0.352832615178868,2.53273155889782,1
2025-11-16 13:30:00,15.7903939521911,10.4007419282909,419.617379834444,0.327562666,0.410767860398462,2.55583714935804,1
2025-11-16 13:45:00,16.089584168603,10.1301934953009,419.994718101111,0.332400427111111,0.397038012965065,2.58301062964258,1
2025-11-16 14:00:00,15.7875306896652,10.1195960914643,421.057932245555,0.330853435111111,0.38520498083144,2.57593138209569,1
2025-11-16 14:15:00,15.7205608029778,10.1111865688257,433.438511161111,0.318022817222222,0.411777202859798,2.60268090040137,1
2025-11-16 14:30:00,15.6107221979763,10.3685992982851,445.146511791111,0.318630385666667,0.37145237217481,2.69113850927773,1
2025-11-16 14:45:00,15.561025861156,10.3445990658158,458.505368602222,0.315754023888889,0.396203729414324,2.52796937359603,1
2025-11-16 15:00:00,16.2209763762267,9.92577805182714,477.977978177777,0.315521655111111,0.581855691767125,2.64253732352415,1
2025-11-16 15:15:00,15.6076650472519,9.72557416420032,495.542615104444,0.318363372555556,0.602032605407058,2.6629396013234,1
2025-11-16 15:30:00,15.6391569847659,9.90174276409051,496.123514633333,0.320594973111112,0.604804183048296,2.57604076615765,1
2025-11-16 15:45:00,15.5977491279354,9.5841547596296,498.731800957778,0.322550973111111,0.587435222172299,2.56832188293075,1
2025-11-16 16:00:00,15.9490604868421,9.43621598140462,498.793006942222,0.319380433777778,0.626251055294741,2.5840987808475,1
2025-11-16 16:15:00,15.6523305368998,9.74376304617448,505.655724682223,0.315320104888889,0.648357380928288,2.60127222078588,1
2025-11-16 16:30:00,16.6965231766569,9.5752656844434,505.265454211112,0.312533436888889,0.644886414822741,2.75562961424503,1
2025-11-16 16:45:00,15.7950469405458,9.78748936312416,504.968580733334,0.31642252,0.705794136824415,2.65796598950311,1
2025-11-16 17:00:00,17.3072699623408,9.61053213518098,499.614399113334,0.315389880666667,0.69944044433033,2.76554383602316,1
2025-11-16 17:15:00,19.5064266103602,9.71626507896809,500.100971453333,0.313792460222223,0.678801384627203,2.81907141330396,2
2025-11-16 17:30:00,20.400017677815,10.1371483559481,501.312452706667,0.318359135333334,0.66855292589834,2.80873828416513,2
2025-11-16 17:45:00,19.7877307003113,10.0966121763605,508.603694137778,0.313588141555556,0.680471579534934,2.81166239329225,2
2025-11-16 18:00:00,16.9404326357067,10.0440294437067,512.010094151112,0.313662407083334,0.706625302564113,2.87532263432204,2
2025-11-16 18:15:00,16.7341500426089,10.0481899870734,508.929866477778,0.313413146083334,0.717947460202788,2.84180839051036,2
2025-11-16 18:30:00,15.8512550232717,10.1332805281434,508.935031486667,0.314656593888889,0.720670631905711,2.83831145003855,2
2025-11-16 18:45:00,15.5757141736628,16.4297466935843,506.358878291112,0.317224167333334,0.737566357354824,2.86299837932442,2
2025-11-16 19:00:00,15.6110586299537,16.1324640267427,504.731252511112,0.315815730000001,0.733643264127776,2.90191243139536,2
2025-11-16 19:15:00,15.5958459197363,17.8019023132575,499.319829593333,0.316127779444445,0.74692731479334,2.78264171109722,2
2025-11-16 19:30:00,15.1277463241981,10.2667486194981,498.190731082222,0.314627214222223,0.753100148883885,2.91357576733224,2
2025-11-16 19:45:00,15.2969679228857,17.6863764908257,494.208612717778,0.315689792666667,0.742018029970488,2.96200704003732,2
2025-11-16 20:00:00,15.3103511126224,17.5343381580716,492.647930595555,0.317330668444445,0.728088764660349,2.792346410297,2
2025-11-16 20:15:00,15.2446419428054,10.4435635941037,484.207191517777,0.311721749555556,0.71194100508394,2.862170309001,2
2025-11-16 20:30:00,15.2266816094281,16.9057638464364,476.010554515555,0.310224149111112,0.709217396274661,2.86077849180041,2
2025-11-16 20:45:00,14.260792651376,16.9400569108041,465.503476808888,0.308890385333334,0.704100281703563,2.82247616513314,1
2025-11-16 21:00:00,15.2353954790359,16.5922564005055,460.002197826666,0.309124976222223,0.448695473023175,2.77220899428525,1
2025-11-16 21:15:00,14.260792651376,16.2628775964254,445.145635979999,0.306832617555556,0.415687403660775,2.93236739336578,1
2025-11-16 21:30:00,14.2119833412209,16.8193183645801,438.303547186665,0.30778334,0.397108261276756,2.82318730996002,1
2025-11-16 21:45:00,14.2125890494579,16.775134444787,437.38182777111,0.309176573111112,0.396097522927025,2.75952734370901,1
2025-11-16 22:00:00,14.2194343402098,16.6958870137496,435.179997126666,0.311561489555556,0.392877394940248,2.84234002310057,1
2025-11-16 22:15:00,14.2118053909128,16.4153459613378,434.844746433332,0.309265794888889,0.391697873844775,2.87041915774916,1
2025-11-16 22:30:00,14.220022673055,16.3766193144377,434.57123005111,0.308795000666667,0.391823213529381,2.9130589231073,1
2025-11-16 22:45:00,14.1722136533453,16.0611103294413,434.431075655555,0.30831112,0.390791174786026,2.90945219268037,1
2025-11-16 23:00:00,14.2180898799728,16.3230296973654,434.49166915111,0.310658783777778,0.388180506479496,2.80158242697816,1
2025-11-16 23:15:00,14.2466597455135,17.2623542450649,434.483258633332,0.311083459777778,0.421427953266717,2.75293407669874,1
2025-11-16 23:30:00,14.2098138728476,17.4642733844704,434.01489583111,0.311019756,0.405134110315164,2.76269734456292,1
2025-11-16 23:45:00,14.0262850129241,16.7680903490972,431.784726317777,0.312627558222222,0.362932502706945,2.72350326142051,1
2025-11-17 00:00:00,13.9499969360083,17.1897832428959,434.116218039999,0.314678621111111,0.377905253446485,2.82964627706118,1
2025-11-17 00:15:00,14.2309514325876,16.5378724635016,431.946443964443,0.308311694888889,0.362726769344127,2.85800168762307,1
2025-11-17 00:30:00,13.9893143092913,16.5686888789097,431.990924255555,0.312568133,0.358405058896715,2.69203049158189,1
2025-11-17 00:45:00,13.9751994262868,16.6836466467985,430.57620711111,0.311453433888889,0.355364659049531,2.68472224067311,1
2025-11-17 01:00:00,14.2279739542143,16.991505080262,430.04019689111,0.307712283111111,0.356849878033186,2.67969533645447,1
2025-11-17 01:15:00,13.9259618106957,16.0356358409191,430.40875813111,0.310647342777778,0.355875277190267,2.71956562992622,1
2025-11-17 01:30:00,13.9522088655209,16.8342137850332,430.314871786666,0.309665797,0.356552423989636,2.58171273430899,1
2025-11-17 01:45:00,13.9769803506194,16.4703534652344,431.564482148888,0.308319745555556,0.352460387748498,2.6394748080886,1
2025-11-17 02:00:00,13.9537241621579,17.0598992738943,432.191451268888,0.308858578888889,0.358324091592273,2.60970905866004,1
2025-11-17 02:15:00,13.8568456100379,16.0858986023273,437.277667087778,0.309300372,0.336748280327951,2.56673415224842,1
2025-11-17 02:30:00,14.1458904692347,17.2179868050822,436.100385747777,0.306614436222222,0.341206829910417,2.65758303681825,1
2025-11-17 02:45:00,13.8673700557179,16.4814717639788,437.138089325556,0.309262671333333,0.340875005444206,2.70860587906918,1
2025-11-17 03:00:00,13.8842267121063,16.2404399797078,437.066177541111,0.308981211777778,0.339083493785912,2.62716879121142,1
2025-11-17 03:15:00,13.7258067550202,16.3887143642249,437.715929421111,0.310039834888889,0.339109856470303,2.63422635255072,1
2025-11-17 03:30:00,13.8255709319552,15.4727626689451,438.072279647778,0.309833424444445,0.337386746061054,2.65054275253883,1
2025-11-17 03:45:00,14.0405053065006,16.8528734993207,438.196441084444,0.306359087111111,0.337595039095389,2.64560434174791,1
2025-11-17 04:00:00,13.7362879529268,17.1889527017262,437.744955931111,0.312350923777778,0.336956800730549,2.65765238092932,1
2025-11-17 04:15:00,13.6854931096824,16.4709678515725,436.236373122221,0.312844517777778,0.337843416533628,2.68937212572972,1
2025-11-17 04:30:00,13.7475917648661,16.7440297970331,438.309487531111,0.312047462222222,0.336480956782813,2.64517782872555,1
2025-11-17 04:45:00,13.721989920989,16.9926835546101,435.735087144443,0.313773002222222,0.336528127168614,2.60482953726732,1
2025-11-17 05:00:00,13.6777620700024,16.2378007122809,435.582688642221,0.312545690222222,0.336493357954366,2.58664577945954,1
2025-11-17 05:15:00,13.770612730749,17.1090698790779,435.489902393333,0.312775768555556,0.336522136064616,2.53163805574832,1
2025-11-17 05:30:00,13.7583240358483,17.1566561064305,435.642009957777,0.313067669333333,0.336554193713224,2.5317823174973,1
2025-11-17 05:45:00,13.6846330108261,16.2678364544461,432.872631577777,0.314589040666667,0.334721747375274,2.56715009371561,1
2025-11-17 06:00:00,14.0811481368461,16.4307797057249,433.24859472,0.309978858,0.335589564562552,2.53754825473861,1
2025-11-17 06:15:00,13.9171507511537,16.202202485145,430.724180002222,0.311318877333333,0.334796622190935,2.66648637746221,1
2025-11-17 06:30:00,13.7147518785639,16.8200439073045,427.382333213333,0.316447343111111,0.335677889369296,2.58077897602621,1
2025-11-17 06:45:00,13.6960327921224,16.5101711251447,428.366232782222,0.314034745777778,0.337027090629864,2.63054829072688,1
2025-11-17 07:00:00,14.2805707893966,16.4294031749536,424.239629495555,0.310361814222222,0.351810264294122,2.55956536685022,1
2025-11-17 07:15:00,13.6968985694291,10.0540287383843,419.248863438889,0.328415968,0.341839800819746,2.45009974228308,1
2025-11-17 07:30:00,14.4061607189938,10.0836677801523,421.417184674444,0.329222244555556,0.255374519790994,2.49148224102241,1
2025-11-17 07:45:00,14.2493358318941,9.19409903877238,420.758467412222,0.330993743555555,0.304916422339061,2.38545740369922,1
2025-11-17 08:00:00,14.0278969820923,9.21073554430671,422.273744908889,0.332909360555556,0.352622002360025,2.40419769547488,1
2025-11-17 08:15:00,14.3775568458429,8.80348721728643,421.561783151111,0.334988414222222,0.267774252853147,2.35931980172814,1
2025-11-17 08:30:00,13.6508553480216,5.95986436393499,422.429517097778,0.336998265333333,0.290701025883697,2.34160762825014,1
2025-11-17 08:45:00,13.4622635433078,6.22461619713514,421.636126906666,0.337644886,0.138329948866038,2.33252604884599,1
2025-11-17 09:00:00,14.0993219472384,6.19366366289634,421.7376748,0.323808186222222,-0.0368587428490205,2.37560551876951,1
2025-11-17 09:15:00,13.9549726688756,6.12758359197229,422.191332446667,0.326419468444444,0.304708718655046,2.34327184939641,1
2025-11-17 09:30:00,14.740734468555,6.17437963079518,422.421236953334,0.318233623333333,0.323331965417576,2.39759404579494,1
2025-11-17 09:45:00,15.0481585298851,6.1237329523472,422.454404293333,0.323492276888889,0.321989887475551,2.32620820931998,1
2025-11-17 10:00:00,14.1096154195433,6.25420499465062,421.559142224444,0.322382119333333,0.315323794562341,2.32715416573587,1
2025-11-17 10:15:00,14.0985400457235,6.20485472070602,421.785507348889,0.324900532222222,0.279788956232372,2.34624750143189,1
2025-11-17 10:30:00,15.1261365311949,6.23318613043823,422.355217377778,0.318957604222222,0.250349285458381,2.33205619441142,1
2025-11-17 10:45:00,14.0035553804219,6.14000961052405,421.86517452,0.326128085111111,0.279580921381056,2.32312101783886,1
2025-11-17 11:00:00,14.0367008689601,6.1981866326,422.163762875556,0.323639727111111,0.141582819775297,2.32012148847282,1
2025-11-17 11:15:00,15.2297216404811,6.3687154966244,427.016400551111,0.319067219777778,0.136565335236117,2.32295484834314,1
2025-11-17 11:30:00,14.9481172399813,6.33333322015759,435.687669224444,0.313315768888889,0.302354851732643,2.32486837998852,1
2025-11-17 11:45:00,14.9270840686426,6.29999563320039,446.692617835555,0.302573759333333,0.3593786150925,2.33398228027718,1
2025-11-17 12:00:00,15.4167950023051,5.88489897360479,451.388589064444,0.312681002222222,0.37256472150973,2.31885525580535,1
2025-11-17 12:15:00,15.3314248448993,6.09527421495792,454.78212722,0.301583036666667,0.365421965000577,2.32656264630454,1
2025-11-17 12:30:00,15.0973668897934,6.02588104270269,462.217232211111,0.305944484,0.339463583449544,2.32717629673124,1
2025-11-17 12:45:00,15.3343383204909,5.70445357713234,465.027989031111,0.301596228444444,0.403915018090922,2.3384382792572,1
2025-11-17 13:00:00,15.2623339399218,5.42269495946234,479.156668544444,0.312813824666667,0.521514213146591,2.32964875871009,1
2025-11-17 13:15:00,15.6059746525402,5.45974609819182,482.192305619999,0.301428045333333,0.513252089449321,2.32812495642241,1
2025-11-17 13:30:00,15.9647627746385,5.28835783994225,484.887858277778,0.301279480666667,0.516056826416899,2.33015942751841,1
2025-11-17 13:45:00,16.377343771083,5.53717024000661,487.0547458,0.305990020777778,0.491564693276444,2.32869540665702,1
2025-11-17 14:00:00,16.5243392417822,5.64960347814926,481.54934652,0.310972448777778,0.516041606471824,2.3439047888747,1
2025-11-17 14:15:00,16.6993927357511,5.8429091964342,488.28990466,0.322721031666667,0.546442588287366,2.39153524381491,1
2025-11-17 14:30:00,21.0253787610709,8.99056664119403,491.15340076,0.315688200805556,0.597887853874263,2.31885525580535,1
2025-11-17 14:45:00,22.9133362381492,9.34909642948365,495.453345357778,0.312222945694444,0.584730635707471,2.32465311219836,2
2025-11-17 15:00:00,24.2309983382648,9.2424594240491,507.726129177778,0.304179339555555,0.573268924302828,2.38735134774143,2
2025-11-17 15:15:00,22.489726823774,8.80729696408383,496.673812131111,0.306776368333333,0.528138892046238,2.37469411749204,2
2025-11-17 15:30:00,21.1197311890686,8.66902600629505,495.190758286667,0.303716163333333,0.515763257017087,2.32936516072229,2
2025-11-17 15:45:00,20.3741846796252,5.95461591670063,496.463404726667,0.314667734666667,0.49894978028332,2.38898405361923,2
2025-11-17 16:00:00,20.8046412080074,6.13236165824077,508.076089166667,0.314899749333333,0.48629574888771,2.46393967255866,2
2025-11-17 16:15:00,20.812609216252,8.63087376175829,508.877258175556,0.316131544583333,0.486794251153729,2.3158608756502,2
2025-11-17 16:30:00,20.1835142248874,5.921874721989,510.54620646,0.318128150666667,0.446306279362356,2.36121336853435,2
2025-11-17 16:45:00,19.5989439920704,5.29387367418127,509.928458657037,0.3202392955,0.228038395784223,2.31367961012441,2
2025-11-17 17:00:00,15.8288722125335,5.60998265854374,510.137445119259,0.322250867805555,0.224875477303421,2.32663625117807,2
2025-11-17 17:15:00,16.4600020277369,6.75826545765381,514.492093399259,0.32197466425,0.384750453276696,2.34634606187308,2
2025-11-17 17:30:00,16.8449231995961,8.13980769304235,533.142154454119,0.32336289025,0.553239115481989,2.33158112522296,2
2025-11-17 17:45:00,20.8341237265809,9.37898734874626,535.758466954552,0.316344598638889,0.602138764860999,2.5437420862091,2
2025-11-17 18:00:00,20.8159811619122,9.62569577872293,539.732600632827,0.315851078194444,0.637400738000403,2.72674954597066,2
2025-11-17 18:15:00,20.9156945722278,10.2103787482029,537.186098225673,0.316935441305555,0.686371526877616,2.65756316615469,2
2025-11-17 18:30:00,20.8620675853054,10.4430877974351,511.502194624444,0.312487456861111,0.698561680687335,2.8047164246443,2
2025-11-17 18:45:00,20.925269033058,10.0761445232717,508.115346153333,0.314168775972222,0.693621840763715,2.98608622148665,2
2025-11-17 19:00:00,20.764339160572,16.6907792218658,502.468559191111,0.312612203333334,0.698373036400209,3.27387178180179,2
2025-11-17 19:15:00,20.7179047839068,10.0288259195651,501.768902015556,0.311725915333334,0.686517551579147,3.15864044793764,2
2025-11-17 19:30:00,20.4918881241024,16.8126598954889,502.531861333333,0.312346576888889,0.71786850194924,3.07643882400949,2
2025-11-17 19:45:00,17.4837150939947,16.9811671213785,502.6514529,0.314707261555556,0.754769666968079,3.15152981740108,2
2025-11-17 20:00:00,16.8971511020154,16.0753658456691,503.139508424444,0.314960179333334,0.770419937133366,3.19616630997908,2
2025-11-17 20:15:00,17.0057937496124,16.257800312438,501.053488615556,0.315074799444445,0.782006783087185,3.19885191008818,2
2025-11-17 20:30:00,17.0651200969531,16.4346992444184,500.209535706667,0.314631985555556,0.80994270522052,3.08466695307491,2
2025-11-17 20:45:00,16.8655005607997,16.0645302932489,500.94287558,0.316490698555556,0.821787877350838,3.16340275154891,2
2025-11-17 21:00:00,16.890042544604,16.9654117726893,499.304120022222,0.316396754444445,0.833376754318485,3.25494294442452,2
2025-11-17 21:15:00,16.6346926377516,16.8763222483518,495.870894953333,0.312855361333334,0.843698470244768,3.18106402251715,2
2025-11-17 21:30:00,16.6814555538479,17.3779543201786,495.738889353333,0.312607818222223,0.852194872657952,3.4577410228563,2
2025-11-17 21:45:00,15.9197493427377,17.101285155898,494.794095277777,0.315998766444445,0.87018778021084,3.34119901845631,2
2025-11-17 22:00:00,16.0276267914251,17.8868454032459,492.679954588888,0.314959991111111,0.875762703294027,3.54153675986021,2
2025-11-17 22:15:00,16.1913384475484,17.6943284987546,491.956636131111,0.313550622888889,0.865592039161233,3.51458444905768,2
2025-11-17 22:30:00,15.6451800206952,18.5437015065539,491.974796791111,0.320009324222222,0.888561163995473,3.5301072883254,2
2025-11-17 22:45:00,15.6621076579124,17.6996371158902,488.56885616,0.313833430888889,0.886609958437309,3.54114058612644,2
2025-11-17 23:00:00,15.8482491881855,18.8446414568463,486.4807555,0.313633464,0.885636981397355,3.65554544755128,2
2025-11-17 23:15:00,15.601972125439,18.4607334574627,486.149136608889,0.314851743555555,0.888190161856456,3.57988202421189,2
2025-11-17 23:30:00,15.591835524559,18.9555814798372,485.897670964444,0.316575590666667,0.889786953217412,3.62064746005564,2
2025-11-17 23:45:00,15.4013741058748,18.5724415423857,485.19471804,0.317456775111111,0.887477452847616,3.63740214523984,2
2025-11-18 00:00:00,15.5947313981975,18.813686935268,483.483266173333,0.314050543333333,0.891308133941129,3.57672058171158,2
2025-11-18 00:15:00,15.3756476831014,18.7547456394655,480.613559937777,0.315587565777778,0.894418020404243,3.6564059041566,2
2025-11-18 00:30:00,15.3583047274688,18.9139804804604,476.804509719999,0.316794017777778,0.890122529099831,3.55831555744757,2
2025-11-18 00:45:00,15.3173565762466,19.3181217806472,471.365400597778,0.315494998777778,0.879106402992695,3.62739472905589,2
2025-11-18 01:00:00,15.2474715584081,17.8988093055046,467.822314731111,0.314507303444444,0.870612706911686,3.45384521786284,1
2025-11-18 01:15:00,15.2473390981489,18.9144711498087,467.722134168888,0.313681230222222,0.880994617886324,3.47253016344982,1
2025-11-18 01:30:00,15.2446608998392,19.8790666187404,465.974558073333,0.314226172666667,0.88262772002621,3.57590541744453,1
2025-11-18 01:45:00,15.2256464323029,19.1594498183431,462.23056605111,0.312517419111111,0.881137783851352,3.64715926751293,1
2025-11-18 02:00:00,14.8129906194563,17.826371046241,460.523464057777,0.312018037555555,0.875822845558022,3.6218892004667,1
2025-11-18 02:15:00,14.9153061297852,18.304074277048,458.150146122221,0.312618846555555,0.860552414020287,3.54751509805064,1
2025-11-18 02:30:00,14.8282694301778,19.1240589693454,451.285705428888,0.312304682444444,0.864843149332746,3.4452494032192,1
2025-11-18 02:45:00,14.5311708374889,19.5587458992393,452.830052495555,0.312411661111111,0.869583268171699,3.38556353021084,1
2025-11-18 03:00:00,14.5885991093689,19.5761806677743,451.055611375555,0.312770412555556,0.865242798378246,3.27771181682699,1
2025-11-18 03:15:00,14.435687996526,19.4278039681607,449.495364246666,0.312308150444444,0.863460931102687,3.2570429643704,1
2025-11-18 03:30:00,14.3953924608726,18.1133414985777,444.428536639999,0.311520703555555,0.477067498244475,3.34893415930002,1
2025-11-18 03:45:00,14.4196565309023,18.5227700778727,444.474522222221,0.311526512888889,0.855990388199309,3.19028127460965,1
2025-11-18 04:00:00,14.3987022921423,18.8434362088753,443.062836328888,0.310859893555555,0.848149155124305,3.23633222119644,1
2025-11-18 04:15:00,14.3707482071748,18.7164699393313,440.807709088888,0.310433931555555,0.854895420523034,3.16737762921727,1
2025-11-18 04:30:00,14.3651476461793,18.5914541306079,433.634013026666,0.309481285777778,0.839440552519903,3.09260825554707,1
2025-11-18 04:45:00,14.3416265133309,18.7889831197953,432.864681686665,0.307771714888889,0.838067296706191,3.11994615304593,1
2025-11-18 05:00:00,14.3816370993413,18.247668344007,432.92380805111,0.308294895111111,0.433507083344024,3.26418268946487,1
2025-11-18 05:15:00,14.3725209167621,19.3860396640678,432.423973648888,0.308027017111111,0.845409043345097,3.13701675933221,1
2025-11-18 05:30:00,14.3435601624895,18.3142823953698,428.899179126665,0.308341841333333,0.430447752653901,2.9527556158286,1
2025-11-18 05:45:00,14.3471662298909,18.5522856108881,428.899179126665,0.308408111555555,0.480556936246867,3.11112659906818,1
2025-11-18 06:00:00,14.4685937695606,17.8464162334238,428.557524977776,0.309007163111111,0.429659862426171,3.05241083886563,1
2025-11-18 06:15:00,14.317593388805,18.8885803885459,429.040060522221,0.308414593111111,0.828436853265555,2.91227827901858,1
2025-11-18 06:30:00,14.3301779265206,18.5229316779464,429.278460179999,0.307664428444444,0.476191824932028,2.97026835990565,1
2025-11-18 06:45:00,14.334699789891,18.3726121875346,428.929979888888,0.308781641777778,0.426371802815148,2.95266373849455,1
2025-11-18 07:00:00,15.6193693610902,20.090001837474,428.492464537777,0.308945285,0.932845341704122,2.59786269941839,1
2025-11-18 07:15:00,16.5796491814166,17.716140943965,432.560089168888,0.308056115,0.775524431614223,2.65122478352404,1
2025-11-18 07:30:00,15.8775351956181,10.380687435267,433.527242086666,0.305708992666667,0.409829544521947,2.50634267366157,1
2025-11-18 07:45:00,15.6022887738086,19.0787209072839,433.282793055555,0.303209201888889,0.600651354072543,2.46637445734024,1
2025-11-18 08:00:00,16.287285994433,18.662332935221,432.372573795555,0.298578764444445,0.561468688578623,2.45303417285724,1
2025-11-18 08:15:00,16.6325786027993,20.6605576497952,432.86713423111,0.300476728,0.532424043002396,2.43157393780708,1
2025-11-18 08:30:00,16.4604732229644,23.655519540645,432.139020059999,0.273964764,0.554948153835543,2.51992327446565,1
2025-11-18 08:45:00,16.8927456311049,22.9714345774427,431.629581042221,0.278299672444445,0.541591141526297,2.94614700221517,1
2025-11-18 09:00:00,16.6188176086649,24.1195824962302,433.09252679111,0.280452046666667,0.596383927745379,3.901916190991,1
2025-11-18 09:15:00,16.7192145305805,25.8629968885446,434.135433695555,0.288627868444445,0.647814308145655,4.04781500587824,1
2025-11-18 09:30:00,17.0210977703215,24.2555288840709,439.736407791111,0.276378444000001,0.634947012500889,3.87333374601232,2
2025-11-18 09:45:00,18.4728864459289,23.7203239554424,439.432337037778,0.274164237777778,0.607319819526295,3.43357970854046,2
2025-11-18 10:00:00,17.7820795362326,20.7723648390124,448.574634897778,0.287798208444445,0.576125593915784,3.15416465950226,2
2025-11-18 10:15:00,20.5528870306491,17.9190068380729,445.089066702223,0.282434036222223,0.507733606903292,2.93001441661812,2
2025-11-18 10:30:00,20.6293683286356,14.6766836158258,441.369968531111,0.288038620666667,0.177819939639485,2.66356683109686,2
2025-11-18 10:45:00,20.8977414711659,10.3870463163639,441.434209991111,0.279302235555556,0.212713876094849,2.51849228996878,2
2025-11-18 11:00:00,20.347646625095,10.1465041646367,447.59813312,0.285650082444445,0.243147982614855,2.48822431994484,2
2025-11-18 11:15:00,18.4310569567304,9.68808512605668,453.01375972,0.304028631555556,0.254165044006647,2.4153674897037,2
2025-11-18 11:30:00,17.5298484498163,9.14524865808122,459.004772644445,0.301324343777778,0.262577240744736,2.34714198784782,2
2025-11-18 11:45:00,17.3349285807096,8.9835145570591,464.137848233333,0.298761154333334,0.253678049537987,2.24248261561662,2
2025-11-18 12:00:00,16.6016353765644,8.30059825949364,484.716986611111,0.310704440111111,0.301902385422065,2.2801792782422,2
2025-11-18 12:15:00,16.6536954966248,8.80746198421384,492.247284813333,0.312862679444444,0.324999259240154,2.2910278402342,2
2025-11-18 12:30:00,15.9716198278656,5.83169006117822,493.121654173333,0.320895983111111,0.389789719336186,2.27708044431984,2
2025-11-18 12:45:00,15.5300249945597,8.03099661688263,493.602730846667,0.318539942666667,0.649204336337387,2.28641996336928,2
2025-11-18 13:00:00,15.4675141388696,8.2554249436193,494.273442442222,0.318033818222222,0.36390452751232,2.28762564711158,2
2025-11-18 13:15:00,14.6292733233528,8.37863258584306,499.428223046667,0.321063933777778,0.363796996407251,2.26869969408223,2
2025-11-18 13:30:00,15.4007304990895,8.25614708303732,496.286963244444,0.316370415111111,0.371393792664929,2.27376422330307,2
2025-11-18 13:45:00,15.2962108319598,8.31929652980905,496.907946744444,0.312465846666667,0.372971364145817,2.32281006579591,2
2025-11-18 14:00:00,14.8809034160457,8.3206014851496,496.928546735555,0.316891570222222,0.340333317604369,2.31241164419643,1
2025-11-18 14:15:00,14.5225833128777,8.02167278698558,495.174233435555,0.31780410825,0.332470437284386,2.31154452437235,1
2025-11-18 14:30:00,14.1586573788516,5.1301904857193,499.47476472,0.321203620888889,0.322962240991767,2.40112259138054,1
2025-11-18 14:45:00,14.0818072640777,5.6053680015828,502.126655037778,0.327239424222222,0.303403627648686,2.28045133223089,1
2025-11-18 15:00:00,14.2728880683793,5.41672184018928,497.823178117778,0.324657692666666,0.327705995424454,2.26689827184635,1
2025-11-18 15:15:00,14.2482986315311,6.39809024181035,499.814446953333,0.316978806277778,0.32617428749866,2.28402980076426,1
2025-11-18 15:30:00,14.2885456343374,5.49472513293068,508.300026375556,0.320449245222222,0.320272853206089,2.25927533750064,1
2025-11-18 15:45:00,14.3944803864406,5.43150310743171,506.770180137037,0.317747107222222,0.327315317787812,2.21871053578762,1
2025-11-18 16:00:00,15.4021357734343,5.64387019406928,507.77296068,0.314869289777778,0.33846185775238,2.3057776613729,1
2025-11-18 16:15:00,15.046280610151,5.0706686339572,501.637463751111,0.309894206555556,0.330339276076895,2.36871765492264,1
2025-11-18 16:30:00,14.3238474403068,5.10064234723596,501.001152984445,0.312055008555556,0.329934587366641,2.26869430549131,1
2025-11-18 16:45:00,14.8584552757539,6.50422622412828,507.533114984445,0.318225141388889,0.33144988849087,2.29760629521454,1
2025-11-18 17:00:00,14.7964734545315,5.30996698656052,512.665812048148,0.324605452111111,0.342468441903659,2.44327404330112,1
2025-11-18 17:15:00,14.4652356417962,5.35660947153261,534.184002189456,0.323653015666666,0.356394613503229,2.27261620377729,1
2025-11-18 17:30:00,14.4004468104149,6.74574470022397,536.754866061657,0.3224519735,0.334221400809683,2.36518103875178,1
2025-11-18 17:45:00,15.2652255636011,7.79798981592894,543.095094779496,0.316072386194445,0.35345670043165,2.28507740466038,1
2025-11-18 18:00:00,20.5804094758194,8.80855827073958,541.081899049738,0.308040608777778,0.384833804203878,2.62303169360612,1
2025-11-18 18:15:00,22.4005298775928,10.2232045224438,517.696269357778,0.309106200333334,0.852126678234565,3.27033995629301,1
2025-11-18 18:30:00,22.3894948892979,18.7315691783244,513.745394313333,0.306394150111112,0.899648743856213,3.20016585947892,2
2025-11-18 18:45:00,22.4240168386609,18.333390416901,505.976060711111,0.305174667888889,0.897766350285323,3.28035151259658,2
2025-11-18 19:00:00,22.0697816635054,17.8852201181631,507.741066322222,0.306054828777778,0.855688664442341,3.40702172218613,2
2025-11-18 19:15:00,22.3595198558905,10.3847921360626,552.66195127923,0.310213218194445,0.880819076933905,3.26407747559813,2
2025-11-18 19:30:00,20.1303889133957,10.4388510220717,568.610450708321,0.310435734666667,0.913252743833567,3.30553190879125,2
2025-11-18 19:45:00,17.9019509200213,16.7989455250807,588.403470287466,0.309919234444445,0.97218106356914,3.15750021549148,2
2025-11-18 20:00:00,17.6539485628801,16.1255521792829,590.338393678464,0.308907941777778,0.985783207496687,3.12349115285783,2
2025-11-18 20:15:00,17.1977231048573,16.5817363848688,586.950083893531,0.309372630555556,0.994169835382013,3.20635600586354,2
2025-11-18 20:30:00,17.1826830709285,15.9292991459322,591.422839872936,0.309155127888889,1.00881670416409,3.13992543030889,2
2025-11-18 20:45:00,17.0807692231761,15.6926502667765,592.136199846813,0.308850095666667,1.01566140111626,3.11493495002422,2
2025-11-18 21:00:00,16.8738121108225,16.0050512149027,603.727785723428,0.308328179222222,1.05834828086309,3.11427547108951,2
2025-11-18 21:15:00,16.1631318714667,10.1368011881112,604.282124443202,0.313419791777778,1.06642616963918,3.0881959113927,2
2025-11-18 21:30:00,16.6963048167314,16.9710533109849,600.109539616297,0.306504939666667,1.06743423546127,3.06107703621546,2
2025-11-18 21:45:00,16.1329843709478,17.8123038314627,593.455949363305,0.309577349666667,1.06646724783442,3.25120229979495,2
2025-11-18 22:00:00,16.5903459251848,16.987471055721,589.616903372412,0.306014081666667,1.04383733145143,3.16475774649307,2
2025-11-18 22:15:00,15.6277674207371,16.4223826859678,584.929527376749,0.316758201444445,1.05745967611466,3.24545869191957,2
2025-11-18 22:30:00,15.7137500477859,17.2342721280643,578.469483612168,0.315205886333333,1.05163426058693,3.16947174559974,2
2025-11-18 22:45:00,15.6220649735282,17.9084902926033,574.960289949795,0.314147719555556,1.04567043568926,3.2216140872377,2
2025-11-18 23:00:00,15.44252032808,17.4426879782398,570.764610637465,0.315796977222222,1.03399467179458,3.19114609253889,2
2025-11-18 23:15:00,15.4797504191496,16.9243529384695,567.186443407434,0.313947159333334,1.03157419952225,3.30194685005594,2
2025-11-18 23:30:00,15.4698605819585,19.0509072136276,563.863556647299,0.311487883555555,1.03539687480228,3.23574328255143,2
2025-11-18 23:45:00,15.3442706556682,18.3024481414888,559.786777422797,0.312918629222222,1.02079484851736,3.12847393707261,2
2025-11-19 00:00:00,15.0660565947413,18.214709550709,553.974767165222,0.312909698861111,1.01596029798615,3.10464854909612,1
2025-11-19 00:15:00,15.0566989155013,18.6110062791083,549.509977274897,0.31340761575,1.01568225345603,3.0697916952489,1
2025-11-19 00:30:00,15.0543145421191,18.3250786156342,546.230623251411,0.313514176194444,1.00674366340229,3.1265722636365,1
2025-11-19 00:45:00,14.7494237766806,17.9159159456955,518.325463851111,0.312826474416667,1.00029979211397,3.0470200707638,1
2025-11-19 01:00:00,14.7992469387354,18.4248711039362,516.030211646666,0.315180359527778,0.987188741651893,2.9214428012538,1
2025-11-19 01:15:00,14.7188367932658,18.3722346389353,514.928187273333,0.311940454638889,0.992405062600584,2.98655463011179,1
2025-11-19 01:30:00,14.7864913081088,19.2418785694563,508.229887902222,0.315777765083333,0.981090160019641,2.95618703109738,1
2025-11-19 01:45:00,14.8107177907102,17.9807775670161,506.492701197778,0.312214453305555,0.965992482883122,2.9733662563898,1
2025-11-19 02:00:00,14.819009307168,17.6425207861719,505.581654833333,0.311235020416667,0.958909441558816,2.97817522207809,1
2025-11-19 02:15:00,14.8247063118412,18.5909628529938,505.042750717778,0.311708954194444,0.945718540078743,2.97926539150394,1
2025-11-19 02:30:00,14.8559987179123,19.1558552803158,501.364120362222,0.311545297861111,0.945357526940134,2.78127235637225,1
2025-11-19 02:45:00,15.1291128455244,18.2453039521991,501.207381088889,0.310478359194444,0.930785373183413,2.74145726589117,1
2025-11-19 03:00:00,14.8197444415931,19.4548163719429,501.045428553333,0.313313188444444,0.946367126049812,2.734749549544,1
2025-11-19 03:15:00,14.8301384941249,17.8700989052479,500.9229408,0.310821297111111,0.935126007418628,2.80281524917237,1
2025-11-19 03:30:00,14.8436432569012,18.6939761300668,497.859449268889,0.310527186,0.925242646849721,2.69752831548627,1
2025-11-19 03:45:00,14.7933008992568,18.8895636487616,493.778481457777,0.315190895555555,0.929444147179051,2.82514725957518,1
2025-11-19 04:00:00,14.8198940901753,18.1582671954621,492.410665608888,0.311739246,0.910181818392181,2.69568669867747,1
2025-11-19 04:15:00,14.8207228775753,17.8580461633288,491.516568328888,0.312671791555555,0.901462979829926,2.74204461893863,1
2025-11-19 04:30:00,14.8081149631472,18.9641194393593,490.323016266666,0.312467565777778,0.899164697966396,2.51480295070542,1
2025-11-19 04:45:00,14.788590551522,18.5140404728139,490.328348688888,0.310692353333333,0.882988710518543,2.54500398974049,1
2025-11-19 05:00:00,14.7921062586094,19.3098269677884,487.790939784444,0.310128608,0.887892079946125,2.52394342797065,1
2025-11-19 05:15:00,14.7607349497205,18.8855664907459,487.093464855555,0.309235465111111,0.88969658821902,2.59323923825423,1
2025-11-19 05:30:00,14.7920419683273,19.389949983054,485.529625908889,0.310188710444444,0.874166983616083,2.49994369939481,1
2025-11-19 05:45:00,14.7893866117889,18.2232161227217,483.498378835555,0.309809176222222,0.861907650960074,2.54825414069358,1
2025-11-19 06:00:00,14.7909479484384,18.8765199804913,482.640597606666,0.310412165555555,0.851072092328138,2.54865049139084,1
2025-11-19 06:15:00,14.7850874984158,18.5023276511048,478.545052773333,0.309830949111111,0.843113622430751,2.53187914001322,1
2025-11-19 06:30:00,14.7807603098781,16.7117037483762,475.4083473,0.310600751111111,0.833913135667652,2.57026472650797,1
2025-11-19 06:45:00,14.829067901684,18.4836868661664,469.198222668889,0.306800273333333,0.834730721893708,2.55833705490646,1
2025-11-19 07:00:00,15.0414952260068,18.1279497829649,449.96877137111,0.309146349777778,0.827375239086283,2.44076740437267,1
2025-11-19 07:15:00,15.0173398356848,20.4413711912813,434.600246475554,0.290957052666667,0.689718104010121,2.36083081172591,1
2025-11-19 07:30:00,15.0851482209144,20.826065279939,435.190165375555,0.277463786666667,0.61105883447036,2.18530715560892,1
2025-11-19 07:45:00,15.1220864707425,20.9270580101155,432.077789337777,0.276035164,0.592143094262868,2.23492044470398,1
2025-11-19 08:00:00,15.1370096052359,20.3508242114793,430.273316362221,0.276096391111111,0.586425109232527,2.41121126533835,1
2025-11-19 08:15:00,15.2299642213855,21.680731574072,433.741693002221,0.275363761333334,0.574301082304464,2.3823837469157,1
2025-11-19 08:30:00,15.1830650294862,20.1120945628177,435.326748022222,0.270379494,0.547515016628006,2.40360004282538,1
2025-11-19 08:45:00,15.6148127959708,20.4810170144239,432.856244059999,0.266293517111111,0.542399358436256,2.35727749685239,1
2025-11-19 09:00:00,15.8526129863859,22.1827720467893,432.646912679999,0.282710459555556,0.562310135971534,2.66119967290652,1
2025-11-19 09:15:00,16.2437667810419,22.5851654259403,442.979752891111,0.283220238222223,0.578658138229376,2.96155164192325,1
2025-11-19 09:30:00,16.2199515115444,21.6252267563899,448.83628192,0.283599138,0.590463105557965,2.57492808543134,1
2025-11-19 09:45:00,16.4332825286687,20.4869464626646,441.432205286667,0.272662928888889,0.569944328873364,2.3644569773428,1
2025-11-19 10:00:00,16.6223049855882,18.4547284238501,440.282493171111,0.281745465555556,0.520996243697807,2.35521349916667,1
2025-11-19 10:15:00,17.0575025454415,17.7842279951537,442.890745753333,0.286089334444445,0.493021527830067,2.27311069488102,1
2025-11-19 10:30:00,17.1467046605467,17.2745303802612,443.999220582222,0.288033189555556,0.532414918105483,2.24184557763081,1
2025-11-19 10:45:00,18.1101710647422,17.9862558958564,438.333342866666,0.281380145333334,0.61287105182277,2.23740322978893,1
2025-11-19 11:00:00,17.7252802466978,17.1408869015481,448.466697244445,0.287873076222223,0.573941758601187,2.23328686392403,2
2025-11-19 11:15:00,19.0531300932342,15.7222520423867,447.546347162222,0.293302328000001,0.244211224369453,2.24873766742635,2
2025-11-19 11:30:00,18.5303000966756,10.1337275881633,456.273660097778,0.292490005777778,0.239585968100589,2.27301291858,2
2025-11-19 11:45:00,20.6300871276713,10.0816845336118,472.398538837777,0.287979784444445,0.337919831383942,2.31173953131273,2
2025-11-19 12:00:00,21.8159080509409,9.67035746264455,486.384647535555,0.279826346444445,0.363920672709714,2.3469952652184,2
2025-11-19 12:15:00,21.1859476117883,9.76002490314384,493.582038617777,0.283567476222222,0.368393232743135,2.39869167509192,2
2025-11-19 12:30:00,20.6877130670135,9.56708120559384,501.150257968889,0.298078783555556,0.331994743142072,2.38559290685841,2
2025-11-19 12:45:00,20.5112436146105,9.56285543921717,504.0351789,0.302233611555556,0.327973477271789,2.39427932915135,2
2025-11-19 13:00:00,20.4453124440165,9.03387308593901,503.974534075555,0.282572517555556,0.291304323273531,2.36699515098263,2
2025-11-19 13:15:00,20.5755418696728,9.51904699666293,504.314653126666,0.301705907777778,0.319173993779183,2.36160486243146,2
2025-11-19 13:30:00,20.5483801133261,9.82872326718294,500.932543168888,0.304614043777778,0.347087995303449,2.40533715902428,2
2025-11-19 13:45:00,20.6649512115542,9.48022093429627,498.549492244444,0.303619373555556,0.296370754477911,2.37633737034516,2
2025-11-19 14:00:00,20.5967194954091,9.4781317887805,493.7961629,0.283455846,0.291891020897386,2.38180118018415,2
2025-11-19 14:15:00,20.3366280877128,9.01583022189568,490.742375115555,0.281828777111111,0.322619042928766,2.52671942820252,2
2025-11-19 14:30:00,20.4359730625691,9.21545955132627,493.806792986666,0.287801571333333,0.325594343034727,2.39848546525024,2
2025-11-19 14:45:00,20.4070204824505,9.85003660096838,490.814471033332,0.295552850666667,0.333290372172437,2.35796007107599,2
2025-11-19 15:00:00,21.8713051994402,9.76919378146717,492.751633979999,0.305632242,0.303993964094877,2.43544562727699,2
2025-11-19 15:15:00,22.3743377674476,9.75713313759122,492.202915251111,0.283767729111111,0.287352619925887,2.49078006651539,2
2025-11-19 15:30:00,22.3455837611305,9.64395771600051,494.161837648888,0.304093351333333,0.325634917754352,2.489996132248,2
2025-11-19 15:45:00,22.0713522468372,9.42669963668717,495.746358097777,0.304631373555556,0.324240044345805,2.39339666929401,2
2025-11-19 16:00:00,20.695091386815,9.63056156574051,495.168657551111,0.308418856333334,0.301861818162976,2.43385962488842,2
2025-11-19 16:15:00,20.5660224687276,9.3415760288496,495.232313175555,0.307278437472222,0.329163322812148,2.54327060780152,2
2025-11-19 16:30:00,20.8097672783498,9.6171386756496,500.180144304444,0.303504414888889,0.34045113096482,2.83067184449027,2
2025-11-19 16:45:00,20.9768776321513,9.92433756333051,509.644372093333,0.311302911,0.317876520828486,3.12484590049515,2
2025-11-19 17:00:00,22.2490519607305,10.4050268275072,518.646011833333,0.314027453666667,0.390423334123193,3.64598656549861,2
2025-11-19 17:15:00,22.6559832394861,16.4680632884565,551.312604248715,0.326742022194445,1.02012995037921,3.17112470556323,2
2025-11-19 17:30:00,22.5854101754224,16.9288254074888,558.53367285009,0.318618638111112,1.15689586708967,3.07731266040412,2
2025-11-19 17:45:00,22.5142307361928,16.1898696397945,563.28035025845,0.317967368111112,0.455891420481072,3.5964596400412,2
2025-11-19 18:00:00,22.3127508690313,15.9374408620954,562.283978718104,0.317152946333334,0.427180888513213,3.50306113611201,2
2025-11-19 18:15:00,22.2818361157187,16.0859321151476,560.429715150037,0.315030119888889,0.960887480379645,3.3800742434028,2
2025-11-19 18:30:00,20.1302858301305,9.79493508009992,557.745923087939,0.317324338555556,0.399132574539999,3.39035746772631,2
2025-11-19 18:45:00,20.1370065751483,10.0462802848217,559.554155073137,0.305512708333334,0.36773494529852,3.74131039986195,2
2025-11-19 19:00:00,20.4148219600816,10.2619217511617,559.452305885413,0.307370182777778,0.438089693284457,3.68695842183884,2
2025-11-19 19:15:00,18.3612048256948,10.1147873692651,590.699411981943,0.308614856,0.89126229679097,3.48704881985459,2
2025-11-19 19:30:00,19.0795265572313,9.9392951195284,619.097986522704,0.308343130333334,0.944704253242775,3.5552673022293,2
2025-11-19 19:45:00,17.7698140777428,10.3727060358051,624.40512492057,0.308743344888889,0.981991567055192,3.52966909505374,2
2025-11-19 20:00:00,16.9782805627453,15.2415877097643,616.435625321733,0.308216904888889,0.997051879407922,3.46191788711175,2
2025-11-19 20:15:00,16.8015891659694,13.6751415576412,634.939947758665,0.308466159333333,1.04946571896543,3.36469569965801,2
2025-11-19 20:30:00,16.9519174612542,10.4066617542652,641.649468304422,0.308606712111111,1.08496423953719,3.4502644280443,2
2025-11-19 20:45:00,17.5654651577068,13.9510088657203,650.118449026746,0.308040580777778,1.11696142828599,3.38510869612144,2
2025-11-19 21:00:00,16.9578902011651,10.3746468495966,645.695617187554,0.307637565,1.14197279615229,3.38725446389679,2
2025-11-19 21:15:00,16.7222901767481,10.4103056797299,641.985289607784,0.308149871,1.1506125174524,3.50022093521245,2
2025-11-19 21:30:00,16.7136212949376,16.1480494424665,633.983841777852,0.307002831666667,1.15229102284171,3.49110748434145,2
2025-11-19 21:45:00,16.1208748808504,10.4113272559599,629.914023450201,0.309222860555556,1.15892356048697,3.36597542152681,2
2025-11-19 22:00:00,16.0077974450598,15.7658098547281,625.428732970064,0.312627134555556,1.16942861343694,3.3738719284947,2
2025-11-19 22:15:00,16.0065674375296,15.8197827427895,620.310614107782,0.313541357666667,1.16144382630068,3.42271743223635,2
2025-11-19 22:30:00,16.1255765554863,16.2223717192084,616.843857573657,0.309094557888889,1.15517502085651,3.37959035527411,2
2025-11-19 22:45:00,15.8965123802328,16.2594135078576,610.645101862139,0.316331007888889,1.14603136606569,3.39156508815483,2
2025-11-19 23:00:00,16.1132736110391,16.8502822069021,605.451618613893,0.310264261666667,1.1390350375487,3.28832717916725,2
2025-11-19 23:15:00,15.6493785150104,16.0336391031324,597.042515129228,0.311572124777778,1.13431602042649,3.23896533966064,2
2025-11-19 23:30:00,15.7794468356274,16.166825304405,592.686489459082,0.310206433222222,1.11451419771271,3.34116922389871,2
2025-11-19 23:45:00,15.7562092375608,16.8921531068944,587.931961961471,0.310574911777778,1.10548865418861,3.42321520633339,2
2025-11-20 00:00:00,15.7077974157007,17.084948680825,579.267974249657,0.311334069777778,1.08653906434059,3.4019729233036,2
2025-11-20 00:15:00,15.7273602537296,16.2872298319413,577.165373182776,0.310991942444444,1.08113494721595,3.40366628086049,2
2025-11-20 00:30:00,15.6542547741319,17.2405706426844,568.185260980248,0.312874549,1.06475511961718,3.29701055019444,2
2025-11-20 00:45:00,15.5996570852622,10.3510274630066,564.084357261962,0.314182230111111,1.05357109627778,3.29384302476784,2
2025-11-20 01:00:00,15.6801043222385,17.0969170370197,560.030736682687,0.312781081555556,1.04019419165565,3.27707740509077,2
2025-11-20 01:15:00,15.5413466716711,10.4041519720799,554.910712916385,0.312096046861111,1.02233114597503,3.16194378392962,2
2025-11-20 01:30:00,15.5165772234504,16.729668464723,550.011820309154,0.31205206575,1.02524500994919,3.18452559560402,1
2025-11-20 01:45:00,15.4124805512682,17.2593471168985,545.974852375253,0.310711920638889,1.02155161479687,3.20964159438314,1
2025-11-20 02:00:00,15.1251451091369,16.5183125576537,515.968521568889,0.31117217175,1.0025756416097,3.18839635890237,1
2025-11-20 02:15:00,15.1039481082613,16.7779383243941,515.293294184444,0.312281004194444,0.993563865516326,3.0638395836854,1
2025-11-20 02:30:00,14.8524567827888,16.7888385309709,510.979003131111,0.312766591305556,0.978636907111252,3.05341104456859,1
2025-11-20 02:45:00,14.8507509325976,17.0155025247069,506.397255064444,0.311993392194444,0.970565774638241,3.18660983657804,1
2025-11-20 03:00:00,14.8186175633991,17.0786459789679,505.19673126,0.311674323972222,0.963504720205276,3.16133566106101,1
2025-11-20 03:15:00,14.8436343225325,16.585748348847,501.292543731111,0.311077578527778,0.94747913764271,3.11490082746361,1
2025-11-20 03:30:00,14.8578485002198,10.4095405326299,501.008663833333,0.311420125333333,0.933047921294381,2.99499111460302,1
2025-11-20 03:45:00,14.8620110086242,16.9505024031336,498.240224051111,0.314362321333333,0.912830113075192,3.01170346472537,1
2025-11-20 04:00:00,14.8973427988057,10.3765830535266,497.454272966667,0.312338095,0.899745301797487,2.86666410458746,1
2025-11-20 04:15:00,14.8393614195279,10.4695003934257,493.898129028888,0.312185074888889,0.894834788304119,2.87098558692755,1
2025-11-20 04:30:00,14.8386128175012,10.4703124279657,492.327148488888,0.313248002222222,0.891385859291566,2.82279022616442,1
2025-11-20 04:45:00,14.8273035846272,17.1317457339466,490.121221779999,0.313399921333333,0.879667885565035,2.88942039122277,1
2025-11-20 05:00:00,14.8068119038035,17.7968214102379,487.922398357777,0.313917420444444,0.869982770255083,2.83305615432884,1
2025-11-20 05:15:00,14.7701107728464,10.301119978969,486.611834242222,0.313359557333333,0.849697032311371,2.81588030379435,1
2025-11-20 05:30:00,14.8267156648452,10.4377681063527,484.199794606666,0.313124311333333,0.846634946563905,2.75825871256521,1
2025-11-20 05:45:00,14.862398121777,10.4382284903409,482.453655486666,0.313024876111111,0.830198298338034,2.74827287408434,1
2025-11-20 06:00:00,14.9247407371674,17.5482155461756,476.158913046666,0.312313625888889,0.822994942923531,2.60780634861872,1
2025-11-20 06:15:00,14.7658239457415,10.4361432359709,476.087342171111,0.312929163777778,0.816465716847088,2.61347162336263,1
2025-11-20 06:30:00,14.820345724423,16.4296705131535,468.343636604444,0.312337093555555,0.808441358487217,2.65379672387357,1
2025-11-20 06:45:00,14.762756175457,15.9030936559696,465.962516311111,0.311808791333333,0.79337657005246,2.6336950549325,1
2025-11-20 07:00:00,15.1704128176553,15.7350712413987,444.204260364443,0.306449264888889,0.451659507284254,2.62656346778214,1
2025-11-20 07:15:00,16.3642943775073,12.7983178346888,441.213962633333,0.305623922,0.221890107669287,2.44066162140614,1
2025-11-20 07:30:00,16.7389001212222,10.1830033523357,434.929036266666,0.302386846555556,0.190831638172504,2.43566456518715,1
2025-11-20 07:45:00,17.1356097854578,14.3985179298521,433.892842079999,0.301478351666667,0.226795445543772,2.57034530968751,1
2025-11-20 08:00:00,18.8049916550963,15.932391776097,431.042650586666,0.306578227777778,0.266917410137372,2.46874793299487,1
2025-11-20 08:15:00,19.1162900167882,15.5232809282952,429.712226799999,0.308130877777778,0.282756135433478,2.49613320952399,1
2025-11-20 08:30:00,20.6859702072193,16.520116373386,425.102741493332,0.303687251333333,0.433075048846714,2.62209622686868,2
2025-11-20 08:45:00,20.5233590583067,17.4589660266641,437.350288928889,0.303158601111111,0.46032979413623,2.88700219664628,2
2025-11-20 09:00:00,20.8991198628728,16.6822930717811,428.92148605111,0.304116065111111,0.455441986614437,3.04131101873885,2
2025-11-20 09:15:00,20.8694809958268,16.3460064026214,437.493169586666,0.308720174666667,0.373448995330015,2.91297188357283,2
2025-11-20 09:30:00,20.8443253750785,14.2978013613199,440.269413362222,0.302859567777778,0.217986553117254,2.64088829191684,2
2025-11-20 09:45:00,21.1808926121245,10.3259768775539,436.167525253333,0.296501213777778,0.209088039276907,2.73566838484254,2
2025-11-20 10:00:00,21.1792770880459,10.3583446969139,436.109748773333,0.297207546222222,0.209117917171474,2.64160124432762,2
2025-11-20 10:15:00,20.8039707563659,9.90067758336123,434.273615542222,0.294581194222222,0.264157181052067,2.63233410066538,2
2025-11-20 10:30:00,20.8730601259615,10.1451216124733,433.124030868889,0.302989814888889,0.360660530949554,2.60234452690004,2
2025-11-20 10:45:00,20.506372294003,9.73421028758123,434.639708784444,0.300131298666667,0.412061937945657,2.58247009015435,2
2025-11-20 11:00:00,20.4928755343733,9.66031240306244,435.546978011111,0.308180438,0.406647222605304,2.7132787640139,2
2025-11-20 11:15:00,20.5472561842416,9.74276591905456,449.676829528889,0.309237705777778,0.44323090958197,2.74759478641651,2
2025-11-20 11:30:00,20.1919908604639,8.06792659942412,455.670031588889,0.313313041333333,0.440670626760076,2.6943805681059,2
2025-11-20 11:45:00,20.1976629196565,9.03648225826112,476.223548397777,0.304633549555555,0.549725562832751,2.86240592108296,2
2025-11-20 12:00:00,18.749236095772,8.68189636439764,489.630960868889,0.315126228222222,0.58568005300295,3.0252222920665,2
2025-11-20 12:15:00,18.6774464814119,8.58412658798252,493.31930748,0.312085480222222,0.637853281707587,3.00955930689671,2
2025-11-20 12:30:00,18.1082609633037,8.39787360085495,492.512843757778,0.317777658833333,0.663549474777613,3.04988054993068,2
2025-11-20 12:45:00,17.0267019873798,8.5009359975627,499.5835616,0.308720411222222,0.702796365984924,2.9693792569753,2
2025-11-20 13:00:00,16.9977569657887,8.36321531723726,498.430626068889,0.311818098916667,0.69118604327625,3.07350467687821,2
2025-11-20 13:15:00,17.2049161428569,8.34377556800828,495.997657031111,0.310667619444444,0.673465466438091,3.02761463428541,2
2025-11-20 13:30:00,18.0709129455259,8.50023895439706,497.127232351111,0.3121083,0.653821877084726,3.08433001305229,2
2025-11-20 13:45:00,18.4324682466622,8.6579591791843,497.51046402,0.311535465333333,0.635436486327992,3.0670469834097,2
2025-11-20 14:00:00,17.201237346005,8.44772487781431,491.430586148889,0.309440320444444,0.640827526356724,3.10378686295442,2
2025-11-20 14:15:00,18.5377092869142,8.57539685360624,489.389640748889,0.309085348888888,0.573457825808168,3.02960437097502,2
2025-11-20 14:30:00,17.0155607692835,8.46224693335399,489.107491893333,0.312630490305556,0.584955075802917,2.96125386142478,2
2025-11-20 14:45:00,16.4953256050278,5.91907563032131,487.932630444444,0.319997588388889,0.565913353564617,2.92622200431428,2
2025-11-20 15:00:00,16.8094538999019,8.93638427094407,493.322671704444,0.316768099333333,0.623812564799756,2.96083276813114,2
2025-11-20 15:15:00,19.7244789421794,8.46973641782242,492.037640722222,0.309966089444444,0.635751161225681,2.88476024529017,2
2025-11-20 15:30:00,17.0763584685146,8.55359793463561,493.276038937778,0.316632123444444,0.665054865710583,2.87860843410818,2
2025-11-20 15:45:00,18.5391443126742,8.86608255284125,500.177644988889,0.311619747888889,0.711539030457001,3.08001930439747,2
2025-11-20 16:00:00,17.8294353315146,8.92704004251125,507.421491466667,0.311389488972222,0.769673223621992,2.99292004748417,2
2025-11-20 16:15:00,17.7254065150717,9.37912112781309,506.388333068889,0.313651888638889,0.825713183768732,2.90374712093375,2
2025-11-20 16:30:00,18.5552979936918,8.89515620692125,509.398908274815,0.310275278083333,0.779725027614819,2.93063764282407,2
2025-11-20 16:45:00,17.9469469568785,8.78639238379792,513.255952099259,0.31677487775,0.758727838667354,2.85828540793344,2
2025-11-20 17:00:00,18.2054756169824,8.88946535024296,520.478318845925,0.31880614175,0.756735216530075,3.11356051177863,2
2025-11-20 17:15:00,19.6310689846061,8.63033134168311,544.149692208285,0.315672520416667,0.756190449101663,3.008141078578,2
2025-11-20 17:30:00,17.0190754503265,8.82876160367856,550.171530504538,0.316082707083333,0.758712246539426,3.02644462255593,2
2025-11-20 17:45:00,17.7407890965837,8.62444993986963,559.386808508909,0.313238769888889,0.761036916164434,3.10669431919652,2
2025-11-20 18:00:00,19.7566563457854,8.82014250904871,563.787374183931,0.316706769888889,0.79358929677883,3.19898632761616,2
2025-11-20 18:15:00,17.0372105293709,8.67692019350629,562.14145773235,0.315967059222222,0.798009789147753,3.10663628487161,2
2025-11-20 18:30:00,17.1352553349087,8.67294205590296,556.379664131204,0.313182687,0.78307018947459,3.02996616646193,2
2025-11-20 18:45:00,16.4079815573028,9.01591199596523,552.358244577029,0.318598530305556,0.735743659144789,3.12529653238252,2
2025-11-20 19:00:00,16.4421354371246,9.08766424131476,542.344248053708,0.322370321305555,0.708231504129041,3.0867143244641,2
2025-11-20 19:15:00,16.3994543071339,9.07788948847383,518.70794413037,0.322299422638889,0.673306799442528,3.09210884184292,2
2025-11-20 19:30:00,16.5757435416327,10.327272122685,517.625960819259,0.323632359944445,0.695234823156995,3.0849755226988,2
2025-11-20 19:45:00,16.13737401152,9.9389775584635,517.802709354814,0.325127349638889,0.707123943713842,2.98589877091594,2
2025-11-20 20:00:00,15.888129244938,9.97900401389881,517.056802892592,0.321167325750001,0.727970766114419,3.12490148534444,2
2025-11-20 20:15:00,15.9649767506679,9.9850219924035,513.207599792592,0.318598291083334,0.727986608727572,3.11085010474674,2
2025-11-20 20:30:00,15.6685921403591,9.7506342608035,508.591807532592,0.318264945305556,0.734750685275714,2.99416924365792,2
2025-11-20 20:45:00,15.8682743966442,9.96627307449017,507.673804597037,0.316123043083334,0.742017309029335,3.14513822469234,2
2025-11-20 21:00:00,14.9169644514783,9.94016198610017,504.035108324444,0.315025461416667,0.746573490337532,3.13041228399118,2
2025-11-20 21:15:00,15.6654343216365,9.95351495905017,503.522299402222,0.313722161111112,0.738633313070166,3.1172914835643,2
2025-11-20 21:30:00,14.8957604946639,9.93535146919107,501.152684093333,0.316882412888889,0.737116195650504,3.00610061552174,2
2025-11-20 21:45:00,14.7678798328844,9.93209703994108,498.852683788889,0.319713259777778,0.741953678335646,3.04830680392233,1
2025-11-20 22:00:00,14.6364087373706,9.95775688712426,493.585451079999,0.318620200222223,0.717834558730516,3.07655991943373,1
2025-11-20 22:15:00,14.6839409086534,9.98822655557336,491.984090679999,0.320721490888889,0.7188456059902,3.04360793613054,1
2025-11-20 22:30:00,14.7172901280473,10.0092484747734,488.353451344444,0.319023385333334,0.709718398707281,3.02811428082142,1
2025-11-20 22:45:00,14.7301647210635,10.0393506780522,485.258245017778,0.320071235111112,0.698133416502055,3.00531553973127,1
2025-11-20 23:00:00,14.681790496363,10.0643888368915,481.429303557777,0.319406522888889,0.691560416849915,3.09125625466692,1
2025-11-20 23:15:00,14.253695055067,10.0862941971915,475.146057915555,0.322786837666667,0.692319336643104,3.0577704269614,1
2025-11-20 23:30:00,14.2670771200285,10.3881551953682,469.496827811111,0.317101820333333,0.688410814624672,3.07622578585615,1
2025-11-20 23:45:00,14.535097225986,14.6702121831512,463.692054615555,0.316685262444445,0.680566911513669,3.07487702350152,1
2025-11-21 00:00:00,14.4043433001092,14.0131522331396,450.972304568888,0.314318997555556,0.667894209240273,3.06332226343447,1
2025-11-21 00:15:00,14.6479696055662,13.780594203395,447.61163109111,0.312105336888889,0.440390395063865,3.0864477815428,1
2025-11-21 00:30:00,14.2341232196865,13.8429673522647,434.997371779999,0.313404076555556,0.402103099455807,2.96220974962223,1
2025-11-21 00:45:00,14.5183439346943,14.4614129414703,433.286759157777,0.310630519777778,0.386391890861501,3.01208706164551,1
2025-11-21 01:00:00,14.260892001011,14.2547463298638,429.191209706665,0.312248299222222,0.376921067323998,3.12988433801957,1
2025-11-21 01:15:00,14.3685329214169,15.2626105578014,428.512328022221,0.312636278111111,0.379259785908395,3.05153711399629,1
2025-11-21 01:30:00,14.3967579416395,13.8804690453813,431.286168253332,0.309747685555556,0.375909970086882,3.01780266907817,1
2025-11-21 01:45:00,14.3637263991161,15.0798444622548,431.314870053332,0.310759385,0.3724731164597,3.08470796007363,1
2025-11-21 02:00:00,14.1790146290865,14.2794119176419,431.740960555555,0.312960184888889,0.36977854054002,2.97079757983428,1
2025-11-21 02:15:00,14.1743360374272,14.3277101187503,431.627137944444,0.311892653555555,0.373461976480676,3.15670497684969,1
2025-11-21 02:30:00,14.0581528866035,13.8933385756115,428.43253067111,0.306126938666667,0.362478789021251,2.95481636154217,1
2025-11-21 02:45:00,14.7252557490753,15.1346788746001,427.553490459999,0.304473107555556,0.359550930830292,3.06199978075488,1
2025-11-21 03:00:00,14.5625390801837,14.246506153689,427.665713515554,0.303929098666667,0.357163652573626,3.09812333807663,1
2025-11-21 03:15:00,14.113606484648,14.4611439574412,424.644340415554,0.307316204,0.356806933481018,3.02984925347689,1
2025-11-21 03:30:00,14.4127352323055,13.7701133848554,424.941717535554,0.304324064444445,0.354363058363347,3.2032886684635,1
2025-11-21 03:45:00,14.1209332347565,14.3717040206824,428.136969162221,0.308053753888889,0.35054402345156,3.0752920348839,1
2025-11-21 04:00:00,14.1191836750721,14.7064532968765,432.216902635555,0.308333743888889,0.331453893736118,3.01742852683928,1
2025-11-21 04:15:00,14.2569631803699,14.9005423424123,432.026419493333,0.308900656888889,0.329100846635622,2.79335447018938,1
2025-11-21 04:30:00,14.2057716690046,14.366683693828,431.975133344444,0.306360818222222,0.324059127416941,2.88962796914117,1
2025-11-21 04:45:00,13.9286827632192,14.5411159857358,429.522951417778,0.309700866888889,0.322895771236384,2.95629101672903,1
2025-11-21 05:00:00,14.0934487935732,15.1350163398819,429.948417791111,0.309078232,0.32306979915865,2.94440882857466,1
2025-11-21 05:15:00,13.9747637359762,14.5593000786703,430.200591713333,0.309997053777778,0.322746709171468,2.87076358260412,1
2025-11-21 05:30:00,13.9195703086014,14.8569317900863,429.010632146667,0.309812057333333,0.322736252497249,2.86298603771782,1
2025-11-21 05:45:00,14.0883363732221,15.2181928971449,426.713000817778,0.310657659222222,0.322777358643754,2.93805891722843,1
2025-11-21 06:00:00,14.2279698669483,15.0241708852734,426.613076937778,0.311449608,0.322639828129968,2.89105673576559,1
2025-11-21 06:15:00,14.0425054303955,14.3981281898974,426.809271771111,0.309278529333333,0.320483914173352,2.95760010431675,1
2025-11-21 06:30:00,14.1601505837284,14.6016507377376,426.113428553333,0.309571565333333,0.319413081079423,2.83633461759646,1
2025-11-21 06:45:00,13.781017131591,13.757993540982,424.084847493333,0.314348138111111,0.318006350997441,2.83725926027842,1
2025-11-21 07:00:00,14.55407390183,14.2235511905812,422.424096434444,0.308354448888889,0.331065216879856,2.82437844505738,1
2025-11-21 07:15:00,16.4287099342975,14.3926665880225,423.943060552222,0.321513030666667,0.333372098101666,2.82073568031877,1
2025-11-21 07:30:00,16.3255931149081,10.4815391061723,424.997426452222,0.319393030444445,0.255875877259184,2.81639216362293,1
2025-11-21 07:45:00,15.9786202395312,10.0193897770111,422.960568741111,0.315265811555556,0.316389290366963,2.88148209458148,1
2025-11-21 08:00:00,16.0205328841521,10.0519329100398,420.968942618888,0.315341642,0.261242641979395,2.96264646652342,1
2025-11-21 08:15:00,16.9297442281244,10.3212488287732,420.116520293334,0.320260322444445,0.3063233788711,2.93196852533379,1
2025-11-21 08:30:00,16.7605098597185,14.4090783184953,420.581992233333,0.315842582222222,0.312691791404715,2.91357660241286,1
2025-11-21 08:45:00,16.8504252125185,10.0899349788441,420.760267613333,0.314223047722223,0.30581043919412,3.05300741078592,1
2025-11-21 09:00:00,17.1727596740533,10.1013504932308,422.66522764,0.310827128333333,0.306441379167224,3.08384561702084,1
2025-11-21 09:15:00,17.0076489953704,10.2748708245677,426.152342592222,0.311447889111111,0.396635746104866,3.14346239024152,2
2025-11-21 09:30:00,17.3497929891807,14.1516359989648,426.830275752222,0.314091713333333,0.392524900026471,3.18793535851775,2
2025-11-21 09:45:00,16.7496406631052,10.4061025138844,425.499039436667,0.310868876194445,0.3826101033378,3.183182490453,2
2025-11-21 10:00:00,17.0026781178504,10.1454899703444,425.822764427778,0.311284699777778,0.390024290925714,3.22384352794333,2
2025-11-21 10:15:00,17.2216287515807,10.2651888908277,425.605915523333,0.310254159333333,0.392838651808768,3.15683853549081,2
2025-11-21 10:30:00,16.8206446145333,9.99274395795301,425.055092135555,0.310325171333333,0.380895132602091,3.12701350725595,2
2025-11-21 10:45:00,16.7908506779704,9.93697179615635,425.68625724,0.316542810416667,0.386121396273468,2.96868991069276,2
2025-11-21 11:00:00,16.5940823555955,10.3997949203564,428.911646968889,0.318152881888889,0.315204772550017,2.94532472410888,2
2025-11-21 11:15:00,16.50911464655,10.2555595900949,437.176307393333,0.317921749222222,0.332345357262113,2.90823081018415,2
2025-11-21 11:30:00,16.4191866501615,10.0221583574742,449.315432544444,0.317332717416667,0.386496474560278,2.90561212383472,2
2025-11-21 11:45:00,16.7941802434948,9.75143822806108,451.230751915555,0.316401686777778,0.409665250041873,2.84283093408303,2
2025-11-21 12:00:00,16.44994199651,9.85113850393402,457.414206351111,0.314425883222222,0.386213642882534,2.7960910815733,2
2025-11-21 12:15:00,16.2348520369689,9.24208940366509,467.771348008888,0.317236825,0.523704618300632,2.75996269279537,2
2025-11-21 12:30:00,16.2685942096548,9.53566603278968,477.716176962222,0.318365598111111,0.545672499787283,2.82739914781307,2
2025-11-21 12:45:00,16.7224819632909,8.78529445733668,486.449665013333,0.318732692222222,0.546096351342473,2.79849803890834,2
2025-11-21 13:00:00,16.9710871670474,8.61966437798392,491.562072508888,0.320028003777778,0.551654176737704,2.81503509498397,2
2025-11-21 13:15:00,16.9081691469719,8.41650440083285,491.882387915555,0.320553937555556,0.529839420137906,2.85880810829525,2
2025-11-21 13:30:00,16.4877099304406,8.30815726995841,496.441375468888,0.324033567777778,0.526885034117727,2.85870204516418,2
2025-11-21 13:45:00,16.9425321414539,8.6114253058493,498.522975444444,0.322288726083334,0.541407407487291,2.79808925063896,2
2025-11-21 14:00:00,16.1768419669942,8.72820768548508,505.080607215556,0.318501621555556,0.584589771101302,2.7938436157722,2
2025-11-21 14:15:00,16.195081661568,8.02083936188797,508.502787791111,0.316486228222222,0.556300491137612,2.78527244412106,2
2025-11-21 14:30:00,16.5502572235576,8.46951928822489,512.440807951111,0.318772036527778,0.596957623992001,2.76118846741614,2
2025-11-21 14:45:00,17.5174133896756,8.63863314588049,513.074544197778,0.321692257972223,0.609895729013576,2.77095319968055,2
2025-11-21 15:00:00,17.8469213590402,8.73598794286383,519.545950246667,0.322201819194445,0.630222929426495,2.87949623124807,2
2025-11-21 15:15:00,16.6822682249808,8.64244480770189,518.965495544444,0.317815677527778,0.700469273556751,2.84293993489729,2
2025-11-21 15:30:00,16.3235328495976,8.41576579175296,518.10772634,0.312963934638889,0.715118047631614,2.91596235742739,2
2025-11-21 15:45:00,16.7383335472272,8.46078198198296,519.605362748889,0.313765222861111,0.735458806927356,2.85871277865625,2
2025-11-21 16:00:00,16.1864551415991,8.59641485581522,516.095538157778,0.316893349083334,0.738868241289531,2.76395251235501,2
2025-11-21 16:15:00,19.6942206179009,8.86000696646567,512.022300531111,0.315917013972222,0.732200933725282,2.6727245886616,2
2025-11-21 16:30:00,17.5050446975096,8.58415710607189,511.820396715556,0.31281905375,0.685754041294992,2.79535161985416,2
2025-11-21 16:45:00,19.7244206970565,8.5994618737763,512.289716171111,0.317178140194445,0.669714607182131,2.74417873066087,2
2025-11-21 17:00:00,19.9555667411468,8.93321646100506,518.463942433333,0.315990397972222,0.705691679618956,2.70102813048216,2
2025-11-21 17:15:00,18.0847493636683,8.8866842410728,519.885837646667,0.320000420305556,0.764449571440735,2.67980874182008,2
2025-11-21 17:30:00,17.5932931385052,8.51597165069598,518.190874148889,0.312365741305556,0.766709569509421,2.70551627579538,2
2025-11-21 17:45:00,16.8522965943843,8.77554835439946,518.180746333333,0.316658487527778,0.758692767951428,2.68938799296373,2
2025-11-21 18:00:00,17.6767756030563,8.92511019324462,516.478522506667,0.31840017175,0.719785846666962,2.75291138980645,2
2025-11-21 18:15:00,18.7860178909231,8.77645585425716,513.330830895556,0.322625771972222,0.655471115117595,2.72833269119164,2
2025-11-21 18:30:00,17.3575101430593,8.72866742621382,510.601182026667,0.320901610638889,0.631787985860168,2.59454927658912,2
2025-11-21 18:45:00,16.7087446827473,8.60792744683716,508.7007566,0.318190642444445,0.577599632381799,2.60377249201899,2
2025-11-21 19:00:00,16.081425128088,8.38421582765924,507.700323615556,0.319061671638889,0.550258180781451,2.6074079391773,2
2025-11-21 19:15:00,16.7625073972445,9.440254846232,506.251017051111,0.318440518222223,0.544640734985846,2.60217103287411,2
2025-11-21 19:30:00,16.1674599294969,9.56935244009533,507.796049177778,0.318159926972223,0.571067424769311,2.62991105294107,2
2025-11-21 19:45:00,15.7216748853423,9.94328463676499,511.603424644444,0.320603497194445,0.604544832358686,2.60209434271842,2
2025-11-21 20:00:00,15.4983668719526,10.1229714682588,517.469419771111,0.327638245527778,0.652581166126825,2.60326037487587,2
2025-11-21 20:15:00,15.1775055986066,10.0513397374221,517.175053686667,0.324076978861111,0.685955732065344,2.64515593022455,2
2025-11-21 20:30:00,15.2054237426354,9.96155366366684,517.122035795556,0.32233664175,0.734376948371964,2.67152670817323,2
2025-11-21 20:45:00,15.0299885263444,9.97105252669774,548.587186966615,0.318321118638889,0.796065330648148,2.63038581859469,2
2025-11-21 21:00:00,15.1977391880943,9.97335513257792,544.47253753756,0.31486194175,0.80795130920917,2.67817482873261,2
2025-11-21 21:15:00,14.6368228580729,9.94663429238792,517.867551813333,0.316104438861112,0.806911225694087,2.74980963453429,1
2025-11-21 21:30:00,14.5128301286854,9.94055661551792,517.822164997778,0.316715817083334,0.823351472105551,2.73843613023786,1
2025-11-21 21:45:00,14.3894153680549,9.94441584972792,517.249752033333,0.316021280638889,0.81658265461422,2.71642357535287,1
2025-11-21 22:00:00,14.5463906847966,9.94950103993792,512.447052886667,0.31522905175,0.802358621483047,2.68842056210338,1
2025-11-21 22:15:00,14.4073391066974,9.95176076478774,512.283139957778,0.316090079083334,0.787383820491215,2.7726049948014,1
2025-11-21 22:30:00,14.3271317711,9.95182136357774,509.051743611111,0.321804753638889,0.779741450616645,2.74251299725451,1
2025-11-21 22:45:00,14.5693372521591,9.94709471172774,508.501174993334,0.318763475555556,0.754855748900874,2.79893138530183,1
2025-11-21 23:00:00,14.5695775032057,9.94824474448774,505.761938864445,0.315879739333334,0.745973481400942,2.78166134256452,1
2025-11-21 23:15:00,14.5541620518025,9.97617888522002,498.134844377778,0.320318319555556,0.727863949117844,2.71281422547875,1
2025-11-21 23:30:00,14.2157193096282,10.02832390205,495.090381766667,0.324470419,0.715504392798426,2.86802826180548,1
2025-11-21 23:45:00,14.2637855211718,10.0553731343455,493.35673218,0.321891412222222,0.700715630215345,2.83900562900974,1
2025-11-22 00:00:00,14.0694378941526,10.0930242654715,487.140788331111,0.319117726888889,0.688508885288088,2.88948589237957,1
2025-11-22 00:15:00,14.2239251138666,10.4119810928224,479.814652006666,0.318674341444445,0.667498297662842,2.8831220034254,1
2025-11-22 00:30:00,14.1606679690015,14.5571891342304,473.768295382221,0.318477038222222,0.669118545892451,2.75447538958671,1
2025-11-22 00:45:00,14.2988611378165,15.2430388226275,462.073443475555,0.315489933333333,0.450049482458548,2.78945677565664,1
2025-11-22 01:00:00,14.1476945580795,13.9206769431931,444.191446126666,0.314366771333333,0.396615566290699,2.96435500964879,1
2025-11-22 01:15:00,14.3971391379361,13.9856888322074,438.18495283111,0.310665122,0.37867767404787,2.80826170392803,1
2025-11-22 01:30:00,14.0603890064839,14.5122059612682,437.484279219999,0.315577653888889,0.373972403463985,2.81678006495291,1
2025-11-22 01:45:00,14.0378062299816,14.0687794500747,435.347704186666,0.313262709,0.372349734111577,2.8633183231438,1
2025-11-22 02:00:00,14.3292832492107,14.5708997476441,434.522959773332,0.310759295777778,0.365515890798589,2.79432011989039,1
2025-11-22 02:15:00,14.0147926064576,14.4880585233429,435.176794275555,0.314379447777778,0.364682471717809,2.84138813820071,1
2025-11-22 02:30:00,14.0169022906413,14.3446530577854,434.645360817777,0.311856780777778,0.351993735581829,2.73429683531113,1
2025-11-22 02:45:00,14.0186047890872,14.6950389125737,431.710783535554,0.311363042111111,0.345783998646895,2.76157346960266,1
2025-11-22 03:00:00,14.0867636560769,15.2399607136194,429.748725877777,0.314083762222222,0.342199448103943,2.71376770312633,1
2025-11-22 03:15:00,13.9088408801213,14.1193530550822,427.882673613332,0.309034465555555,0.341131789735854,2.83904368340926,1
2025-11-22 03:30:00,14.0063367860828,14.8324186590973,434.05279267,0.309249823555555,0.318935574686387,2.79463825068054,1
2025-11-22 03:45:00,13.7440194433672,13.7495973314128,434.553585876666,0.308913452444445,0.315294380167058,2.73868316750644,1
2025-11-22 04:00:00,14.004807413741,14.0439508246994,432.70310262,0.307488225111111,0.311223420985596,2.75988945423334,1
2025-11-22 04:15:00,13.9110543315998,15.5946760163567,430.968919591111,0.313416083333333,0.311396497854226,2.72764701783867,1
2025-11-22 04:30:00,13.6539630094561,13.4771773999775,430.949777477778,0.309408985333333,0.308054140259944,2.81287029028204,1
2025-11-22 04:45:00,13.8349433465539,14.3641942100547,428.435801093333,0.313638039666667,0.309211297001612,2.85370731051644,1
2025-11-22 05:00:00,13.9342640006611,15.4895213394214,428.274410568888,0.315043598444444,0.293739964896748,2.84710294422119,1
2025-11-22 05:15:00,13.9449843695278,15.8951242072795,425.75135684,0.316825381666667,0.29425214865625,2.83943457608142,1
2025-11-22 05:30:00,13.6568349898641,14.3300255823379,424.594808319999,0.317261595888889,0.294242832360484,2.86673559233683,1
2025-11-22 05:45:00,13.5803263612937,14.2178253864624,423.773592875555,0.318532184666666,0.294361562985818,2.83021402610125,1
2025-11-22 06:00:00,13.7654327480167,14.8993557536723,423.32922854,0.318860269,0.28173319352942,2.90587722644255,1
2025-11-22 06:15:00,13.4927342125263,13.17943696166,422.867550684444,0.314758442222222,0.272387019661979,3.02057111884357,1
2025-11-22 06:30:00,13.5604776899228,14.6213076195481,422.330279042222,0.318407738888889,0.272777345841825,2.88139123922699,1
2025-11-22 06:45:00,13.529099711745,14.6875015960288,422.657871104444,0.315833597333333,0.273132417240523,2.82220468969749,1
2025-11-22 07:00:00,13.7801165409802,14.4213087230065,422.421540853333,0.319936423555556,0.314391646939463,2.89219025557601,1
2025-11-22 07:15:00,14.8207156277712,10.4460068986456,419.44927183,0.327757631555556,0.313085363608845,2.88152099465597,1
2025-11-22 07:30:00,15.4918247261263,9.87921638286797,421.074954956666,0.321160212666667,0.252419181695625,2.81052103258823,1
2025-11-22 07:45:00,15.1660118403312,10.0781758090987,419.113326765555,0.322384145333333,0.251187309219025,3.00098988535537,1
2025-11-22 08:00:00,15.0041088277074,9.79997201505222,418.261248318888,0.332527316888889,0.236414777250208,3.01585443658267,1
2025-11-22 08:15:00,15.4658774322641,9.90703366346691,418.150071023333,0.328435357555555,0.246481454207686,2.9787068773993,1
2025-11-22 08:30:00,15.0323969960527,9.18404577317529,420.969654437777,0.326055177333333,0.27199633130575,2.9540575933734,1
2025-11-22 08:45:00,14.8440278682093,9.57232152463041,418.538908189999,0.329419003777778,0.0209800399342085,3.10013212392234,1
2025-11-22 09:00:00,14.5009885498118,9.39806202245073,419.283051833333,0.331007377555556,0.0288450797947059,2.94313512384338,1
2025-11-22 09:15:00,14.1806769702344,9.20324595665532,422.603609646666,0.333449576666667,0.0184445672910127,3.0208745059759,1
2025-11-22 09:30:00,14.3200371890216,9.18737488469726,421.409552226666,0.331565238888889,0.234900067298212,2.99528095785114,1
2025-11-22 09:45:00,14.3738714434757,9.13747421063514,422.309489566666,0.326219441555556,0.278738030282019,2.84574050653318,1
2025-11-22 10:00:00,14.284782492853,8.26869519028553,422.078169128888,0.334258727555556,0.284432357605523,2.9221052241096,1
2025-11-22 10:15:00,14.5155826685097,9.28556025379943,421.611430102222,0.333343019111111,0.267145143117872,2.77183600062507,1
2025-11-22 10:30:00,14.8815704275094,9.57715018302258,420.510668601111,0.336872018,0.273904648956593,3.09604696071695,1
2025-11-22 10:45:00,14.8729672465559,9.50655877622258,421.383802281111,0.327246696222222,0.274480776490854,3.23483175755796,1
2025-11-22 11:00:00,14.3402720385441,9.24880882924799,424.858200297778,0.332253410111111,0.239763133771675,3.14789620823428,1
2025-11-22 11:15:00,14.6501995627204,9.43613430497268,433.024655919999,0.325026675222222,0.241205873112996,3.22015211300622,1
2025-11-22 11:30:00,14.8482199847388,9.45438116992042,437.580165295556,0.320443001166666,0.274510486139556,3.1302030350988,1
2025-11-22 11:45:00,14.3003073057608,9.37447397248201,441.790772717778,0.310367930444444,0.329307937627501,3.12709106047067,1
2025-11-22 12:00:00,14.9582446230897,9.64148795661853,450.683961626666,0.313153187555556,0.368560419315828,3.11591329839441,1
2025-11-22 12:15:00,14.2151023593672,8.26955278316619,475.326402511111,0.310218236888889,0.471930070363791,3.08869611565077,1
2025-11-22 12:30:00,14.6540205174035,8.45389520841524,491.859118933333,0.314519521111111,0.507364021359025,3.10428355820139,1
2025-11-22 12:45:00,15.1070826202208,8.39403144659139,503.672117293333,0.318052394861111,0.561197379200251,3.09633968529302,1
2025-11-22 13:00:00,15.1661654958721,8.62753275904538,507.572394500001,0.316942028333334,0.62306937894303,3.05246272130291,1
2025-11-22 13:15:00,14.8581020293426,8.32929529908637,512.943398248889,0.317088925861111,0.659522528283603,3.07494685444323,1
2025-11-22 13:30:00,15.1163459827344,9.05384911278809,515.405993042223,0.317180500305556,0.648896529034287,3.06324242148966,1
2025-11-22 13:45:00,14.8017669110714,8.43546377155547,517.324181020001,0.31875391575,0.647443395078472,2.98384187841104,1
2025-11-22 14:00:00,15.3595742922247,8.81904156562507,514.923900533334,0.319744751861111,0.670289415810907,2.9611822824729,1
2025-11-22 14:15:00,14.8636202836227,8.34334470721586,514.482825457778,0.31461196975,0.663558083419419,2.88972254800215,1
2025-11-22 14:30:00,15.3056294179917,8.95432250965809,514.980528146667,0.320207910083334,0.65188684632561,2.93771607605678,1
2025-11-22 14:45:00,15.4203693860021,9.10596106354369,520.323030268889,0.319953845416667,0.691106746355067,3.03004757248962,1
2025-11-22 15:00:00,15.4112060053783,8.48906852951281,520.662746948889,0.314390283194445,0.764305745703626,2.85681328780287,1
2025-11-22 15:15:00,15.0339802058724,8.599063503036,520.13215554,0.311897983083334,0.806685734538011,2.89072648811613,1
2025-11-22 15:30:00,15.4235519022569,8.99470567299584,538.382909422012,0.312442790972222,0.788387627979656,2.90481204043627,1
2025-11-22 15:45:00,15.1929386405308,8.40663049868655,536.539090832691,0.313543038638889,0.773574981927426,2.8782431238359,1
2025-11-22 16:00:00,15.2324080222982,8.56673544456101,542.236079139799,0.313048970416667,0.780601993157074,2.8450543689837,1
2025-11-22 16:15:00,15.9880782717756,8.611964108976,542.169331306542,0.312653818416667,0.886331376903511,2.83252421160046,1
2025-11-22 16:30:00,16.2671626689502,9.45098740121124,537.822441309249,0.313443672194445,0.913101713690853,2.89808131987571,1
2025-11-22 16:45:00,16.3129598036124,9.95426996540545,533.036916846031,0.313974035638889,0.925296369822975,2.82894497396002,1
2025-11-22 17:00:00,16.3247262589917,9.48299940388426,519.561313348889,0.315163372750001,0.877043970899359,2.96363334773897,1
2025-11-22 17:15:00,16.2961654739443,9.36489276916266,517.821348702223,0.31529483175,0.842899314330516,2.97333755945968,1
2025-11-22 17:30:00,16.0258014938826,8.55366362850445,516.556171908889,0.309723814861111,0.780440660134483,2.95628989518795,1
2025-11-22 17:45:00,15.7913261100732,8.58422517374265,510.639633568889,0.31081521275,0.720570722049969,3.08460016772414,1
2025-11-22 18:00:00,15.9609785231873,8.83226899344795,509.066188777778,0.316377418666667,0.693289613345171,3.21869704863282,1
2025-11-22 18:15:00,16.9652286755793,8.56455473715228,501.019378717778,0.312591882444445,0.636971196782131,3.183135714671,2
2025-11-22 18:30:00,21.4757724536269,9.76817790782789,495.123557186666,0.314840584888889,0.737376907715857,3.13277088573698,2
2025-11-22 18:45:00,20.1656445016372,9.60246558275454,483.05751195111,0.315067003333334,0.601112566906794,3.24521688911445,2
2025-11-22 19:00:00,21.042000553335,9.86673800867515,472.75058656,0.318450954222223,0.539630032342552,3.24075542119655,2
2025-11-22 19:15:00,21.0241046965528,14.9576940296677,459.456454817777,0.314762822222223,0.523854468695137,3.17565934072147,2
2025-11-22 19:30:00,20.4259445554713,14.3096959849978,459.437589237777,0.311782472888889,0.52376384039599,3.09872315564094,2
2025-11-22 19:45:00,19.6701798835454,15.2063672446411,456.313787122222,0.313118170222223,0.555222657563836,3.10083902062421,2
2025-11-22 20:00:00,19.5121507584091,15.0997348253159,457.026214682222,0.310730420888889,0.578796606326975,3.15300830280953,2
2025-11-22 20:15:00,16.618703745603,15.8327270075227,442.930787686665,0.311928579111112,0.452231049187227,3.07748737422806,2
2025-11-22 20:30:00,16.0599277687976,15.2282411618675,442.460314384443,0.31247358088889,0.451362273836736,3.04877691287697,2
2025-11-22 20:45:00,15.9822297837087,15.6932340842029,451.880549588888,0.310764292444445,0.463283535784374,3.04597228616527,2
2025-11-22 21:00:00,15.318643708033,15.5458694252577,443.339747528888,0.310545081777778,0.41150687834609,3.02411394939714,2
2025-11-22 21:15:00,15.3326016932528,15.4857799412306,443.058484346666,0.312133333777778,0.41958851614091,2.94916354179065,2
2025-11-22 21:30:00,15.2576762452136,15.2791703765438,442.120305693332,0.310247732888889,0.403092839168802,2.98380774345553,2
2025-11-22 21:45:00,15.176128803549,15.315891307211,437.579710446665,0.307460362444445,0.402571816720508,2.88029272849586,2
2025-11-22 22:00:00,14.8798949714161,16.281980919379,437.514286508888,0.307530058444445,0.402169515738044,2.83065414960361,2
2025-11-22 22:15:00,15.1864397529999,16.0908708106845,436.303748719999,0.308101628,0.400322766409537,2.7827281952141,2
2025-11-22 22:30:00,14.302470286847,15.8032537186063,434.748429948888,0.306015134444445,0.397677349814707,2.75592031187215,2
2025-11-22 22:45:00,14.1903199296405,15.3763179233193,437.264866735554,0.311132382222223,0.39719833907156,2.74553685987482,1
2025-11-22 23:00:00,14.2396000063709,16.3321566421495,434.763463255554,0.311773090666667,0.39649142276123,2.78417888965199,1
2025-11-22 23:15:00,14.1729817782768,16.1031154063701,434.570609246666,0.306606516444445,0.395800416356323,2.84563679662852,1
2025-11-22 23:30:00,13.968780819235,15.8228013007232,434.546767537777,0.315711104666667,0.39725734034437,2.80516238140669,1
2025-11-22 23:45:00,14.0034296540157,16.3519231544649,435.167681104443,0.315238553222223,0.393806566546056,2.71545673115788,1
2025-11-23 00:00:00,14.0033779755772,16.3390114529732,434.548457513332,0.314670864888889,0.388016364835296,2.71268248799553,1
2025-11-23 00:15:00,14.1894790923594,15.9146714294514,434.438352477777,0.311118943777778,0.389716069661874,2.65671020285722,1
2025-11-23 00:30:00,13.9651098524439,16.3330565472486,434.697249508888,0.315735664888889,0.384706952337936,2.66481493658559,1
2025-11-23 00:45:00,13.9656907475061,16.7499405897473,434.221469553332,0.316458509555556,0.377211928714668,2.65600235692727,1
2025-11-23 01:00:00,13.9516083046068,16.1121915276919,432.159090917777,0.315426932777778,0.375720248527514,2.66756298949295,1
2025-11-23 01:15:00,13.9173509892068,16.2008249553959,432.240460044443,0.315510365555556,0.373586331699107,2.65361452142154,1
2025-11-23 01:30:00,13.9816732708098,16.6090417126431,432.17408675111,0.314038585111111,0.375362409541582,2.70980502299447,1
2025-11-23 01:45:00,13.9686953281915,15.9317807376089,431.734887477777,0.312072881111111,0.363536173467584,2.64971435366577,1
2025-11-23 02:00:00,13.9163122902142,17.300284479457,431.70383887111,0.312324839333333,0.394640959606445,2.5980504262485,1
2025-11-23 02:15:00,13.8675282717713,16.4153942657729,431.509540137777,0.312277789777778,0.361080655038517,2.60085827566889,1
2025-11-23 02:30:00,13.8872562164128,16.4396954535066,430.695069384444,0.312009367777778,0.361080655038517,2.58046750535712,1
2025-11-23 02:45:00,13.9389629566572,17.343218767338,430.721001317777,0.312140671777778,0.394685796955975,2.57741444901767,1
2025-11-23 03:00:00,13.9043237817165,16.5175462138803,430.214087624444,0.309956808444445,0.360936951791412,2.61991694549289,1
2025-11-23 03:15:00,13.8997136956246,16.4671631025718,430.529673808888,0.31019743,0.360750335939299,2.58094557694903,1
2025-11-23 03:30:00,13.9028187284231,16.5731169410731,431.583963373333,0.311213381555556,0.359312964660657,2.57912322634248,1
2025-11-23 03:45:00,13.8400345729461,16.7802949048266,435.950261556667,0.309843793333334,0.337700639245879,2.54331252976754,1
2025-11-23 04:00:00,13.842832339635,17.053871739687,436.824151227778,0.311024566888889,0.333299936818462,2.53943088547359,1
2025-11-23 04:15:00,13.889509923035,16.6147213515889,435.077653077778,0.309439547111111,0.353593728931052,2.54620218882791,1
2025-11-23 04:30:00,13.873510794912,17.0010038897314,430.846159117777,0.308486456888889,0.357274714716818,2.54955294091457,1
2025-11-23 04:45:00,13.8444969599402,17.0741548931785,435.608160235555,0.308311368666667,0.338225010948212,2.5704228166629,1
2025-11-23 05:00:00,13.8439895980631,17.3290670723117,436.90360445,0.309762608888889,0.345358627742063,2.53451884378471,1
2025-11-23 05:15:00,13.8382396962987,17.2241322313487,436.89976611,0.309040108888889,0.333435611122805,2.53662312662106,1
2025-11-23 05:30:00,13.8824280445742,17.0909667183889,436.658267641111,0.311203211333333,0.331591361272859,2.53541952381113,1
2025-11-23 05:45:00,13.8631398625816,17.4791645312442,436.650192354444,0.312414858222222,0.352711440094308,2.53463959817896,1
2025-11-23 06:00:00,13.8551857266379,18.1741597485979,436.630341758889,0.312249831333333,0.378184283867151,2.54548730582044,1
2025-11-23 06:15:00,13.759721286072,16.3998118028747,437.404429605555,0.311269605333333,0.342274375509657,2.54605310748074,1
2025-11-23 06:30:00,13.8319137902839,16.8843880254801,437.720272536666,0.311332967,0.341436479402703,2.52663268658333,1
2025-11-23 06:45:00,13.8096476681979,16.7768217211904,437.228923567778,0.311732376222222,0.341436479402703,2.52590614235017,1
2025-11-23 07:00:00,13.7355971001016,16.559714233873,437.217922858888,0.309863179333333,0.34088449405933,2.5176539366954,1
2025-11-23 07:15:00,13.7729105743831,16.8149374553627,437.058240618888,0.308885404222222,0.342010412515022,2.51971265981241,1
2025-11-23 07:30:00,13.8113496707224,17.7463510799468,437.14194015,0.311597010222222,0.37913795215695,2.51508505628946,1
2025-11-23 07:45:00,13.7632370273609,16.9405349742257,437.28558808,0.309726895333333,0.343362448767254,2.51697778575302,1
2025-11-23 08:00:00,13.7726622032246,17.7154516477616,437.100591868888,0.309397671777778,0.364803223745143,2.52057158579691,1
2025-11-23 08:15:00,14.5514839174205,17.903344632594,437.217678884444,0.311083005777778,0.385172531718052,2.51853683010981,1
2025-11-23 08:30:00,14.5722264832116,18.9338030190339,436.711530708888,0.309821903777778,0.468515056254884,2.50906701604392,1
2025-11-23 08:45:00,14.5656826795583,18.5394000046506,436.38046821111,0.310717536888889,0.479951318021822,2.50735108323293,1
2025-11-23 09:00:00,14.5928273693657,19.1055847920735,435.426249695555,0.308674898666667,0.859858022999368,2.51417755756737,1
2025-11-23 09:15:00,14.6457211917301,19.3186663828864,434.458608713332,0.310875238888889,0.850388980238215,2.51484654804903,1
2025-11-23 09:30:00,14.6547164378709,18.6294810155433,436.222071433333,0.310241079111111,0.479509017340357,2.50203728335807,1
2025-11-23 09:45:00,14.6842563087286,18.7807712849853,435.748509046666,0.311137595555555,0.418938328715303,2.50098573587464,1
2025-11-23 10:00:00,14.648444621499,18.4019017505691,435.79273941111,0.309431977333333,0.401732386334021,2.50125491459673,1
2025-11-23 10:15:00,14.8588655199733,18.8748590169074,436.616298315555,0.308026069333333,0.387789897957157,2.51010229484749,1
2025-11-23 10:30:00,14.778536540099,18.7698094275988,436.150898855556,0.310404977111111,0.38951990260967,2.50449847517598,1
2025-11-23 10:45:00,14.7106916085079,17.9846523801297,436.201939775555,0.309028084444444,0.388316099696003,2.50115786972525,1
2025-11-23 11:00:00,14.1034938905278,18.4723778704797,435.679256284444,0.309641055111111,0.387353268039303,2.50696646270323,1
2025-11-23 11:15:00,14.1528389158715,19.2097602659317,435.923262484444,0.307383592111111,0.801769871853215,2.50392925012736,1
2025-11-23 11:30:00,14.0987436251639,18.0402638543374,435.632086168889,0.309834287666667,0.385220083333611,2.50385182558366,1
2025-11-23 11:45:00,14.0988626463194,17.905725750682,435.577968191111,0.309401476555555,0.387086202859699,2.51347342336755,1
2025-11-23 12:00:00,14.0727742999733,18.1881854568852,429.921566935555,0.308689255666667,0.379093266802739,2.47394287549201,1
2025-11-23 12:15:00,14.0764535008184,16.5178271310374,424.620875214444,0.317774948666667,0.373153529862799,2.40922188993006,1
2025-11-23 12:30:00,15.5081774981347,10.3822726784461,423.21185265,0.311463153777778,0.30836252187718,2.36263360018834,1
2025-11-23 12:45:00,15.0744738337665,10.3046778218325,422.599612241111,0.322574503777778,0.523912693981523,2.34286069584271,1
2025-11-23 13:00:00,14.5632931565856,10.3818223219192,420.465526107778,0.326845495333333,0.486116205357516,2.32924134854921,1
2025-11-23 13:15:00,14.5849381004053,9.48436258141938,420.515710964444,0.325975751333333,0.358200564071312,2.31398759423682,1
2025-11-23 13:30:00,14.2298495701319,8.01015300910308,422.56921158,0.334094541111111,0.36528679684236,2.30409808318659,1
2025-11-23 13:45:00,14.2925736787671,7.51239542896005,423.050944024444,0.334680378444444,0.317277652480129,2.30068873489464,1
2025-11-23 14:00:00,13.9200683110476,6.53235092108645,422.693989495555,0.330798482222222,0.245521329458726,2.27800037113806,1
2025-11-23 14:15:00,14.5345472891819,6.73653367186501,435.520064286667,0.317727484,0.336537923630181,2.28502046058137,1
2025-11-23 14:30:00,15.1935309999863,6.14690121725228,454.829306693333,0.317658258666667,0.375797140250503,2.29331121380938,1
2025-11-23 14:45:00,14.5459930600388,5.63515937118624,471.908912375555,0.323614688222222,0.434537070894915,2.28386648680036,1
2025-11-23 15:00:00,14.6744618603197,5.87404925904383,487.652494153333,0.318149235555555,0.532201998044831,2.28271692546309,1
2025-11-23 15:15:00,14.6742255039905,5.71406757133856,488.996471891111,0.313926242,0.422426942033663,2.28496678673622,1
2025-11-23 15:30:00,14.8236787295235,5.60994462414114,492.627833922222,0.319631612666667,0.358876100787623,2.2732833759841,1
2025-11-23 15:45:00,14.4638499597985,5.3040731248616,495.140891264444,0.317252018222222,0.287253500499704,2.27406622070603,1
2025-11-23 16:00:00,14.41052210684,5.34802493209919,493.786792111111,0.317952908,0.30013221505177,2.26161595511551,1
2025-11-23 16:15:00,14.7491918516163,5.30050877543204,494.015317666666,0.310487526222222,0.290497306094383,2.26517741858815,1
2025-11-23 16:30:00,14.8298976304403,5.64811414381615,492.057859555556,0.316857789333333,0.279091952091015,2.25623854531581,1
2025-11-23 16:45:00,14.8163219967145,5.64467749764147,492.408122706667,0.310059268444445,0.284826111032074,2.25514641768911,1
2025-11-23 17:00:00,14.8255135623823,5.65417407460567,491.857082213333,0.308159821555555,0.28701501402247,2.25383816191685,1
2025-11-23 17:15:00,16.0316686214138,5.64623547378615,492.746013202222,0.304506707111111,0.286529107539486,2.23980926315401,1
2025-11-23 17:30:00,15.5085205173582,5.32898406873305,489.402851808889,0.290612872222222,0.300744637287345,2.23941626548089,1
2025-11-23 17:45:00,16.5282866422364,8.31598845941004,508.649923726667,0.314428216527778,0.406772806120077,2.29286640241073,1
2025-11-23 18:00:00,16.2319181457383,8.52881507318171,512.615756422222,0.315097245416667,0.679829870381714,2.30308623507961,1
2025-11-23 18:15:00,16.5589805734004,9.32341845636415,505.892862568889,0.320521435972222,0.693568097867358,2.31818228424985,1
2025-11-23 18:30:00,16.3177569260204,9.38871279736888,505.920367808889,0.316252404,0.724021280346722,2.3552412179011,1
2025-11-23 18:45:00,16.2498778221419,9.39662017772221,502.685600577778,0.315644568666667,0.750749010103003,2.3757975090207,1
2025-11-23 19:00:00,16.1919028075519,10.0375094072853,500.28525726,0.316052858666667,0.766490108153853,2.42241160142453,1
2025-11-23 19:15:00,16.2828052358929,10.2933232803483,499.222635582222,0.313828744222223,0.783475503747467,2.50205574365498,1
2025-11-23 19:30:00,16.2838491460416,10.3571357240149,498.428132706666,0.313971408555556,0.792788554533502,2.51545048145101,1
2025-11-23 19:45:00,16.2356873370112,14.8048727122794,493.852116419999,0.314541443444445,0.809023792618043,2.66607422801398,1
2025-11-23 20:00:00,15.9019091593538,13.9535773420582,493.831741439999,0.311911687444445,0.820767540099558,2.71289608240197,1
2025-11-23 20:15:00,16.180390117588,14.4420038804469,492.571277986666,0.313968136777778,0.821342668909611,2.63581794579969,1
2025-11-23 20:30:00,16.2758082777863,14.9865184402392,492.172287013333,0.310088551444445,0.834817945455697,2.77997260703184,2
2025-11-23 20:45:00,15.3626056531425,10.3654292489196,490.767000177777,0.315348046666667,0.854839716626167,2.97697803364581,1
2025-11-23 21:00:00,15.6198901580083,10.4712385539296,489.408152837777,0.315397007777778,0.855865735454834,3.08090237688976,1
2025-11-23 21:15:00,15.5916587662953,10.375885414216,487.146307264444,0.318290878666667,0.859251769887007,3.09827653149942,1
2025-11-23 21:30:00,15.8812751224218,16.1057612575402,484.798535744444,0.310935031777778,0.861656025971566,3.0720243363604,1
2025-11-23 21:45:00,15.5906431567984,15.7008526384777,484.920785997778,0.314532705555556,0.87026638979584,3.26029357781754,1
2025-11-23 22:00:00,15.4418684990507,16.5008837946017,480.929111955555,0.316544904111111,0.872132849964846,3.19243325266272,1
2025-11-23 22:15:00,15.4921274392818,10.3176437981301,473.92038296,0.316165436555556,0.873905881973416,3.32641943017355,1
2025-11-23 22:30:00,15.6510392461725,17.3428609262538,468.723338966666,0.314493816666667,0.871536335641227,3.39088574627045,1
2025-11-23 22:45:00,15.5428311697796,17.2456911444077,467.70802062,0.316223261666667,0.87291234736443,3.40225269749249,1
2025-11-23 23:00:00,15.4364985073426,17.4036610917763,467.879429231111,0.314412088555555,0.873826365524524,3.42117049887211,1
2025-11-23 23:15:00,15.5149056762114,18.5619218882947,460.661226513332,0.312354218,0.89063742401998,3.37935440587714,1
2025-11-23 23:30:00,15.3421595248185,17.3427022119597,460.826586997777,0.313341899666667,0.881203907139511,3.50304990325363,1
2025-11-23 23:45:00,15.2889456415891,17.586647656624,454.188837719999,0.312740847111111,0.88008828228627,3.45748626827093,1
2025-11-24 00:00:00,15.3659002414165,17.7009907180881,450.248991846666,0.311976127666667,0.873949312870189,3.42536126905707,1
2025-11-24 00:15:00,15.3282767980691,17.841008810108,449.103559562221,0.311673889555555,0.875945887726686,3.39953946207116,1
2025-11-24 00:30:00,15.4054697731524,18.0305028316733,444.33927799111,0.312371004555555,0.476767865664236,3.44151494894152,1
2025-11-24 00:45:00,15.3172542681835,17.3400293138214,439.677244339999,0.310497003333333,0.432883871363728,3.36983362791214,1
2025-11-24 01:00:00,15.411098499068,18.5487019167754,439.694973999999,0.310038787111111,0.888009284954663,3.59283393814665,1
2025-11-24 01:15:00,15.4219471234902,18.7157203677231,432.936390866665,0.307354994222222,0.883640525110461,3.52777783900022,1
2025-11-24 01:30:00,15.436761751705,18.3081480007945,432.711538859999,0.306576764555555,0.433628479503384,3.45185554325408,1
2025-11-24 01:45:00,15.2691449765672,18.1004987345003,428.79231841111,0.307247327111111,0.428758165761288,3.40647324416627,1
2025-11-24 02:00:00,15.3132883156932,19.5028468961047,428.903528617776,0.305007094888889,0.886526534751619,3.36119766097438,1
2025-11-24 02:15:00,15.0261754910049,19.4054771805827,428.605988199999,0.305300715111111,0.875568738051036,3.35133478702443,1
2025-11-24 02:30:00,14.7500934713545,17.418253107015,430.007896773332,0.306411262666667,0.400275345767612,3.22882206486009,1
2025-11-24 02:45:00,14.7386863538404,18.705182233661,429.381022913332,0.305572979111111,0.480753753006026,3.26140958227994,1
2025-11-24 03:00:00,14.7473282131738,19.3312334168348,429.137395308888,0.303444156222222,0.871594886412559,3.26297927870292,1
2025-11-24 03:15:00,14.7538202528849,19.4703994528212,431.797372997777,0.302792252222222,0.860924117796324,3.27226776196208,1
2025-11-24 03:30:00,14.721572069313,19.5321128406628,432.002229588888,0.301256786222222,0.861291260802919,3.22857211006411,1
2025-11-24 03:45:00,14.7384365462197,18.2083550209675,431.534549786666,0.306685912666667,0.429221556172381,3.11510013099881,1
2025-11-24 04:00:00,14.728012716798,18.7734096355017,431.713386024444,0.302854732666667,0.477736721923567,3.17714734592649,1
2025-11-24 04:15:00,14.7570600863225,18.9100462366431,431.874240293332,0.302402312444444,0.477355092881455,3.05295498574736,1
2025-11-24 04:30:00,14.7127923393076,19.0224656237051,432.03863429111,0.301224097111111,0.836623395022157,3.09937106369076,1
2025-11-24 04:45:00,14.7220155383225,18.4955687059336,431.558979935555,0.301651168333333,0.423355893107956,3.10409781720853,1
2025-11-24 05:00:00,14.7091246237358,19.0214108338398,431.597770279999,0.299212374555555,0.83512418311401,2.84743954398643,1
2025-11-24 05:15:00,14.7069535820943,18.4019743931066,431.154284206666,0.303124980555555,0.410622933897823,2.84398376969808,1
2025-11-24 05:30:00,14.7089552751002,17.721658792215,431.92831601111,0.300125087,0.399508679885439,2.8892807136929,1
2025-11-24 05:45:00,14.7015273802513,19.0290044626874,429.00859317111,0.296661847555555,0.459186252585208,2.7780860878362,1
2025-11-24 06:00:00,14.7053254547699,18.6493064015771,428.772541622221,0.299478675222222,0.408484729176157,2.91571404694016,1
2025-11-24 06:15:00,14.6933593824439,19.1790339930003,428.781081628888,0.296452376111111,0.822841665800616,2.86160204930195,1
2025-11-24 06:30:00,14.6992605060588,19.0168719017847,429.021571997776,0.296375696222222,0.458812108359851,2.81990135578364,1
2025-11-24 06:45:00,14.6790601021521,18.5434469407594,424.290847362221,0.299328231333333,0.404796158839238,2.7357394841079,1
2025-11-24 07:00:00,15.0558358045875,19.3446339913206,425.081767417777,0.305337859777778,0.760467376734757,2.39599081877429,1
2025-11-24 07:15:00,15.5204456370947,18.3993353714116,425.744846864443,0.283167092222223,0.602678704257167,2.23844832548719,1
2025-11-24 07:30:00,15.6166969406579,18.6182111293181,426.412733053332,0.266977900666667,0.498214490335561,2.17109723334344,1
2025-11-24 07:45:00,15.751606681747,17.8675893533774,427.130732226666,0.268478557777778,0.45805764207173,2.16622037247522,1
2025-11-24 08:00:00,16.5277190824452,17.864959285185,428.979859053332,0.266775430222223,0.424673214623683,2.21375842986188,1
2025-11-24 08:15:00,16.5116619615533,16.7331123480328,431.669719884444,0.267269136000001,0.406555081740089,2.20980667013882,1
2025-11-24 08:30:00,16.5922524987689,10.3231647925067,429.6381828,0.266778217555556,0.384181224014318,2.24168894976436,1
2025-11-24 08:45:00,17.2799955121126,15.8471746838727,427.981680126667,0.269115757111112,0.356208019897803,2.23590933978244,1
2025-11-24 09:00:00,17.5237655795289,15.6626924643332,432.545167082222,0.267243512666667,0.227057738748286,2.27911731078267,1
2025-11-24 09:15:00,20.3403781055496,15.5116820565139,432.463462604444,0.276479686888889,0.233011200248448,2.1987511251351,2
2025-11-24 09:30:00,18.8419356336726,10.4745504538034,433.745092873333,0.264373430888889,0.247459245814695,2.17759710136092,2
2025-11-24 09:45:00,20.3464663796711,15.1965723019897,431.967492437778,0.282741841555556,0.2552158456346,2.18445018000811,2
2025-11-24 10:00:00,20.5828337587304,15.253407369603,433.170241768889,0.278843715555556,0.244498188357046,2.28853757127341,2
2025-11-24 10:15:00,20.7960092842045,15.4162620336786,433.496671142222,0.276135208888889,0.239423238629966,2.30506872981917,2
2025-11-24 10:30:00,20.8272028308933,10.4673571883639,434.254220173333,0.275621238444445,0.189903088728607,2.24561306947847,2
2025-11-24 10:45:00,20.7880878277763,10.1228801359033,432.713983431111,0.282094742666667,0.187196417457453,2.23507830105857,2
2025-11-24 11:00:00,20.9566081889541,10.4801403785473,434.930614597778,0.273865572222223,0.165626163886336,2.28547708598426,2
2025-11-24 11:15:00,20.7466103231245,9.96982540815668,433.985359691111,0.271372430000001,0.181415535811838,2.20033964456096,2
2025-11-24 11:30:00,20.810866360058,10.04400861511,446.455279175555,0.295142924888889,0.224665031843855,2.23892908506125,2
2025-11-24 11:45:00,21.0837315764683,9.82829507904668,454.317366271111,0.286701061555556,0.26251210586214,2.25743445516514,2
2025-11-24 12:00:00,21.8173740096386,8.96805666695121,474.003050773333,0.288976023111111,0.381425945774302,2.28701464962527,2
2025-11-24 12:15:00,22.4115143845009,9.53335587148181,476.563128231111,0.299868450888889,0.388242506890871,2.29115681413005,2
2025-11-24 12:30:00,22.0641527660802,8.9385368123791,487.070576231111,0.284912476444445,0.389011904356319,2.30537414997212,2
2025-11-24 12:45:00,21.7004089837492,8.5448105015835,488.756694697778,0.275239044666667,0.391504296709975,2.22926876375541,2
2025-11-24 13:00:00,21.5534164862765,8.61843933894562,487.47871424,0.269155284222222,0.389984397756959,2.25911441451011,2
2025-11-24 13:15:00,20.2471871409623,6.09972336031741,486.278638284445,0.275754521333334,0.360028324843601,2.23629694499204,2
2025-11-24 13:30:00,19.8885442156793,6.19903656398271,487.22547786,0.282601565555556,0.358776762524386,2.26540652687136,2
2025-11-24 13:45:00,19.1149776726423,5.84505283333938,483.896038637778,0.288443396,0.360987935327889,2.25529441411979,2
2025-11-24 14:00:00,17.1550520460245,5.80490005850877,476.260220693333,0.291040157333334,0.370415893129336,2.26685757819021,2
2025-11-24 14:15:00,16.4122734705082,6.00025409533271,482.419259468889,0.314000844666667,0.382945799535026,2.2573229376006,2
2025-11-24 14:30:00,16.3241368170548,5.82512190407256,488.446610904445,0.315688486527778,0.381949947151367,2.28907838038906,2
2025-11-24 14:45:00,16.2679315730519,6.05428862402695,488.033910891111,0.321371304333333,0.335868681075978,2.29670882784908,2
2025-11-24 15:00:00,16.2659305127733,8.42367680331422,491.035408933333,0.316416199,0.352081153209724,2.29803603576076,2
2025-11-24 15:15:00,16.4544317385481,7.54169625584373,490.274181306667,0.315596186666667,0.312323262841671,2.34470712613381,2
2025-11-24 15:30:00,18.8728296599874,8.88313705823562,489.457318237778,0.309673494222222,0.434276179257887,2.40943837925541,2
2025-11-24 15:45:00,22.2577041957133,10.0343098002689,499.583743457777,0.320474652222222,0.652696149301016,2.47610598612965,2
2025-11-24 16:00:00,22.485752081503,9.79792053121293,501.658255111111,0.323345478888889,0.610397361131903,2.56921773733894,2
2025-11-24 16:15:00,22.3938956236214,9.57330173321293,501.098454986667,0.318566031555555,0.579107028393057,2.60614083019797,2
2025-11-24 16:30:00,21.709098688255,9.24344956067293,501.086353691111,0.313840620444445,0.551481992163095,2.55970952221854,2
2025-11-24 16:45:00,22.2502769722935,9.31773471554626,508.065686386667,0.31520267,0.573562742459204,2.62105070508963,2
2025-11-24 17:00:00,21.0675903411898,8.86421104412886,509.452388562222,0.305769408083334,0.572229774237975,2.60400164189122,2
2025-11-24 17:15:00,20.9380283745454,9.13915753752293,510.533395582223,0.31016301075,0.595606959703223,2.48240471797144,2
2025-11-24 17:30:00,20.6794934420698,8.6789867272022,515.796762051111,0.310315041222223,0.622378646840881,2.46165506556048,2
2025-11-24 17:45:00,22.4244936073128,9.6665140535496,544.479570868116,0.317624311527778,0.652100917722812,2.45733641548208,2
2025-11-24 18:00:00,26.5533227723382,22.9902327083428,557.495371035421,0.313413535777778,0.723193460443572,2.54084430353314,2
2025-11-24 18:15:00,26.454752879297,19.3130889308784,519.650074668889,0.31847905775,0.751158789320472,2.65993632077337,2
2025-11-24 18:30:00,26.3047060554023,10.3906951814399,508.139526573333,0.319332511527778,0.717030543179643,2.8244879470784,2
2025-11-24 18:45:00,25.743943545788,10.0474611802744,507.299022104445,0.320612827638889,0.723690353587305,2.83490153201465,2
2025-11-24 19:00:00,25.0527575133309,9.96448134916384,505.117758137778,0.318087038000001,0.734503079951207,2.86458994162003,2
2025-11-24 19:15:00,23.950913660575,10.4433797526912,503.87552864,0.325359971333334,0.777992510826826,2.82226923307253,2
2025-11-24 19:30:00,24.2424233196284,16.6702817835259,503.90921092,0.323266662888889,0.817819948750571,2.83838615773333,2
2025-11-24 19:45:00,23.9254137713143,16.3089651011001,502.896296644445,0.324418003777778,0.838119659829946,2.78419031729692,2
2025-11-24 20:00:00,22.768797108765,17.1349703602357,501.947278457778,0.325543925111111,0.879164654175731,2.77226247771274,2
2025-11-24 20:15:00,22.2758094474658,16.4213452705329,496.313660395555,0.317481666,0.899957621453622,2.84817618458536,2
2025-11-24 20:30:00,22.2904236720998,17.3278628116592,493.901086228888,0.319630414666667,0.900813131042281,2.81129659765656,2
2025-11-24 20:45:00,21.9744666459053,16.0969278987166,492.852912044444,0.317640675777778,0.907647902969466,2.63879926287681,2
2025-11-24 21:00:00,21.9216532654252,16.4990346011024,491.317160715555,0.316292822444445,0.916521088276571,2.72093650792022,2
2025-11-24 21:15:00,18.1486188276613,16.3535826290134,490.859321504444,0.317537640444445,0.923267824994456,2.83790744843643,2
2025-11-24 21:30:00,17.8452623371863,15.8278261604523,490.192458982222,0.315582680111111,0.926986020791043,2.74669800152117,2
2025-11-24 21:45:00,17.9121490116693,16.7360575350687,487.869273975555,0.312039520305556,0.929342775224312,2.9835290524519,2
2025-11-24 22:00:00,17.3710418364789,16.8219927526104,485.313763268889,0.311203624666667,0.933183338676355,2.83693203547711,2
2025-11-24 22:15:00,17.6902997238711,17.4391001796092,484.235437657777,0.309597465333333,0.93085284548808,2.95811531510777,2
2025-11-24 22:30:00,17.2977417413814,16.588132214378,484.651848755555,0.307023853555555,0.92916911417651,2.87566959755314,2
2025-11-24 22:45:00,16.9018181982922,17.2471207176299,482.530766008889,0.310840672888889,0.930894740165654,2.97099946052528,2
2025-11-24 23:00:00,16.9206862059203,17.6363231594463,475.749229033333,0.309798901555556,0.919566925065261,2.96785795042103,2
2025-11-24 23:15:00,16.7496052266857,17.3297556992654,471.884095482222,0.303852420666667,0.918536670017418,3.02959201505727,2
2025-11-24 23:30:00,16.9908296561051,16.7753894095233,466.685948893333,0.304380925555555,0.901044977305485,3.02611200057763,2
2025-11-24 23:45:00,16.0944024491274,16.9979492850398,464.988965108888,0.306162102,0.906154271233314,2.97914587741171,2
2025-11-25 00:00:00,16.1635322482753,17.2342532848758,460.448702935555,0.304167940666667,0.898766298958627,2.98337826186977,2
2025-11-25 00:15:00,16.2285396731346,16.5767103296111,455.212225557777,0.304139699555555,0.886883995440343,2.98787001429772,2
2025-11-25 00:30:00,16.506674208531,16.8038016431887,449.963122515555,0.303325991333333,0.883759081254997,2.85060552713568,2
2025-11-25 00:45:00,16.0405027141419,17.4133629751115,447.869645897777,0.306142225333333,0.878057299160228,2.87101351610113,2
2025-11-25 01:00:00,15.8285436508052,18.0093030355797,440.636619473332,0.310677086222222,0.456865933163466,2.87814492084788,2
2025-11-25 01:15:00,15.6993462206512,15.8548058513298,431.08223061111,0.304427560888889,0.4096245924833,2.76104137390242,2
2025-11-25 01:30:00,15.977376253043,16.8648642505038,429.491905328887,0.298809937111111,0.39890445937703,2.7092278319519,2
2025-11-25 01:45:00,15.5486083240781,17.1460328914827,427.188823799998,0.303214713333333,0.400112303611019,2.69856852641351,2
2025-11-25 02:00:00,15.0078939793567,16.9605975670539,427.541959926665,0.307102449111111,0.398811287091969,2.85724931858242,2
2025-11-25 02:15:00,14.8735065588523,16.7686601978882,431.471606015555,0.306192356222222,0.398751866771943,2.68181714110892,1
2025-11-25 02:30:00,14.9125597267301,16.2162885278129,431.563325699999,0.305373288333333,0.398791958423659,2.77572978405614,1
2025-11-25 02:45:00,15.3777165723816,16.913838739968,431.415775142221,0.299283932444444,0.39660279995273,2.65143200323116,1
2025-11-25 03:00:00,14.8677983099921,16.7606977666591,432.06787403111,0.306116518555555,0.395664527229695,2.63910978195885,1
2025-11-25 03:15:00,14.8927662133484,16.8282725343232,431.856264359999,0.305809845666667,0.386820930877698,2.67541575795728,1
2025-11-25 03:30:00,15.2159745403082,16.6886388695407,431.29141087111,0.300178794,0.386485311754872,2.60895856727328,1
2025-11-25 03:45:00,14.904984076981,16.7449079466877,431.654680682221,0.305352286777778,0.380081054435025,2.57791931516181,1
2025-11-25 04:00:00,14.8330605663817,16.9322539969612,431.05815659111,0.305247721111111,0.375026037527352,2.58085284014067,1
2025-11-25 04:15:00,14.8554635467351,16.4355446665661,428.336446097777,0.303141356777778,0.370870585184108,2.63110378185356,1
2025-11-25 04:30:00,14.8538351115973,16.35842053118,427.961962388888,0.301173068777778,0.371883119362646,2.48925736492564,1
2025-11-25 04:45:00,14.8816643098551,16.9315697040296,423.800544384443,0.302477423222222,0.37151121605731,2.50204768028465,1
2025-11-25 05:00:00,14.8284779622195,16.1419989293245,423.051340544443,0.301816833888889,0.369441638323165,2.46348809692594,1
2025-11-25 05:15:00,14.7793792720069,15.8039540563025,424.211518037777,0.301165983666667,0.368222594291205,2.52214050981353,1
2025-11-25 05:30:00,14.7723162396017,16.0352234659697,425.207002077777,0.300865307444445,0.367828177412892,2.45864809012055,1
2025-11-25 05:45:00,14.8060114194521,15.5741152439455,428.79707041111,0.301180743222222,0.351695921995138,2.45757054402781,1
2025-11-25 06:00:00,14.537355207321,15.2423632263361,430.429630073333,0.302628724,0.34831586263452,2.50196211290237,1
2025-11-25 06:15:00,14.6378848440228,16.3976446462925,428.902805866666,0.302834124777778,0.346116869689043,2.50336747992249,1
2025-11-25 06:30:00,14.710513076148,16.4733829668734,429.116286468889,0.299749297555556,0.346164304911451,2.42271740944508,1
2025-11-25 06:45:00,14.6260023478353,16.5331892839379,428.304279333333,0.303597898777778,0.349038378457576,2.43457998294685,1
2025-11-25 07:00:00,15.3543477023558,17.2082135765777,427.619776422222,0.305865909444444,0.224888764052448,2.29960474213715,1
2025-11-25 07:15:00,16.3391948959498,14.3920489378504,426.704216837778,0.278238561111111,0.183070863970786,2.21138423339936,1
2025-11-25 07:30:00,17.0679442064355,14.3924941246505,427.394592211111,0.274654676888889,0.226453623763352,2.18381530305065,1
2025-11-25 07:45:00,16.5303755000798,10.1818076101245,425.209463828889,0.262551157111111,0.177817280531404,2.18993361521795,1
2025-11-25 08:00:00,19.0117283754652,15.1046535308792,425.537580966667,0.275936184444445,0.224867391617894,2.22595186946349,1
2025-11-25 08:15:00,20.2498223300089,15.0800456831169,425.650225608889,0.272009774666667,0.220418263114077,2.20709860241988,1
2025-11-25 08:30:00,20.2776263217748,14.3099650120983,425.57007304,0.270959474222223,0.172871645755285,2.3465604708844,2
2025-11-25 08:45:00,20.350260007997,10.33346467713,425.271839226667,0.264263973777778,0.18517880093085,2.39944257668557,2
2025-11-25 09:00:00,20.6749402294415,10.35288892832,426.03088498,0.269967288666667,0.169006604592967,2.31537549550183,2
2025-11-25 09:15:00,20.8617970137852,10.3460409962,432.016146633333,0.279779746444445,0.217476962106814,2.31044862935012,2
2025-11-25 09:30:00,20.8340462395245,10.3986151872467,432.1882292,0.263763736,0.185797697638909,2.28275648947227,2
2025-11-25 09:45:00,20.7557764911689,10.1407851883279,426.450735486667,0.275939073111111,0.159549141145011,2.30290438431796,2
2025-11-25 10:00:00,20.604894569323,9.84601175812911,428.076290195555,0.276780800666667,0.170205162014648,2.26991047798156,2
2025-11-25 10:15:00,20.9533230349534,9.83633695698456,429.066069604444,0.280097882888889,0.196910155754796,2.24762610318376,2
2025-11-25 10:30:00,21.5973399865489,9.79109032734911,429.696426913333,0.284755760888889,0.211046777642147,2.30760539466157,2
2025-11-25 10:45:00,20.5072651749793,8.28214315739731,430.95485632,0.279552958888889,0.199710848457398,2.38033723683969,2
2025-11-25 11:00:00,21.0377949654645,9.64862644349911,434.751575902222,0.283887835111111,0.192983989105467,2.25927954161213,2
2025-11-25 11:15:00,22.1321069520662,9.97084124981123,440.935915817778,0.290063232444445,0.218728635588165,2.25649235910137,2
2025-11-25 11:30:00,20.8726230544292,7.2722979432395,449.211549288889,0.291719984444445,0.247300892287082,2.21719505200213,2
2025-11-25 11:45:00,20.5961004620948,6.86490243871284,449.293758782222,0.283298238888889,0.251795004135227,2.21728758392095,2
2025-11-25 12:00:00,20.6570993002385,6.74388683431617,457.297650871111,0.282912152222222,0.254098676802384,2.28187643817938,2
2025-11-25 12:15:00,20.7791046034563,6.42938701445043,478.095038095556,0.295983303111111,0.366943290718705,2.32935541711776,2
2025-11-25 12:30:00,20.7670065075094,6.72439844720621,489.389403531111,0.308792583,0.364438934611208,2.43706421136131,2
2025-11-25 12:45:00,20.9781765274124,8.76641622167172,489.47410294,0.312122644611111,0.348998614952071,2.28000713416117,2
2025-11-25 13:00:00,20.4578420491503,8.3150708784096,490.221965308889,0.310561419888889,0.339674170953186,2.31401797246525,2
2025-11-25 13:15:00,20.4407259398461,7.6586573644735,497.7107245,0.311196467111111,0.333753068309091,2.29965869700298,2
2025-11-25 13:30:00,20.9047064808621,8.78021217842535,509.577036157778,0.314464184333333,0.352918610022385,2.35950915417191,2
2025-11-25 13:45:00,22.8697769252366,6.69185004135593,512.523114473334,0.315896292666667,0.385716802578967,2.34188315764295,2
2025-11-25 14:00:00,23.9032143574178,9.70966173746788,520.121862871111,0.315854053305556,0.45190767347749,2.27867868530118,2
2025-11-25 14:15:00,24.3448015099353,9.77836225052455,541.718796624781,0.315715768194444,0.424397734593801,2.37541852542677,2
2025-11-25 14:30:00,24.0156913214033,9.83709719309122,549.615281270346,0.316011780861111,0.974010744272567,2.45619632086506,2
2025-11-25 14:45:00,24.0220297793618,9.98794312093122,560.763483089261,0.313997112777778,0.958552886405098,2.48508262964519,2
2025-11-25 15:00:00,23.5023287354355,9.92999374014123,567.667216012966,0.313670661222223,0.971900584095283,2.44206195764581,2
2025-11-25 15:15:00,22.6011582646713,9.63840196956789,569.962307148425,0.312517019888889,0.969979056714984,2.48633214065023,2
2025-11-25 15:30:00,22.6215846890683,9.94394730606789,570.51534108855,0.309695380333334,1.00644666552075,2.59197123501285,2
2025-11-25 15:45:00,22.7285241289887,9.9873869598979,573.177776447076,0.311099393666667,1.03366860283556,2.61052581687412,2
2025-11-25 16:00:00,22.7844908689606,10.0808885628346,572.264964704839,0.314116526777778,0.999421451415794,2.5514020657917,2
2025-11-25 16:15:00,22.7934886028091,9.95817638947456,557.92297644018,0.319066034777778,0.922142612515726,2.42103133899408,2
2025-11-25 16:30:00,22.5835562328165,9.1518409695131,553.656460247923,0.305665227,0.320730510999562,2.48534680175602,2
2025-11-25 16:45:00,21.8818136559276,9.39114132546977,552.205334322238,0.309437239527778,0.420240119940949,2.42958592870051,2
2025-11-25 17:00:00,20.948037947523,6.63386537427575,551.393579866424,0.314778592777778,0.362554530249712,2.46708682295025,2
2025-11-25 17:15:00,21.0241519927015,8.90394659594746,546.187673670941,0.309247554333334,0.36243536088232,2.37129269450806,2
2025-11-25 17:30:00,20.4678052328208,6.56834723678241,542.538707566382,0.310735281,0.331928690711423,2.3301833377777,2
2025-11-25 17:45:00,20.6795264086978,7.04752733935932,541.76188626748,0.316546021888889,0.345003295593795,2.34239237548785,2
2025-11-25 18:00:00,20.5992247026254,7.52762493647834,535.682222097791,0.311962571,0.333975579572827,2.39484766655865,2
2025-11-25 18:15:00,20.7436654765646,8.75725705779505,534.502574490699,0.317314155888889,0.342556535649016,2.36561117308902,2
2025-11-25 18:30:00,21.5046797878855,8.69202749458867,514.905035015556,0.299620875666667,0.359977897245037,2.38263307504804,2
2025-11-25 18:45:00,22.19085657972,8.90357539994079,512.299779088889,0.30356177,0.367748808630831,2.33193344840745,2
2025-11-25 19:00:00,20.8843549465113,8.51088080957534,510.33445882,0.314685060444445,0.344213066544838,2.4485614729412,2
2025-11-25 19:15:00,20.8706617506728,8.91536848717886,520.751601608889,0.315288946638889,0.454209961255708,2.43058057502244,2
2025-11-25 19:30:00,20.5985144404594,9.31949568571991,551.614000496305,0.316278986861111,0.788103801754366,2.44299112549426,2
2025-11-25 19:45:00,19.0876084483089,9.89387371946962,556.101441047221,0.318624336972223,0.827795076172223,2.42740790277371,2
2025-11-25 20:00:00,18.4478234076909,9.26968318683295,562.52444339564,0.315235893666667,0.846220693976959,2.3991689939637,2
2025-11-25 20:15:00,17.6180171807635,10.1122061941851,568.544133800426,0.31078143,0.883195497399861,2.40131134800224,2
2025-11-25 20:30:00,16.876320799126,13.5346234069475,573.277439667005,0.312165128888889,0.907322105832105,2.37231580832991,2
2025-11-25 20:45:00,16.3089925316251,10.0968856516698,578.938412020708,0.309541752111111,0.938945440466842,2.43652959192725,2
2025-11-25 21:00:00,16.7108223843887,13.1625344344116,581.428005102035,0.309966336777778,0.937637349349621,2.42532917234679,2
2025-11-25 21:15:00,16.1605451079835,10.1978259610833,579.343952540571,0.308980539,0.956314441492937,2.39215404831017,2
2025-11-25 21:30:00,16.5408602038273,13.6572034755246,583.510090768003,0.306797275222222,0.96118404085009,2.41843968893694,2
2025-11-25 21:45:00,16.2390329343732,10.3833430495152,574.756324409523,0.311032217,0.942660314497788,2.4064121909498,2
2025-11-25 22:00:00,16.0249696499254,10.2657924240233,569.636724483961,0.308628197222222,0.935832587564644,2.40845141221679,2
2025-11-25 22:15:00,15.2825769501226,10.2038124978033,567.490097816575,0.308831821666667,0.948100618843887,2.40459456741643,2
2025-11-25 22:30:00,15.27931276073,10.1760234645757,562.266726571348,0.306919285,0.936032394442312,2.39871412722718,2
2025-11-25 22:45:00,15.4039403257345,10.2034734797357,560.377006840261,0.306168362777778,0.937650757238051,2.40008004401146,2
2025-11-25 23:00:00,15.2817654001748,10.2034734797357,555.613743544565,0.307970941972222,0.927349173123578,2.38846055658436,1
2025-11-25 23:15:00,15.1406781027526,10.2026131597357,550.367280633759,0.30977192175,0.923059490491101,2.40527280692558,1
2025-11-25 23:30:00,15.2815896559567,10.1820602045524,546.321428782129,0.308115213527778,0.90422912374124,2.39093455331529,1
2025-11-25 23:45:00,15.0123586202821,10.2214514792357,516.288450913333,0.310783806416667,0.920689785316991,2.39767948480495,1
2025-11-26 00:00:00,15.0993957562891,10.1846883925357,515.139965068889,0.306038216861111,0.895540698692702,2.42859294257426,1
2025-11-26 00:15:00,14.8509672935663,10.1873971100557,508.45332696,0.309052432194444,0.887347340459925,2.41488206749677,1
2025-11-26 00:30:00,15.1470732496667,10.2238719716324,506.459762717778,0.30885162975,0.882339639558411,2.41314875959372,1
2025-11-26 00:45:00,15.0249660045873,10.2318917671324,505.389936335555,0.310597536861111,0.88399605243032,2.40561463612544,1
2025-11-26 01:00:00,15.2721169332312,10.2327520871324,504.914152477778,0.307287728194445,0.863833034329693,2.38388237457398,1
2025-11-26 01:15:00,15.0672398175141,10.2708658403857,501.179132562222,0.311320628305555,0.866576509445054,2.43552148668976,1
2025-11-26 01:30:00,14.8486350144257,10.2307236138824,501.088229902222,0.313041007444445,0.856908835736405,2.37052921729271,1
2025-11-26 01:45:00,15.0526462163733,10.2318917671324,498.381142448889,0.310423532,0.841741563918801,2.42145327992044,1
2025-11-26 02:00:00,14.8040232323467,10.2041733859024,497.47655514,0.308979486666667,0.830208213489662,2.3872399853207,1
2025-11-26 02:15:00,14.8439024699294,10.2109207681224,492.557064682222,0.314418726555555,0.833617399748964,2.39089954469905,1
2025-11-26 02:30:00,14.5773297104849,10.2479677895354,490.923893297777,0.312316049888889,0.834025816166472,2.35951834414093,1
2025-11-26 02:45:00,14.7771390062835,10.2939895339217,490.312986159999,0.313662702444444,0.823943178873211,2.35933653287913,1
2025-11-26 03:00:00,14.7613757144761,10.3004202646117,490.007850055555,0.314015845555555,0.820738146005125,2.36244495595786,1
2025-11-26 03:15:00,15.0885456033819,10.3266226544617,486.746958631111,0.311473405555555,0.797952464976712,2.34880023104326,1
2025-11-26 03:30:00,14.9695940477467,10.3248494050223,485.158847993333,0.312925924666667,0.795224146790109,2.35141987353382,1
2025-11-26 03:45:00,15.0471137200106,10.3552397303406,483.582528073333,0.314254024666666,0.790676758688096,2.36017478903935,1
2025-11-26 04:00:00,14.7727336720845,10.3872303322565,481.925946748888,0.312360385666667,0.787972114633948,2.35922048596434,1
2025-11-26 04:15:00,14.7202116187844,10.4057727375232,476.299566451111,0.315480196,0.79351928469779,2.36412891521617,1
2025-11-26 04:30:00,14.7253329486215,10.4230167227532,474.577381286666,0.312180726,0.781583823881761,2.35702899419542,1
2025-11-26 04:45:00,14.7367998332244,14.9805138840887,469.094620277778,0.310743496,0.777070341929101,2.376068788929,1
2025-11-26 05:00:00,14.7319737316148,15.389882629016,465.006189175555,0.308850233666666,0.76970162631913,2.36417719778699,1
2025-11-26 05:15:00,14.7391219770111,16.1034055699592,462.145869862221,0.309894353777778,0.765507824402684,2.35918808885892,1
2025-11-26 05:30:00,14.7131065654188,15.2711759870786,456.120938273333,0.309334112666666,0.754091642052349,2.37008269031022,1
2025-11-26 05:45:00,14.9632987462946,15.6373253598338,451.016714146666,0.305690897333333,0.748512528648854,2.35812609551405,1
2025-11-26 06:00:00,14.5903785848973,14.6719223922154,445.859481986666,0.307893990111111,0.43203072450927,2.36341577685825,1
2025-11-26 06:15:00,14.7208621959639,16.0396725616194,443.243395862221,0.306013078333333,0.426095503258913,2.35912055938776,1
2025-11-26 06:30:00,14.3961106131284,14.2647235758765,432.799597286665,0.304492046888889,0.39714347796903,2.36021312596685,1
2025-11-26 06:45:00,14.8020628071128,15.5720675469864,428.267338477776,0.304287794777778,0.379842137248514,2.35065511491478,1
2025-11-26 07:00:00,15.2810286360178,15.5489674382272,428.448123684443,0.304947181111111,0.395251472978654,2.34112802581581,1
2025-11-26 07:15:00,16.2649965118849,13.7067549859994,442.258951666667,0.308615553111111,0.397561139045149,2.28671992776882,1
2025-11-26 07:30:00,17.2459559233437,13.8969649391862,432.455563146666,0.303187849,0.221708229750673,2.25304186042795,1
2025-11-26 07:45:00,16.7091648411447,14.2663914779441,445.742672853333,0.305951666888889,0.184584055116908,2.24606884362119,1
2025-11-26 08:00:00,20.5551411098874,16.2016680624245,424.858653422221,0.305190774444445,0.330891675947207,2.25258559595006,1
2025-11-26 08:15:00,20.5488329715422,15.7308285678374,424.911934639999,0.305816057555556,0.238233568044299,2.25187243006632,1
2025-11-26 08:30:00,21.0283130655437,15.9529167920675,427.644041573333,0.295352120722223,0.255890378863084,2.26506180460023,2
2025-11-26 08:45:00,21.9926103530665,17.033566499821,435.308277742222,0.300750343555556,0.427093864548542,2.47600997827142,2
2025-11-26 09:00:00,22.385212470395,18.1501201472879,438.416113991111,0.305977665333333,0.457934042630188,2.77470588247694,2
2025-11-26 09:15:00,22.3252461066787,19.1888815928936,448.119060406667,0.322988529777778,0.537885921944997,2.8544100077061,2
2025-11-26 09:30:00,22.3807366423231,18.483325723425,446.451577826667,0.314247669333333,0.551824563774364,2.74661126242022,2
2025-11-26 09:45:00,21.7487927872563,16.4710114642144,441.630106146667,0.303453029555555,0.274692734749683,2.62007705808546,2
2025-11-26 10:00:00,21.5867856365067,16.5535217935431,441.705279582223,0.311130318888889,0.466954450243279,2.51228215054948,2
2025-11-26 10:15:00,21.8454673200754,15.2628670198594,438.723904093334,0.311834496222222,0.439929289023643,2.52953783874011,2
2025-11-26 10:30:00,21.1932509241407,14.6109790933044,438.669895133333,0.30701663,0.43640074909733,2.48395919607919,2
2025-11-26 10:45:00,21.2006399148045,13.5423246172219,436.808246691111,0.303854303555556,0.434647733342918,2.43679689874664,2
2025-11-26 11:00:00,20.7109258825067,10.1054731738033,441.306418477778,0.304141253333334,0.413458896384402,2.44070320297666,2
2025-11-26 11:15:00,18.8004764268133,10.2927415195467,445.8429749,0.314615545333333,0.415602592378763,2.3729713592446,2
2025-11-26 11:30:00,18.6532621044342,9.98664366045001,448.757500193333,0.314149719777778,0.432270598408026,2.39083564795183,2
2025-11-26 11:45:00,18.0399179384371,9.01336683658577,463.917401217778,0.314659438,0.497829389005096,2.35704538616175,2
2025-11-26 12:00:00,16.7254951012089,9.02004490927576,473.847239462222,0.311809788,0.52803598763573,2.35396486303397,2
2025-11-26 12:15:00,16.9412108049141,8.79268150242929,488.597639275555,0.316321321,0.579661931789768,2.35544304856041,2
2025-11-26 12:30:00,16.9626308985576,8.75121768012808,495.639785346666,0.318054305111111,0.593978929872987,2.36135665504624,2
2025-11-26 12:45:00,16.780579463366,9.27066891283142,499.758159108889,0.315514629,0.640445479493237,2.47130768733397,2
2025-11-26 13:00:00,16.5004172240757,9.17533814411142,503.768493215556,0.316749138777778,0.645722703407534,2.43389723024524,2
2025-11-26 13:15:00,16.481901106326,9.58960161963369,505.747413422222,0.321967989083334,0.656792453532598,2.45680684015378,2
2025-11-26 13:30:00,16.7272841727093,9.07908275231383,506.843670986667,0.322099624972222,0.633044250326524,2.45851090238528,2
2025-11-26 13:45:00,16.2727839241444,8.73890005734121,507.294977866667,0.320930952083334,0.626481681813047,2.41840770756248,2
2025-11-26 14:00:00,16.2644442965004,8.84421357809621,508.820024031111,0.322457334055556,0.647908391383493,2.49297811549974,2
2025-11-26 14:15:00,16.1616113074584,9.01061287364076,510.750288888148,0.324093709916667,0.622834939831593,2.40913753858482,2
2025-11-26 14:30:00,18.0890529144822,9.04413443381125,510.963523304444,0.326878572416667,0.607833701331317,2.41427614394621,2
2025-11-26 14:45:00,17.2929797067398,8.97327537965702,510.87803388,0.322444934611112,0.576944248923317,2.42368889146362,2
2025-11-26 15:00:00,16.656001940927,8.80250996615293,509.2152209,0.3208871745,0.554626444607571,2.42487361912769,2
2025-11-26 15:15:00,16.2984291502984,8.40845934482061,506.130288053333,0.321898415583334,0.544140769589537,2.40469922032473,2
2025-11-26 15:30:00,15.6793191783854,8.31595520261553,507.101914104445,0.320905220083333,0.540368162601312,2.41928112947144,2
2025-11-26 15:45:00,16.2588334350609,9.01974886868789,503.63247718,0.323185472555556,0.590744240275099,2.40923192146023,2
2025-11-26 16:00:00,15.9032198742551,8.54804442931283,503.327478862222,0.319306712666667,0.665511056128399,2.40689359119388,2
2025-11-26 16:15:00,16.3320974557205,8.96099017562505,497.211571144444,0.314736925555556,0.696908823421263,2.41252526235517,2
2025-11-26 16:30:00,15.5047089018874,8.40879260365576,502.205421833333,0.307365158666667,0.689176084859085,2.47510372520304,2
2025-11-26 16:45:00,16.2738015553675,8.89894417419501,505.342333565926,0.319320604194445,0.675116787377978,2.47247967586388,2
2025-11-26 17:00:00,15.8404413623059,8.50957932079716,511.752554908148,0.322510172972223,0.680741606207188,2.51266319955041,2
2025-11-26 17:15:00,15.9930854700407,8.52208630033291,518.974881961481,0.324500706972222,0.686657207701106,2.46263081009998,2
2025-11-26 17:30:00,16.6851276876465,9.41846104660109,519.917455277036,0.316645554638889,0.729089558580467,2.45023456707506,1
2025-11-26 17:45:00,22.0039578342609,10.264763864922,551.427969530611,0.315866789972222,0.853668361897798,2.62970740332795,2
2025-11-26 18:00:00,22.3193883847439,19.8736519208741,555.155558029268,0.317369535222222,0.911466516728841,3.01249620252213,2
2025-11-26 18:15:00,22.3823657101883,22.4962620000887,558.860547686735,0.314544031555556,0.984818807598098,3.69177801392676,2
2025-11-26 18:30:00,22.1125545834698,22.4112519475762,557.693749787302,0.311777190444445,0.966770422783816,3.62073746761361,2
2025-11-26 18:45:00,21.7902917398372,20.9608069462253,554.991772864016,0.306769838305556,0.924584797412317,3.93210690100597,2
2025-11-26 19:00:00,21.7792378039217,20.1365689871311,548.412442338891,0.311454935527778,0.911815971554585,3.84974949800332,2
2025-11-26 19:15:00,17.7217499662835,20.1711461951139,586.712732623261,0.310659201666667,1.04091368995434,3.70972886243357,2
2025-11-26 19:30:00,18.0185925759058,19.5733906821044,616.737347499138,0.310196594666667,1.12751094025559,3.82230620266256,2
2025-11-26 19:45:00,17.6520643964628,20.2521719364153,636.827194535988,0.310382963,1.21112557255084,3.6577328853872,2
2025-11-26 20:00:00,17.3687270284376,20.3223354013945,645.218583792741,0.311646573333333,1.26452947299049,3.66469730089814,2
2025-11-26 20:15:00,16.9161445137214,20.7730900228479,652.859624116226,0.315969781444444,1.3202904998654,3.53129802534184,2
2025-11-26 20:30:00,16.8973085854768,21.4028017126946,660.566941080132,0.313680565222222,1.35195478959481,3.57735630716052,2
2025-11-26 20:45:00,16.969761015846,21.1185993688043,655.755313711297,0.312172229222222,1.33338093904656,3.63628385142334,2
2025-11-26 21:00:00,16.4619451301093,20.687347031481,640.672011032456,0.310103597,1.313994082449,3.55095671839224,2
2025-11-26 21:15:00,15.8129845965457,20.9790260592588,633.478497760974,0.311896527444444,1.29831387001202,3.45279169822656,2
2025-11-26 21:30:00,15.6867676213331,21.0094672241299,630.992425531485,0.311416272333333,1.29004155019515,3.48216154682564,2
2025-11-26 21:45:00,15.6873937136531,20.1230435058101,627.275525678024,0.312524856777778,1.27138900902953,3.45424687644835,2
2025-11-26 22:00:00,15.6668389851382,20.5563281720747,622.702557164635,0.311897920777778,1.26260404761266,3.46163423973921,2
2025-11-26 22:15:00,15.6682150933666,20.4636454022666,617.338954245554,0.312264619444445,1.2429856250201,3.33801543610794,2
2025-11-26 22:30:00,15.6379116838826,20.0195891468371,610.608473809163,0.315721088777778,1.22738202706668,3.36996987768658,2
2025-11-26 22:45:00,15.6181697143663,20.8999722104775,606.35058939786,0.314199887666667,1.22523687189767,3.26748105584555,2
2025-11-26 23:00:00,15.6134094153677,20.1270499299408,600.645597298237,0.314573003,1.20557502536468,3.23675138279302,2
2025-11-26 23:15:00,15.3946851927049,20.5587718173656,593.807398346612,0.316855300111111,1.19380143355915,3.25943716153924,2
2025-11-26 23:30:00,15.6643470710552,20.2246651393536,587.89168860815,0.312727395,1.17484013730204,3.17457538670053,2
2025-11-26 23:45:00,15.206178619878,20.0997153103263,580.667708634692,0.317724616333333,1.16705838658761,3.16729606789451,1
2025-11-27 00:00:00,15.2323547750321,20.2138066544534,575.75196678325,0.317082363888889,1.14601234238036,3.13808757543273,1
2025-11-27 00:15:00,15.2194918372573,20.3852795150145,572.585920487544,0.315723861666667,1.13994521399974,3.0933867768442,1
2025-11-27 00:30:00,15.2877748385239,20.2495638043499,565.0549538346,0.315524285111111,1.11684082605909,3.01691735675154,1
2025-11-27 00:45:00,15.258565901201,19.715339886237,559.597804639571,0.313768146777778,1.10164698599241,2.95563191213922,1
2025-11-27 01:00:00,15.2170746885576,19.6763278911602,556.345061495284,0.315103648194444,1.08752271130987,2.96294158620061,1
2025-11-27 01:15:00,15.1998600739842,19.7715016480701,550.687486740727,0.315335589972222,1.06999469894092,2.87878667709813,1
2025-11-27 01:30:00,15.197849625399,10.4608996398122,549.595174321481,0.31449710775,1.05697046523198,3.01490193650876,1
2025-11-27 01:45:00,15.1855252241516,10.4601364642788,515.619241534814,0.315011972416667,1.02836597062264,2.81486494964327,1
2025-11-27 02:00:00,15.1658397064479,10.4608996398122,515.024473337037,0.312748450416667,1.03729410287987,2.73842487563708,1
2025-11-27 02:15:00,15.1407281066064,19.389650334038,511.405419137037,0.31321312175,1.02573744109372,2.71259736062015,1
2025-11-27 02:30:00,15.0636254325042,19.6882887520929,510.99164715037,0.313437637305555,1.01274874899153,2.80640484440806,1
2025-11-27 02:45:00,15.0723737439487,10.4531500385622,506.784607772592,0.31279910375,0.993391811660532,2.76565121832486,1
2025-11-27 03:00:00,15.0168771204405,10.4486736681388,505.801294174815,0.313292443972222,0.969164116862649,2.70186407710214,1
2025-11-27 03:15:00,14.7157992446197,10.4486736681388,501.702725866667,0.313049263416667,0.960407529886381,2.64709605391973,1
2025-11-27 03:30:00,14.4543065338242,10.4494368436722,501.359796584444,0.312246220222222,0.958987992913722,2.59899440537063,1
2025-11-27 03:45:00,14.4242098970494,10.4487367582722,501.290905311111,0.312031228,0.950852702785874,2.55196883557565,1
2025-11-27 04:00:00,14.4133026854894,10.4440899548722,498.620779284444,0.312749068,0.932396131433544,2.58214935025958,1
2025-11-27 04:15:00,14.4130128279338,10.4440899548722,494.724279517777,0.312982242888889,0.928107846784291,2.6194286879727,1
2025-11-27 04:30:00,14.4198801605012,10.4417208486722,493.488989351111,0.314267784888889,0.915281597754733,2.58028897418615,1
2025-11-27 04:45:00,14.4087190371427,10.4765813735388,491.218667915555,0.313318615777778,0.913691530277706,2.57204255059297,1
2025-11-27 05:00:00,14.413618771081,10.4702932767355,491.11522411111,0.313438842444444,0.908712850668915,2.61717499170468,1
2025-11-27 05:15:00,14.4182148858677,18.6148049123608,488.1366394,0.314558744888889,0.896514590238733,2.56836281090329,1
2025-11-27 05:30:00,14.4034777240084,10.2684849852922,487.341319426666,0.314311469333333,0.890568951572553,2.57416131978998,1
2025-11-27 05:45:00,14.450503666787,10.4728145852085,485.161419846666,0.313844231555555,0.880857521896439,2.50361344424944,1
2025-11-27 06:00:00,14.4299982027663,10.4721927941768,483.033423742222,0.313871030444444,0.878134849868216,2.5438826317698,1
2025-11-27 06:15:00,14.4363373447544,10.3042276812768,482.900963997777,0.314013908222222,0.871258584144514,2.54141316013729,1
2025-11-27 06:30:00,14.4364530141648,10.3232684985968,478.599030786666,0.314281692222222,0.864420460017039,2.52408053162135,1
2025-11-27 06:45:00,14.5045047470922,10.4815882951268,473.706886571111,0.313257412888889,0.851334165109232,2.47135076037009,1
2025-11-27 07:00:00,15.4553327799332,16.9434505400399,460.844919793332,0.312509853222222,0.871292893788861,2.46538284154228,1
2025-11-27 07:15:00,18.4860697660815,42.8403305291007,487.034367113333,0.308189917777778,0.826541517805423,2.37674840191692,1
2025-11-27 07:30:00,20.4829771981141,49.2367883710972,503.775104435556,0.309601793861111,0.815711608820969,2.32299262974547,1
2025-11-27 07:45:00,18.5529840069585,40.821388096768,491.061602513333,0.311784924888889,0.713437040811566,2.32660172805066,1
2025-11-27 08:00:00,20.4978141940978,40.4062859608756,484.82381814,0.313299518444445,0.66381988141635,2.31952356347306,1
2025-11-27 08:15:00,20.5135036962089,34.1831756577631,468.922588611111,0.310521589333334,0.597381715814392,2.33309423201805,2
2025-11-27 08:30:00,20.6859094824889,29.9795494033733,450.172615075555,0.314308463111111,0.562178035966905,2.3191784367212,2
2025-11-27 08:45:00,20.9504980942874,29.7376630959422,443.60639781111,0.308884219333334,0.599648205442673,2.32946598461507,2
2025-11-27 09:00:00,20.8931047628209,27.2045953223807,432.619106877777,0.303425508222222,0.590745957195994,2.33352577489573,2
2025-11-27 09:15:00,22.8424925916803,25.3074286407226,430.778906653332,0.303280487555556,0.646449794233328,2.39378540014398,2
2025-11-27 09:30:00,23.398761643095,26.6069185328717,428.681230104443,0.306716353555556,0.812742391347049,2.40033829280243,2
2025-11-27 09:45:00,23.4816821260032,25.3927257574103,433.138376838332,0.312535039333334,0.776354609547694,2.38813877468875,2
2025-11-27 10:00:00,23.5837253448374,24.7398030069559,441.558702493889,0.310574367111111,0.729083381704435,2.45176967748967,2
2025-11-27 10:15:00,23.3154140214848,23.9102362664771,435.319637187222,0.305910605333333,0.705911584379269,2.57406132514517,2
2025-11-27 10:30:00,22.132276081132,22.3657732191283,427.573488002221,0.306734078222222,0.682919157862637,2.55893593262718,2
2025-11-27 10:45:00,21.9418230281113,20.2390284091153,427.636269622221,0.308290660444445,0.641781004113027,2.55567620494296,2
2025-11-27 11:00:00,18.7020051324017,19.0678846976145,430.235977739999,0.309212088222223,0.610126042355005,2.52197804227937,2
2025-11-27 11:15:00,18.6187040041054,18.9111335576521,425.808058853332,0.309045400666667,0.641489490137786,2.60335567634804,2
2025-11-27 11:30:00,19.0026212220771,18.9962830240548,448.494814979999,0.309763953444445,0.708577472512627,2.7537228072758,2
2025-11-27 11:45:00,21.687633325455,18.0302746678794,479.988328713332,0.310368565111112,0.760081570968455,2.63313502587975,2
2025-11-27 12:00:00,18.3770919952682,16.4151712353289,494.838953031111,0.312903564555556,0.78791445243379,2.57592287720882,2
2025-11-27 12:15:00,18.464242910723,10.1193815114361,497.439789891111,0.316659140222222,0.76947515612797,2.63295411259551,2
2025-11-27 12:30:00,18.6579618803111,10.0618512319495,499.270051462222,0.315671623777778,0.747996042486498,2.57816774799072,2
2025-11-27 12:45:00,19.7624810632905,9.49403473852568,502.377869928889,0.316670460666667,0.724343118777398,2.716957461945,2
2025-11-27 13:00:00,17.3002824593724,9.58918683557614,498.750110326666,0.314625776444445,0.734653544306747,2.6384247433549,2
2025-11-27 13:15:00,18.2034588240224,9.89287527978735,497.826690202222,0.314515801111111,0.664369033822535,2.56184709073134,2
2025-11-27 13:30:00,16.9027292610406,8.84526796293836,497.647199064444,0.316497868333333,0.639688694773449,2.50584097767494,2
2025-11-27 13:45:00,16.6966008037216,8.88831489910681,496.419413557777,0.319603579972222,0.614973901788477,2.61021507218259,2
2025-11-27 14:00:00,16.4015625798924,9.03271858967486,495.575447126666,0.321216220888889,0.633464136227001,2.45550295694952,2
2025-11-27 14:15:00,16.0384054392383,9.01447737562735,492.882983202222,0.318439744666667,0.595594504931757,2.60099895328426,2
2025-11-27 14:30:00,15.8706415862037,8.56712955826208,494.960346622222,0.315610940222223,0.57499445419162,2.51192595189122,2
2025-11-27 14:45:00,15.9062930500742,8.85550570439428,497.485186744444,0.323550978222223,0.580020969136172,2.47970215038913,2
2025-11-27 15:00:00,15.5934657567266,9.02580120909428,506.399898633334,0.322746286444444,0.5953175617349,2.49896985830863,2
2025-11-27 15:15:00,15.2313883681455,8.71223962591427,509.612122091111,0.321230346611111,0.639305706097738,2.52621002733415,2
2025-11-27 15:30:00,15.3177682526767,8.47556790216234,513.813991682222,0.321777863416667,0.62465258176781,2.50729851913376,2
2025-11-27 15:45:00,15.2154841183683,9.03302567083803,510.728195144444,0.321958976972222,0.649102554152252,2.61588352565103,2
2025-11-27 16:00:00,14.3992195946863,8.96971047014805,513.517853428889,0.321284961416667,0.706775387176013,2.56758883313677,1
2025-11-27 16:15:00,14.535791225064,9.00326610287228,512.075714117778,0.32102396475,0.743769395586744,2.51312235027959,1
2025-11-27 16:30:00,14.6900930370005,8.74093802322425,513.428896762222,0.320477833861111,0.736209382849069,2.42818858587203,1
2025-11-27 16:45:00,14.4296724710341,8.67981186171838,517.558792437778,0.315762886305556,0.773342920461595,2.51613645635818,1
2025-11-27 17:00:00,14.6021343382013,8.94449279357868,516.996109944444,0.318361967638889,0.840114037946552,2.47595707559632,1
2025-11-27 17:15:00,14.7385246283561,9.03562398191201,546.89058187913,0.317268568527778,0.859286708091053,2.43333843240086,1
2025-11-27 17:30:00,16.0809185282804,8.88756013179534,553.956961901164,0.31481531075,0.889370019077237,2.41995143901655,1
2025-11-27 17:45:00,14.9872410658523,8.85254371155777,555.348937693367,0.314931709111111,0.841660224679702,2.45774124658037,1
2025-11-27 18:00:00,15.658470875313,8.77564622233505,553.321459175511,0.31802337075,0.787499408829128,2.42198821738654,1
2025-11-27 18:15:00,15.60829791241,8.77311131391396,548.75713247075,0.318825657861111,0.751522521978201,2.47686658600202,1
2025-11-27 18:30:00,15.8437864570981,8.91207443873669,545.59850358082,0.323035940527778,0.740103302031115,2.43428394936161,1
2025-11-27 18:45:00,14.4865044113628,8.78110548756335,517.433709021481,0.319558124083334,0.723830438224321,2.41592210605387,1
2025-11-27 19:00:00,14.796952665377,8.46988769045869,511.15526901037,0.321404570972222,0.669343489982036,2.41338071075573,1
2025-11-27 19:15:00,14.7276552096221,9.71815294416321,508.854658215556,0.322877003305556,0.668648143466732,2.42115432933334,1
2025-11-27 19:30:00,14.5371218662019,9.73568818355988,509.857601657778,0.322368483083334,0.677353557292339,2.42835539624284,1
2025-11-27 19:45:00,14.5247484056692,9.93687980479654,510.014984737778,0.319761818638889,0.687864090874471,2.42082936119321,1
2025-11-27 20:00:00,14.5332734574009,9.92750737117654,509.754808397778,0.319933296416667,0.692970770642766,2.42838244340452,1
2025-11-27 20:15:00,14.3032816295074,9.92839043588654,509.597054786667,0.321266036638889,0.704281856030309,2.42218058526012,1
2025-11-27 20:30:00,14.4484269368645,9.94056793167684,509.53278778,0.322295430861111,0.713402737053538,2.42671737685128,1
2025-11-27 20:45:00,14.3888237005653,9.93731565322684,507.643212844445,0.320777052972223,0.724529459527951,2.43670942152326,1
2025-11-27 21:00:00,14.465193893443,9.94056793167684,506.952771142222,0.318529662527778,0.728932271375206,2.42970961676299,1
2025-11-27 21:15:00,14.2662844386223,9.98075263648017,506.780803591111,0.322457608666667,0.743150278392198,2.42578309993415,1
2025-11-27 21:30:00,14.3598061697549,9.94551987982684,506.814957704444,0.320394630444445,0.741457781952526,2.47745517540913,1
2025-11-27 21:45:00,14.2626492999616,9.9401295269435,504.016649408889,0.321337239777778,0.749120495588736,2.43042700271943,1
2025-11-27 22:00:00,14.1276875692194,9.9361943694935,503.695472362222,0.321181070444445,0.757838683236516,2.42713318694379,1
2025-11-27 22:15:00,14.2632237309438,9.9402679846935,501.293778595555,0.321713626555556,0.74863270090574,2.4447193821859,1
2025-11-27 22:30:00,14.2563166049527,9.93892686949441,496.67087272,0.322032396111111,0.759361525401477,2.43452822321397,1
2025-11-27 22:45:00,14.2585119467468,9.94009502274441,496.588475017777,0.322179901888889,0.755849028592848,2.44246179130284,1
2025-11-27 23:00:00,14.1703228624223,9.96963095207092,494.389087997777,0.321647046,0.770103613035016,2.43153648111063,1
2025-11-27 23:15:00,14.1874379164831,10.0389325958043,494.000909164444,0.320174349333334,0.763189507144445,2.42709224809435,1
2025-11-27 23:30:00,14.1835660180668,10.0389325958043,493.825734555555,0.318079259777778,0.773317442156727,2.44551199061616,1
2025-11-27 23:45:00,14.1827034396031,10.0607500421543,492.131123837777,0.319841903555556,0.766853702816389,2.4281707444903,1
2025-11-28 00:00:00,14.197019666729,10.0651976277043,491.701649953333,0.318133617777778,0.773157964227641,2.42648607004035,1
2025-11-28 00:15:00,14.2587125180281,10.0148441742964,489.482519937777,0.318208089666667,0.744345961698426,2.42981269720353,1
2025-11-28 00:30:00,14.2667941912963,10.0497522826424,488.874277373333,0.317522424444444,0.744120443750733,2.4251763441654,1
2025-11-28 00:45:00,14.1983544275392,10.1153217865224,486.870097315555,0.317704926888889,0.74862962556593,2.43409953080126,1
2025-11-28 01:00:00,14.1688196869037,10.1302975918424,483.902430879999,0.316782665111111,0.763966946219284,2.42584721256068,1
2025-11-28 01:15:00,14.2276013798089,10.1215639099757,481.827742093333,0.316974669333333,0.753741861157386,2.43163839216731,1
2025-11-28 01:30:00,14.2483107872637,10.1400298722257,479.9346482,0.316069633222222,0.748857114539227,2.43840417090207,1
2025-11-28 01:45:00,14.1796182745585,10.2385360999891,475.760032435555,0.314976229333333,0.748022390367164,2.44406995214275,1
2025-11-28 02:00:00,14.2312657094341,16.3446128324762,474.608042597777,0.315042948666667,0.755554181654222,2.50622750380031,1
2025-11-28 02:15:00,14.2164822729704,16.7874275759781,471.626507873333,0.314721318444444,0.757732824273496,2.52567536940799,1
2025-11-28 02:30:00,14.2166677818059,16.2621874576401,464.474848882221,0.314558346,0.753679918707698,2.47680107192186,1
2025-11-28 02:45:00,14.184822286477,15.7019296694199,459.16169161111,0.313912586444444,0.747138794201515,2.52448959642339,1
2025-11-28 03:00:00,14.1722936168815,16.0020981887217,458.667216122221,0.313460868,0.750385123121491,2.57200572885746,1
2025-11-28 03:15:00,14.1795544887955,15.7704173155035,456.994564335555,0.313372344,0.745398329937256,2.51278948302832,1
2025-11-28 03:30:00,14.1722928644489,15.7569093458667,456.284040139999,0.313840599111111,0.442120370246672,2.52293314814751,1
2025-11-28 03:45:00,14.1704986205289,15.8024853348892,452.166588495554,0.313356778222222,0.431111021480459,2.47523814744491,1
2025-11-28 04:00:00,14.2174840685644,17.0408051617106,447.382368746665,0.312375014888889,0.438228899854697,2.49205039778612,1
2025-11-28 04:15:00,14.2183263826504,16.5569421730548,439.415019746665,0.310672595555555,0.388805759177553,2.45738213600186,1
2025-11-28 04:30:00,14.22104659748,16.761414021028,434.841125333332,0.310426970666666,0.38535511526487,2.48119592256721,1
2025-11-28 04:45:00,14.1789774414,16.1360013585705,434.474538715554,0.310891681111111,0.386780642361695,2.46359625832251,1
2025-11-28 05:00:00,14.2012699328281,17.1290529257253,434.664648195554,0.310680713777778,0.418764421888828,2.45540159567827,1
2025-11-28 05:15:00,14.1790991815733,16.1606965091555,433.91453749111,0.310831521777778,0.38642055957222,2.47268025357389,1
2025-11-28 05:30:00,14.2426801802667,16.6012772590092,432.624574817777,0.311197351555555,0.388518410896621,2.43046419598762,1
2025-11-28 05:45:00,14.2426801802667,17.460757064947,432.845998846665,0.311439338222222,0.422137429116751,2.43927835606476,1
2025-11-28 06:00:00,14.1748341884296,14.8695988606935,433.031337102221,0.310999008444444,0.384041424015317,2.4445747338272,1
2025-11-28 06:15:00,14.2064334159911,17.4107267406859,432.800170595554,0.31106968,0.421149754028735,2.43648461046904,1
2025-11-28 06:30:00,14.2998512273394,16.9225103222775,432.519313168888,0.311412637333333,0.383534409689087,2.4620740651206,1
2025-11-28 06:45:00,14.2564979082342,16.3058516034203,431.991496639999,0.31170427,0.384433319057479,2.43953093745075,1
2025-11-28 07:00:00,14.6920708587299,17.4490939208209,431.890770097777,0.312187068666667,0.416201136000927,2.38766062008628,1
2025-11-28 07:15:00,15.7601680749148,17.3965592305324,428.401982006665,0.308750008777778,0.568844993357736,2.30819261707491,1
2025-11-28 07:30:00,16.7009878202874,10.4563936416237,430.276999626666,0.305039003222222,0.442822908608497,2.26576827823367,1
2025-11-28 07:45:00,15.6732782729378,15.8582521212933,428.986038968888,0.301803868555556,0.420048485538398,2.2516976945935,1
2025-11-28 08:00:00,16.5497900898032,18.4477704420736,424.291798002221,0.269508925555556,0.429025608240548,2.23497497317194,1
2025-11-28 08:15:00,16.5150637639134,17.9401755163827,425.400542777777,0.267860529111112,0.403772408298903,2.21792921266242,1
2025-11-28 08:30:00,16.727152734775,16.0847999692551,425.908921608888,0.269188113555556,0.429236058729212,2.21141147615463,1
2025-11-28 08:45:00,17.0885608423718,17.857345728788,427.101490095555,0.272057129555556,0.402119749980487,2.44089605013429,1
2025-11-28 09:00:00,18.1369103814904,20.4973289792245,423.693730955554,0.273643194222223,0.446010084361035,3.8526269595363,1
2025-11-28 09:15:00,17.4619709242133,20.8189149010553,439.219914824444,0.281076661555556,0.498003952568782,5.21887882307684,2
2025-11-28 09:30:00,18.5304186390104,19.6157107660656,438.478939588889,0.283948248666667,0.489628704439518,3.76654056589556,2
2025-11-28 09:45:00,18.6487985338889,19.199104609486,436.151198942222,0.271458839777778,0.476418191547724,3.29389567683545,2
2025-11-28 10:00:00,20.5474349346845,18.342960380344,432.022240442222,0.279356599555556,0.453049071517448,3.22547425629586,2
2025-11-28 10:15:00,20.6284788849082,21.085856474004,439.156120046667,0.284648545111111,0.493150764067359,2.95263233310876,2
2025-11-28 10:30:00,20.6007478143009,20.955994955773,443.846642226667,0.288309457555556,0.515116146979987,2.88077825185269,2
2025-11-28 10:45:00,20.9717541818224,19.9888751182123,445.078480011112,0.284229195777778,0.505165466832953,2.72122149292109,2
2025-11-28 11:00:00,21.1022239412891,18.7979308244737,445.939013164444,0.285233332222223,0.466507956886971,2.56989477229401,2
2025-11-28 11:15:00,22.0143383259054,17.417383649801,449.018168451111,0.294964819555556,0.466663537144555,2.55607754073435,2
2025-11-28 11:30:00,22.3454146690061,16.1025155869562,438.060733588888,0.314311089333333,0.26375075223271,2.6888017284656,2
2025-11-28 11:45:00,22.1845741136891,19.5912015510545,465.474334002222,0.310240974888889,0.537246531292676,2.53595424230671,2
2025-11-28 12:00:00,22.1000159099409,18.0083830194606,462.760596457777,0.305785949111111,0.51671443037036,2.4877201148534,2
2025-11-28 12:15:00,21.9937220319839,9.76329458366514,476.45022832,0.315545017111111,0.36531132597183,2.46029652702725,2
2025-11-28 12:30:00,22.0426392309957,10.0630175791018,481.256471022222,0.323362761777778,0.50821977898324,2.53011703481048,2
2025-11-28 12:45:00,22.6480309333216,10.3478275905018,487.741132433333,0.323632622666667,0.50152594358303,2.57051464142229,2
2025-11-28 13:00:00,22.6067736691098,10.3438004537729,491.033491468889,0.320743581333333,0.53510633828492,2.56738183293766,2
2025-11-28 13:15:00,22.9019432137688,9.9912047900196,497.940776762222,0.318055438666667,0.519323034853256,2.59959295703827,2
2025-11-28 13:30:00,22.3392704412609,10.0744428291263,501.308438646667,0.31691773,0.524015515781952,2.56365734943703,2
2025-11-28 13:45:00,22.8987882589056,10.2554077885717,502.525908584445,0.313407691333333,0.517302521858694,2.56722845993582,2
2025-11-28 14:00:00,21.8927860285101,9.75872641319626,511.424488497778,0.316431181861111,0.599582960923275,2.57564108591369,2
2025-11-28 14:15:00,20.7996391423365,9.72115978761627,509.449428346667,0.312719412861111,0.602292315163042,2.69848935882553,2
2025-11-28 14:30:00,20.1767500646891,9.02198028665294,508.886773295556,0.315970589888889,0.589093392559245,2.6702991497469,2
2025-11-28 14:45:00,19.8526746280417,8.74430084289186,509.819751291111,0.316129758972222,0.597523416809646,2.78185993317829,2
2025-11-28 15:00:00,17.1766980737547,9.05994686963383,515.578151348889,0.321402395305556,0.644354090618442,2.9315698971464,2
2025-11-28 15:15:00,16.4731277422964,9.03777275964508,518.569497273333,0.315224692305556,0.7155562035907,3.06052689287246,2
2025-11-28 15:30:00,16.612037445848,9.79925429041857,512.693431911111,0.314343626194445,0.716290136552242,3.16344624797073,2
2025-11-28 15:45:00,16.5645123907408,10.0855274697684,519.909680261481,0.319439532305556,0.77915095345264,3.18427559861925,2
2025-11-28 16:00:00,16.6980992219275,13.7943211716526,518.698240103703,0.317044610055556,0.784533407678122,3.14522938827075,2
2025-11-28 16:15:00,16.4974572568608,13.0630202242179,519.318697545926,0.324424779083334,0.794033180906391,3.14946444706272,2
2025-11-28 16:30:00,16.5226585671882,12.0428086792633,516.646824191111,0.316127513388889,0.725876529900316,3.04479378173032,2
2025-11-28 16:45:00,16.7494926424001,13.418771112562,549.927170996735,0.321380143055556,0.758561726269402,3.02575864258259,2
2025-11-28 17:00:00,16.7072601803872,9.88792809389673,547.74026880724,0.319575470416667,0.756158751323984,2.95747027528005,2
2025-11-28 17:15:00,16.8260399460435,9.94975080287523,545.815558876347,0.318528516055556,0.751375858683948,3.07523214113453,2
2025-11-28 17:30:00,16.6559460047472,10.3751554335872,543.622454673658,0.314599104805556,0.739841035146964,3.14195832170114,2
2025-11-28 17:45:00,17.6042328585733,10.0397898140773,545.60534411036,0.31269080425,0.72962769572519,3.37156185146964,2
2025-11-28 18:00:00,18.6234284257498,9.94724243534595,543.045221494002,0.31562645525,0.69717184720026,3.38660465770583,2
2025-11-28 18:15:00,19.9841617447765,9.9146736987861,517.477486862222,0.313758258583334,0.697217280743084,3.90575674234559,2
2025-11-28 18:30:00,18.7326086522328,16.5951666913765,516.0162576,0.313297238638889,0.73896701403147,4.60198555989168,2
2025-11-28 18:45:00,17.421382808491,18.0352431943269,506.413753037778,0.311044759861111,0.76809747488242,5.00752357890861,2
2025-11-28 19:00:00,16.9170203397794,18.9152000744192,506.290053804444,0.312892407083333,0.797588165957346,4.69298019831591,2
2025-11-28 19:15:00,16.7179385041066,18.3087538422861,577.307794906403,0.308303626333333,0.908459743004418,4.56153448301697,2
2025-11-28 19:30:00,17.0321555462509,17.828459656994,608.814073190964,0.306997236,0.991084387337386,4.42337155521627,2
2025-11-28 19:45:00,16.9118970394835,17.5524534886312,606.844288439923,0.31062983,1.00987156740043,4.38107639693736,2
2025-11-28 20:00:00,16.8486450283363,18.256688058529,620.459305145098,0.311196117222222,1.05501548323117,4.27168818119289,2
2025-11-28 20:15:00,16.4227487412603,18.2584684235843,619.654383772976,0.314113519444445,1.08501453571744,4.27460989169528,2
2025-11-28 20:30:00,16.1164675107185,17.5504633025379,627.613012867685,0.312558608777778,1.11368564290005,4.2218624266471,2
2025-11-28 20:45:00,15.9885407477039,18.9168953350977,615.494145002891,0.312916980777778,1.10487532005909,4.12247112063134,2
2025-11-28 21:00:00,15.998589404954,18.9193937948368,611.126552574374,0.313532167666667,1.10832038416418,3.91423582371036,2
2025-11-28 21:15:00,15.6411413834432,18.5729254223309,604.305532324193,0.316844835,1.10827171656773,4.04279649485283,2
2025-11-28 21:30:00,15.8799615093701,19.2756513027511,601.183005712763,0.314672445888889,1.10995698807935,4.07849037304028,2
2025-11-28 21:45:00,15.5925619401224,19.2034133912647,599.494875697284,0.317478287666667,1.12091158149068,4.03062454180294,2
2025-11-28 22:00:00,15.9063488149284,19.1578932579914,594.998627706261,0.314401130555556,1.10281854861088,3.98254825471161,2
2025-11-28 22:15:00,15.5948378787469,19.2207609649198,590.060387551261,0.317930073888889,1.11406487967509,3.93745406797226,2
2025-11-28 22:30:00,15.7764157769487,20.4414140600315,585.980867023966,0.316441519444445,1.1099193850859,3.97688464864985,2
2025-11-28 22:45:00,15.5393713686039,19.633297780384,580.5446589025,0.318441422333334,1.10816314836864,3.9805832983854,2
2025-11-28 23:00:00,15.5151565316068,19.3155319212323,575.039215880368,0.316938063222222,1.10437676715992,4.09237967102047,2
2025-11-28 23:15:00,15.5647663209169,20.8080614173388,569.700541963739,0.318561953666667,1.10256151635085,3.99740102521303,2
2025-11-28 23:30:00,15.520249097998,20.3562423896011,563.130037043138,0.316527547,1.09063830968098,3.99046911084494,2
2025-11-28 23:45:00,15.5376196542261,19.9064593799134,559.636643575698,0.317336029444445,1.07542502926853,3.99033782629722,2
2025-11-29 00:00:00,15.520249097998,20.4340562371829,555.588521592261,0.315837969527778,1.08471777291157,3.95880013355943,2
2025-11-29 00:15:00,15.5076806007772,20.1958237048208,551.327575298553,0.316303120194444,1.07731350179748,3.93853264734936,2
2025-11-29 00:30:00,15.5010063526735,20.0487568324712,546.529773678486,0.315893823305555,1.06251887206072,3.7242801783177,2
2025-11-29 00:45:00,15.5072612222113,20.7510344174656,519.19192703037,0.31626438775,1.05462089851388,3.68453531062031,2
2025-11-29 01:00:00,15.5003255721846,20.3018593720984,517.724423517037,0.315545750638889,1.03949700601916,3.69475122241321,2
2025-11-29 01:15:00,15.5001113854068,20.6954994992449,514.480011445926,0.315669434416667,1.02497156386126,3.56809285418006,2
2025-11-29 01:30:00,15.5090517552706,20.6222213785591,508.409919992592,0.316337922194444,1.00429080883686,3.57911898995098,2
2025-11-29 01:45:00,15.4899798805476,20.2347484980086,506.802358501481,0.314736927527778,1.01403050203222,3.52569161216248,2
2025-11-29 02:00:00,15.5114906458143,19.7096283022669,503.972801768148,0.313411816194444,1.0016034594167,3.49519283130674,2
2025-11-29 02:15:00,15.500631401832,19.7989606052279,502.485863071111,0.313453669305555,0.996790814925269,3.35296820957784,1
2025-11-29 02:30:00,15.405466852138,20.1149861885727,502.06978704,0.313444588194444,0.985808003112579,3.25935678170587,1
2025-11-29 02:45:00,15.3909760093484,20.8717822134455,501.785485364444,0.313772669888889,0.987870767840341,3.32831465932557,1
2025-11-29 03:00:00,15.0587950887772,20.9187815670761,499.20610886,0.313591835,0.966097856405497,3.22879295525022,1
2025-11-29 03:15:00,14.8375768797238,20.3924243393558,497.208517324444,0.313260774777778,0.958430671502309,3.22333361583314,1
2025-11-29 03:30:00,14.8276767307861,20.1210438352749,493.280043522222,0.312683658333333,0.950953023867005,3.23643263292567,1
2025-11-29 03:45:00,14.7625140332794,19.5536528624519,492.337624308888,0.312389810777778,0.940374489030668,3.16191306106845,1
2025-11-29 04:00:00,14.8124564216986,19.8075559701277,490.393581697777,0.313094364111111,0.918169999928619,3.16514991453382,1
2025-11-29 04:15:00,14.7194786511461,19.751065608234,489.687696677777,0.313159025888889,0.92162322242943,3.18687539302143,1
2025-11-29 04:30:00,14.7325390682749,20.2478376937307,486.778214893333,0.314335998555555,0.919888613498452,3.02507246683405,1
2025-11-29 04:45:00,14.7210700588689,19.7187422722773,484.578256851111,0.314131058555555,0.90563213155242,2.91369668224484,1
2025-11-29 05:00:00,14.7125419194615,18.9246691468694,483.589499875555,0.313270943222222,0.887535443457227,2.97495861881376,1
2025-11-29 05:15:00,14.702414450377,20.5124440213858,483.218709948888,0.314778868555555,0.893952772913976,2.95359401513166,1
2025-11-29 05:30:00,14.6994734478837,18.6245106284473,478.163564473333,0.311670406333333,0.868979027319944,2.92934406115772,1
2025-11-29 05:45:00,14.7024313459089,19.1581471129752,474.019507213333,0.308456834444444,0.873665718404498,2.83297307431577,1
2025-11-29 06:00:00,14.6943232861978,19.411281816437,467.212474353333,0.306772806,0.867398609589656,2.85543078554212,1
2025-11-29 06:15:00,14.7537349361904,18.8236044561913,462.62931629111,0.306565327777777,0.855143837085876,2.76950445950528,1
2025-11-29 06:30:00,14.7745224393269,19.4255353725149,460.968525019999,0.307493571111111,0.843960744894112,2.77908325945581,1
2025-11-29 06:45:00,14.7959200660928,19.2238462397918,451.628921257777,0.306116876222222,0.859167219822319,2.77164789850463,1
2025-11-29 07:00:00,15.0778458772823,20.0085734064466,437.178504219999,0.312951353,0.827203140553371,2.5683172709331,1
2025-11-29 07:15:00,15.1090295784448,18.9089648045534,429.987362837777,0.285279150666667,0.689083083452699,2.60813287999611,1
2025-11-29 07:30:00,15.6175940675308,24.599549890132,439.545240555555,0.276930774111111,0.615004804952836,2.52856866256673,1
2025-11-29 07:45:00,16.3128318105202,22.1921364702229,431.423064626666,0.275480432333334,0.545600389259036,2.41226550410241,1
2025-11-29 08:00:00,16.5470805240111,19.9537849604234,434.704751255555,0.274621308,0.493681563663454,2.3601635924689,1
2025-11-29 08:15:00,17.0285407651244,20.3155590762362,433.631635773332,0.276898473555556,0.485992502741443,2.6497301107188,1
2025-11-29 08:30:00,16.5928859864506,17.9843005773064,433.402696846666,0.273722060888889,0.473805867097502,2.54612730003098,1
2025-11-29 08:45:00,16.9341566200164,17.3140519484583,437.749486295555,0.269608578666667,0.415178960315191,2.54123303446869,1
2025-11-29 09:00:00,16.9905519825911,18.5619705966045,436.235269688889,0.263664667777778,0.40634705654229,2.46129376524743,1
2025-11-29 09:15:00,18.0223941424711,18.9630151233902,429.808295119999,0.269622652666667,0.398305072405924,2.44382366888797,1
2025-11-29 09:30:00,17.8025706014296,16.7690766422118,426.560785059999,0.268331284666667,0.376865611361848,2.39963603069469,2
2025-11-29 09:45:00,17.4727419625748,14.7942844597472,426.609508442221,0.273005346000001,0.249551680573545,2.34886129593756,2
2025-11-29 10:00:00,17.783195752883,15.6069003233271,431.362713131111,0.269403264666667,0.332263183451472,2.35330177643355,2
2025-11-29 10:15:00,18.1916725623852,16.859661037328,432.890893142222,0.270483141111112,0.432894646875247,3.37579326724309,2
2025-11-29 10:30:00,18.5801601108267,22.0122727806386,434.470546671111,0.273275028,0.531049583085935,4.73022554353505,2
2025-11-29 10:45:00,17.8879743000015,22.4074911505312,440.109630366666,0.270718673111112,0.531239993894829,4.07091350736303,2
2025-11-29 11:00:00,18.4707730850859,23.943571829698,440.66809378,0.274263014222223,0.615209679149827,4.98907984481601,2
2025-11-29 11:15:00,17.4796301922474,23.2751399798321,475.404482586667,0.281299259555556,0.696338149798141,5.12123324562683,2
2025-11-29 11:30:00,17.4028336521102,21.064946651936,493.173433262222,0.286979523777778,0.682917694265157,4.45294276027118,2
2025-11-29 11:45:00,18.9628942041498,10.1004699802687,498.784812282222,0.284112340888889,0.662663608836485,3.80297392345363,2
2025-11-29 12:00:00,17.5807445943532,10.0151740228461,513.923585086666,0.282522127333334,0.700515609190941,3.4003771207145,2
2025-11-29 12:15:00,18.1136728005245,9.77201402044277,547.855426168227,0.281936238222223,0.321222176424857,3.09811417345815,2
2025-11-29 12:30:00,18.8140512684252,9.75425231883822,565.557184139452,0.291479754444445,0.329982702248956,2.88001124387591,2
2025-11-29 12:45:00,17.2373863111443,8.89659084894538,569.388000721837,0.298539218777778,0.323217930951312,2.67666454931409,2
2025-11-29 13:00:00,16.9508398249142,9.06267790120872,569.680324580253,0.298201082333333,0.331417916400857,2.51436637715289,2
2025-11-29 13:15:00,16.2345797127745,8.7925875529701,572.687668246695,0.295247609666667,0.295443186973618,2.54032147350668,2
2025-11-29 13:30:00,16.4371751158635,8.79151602738081,572.546361942723,0.300462463333333,0.286401197409431,2.417300245465,2
2025-11-29 13:45:00,17.0079341706297,9.24106826729943,576.24981438382,0.301941863,0.348659517448392,2.44815217678234,2
2025-11-29 14:00:00,22.1640456149705,9.90660726726789,579.936293024399,0.300715072333334,0.288773026962582,2.88722905366752,2
2025-11-29 14:15:00,22.4895049938652,10.2542121812311,578.438546385337,0.293176703444445,0.891204848102922,2.94436122643221,2
2025-11-29 14:30:00,20.9277844116148,9.86529767317051,575.265496348602,0.292403330888889,0.353673351947531,2.71075490235284,2
2025-11-29 14:45:00,20.9087318472283,10.436177024326,580.333079080804,0.291742819444445,0.839479673971642,2.59519338895882,2
2025-11-29 15:00:00,21.7669226334741,22.1516448933332,584.395173294697,0.295589844444445,0.83516361546039,2.51378416680544,2
2025-11-29 15:15:00,21.4237952615674,10.3761316951745,577.765212947803,0.277600001111111,0.833299365834878,2.46542113561715,2
2025-11-29 15:30:00,20.9566345411956,9.85130810728811,567.310318807024,0.275009298888889,0.743351751563845,2.40944842936539,2
2025-11-29 15:45:00,20.6125592068267,9.40929416400626,560.350648354178,0.266448186666667,0.342451906369583,2.41571327988173,2
2025-11-29 16:00:00,20.5776747253602,9.31535408909901,561.748722792441,0.266213364888889,0.294797980963612,2.34324082822333,2
2025-11-29 16:15:00,20.9660914047319,9.67857593710626,558.536763738491,0.265143439111111,0.693141943329574,2.37935554624096,2
2025-11-29 16:30:00,20.6239363809437,9.77949457919023,554.465886441113,0.276314900888889,0.314880454480754,2.31219001953358,2
2025-11-29 16:45:00,20.4459880051793,9.05570006076871,551.528156567134,0.263577533555556,0.292839796773034,2.3031859874067,2
2025-11-29 17:00:00,20.4587897772046,9.78852492717901,544.131577707525,0.269390269777778,0.314296885484083,2.79288740602983,2
2025-11-29 17:15:00,22.2485597159083,10.322825293876,544.270774852987,0.270785152444445,0.823676940973544,3.68418585840136,2
2025-11-29 17:30:00,22.2475712723926,18.1346002269838,515.866336435555,0.271264086222223,0.902943287943496,3.93925771014225,2
2025-11-29 17:45:00,18.9319942358821,19.7797991546529,507.683689315556,0.270246857777778,0.8721932344574,4.05860160866978,2
2025-11-29 18:00:00,18.9159294751161,20.4609748425477,505.439428155556,0.268337831555556,0.889265840705184,5.05120979000718,2
2025-11-29 18:15:00,18.5136337283546,21.8661775289371,498.225166857778,0.266279273777778,0.881221916657966,5.3555811788607,2
2025-11-29 18:30:00,18.0193780471294,21.470392058417,489.385960295555,0.271841501555556,0.838479268605729,5.60614006562241,2
2025-11-29 18:45:00,17.3918789158911,21.6181880402852,482.605843797777,0.270433205333334,0.817617568432343,5.84906890032084,2
2025-11-29 19:00:00,17.4110441874906,22.0543357171762,474.615781535555,0.273273747333334,0.775767763765456,5.58186184933611,2
2025-11-29 19:15:00,17.3904274346835,21.9147705390261,467.24065326,0.281453394666667,0.788106761650607,5.4533087149803,2
2025-11-29 19:30:00,17.3458914526298,22.032838411873,463.910675859999,0.287296716444445,0.793561875921654,5.25091548041194,2
2025-11-29 19:45:00,17.2158379135718,22.0575252330368,461.571988773332,0.28999209,0.820502851383444,5.31707910142941,2
2025-11-29 20:00:00,16.4113985766767,21.8511286848745,462.653142297777,0.291263264888889,0.842444407263566,5.15562762960912,2
2025-11-29 20:15:00,17.042552595286,21.6141193695942,462.07920317111,0.290930496666667,0.850362722403469,5.06351929130451,2
2025-11-29 20:30:00,16.5359734830206,21.6187935691146,454.926418119999,0.292303566,0.856615669599586,4.95630035245742,2
2025-11-29 20:45:00,16.1268510085031,21.281552507809,451.196662337777,0.294571353333334,0.877849129482196,4.85742443521674,2
2025-11-29 21:00:00,16.3928517705613,20.3647092694158,449.197899422221,0.293150457444445,0.864918023645209,4.76369937196875,2
2025-11-29 21:15:00,16.3803746491174,20.7295720351158,446.317747748888,0.294270832666667,0.875210505461088,4.80370510152245,2
2025-11-29 21:30:00,16.1325956945416,21.4432453596282,444.104494866666,0.307741742194445,0.885227808179359,4.77630198495532,2
2025-11-29 21:45:00,16.3391803522894,20.6930220096886,432.42531961111,0.303262536083333,0.873848818696995,4.56071241666094,2
2025-11-29 22:00:00,15.9617724781734,21.4506956457552,432.545066684443,0.310037124638889,0.887157931401407,4.57586174846417,2
2025-11-29 22:15:00,15.9539338919349,21.2297987652438,432.379032526665,0.305931646166667,0.897401291621328,4.38089104502188,2
2025-11-29 22:30:00,16.2369953019055,20.8116246613982,428.048933882221,0.301854557138889,0.872982420196047,4.2503982074146,2
2025-11-29 22:45:00,16.0383024153061,21.2149095853808,428.718959239999,0.306301748361111,0.875954979819312,4.28375713808514,2
2025-11-29 23:00:00,15.9794003492475,21.1940180490037,429.977011393332,0.304262464361111,0.880061272675812,4.10951332508464,2
2025-11-29 23:15:00,16.3446038180139,19.5283397173981,432.155330768888,0.297833725611111,0.858584543636871,3.97645593857173,2
2025-11-29 23:30:00,15.9428715082534,21.0195653376508,432.741939424444,0.303977524277778,0.87723237050263,4.11412146672802,2
2025-11-29 23:45:00,15.9533858473957,20.0273188867243,432.838112357777,0.303295137888889,0.871577864797518,4.03149078519881,2
2025-11-30 00:00:00,15.9469605518757,20.4900335387545,440.951452917778,0.305371456555555,0.869185453623847,3.84130150511627,2
2025-11-30 00:15:00,15.943510887849,20.5491980545518,432.676938646666,0.305720755444444,0.873553400216671,4.09361502618582,2
2025-11-30 00:30:00,15.9469585339883,20.8170042673361,432.781992224444,0.305029968333333,0.868755724669334,3.87468748912206,2
2025-11-30 00:45:00,15.921290612849,20.5967539957931,436.02449172,0.303960693111111,0.877474568854968,3.88598222352035,2
2025-11-30 01:00:00,15.9468098259468,21.0777856228685,432.296690386666,0.300954745111111,0.870951999353823,3.87831276216582,2
2025-11-30 01:15:00,15.8577371121468,20.1096037148454,431.790709028888,0.301021846888889,0.857967234499239,3.80483373152588,2
2025-11-30 01:30:00,15.8461210064801,19.5560370416776,428.753910493332,0.298877274444445,0.853416263088988,3.77815187435091,2
2025-11-30 01:45:00,15.1849314898344,19.5480235745695,428.878697064443,0.296719292888889,0.84376414217744,3.77983422602387,2
2025-11-30 02:00:00,15.1450698854773,19.6403926088793,428.466289779999,0.299017973333333,0.831349115870237,3.40960822484251,2
2025-11-30 02:15:00,15.1321686078418,19.5959394290489,427.862945279999,0.297150453555555,0.829872731790118,3.19717190719861,2
2025-11-30 02:30:00,15.1063218129544,20.390021042665,428.25397115111,0.295365972222222,0.84294067026315,3.56586732298346,2
2025-11-30 02:45:00,15.0376176717455,20.5310071341094,428.202770193332,0.295761125111111,0.84895275593061,3.61543014964719,2
2025-11-30 03:00:00,15.0426845015218,18.7345073932368,423.615904739999,0.293507625777778,0.453182260996262,3.52759738434481,1
2025-11-30 03:15:00,15.0488408833934,19.4646092212852,424.332693506665,0.293792959777778,0.818498231027173,3.43393312915085,1
2025-11-30 03:30:00,15.0356287997949,18.3991413767059,423.093458279999,0.293158729333333,0.293540671990415,3.39359670932435,1
2025-11-30 03:45:00,15.0074636061831,19.3137603928276,424.633235839999,0.293036808444444,0.818264160289602,3.2513048979583,1
2025-11-30 04:00:00,15.0057965575727,19.4472436366044,425.42453019111,0.288101666666667,0.818314345401522,3.26508856775998,1
2025-11-30 04:15:00,14.9492670322231,19.0207588738865,430.571612597777,0.290328768222222,0.805024862906558,3.25654731711438,1
2025-11-30 04:30:00,14.9611019931697,18.4970417043393,429.266749895555,0.289793356888889,0.283034742966604,3.17798799113073,1
2025-11-30 04:45:00,14.9588667553475,18.3750069595558,430.346404628888,0.293505126666667,0.209074018673083,3.11902328703547,1
2025-11-30 05:00:00,15.006445650389,18.2436119147375,426.504811388888,0.293820158222222,0.21202696501362,3.06249126714067,1
2025-11-30 05:15:00,14.9369070443342,18.3420851868138,430.716822584444,0.291626744888889,0.200791586305971,3.23328418475504,1
2025-11-30 05:30:00,14.9499118156527,17.9347413299039,429.898570904444,0.291472197111111,0.191168241390651,3.02091918798241,1
2025-11-30 05:45:00,14.9294156544349,18.5162723530467,430.691426917777,0.289899716666667,0.210278615077537,3.02898291912541,1
2025-11-30 06:00:00,14.8267090843668,18.3242979559319,428.627236775555,0.291089216222223,0.192998181593624,3.04588250057651,1
2025-11-30 06:15:00,14.8291914278927,18.5832631967656,429.08648964,0.288730679333333,0.282220523835226,2.86915722200246,1
2025-11-30 06:30:00,14.8953264564171,18.4424555367347,430.517796315555,0.291345245777778,0.204616712877267,2.9462767591022,1
2025-11-30 06:45:00,14.821890557346,18.0347923645327,428.389774104444,0.289458688444445,0.193919548188577,2.83065231092586,1
2025-11-30 07:00:00,14.8935044248327,18.7608378052277,427.55172058,0.286680453416667,0.282854651099299,2.80688223493029,1
2025-11-30 07:15:00,14.8618361092394,18.6565527208037,428.471286808888,0.287692182,0.210572971955622,2.81344737864951,1
2025-11-30 07:30:00,14.7981103356749,18.0338957834114,427.558703493333,0.289783331555556,0.192706968664879,2.77082117622741,1
2025-11-30 07:45:00,14.9019926329712,17.7480392768131,430.164081099999,0.288138193111111,0.193106614410593,2.80870107023515,1
2025-11-30 08:00:00,14.8288918229149,17.6282400899901,428.415358264444,0.288612139555556,0.165532335376499,2.61749497575144,1
2025-11-30 08:15:00,14.8556778759875,17.3043716869806,428.484073777777,0.289179801555556,0.13793178378704,2.63356740626785,1
2025-11-30 08:30:00,14.9409494884379,18.3529346534069,430.383075933333,0.289036405111111,0.194747484741842,2.55684800828175,1
2025-11-30 08:45:00,14.9713531690127,17.7746029616297,430.312983184444,0.288371553777778,0.190301543389746,2.68053919244828,1
2025-11-30 09:00:00,15.0024230260438,17.4931868185984,427.795272777777,0.292575112888889,0.158586797939158,2.68931688749109,1
2025-11-30 09:15:00,15.072050521749,17.0444844763149,428.972616055555,0.291359815416667,0.143700887660171,2.53530685625436,1
2025-11-30 09:30:00,14.9507466567149,17.4545038997135,429.316048706666,0.290633765333333,0.137043734472243,2.55588933410137,1
2025-11-30 09:45:00,15.043976167272,17.0510480427072,423.551107604443,0.291389725111111,0.16225435060558,2.52451980708621,1
2025-11-30 10:00:00,15.0345351390216,17.1140291323431,423.647966539999,0.290850466666667,0.163035942594347,2.47500401125115,1
2025-11-30 10:15:00,15.0414734225623,17.023628887279,424.754613986665,0.292939214222222,0.163741707339435,2.72590276830064,1
2025-11-30 10:30:00,15.1467220006409,16.9875892987314,429.419251493332,0.293910869527778,0.175485537625639,2.86288870927772,1
2025-11-30 10:45:00,15.0671532971194,17.5674246745008,429.550621833332,0.291481073111111,0.173306810534474,2.8398649313921,1
2025-11-30 11:00:00,15.2102413693038,18.231793902286,429.15835697111,0.291200677305556,0.221909436371082,2.84929992015941,1
2025-11-30 11:15:00,15.122099977906,17.4002212689128,428.878199999999,0.292635249083333,0.164398725777285,2.74363050515133,1
2025-11-30 11:30:00,15.0767541830942,17.3979440086107,428.666760793332,0.292114096222222,0.163784886855244,2.77874687201053,1
2025-11-30 11:45:00,15.2211726758075,17.1737569036389,425.168664848887,0.263002993111111,0.177154382607655,2.73522251664318,1
2025-11-30 12:00:00,16.3037061044693,16.7609363278794,431.249223595555,0.276715973555556,0.224713196349722,2.48655597015408,1
2025-11-30 12:15:00,16.4033311159193,16.6048890609603,428.268251086667,0.276327837111111,0.49721273625418,2.41233776770386,1
2025-11-30 12:30:00,17.0170227664074,15.8624941356044,428.144431233333,0.274412686111111,0.393419981276687,2.38591829590713,1
2025-11-30 12:45:00,16.8649526337926,14.4236186566874,426.756633075555,0.272991238777778,0.255835829495602,2.42379484780625,1
2025-11-30 13:00:00,16.4318848296686,9.58633196010546,424.088428635555,0.269738575888889,0.263536870117939,2.30117124291548,1
2025-11-30 13:15:00,16.6004510647644,9.71565467192668,421.380942628889,0.269621541444445,0.154469320087466,2.31520139857984,1
2025-11-30 13:30:00,18.8766639718756,10.12610793108,424.238908788889,0.270228098888889,0.29549179824944,2.38818115425427,1
2025-11-30 13:45:00,20.5637241255719,10.3459042232433,427.901830637778,0.27455902488889,0.257924051015277,2.33734599944384,2
2025-11-30 14:00:00,20.5442719474756,10.1419603666333,426.819913864444,0.265159051111112,0.257803291301737,2.36431693443956,2
2025-11-30 14:15:00,20.2134640860045,9.62491984018668,432.279474673334,0.268838253555556,0.212792901255743,2.34874630404919,2
2025-11-30 14:30:00,18.2569623867985,9.17625806860203,451.301660311111,0.274389180888889,0.24192225847033,2.33064839236196,2
2025-11-30 14:45:00,20.4142447551793,8.77607928977698,465.462898197778,0.278317970666667,0.243634741778685,2.43316546839051,2
2025-11-30 15:00:00,20.6615246128267,9.1953388952581,491.217615035556,0.270864993777778,0.303041308255361,2.42554188900871,2
2025-11-30 15:15:00,20.6038684564756,8.62444715482129,500.383191948889,0.269005560000001,0.304368485466079,2.39844494780046,2
2025-11-30 15:30:00,20.3912771607082,8.08329708129727,499.623490197777,0.270570616222223,0.271035326082144,2.43666778135111,2
2025-11-30 15:45:00,20.4685631718519,8.9950938769481,501.180363164444,0.264398557555556,0.341589183458703,2.45216716843548,2
2025-11-30 16:00:00,20.8585607841037,9.12266058514144,502.304017871111,0.271771940222223,0.28667534212901,2.47147516836251,2
2025-11-30 16:15:00,20.5644119002637,8.57029257722477,496.48438138,0.270235944222223,0.231482634727082,2.61731657404785,2
2025-11-30 16:30:00,20.7558326158,8.82904833512476,494.276218766666,0.269042184222223,0.283552179226097,2.63206144909178,2
2025-11-30 16:45:00,21.0321060440415,9.17999424566143,502.707642397778,0.267256816888889,0.369593227483059,2.61781146716086,2
