"date","NO2","NO","CO2","O3","CO","PM2_5"
2025-09-01 10:45:00,13.8337934694698,10.5675436972367,425.313113871111,0.327127428388889,0.21987553385085,8.03739555712835
2025-09-01 11:00:00,13.8286509392492,10.4380554105533,425.338805444445,0.327003818833333,0.224104410697316,8.34059774395081
2025-09-01 11:15:00,13.9488715749618,10.5706253993233,425.368335735556,0.326200113722222,0.217791107373572,8.52061750351844
2025-09-01 11:30:00,14.0328181536166,10.43679470121,425.751274084445,0.327169661166667,0.222133030583198,8.48055977582993
2025-09-01 11:45:00,14.0203319513015,10.4368545292967,425.94488407,0.326569335611111,0.221750102033701,8.6236416531254
2025-09-01 12:00:00,14.1698688143845,10.5692086135933,427.012492125556,0.324508654777778,0.227148029250968,8.69547818201701
2025-09-01 12:15:00,14.114712632423,10.6032828239033,430.762291004444,0.326209225444444,0.20695951577201,8.63758012880906
2025-09-01 12:30:00,14.1318107668597,10.45205935897,431.994287444444,0.326497549222222,0.22024819612193,8.61691045831851
2025-09-01 12:45:00,13.9619777793713,10.4626449334067,430.246194766667,0.325066224555555,0.15860233280005,8.70609341526349
2025-09-01 13:00:00,14.0333237456142,10.4698211851467,431.572863471111,0.325367523444444,0.157773204281071,8.68446211913722
2025-09-01 13:15:00,14.3294811072027,10.4588290736633,435.047696833333,0.324372770777778,0.165194657134017,8.74633227780857
2025-09-01 13:30:00,13.6574832022881,10.57183886276,436.203898695555,0.323509461555555,0.142115355126559,8.59685927515007
2025-09-01 13:45:00,13.5848090092295,10.5579465050167,436.729601357777,0.324101972888889,0.153203680456768,8.53469782145615
2025-09-01 14:00:00,13.7005209533937,10.7392213060167,437.764534206667,0.321210124888889,0.155501008007063,8.62234582405579
2025-09-01 14:15:00,13.7448544356559,10.73675806647,437.891459093333,0.321947173777778,0.158479184800606,8.78181371391299
2025-09-01 14:30:00,13.6566375626277,10.73911308493,435.650015122222,0.321560534222222,0.165112551031423,8.63043306511537
2025-09-01 14:45:00,13.6620727423596,10.73081589,436.410861762222,0.321517336222222,0.164941905073332,8.62361245907339
2025-09-01 15:00:00,13.6282253488159,18.4466729010432,437.003832384444,0.322322291333333,0.165932013123024,8.70021528160157
2025-09-01 15:15:00,13.4223149362396,10.72747209501,436.229847973333,0.321155956,0.165833445745778,8.54625750477237
2025-09-01 15:30:00,13.4246280636843,18.0532148478277,432.753774855555,0.315889964222222,0.185246444681961,8.74190180384837
2025-09-01 15:45:00,13.4877415623273,10.73005197961,432.460287133333,0.320312646222222,0.184974558424239,8.60279383585867
2025-09-01 16:00:00,13.5193455609954,10.70828685147,433.015337246666,0.322650239777778,0.190440240568657,8.71919669628734
2025-09-01 16:15:00,13.4843092691575,10.70925040987,433.191242597777,0.315682887888889,0.192256463096074,8.57317253502161
2025-09-01 16:30:00,13.4786776190153,18.260666393946,434.706036777777,0.315613858777778,0.193885121326291,8.56445515064477
2025-09-01 16:45:00,13.4531686492612,10.7285039233867,434.714555584444,0.315588113666667,0.198319585396335,8.61752264077559
2025-09-01 17:00:00,13.4351244264523,10.6947077219,434.590819771111,0.315907392777778,0.199928474077816,8.56877860190772
2025-09-01 17:15:00,13.3896948209101,10.7329343025367,436.314794464444,0.317021640555555,0.203769306683543,8.52680295753475
2025-09-01 17:30:00,13.1994906691708,18.5808790184444,435.533008402222,0.317380313888889,0.20186811647762,8.57627465826165
2025-09-01 17:45:00,13.1788350435456,18.2537586795984,436.88849516,0.316852445444444,0.204959020894697,8.63616159123348
2025-09-01 18:00:00,12.7273757856941,18.2276171273862,434.360769113332,0.318223842111111,0.206493134521682,8.50776488742784
2025-09-01 18:15:00,12.5192569492571,18.7767427685992,435.14175447111,0.318712523,0.203540921261521,8.72481130676256
2025-09-01 18:30:00,12.5350561697208,18.4559660151738,433.840796195555,0.318702409,0.203641161755968,8.62023839985698
2025-09-01 18:45:00,12.7660493673904,19.0584531271124,433.392951895555,0.321211375777778,0.203984284496798,8.55084945697112
2025-09-01 19:00:00,12.7538081783475,19.1954064963944,435.142787382221,0.32029153,0.202763544809775,8.45122224499081
2025-09-01 19:15:00,12.7502111230364,18.5814409855868,438.602888288888,0.320604885111111,0.204256218340363,8.65632135595932
2025-09-01 19:30:00,12.7528445072015,18.0315312895554,437.773088877777,0.320854834888889,0.206972515893858,8.50794832679004
2025-09-01 19:45:00,12.7286075076445,17.8197292050887,437.745135875554,0.321767925111111,0.206813297634763,8.58872079980641
2025-09-01 20:00:00,12.6898249771289,18.7812784145576,462.258321431111,0.320210642222222,0.204347072852593,8.57740447799188
2025-09-01 20:15:00,12.7246357922045,18.2554643343935,463.255336224444,0.323751086888889,0.207660865447665,8.54352710168584
2025-09-01 20:30:00,12.5060088241941,18.6796821745225,463.340602988888,0.323059915111111,0.20423534402189,8.58049614192526
2025-09-01 20:45:00,12.2764369203896,17.9864825456513,463.313861264444,0.325571996222222,0.206537354738105,8.56013319411862
2025-09-01 21:00:00,12.2782154316282,18.598173036689,464.527878411111,0.32571859,0.205391414577077,8.61242949361507
2025-09-01 21:15:00,12.5089814117556,18.215487299746,467.141267875555,0.326272501777778,0.211480636082299,8.61382449190818
2025-09-01 21:30:00,12.2643347261674,18.0916781993391,467.954924422222,0.326106421777778,0.211841172974938,8.72238698526951
2025-09-01 21:45:00,12.4118058710711,17.6187043588097,467.8742328,0.325555627111111,0.211983269968195,8.69853307879137
2025-09-01 22:00:00,12.3513410548593,17.7342756387966,467.724205033333,0.324045966888889,0.212161022336971,8.62444484135118
2025-09-01 22:15:00,12.2946983743806,17.9744192006836,468.293371462222,0.325434867555555,0.211718470406213,8.53848362962795
2025-09-01 22:30:00,12.383415273068,17.2088093797932,468.018468111111,0.323747775111111,0.211778181544687,8.71476062400795
2025-09-01 22:45:00,12.3348627986546,17.7243118486558,466.65534708,0.324273068444444,0.211749764536554,8.79099386928079
2025-09-01 23:00:00,12.4669018588976,18.1839888803218,464.743151397777,0.324212247555555,0.209456776063499,9.01776979622496
2025-09-01 23:15:00,12.4772367096098,16.6320060710689,435.371927035554,0.322496335333333,0.205856734946712,8.80043419661667
2025-09-01 23:30:00,12.3511364786978,17.1366295091794,438.135450693332,0.325057673777778,0.206210153524185,8.59615885727167
2025-09-01 23:45:00,12.6356488728208,17.6979753500738,436.578598108888,0.325314742444444,0.207751372291629,8.58320462614841
2025-09-02,12.7538784899898,18.4852269018897,436.517680957777,0.327140161777778,0.207985548759471,8.36838112942768
2025-09-02 00:15:00,12.8502196648326,17.9459435417762,436.184964533332,0.326071879111111,0.207377934003297,8.12517244567617
2025-09-02 00:30:00,12.8594618041933,18.9091985414666,436.545949044443,0.326956962666667,0.200863221484689,8.16384541417627
2025-09-02 00:45:00,13.6599763240991,19.0472958313735,436.313937293332,0.327746125555556,0.208263506941764,7.85021946460796
2025-09-02 01:00:00,13.6849691149854,19.364959288464,433.49316571111,0.327456471111111,0.211892828755199,7.63319770127701
2025-09-02 01:15:00,13.7870799294476,19.1435619390563,432.835874522221,0.323320879555556,0.217944865837012,7.51694394467188
2025-09-02 01:30:00,13.8340683701128,19.5124628901078,432.288746553332,0.321354451777778,0.218481147762108,7.54756347284021
2025-09-02 01:45:00,13.8400784235566,19.6537231405883,432.836396482221,0.320714579777778,0.220375159217699,7.32454653475641
2025-09-02 02:00:00,13.598360150065,19.6670589720418,433.226903635555,0.32265346,0.213368402841067,7.4815177553002
2025-09-02 02:15:00,13.6714614450832,19.3391143364393,432.596839146666,0.320509529555556,0.222375927782397,7.11244627390734
2025-09-02 02:30:00,13.795849086695,18.8913300740167,432.816139026666,0.321914827111111,0.236786586193299,7.33522349307488
2025-09-02 02:45:00,13.7282121001113,18.6864692181045,432.937244453332,0.32219328,0.238501205714479,7.16456715805981
2025-09-02 03:00:00,13.7472602732076,18.6026098350456,431.400515455555,0.320388456666667,0.238766413906917,7.05079745751281
2025-09-02 03:15:00,14.1768350497001,19.4705292299751,432.046269322222,0.322845103333333,0.236107541257237,6.78412487973903
2025-09-02 03:30:00,14.2222808309369,10.7131568899867,432.48876448,0.322214041111111,0.243037712265736,6.96313896434823
2025-09-02 03:45:00,14.3453059771713,18.6440022936675,434.015284228888,0.320785381777778,0.233927727762007,7.01357991528304
2025-09-02 04:00:00,14.3497343694045,10.6981612435367,435.011912462222,0.321632879555556,0.237261876183776,6.68396250631989
2025-09-02 04:15:00,14.3634741338668,18.8815541766042,436.791084046666,0.321390024666667,0.229308570578322,6.88536514849248
2025-09-02 04:30:00,14.3153678041744,10.6625822977,437.866877022222,0.320922010333333,0.251793024197365,6.77529608704233
2025-09-02 04:45:00,14.3079276822959,10.6611502592133,437.4084501,0.321383200555556,0.251091067298373,6.93129715220814
2025-09-02 05:00:00,14.3566065440325,10.45856950795,435.808612377778,0.323122412555556,0.252151883927989,6.87295120713905
2025-09-02 05:15:00,14.2767244352354,10.49489958484,433.566307097777,0.324019225222222,0.252566693573807,6.86422789128428
2025-09-02 05:30:00,14.3652680407794,10.4373799697367,431.798777513333,0.324072844333333,0.254297053000009,7.07225601751271
2025-09-02 05:45:00,14.0333132029604,10.4487161912967,428.057247661111,0.323895604777778,0.233552864907405,7.15531897937264
2025-09-02 06:00:00,13.9535593326181,10.4355233991767,427.709852745556,0.323614372333333,0.250793250850093,7.1705655976137
2025-09-02 06:15:00,14.3045192371011,10.3949178545067,427.709158214445,0.322552565222222,0.252097344392153,7.02800666410264
2025-09-02 06:30:00,14.3031899406861,10.5674978314267,427.73375431,0.322862357,0.230065228211823,6.94711769438228
2025-09-02 06:45:00,14.2617928437172,10.4192029495433,427.775691618889,0.322791269888889,0.234744325697447,7.08397724989823
2025-09-02 07:00:00,14.0963740951898,10.3799939910067,427.581921618889,0.322302265888889,0.259481500177477,7.12917057216658
2025-09-02 07:15:00,14.0172583218876,10.4217612902967,426.22352583,0.321505684555556,0.247108814312598,7.38828955276903
2025-09-02 07:30:00,14.1703903763009,10.42127237761,426.31973765,0.321857227388889,0.225396742674484,7.21261681478538
2025-09-02 07:45:00,14.2793701479009,10.5538999361267,425.980756363334,0.328089096277778,0.222380860824027,7.20261178903586
2025-09-02 08:00:00,14.1406243310461,10.4210902765433,425.767120153334,0.326680471833333,0.226962599183427,7.18588756981226
2025-09-02 08:15:00,14.1002477549824,10.5542919194267,425.823229026667,0.326227493611111,0.222343539540418,7.40643035221255
2025-09-02 08:30:00,14.2426967885468,10.5538999361267,425.71217368,0.326642293611111,0.223074264282892,7.58573052817052
2025-09-02 08:45:00,14.0394953043113,10.42245279042,425.632115188889,0.325752807722222,0.22747009386166,7.50763253984485
2025-09-02 09:00:00,14.2208860124196,10.4355638162933,425.67859582,0.3268048295,0.241903442281496,7.56694635430402
2025-09-02 09:15:00,14.2643876975514,10.4375384657733,425.697955286667,0.327585617722222,0.241231311535387,7.67111933870633
2025-09-02 09:30:00,14.2316982419305,10.5687654591767,425.680373173334,0.326810992833333,0.219708311861275,7.5233138939658
2025-09-02 09:45:00,14.0339035672979,10.42245279042,425.57173616,0.326043123944445,0.24654580010659,7.48381719064874
2025-09-02 10:00:00,13.8476989026016,10.5524117438367,425.364795591111,0.327252140388889,0.22296321097553,8.00912647219012
2025-09-02 10:15:00,14.0250812951498,10.5556544333033,425.385049835556,0.3261952355,0.220396966510334,8.15924960345711
2025-09-02 10:30:00,13.8338281201055,10.5675049828367,425.3511423,0.327058461277778,0.2193932439588,8.21904782817181
2025-09-02 10:45:00,13.8339393433233,10.5712570534367,425.338215544445,0.326399039722222,0.218704829817137,8.26526452066637
2025-09-02 11:00:00,13.8312770890452,10.5675049828367,425.354364004445,0.328258781277778,0.217617360054425,8.24941965126216
2025-09-02 11:15:00,13.9318554719282,10.43742375644,425.342473724445,0.328244655277778,0.238887170532718,8.22125593409217
2025-09-02 11:30:00,13.8724514146645,10.5723885176233,425.33639684,0.329550751055556,0.216531961236052,8.16656901876616
2025-09-02 11:45:00,13.8466264916245,10.4375025115667,425.251598646667,0.328312502166667,0.216009670991985,8.3870788683677
2025-09-02 12:00:00,13.8581053638467,10.5675436972367,425.313325693334,0.329425139722222,0.195040189736736,8.50547200147446
2025-09-02 12:15:00,13.885338542996,10.5847181937033,425.528563028889,0.328722125055556,0.191293505332848,8.48183131069403
2025-09-02 12:30:00,13.9281069005584,10.57070415445,425.45616386,0.327725108277778,0.195046289772503,8.26354135252811
2025-09-02 12:45:00,13.9747485518063,10.61041916038,425.604899604445,0.328331110944445,0.181961546476012,8.52783503570282
2025-09-02 13:00:00,13.9810023936935,10.4371351549267,426.409089492223,0.318779776333333,0.187961822631959,8.56789157274629
2025-09-02 13:15:00,14.0023464438387,10.4371351549267,426.981384314445,0.323094405,0.197463185032042,8.7404479289534
2025-09-02 13:30:00,14.0175778342061,10.4733057320733,427.570169778889,0.322806976777778,0.192633323368837,8.49040114091179
2025-09-02 13:45:00,13.6204073821026,10.4752417926167,427.955847327778,0.320804547888889,0.144041167113813,8.57653252169018
2025-09-02 14:00:00,13.6362046359811,10.61371886397,428.107168003333,0.320934158111111,0.141146153459716,8.55000404626625
2025-09-02 14:15:00,13.6930867957055,10.6305698621933,429.613148533333,0.322769601888889,0.140748372829035,8.62207943541916
2025-09-02 14:30:00,13.6183434766018,10.52567425287,432.474277806666,0.321580291222222,0.140656009713768,8.58837321708578
2025-09-02 14:45:00,13.3750503535688,10.6548231612367,435.141269193333,0.319300143444444,0.0922581577925641,8.63889392104097
2025-09-02 15:00:00,13.3410180972385,18.407138095193,437.48021522,0.319582150555555,0.138491778032005,8.55214479015641
2025-09-02 15:15:00,13.4211494493318,10.7402879773533,437.902804168889,0.318767433888889,0.142664412130388,8.94996878671531
2025-09-02 15:30:00,13.3097166957053,10.72375497491,437.290722097778,0.316807342333333,0.148377066133782,8.77529233433719
2025-09-02 15:45:00,13.2143658344803,10.72375497491,433.846811351111,0.315327843444444,0.163276709201548,8.78573616910506
2025-09-02 16:00:00,13.1148400701205,17.5577624839632,432.50519665111,0.314524690333333,0.181633641684043,8.7736370353497
2025-09-02 16:15:00,13.104750992199,17.6941702372238,431.977603197777,0.316321333222222,0.182362812858589,8.88212366286535
2025-09-02 16:30:00,12.750888308874,17.5396295150491,430.912232728888,0.315739611888889,0.185444323188834,8.92227721423401
2025-09-02 16:45:00,12.7124248645756,17.2384648972413,431.58326051111,0.319047313444444,0.189310254853272,8.99704105721537
2025-09-02 17:00:00,12.7360266229164,17.6553940932537,431.18776819111,0.319378258777778,0.191951268544924,8.88217784732237
2025-09-02 17:15:00,12.7267337896853,16.8220607913319,431.153241366665,0.318194656888889,0.191775423316711,9.04239865508674
2025-09-02 17:30:00,12.7157234675556,18.523298726387,431.814894024443,0.319484050666666,0.190816158540344,8.94118614258801
2025-09-02 17:45:00,12.7291330989111,17.4658281566803,431.62490797111,0.319492658888889,0.194331145672381,8.99282116266948
2025-09-02 18:00:00,12.6499808497289,17.3536023636945,431.705687617777,0.319186664222222,0.194041292239633,8.90127641448434
2025-09-02 18:15:00,12.6952446806904,18.0085598415996,432.551927846666,0.324569315555556,0.19549782572325,8.89816201199573
2025-09-02 18:30:00,12.7037942302252,18.0980785055087,433.170089606666,0.324133654666667,0.203643203216701,8.79303786113067
2025-09-02 18:45:00,12.4936143783126,16.9027180185219,432.42301383111,0.324646288888889,0.205129568269578,8.6836403478881
2025-09-02 19:00:00,12.50664013224,17.9162803268056,432.920812008888,0.325522508888889,0.205543014173599,8.74023182743067
2025-09-02 19:15:00,12.6705350850622,16.9991792471979,432.475457868888,0.327376983777778,0.205592217888934,8.77900078507695
2025-09-02 19:30:00,12.4580284892637,17.254798494038,432.593016999999,0.326394465555555,0.205635244799294,8.77696347429845
2025-09-02 19:45:00,12.5421109333037,17.5502203887178,432.466093126666,0.325518810444444,0.206774532918637,8.78583231089399
2025-09-02 20:00:00,12.5477890124294,16.9566813618229,432.483874926666,0.325947934444444,0.206797768384649,8.74167216233919
2025-09-02 20:15:00,12.4257333304294,17.4927069409576,432.428399224443,0.323899535333333,0.206407926367034,8.62854420543548
2025-09-02 20:30:00,12.3466131280354,17.4516747407117,432.751811866665,0.324775086222222,0.207136876948115,8.49196997905004
2025-09-02 20:45:00,12.4601347267506,17.7846253945058,432.810823844443,0.323492778888889,0.207117678728895,8.53274288716954
2025-09-02 21:00:00,12.468295268635,17.4656336032212,435.052392146666,0.324631300222222,0.208238127663521,8.27762809709385
2025-09-02 21:15:00,12.3393292628054,17.4382435394022,435.747568515555,0.326513605777778,0.208763223685817,8.3694712816937
2025-09-02 21:30:00,12.3288518441625,17.2918122281403,435.854271784443,0.325542236444444,0.208889465952809,8.45383336570806
2025-09-02 21:45:00,12.3635369345921,17.4915266334722,436.000876173332,0.322901932444445,0.208259995938107,8.55672195295654
2025-09-02 22:00:00,12.3488669786439,17.5073217889883,435.293212586666,0.323872519944444,0.208548851354768,8.63610582501379
2025-09-02 22:15:00,12.4029452942085,17.2281244524097,432.264936984443,0.320346197444444,0.208128201103695,8.7908559446613
2025-09-02 22:30:00,12.5453042752722,16.8719513939637,432.189283206666,0.319730979888889,0.206846205780107,8.73736028981289
2025-09-02 22:45:00,12.4564457662955,17.3917920282426,431.81980157111,0.318879542777778,0.206374629554575,8.71734141888027
2025-09-02 23:00:00,12.5097191899581,17.6018340611594,432.199668286666,0.318287585666667,0.204614460711592,8.87405613935628
2025-09-02 23:15:00,13.7926099633982,17.2250934517609,431.828780504443,0.320352675777778,0.21293879010252,8.54902921429776
2025-09-02 23:30:00,14.085086211136,16.4769091444692,496.053040048889,0.322148028083333,0.219234036582928,8.41894576834571
2025-09-02 23:45:00,14.5145602165535,15.7373425679288,519.350047331111,0.31916732475,0.252639910632465,8.25110150934055
2025-09-03,16.6463837144829,14.4684008758363,619.73575203472,0.315025678666667,0.719826269157438,8.24186679168943
2025-09-03 00:15:00,15.7576573635275,13.5772878159363,660.487357781463,0.313846543111111,0.759118321804027,8.04398042423923
2025-09-03 00:30:00,15.5766995136203,13.8169065101036,647.869505598688,0.313769746666667,0.735475893929312,8.12619854061295
2025-09-03 00:45:00,15.0498355458653,15.030655770328,634.232608040689,0.314791962972222,0.449372383056449,7.99740602847253
2025-09-03 01:00:00,14.0146448403392,10.4935764306033,625.405959512248,0.314526945194444,0.423434452630477,7.91147419343529
2025-09-03 01:15:00,14.4708743539775,10.574216216664,589.276945914135,0.315508013194444,0.415508701077051,7.68520796270602
2025-09-03 01:30:00,14.3802496722774,10.5309607071607,572.099147575252,0.316017745194444,0.416980266976833,7.7383579111593
2025-09-03 01:45:00,14.0379094453885,10.5282419496033,549.188546357528,0.317721730527778,0.416503441192429,7.4484198309992
2025-09-03 02:00:00,14.1260660150636,10.5314566428233,524.675969038027,0.320388944305556,0.42196702554926,7.45104606707714
2025-09-03 02:15:00,14.1785746739486,10.5254841400733,510.982779108889,0.32055150075,0.415978665773669,7.54122202505207
2025-09-03 02:30:00,14.2088108960394,10.4342429562433,499.250921695555,0.31930912,0.397616138608013,7.89697352633689
2025-09-03 02:45:00,14.1611051947537,10.4317335641133,497.048443693333,0.322685417666667,0.390028342347839,8.02801198722368
2025-09-03 03:00:00,14.1783822433757,10.4533293526,492.540838077777,0.317996981444444,0.383793513641462,8.09458320778938
2025-09-03 03:15:00,14.2415084828263,10.27394655659,490.512423093333,0.318786651888889,0.394718854705066,8.44128432621042
2025-09-03 03:30:00,14.5175431998437,10.3100671097133,477.975592144445,0.319669894888889,0.3777979812108,8.66484039571056
2025-09-03 03:45:00,14.5898416260437,10.6206296711433,466.207382782222,0.319757845555555,0.2835311947534,8.98196973424244
2025-09-03 04:00:00,14.4864510449584,10.62995476924,435.610437024444,0.322270498888889,0.269590760416297,8.71700024906437
2025-09-03 04:15:00,14.2902884691791,10.62995476924,435.175482977777,0.323585750111111,0.267584348032492,8.87699887547043
2025-09-03 04:30:00,14.5396889212829,10.5896397259567,435.291425533333,0.322810423666667,0.271548285111317,8.87536319587511
2025-09-03 04:45:00,14.3471318102221,10.6447841409267,435.87625188,0.324325400333333,0.268673857574475,9.04843760373836
2025-09-03 05:00:00,14.3955891532147,10.6463703559267,435.309753986666,0.321781226333333,0.264560384913401,8.92195525678726
2025-09-03 05:15:00,14.2554547220103,10.6591494775133,433.724616662221,0.323616779,0.262534944070193,8.88525379924677
2025-09-03 05:30:00,14.3365329421184,10.71688553479,433.646946053333,0.322193177222222,0.243051826559515,8.9597661735223
2025-09-03 05:45:00,14.4085833049732,10.71649355149,433.924913353333,0.318990133888889,0.261454082638493,8.89173465051568
2025-09-03 06:00:00,14.2295400882009,10.71430565019,435.51556311111,0.320537946777778,0.23731609275027,8.89471159296562
2025-09-03 06:15:00,14.019172333349,10.69385369299,436.827694831111,0.321431265444444,0.237083124220081,8.90685701764306
2025-09-03 06:30:00,14.2040100845357,10.69189065783,438.039588237778,0.321552493444444,0.238684829554936,8.80710914841888
2025-09-03 06:45:00,14.0959199960735,10.5975926674233,437.683851417778,0.319574339,0.257920165956793,8.75311683149301
2025-09-03 07:00:00,13.9529273470616,10.6387805411933,437.285207306667,0.320508830333333,0.235949841001207,8.77882629295232
2025-09-03 07:15:00,14.3343974141804,10.59320689945,436.72391586,0.320362420111111,0.230248075433924,8.7356450655768
2025-09-03 07:30:00,13.9761371350723,10.43741440046,436.156336437777,0.320484913666667,0.254277330615766,8.86981325222393
2025-09-03 07:45:00,13.9533341010293,10.5605412122133,434.074979175555,0.320901341666667,0.229643668144016,8.85984940368892
2025-09-03 08:00:00,14.1656592340653,10.36181345784,430.971822806666,0.322051527888889,0.252855807350381,8.72218255122093
2025-09-03 08:15:00,14.0829684654076,10.3557040029,429.402927968889,0.322789103444445,0.252812138027613,9.00858855086709
2025-09-03 08:30:00,13.8675908604476,10.36561037262,427.883907892222,0.318986775222222,0.234982375187574,9.15579140341343
2025-09-03 08:45:00,14.003238690009,10.3691672939667,427.454411245556,0.319831814333333,0.25406772634254,8.9785335886174
2025-09-03 09:00:00,13.8916924392387,10.3689025304867,426.378559154445,0.320870087444445,0.224470132944228,8.93788289014483
2025-09-03 09:15:00,14.0547826312016,10.3271352311967,426.698511767778,0.322199342111111,0.246623842572236,8.90297525756734
2025-09-03 09:30:00,13.8972611928564,10.3657898210333,426.568029038889,0.321983993666667,0.229313535547851,8.9215938940089
2025-09-03 09:45:00,13.8882864334031,10.37067335582,425.829593954445,0.326989461833333,0.224573082125514,9.00016081628744
2025-09-03 10:00:00,13.8675186440194,10.5036851906033,425.422836742222,0.326752612055556,0.220683253104234,9.0897606810588
2025-09-03 10:15:00,13.8286366726964,10.3263076929733,425.329436231111,0.3269699655,0.244559209309783,9.50415477717391
2025-09-03 10:30:00,13.8493442674727,10.3828798089833,425.362240497778,0.326357503722222,0.247020062642512,9.50658244558876
2025-09-03 10:45:00,13.8501077471439,10.5524117438367,425.364795591111,0.327216483055556,0.22328698246544,9.42508121599082
2025-09-03 11:00:00,13.8250087163468,10.4224092725667,425.269429626667,0.326609643722223,0.225346767519669,9.44072298849874
2025-09-03 11:15:00,13.8487815162964,10.4365184488733,425.322185606667,0.327105908944445,0.223794798433966,9.3830588373985
2025-09-03 11:30:00,13.8456220734759,10.4355538150733,425.922483765556,0.321727777388889,0.241941407496993,9.2912688483066
2025-09-03 11:45:00,13.8385462035163,10.4365184488733,426.49865021,0.323901236777778,0.243299370090756,9.18193997349735
2025-09-03 12:00:00,13.8728288793148,10.5697200917567,427.380382763334,0.322742391444445,0.227164414803334,9.49558995631431
2025-09-03 12:15:00,13.8395395000422,10.39409831009,427.754959665556,0.321397930333333,0.249422681401763,9.1898318190749
2025-09-03 12:30:00,13.8522110292259,10.4490994100867,428.065690336667,0.322065911888889,0.227168702577525,9.19570143057908
2025-09-03 12:45:00,13.9132664879222,10.42999881845,430.816009402222,0.324643600777778,0.229525279339437,9.40932018628803
2025-09-03 13:00:00,13.9620359262359,10.45738925645,433.940195522222,0.322718777444444,0.229121641926876,9.46353808259406
2025-09-03 13:15:00,13.9578672786655,10.4915797533467,436.704904011111,0.321327099888889,0.224648148177047,9.51883377238991
2025-09-03 13:30:00,13.943484937336,10.75307731524,437.83432606,0.319450347,0.208391651798384,9.51561976704198
2025-09-03 13:45:00,14.0241796391315,18.494185434528,437.82334216,0.320053549888889,0.204049474836622,9.52559115309273
2025-09-03 14:00:00,14.0384729667594,17.7301458259106,438.093322975556,0.320193832555555,0.194957297263067,9.48535262749654
2025-09-03 14:15:00,14.1088779695616,10.7544149694533,437.263873235555,0.318685732111111,0.202040956526541,9.57294528089667
2025-09-03 14:30:00,14.1221811268868,10.71393829355,435.640841517777,0.320666123222222,0.182141429789829,9.51507342731779
2025-09-03 14:45:00,14.124860500896,10.7486976591233,434.361052893333,0.317490665666666,0.187298323868102,9.50105730474541
2025-09-03 15:00:00,13.7053400920729,10.7086152965533,433.537742213333,0.318219352555555,0.169520536674237,9.76458787884117
2025-09-03 15:15:00,13.466992319689,10.7453538641333,433.35896942,0.317677300777778,0.16714534429719,9.60722118086433
2025-09-03 15:30:00,13.5361176179408,10.7273058560933,433.426560355555,0.318683179333333,0.167807767322025,9.88238415431842
2025-09-03 15:45:00,13.5371776586578,10.6390798967067,433.843825122222,0.318938755333333,0.171277193408443,9.9517851421389
2025-09-03 16:00:00,13.4955125850508,10.72319442266,433.769494846666,0.318466691,0.176035830594365,9.66105566304377
2025-09-03 16:15:00,13.519802802113,10.68407561849,433.538075342222,0.317196658111111,0.177422055932988,9.5539905223261
2025-09-03 16:30:00,13.4401119947677,10.72031756635,433.568113997777,0.315723151666667,0.180896092653274,9.63273163691565
2025-09-03 16:45:00,13.251814352839,10.7241109502333,433.657651539999,0.316032182777778,0.181890228898226,9.92996860094442
2025-09-03 17:00:00,13.2578512226062,10.6950647188533,434.488514186666,0.316401611,0.181576067140839,9.706306476608
2025-09-03 17:15:00,12.7221018269275,17.4205951337302,433.013362719999,0.317994201,0.183571935140196,9.65712611245453
2025-09-03 17:30:00,12.7492265307875,16.9151316530226,432.852293115555,0.318794235,0.191382993852634,9.63435497741704
2025-09-03 17:45:00,12.7575037339252,16.7406484656936,432.237631379999,0.319209067666666,0.193927429854744,9.8833399751063
2025-09-03 18:00:00,12.7173454146156,16.4694955532057,432.391968257777,0.321480586,0.196878623941243,9.95498120093216
2025-09-03 18:15:00,12.7250958534326,17.4266564505421,431.673422173332,0.318717083555555,0.196629678994321,9.76811789623003
2025-09-03 18:30:00,12.6721718140593,17.9264287321412,431.988213924444,0.321049973777778,0.198607126284603,9.69029261443776
2025-09-03 18:45:00,12.6547942978296,17.3890748687423,432.074773064444,0.319537778888889,0.202953256190524,9.67212757086592
2025-09-03 19:00:00,12.6999170305793,17.2784287875452,432.721108526666,0.322995553333333,0.202219688323462,9.50153062484189
2025-09-03 19:15:00,12.7228728084385,17.0293561912682,433.421244375555,0.323286016666667,0.203819242524504,9.87335999832898
2025-09-03 19:30:00,12.7121251125882,17.179982378969,433.687508137777,0.324531209111111,0.203435610277274,9.73722930795406
2025-09-03 19:45:00,12.6742741791259,17.2604308866739,433.238173273332,0.324921890222222,0.204720998891961,9.71177714399706
2025-09-03 20:00:00,12.693652499123,17.35772967619,432.613377584443,0.325915783777778,0.20560642359972,9.57802599170301
2025-09-03 20:15:00,12.7364720870089,16.8717541594575,432.576834553332,0.325765711111111,0.206532708812807,9.7821701236573
2025-09-03 20:30:00,12.7517747397631,16.9886941819837,432.97680077111,0.326289828,0.206858509551755,9.48900355739477
2025-09-03 20:45:00,12.5730744070991,17.3453862936103,433.078062739999,0.326076909333333,0.207385048302912,9.53308675228086
2025-09-03 21:00:00,12.4571558218354,18.1203838973908,433.186107144443,0.324912552444444,0.207244950672482,9.61184118175393
2025-09-03 21:15:00,12.6579076933628,16.5277563433708,433.283357895554,0.324709271111111,0.206594898293016,9.62752334258822
2025-09-03 21:30:00,12.4855498575598,16.9986752679961,436.484757219999,0.322544588444444,0.207679977777994,9.51019346091476
2025-09-03 21:45:00,12.3425966671373,16.6605664954224,436.562633602221,0.323656213111111,0.208383544941505,9.58561508486094
2025-09-03 22:00:00,12.6711204443626,17.1588586386462,436.437024902221,0.324284498888889,0.20719619598665,9.42996591244298
2025-09-03 22:15:00,12.5551100965241,17.4621163434762,436.329574486666,0.32375634,0.207011702834681,9.57788244051592
2025-09-03 22:30:00,12.4902115199581,16.4241271948146,443.939904579999,0.324248854,0.207652796895438,9.42131471379887
2025-09-03 22:45:00,12.5046494872574,16.5541013743838,443.939904579999,0.325193077111111,0.207070395049527,9.29540885934112
2025-09-03 23:00:00,12.5494284960629,17.5509206873043,437.481297615554,0.322185359777778,0.207253417660324,9.19635723730929
2025-09-03 23:15:00,12.9993651136057,17.9146746760833,437.553282075554,0.324212011555556,0.20906836598853,9.1507966846297
2025-09-03 23:30:00,12.9384861003524,17.8585118822291,459.192241395555,0.323863474,0.208873937815034,9.2169094768387
2025-09-03 23:45:00,12.9502656387431,16.9002241515152,467.315305257777,0.321317646222222,0.211597574605225,9.23553865264878
2025-09-04,13.9436366303642,15.6675418320405,435.534506128888,0.322552198527778,0.214820898506037,8.9864417020863
2025-09-04 00:15:00,13.1742175844935,17.1041841368205,435.913601195554,0.320629461111111,0.21179845569572,8.80579774579826
2025-09-04 00:30:00,13.8955832756488,16.4447731906174,432.731604464443,0.322017785333333,0.211737112860715,8.88649833878653
2025-09-04 00:45:00,13.9524822591953,16.8645169497447,432.020436368888,0.321506511111111,0.207987294775801,8.87070509951911
2025-09-04 01:00:00,13.0391062340797,17.1833468935819,432.523136435555,0.321345377916667,0.185850462645705,8.5937070383827
2025-09-04 01:15:00,13.4701283939321,16.8303391119819,432.53533507111,0.321722587472222,0.183775472777049,8.62606834722357
2025-09-04 01:30:00,13.7322312908078,18.2379196280169,432.481460215555,0.326520294888889,0.233957030504706,8.47675519412765
2025-09-04 01:45:00,13.6405883833765,17.7862569901788,432.448234615555,0.326870574888889,0.235570566225222,8.46530865669135
2025-09-04 02:00:00,13.6858233482876,16.7155117257079,432.409667153332,0.325116002,0.237196865578881,8.33789380604944
2025-09-04 02:15:00,13.7016163098802,17.8704941190426,432.555455548888,0.322602052,0.251526450865947,8.32987048899452
2025-09-04 02:30:00,13.8358484717202,17.3656765560721,432.461966608888,0.320054038,0.254383843188017,8.01531798725791
2025-09-04 02:45:00,13.8172300676377,18.0569873619186,432.490575213332,0.320567516666667,0.253859684025611,8.04034868608065
2025-09-04 03:00:00,13.9464089567152,18.5226602411383,432.586368273332,0.318108044,0.230421888173595,7.89402323915569
2025-09-04 03:15:00,13.9636599103626,18.0199502060305,435.669146888888,0.318787287555556,0.26779202389078,7.90579609108608
2025-09-04 03:30:00,14.4889617903582,18.7703297978453,437.218771404443,0.320201274666667,0.252951754128024,7.88942341727919
2025-09-04 03:45:00,14.3693022120927,10.7054325277607,462.688736086666,0.318291691111111,0.273996954773236,7.9958005667352
2025-09-04 04:00:00,14.1492291032188,10.5315693297907,463.528798386666,0.315642797333334,0.287399420427653,7.84685991246703
2025-09-04 04:15:00,14.3524490701428,10.4737854321667,463.763186659999,0.316471272,0.273200469760115,7.76686680866582
2025-09-04 04:30:00,14.2737593911792,10.5064079958633,464.844095835555,0.316857582222222,0.270525938409761,7.85113833735346
2025-09-04 04:45:00,14.6160836144202,10.5100673669833,447.165592126666,0.318941495111111,0.26733810511129,7.81299205078787
2025-09-04 05:00:00,14.6549360585271,10.5174832357667,436.888655559999,0.319494817111111,0.269840874008482,7.8283466925058
2025-09-04 05:15:00,14.5166988519034,10.5630353336633,435.177231046666,0.318969278777778,0.269329912072859,8.0753941461967
2025-09-04 05:30:00,14.661347639253,10.6187958452933,435.393850346666,0.320230399888889,0.269343550037398,8.34995140299026
2025-09-04 05:45:00,14.6635341399641,10.62196648296,435.178165204444,0.320418550111111,0.271774778572967,8.13426106728175
2025-09-04 06:00:00,14.6551753320915,18.565698516159,434.951502326666,0.321473536333333,0.243416154037624,8.27196107748861
2025-09-04 06:15:00,14.5687458968886,10.5730596389167,435.306630155555,0.323103776777778,0.268319679835608,8.03950230045825
2025-09-04 06:30:00,14.2243374571908,10.6131420014867,435.425781497777,0.322812489222222,0.246536900172035,8.27014026302082
2025-09-04 06:45:00,14.2576278796086,10.6048016830167,435.236708557777,0.319823288333333,0.267524371087169,8.27038013723566
2025-09-04 07:00:00,14.5715396791049,10.5854467772033,433.636539848888,0.320360354555556,0.264241869232934,8.28599134988368
2025-09-04 07:15:00,14.3129334536412,10.5858387605033,433.63301089111,0.320013392111111,0.263762371755564,8.2231968045283
2025-09-04 07:30:00,14.5558764437315,10.75245223899,433.525975762221,0.319865695222222,0.240898570662057,8.19884467759226
2025-09-04 07:45:00,14.1068419271197,10.5858387605033,433.634516373332,0.320966122555556,0.262851092896608,8.20985779639733
2025-09-04 08:00:00,14.4113901476204,10.75245223899,433.629028668888,0.320851002111111,0.235688854611309,8.22312295115996
2025-09-04 08:15:00,14.2705306621093,10.6259211230733,433.658345642221,0.319668044111111,0.239784313287963,8.44914086634171
2025-09-04 08:30:00,14.2377434118871,18.6318306737086,433.315228026666,0.318999171888889,0.234123603265687,8.26065839534987
2025-09-04 08:45:00,14.3810472088767,18.9404184793792,434.109156608888,0.318413784111111,0.234772012753349,8.27527796878401
2025-09-04 09:00:00,14.2360118635342,18.4171626525295,436.020542635555,0.319288079888889,0.236411675566376,8.40352344039771
2025-09-04 09:15:00,14.1289581483638,18.5251979332338,435.959970755555,0.318700973888889,0.228878276924636,8.37359387244411
2025-09-04 09:30:00,14.4007069429149,10.64060294988,435.550646882221,0.319268346111111,0.232467055963985,8.21363530363285
2025-09-04 09:45:00,14.1995259282987,10.59894953545,438.074990644444,0.319800622333333,0.250064817993816,8.72815461223268
2025-09-04 10:00:00,14.3348908389538,10.5702240600433,436.426642002222,0.319755558777778,0.230890763754407,8.9075934151826
2025-09-04 10:15:00,14.0437625957567,10.42733956933,434.072135155555,0.321232405666667,0.234375369969932,9.16372019062479
2025-09-04 10:30:00,14.0987629899701,10.5605320175433,435.139714157777,0.320971262111111,0.230678296409865,9.25796286034415
2025-09-04 10:45:00,14.1101391551434,10.38724801209,434.826362964444,0.320914822111111,0.255978702149292,9.28936187590232
2025-09-04 11:00:00,13.9601945590989,10.49027316027,436.076200486666,0.319876232111111,0.257446638271492,9.89518614411964
2025-09-04 11:15:00,13.953886972229,10.7109857470033,437.598132877778,0.320443273888889,0.234580491038775,9.89230547107661
2025-09-04 11:30:00,13.9961720467966,18.4664965697433,437.924743013333,0.320748653222222,0.230410102367596,9.96676226772041
2025-09-04 11:45:00,14.0073822321803,10.71430565019,437.641454675555,0.320197494555555,0.234893399668047,9.94636096278623
2025-09-04 12:00:00,13.9920304525981,18.5439239485462,435.429392177777,0.319831489,0.234382546103081,10.0044720045964
2025-09-04 12:15:00,13.9826489026136,10.7172798481233,433.27630975111,0.318758321666667,0.241686914493669,10.3705625153947
2025-09-04 12:30:00,14.0348101976477,18.5548269305379,433.86222158,0.321243507444444,0.238232430338701,10.5203117484496
2025-09-04 12:45:00,14.1092189749603,10.6992318400833,433.953872977777,0.321977116555555,0.24218315290498,10.9914275166638
2025-09-04 13:00:00,14.1113259230255,18.1821468584377,434.371235735555,0.321540651666667,0.237615685906566,11.3232946163359
2025-09-04 13:15:00,14.1872854468107,10.7131183368967,435.22615091111,0.320746269222222,0.260111838116062,11.7030883557866
2025-09-04 13:30:00,14.1803676841588,18.1792800889886,436.060200337777,0.320559891666667,0.238274268412388,12.1004180952064
2025-09-04 13:45:00,14.1894408583751,10.6445145739933,435.650774282222,0.322201856111111,0.261176112197002,12.4858217262113
2025-09-04 14:00:00,14.2432172499692,10.6890273157133,436.347863664444,0.321735532777778,0.243233403397833,12.3276142796255
2025-09-04 14:15:00,14.2414045714507,10.6890273157133,437.070979153333,0.321944486777778,0.242588149767649,12.7845898914522
2025-09-04 14:30:00,14.2414045714507,10.6890273157133,437.330590113333,0.321035543222222,0.246385784693839,12.9185291110009
2025-09-04 14:45:00,14.2414045714507,10.6489449531433,437.298582926666,0.321524828555556,0.266599283189772,13.1545843355703
2025-09-04 15:00:00,14.2515861301781,10.6694831395,438.181993482222,0.320536915444445,0.263058610223431,13.099711431119
2025-09-04 15:15:00,14.2424459552596,18.2639106162918,436.657361259999,0.320273002666667,0.245063391051738,13.166978421394
2025-09-04 15:30:00,14.2492202426966,18.1178534375736,436.392325557777,0.320435071444444,0.243068516967403,13.1772938415825
2025-09-04 15:45:00,14.2483703700833,10.65666560821,436.525875284444,0.321701024777778,0.262520554876029,13.3330896443614
2025-09-04 16:00:00,14.2200025052947,10.5889381708433,439.531928304443,0.321529669333333,0.254887363179029,13.3616704428158
2025-09-04 16:15:00,14.2081747267536,10.7485277638467,440.114700586666,0.322431450444445,0.233372272970882,13.2492583255005
2025-09-04 16:30:00,14.1896429447254,10.7485277638467,446.664556502221,0.320939925333333,0.233838231834821,13.2408064881372
2025-09-04 16:45:00,14.008606517198,10.59196341443,462.715053648888,0.321329848888889,0.255505447203975,13.1394990635418
2025-09-04 17:00:00,13.995824790841,10.5823647345733,464.1991562,0.320397003333333,0.254559921878797,13.1572409442475
2025-09-04 17:15:00,13.6542161859825,17.6329839124952,463.844843544444,0.319975551111111,0.253054505294102,13.1949547852165
2025-09-04 17:30:00,13.6041870284047,17.7656939227142,466.070603348889,0.322990668888889,0.247293281547837,13.1342492308661
2025-09-04 17:45:00,13.6358732132328,17.5715568443432,467.453242031111,0.323737020444444,0.260298377295153,12.9285977720409
2025-09-04 18:00:00,13.6073962592288,17.3253114826643,466.368870333333,0.319727650444444,0.248638394052654,12.9719029054942
2025-09-04 18:15:00,13.5956110464155,16.6108118021949,466.498057244444,0.321280524222222,0.248010214102923,12.731386104033
2025-09-04 18:30:00,13.6063187949355,17.3082951283502,467.43942944,0.321771245333333,0.242199161894601,12.7271663197859
2025-09-04 18:45:00,13.4434432685711,17.6741548018494,469.502273568889,0.321707227555555,0.224272740412402,12.7817587118971
2025-09-04 19:00:00,13.5927268916029,10.74737070514,470.756353202222,0.324056447333333,0.242594321452367,12.3819128176064
2025-09-04 19:15:00,13.2184213062306,10.7453122999233,472.802415371111,0.324825330444444,0.215429962858166,12.4369375729414
2025-09-04 19:30:00,13.1597518283861,10.6871834348733,476.029822555556,0.325053648444445,0.213073183805887,12.4458881529117
2025-09-04 19:45:00,13.1628458825091,10.6851487780733,477.834094113333,0.326173914888889,0.241295574687696,12.4165911468261
2025-09-04 20:00:00,12.7715349939295,17.9894506906821,478.481360048889,0.326620613777778,0.210586711268833,12.5459456118743
2025-09-04 20:15:00,12.8257502418333,17.1732083202238,479.074207546667,0.325617924444444,0.209976145691549,12.26390566733
2025-09-04 20:30:00,12.8203823571164,17.4914933409582,478.7516197,0.325894572888889,0.211191258148757,12.389609672635
2025-09-04 20:45:00,12.8405405905964,17.747385473671,479.126874082222,0.324953746444444,0.210540444744539,12.4905188374276
2025-09-04 21:00:00,12.8422908473486,17.6712910441463,479.497613808889,0.323811159555555,0.213439098418684,12.356656599083
2025-09-04 21:15:00,12.8757372843591,17.5957129403788,480.514256328889,0.323853583333333,0.210886110775606,12.2442733027371
2025-09-04 21:30:00,12.7866274350252,16.8926581865406,480.264069342222,0.323773957555555,0.213431005211501,12.0401798435378
2025-09-04 21:45:00,12.8190584497967,17.303245244838,479.313493033333,0.322204571111111,0.211952219057917,11.9009839762279
2025-09-04 22:00:00,12.8653336014648,16.5064274570128,478.892772097778,0.322295108444444,0.210284078343384,12.0230276997445
2025-09-04 22:15:00,13.0035834559287,17.336131478182,478.730164164444,0.323289499111111,0.212437512168774,11.6296709034835
2025-09-04 22:30:00,12.9514229304279,17.3381674536217,478.374956208889,0.324086161333333,0.212340940932757,11.5637393194286
2025-09-04 22:45:00,12.8485528269209,15.8514401873829,475.908945882222,0.322864153777778,0.210997614414953,12.2007901491668
2025-09-04 23:00:00,12.973393398752,18.0474595846426,470.824267364444,0.322306592222222,0.213892190885693,12.2472983466116
2025-09-04 23:15:00,12.9828234815835,17.2015739714869,469.308751273333,0.321649888,0.212887953412059,12.0672069242236
2025-09-04 23:30:00,13.8558711818398,16.4878482705871,462.267363795555,0.320591068444445,0.21379236038318,11.6105430553055
2025-09-04 23:45:00,13.0370639150046,17.659052916844,435.73519643111,0.321022767777778,0.212138863555534,11.1316476742531
2025-09-05,12.9784043765642,17.5834161085896,431.957935695554,0.322575602,0.207588409521563,10.8848960428488
2025-09-05 00:15:00,13.7738607892998,17.2077772599071,432.330811446666,0.320471532805556,0.193134970898507,10.4053500693811
2025-09-05 00:30:00,12.8473195998219,16.6273204905461,430.250895479999,0.326274376361111,0.182980743979286,10.2907370810525
2025-09-05 00:45:00,12.746345627393,16.3749190997558,433.969005493333,0.325325940805556,0.166292339164061,10.2027472412479
2025-09-05 01:00:00,12.6450989487801,17.0993598608182,436.882005117778,0.327389876222222,0.162534803139539,9.72889290958594
2025-09-05 01:15:00,12.7111847136707,16.7900829332521,437.474504253334,0.328303757916666,0.161780144701998,9.57639336798601
2025-09-05 01:30:00,12.5990546214934,17.0798530790638,436.787424055555,0.32800596,0.156871890406163,9.54729292931919
2025-09-05 01:45:00,12.5222771692785,16.8810710152309,434.350057926666,0.328067678222222,0.151826752381438,9.43517834217869
2025-09-05 02:00:00,12.5175309612904,17.1361048432409,428.753646148889,0.332369475777778,0.156302464599695,9.31714596388654
2025-09-05 02:15:00,12.3459103384208,10.6944534614933,423.889369396667,0.329772714666667,0.157896575743533,9.53315772436433
2025-09-05 02:30:00,12.5129688256756,10.6760064262833,423.751679761111,0.329701826222222,0.1576206060373,9.34504808116538
2025-09-05 02:45:00,12.3509232324607,10.6673056516567,423.301668487778,0.328714081777778,0.166068670597156,9.22867006242536
2025-09-05 03:00:00,12.6455714579304,10.6809305215733,423.103499454445,0.327913309777778,0.160823439941788,9.33684076109144
2025-09-05 03:15:00,12.5571678106119,10.67995710534,423.167671414445,0.326357901333333,0.162607793514751,9.38285142440129
2025-09-05 03:30:00,12.6424345835526,10.6812144988667,423.275991018889,0.327120441333333,0.159671930372984,9.35364803884354
2025-09-05 03:45:00,12.826540457237,10.68082011384,423.418695741111,0.327272780888889,0.153963231227805,9.02745338002852
2025-09-05 04:00:00,12.8186748694958,10.5990963454733,424.269138307778,0.324491020222222,0.14317811907377,9.16617666699347
2025-09-05 04:15:00,12.8865166988613,10.62585588214,424.582989481111,0.324308531666667,0.141344227505804,9.19680696616658
2025-09-05 04:30:00,12.8307626966393,10.6060876284133,424.272175303334,0.325820182111111,0.0973238946495765,8.97758023352331
2025-09-05 04:45:00,13.6828778096575,10.4160768334367,425.614796772223,0.325415628,0.157813999570799,9.36804673129736
2025-09-05 05:00:00,13.8061205502522,10.46200761552,426.472291292222,0.324950346,0.199753267266277,9.16752283741401
2025-09-05 05:15:00,13.8789532086948,10.34222456291,426.701417852222,0.324927242888889,0.215357031775039,9.55313040327172
2025-09-05 05:30:00,14.0824926035674,10.34900737956,426.574602185556,0.324784979555556,0.223492980363025,9.48892177324459
2025-09-05 05:45:00,13.9587192718651,10.3863862761467,425.621351918889,0.3274045735,0.217669333782537,9.1882521001772
2025-09-05 06:00:00,13.969551137467,10.3863862761467,426.125181554445,0.323788793111111,0.233743720688014,9.31139745599427
2025-09-05 06:15:00,13.9688157372122,10.3831224729933,426.250388283334,0.32225655,0.241220465469832,9.07427343591433
2025-09-05 06:30:00,13.9693655328295,10.3866510396267,426.285890347778,0.323640912888889,0.238723133299493,9.30644976746609
2025-09-05 06:45:00,14.0849206282437,10.4290051846967,426.387735854445,0.322908273444445,0.242047663045977,9.42619067463761
2025-09-05 07:00:00,14.301074019267,10.38741851676,426.997290565556,0.322842979222222,0.251915870091008,9.14767800245798
2025-09-05 07:15:00,14.5067941074014,10.7014773469767,434.432913968888,0.319936562333333,0.243745558470491,9.26278118011647
2025-09-05 07:30:00,14.1493662297128,10.46178398609,431.355800202222,0.323118882111111,0.233830740119618,9.22768720504834
2025-09-05 07:45:00,14.0725230422505,10.40660838452,430.840256591111,0.322935503222222,0.257218320404261,9.16812783934622
2025-09-05 08:00:00,14.2448755768239,10.44011456855,430.504397555555,0.324700596111111,0.237051889217613,9.25532066124482
2025-09-05 08:15:00,14.1933931640965,10.3781394637067,428.095669994444,0.324014747222222,0.259070521543486,9.499032954623
2025-09-05 08:30:00,14.2971790645172,10.3785557868933,427.946103116667,0.323538931222222,0.258949618531198,9.49230605326319
2025-09-05 08:45:00,14.1314240470239,10.3789691348067,427.903624158889,0.323617657222222,0.257005860817147,9.53120580177873
2025-09-05 09:00:00,14.1163850570905,10.3819436912067,427.468487178889,0.322545758333333,0.257070121961455,9.85150867141354
2025-09-05 09:15:00,14.2403240094668,10.41946516791,426.918109672223,0.324538224777778,0.252191579397154,9.71601733512439
2025-09-05 09:30:00,14.3589554049394,10.5537233912933,426.739698518889,0.324552016555556,0.229057606914135,9.92718911127168
2025-09-05 09:45:00,14.018026726572,10.42062982611,426.360258721112,0.323026028111111,0.226394548274385,9.94871235874681
2025-09-05 10:00:00,14.3425182071409,10.43615860211,426.120687714445,0.325344239388889,0.223921964827413,10.0955571136644
2025-09-05 10:15:00,14.1590483442061,10.3885972447767,425.939092447778,0.3262660625,0.244186569723409,9.97260439468943
2025-09-05 10:30:00,14.1256058278002,10.3884749717967,426.22510601,0.321706893222222,0.244796024359192,10.1058949934779
2025-09-05 10:45:00,14.0256079682981,10.56202374073,426.752376358889,0.323243032333333,0.22474936288155,10.3486681309962
2025-09-05 11:00:00,14.1073508428966,10.4288220978467,427.420593396667,0.322125249222222,0.251552799877341,10.5257784914402
2025-09-05 11:15:00,14.0531290454092,10.3873269285267,427.618258601111,0.322256173222222,0.250645136550086,10.8665122668359
2025-09-05 11:30:00,13.9805248237633,10.3855649752433,427.929664514444,0.322061963222222,0.25111104148863,11.3910394187661
2025-09-05 11:45:00,14.0061941533045,10.3785225570333,430.61033416,0.322918447444445,0.252892935312283,11.8079686721386
2025-09-05 12:00:00,14.0557206585114,10.62275566525,433.224815188889,0.321291038555556,0.226848688555815,12.5819949793714
2025-09-05 12:15:00,14.0438484008492,10.4382293744267,435.054289813333,0.320526216,0.249471918864513,13.3147926944693
2025-09-05 12:30:00,14.0523345237366,10.7026303191633,437.23159798,0.320889324555556,0.249779123322887,13.8444383696156
2025-09-05 12:45:00,14.0508517911615,10.65636637816,437.60274986,0.319663393777778,0.249753095800525,14.2160337381598
2025-09-05 13:00:00,14.0849797572199,18.7941811192162,437.723671637778,0.319663980444444,0.22859018061831,14.8765855685513
2025-09-05 13:15:00,14.0899826193607,10.69698450501,437.685410933333,0.319033458444444,0.250970197841352,15.4123792757957
2025-09-05 13:30:00,14.0955214124807,10.69894754017,435.388398186666,0.318142953555555,0.254062535446019,15.7303001887911
2025-09-05 13:45:00,14.0797316041324,10.6614450622,432.817753108888,0.317916327555555,0.26042820037981,15.9988590760129
2025-09-05 14:00:00,14.0656335995591,18.4576458530696,432.998257433333,0.317660297111111,0.237308918155708,16.103481378121
2025-09-05 14:15:00,13.8930541894584,10.71196853714,432.569401746666,0.317692328888889,0.243348542597014,16.3752557216515
2025-09-05 14:30:00,13.9091717292514,10.70278687948,432.664391053333,0.318954228888889,0.264613540548145,16.4767640651772
2025-09-05 14:45:00,13.6399892589247,10.7034816774967,431.800459133333,0.318505308,0.262810806204056,16.5116507642302
2025-09-05 15:00:00,13.5775656896669,16.4163484501129,432.029200417777,0.316679469777778,0.265432082174072,16.5899104328516
2025-09-05 15:15:00,13.6007635114106,17.3052066981037,431.485922557777,0.320941154444444,0.267741239162545,16.2768576726324
2025-09-05 15:30:00,13.6338600456299,16.8562622754468,431.557704273332,0.320654536888889,0.268915081226915,16.180924111582
2025-09-05 15:45:00,13.6352057200195,17.3253189421671,432.53612299111,0.320862929111111,0.264753534924121,16.2017247831501
2025-09-05 16:00:00,13.5900679044165,17.6879902484236,432.532080575555,0.320054036444444,0.25226358964659,15.9046663029448
2025-09-05 16:15:00,13.5855117711617,16.7225264440805,432.725818366666,0.319280069333333,0.250482468494616,15.9312037249731
2025-09-05 16:30:00,13.6081707827662,16.5597828669638,432.882508788888,0.318371882666666,0.24997107152303,15.988219182652
2025-09-05 16:45:00,13.5957551832684,17.0386812338856,433.549150399999,0.322919355555555,0.246498585004988,15.9144161721121
2025-09-05 17:00:00,13.6030905631099,18.0619184478052,433.275978555555,0.323746782666667,0.222349745659048,15.9466659117014
2025-09-05 17:15:00,13.6104416927336,17.1630844399917,433.287123977777,0.323958840888889,0.240316975660232,15.6843068473001
2025-09-05 17:30:00,13.5609408283395,17.6388921968247,433.598049688888,0.328378148888889,0.23894613392263,15.4704494530881
2025-09-05 17:45:00,13.5709860941632,17.4943792317518,432.683489844443,0.327859845555556,0.241872517170981,15.4294212565675
2025-09-05 18:00:00,13.5736014814521,17.2591385877242,432.475278777777,0.327389057555556,0.238521886537714,15.2082203827011
2025-09-05 18:15:00,13.6357696034448,17.2134409307195,432.745518297777,0.326595140222222,0.240212769735255,14.9958437548258
2025-09-05 18:30:00,13.6034665953706,17.2549324988843,432.391878235555,0.327890272444445,0.237559481747805,14.8882523989365
2025-09-05 18:45:00,13.6201194949213,17.6012514471207,432.209965786666,0.325753410666667,0.232523244158911,14.7463258604309
2025-09-05 19:00:00,13.6396286868872,17.5400697700582,431.938160884443,0.323785042222222,0.225559386298203,14.6915127435217
2025-09-05 19:15:00,13.6293030373184,17.2201177293155,432.211788117777,0.324891995333333,0.226658448375278,14.6732455886616
2025-09-05 19:30:00,13.6312792502206,16.9206762558611,432.475471933332,0.324606465111111,0.225766855419354,14.482170625452
2025-09-05 19:45:00,13.7494124089037,17.3157348305674,432.087044686666,0.325567331777778,0.226954308560926,14.4297768908158
2025-09-05 20:00:00,13.6354627241332,17.39433443457,432.02040263111,0.325300622222222,0.22117019191829,14.4268885877329
2025-09-05 20:15:00,13.6247999505613,17.9240382714632,432.140962382221,0.323125624833333,0.217949752006733,14.3564546821935
2025-09-05 20:30:00,13.7737190597777,18.201581375426,431.703531815554,0.319320768333333,0.218297553415858,14.1823919591987
2025-09-05 20:45:00,13.7042677872059,17.1211179871834,431.956347368888,0.318959225666667,0.212936495532857,14.0684955654521
2025-09-05 21:00:00,13.4054918985003,18.2657321673738,434.96878225111,0.320073110555556,0.216838307856408,14.0564036184264
2025-09-05 21:15:00,13.7787780232133,17.0912819442367,435.378074217777,0.320047788111111,0.221136051565885,13.9897280743111
2025-09-05 21:30:00,13.6760367282487,17.2702115356346,437.34084681111,0.317678646555556,0.223616452984491,13.6862957202234
2025-09-05 21:45:00,12.8975503052184,18.4860113140681,459.313357475555,0.317188104194444,0.211955077578946,13.7526231925738
2025-09-05 22:00:00,12.9434933537933,16.9939174812831,462.132610242222,0.317295365527778,0.211346458163923,13.642978711235
2025-09-05 22:15:00,13.0579244436895,17.9694940821487,465.857070026666,0.317306013972222,0.216004062019157,13.4960734590915
2025-09-05 22:30:00,12.9690423005443,18.028431867431,463.829281928888,0.318137704194444,0.215008212615956,13.5370480498598
2025-09-05 22:45:00,12.9906611101805,17.4896746795134,463.168731199999,0.31721737775,0.216019228785891,13.706454437726
2025-09-05 23:00:00,12.9844480690546,17.2129868870366,462.007849784444,0.316025013305556,0.216183183405994,13.6642171441052
2025-09-05 23:15:00,13.0019801246783,18.1838743596419,459.409381699999,0.317956925083333,0.216665581423343,13.4681065704915
2025-09-05 23:30:00,13.0692730128022,17.967039543416,462.717487242222,0.316973491972222,0.212842319334233,13.515230744275
2025-09-05 23:45:00,13.3858266622751,17.3338708426358,463.071956753333,0.316896194194444,0.220477233603413,13.4068977612528
2025-09-06,13.6742458360739,17.8516256890881,458.898782286666,0.316993192638889,0.224376001043392,13.5005456145405
2025-09-06 00:15:00,14.5157682448134,17.8314286029418,436.84791933111,0.315136436888889,0.228168560493706,13.2223054726455
2025-09-06 00:30:00,13.793668944824,17.4233052253047,432.054156235555,0.317180468416667,0.224795383996825,12.9194675641258
2025-09-06 00:45:00,13.7699288585914,17.237622311145,432.88491041111,0.316710564861111,0.226666930503361,12.4950465211894
2025-09-06 01:00:00,13.7158832329351,17.5492951321298,432.566889075555,0.320150786472222,0.217497755214136,12.4263182278374
2025-09-06 01:15:00,13.7504602476281,17.7369743496297,431.996980248888,0.319857650916667,0.208580481930704,12.0067931044514
2025-09-06 01:30:00,14.6094589469481,17.5165925552214,429.513412848888,0.317627277833334,0.209274011773913,11.8295854257936
2025-09-06 01:45:00,13.7485013871592,17.6135155051346,430.256812308888,0.322986788805556,0.214060048890883,11.5351797705232
2025-09-06 02:00:00,14.5251825393151,17.050452434109,429.022790239999,0.322171272361111,0.198422768212049,11.3778602211058
2025-09-06 02:15:00,13.4769913017537,16.3145376423038,429.983735019999,0.324144809027778,0.196276751636316,11.130302907423
2025-09-06 02:30:00,14.6068330505454,17.2256007717836,437.03460782,0.324033729472222,0.178880080973697,10.7280866781765
2025-09-06 02:45:00,13.2927403867567,17.303200412064,436.423488064444,0.324030282666667,0.149868942713196,10.1586416006457
2025-09-06 03:00:00,13.2229692209261,17.7562117387289,429.535887948889,0.328135344888889,0.0611499228635426,10.1164408075539
2025-09-06 03:15:00,13.7523013591887,16.4468249626246,423.738298588889,0.329562511555556,0.13837847269192,9.98291818952166
2025-09-06 03:30:00,12.9622791800699,17.2759864348314,423.58969383,0.325982811555556,0.140163127743561,9.57005419632495
2025-09-06 03:45:00,12.8930945073849,16.734567805291,422.573103287778,0.327241187555556,0.148517690853064,9.58461943660927
2025-09-06 04:00:00,12.7728612840154,10.7292168579352,422.330584532223,0.332719011333333,0.0870550767819278,9.38485959202976
2025-09-06 04:15:00,12.7161021976607,10.6927971483367,421.624091834445,0.330222738388889,0.0900633661807065,9.29125128201871
2025-09-06 04:30:00,12.5171747186593,10.67456671661,421.177468741111,0.331289894388889,0.0777060587172367,9.28506140099771
2025-09-06 04:45:00,12.6723336725704,10.6994726759133,421.108593815556,0.331200365055555,0.0888349500484108,9.2704367151617
2025-09-06 05:00:00,13.0155978900842,10.6960844669033,421.159496948889,0.330540117277777,0.140137704030623,9.29504798640837
2025-09-06 05:15:00,12.9720137952545,10.6825681586167,421.115677704445,0.331089519277778,0.141606375597434,9.26174431677811
2025-09-06 05:30:00,12.6309029486482,10.6902230708967,421.110485113334,0.332062319055556,0.142950357166844,9.29658758581772
2025-09-06 05:45:00,12.7986722452927,10.5985233365067,422.104723957778,0.3273335135,0.141597517072525,9.23577312635274
2025-09-06 06:00:00,12.7496514670941,10.5984010635267,422.77178386,0.328036260722222,0.138517660147626,9.28697285985422
2025-09-06 06:15:00,12.8060486327104,10.58726267972,422.980150451111,0.328027712055556,0.112303941321199,9.27607812153893
2025-09-06 06:30:00,12.8592732825095,10.5059576362667,423.481760244445,0.326787294055556,0.141017847789408,9.41695491290189
2025-09-06 06:45:00,13.1333828650256,10.4431826668267,424.708864282222,0.328320587388889,0.117920961506721,9.09174207207588
2025-09-06 07:00:00,13.0245319817086,10.4448235121467,424.603252051111,0.328037020055556,0.107472628014688,9.47771084586669
2025-09-06 07:15:00,13.2067818606982,10.41167077625,425.082934322222,0.327722852277778,0.118045379108434,9.77879103882311
2025-09-06 07:30:00,13.5125911240227,10.4055588837367,425.325333811112,0.328590198722222,0.134000428557624,9.6814654107774
2025-09-06 07:45:00,13.5597863050851,10.3856002662867,425.466190868889,0.328952226611111,0.1251510748667,10.1884574845081
2025-09-06 08:00:00,13.4757617641532,10.3813631365167,425.444337108889,0.328816557722222,0.124034758062374,10.2118919654387
2025-09-06 08:15:00,13.5528977515377,10.3878561328667,425.348672426667,0.327249477833333,0.101150362344278,10.5110535017613
2025-09-06 08:30:00,14.0243871713592,10.3823663054833,425.671917026667,0.327191840611111,0.151716434455011,10.6496936531258
2025-09-06 08:45:00,14.0739894602466,10.3904876366667,425.779599855556,0.327934772611111,0.18452340342718,10.9752837932008
2025-09-06 09:00:00,13.9323154680601,10.3852443985033,425.479095864445,0.328342850833333,0.200342230248291,11.1316209729231
2025-09-06 09:15:00,13.9984691192912,10.3564823415733,425.482728431111,0.327315396388889,0.20874674220034,11.5043530146545
2025-09-06 09:30:00,13.9667470384021,10.3909765493533,425.447472304445,0.327316669722222,0.181615719407022,11.7206198407446
2025-09-06 09:45:00,14.0270346567384,10.4267927822,425.693661022222,0.328084626833333,0.184488975249319,11.7906717911277
2025-09-06 10:00:00,13.915260680222,10.4235888071333,425.466513544445,0.3274446105,0.184940693178779,12.5194699505416
2025-09-06 10:15:00,13.9080082902754,10.4267492643467,425.408611153334,0.327151253611111,0.184272658447532,13.1337551099451
2025-09-06 10:30:00,13.9123098229781,10.4267492643467,425.16922466,0.3275619525,0.15099322121041,13.2688520637977
2025-09-06 10:45:00,13.455007348588,10.4235500927333,425.14591724,0.327679576944444,0.101569314304536,13.1865850525921
2025-09-06 11:00:00,13.1634621787501,10.4065135163167,424.968473344445,0.3274566285,0.103999592232396,13.0794710135598
2025-09-06 11:15:00,13.1894970304834,10.4118477691667,425.028650795556,0.326845439166667,0.138846649049069,13.1544110034741
2025-09-06 11:30:00,13.2252792702375,10.41623009586,426.198179207778,0.319895687666667,0.152019095433951,13.108759677763
2025-09-06 11:45:00,13.040581539916,10.4399943926,427.123452201111,0.318953857222222,0.159698129498822,13.2538892496664
2025-09-06 12:00:00,13.0728542801516,10.4743485116067,429.963545542222,0.320496941666667,0.158697247287511,13.4590131478924
2025-09-06 12:15:00,12.9123839387708,10.5031082564267,431.634796006666,0.318713161,0.157872839596674,13.5375061142777
2025-09-06 12:30:00,12.6178598545697,10.6871666227867,435.124857486666,0.320656951444444,0.157934094262802,13.8310966334127
2025-09-06 12:45:00,12.627011234725,16.9498551078056,435.742565866667,0.320205489666667,0.157514201005518,13.8387834318914
2025-09-06 13:00:00,12.6310264886509,16.6924393197323,436.204531184444,0.318151265,0.161601142789647,13.8321199018186
2025-09-06 13:15:00,12.6709352055487,16.3991528235542,435.797149713333,0.319063422,0.160496721088984,14.0380516059793
2025-09-06 13:30:00,12.6837670028746,16.531348353933,434.988756906666,0.320117767555555,0.163715108570529,14.0321719706938
2025-09-06 13:45:00,12.6115502909108,16.4627121600098,432.211294944444,0.317666374666666,0.170183409123369,14.1310990973834
2025-09-06 14:00:00,12.7019794996178,16.6710016184491,429.238806508888,0.319793459555555,0.184635839013262,14.3364521962428
2025-09-06 14:15:00,12.7026653077244,16.8238807219154,429.937390328888,0.321199173111111,0.187808621047089,14.2805213321853
2025-09-06 14:30:00,12.6307313325111,15.9165643783231,430.542556915554,0.320555345111111,0.191231781265243,14.6571957269584
2025-09-06 14:45:00,12.6573479685452,16.1430648847141,430.517715562221,0.319207967555555,0.191220146696954,14.6346441891798
2025-09-06 15:00:00,12.6306871954993,15.3157044329711,431.621732942221,0.323148859777778,0.189715608207352,14.9477964234939
2025-09-06 15:15:00,12.6977814045719,15.8081367179513,432.598675813332,0.322394523555556,0.194376401926133,14.914935580328
2025-09-06 15:30:00,12.7471979623141,16.0255369612273,432.247504139999,0.32399902,0.204782886331458,15.3626062652519
2025-09-06 15:45:00,12.8877764366434,16.5180410687987,433.076121108888,0.324337881555556,0.202497571917025,15.814236199704
2025-09-06 16:00:00,12.6522609940963,15.6601026044292,433.56214045111,0.329276155111111,0.204435722700932,15.9327390073483
2025-09-06 16:15:00,12.6066364865934,15.7259339143892,436.639845295554,0.329066420444444,0.205466415555881,16.3119557732706
2025-09-06 16:30:00,12.787852276799,14.9909043416552,444.20918059111,0.326508378888889,0.206255252135864,16.4590081440119
2025-09-06 16:45:00,12.7875317405146,15.124260574286,462.148257064444,0.326163524,0.207390801142706,16.3398868023382
2025-09-06 17:00:00,12.6652773479071,15.3810652211653,467.318205982222,0.325174354,0.210477822591114,16.4635209914321
2025-09-06 17:15:00,12.6736223537913,15.1564919546513,473.375352617778,0.324969631111111,0.211549163475201,16.4225174509073
2025-09-06 17:30:00,12.9626858535513,16.3302094989381,476.255766248889,0.324577205777778,0.210813127635952,16.6886704760379
2025-09-06 17:45:00,12.688330097558,15.7005679682584,473.427385444444,0.324689880444444,0.210443155896552,16.9396090534067
2025-09-06 18:00:00,12.9267930803723,15.4072728313539,473.440095133333,0.325488456222222,0.211401808635906,16.858798035236
2025-09-06 18:15:00,12.6426349912059,14.7850915937183,476.685074833333,0.323948126222222,0.211564908913402,16.6931515009708
2025-09-06 18:30:00,12.8671129490335,15.0810687098243,479.31666888,0.323858939777778,0.210393272837111,16.7921798721169
2025-09-06 18:45:00,12.9086772519435,16.015418533088,479.912335966667,0.324104731777778,0.210992560867451,16.6862211257496
2025-09-06 19:00:00,12.8269474936131,15.9356214607944,479.90313762,0.323574607333333,0.210758969367545,16.9236906566278
2025-09-06 19:15:00,12.9235229161132,14.7627804178661,478.954096542222,0.323478412444444,0.212054286812126,16.7786533966632
2025-09-06 19:30:00,13.0722655865946,16.8831628505541,478.679813982222,0.324354576,0.212030057432845,16.8392783468378
2025-09-06 19:45:00,12.8077941405685,16.1570493000222,479.507281746667,0.323553558666667,0.211040404170922,16.881864054498
2025-09-06 20:00:00,12.8836577053894,15.9910552409951,479.519452695555,0.323430246666667,0.210744254470274,16.7536453670842
2025-09-06 20:15:00,13.0254843403938,16.5943649644788,480.548233137778,0.318715441694444,0.209742750072512,16.7799834917536
2025-09-06 20:30:00,12.6856988361522,15.6819056692547,478.67512116,0.319990213027778,0.209493236113232,16.6313308787155
2025-09-06 20:45:00,12.6764771933048,15.7564352127513,477.039687731111,0.319654124583333,0.208992841035305,16.620807370257
2025-09-06 21:00:00,12.68660144745,16.1425768401419,471.014968284444,0.321014542583333,0.215084032658038,16.5693510243063
2025-09-06 21:15:00,12.8382980656856,17.2319040273588,473.455637637777,0.318949312638889,0.216564232869322,16.4680983895853
2025-09-06 21:30:00,12.6787978322263,15.708085995362,473.499540377778,0.320319772194445,0.216796029812799,16.5898144973232
2025-09-06 21:45:00,12.8040985953835,15.6367936230192,470.845252157778,0.318868687527778,0.217118354130368,16.4112546097299
2025-09-06 22:00:00,12.8339001997863,16.4551296017251,469.7634495,0.318567319083333,0.216698607653676,16.53059798318
2025-09-06 22:15:00,12.606534229927,15.4067616924694,469.435335548889,0.31952217575,0.216539777874434,16.4408652595973
2025-09-06 22:30:00,12.8365374180131,15.4196290309496,467.24026904,0.317640756861111,0.216482943469211,16.5753351376541
2025-09-06 22:45:00,12.8262019658461,16.1258038460479,463.980296308888,0.318135451972222,0.217177038769329,16.8338585855677
2025-09-06 23:00:00,13.1504488048241,16.1210055965207,462.646091488888,0.315251072666667,0.21985813509695,16.6725351415813
2025-09-06 23:15:00,12.8398895403594,10.66395090551,436.235715684443,0.318109142638889,0.21704743647457,16.8310151570756
2025-09-06 23:30:00,14.1122015222488,15.5359085268256,431.733212522221,0.315264810888889,0.218603561325906,16.3978152002244
2025-09-06 23:45:00,13.8920784100531,15.5966087842863,432.526864724444,0.31627246325,0.215094424764861,16.2276267081442
2025-09-07,12.9039961833222,16.079697037109,432.359327724444,0.318570087583333,0.204869775574083,16.1696380373092
2025-09-07 00:15:00,13.1295465924696,16.1512291135018,432.286831148888,0.319739770472222,0.19570996727839,15.8497489111465
2025-09-07 00:30:00,13.112233769287,16.1281616673635,432.326575953332,0.318595884694444,0.17829075361349,14.0559434898034
2025-09-07 00:45:00,13.5944750986381,15.7855648899399,430.522517553332,0.323297109416667,0.186840696371634,13.5920705821907
2025-09-07 01:00:00,14.3621439536086,16.4831855927835,433.160913804444,0.321869348361111,0.172724953194155,15.0461617690349
2025-09-07 01:15:00,13.0947305021462,16.4632072069575,432.692386382222,0.324284422138889,0.159302388027993,14.8540476739185
2025-09-07 01:30:00,13.1938514924451,17.537407883277,434.027671962222,0.323063808583333,0.152769531368034,14.547692130986
2025-09-07 01:45:00,13.5733647996518,16.8415009624024,433.990349917777,0.324401291694444,0.186772700056033,14.4160140493013
2025-09-07 02:00:00,13.7334385927114,16.9165222529682,437.516692424444,0.323272582583334,0.184883519738374,11.0033984110319
2025-09-07 02:15:00,13.4506275683854,16.7193641279239,437.577137104444,0.32620016125,0.183059229441995,13.906604881518
2025-09-07 02:30:00,13.3703453774506,16.5290534067829,437.664093368889,0.328233522805556,0.206404564904447,14.0005685176027
2025-09-07 02:45:00,13.4970578818669,16.8850297234655,437.110190197778,0.32905609125,0.210126158184643,13.8169470253156
2025-09-07 03:00:00,13.4775867561499,17.1784654201515,431.005116864443,0.328177219777778,0.241068712653361,13.7310354442984
2025-09-07 03:15:00,13.6998629880328,18.0416230609545,430.41690701111,0.324694011777778,0.241073399170176,13.6650610762442
2025-09-07 03:30:00,13.7681875763169,17.2318961037678,429.864756635554,0.32179462,0.246114243049701,13.5248630256645
2025-09-07 03:45:00,13.8920267288647,17.4630251424166,431.003378419999,0.321067598,0.248453458557356,13.470402542113
2025-09-07 04:00:00,13.8997955782825,17.3435041328127,432.262003679999,0.319139762222222,0.255939682311642,13.2744579592874
2025-09-07 04:15:00,13.9328973578942,17.6574308381835,432.808241795555,0.318122335333333,0.260750826487991,13.1736607946695
2025-09-07 04:30:00,13.908119850973,18.0697811771092,433.194244855555,0.319250411333333,0.271482871740226,13.2909081385253
2025-09-07 04:45:00,13.9074551665327,18.0496253845271,433.225283793332,0.317272026,0.269299963925169,12.9701600846585
2025-09-07 05:00:00,14.2415751259246,10.5577246858433,433.535691606666,0.319000502222222,0.271135454278436,13.301630874696
2025-09-07 05:15:00,14.4526706586359,10.5186627165633,434.941521275555,0.317658557111111,0.266853026232526,13.5232561926883
2025-09-07 05:30:00,14.5575538827898,10.5183575180433,435.11054273111,0.318033268444444,0.265367520355626,13.430018956339
2025-09-07 05:45:00,14.5866675483903,10.5163828685633,435.347613066666,0.317786200666667,0.266812526413007,13.4917679891413
2025-09-07 06:00:00,14.6138018170441,10.54524045686,434.894717146666,0.316937220111111,0.267727802367327,13.6186524886461
2025-09-07 06:15:00,14.4568330252271,10.5399114943641,433.898452164444,0.316947521888889,0.267895411012385,13.6989611419299
2025-09-07 06:30:00,14.6024915410249,10.5327231055567,433.373619028888,0.320059306333333,0.266354449774708,13.9517692292437
2025-09-07 06:45:00,14.3943887279819,10.5590659784933,432.77456467111,0.319889955222222,0.263601333464536,14.3798584535708
2025-09-07 07:00:00,14.306379611853,10.5677984953433,433.290216975555,0.318920647,0.261871684793553,13.9728889942493
2025-09-07 07:15:00,14.4640265354338,10.60576767899,433.414572528888,0.319597021666667,0.259465571451214,13.962307188207
2025-09-07 07:30:00,14.4490667774838,10.5554977475233,434.620927617777,0.319985746555556,0.260477382878197,14.0923785750962
2025-09-07 07:45:00,14.2907334643713,10.5626475981933,436.786134335555,0.318163750111111,0.255420457937813,13.9482177319043
2025-09-07 08:00:00,14.4345992601046,10.59796118908,438.123143622222,0.318390826777778,0.253380690220204,13.9674800660568
2025-09-07 08:15:00,14.1591409857212,10.4361139013167,436.985751686666,0.319211025222222,0.254252275822475,13.730583285683
2025-09-07 08:30:00,14.3531689656945,10.39891470407,435.843036355555,0.319471557,0.252790694884157,13.5215097060696
2025-09-07 08:45:00,14.2920177873498,10.3613207454067,430.754232,0.321091795,0.256178996260673,13.1812553486273
2025-09-07 09:00:00,14.3119330715509,10.2832451998467,427.907036772222,0.321715003222222,0.258011849216676,12.9829138731596
2025-09-07 09:15:00,14.1223876394002,10.3799939910067,427.084449345556,0.321834555,0.256682089327237,12.6552372909275
2025-09-07 09:30:00,14.2432012093799,10.3835808084733,426.106208021112,0.3274622225,0.244143425025002,12.7062066146446
2025-09-07 09:45:00,14.2915624801276,10.42088039431,426.532663081112,0.322199657,0.227992395021767,12.3732155732743
2025-09-07 10:00:00,14.1681652279157,10.3367635383233,426.368271585556,0.321976899888889,0.250742144477421,12.1622433184645
2025-09-07 10:15:00,14.1065997738283,10.3819436912067,426.709177574445,0.323107418555556,0.254361813092494,12.278387859533
2025-09-07 10:30:00,14.3032221926831,10.38043938584,427.286719645556,0.323961163444445,0.259102564608842,12.6438244632347
2025-09-07 10:45:00,13.965894776409,10.39404480894,427.53821697,0.321498363222222,0.253245302623902,12.3518459735807
2025-09-07 11:00:00,14.0643687763379,10.3791866882267,427.99299867,0.321577607666667,0.25380570964331,12.2215154479524
2025-09-07 11:15:00,14.0018753334535,10.42999881845,430.703665273333,0.323492180111111,0.254177034985387,12.0938183099634
2025-09-07 11:30:00,14.1043571723893,10.50536639927,435.707646224444,0.322203743666667,0.234760198731147,12.1025588607884
2025-09-07 11:45:00,14.1176485521227,10.4329675497667,436.47611818,0.322210423888889,0.256627045493065,12.1782670665343
2025-09-07 12:00:00,14.108664182053,10.5127020432133,436.745795288889,0.322045125222222,0.256002748657225,12.1873724147182
2025-09-07 12:15:00,14.151759523635,10.63902953214,437.945340331111,0.321363798777778,0.257938684679205,12.2707255779836
2025-09-07 12:30:00,14.1607863206424,10.67226025246,438.095214975555,0.322040048777778,0.256350624192979,12.0264122867772
2025-09-07 12:45:00,14.2548015934191,10.67680317222,433.537367306666,0.321447681222222,0.262765866534329,12.1967338717676
2025-09-07 13:00:00,14.3574433516799,10.6591494775133,433.76398659111,0.322921899666667,0.260946819045019,12.0980952056703
2025-09-07 13:15:00,14.2647155426547,10.6463703559267,435.299729973333,0.321981060111111,0.264130930632506,12.0600689904823
2025-09-07 13:30:00,14.3358187467821,10.6509857038767,435.661904948888,0.323295206333333,0.265486096968279,12.1095710139522
2025-09-07 13:45:00,14.4253346091777,10.6312565588633,435.83140872,0.322244578777778,0.268678600027041,12.2432195438726
2025-09-07 14:00:00,14.4405253681851,10.6017160377967,435.213816251111,0.323259239888889,0.270201440500932,12.1559339642639
2025-09-07 14:15:00,14.342159222628,10.5929835209467,435.201543417777,0.321840593777778,0.271761559594648,12.3474725858903
2025-09-07 14:30:00,14.4771376436932,10.58685650114,435.556319239999,0.323295447222222,0.26973601176239,12.3785238821924
2025-09-07 14:45:00,14.2967575596962,10.54306304071,441.192771668888,0.323617280333333,0.269449343307378,12.3074426859938
2025-09-07 15:00:00,14.2940111465317,10.54306304071,439.767584457777,0.324649477,0.269251670965134,12.2731134382991
2025-09-07 15:15:00,14.6241018542384,10.5874895174267,463.677921095555,0.322497375444444,0.269559671146921,12.5456320245757
2025-09-07 15:30:00,14.3747593907465,10.5428786992267,466.738296484444,0.322302851888889,0.287020849908855,12.5276128058808
2025-09-07 15:45:00,14.5098857332192,10.5420261221067,466.596217546666,0.321885288,0.286629709318877,12.8125840953832
2025-09-07 16:00:00,14.4802692304464,10.5428786992267,465.037109673333,0.321016431111111,0.282025650774722,12.7303304866495
2025-09-07 16:15:00,14.3590261688439,10.5625427466933,467.161511157777,0.321822986444444,0.289930662432405,12.9458546828878
2025-09-07 16:30:00,14.2758616645065,10.4178294665867,469.617790595555,0.322110557111111,0.30415813806971,12.913638257729
2025-09-07 16:45:00,14.3641150449707,10.4178294665867,468.5110757,0.322277480222222,0.297886532535768,13.1017667658173
2025-09-07 17:00:00,14.557594622423,10.4178294665867,468.19749916,0.320518514444444,0.297477636552225,13.1569907596053
2025-09-07 17:15:00,14.5433924572378,10.4634977256067,468.027410051111,0.319337844444444,0.293176152531944,13.0779005561321
2025-09-07 17:30:00,14.3558709796672,10.4257094063167,469.1543506,0.321831786444444,0.304245371992994,13.239800467717
2025-09-07 17:45:00,14.40367695998,10.4370030958067,469.407957906666,0.320393842666667,0.300665993006666,12.6912146561684
2025-09-07 18:00:00,14.2406763713635,10.5681906041067,466.67295916,0.319768783777778,0.293789890812801,12.3195326234914
2025-09-07 18:15:00,13.8699909460093,10.6247199012733,438.32998165111,0.322036348222222,0.269492736821702,11.6257482745663
2025-09-07 18:30:00,13.8363595102565,17.1723375349097,433.839042599999,0.320129066666667,0.270688627438678,11.4200245842929
2025-09-07 18:45:00,13.6813696826713,16.977664318301,433.320503044444,0.319363391777778,0.269604162322744,10.8822275433
2025-09-07 19:00:00,13.6766683299262,17.4581076501048,433.55701209111,0.321346138888889,0.266874196865148,10.6339758267421
2025-09-07 19:15:00,13.717345280501,17.4820503995726,433.469565093333,0.321226630222222,0.268215407170402,10.2964004661667
2025-09-07 19:30:00,13.6407296354951,17.4455096473335,432.502923057777,0.319691471111111,0.268585558008635,10.2263099282921
2025-09-07 19:45:00,13.708396223461,17.0616657971611,430.465943324444,0.323601369333333,0.243190464469535,9.86884136973244
2025-09-07 20:00:00,13.5194300114447,17.69755169387,429.626472915555,0.321530939111111,0.231225837318245,9.58908603713045
2025-09-07 20:15:00,13.5219455475084,16.9617349488466,429.352458953333,0.321269285555556,0.218998008297063,9.28875954243278
2025-09-07 20:30:00,13.4141603310521,16.5454978833406,430.879464068888,0.323263582666666,0.222037230611833,9.23497695454116
2025-09-07 20:45:00,13.4734457828688,16.838695515837,431.642996922222,0.321194126666666,0.200627295934777,9.12123627277071
2025-09-07 21:00:00,13.6396771355433,17.6017204071021,431.695865311111,0.322148786,0.200286625168603,8.79240080333838
2025-09-07 21:15:00,13.5031733092248,17.0785102677046,433.68202284,0.323753629111111,0.188123277686566,8.63528498668933
2025-09-07 21:30:00,13.064465598891,16.7758632599212,436.373266197778,0.325323782444444,0.151774158529258,8.46062536198608
2025-09-07 21:45:00,12.6690304220626,17.7723451229394,436.593637888889,0.326834113555556,0.138416409684634,8.37125365450071
2025-09-07 22:00:00,13.0188618907073,18.0700075423954,436.050924915556,0.327468569111111,0.140509075712937,8.20996113208818
2025-09-07 22:15:00,12.9711517303799,17.2476793244187,435.993913166667,0.327118086666667,0.140578509986491,7.85347390655993
2025-09-07 22:30:00,12.5916785859162,17.9900644990686,435.759116182222,0.328804617555556,0.0712234214702397,7.79586250797992
2025-09-07 22:45:00,12.5719594866093,17.617179910134,435.334778435556,0.326776305555555,0.0665319930148018,7.90040190953508
2025-09-07 23:00:00,13.2617976704263,17.1842258898901,435.280257228889,0.327751721777778,0.153218969565128,7.90806050260135
2025-09-07 23:15:00,13.4904882261451,18.7743150419055,435.729582286667,0.328371675333333,0.186499255833844,7.73784602335082
2025-09-07 23:30:00,13.4582293546103,18.3719285127431,436.592361095555,0.327720134444444,0.211679281242961,7.56958187122081
2025-09-07 23:45:00,13.5402738178725,18.2997450453761,433.459732277777,0.321654819777778,0.235266442201204,7.68602889007698
2025-09-08,13.4572018224014,18.5621383599016,433.021833135555,0.320251685555555,0.236774360928921,7.58713113041965
2025-09-08 00:15:00,13.458577190385,18.4312069052161,431.512381488888,0.318620594888889,0.244986726355803,7.32901909943473
2025-09-08 00:30:00,13.5467519910559,19.2519122467578,430.379641379999,0.318901336888889,0.215742598216426,7.51297740138246
2025-09-08 00:45:00,13.8275914602112,18.9153937632903,430.938671962222,0.320148929777778,0.227853084939912,7.21671071982626
2025-09-08 01:00:00,13.7301369380423,19.2337763687412,432.228813508888,0.320579287111111,0.215722142159137,7.23071803909698
2025-09-08 01:15:00,13.8631844995428,18.8391531444867,433.280864062222,0.320413708,0.234878615666883,6.95170880731231
2025-09-08 01:30:00,13.8589079291976,18.970710676695,435.856195111111,0.321627216666667,0.237379462043327,6.63497872799749
2025-09-08 01:45:00,13.7647118805223,19.1859281802349,435.505120848889,0.322347986666667,0.230530739920547,6.5949719369673
2025-09-08 02:00:00,13.8359420747505,10.6480138180533,432.504080802222,0.322998944,0.234243539155514,6.52124598461076
2025-09-08 02:15:00,13.6479925704576,10.6564120109667,430.013211904444,0.321043293333333,0.232898582244378,6.40489312565296
2025-09-08 02:30:00,13.7982510266951,10.4391576059367,428.98645366,0.323941616,0.25217588039465,6.60156921668755
2025-09-08 02:45:00,13.9920303785264,10.482383939224,432.609369166666,0.321529877333333,0.252949208649007,6.45252726641157
2025-09-08 03:00:00,14.1573998510332,10.43187211148,434.046800944444,0.322181169111111,0.250749138998478,6.50303898342523
2025-09-08 03:15:00,14.2705565595278,10.4126027537367,436.40893738,0.320573085111111,0.256577074136637,6.25629538119086
2025-09-08 03:30:00,14.374658437988,10.6376269237667,436.639471391111,0.320413791777778,0.259510294489609,6.32428706096764
2025-09-08 03:45:00,14.4872084021863,10.59775498113,432.912616837777,0.319632401888889,0.269615611028222,6.49483080170522
2025-09-08 04:00:00,14.4661725586916,10.5826300536767,433.630520988888,0.321263643777778,0.270422951373463,6.50363464104998
2025-09-08 04:15:00,14.6149015314797,10.5497528173367,433.442242673332,0.322737844111111,0.268293080445025,6.47269318031888
2025-09-08 04:30:00,14.6505990199626,10.6264926981733,434.024366882221,0.321870976777778,0.26389491848192,6.50489228750803
2025-09-08 04:45:00,14.4948038329923,10.5858387605033,433.46475265111,0.320874467444444,0.263392050974638,6.73452428389355
2025-09-08 05:00:00,14.1331737845182,10.6259211230733,433.213761466666,0.320541855,0.263280733348964,6.68673810747397
2025-09-08 05:15:00,14.1613143701641,10.60349245521,433.214839257777,0.318915328333333,0.262603324187606,6.52614217492181
2025-09-08 05:30:00,14.0376317236901,10.60349245521,433.125972464444,0.319183729222222,0.263669377890241,6.73813421902455
2025-09-08 05:45:00,14.0252395393579,10.60091257061,435.778050604444,0.321136291888889,0.25680314272742,6.5301299891456
2025-09-08 06:00:00,14.0157087493194,10.59894953545,438.045480791111,0.320165944111111,0.25590392342135,6.46946858067648
2025-09-08 06:15:00,13.9692708841031,10.6415114836467,437.788728264445,0.320524600555556,0.235348376827781,6.48000893796337
2025-09-08 06:30:00,13.9559662299434,10.4778952166533,436.989566246666,0.318599031444444,0.253208990530938,6.42879247263078
2025-09-08 06:45:00,14.1101206350412,10.39733203789,436.130817046666,0.319966057666667,0.250649710902869,6.38162679587015
2025-09-08 07:00:00,14.0485537102901,10.38724801209,435.181685415555,0.319758825444444,0.252648076807296,6.32228640980207
2025-09-08 07:15:00,14.013241922212,10.41023640773,431.614909406666,0.321182262111111,0.231563628085393,6.38412357406498
2025-09-08 07:30:00,13.9915437499276,10.3200100430333,429.880904722222,0.321817035666667,0.250944548348511,6.19289383085752
2025-09-08 07:45:00,13.8885434404357,10.3981168468867,428.195924037778,0.321194223,0.229836134606243,6.40827933618509
2025-09-08 08:00:00,13.8834183142342,10.50077304325,427.760158823333,0.321463739222222,0.230165900993672,6.41712151073294
2025-09-08 08:15:00,13.9317267439764,10.3290849313967,426.780404721111,0.322602481444445,0.249322102700284,6.32956048371818
2025-09-08 08:30:00,14.2638621188505,10.32758062603,426.766776614445,0.322243310333333,0.248353973105976,6.42377656432013
2025-09-08 08:45:00,13.878969197415,10.3657898210333,425.973797774445,0.321265547166667,0.225421131177758,6.32821080203131
2025-09-08 09:00:00,13.9694531156431,10.5019220723033,425.435400844445,0.326292034277778,0.220435612929168,6.32462733777357
2025-09-08 09:15:00,13.8558263032505,10.42409363574,425.348904877778,0.327330414388889,0.227210583516058,6.28011909602226
2025-09-08 09:30:00,13.8468377434994,10.42409363574,425.351634451111,0.327576884388889,0.227228179988094,6.48445100996006
2025-09-08 09:45:00,13.8253798024209,10.55561091545,425.277573148889,0.325628228166667,0.220556032075876,6.38135527644683
2025-09-08 10:00:00,13.8097778777381,10.57070415445,425.256228442222,0.324575442166667,0.21799015999306,6.40241583260459
2025-09-08 10:15:00,13.8416809170596,10.4375025115667,425.211551688889,0.324228401055556,0.241302447302509,6.4478525445602
2025-09-08 10:30:00,13.8431536731948,10.57070415445,425.23186012,0.326129219277778,0.216728321144849,6.2668462217854
2025-09-08 10:45:00,13.8901038937045,10.4375025115667,425.174315377778,0.323945813722222,0.216490058597223,6.32432819995688
2025-09-08 11:00:00,13.9182804387124,10.4375025115667,425.389488833334,0.327469412833333,0.199382366698498,6.19923701801035
2025-09-08 11:15:00,13.9550091531643,10.4375025115667,425.489917113334,0.327007118166667,0.195319608564945,6.25042312065186
2025-09-08 11:30:00,13.9585881978997,10.4772175174967,425.491104566667,0.327784946166667,0.19563568229461,6.1371916362466
2025-09-08 11:45:00,13.9497015617757,10.4371351549267,425.469246146667,0.326770693055556,0.195817235777416,6.077603714139
2025-09-08 12:00:00,13.9511452527928,10.4772175174967,425.492015793334,0.327125601166667,0.179139152636865,6.03476518685067
2025-09-08 12:15:00,13.5519461227144,10.4288379599967,425.449570973334,0.326304981833333,0.0953261517700345,6.25316799395984
2025-09-08 12:30:00,13.3326296746621,10.60212196545,425.86212413,0.323703749055556,0.103498716452336,6.09776920454514
2025-09-08 12:45:00,13.2723267755385,10.4541958382267,426.07451545,0.319080956444444,0.0975533595388321,6.15139113521541
2025-09-08 13:00:00,13.2955050046517,10.40976936151,427.209768418889,0.318943762,0.154709084752159,6.13483292315879
2025-09-08 13:15:00,13.2860133753095,10.4491670527467,427.725801921111,0.318764306,0.155809561569794,6.19646542961874
2025-09-08 13:30:00,13.2955371163471,10.4414189570567,427.895230928889,0.320168065222222,0.15382377693484,6.1427288179432
2025-09-08 13:45:00,13.3051265790271,10.4379439094967,430.666948975555,0.320828950777778,0.153192665832571,5.96337852379334
2025-09-08 14:00:00,13.2940968748612,10.5065266304067,433.746389262222,0.319041506777778,0.153137782232399,5.96616502991844
2025-09-08 14:15:00,13.2516321273456,10.4767462055233,435.7684097,0.317946153666666,0.159517108791788,6.11000526692854
2025-09-08 14:30:00,13.1869052464683,10.6862844004733,436.972974322222,0.318460100111111,0.160268442387395,6.06702078910217
2025-09-08 14:45:00,13.2214028443765,10.6955321593867,437.054680662222,0.320460192555556,0.162658627952704,5.96728761885216
2025-09-08 15:00:00,13.193450212972,10.72027600214,436.873820608889,0.318107948777778,0.163520622280116,6.03536677904742
2025-09-08 15:15:00,12.9895068606225,16.3828349471826,433.326330915555,0.320371503,0.167642435019833,5.98125644467387
2025-09-08 15:30:00,12.6616009329712,16.1719512300429,431.696674039999,0.315920885444444,0.182079155303356,5.93731381350289
2025-09-08 15:45:00,12.5919106091445,15.7517236330081,431.099762897777,0.319935883222222,0.184184347599752,6.07983515206287
2025-09-08 16:00:00,12.7973360960156,16.1644982594297,430.667694808888,0.320573920888889,0.181785927628094,6.09710821603571
2025-09-08 16:15:00,12.8362554666586,17.476489438579,430.297659248888,0.323449241555555,0.185819395425096,6.04622712316159
2025-09-08 16:30:00,12.7567156291875,15.5623839579446,429.811035304444,0.323804992888889,0.185630597267319,6.04777128948964
2025-09-08 16:45:00,12.9438962614071,15.8626190307652,430.02065913111,0.324430185777778,0.187966293551113,5.94311767337757
2025-09-08 17:00:00,12.7182097613526,15.8052673737454,430.165879428888,0.323162257111111,0.190179478688408,5.87633589254965
2025-09-08 17:15:00,12.6494053414,16.3665433063911,430.165296426666,0.325101753111111,0.190104793110993,5.94987410902474
2025-09-08 17:30:00,12.6550150854933,16.1579794157422,431.61269375111,0.323538915555555,0.192234918739095,5.97678568353453
2025-09-08 17:45:00,12.5881296422637,15.9563716115747,432.416075999999,0.323973741555555,0.190778320656345,5.87428540350193
2025-09-08 18:00:00,12.8079878465067,16.7452093163308,432.46934849111,0.324314002666667,0.190934641379205,5.8690026276356
2025-09-08 18:15:00,12.5612223962415,16.4893565962597,432.660114604443,0.324468412,0.189482715299684,5.92270795789306
2025-09-08 18:30:00,12.4635035308222,17.1204825784835,432.66784553111,0.325450424222222,0.190279494507987,6.0054216536574
2025-09-08 18:45:00,12.3682259842519,16.4148586488642,432.719717295555,0.324266702,0.193231889446923,5.91077069662068
2025-09-08 19:00:00,12.2567692558593,16.5721891673509,432.89601079111,0.328201174666667,0.194882291906247,5.98839280563768
2025-09-08 19:15:00,12.3881451151748,16.298351457345,432.934922002221,0.325672332888889,0.198635848734964,5.89667036924184
2025-09-08 19:30:00,12.3815787727452,16.4378212304166,432.865141906666,0.325332516805555,0.19948258054367,5.82747687485683
2025-09-08 19:45:00,12.1663848297407,15.757659082727,433.079716817777,0.322796535027778,0.201360939311662,5.83880045888034
2025-09-08 20:00:00,12.2787326948341,15.8173645285184,433.055724902221,0.324859472888889,0.202390677565704,5.95082066562387
2025-09-08 20:15:00,12.5279516230472,16.3510830380886,433.139874602221,0.324270232222222,0.202458657598613,5.79782230516735
2025-09-08 20:30:00,12.5198244105065,17.2693089899084,433.078138279999,0.323940849027778,0.202886527435087,5.93112418317095
2025-09-08 20:45:00,12.5351591748517,17.0083642046568,433.087081546666,0.323200446444444,0.202028805453662,5.76226651666586
2025-09-08 21:00:00,12.3653136269165,16.2336412085205,432.686679404443,0.322562776805556,0.201467630869611,5.89282271513579
2025-09-08 21:15:00,12.3874522112055,16.1224247212111,433.233014797777,0.323679568,0.2037327347774,5.85336171356727
2025-09-08 21:30:00,12.502181354447,16.7820677856727,433.196151537777,0.321719080888889,0.203467310420336,5.76899790679571
2025-09-08 21:45:00,12.5177057831078,17.6426155114368,433.124338615555,0.321374829333333,0.203540372751656,5.76163930236637
2025-09-08 22:00:00,12.5567797111903,17.5746596271048,432.881702197777,0.320442784805556,0.204800305291094,5.78136037678546
2025-09-08 22:15:00,12.5202298533859,16.7682329295167,432.875221162221,0.321670563472222,0.200011724076772,5.69677237051489
2025-09-08 22:30:00,12.5409207568944,16.779954088098,432.840623628888,0.323636347472222,0.200392260356299,5.82108529330735
2025-09-08 22:45:00,12.5379975562722,16.8368309418897,432.812322048888,0.32423137725,0.198119381111239,5.82692596809724
2025-09-08 23:00:00,12.5001539428718,17.2631987881269,432.655530793332,0.32345543125,0.193177462477941,5.6663117154404
2025-09-08 23:15:00,12.4515128011177,17.2266182154309,431.364811099999,0.323658182138889,0.192432557418943,5.65068304432606
2025-09-08 23:30:00,12.4787036971266,16.927434345765,430.974199077777,0.32444394875,0.191188391806367,5.54700956636045
2025-09-08 23:45:00,12.4210665910007,17.3669721124491,429.997493968888,0.324383555861111,0.188181259122378,5.53459785290406
2025-09-09,12.3719718874337,17.0876340422708,432.293848837777,0.325494936083333,0.184901182204667,5.59523198306684
2025-09-09 00:15:00,12.4490236856985,17.3490991586443,437.60157244,0.325423408083334,0.181012356492475,5.57471935364517
2025-09-09 00:30:00,13.7616392147965,17.4785935649778,437.037234026667,0.320973373916667,0.180863534625066,5.61631029572664
2025-09-09 00:45:00,12.3268271277962,17.0933071708387,436.026068146666,0.324258521,0.179623003666076,5.63654155383073
2025-09-09 01:00:00,13.7039722161979,18.4235545482414,433.80163704,0.322916697916667,0.181201419982077,5.5899140949947
2025-09-09 01:15:00,12.3323974375814,17.241976117166,432.76683218,0.323946738555556,0.17758717502071,5.53840247522383
2025-09-09 01:30:00,12.3970016932985,16.7596369688768,429.006577488889,0.322579124138889,0.179924854208437,5.48060184052096
2025-09-09 01:45:00,12.3852715598925,17.1524397873388,428.257955088889,0.325787104777778,0.178860825082865,5.31675606617331
2025-09-09 02:00:00,12.329132853927,17.8196208308393,424.942499843333,0.328374866222222,0.177617544475517,5.52361621306778
2025-09-09 02:15:00,12.6853329896974,17.6349420560313,425.020053714444,0.328274537555556,0.158637977683005,5.45442939622307
2025-09-09 02:30:00,12.890257851722,17.332790134878,424.027857959445,0.326987910888889,0.152349020363476,5.30529680079013
2025-09-09 02:45:00,12.5074236202502,17.4639607206144,421.454345827222,0.3317241275,0.150113230222908,5.41485159115016
2025-09-09 03:00:00,12.3403924770798,17.5594116866223,420.890248310556,0.332675182166667,0.156000856682047,5.46664494710396
2025-09-09 03:15:00,12.4252841462172,17.5976940084227,420.586081966111,0.331990953277778,0.157338786674678,5.389892195134
2025-09-09 03:30:00,12.3650290021876,16.873679058284,420.637327515,0.332090135944444,0.157338786674678,5.37181561580726
2025-09-09 03:45:00,12.4000714822262,16.9867333407338,420.815630266111,0.331673678833333,0.155849836325069,5.26293964907359
2025-09-09 04:00:00,12.3418198930102,16.7608177403337,420.922138010556,0.333363559277778,0.155165739126178,5.42809867994141
2025-09-09 04:15:00,12.7103150360276,17.6968999950286,420.487614715556,0.333890685055556,0.149523982270605,5.29596796997171
2025-09-09 04:30:00,12.4697218731778,17.3126600910476,420.20842572,0.331475642611111,0.14195099192589,5.50341475727997
2025-09-09 04:45:00,12.4451796596,17.0918371087214,420.846924677778,0.335674295055556,0.142253840197591,5.48360204951101
2025-09-09 05:00:00,12.2135664061719,10.67394803899,420.479747173333,0.334053218166667,0.146960341044192,5.64178245685012
2025-09-09 05:15:00,12.44533248892,10.6921988137,420.877382533334,0.333000050166667,0.142277497940106,5.66403482426231
2025-09-09 05:30:00,12.3905877678815,10.6693135130733,420.615748162222,0.330979652611111,0.143038966179974,5.60319529647249
2025-09-09 05:45:00,12.38765534996,10.682793903,420.805817991111,0.332830507277777,0.155197359737991,5.62283770264213
2025-09-09 06:00:00,12.0032749719259,10.7021834546167,420.106571495555,0.330800498722222,0.15940173067746,5.61716703520081
2025-09-09 06:15:00,12.0127432074548,10.7516779868367,420.160030255555,0.331947830944444,0.160485017446613,5.5842645444912
2025-09-09 06:30:00,12.1440172660607,10.7255654466567,420.497886815555,0.331027696833333,0.158532712740657,5.52547157679069
2025-09-09 06:45:00,12.3040989931082,10.70480825509,420.498657611111,0.329336852611111,0.159469665275869,5.45728183501493
2025-09-09 07:00:00,12.3252263426667,10.6884599525967,420.561944168889,0.330420108833333,0.157017476149462,5.52436271440569
2025-09-09 07:15:00,12.1995078188059,10.68360163594,420.570958246667,0.331701816944444,0.157959874065925,5.42224261504846
2025-09-09 07:30:00,12.4188778140015,10.68797103991,420.975411326667,0.331754675722222,0.154194138753592,5.59284165742918
2025-09-09 07:45:00,12.428520271877,10.6684457907367,420.688335251111,0.331523691388889,0.148144246839472,5.48249934415068
2025-09-09 08:00:00,12.3465799521259,10.7128722674533,420.652437846667,0.331566727611111,0.155677071854305,5.71736988787345
2025-09-09 08:15:00,12.4613656988193,10.71704356482,420.948914811111,0.332004415277778,0.156855561766993,5.79467544176404
2025-09-09 08:30:00,12.2094060182593,10.67486911909,420.549972884445,0.333033205055556,0.157125465231229,5.91548355319531
2025-09-09 08:45:00,12.2114974730533,10.68283756424,420.489467555556,0.3314742575,0.158313019690774,5.88358209975804
2025-09-09 09:00:00,12.6008203456293,10.6809776240933,420.90609048,0.331373331277778,0.158376467100993,5.87893977658652
2025-09-09 09:15:00,12.2088556309185,10.68360163594,420.552262706667,0.332780603388889,0.158510114003038,6.04478297053029
2025-09-09 09:30:00,12.605983059259,10.6809776240933,420.90221528,0.330861437944444,0.158390238082337,6.02668528083841
2025-09-09 09:45:00,12.2030548544504,10.69536430737,420.464753975556,0.329810893388889,0.158138951760245,6.01600338033537
2025-09-09 10:00:00,12.3272583894874,10.69157008109,420.518415426667,0.329954738833333,0.158205030609007,6.13769120545453
2025-09-09 10:15:00,12.5889448217256,10.71830226675,420.859544384444,0.330314341722222,0.158157973708197,6.13518079222544
2025-09-09 10:30:00,12.288290042323,10.7254431736767,420.516997286667,0.329584378166667,0.158143631350941,6.1516766247429
2025-09-09 10:45:00,12.2137695800726,10.7249406392567,420.800563542222,0.331544786388889,0.158828310983835,6.1402918483266
2025-09-09 11:00:00,12.0754475195733,10.71008922187,420.20229536,0.330767314833333,0.158532712740657,6.04621004571502
2025-09-09 11:15:00,12.2301847008148,10.7249406392567,420.582872168889,0.331763522833333,0.157797215714848,6.04297208176538
2025-09-09 11:30:00,12.041862553997,10.7144810658533,420.201041531111,0.332527875166667,0.157489101395614,6.17129926926394
2025-09-09 11:45:00,12.0537263296918,10.6979951480067,420.136978911111,0.3328908285,0.156969209141994,6.13067531469543
2025-09-09 12:00:00,12.1628543305126,10.6963543026867,420.267314375555,0.331820431722222,0.157955787789138,5.99302699567686
2025-09-09 12:15:00,12.0358817580311,10.72563536558,420.084035922222,0.333988056166667,0.15645077738725,5.92248010500258
2025-09-09 12:30:00,12.0433085926341,10.7107375984533,420.12312334,0.3329957555,0.157674592347706,5.90534013081471
2025-09-09 12:45:00,11.966846443877,10.72360070878,419.722079933333,0.333543881388889,0.156639967213361,5.85301364347086
2025-09-09 13:00:00,11.9872811108311,17.0680722521671,419.9605416,0.335012752611111,0.15643571035073,5.79957419534821
2025-09-09 13:15:00,12.030941029117,16.9335168637757,419.996919505556,0.334324038388889,0.157814583452274,5.70219722682842
2025-09-09 13:30:00,12.0569646627645,16.6640241275567,421.261651683333,0.332426459111111,0.165299692897771,5.56560437067698
2025-09-09 13:45:00,12.0209175325363,16.7457216149398,422.807383883333,0.330179068666667,0.177950468190786,5.28595576729347
2025-09-09 14:00:00,12.1368459165245,16.9899289307831,424.023059746667,0.335241866,0.178510115128773,5.1904717306975
2025-09-09 14:15:00,12.1544638520682,16.4924857700616,427.198535328889,0.335201047555556,0.178381584076133,5.17110648629851
2025-09-09 14:30:00,12.2764659745482,17.5471954141351,428.030822588889,0.334978066444444,0.178920315081917,5.09034743301644
2025-09-09 14:45:00,12.1342235868072,16.4160060053674,423.54984721,0.332156265777778,0.178141308302602,4.98227668526338
2025-09-09 15:00:00,12.2844389730813,16.9574535125971,424.159036742222,0.331001529111111,0.179110294249255,4.70995557317332
2025-09-09 15:15:00,12.1704590303924,16.6725086325241,424.198515415,0.330788174444445,0.179013052666389,4.71515075223404
2025-09-09 15:30:00,12.3076198650917,18.0312676505363,423.680103958333,0.329821985555556,0.17966999893119,4.76970670712637
2025-09-09 15:45:00,12.2206747674444,17.5739014171079,423.105451379444,0.329059227111111,0.180017081278945,4.56703414304428
2025-09-09 16:00:00,12.3520025020632,17.0014591487328,423.003078772778,0.329602855111111,0.178612728650724,4.44476661690918
2025-09-09 16:15:00,12.3650908892959,17.3581725686917,423.262861038333,0.329426421777778,0.178113873739855,4.58440972515472
2025-09-09 16:30:00,12.403984273521,16.8774607966764,422.215155333889,0.331964956666667,0.169999599512691,4.52054357134565
2025-09-09 16:45:00,12.3485821658069,16.9406249224364,422.118398013889,0.328713744,0.164787497436281,4.55151619187844
2025-09-09 17:00:00,12.2558376421776,16.1180154015132,421.232541038333,0.330025524166667,0.162813807918152,4.50806483723055
2025-09-09 17:15:00,12.2936596240857,16.1922100003902,421.245138185,0.329433059944445,0.163422581831565,4.49796449577709
2025-09-09 17:30:00,12.1354272224443,16.7420221469855,420.797516096111,0.327994553722222,0.163370560028825,4.43004773749133
2025-09-09 17:45:00,12.3795812014902,17.4829691168424,421.253968782778,0.327365428166667,0.163508335833416,4.37453031914502
2025-09-09 18:00:00,12.3574375891109,16.6170851353537,421.898907401111,0.324831499055556,0.164961304167484,4.41916089704791
2025-09-09 18:15:00,12.9041710875155,17.3938324062891,422.06869359,0.320121161472222,0.164659524405096,4.52632519281763
2025-09-09 18:30:00,12.3714059016665,17.4186169670782,421.470931501111,0.324111550833333,0.15954939830418,4.42743600767419
2025-09-09 18:45:00,12.1997215272354,17.6737644334616,421.106706005555,0.324004471722222,0.157748299761288,4.50518904573505
2025-09-09 19:00:00,12.472187407148,17.7787659107693,422.166193716667,0.322387268666667,0.161629158006367,4.21527323691453
2025-09-09 19:15:00,12.3304109286161,17.1308263904317,421.786610254444,0.323614153388889,0.157797457751886,4.23571171144996
2025-09-09 19:30:00,12.1024095397405,16.9299463822801,420.796969826667,0.322606691166667,0.15433063393385,4.29416313411355
2025-09-09 19:45:00,12.344017628908,17.6203678295232,421.323788442222,0.324718489166667,0.155755078350838,4.15969594075678
2025-09-09 20:00:00,12.3845136707465,17.6234920976744,421.306528848889,0.323988613138889,0.161624430407953,4.11306792325265
2025-09-09 20:15:00,12.4178524711598,17.5579286951876,421.270699413334,0.323124709277778,0.166251627089511,4.220880908707
2025-09-09 20:30:00,12.3706100844946,17.939044220622,421.232270902222,0.32265830275,0.166050637719182,4.20768196979419
2025-09-09 20:45:00,12.4464857804487,17.5816692657372,421.346709937778,0.323152692083334,0.164907043584925,4.08552690424724
2025-09-09 21:00:00,12.4679816338694,17.2111983432142,421.500942143333,0.323778058972222,0.166370054375784,4.16022909639799
2025-09-09 21:15:00,12.1700471761524,16.9337722797836,421.287628158889,0.323400488305556,0.172568744791412,4.17072289449929
2025-09-09 21:30:00,12.2152996009198,17.2894183614874,421.263310338889,0.32210929075,0.176359289756443,4.17355031463362
2025-09-09 21:45:00,12.3340154569509,17.1697677815509,421.669392032222,0.321350061416667,0.173662679840077,4.09680019753293
2025-09-09 22:00:00,12.4559192501717,17.3228326355557,421.37791333,0.323611453194445,0.175144215743138,3.966505990576
2025-09-09 22:15:00,12.6278291039161,17.2822901627567,421.143996883333,0.322975860083334,0.175713654358953,3.92503454871608
2025-09-09 22:30:00,12.2693067328087,17.1439001516626,420.844642757778,0.323515959194445,0.177044899121212,3.88751755362294
2025-09-09 22:45:00,12.1389716074739,17.0960122287934,420.702954831111,0.32364222475,0.177212965453352,3.84229560347185
2025-09-09 23:00:00,12.3816081351894,18.0907343371865,421.078502683333,0.323257998305556,0.175352296045837,3.78871608580381
2025-09-09 23:15:00,12.6341445909503,17.6239093671416,428.441027884444,0.322493043777778,0.200130297341108,3.84633372465505
2025-09-09 23:30:00,13.7331231043478,17.6405076575829,458.854883126666,0.315668766888889,0.217898822359046,3.89996389253948
2025-09-09 23:45:00,13.2236059818507,16.3702515091276,516.923314602222,0.317811290166667,0.218023311678252,3.78199571302923
2025-09-10,13.3564788148793,15.8553400440081,558.091484263975,0.3137020795,0.217082233335904,3.78387006995299
2025-09-10 00:15:00,13.1673280119876,15.0595032991085,596.821508311848,0.317825861388889,0.217236694420204,3.88161563693781
2025-09-10 00:30:00,13.1536132608071,14.7443420203186,635.198490632882,0.318566038194444,0.217217525588342,3.84647413029457
2025-09-10 00:45:00,13.1791835292529,16.0945891528928,594.274354311652,0.319513083083333,0.216464968692665,3.85814014955983
2025-09-10 01:00:00,13.1758350674099,15.3698235868384,592.235275894932,0.319484794638889,0.214344697482693,3.75856121531437
2025-09-10 01:15:00,13.0406950101433,14.9274943945204,583.456734913039,0.318457207166667,0.214182119878324,3.79390070761992
2025-09-10 01:30:00,13.2147251264385,15.8903903340544,562.495593991712,0.314643420361111,0.214078620342607,3.70317728568506
2025-09-10 01:45:00,13.1004508932285,16.9510425313759,555.233886769691,0.315979049694444,0.213326825286586,3.71808767044726
2025-09-10 02:00:00,13.1410126057851,17.2277039142063,533.801477013245,0.318837251472222,0.214036449949107,3.61001697607771
2025-09-10 02:15:00,13.19079744508,16.9062123064789,541.25246645177,0.318864784583333,0.214037905019419,3.62133216151172
2025-09-10 02:30:00,13.2292602430459,16.3272264065237,526.62215574281,0.318308129027777,0.214000996731972,3.6647001826856
2025-09-10 02:45:00,13.2211812839771,17.29607001613,516.926578495556,0.317197858138889,0.216112326509156,3.48053401808897
2025-09-10 03:00:00,13.2277524385174,17.6251638826115,502.234284648888,0.317428457027778,0.215479031015568,3.59908506132738
2025-09-10 03:15:00,13.2181152114844,17.1702136277262,508.688064913333,0.322090565611111,0.216245177038349,3.61655839060356
2025-09-10 03:30:00,13.2372327224157,17.4001124521299,509.341685833333,0.323654812638889,0.215198400931076,3.56226203688173
2025-09-10 03:45:00,13.9991759834271,17.039703421179,512.782616864444,0.322654510194444,0.331635058029512,3.56798418723652
2025-09-10 04:00:00,13.9430037059676,17.0400623061109,513.410083468889,0.32301270475,0.394469997825434,3.47214789072667
2025-09-10 04:15:00,14.0267149652027,17.3479214249758,511.249818377778,0.321275453861111,0.429640025427071,3.57891285802271
2025-09-10 04:30:00,13.9544475493537,17.5418285312853,507.957265977777,0.322221514972222,0.425533584782653,3.54918701043681
2025-09-10 04:45:00,13.9816345801228,17.7283367723621,502.304122042222,0.322679541638889,0.422722975733975,3.61682112666322
2025-09-10 05:00:00,13.9195766589035,18.0384464811426,501.293892664444,0.321854297416667,0.41751909950323,3.71834916506589
2025-09-10 05:15:00,13.8961826820266,17.8203393608803,499.468225497778,0.322314822888889,0.412933256091305,3.69558979534113
2025-09-10 05:30:00,13.9114616548645,16.8964943607564,495.276965302222,0.325130348333333,0.417774858108766,3.60178209355155
2025-09-10 05:45:00,13.849976745266,17.9650109728711,492.263513495555,0.328055393666667,0.426956021562765,3.66822998669085
2025-09-10 06:00:00,13.8860518455035,17.3133952177653,490.332321719999,0.325548735888889,0.414882023467846,3.79123903552999
2025-09-10 06:15:00,13.6288492488398,10.7434387918133,478.321708384444,0.326849179555556,0.41869739398285,3.73740760406022
2025-09-10 06:30:00,13.5959214708713,10.72117089625,468.70918978,0.324588076,0.305850511323437,3.86960561089774
2025-09-10 06:45:00,13.6299023637569,17.1284902434254,465.214070759999,0.324570521111111,0.275133308253453,3.88374674830553
2025-09-10 07:00:00,13.5615512905825,17.6222160701663,433.379137757777,0.322685186222222,0.253265433315103,4.04756806537841
2025-09-10 07:15:00,13.4881599560417,17.2500116360026,430.309347546665,0.326320172888889,0.216639291967845,4.2410896991062
2025-09-10 07:30:00,13.0189596513906,17.9357141685963,430.416283997777,0.323849638888889,0.164476821806287,4.26703492278551
2025-09-10 07:45:00,13.4495082392014,17.4336662083014,429.733530944443,0.324870447333333,0.181610517742295,4.26297156632318
2025-09-10 08:00:00,13.4676582413348,17.0327888689953,436.002085506667,0.327501684,0.209580813773952,4.50741875952068
2025-09-10 08:15:00,13.3805661994787,17.2617856956583,434.754845046666,0.328780269777778,0.213096655420338,4.47557804308207
2025-09-10 08:30:00,13.3652222520358,10.6948262489033,432.424902822222,0.328978294222222,0.204047854069192,4.35573191316461
2025-09-10 08:45:00,12.951812765234,10.6982260363867,427.229845433333,0.330267805555555,0.147247141275565,4.49949180527542
2025-09-10 09:00:00,12.9271871513436,10.7274868996833,423.952914777778,0.330264307555555,0.148168979206963,4.46253665207507
2025-09-10 09:15:00,13.2449236573529,10.7120269492833,423.901321341111,0.327066443555556,0.155117172197252,4.36758140305217
2025-09-10 09:30:00,13.2060527502092,10.6625753972167,423.703967676667,0.32628598,0.188189327830626,4.25101211191919
2025-09-10 09:45:00,13.223756794974,10.6590085104967,423.473699896667,0.327579442888889,0.19503592943338,4.29253791289904
2025-09-10 10:00:00,13.0667253823229,10.6565786800433,423.413795641111,0.325823243333333,0.147817982020833,4.30814441646115
2025-09-10 10:15:00,12.499615722094,10.6721794003033,423.45463741,0.327767091555556,0.0640630086113658,4.34518075145533
2025-09-10 10:30:00,12.3801906372163,16.9151299563576,423.65015597,0.328393472,0.141444084642422,4.13141073501038
2025-09-10 10:45:00,12.3778815583956,17.0624107817155,423.660123054444,0.326726797333333,0.149120341727591,4.18084046404696
2025-09-10 11:00:00,12.3868249379896,16.8906823009224,423.801810336667,0.3261509,0.150950397847387,4.30193603410791
2025-09-10 11:15:00,12.6057517855344,17.4126900719424,423.861712007778,0.327284675555555,0.154358057763643,4.14606778444585
2025-09-10 11:30:00,12.4511903647615,17.2055922559247,423.605209183333,0.326090489111111,0.158390452421345,4.16375428290528
2025-09-10 11:45:00,12.4643930258519,17.1334986353261,423.550919074445,0.329727945111111,0.160551934243586,4.13541704575117
2025-09-10 12:00:00,12.4741829263141,16.9320184029284,423.71483537,0.330468556444444,0.159432539963782,4.12025632818186
2025-09-10 12:15:00,12.4430526699391,16.4585827639109,425.747024542222,0.329584630666667,0.160184066087989,4.16461983558542
2025-09-10 12:30:00,12.5852044413272,16.5928672018951,428.097374882222,0.330162764,0.1609920859556,4.12138078836911
2025-09-10 12:45:00,12.421049078425,17.158178669541,428.944327108889,0.329817487111111,0.168733557274613,3.96279861311987
2025-09-10 13:00:00,12.2164089259717,17.4243405693516,428.241692895555,0.331183694666667,0.173830644093592,3.85074917212362
2025-09-10 13:15:00,12.1660614965876,17.587242294378,424.531027092222,0.326904678666667,0.17682459793021,3.701955894747
2025-09-10 13:30:00,12.1476919663876,16.8761844250049,424.086080368889,0.330791398888889,0.17643197982196,3.87036934300737
2025-09-10 13:45:00,12.180579067835,16.701675337537,428.896531053333,0.331130443333333,0.178427497149108,3.7011257727557
2025-09-10 14:00:00,12.1952406786217,16.7919679457405,429.270146382222,0.332034226,0.178531292220087,3.67331739707668
2025-09-10 14:15:00,12.1723285076513,16.665218653036,428.863679742222,0.332960658888889,0.178970977143259,3.66730283183068
2025-09-10 14:30:00,12.2028900964662,17.0974714847653,431.654543317778,0.326434935666667,0.181256634678123,3.61693626832196
2025-09-10 14:45:00,12.1540413688202,17.2636316845275,433.087158782222,0.327113644777778,0.181622975370563,3.61734556671718
2025-09-10 15:00:00,12.1542857555062,17.3118890757798,433.165919144444,0.326856468555556,0.180097780066419,3.64658990980573
2025-09-10 15:15:00,12.193478601195,17.7669256767689,432.571025968889,0.328279423,0.18006462569612,3.52221182318517
2025-09-10 15:30:00,12.1931250091788,16.7657067203557,429.3908652,0.328393621888889,0.192096430206112,3.50653030414902
2025-09-10 15:45:00,12.2003742867906,17.2106685527401,432.211672195556,0.326774287305556,0.193794921698785,3.45673467664308
2025-09-10 16:00:00,12.1475408813432,17.8147917751556,434.585486677778,0.327960524638889,0.198043545758392,3.55261290715822
2025-09-10 16:15:00,12.1230954750588,16.8113974213415,437.928051477778,0.328154173972223,0.202237715886633,3.37954184716614
2025-09-10 16:30:00,12.1229492979269,17.5185400395416,438.697436062222,0.330139614416667,0.204488905504402,3.42623004515967
2025-09-10 16:45:00,12.1048114314617,16.9786986220165,439.482100386667,0.330756273972223,0.206053543531194,3.35297121677403
2025-09-10 17:00:00,12.1518612808869,16.5737322990069,439.95015284,0.33319751575,0.208667781972471,3.44464367798292
2025-09-10 17:15:00,12.1386700772928,17.4251062578105,439.313500991111,0.331321665527778,0.209283075671885,3.29101133714201
2025-09-10 17:30:00,12.1736256672395,17.394305116253,437.271091326666,0.330611947527778,0.209784045843126,3.46152273975101
2025-09-10 17:45:00,12.185741165838,17.403471973681,436.936405591111,0.329646296416667,0.211462814137858,3.39360427310083
2025-09-10 18:00:00,12.1707216023462,17.7732619906628,436.907470533333,0.329338091972222,0.211353610826718,3.37475619826912
2025-09-10 18:15:00,12.0896386453328,16.649741207845,434.843392922222,0.321631862638889,0.21477867749036,3.18330840680958
2025-09-10 18:30:00,12.1939716088426,17.1939306275382,438.728968715555,0.327862923305556,0.209820100896306,3.29411953204298
2025-09-10 18:45:00,12.1331284237196,16.4146786039778,436.872391217778,0.326995028416667,0.21185704952113,3.28689577063836
2025-09-10 19:00:00,12.1726254744856,16.5710080369073,434.095679739999,0.324395244194444,0.215099437051949,3.28548793636198
2025-09-10 19:15:00,12.2853718873641,16.868256499752,434.770948708888,0.325430402861111,0.215236049378834,3.3565474179247
2025-09-10 19:30:00,12.2950340302708,17.3911801834583,434.19235673111,0.324305316194445,0.214681760162953,3.34036242128605
2025-09-10 19:45:00,12.0764053339518,16.751220457575,436.886456195555,0.323102778638889,0.212783868091824,3.30537140642862
2025-09-10 20:00:00,12.1974907199222,16.6150051409291,439.589769973333,0.323836712888889,0.208861020226742,3.32642577251746
2025-09-10 20:15:00,12.1587404746604,17.1556299720749,439.799089442223,0.325348959305556,0.207380413171231,3.32060720986359
2025-09-10 20:30:00,12.6635901787163,17.2867043828624,439.183317855556,0.322232385333334,0.208964570551865,3.34922074926517
2025-09-10 20:45:00,12.085707742653,16.6779359721682,438.822485864444,0.329031709972222,0.206424837430101,3.39374150433689
2025-09-10 21:00:00,12.3365784147859,17.3952604825518,437.555878017778,0.323809813777778,0.208092715447691,3.27709032616846
2025-09-10 21:15:00,12.1600919813474,17.2717615153995,437.726910582222,0.324743062861111,0.204263465961863,3.35042283765836
2025-09-10 21:30:00,12.1723322469503,17.8929063607816,433.331996108889,0.325050288416667,0.203647215702846,3.35839571625539
2025-09-10 21:45:00,12.1545512057697,16.7336801600878,428.83045428,0.325263059083334,0.203795434280575,3.2805351320763
2025-09-10 22:00:00,12.0893188205715,16.9703881774358,424.332930653333,0.326715091527778,0.202155543006078,3.32636637957951
2025-09-10 22:15:00,12.213725505417,16.3612171969156,423.745084251111,0.326032380861111,0.201686370256328,3.4050459806527
2025-09-10 22:30:00,12.2148098019759,16.6457929868254,423.064881304444,0.327530783972222,0.201589738698794,3.38178322648709
2025-09-10 22:45:00,12.3159437597707,16.3245527694,421.407019191111,0.32590320775,0.190894219295721,3.32779871886729
2025-09-10 23:00:00,12.6583360672962,17.3540674953279,419.957070908889,0.324432477444444,0.177819304941074,3.40143292163553
2025-09-10 23:15:00,12.2741986058513,17.0544792842222,419.504576508889,0.325081434083333,0.17777686556879,3.43441321234379
2025-09-10 23:30:00,12.1491081399509,16.5045742414346,418.439732828889,0.321205150638889,0.177950598481676,3.39157533053681
2025-09-10 23:45:00,12.0003548841109,17.3188423311285,418.157681004445,0.322224579861111,0.178009001792633,3.43222031012537
2025-09-11,12.1420910390961,15.9825489148089,418.350804917778,0.325938145972222,0.17736330617972,3.36637894785423
2025-09-11 00:15:00,12.2024854686591,16.9073069028418,419.456588928889,0.324507136972222,0.178344591741928,3.35753260388022
2025-09-11 00:30:00,12.4648983895876,18.0108845102325,419.828803288889,0.325098069638889,0.178697630956358,3.31982189962338
2025-09-11 00:45:00,12.438789816561,17.3285926040392,420.069589608889,0.320692401194444,0.178687680364885,3.26844146305941
2025-09-11 01:00:00,12.4083336687405,18.0365218097691,420.051790024445,0.321378728083333,0.178393193423764,3.27550306477594
2025-09-11 01:15:00,12.4843608269002,17.4561788937377,420.573694786667,0.317678264972222,0.178275746041163,3.25440205800471
2025-09-11 01:30:00,12.4450425976354,17.9789173014886,420.850790455,0.317087887416667,0.181978812661522,3.27961982253437
2025-09-11 01:45:00,13.6051423251006,18.3088692571788,422.040391783889,0.313998323777778,0.185011271561016,3.35567187112702
2025-09-11 02:00:00,12.7584364505575,17.6323241215253,421.111228499445,0.319550700555556,0.178335853321223,3.44206781505499
2025-09-11 02:15:00,12.297580601628,16.6980501891798,419.767829484445,0.319092194083333,0.178909931023737,3.49847883789625
2025-09-11 02:30:00,12.3254207614605,17.0659127954416,419.683222871111,0.326096013194444,0.178852069611525,3.60496433997955
2025-09-11 02:45:00,12.3239211129461,16.6595564761708,419.499014868889,0.328212695972222,0.178833494283867,3.64135354964922
2025-09-11 03:00:00,12.2836125983029,16.2755256741143,467.177401568888,0.323666577527778,0.217038178931077,3.71177026132502
2025-09-11 03:15:00,12.6529290877251,15.2973325539018,500.042296746666,0.321811850555556,0.221913156700706,3.75120836401795
2025-09-11 03:30:00,12.5035011963254,14.3220246201434,506.682591728889,0.325911061138889,0.216397620708077,3.67777754963767
2025-09-11 03:45:00,12.6748238320796,14.7244135098239,515.444924275556,0.322767325583333,0.212003442617699,3.77505592276955
2025-09-11 04:00:00,12.6062814819237,14.6394432397694,519.662610570371,0.323659237638889,0.212936609802363,3.81962331082933
2025-09-11 04:15:00,12.8313554111478,15.1558061584374,568.461821174133,0.320752871861111,0.213863666207077,3.74567574266036
2025-09-11 04:30:00,12.6857724886547,13.8097739887111,599.98974306777,0.31877857575,0.214035862312029,3.77731982365416
2025-09-11 04:45:00,12.6732118302813,13.7412343317695,637.033689777224,0.320381516861111,0.214751380654698,3.87378702583224
2025-09-11 05:00:00,12.7108995367007,13.7218158727075,666.510083108355,0.320907113527778,0.214521464173283,3.7861829081232
2025-09-11 05:15:00,12.6808747059363,13.8673416434396,664.390613429602,0.320081661083333,0.215202493694571,3.63004685174053
2025-09-11 05:30:00,12.6147380357407,14.8578016954709,617.838582887857,0.321022591083333,0.214800540449931,3.65078218887156
2025-09-11 05:45:00,12.5468294722933,15.2148744204236,604.116928808594,0.322646844638889,0.217912374331855,3.7494260657181
2025-09-11 06:00:00,12.6778498927126,15.0662379231793,593.901689824834,0.322771710861111,0.214915833386993,3.79001020408115
2025-09-11 06:15:00,12.5486468193141,15.2637910185483,573.792982818949,0.322005724861111,0.216070728928429,3.67856635333647
2025-09-11 06:30:00,12.5746510607215,10.5900745639467,570.721996664724,0.322291874861111,0.216664835063828,3.69858985286912
2025-09-11 06:45:00,12.7290022782444,10.5500214881033,562.128828439368,0.318809583972222,0.214866667202821,3.70292467597855
2025-09-11 07:00:00,13.0032951374298,10.5373227526667,552.436262460257,0.31985734175,0.216381415322001,3.67225351212914
2025-09-11 07:15:00,13.0096954097477,10.5757439269333,543.559666118073,0.322599609527778,0.217968258011208,3.74255412166988
2025-09-11 07:30:00,13.1334396530899,10.5395246341667,538.466599600172,0.323215439527778,0.215140714478114,3.72947440520945
2025-09-11 07:45:00,13.0423802046137,10.5542580264033,523.846519406667,0.321611460638889,0.213878999726422,3.76604449463027
2025-09-11 08:00:00,13.0901438467992,10.5118648084667,523.439912180001,0.322937077083333,0.21288927832439,3.8782404417002
2025-09-11 08:15:00,13.3094368303677,10.5143430677667,519.358234317778,0.322817314416667,0.217126343048529,3.68350472257321
2025-09-11 08:30:00,13.5756235063884,10.5138177348667,519.404716133334,0.32211474575,0.242494297572243,3.73302940366546
2025-09-11 08:45:00,13.711944598254,10.5214681125433,518.983969044445,0.322980132194444,0.325763900838783,3.78406484284847
2025-09-11 09:00:00,13.8204296967266,10.5138177348667,518.911830126667,0.322727339305556,0.352157967561706,3.65395725689566
2025-09-11 09:15:00,13.8583660413974,10.5111652607667,509.318557286666,0.321309147083333,0.32818615623675,3.81489069823737
2025-09-11 09:30:00,13.8002228866557,10.5259852227033,500.109262595555,0.322266225222222,0.25403084736986,3.94955074929773
2025-09-11 09:45:00,13.5432810170498,10.5210183444167,495.971465335555,0.322303992,0.210236631152359,4.02998521357222
2025-09-11 10:00:00,13.0366603662349,10.60283603105,490.893812159999,0.324738313444444,0.205578880613021,3.96312234828953
2025-09-11 10:15:00,12.7193833509881,10.6998903612733,478.222273311111,0.324837539333333,0.211836459823528,3.96110238741865
2025-09-11 10:30:00,12.7361685830622,10.6966353405533,473.095743204444,0.326587602888889,0.211123596547983,3.96130083077504
2025-09-11 10:45:00,12.7020177539748,16.3997991374864,469.846171231111,0.325500503111111,0.209482593312441,4.0579002425245
2025-09-11 11:00:00,12.6955761101467,16.2039088280453,466.476488015555,0.328204250222222,0.209214829879961,4.03693251228063
2025-09-11 11:15:00,12.5001187647585,16.3134977395062,453.163517835555,0.325678185333333,0.207121144831823,4.10520766271995
2025-09-11 11:30:00,12.2572959757748,16.8859536854804,436.954438413332,0.326476851333333,0.206730929349931,3.93068896740722
2025-09-11 11:45:00,12.2808408399511,16.9270914550687,433.561125082221,0.326348818222222,0.205534830371703,4.03447897381152
2025-09-11 12:00:00,12.2291273449141,16.8086903869169,433.235931282221,0.325758811111111,0.206031227714294,4.0529756472047
2025-09-11 12:15:00,12.2644174937526,16.6044332897605,433.221680988888,0.325720866888889,0.20593520880235,4.0953912369205
2025-09-11 12:30:00,12.2525002787154,16.5553421397802,435.495118615555,0.322294253694444,0.202269338995074,4.13019644252429
2025-09-11 12:45:00,12.2927562603554,16.6213849375638,433.514349628888,0.325064078361111,0.199667486979168,4.14279451724983
2025-09-11 13:00:00,12.2705386530709,16.481958699246,435.003799306666,0.323285581694444,0.199427750477701,4.17610706225325
2025-09-11 13:15:00,12.3103815392973,16.9934272511073,434.361650073333,0.324323513472222,0.198611647099152,4.24194302325884
2025-09-11 13:30:00,12.314993609075,16.8240268504703,434.353147939999,0.324455963916667,0.1934923531842,4.335445650273
2025-09-11 13:45:00,12.2883837791358,16.1870749463457,434.94888933111,0.32552800325,0.193190293044424,4.21557764810629
2025-09-11 14:00:00,12.2849145176602,16.5608046132034,434.251241175555,0.326091118805556,0.193115470731264,4.26135091302287
2025-09-11 14:15:00,12.2849145176602,16.3966469912686,434.630296086666,0.327764836138889,0.192369388802206,4.22832284195868
2025-09-11 14:30:00,12.320880607478,17.3577430578098,434.181642108888,0.323522187138889,0.193695196849484,4.1688723828809
2025-09-11 14:45:00,12.3208239185225,17.1585206257188,434.03150657111,0.323462122472222,0.192170269413202,4.31395665357285
2025-09-11 15:00:00,12.3126049776084,17.348628740239,434.659407822221,0.326709576916667,0.194702804499031,4.28810229269571
2025-09-11 15:15:00,12.3126049776084,16.2300807569358,434.240498717777,0.327330345361111,0.202597170710457,4.35092440605342
2025-09-11 15:30:00,12.2921410512869,17.4693203653133,434.547019362221,0.324900091444445,0.209190984453382,4.26759809725578
2025-09-11 15:45:00,12.3128091604528,17.0398894547718,435.117769904444,0.319869387833333,0.212473271740971,4.16856348836971
2025-09-11 16:00:00,12.1638854615299,16.0210234281043,434.599940259999,0.323410207222222,0.215400735537526,4.35937736934565
2025-09-11 16:15:00,12.3101742783195,16.6603634300285,435.642870713332,0.325454380333334,0.215646152907038,4.2803336784994
2025-09-11 16:30:00,12.2874996024365,16.8876652980117,435.123382866666,0.324174274416667,0.216025787242191,4.21895624246444
2025-09-11 16:45:00,12.2986481054484,17.0773058363815,435.731615075555,0.321017527527778,0.215384767600442,4.12205166327374
2025-09-11 17:00:00,12.2797470500247,17.3562852564083,435.276056162221,0.326739327083334,0.215474736338716,3.98901107312311
2025-09-11 17:15:00,12.2777672630676,17.3884156126905,435.90408549111,0.327762879527778,0.215610607282163,4.05799110182731
2025-09-11 17:30:00,12.2685772736913,17.3670819938265,435.586983135555,0.325493664861111,0.215319907866477,4.16077841049998
2025-09-11 17:45:00,12.2697353871565,16.7408433358794,436.175453846666,0.328264386194445,0.216031393264163,3.8941413061795
2025-09-11 18:00:00,12.2554696414173,17.4197370121669,435.909876715555,0.327308945305556,0.215447590992377,4.04348258054431
2025-09-11 18:15:00,12.2357219454202,16.9029631730554,436.512092035555,0.326712413083333,0.215541087045766,3.92265643730028
2025-09-11 18:30:00,12.2579541225358,17.5846740506972,436.723255268888,0.322245708861111,0.215122381686318,3.7642151271099
2025-09-11 18:45:00,12.1948570919062,16.8705878790521,436.444541179999,0.323910628638889,0.215059537696666,3.86246674031384
2025-09-11 19:00:00,12.1790509285417,17.6000799934801,436.852904744444,0.325440915527778,0.214609838095431,3.76460616252907
2025-09-11 19:15:00,12.1814913923536,17.152003920342,438.343148197777,0.327967861527778,0.21501409209508,3.79808120151948
2025-09-11 19:30:00,12.1693864962143,17.8982220708375,438.369433984444,0.328322225527778,0.214604098195103,3.8076143298864
2025-09-11 19:45:00,12.1742952125417,17.4145581285575,438.129554824444,0.328002923083333,0.214666211728559,3.78252986448061
2025-09-11 20:00:00,12.1742952125417,17.9183494575465,438.143462922222,0.327904598416667,0.214781218870277,3.70489523298389
2025-09-11 20:15:00,12.135266927281,17.4610320945606,437.672563633333,0.327199856861111,0.215357934206872,3.70016131166379
2025-09-11 20:30:00,11.9864424297551,16.1803153878997,437.876035557777,0.322408671083333,0.214932940542215,3.6556509604134
2025-09-11 20:45:00,12.1296534894277,17.3650596866983,437.481753102222,0.325904487083333,0.21452082288116,3.64601378094064
2025-09-11 21:00:00,12.1343602460069,17.1535972227994,437.622283808888,0.327088934638889,0.214844121262424,3.80068242580622
2025-09-11 21:15:00,12.1483238216573,17.4910647764663,436.581378382221,0.321219652416667,0.214035421930472,3.69956119373471
2025-09-11 21:30:00,12.0993777736958,17.2821900048004,437.134701784444,0.323645015527778,0.214936530242732,3.57344615057564
2025-09-11 21:45:00,12.0535844182973,16.5299437416659,437.195330595555,0.319717310861111,0.214855570477785,3.63086667673395
2025-09-11 22:00:00,12.4659256293833,16.995912956301,437.060541059999,0.317866188194445,0.213827993574402,3.65317970794569
2025-09-11 22:15:00,12.2289699848426,17.0588698816189,437.207692991111,0.31850553775,0.212829404231993,3.76197388934509
2025-09-11 22:30:00,12.6044151254082,17.0867386343269,437.777181273333,0.318633858194445,0.215182333298532,3.7933934135793
2025-09-11 22:45:00,13.4619672668333,18.1335482004268,440.137952913333,0.316903500666667,0.220377536216612,3.71258436136991
2025-09-11 23:00:00,13.9674259828761,16.6441467934617,438.250942199999,0.316776094888889,0.218354328972191,3.79591553789646
2025-09-11 23:15:00,13.976664043285,16.4459806901977,436.645875193333,0.318605799555556,0.220191757320274,3.74757714418362
2025-09-11 23:30:00,14.1628235957548,17.328410704497,436.106934857777,0.318317084666667,0.21592948817551,3.78954258698367
2025-09-11 23:45:00,14.0683061946835,16.211371762657,435.725290613332,0.319586024888889,0.216006132923017,3.85513768718954
2025-09-12,13.234477719473,16.1860119738859,435.173785157777,0.318616488222223,0.218560625460178,3.7391912892016
2025-09-12 00:15:00,14.1650603317342,15.92238954553,434.146879597777,0.318519485777778,0.219852493386671,3.770282869157
2025-09-12 00:30:00,14.2532685342143,16.6647379872859,433.304065659999,0.316246922888889,0.219753745518601,3.85031379153567
2025-09-12 00:45:00,14.148339775134,16.2461783114586,433.129199031111,0.317760638222223,0.215924586425238,3.83098852787633
2025-09-12 01:00:00,14.742157728344,16.9634342973796,435.908907611111,0.315423308222223,0.216605979186083,3.88454193893102
2025-09-12 01:15:00,14.4839040854805,16.9416187580073,435.775329088889,0.317228134666667,0.216341588822253,3.90570687712127
2025-09-12 01:30:00,14.2901973615344,16.3962018888908,434.79630898,0.317693446,0.20674816012771,3.93285959079797
2025-09-12 01:45:00,14.6648968127735,16.0969825301001,432.295565615556,0.316053825111112,0.210560190875225,4.04750506205214
2025-09-12 02:00:00,14.0836313454835,15.7956421226034,424.536961828889,0.319400160222223,0.204104812296703,4.19018463498827
2025-09-12 02:15:00,13.958471943096,16.1622347778625,420.770725586667,0.320798219333334,0.200439871230371,4.07312079001114
2025-09-12 02:30:00,14.1592089018326,15.5236709181556,425.371962188889,0.319822187555556,0.202922046907346,4.06129519314764
2025-09-12 02:45:00,13.9311335188078,16.3427602144146,425.01758548,0.321274659555556,0.20163188145967,4.0503047579399
2025-09-12 03:00:00,13.9036096713767,10.5101999124099,426.18373148,0.321041248,0.201471211394484,3.98947868012934
2025-09-12 03:15:00,13.8004314795072,16.9581376073169,425.600248288889,0.322237241777778,0.203563506793,3.94538158984195
2025-09-12 03:30:00,12.2717370927282,16.8261021643116,423.394790331111,0.325334462416667,0.202669764274956,4.09111437556797
2025-09-12 03:45:00,12.066568388407,16.5010458157187,427.7584591,0.329369107527778,0.203136716982585,4.04464469710621
2025-09-12 04:00:00,12.3090539517281,17.2797685908442,428.860749311111,0.322898531111111,0.205254138673079,4.01158834199553
2025-09-12 04:15:00,12.2504666771444,17.3902283270247,428.864891713333,0.326016538416667,0.20323859262742,4.05068020387753
2025-09-12 04:30:00,12.1488414895177,16.7776367932568,428.851906902222,0.326010022861111,0.203465825253511,4.06453596542772
2025-09-12 04:45:00,12.2014614606199,16.0695522197342,427.088918571111,0.326776474194445,0.202297028686228,4.13385429905236
2025-09-12 05:00:00,12.2077146713859,17.2200887456866,424.990905313333,0.326005946638889,0.202956946287986,4.05667720164157
2025-09-12 05:15:00,12.1027287768411,16.7982533309725,424.417448695555,0.326617033305556,0.203111705018972,4.0347833903307
2025-09-12 05:30:00,12.1781121082678,17.4177360237234,424.211103897777,0.32574229175,0.202573668863839,4.0983718986207
2025-09-12 05:45:00,12.2067997979122,17.0111369007889,424.280490375555,0.326814683972223,0.202585810499562,4.07004840406103
2025-09-12 06:00:00,12.0601233928337,16.6834892341848,424.120973517778,0.32735883575,0.202834219844518,4.07895022395646
2025-09-12 06:15:00,12.2623795139196,16.1095593648299,423.714039962222,0.330221494861112,0.201667686140911,3.97425766803471
2025-09-12 06:30:00,12.3963623707684,17.5679553557352,423.315078197778,0.32348440975,0.201973384644914,4.04605439803282
2025-09-12 06:45:00,12.0233179540662,16.9295136366564,423.269147813333,0.328620098638889,0.202855422111105,4.05485623943048
2025-09-12 07:00:00,12.1335418900587,17.0319498787173,423.307689841666,0.324639458416667,0.202930219460587,4.07649421362609
2025-09-12 07:15:00,12.1186856215402,17.4134928840613,423.415009175,0.326891395527778,0.202322716962561,4.10131555785341
2025-09-12 07:30:00,12.1665258159002,18.2782409092639,423.669092521667,0.325408181972223,0.199856075014253,4.03161392360627
2025-09-12 07:45:00,12.3976218336159,17.6567303647266,423.725436570556,0.325618327305556,0.197651379259176,4.03842332275149
2025-09-12 08:00:00,12.3905133464026,17.9651574317757,423.877282827778,0.32318463975,0.196084218514684,3.99342774034311
2025-09-12 08:15:00,12.3890102767952,17.4876468862898,423.738879283333,0.322893626861111,0.19646754151007,4.01517817809766
2025-09-12 08:30:00,12.2856620356322,16.4349981018341,423.656808718889,0.321890146416667,0.198608982053559,4.04283873162817
2025-09-12 08:45:00,12.2556533375743,16.6786123944351,422.191006193333,0.323348274194445,0.198850753351189,4.13598652806693
2025-09-12 09:00:00,12.1459648599758,17.5720142586757,421.349488961111,0.323150691527778,0.183931117010749,4.14842751468549
2025-09-12 09:15:00,12.3451204556783,16.8729276066105,421.4691549,0.320861588638889,0.181398043570996,4.18412471609635
2025-09-12 09:30:00,12.5089399147768,16.6628599223067,420.850990448333,0.323224010305556,0.178725533706271,4.18454530237229
2025-09-12 09:45:00,12.2856147174102,16.7061859769033,420.559194858889,0.322139205194445,0.179020051683012,4.19791589483827
2025-09-12 10:00:00,12.2649479834839,17.2545781120631,421.734879052222,0.324288573083334,0.184346202192123,4.28508154810519
2025-09-12 10:15:00,12.1106608937388,17.0455575275182,421.97133596,0.326769870194445,0.198084352139726,4.32088884368662
2025-09-12 10:30:00,12.1469560873121,17.2604643396544,422.759697151111,0.325122610305556,0.197993120606136,4.21073167426226
2025-09-12 10:45:00,12.0254596508365,16.8068139127534,423.039284942222,0.328979379527778,0.198107155330558,4.30996625750207
2025-09-12 11:00:00,12.2594681128085,17.5401526252176,424.277606297777,0.332615814638889,0.200362833766052,4.2848096839941
2025-09-12 11:15:00,12.1272867811106,17.2328883707015,427.350217257777,0.333500830638889,0.202095241800531,4.32193117214521
2025-09-12 11:30:00,12.1309661764884,17.2438798377655,429.065361037777,0.331682104638889,0.202838894649242,4.16238195408772
2025-09-12 11:45:00,12.0256435522025,17.0703455451907,435.569434002222,0.333286288638889,0.203328949195992,4.29404460325989
2025-09-12 12:00:00,11.9972413081225,16.8214683905261,437.871603613333,0.333415254194445,0.2041907160419,4.3167895796727
2025-09-12 12:15:00,11.8575975484721,16.309903738588,438.700987011111,0.335063885527778,0.205835483078477,4.28829507161232
2025-09-12 12:30:00,11.9396669788158,16.9652047922859,437.250543993333,0.332590800861111,0.207553338808747,4.33492782591234
2025-09-12 12:45:00,12.0139646184143,17.5205792912741,436.801217288889,0.333153160638889,0.208306224947095,4.30817503967666
2025-09-12 13:00:00,11.8991397794277,16.4746414349692,436.891256317778,0.333133959527778,0.208972481295922,4.32803720226302
2025-09-12 13:15:00,11.9012130048321,16.2207232226284,434.4618955,0.329752679527778,0.209818472086172,4.27663893783116
2025-09-12 13:30:00,11.9329829148869,16.3375656613327,434.079998362222,0.329741584861111,0.214516098801625,4.23994011413363
2025-09-12 13:45:00,11.9058160454188,16.1980890205181,433.323008413333,0.329039327972223,0.21465616514294,4.2783326774404
2025-09-12 14:00:00,12.038974691158,16.7254493401681,434.890217871111,0.327112067305556,0.21469781890851,4.29494473794049
2025-09-12 14:15:00,12.0895052766558,16.7118869462711,434.858283746666,0.328495563972223,0.214779388775807,4.38068180656234
2025-09-12 14:30:00,11.9802353225862,16.3043450985565,434.662635475555,0.327923116861111,0.216101114438809,4.35581197565929
2025-09-12 14:45:00,12.1221982504943,16.7470366255941,434.922784448888,0.327196204416667,0.214670815586432,4.25722331079735
2025-09-12 15:00:00,12.0913796717477,17.6761733288484,434.280994928888,0.324214308861111,0.214487019488926,4.33155483522483
2025-09-12 15:15:00,12.0917223534914,16.6975654225267,435.037349722221,0.324762094638889,0.214734544507943,4.19538116453174
2025-09-12 15:30:00,12.1014775052484,16.7906441894008,435.645447173332,0.324139530638889,0.214261224133576,4.11249750750267
2025-09-12 15:45:00,12.1164622516321,16.858741405399,436.381497042222,0.323506870416667,0.213958546700796,4.16530771121317
2025-09-12 16:00:00,11.9908282225314,16.2303471745841,436.565741464444,0.324118882194445,0.214094735810856,4.14081177907638
2025-09-12 16:15:00,12.1347890128795,16.9635022276639,437.14013695111,0.32486095975,0.21422475259486,4.26370345946361
2025-09-12 16:30:00,12.2185111785136,16.9871380008822,436.906534673333,0.31897635775,0.213367558857531,4.12242572325047
2025-09-12 16:45:00,12.1085603688441,16.4704748362393,437.196041897777,0.319102264416667,0.212930135773948,4.22701092801019
2025-09-12 17:00:00,12.2305829163165,17.0745749015978,437.678431888888,0.31863437575,0.212888145765725,4.22344415272604
2025-09-12 17:15:00,12.1466666572751,17.0200846159961,437.19755919111,0.322186337972222,0.214231817578061,4.24234226447998
2025-09-12 17:30:00,12.3399662928915,17.0211847338092,437.078675862222,0.317778767972222,0.214245369965183,4.14625017723292
2025-09-12 17:45:00,12.2117998389032,17.6094713879627,437.225952146666,0.317651119083333,0.215585077807819,4.37677344258203
2025-09-12 18:00:00,12.1355549208558,17.440238781815,438.243283617777,0.322202902194445,0.215094123797603,4.5095347461497
2025-09-12 18:15:00,12.0169981359151,16.0830900162826,438.836082108888,0.322149731083334,0.215407251451299,4.33185190108137
2025-09-12 18:30:00,12.0449857383343,16.6455441860188,440.722581917777,0.32298534575,0.215809446890831,4.33818054035816
2025-09-12 18:45:00,12.2277530339641,16.909969484312,440.254169953333,0.318981251305556,0.215221947163931,4.48961908714894
2025-09-12 19:00:00,12.1600577960218,16.7486918365261,453.608544933333,0.318158580861111,0.215194883619017,4.66064297019899
2025-09-12 19:15:00,12.3515578418944,15.6271754296155,462.025205695555,0.318594733527778,0.214811205162223,4.64330669672553
2025-09-12 19:30:00,12.1388311999997,16.8050743615082,463.912039064444,0.321440871305556,0.215216518923344,4.73296091538098
2025-09-12 19:45:00,12.1368004020054,17.2655441478251,465.190968077778,0.322017057305556,0.215170680425138,4.54184439655569
2025-09-12 20:00:00,12.2416816660932,16.1393102018843,465.174769453333,0.31779867375,0.214773695532914,4.6228569497025
2025-09-12 20:15:00,12.5483072161761,17.3407152774252,466.063061093333,0.317529674638889,0.214450678791752,4.71534047582115
2025-09-12 20:30:00,12.1117605906012,16.2495139663929,466.865483006667,0.31885926375,0.214918417278296,4.59904702949393
2025-09-12 20:45:00,12.3762652657285,16.601616611451,470.295631417778,0.318442268638889,0.215736215191108,4.59455251765796
2025-09-12 21:00:00,12.23057555629,16.3166718191734,470.575122764445,0.31925733375,0.215669832565907,4.62766081728108
2025-09-12 21:15:00,12.556309097388,17.7502851080078,468.558780357778,0.31857780975,0.214880046673505,4.78538651900009
2025-09-12 21:30:00,12.5553942937344,17.4900438260968,470.633760084445,0.31878318975,0.215224848649274,4.86361479613842
2025-09-12 21:45:00,12.4085108495154,16.8503270475075,470.159044646667,0.31895536175,0.215455303347869,4.7913595922848
2025-09-12 22:00:00,12.3914159401272,16.4392832366711,471.988351808889,0.318395306861111,0.215003329249256,4.82620013310615
2025-09-12 22:15:00,12.114892242545,16.6136585346816,471.585800908889,0.318832866194445,0.215245988188033,4.89951380728685
2025-09-12 22:30:00,12.5223707001266,17.0943662327154,467.649113942222,0.318149523972222,0.215289958459311,4.92627884422799
2025-09-12 22:45:00,13.9652244765012,16.9439440195813,466.825671317778,0.316076721111111,0.218269225267584,4.96824155331396
2025-09-12 23:00:00,13.9080312797176,16.8168572194026,465.126453977778,0.315703152444445,0.218093542948821,5.06663026417117
2025-09-12 23:15:00,12.5816800860834,16.5634395977703,465.676058686666,0.316777185555556,0.219047128017409,4.89427202840218
2025-09-12 23:30:00,12.4199155633833,17.4987806243105,467.039159695555,0.318738160861111,0.216160687718572,4.89601842315142
2025-09-12 23:45:00,12.5652287951015,17.1924947612181,468.345312768889,0.318551650888889,0.219432942547546,4.91272773903932
2025-09-13,12.2988690925577,17.2024741516898,468.19240802,0.321674519527778,0.217294952359024,4.8328309812438
2025-09-13 00:15:00,12.3419837185789,17.0278181077868,471.077192204444,0.320645120638889,0.216522919154323,4.94960513927642
2025-09-13 00:30:00,14.4686272628854,16.3355234253417,479.682258297777,0.315011717555556,0.236715698853664,5.62586518759577
2025-09-13 00:45:00,17.9162097257042,10.5478640187419,502.509296806666,0.307729435555555,0.626304354205633,5.84619325374987
2025-09-13 01:00:00,20.8719285698969,16.5908648863481,520.683904426667,0.305104375777778,0.781979789871027,6.52253885762575
2025-09-13 01:15:00,21.4637789859142,18.4165137506921,514.033630268889,0.301552118,0.922052248187813,6.71964272976161
2025-09-13 01:30:00,22.5563618986089,17.9144081289215,565.186848014721,0.305238830222222,0.951860401958576,6.06813418487907
2025-09-13 01:45:00,23.2618833549346,16.0261900137618,696.659135720841,0.313226427555556,1.0973775348494,5.94527674420543
2025-09-13 02:00:00,24.9858351643408,16.8061501615756,745.925603272687,0.320878317777778,1.25272556643456,6.42928390409748
2025-09-13 02:15:00,22.0791290264488,16.3578501172219,833.803323993901,0.316267879555556,1.41731989313155,5.77253885283855
2025-09-13 02:30:00,20.4244424715557,18.366385341933,904.175285775003,0.310947199333333,1.91732666712302,5.78464863506906
2025-09-13 02:45:00,15.8579593738754,22.2999660664235,910.275431357925,0.311305412166667,2.34700096908907,5.71466321378255
2025-09-13 03:00:00,15.6208382425377,23.7487898480429,812.15805449757,0.312291793277778,2.00214894180952,5.83109230991691
2025-09-13 03:15:00,15.9947964068991,23.5639277711711,698.08032141226,0.315042865388889,1.46585541826324,5.83251336981689
2025-09-13 03:30:00,15.8361547845317,22.1742744376665,601.421796072203,0.316524882277778,1.06637574759487,5.80181096871955
2025-09-13 03:45:00,14.4695206189033,10.59861917257,530.275146545891,0.320896697861111,0.856257735388477,6.0754576510477
2025-09-13 04:00:00,14.4875046950058,10.5648935710933,523.066308213334,0.321055226833333,0.309524493058801,6.21769375252807
2025-09-13 04:15:00,14.4551648730993,10.4671783179533,507.719463484444,0.322476892166667,0.370444589753225,6.34093766283265
2025-09-13 04:30:00,14.5915601247363,10.4671783179533,498.612513153333,0.3201727515,0.367930555165775,6.53852152781763
2025-09-13 04:45:00,14.48286947536,10.4676195008033,497.986854786666,0.322329449722222,0.363762838495093,6.71036288445034
2025-09-13 05:00:00,14.6027427903987,10.3847638560133,496.851376348889,0.321830921972222,0.376542677537489,6.5441379759891
2025-09-13 05:15:00,14.63819958246,10.2487913554133,496.193984493333,0.322382813305556,0.398863079140162,6.48284214969616
2025-09-13 05:30:00,14.7387210027756,10.2502495978133,495.65320184,0.322118443083333,0.371458836224174,6.53756228899798
2025-09-13 05:45:00,14.8271747597994,10.3419793896333,494.44443182,0.321650030416667,0.361802763286252,6.39127564934145
2025-09-13 06:00:00,14.6344744426007,10.3400047401533,492.678142697778,0.32265750975,0.360692437213818,6.47272607357397
2025-09-13 06:15:00,14.8342047800277,10.3401682009533,491.377602826666,0.320530979861111,0.364576816367013,6.22242004172383
2025-09-13 06:30:00,14.8685296262529,10.3421428504333,490.943476597777,0.319080638527778,0.36291783893404,6.159035476222
2025-09-13 06:45:00,14.8694651690423,10.1963107600133,490.108388897777,0.318521822638889,0.364370898603329,6.23316625555619
2025-09-13 07:00:00,14.8929315579193,10.1818065355167,489.066116344444,0.318949483527778,0.372403846197848,6.09311197580507
2025-09-13 07:15:00,14.5783653062724,10.3686633615267,488.818405395555,0.321606026222222,0.364859294661327,6.19363981920891
2025-09-13 07:30:00,14.8916828037257,10.43217220185,488.441833791111,0.318869875555556,0.346109965070168,6.10533627812687
2025-09-13 07:45:00,14.7398656765702,10.4627296032333,487.171077424444,0.319927246444444,0.353495831556952,5.98326472130156
2025-09-13 08:00:00,14.6284227964708,10.5091728492633,484.071949031111,0.319391249,0.344865480992947,5.83673196673718
2025-09-13 08:15:00,14.8652550951637,10.3368784089667,494.992103784444,0.317364505944444,0.36333636930189,6.0007768533413
2025-09-13 08:30:00,14.8058276918932,10.5656502942267,494.566256611111,0.318711264861111,0.353450183663454,5.93369277351562
2025-09-13 08:45:00,14.8860648633702,10.3395249683667,494.311639371111,0.317896642527778,0.354533494011493,6.24038336768047
2025-09-13 09:00:00,14.8801794895376,10.3655456693867,493.235241371111,0.319102304861111,0.342286492851855,6.81695672041008
2025-09-13 09:15:00,14.8783777554931,10.3614342359533,493.031479982222,0.319372735305556,0.342259967049942,7.09711767744538
2025-09-13 09:30:00,14.7174172042783,10.3998374151933,492.495267537777,0.32067380175,0.344320496240146,7.26367875108421
2025-09-13 09:45:00,14.6283211273708,10.3998374151933,491.752670868889,0.319163412305556,0.34515213786624,7.14239960004546
2025-09-13 10:00:00,14.5424837781059,10.5105511535967,491.178219704444,0.319328690972222,0.344726106769187,6.98636224638961
2025-09-13 10:15:00,14.5404560318853,10.4922912917567,490.284732282222,0.320315896861111,0.351020734822693,7.03273726827326
2025-09-13 10:30:00,14.5399300200916,10.5107146143967,490.412105224444,0.321345167527778,0.343890681698552,7.06313521889986
2025-09-13 10:45:00,14.6928395562651,10.5683437231433,489.805726915555,0.317500984416667,0.298343136906551,7.14366769935296
2025-09-13 11:00:00,14.7596400430147,10.55701925929,489.641963324444,0.318804763083333,0.346744006049796,7.68592219473268
2025-09-13 11:15:00,14.666040215917,10.4894315880767,488.416334775555,0.318445811666667,0.384295472373526,7.70134241903696
2025-09-13 11:30:00,14.7036107143318,10.59730745342,488.21572738,0.317385262777778,0.314248391762889,7.48998381276263
2025-09-13 11:45:00,14.5211561155722,10.5918849281533,487.441383608889,0.317996082333333,0.313226581069736,7.29829082004075
2025-09-13 12:00:00,14.3803838267382,10.6023260405233,488.039011275555,0.317468231666667,0.811587524538588,7.31875518107585
2025-09-13 12:15:00,14.3131295786355,10.6435573246067,488.419352668888,0.318803508333334,0.316138064368955,7.10999183151259
2025-09-13 12:30:00,13.98734631737,21.9664417111388,489.949909199999,0.316777339888889,0.316763794465173,7.05887006995541
2025-09-13 12:45:00,13.9311218692352,22.5447862263565,490.286628013333,0.316068213444445,0.808474641116545,6.96725242319136
2025-09-13 13:00:00,13.9442040385063,22.1328435037928,490.226247075555,0.319613087444445,0.329042036301494,6.88124578072948
2025-09-13 13:15:00,13.942292534807,21.9785556067657,486.676808691111,0.319242477444445,0.324562040022599,6.8061995455069
2025-09-13 13:30:00,13.7318932290885,22.8910874477461,484.789331433333,0.318268988333333,0.810970166175569,6.58090955612311
2025-09-13 13:45:00,13.9410825889967,22.5891248142143,485.388806715555,0.318324075444444,0.815291192475673,6.65660267794051
2025-09-13 14:00:00,13.7232913854885,22.6005816696796,483.780559464444,0.319149053666667,0.811798286588762,6.43426120760577
2025-09-13 14:15:00,13.6982645540189,23.4055464168685,483.015877582222,0.316494303111111,0.8221664521355,6.49551503945709
2025-09-13 14:30:00,13.6523747333419,22.4745784997567,482.802701086666,0.317444756666667,0.806859687215727,6.65624544765172
2025-09-13 14:45:00,13.6490892193256,22.1995242621518,482.746765306666,0.320020172666667,0.342880523207357,6.36994482844662
2025-09-13 15:00:00,13.6899234625137,22.7988553746895,481.770082191111,0.321751608444444,0.809047759716394,6.2953992513443
2025-09-13 15:15:00,13.6464086098115,23.3516778427457,480.305899744444,0.321606011333333,0.823046697715996,6.37455391222043
2025-09-13 15:30:00,13.5928814273122,22.696585724262,480.169915544444,0.324266819777778,0.820405061531265,6.22056875344783
2025-09-13 15:45:00,13.5921137921611,23.2763138083692,480.353501393333,0.323210656222222,0.824585350986306,6.15911202929006
2025-09-13 16:00:00,13.6777570928116,22.5825505022428,481.897688433333,0.323027504666667,0.808924442871002,6.01044989345057
2025-09-13 16:15:00,13.6801928368191,23.0925383663901,481.841907631111,0.322786814888889,0.821641146627605,6.05182738896623
2025-09-13 16:30:00,13.6560789967968,22.7392353999567,482.412043684444,0.322339560222222,0.809585086455849,5.98921635636628
2025-09-13 16:45:00,13.6649874058485,22.5087097202546,480.63615754,0.322330921777778,0.407909593245587,6.04654730446897
2025-09-13 17:00:00,13.6874140525877,22.3675854102869,482.340506866666,0.322127957111111,0.352553145846927,5.88509032432467
2025-09-13 17:15:00,13.67137071905,23.4536742570893,482.02978556,0.319948104222222,0.824113349354069,5.88300751303193
2025-09-13 17:30:00,13.6785284392959,22.5393718279739,480.83063374,0.320464651111111,0.349805951876409,5.7386188836
2025-09-13 17:45:00,13.6917951939626,21.9531806292477,482.21043262,0.322374686666667,0.330555602400841,5.76566374350726
2025-09-13 18:00:00,13.6885414360218,22.285869086536,481.12270786,0.322132557277778,0.332655701479147,5.63762311941109
2025-09-13 18:15:00,13.6800619311211,22.9894773027097,482.271498271111,0.317541697944444,0.822398892793295,5.68728606011349
2025-09-13 18:30:00,13.8538993334056,22.3103913865549,482.300330953333,0.313899871277778,0.332491791023048,5.62707299955869
2025-09-13 18:45:00,13.7278009232974,22.7783871596827,483.141934424444,0.317957640833333,0.807529760879151,5.55017926341159
2025-09-13 19:00:00,13.715844376084,22.8599031470741,483.64506146,0.318408959388889,0.825074368953022,5.63417813052729
2025-09-13 19:15:00,13.6697831204811,22.8379136617918,482.109609864444,0.317902766833333,0.82064415503,5.53743344779138
2025-09-13 19:30:00,13.7070160160722,22.5311536774219,482.136901277777,0.315916896222222,0.33376292435915,5.43184100301857
2025-09-13 19:45:00,13.7157355640707,23.2816133905098,482.890078806666,0.316316332666667,0.836502996442478,5.74973074587975
2025-09-13 20:00:00,13.8492388410381,22.5895092670409,484.537012937777,0.316874647666667,0.33613220189955,5.56717287128897
2025-09-13 20:15:00,13.8982355584944,23.5825742783633,486.810741622222,0.315281584777778,0.843738138646227,5.45345333213762
2025-09-13 20:30:00,13.8961121937181,23.3036732208548,488.579496235555,0.317508554777778,0.833816843298697,5.43311327041547
2025-09-13 20:45:00,13.9339768761759,23.1114180081401,490.03204847111,0.316176649222222,0.840808558652282,5.42703117593215
2025-09-13 21:00:00,13.9084872815611,23.4355197779057,489.986819568888,0.318289615888889,0.84209189411583,5.42072948337812
2025-09-13 21:15:00,13.9429910699374,23.3890513924834,490.158029502221,0.316773943888889,0.84825725658403,5.32461766632785
2025-09-13 21:30:00,13.9221169652485,23.4302935405181,490.771010675555,0.317729251222222,0.845204916827643,5.34920796236481
2025-09-13 21:45:00,13.9103998797077,22.6764382029775,490.514077615555,0.316622940555555,0.337738990170658,5.18839630711532
2025-09-13 22:00:00,13.9285056548851,22.7872815822538,491.527612717777,0.316292585,0.338052813180718,5.27585440153971
2025-09-13 22:15:00,13.9581674540243,23.4847959217163,491.587313273332,0.314389744333333,0.851107056606286,5.24190115611903
2025-09-13 22:30:00,13.9170262354391,22.9622940048819,491.926090222221,0.313666835888889,0.39525207122065,5.06404058917
2025-09-13 22:45:00,13.9375891237473,23.6820617338895,491.566169406666,0.314174245888889,0.859944509574335,5.26143060883168
2025-09-13 23:00:00,13.9278259175414,23.9255490433641,491.831216568888,0.312083127666667,0.857359941089945,5.27488779100626
2025-09-13 23:15:00,13.9351527470125,22.9666254684567,491.823179968888,0.315063986111111,0.848508973343697,5.18357153421467
2025-09-13 23:30:00,13.9192874150851,23.2118157766506,492.539931844444,0.314455627666667,0.851258310013723,5.14034661514804
2025-09-13 23:45:00,13.9184667505369,22.9169170633596,492.539931844444,0.315700274333333,0.395461247163853,5.09179274851139
2025-09-14,13.9432118644036,23.6134094145326,492.539931844444,0.315796803888889,0.862523479171931,4.91264666211364
2025-09-14 00:15:00,13.9456315337147,22.9076098959886,491.927768275555,0.313921553666667,0.39525207122065,4.96780202826816
2025-09-14 00:30:00,13.9277976090129,22.7861394882794,491.109504137777,0.315088618333333,0.338052813180718,4.81253691282502
2025-09-14 00:45:00,13.9389544913877,22.716459202718,489.916650179999,0.314396956111111,0.336188333721246,4.83660024641257
2025-09-14 01:00:00,13.9121425306929,22.7048360204568,488.638072242222,0.318246304111111,0.336193748214598,4.93995908891539
2025-09-14 01:15:00,13.6983362956988,22.1332405644271,481.413768497777,0.3162376,0.321167355770207,4.75864949070988
2025-09-14 01:30:00,13.6867666014426,22.3644879922274,481.281373153333,0.317988861555556,0.336711234774872,4.56744115821165
2025-09-14 01:45:00,13.7375726902664,22.1869793289218,479.097310917778,0.315504910222222,0.325843707262193,4.62181887119778
2025-09-14 02:00:00,13.6610612296811,22.45879682474,478.229581211111,0.315533893111111,0.335640517324675,4.62650130241335
2025-09-14 02:15:00,13.6574318026677,21.3863733116622,477.506266328889,0.316560572444444,0.365904510324345,4.4841586039325
2025-09-14 02:30:00,13.6792790250085,21.8166634076769,475.741818048889,0.317281663555556,0.30534065656086,4.46953249730462
2025-09-14 02:45:00,13.7266672467907,21.8021241757588,472.390890246666,0.317780463055555,0.351937952375354,4.58486198566454
2025-09-14 03:00:00,13.6905489090781,21.8983027701538,469.992348482222,0.317591500388889,0.258274118031463,4.58615225085308
2025-09-14 03:15:00,13.6745376052277,22.2668952427436,469.252948286666,0.316478928166667,0.233071018448238,4.4504639732287
2025-09-14 03:30:00,13.7649268641479,21.5849204926451,468.116455866666,0.322782135333333,0.246255079345427,4.37880869505278
2025-09-14 03:45:00,13.6915511492915,20.8466705744013,466.369219537777,0.324560989111111,0.247169840698686,4.49068293093705
2025-09-14 04:00:00,13.826993763256,21.4001242892826,466.269249471111,0.320785919777778,0.238375385234158,4.48696912839562
2025-09-14 04:15:00,13.7779004095138,21.2507191873008,465.130768246666,0.321907665111111,0.259214854790774,4.59153665929173
2025-09-14 04:30:00,13.6679548631877,21.0181259653903,462.08536761111,0.323313282666667,0.234585277491635,4.60648375548864
2025-09-14 04:45:00,13.6576426377003,21.0910662111452,461.63152311111,0.323476588888889,0.250446350394479,4.73906665700495
2025-09-14 05:00:00,13.6527589734857,20.4571362318828,458.313426879999,0.324423647777778,0.224023305944374,4.75092665123981
2025-09-14 05:15:00,13.6567311983478,21.733203636582,436.316255479999,0.321731632222222,0.180888466259861,4.80907541562817
2025-09-14 05:30:00,13.6033155468796,21.8595391919854,436.51979071111,0.322500213333333,0.189669807866321,4.63606530122517
2025-09-14 05:45:00,13.59193161797,20.9691549615934,433.316662713332,0.323789392444444,0.227271787455819,4.58548480402971
2025-09-14 06:00:00,13.6143690552767,20.0992215022207,433.229413653332,0.32430376,0.217418815947469,4.73326889192663
2025-09-14 06:15:00,13.5930431661181,20.7956314958501,432.571876339999,0.324382145777778,0.22328644809016,4.80424734611061
2025-09-14 06:30:00,13.7240886904248,20.1337836737188,432.226976733332,0.322146124888889,0.216583280830433,4.68868237355806
2025-09-14 06:45:00,13.6576137162752,20.1207239761972,432.597413462221,0.320508896444444,0.216988304853214,4.82872529716115
2025-09-14 07:00:00,13.6583473893552,20.2659097840548,432.557868319999,0.320528747111111,0.215878235353058,5.02244181805388
2025-09-14 07:15:00,13.7805406297137,20.5247986935293,432.65566423111,0.319543105111111,0.221159390848192,4.88386816275976
2025-09-14 07:30:00,13.6016887363122,21.100126066282,433.348530299999,0.319915884,0.242565007914852,4.9702925711243
2025-09-14 07:45:00,13.8205163131122,20.6748473139765,433.131336393332,0.319170554222222,0.217359582966136,5.10719668028495
2025-09-14 08:00:00,13.6745790875522,20.7594286186207,433.419025566666,0.318755861777778,0.21927756912625,5.26229894938731
2025-09-14 08:15:00,13.6707773534752,20.82799717686,432.645781688888,0.318358415555555,0.219358207239221,5.12547617960276
2025-09-14 08:30:00,13.7442843916278,20.3644956025962,432.62053175111,0.317913260222222,0.215176580879651,5.14654118359794
2025-09-14 08:45:00,13.860129636066,20.9615829623858,432.432548444443,0.316620816444444,0.220987304619966,5.07261623906887
2025-09-14 09:00:00,13.6362554041122,20.9879953214709,432.646599879999,0.318083440444444,0.227407158468605,5.15643132617617
2025-09-14 09:15:00,13.5571226668752,20.9822282012992,432.76413483111,0.318569569333333,0.22396763446279,5.09268877790937
2025-09-14 09:30:00,13.6868582573404,20.5708659441815,432.870390935554,0.318591791111111,0.207659282160654,5.13386665855256
2025-09-14 09:45:00,13.836916026087,21.9391119863613,432.911161737777,0.317114835333333,0.173272972469304,5.16480660552677
2025-09-14 10:00:00,13.6094061125004,22.2628178160799,432.970220506666,0.320116893333333,0.196842876612985,5.26203536579279
2025-09-14 10:15:00,13.6268395310515,21.0451196033815,432.920700839999,0.319398811555556,0.22399102539371,5.30223825822424
2025-09-14 10:30:00,13.6131708747759,21.3007256836266,432.874407524443,0.319950216666667,0.213005197899118,5.40428079317845
2025-09-14 10:45:00,13.6227539930811,21.3824101668627,432.961579088888,0.321245621777778,0.21298451421008,5.31278294546223
2025-09-14 11:00:00,13.6128928167315,21.8777095902549,432.795850635554,0.320341295111111,0.173469145519145,5.32621339432709
2025-09-14 11:15:00,13.6267893403774,21.1690911173191,432.757918942221,0.321708582888889,0.218336463859733,5.29882752378927
2025-09-14 11:30:00,13.6800767191893,21.4799243330782,433.002396675554,0.319344901555556,0.211396205983977,5.3405384607127
2025-09-14 11:45:00,13.632662777893,21.8559362315556,432.946440739999,0.320063795111111,0.172160853887941,5.2671001457055
2025-09-14 12:00:00,13.6439816042826,22.1128464688944,432.997290048888,0.318964051111111,0.185582812486596,5.46479917931139
2025-09-14 12:15:00,13.6298215753226,22.0991487278874,432.961601262221,0.319383457111111,0.183459404863521,5.47148427336009
2025-09-14 12:30:00,13.585869165967,22.9093797942077,432.838667222221,0.321186544222222,0.795117379684367,5.33148005519501
2025-09-14 12:45:00,13.5853960568737,21.8269626161981,433.071452362221,0.321226256888889,0.174189520173244,5.54955175903473
2025-09-14 13:00:00,13.5926202134974,22.5675245848841,432.79966121111,0.319682751555556,0.20215211360542,5.49399823616812
2025-09-14 13:15:00,13.5791501139226,23.0197255002395,432.799172724443,0.321706124222222,0.792697549295343,5.59628525196789
2025-09-14 13:30:00,13.5755905605359,23.1875008855696,432.811354157777,0.321742417777778,0.802408191749801,5.69647580143948
2025-09-14 13:45:00,13.57446059489,21.80016743259,432.86676431111,0.321631289333333,0.214461925092268,5.76532042943777
2025-09-14 14:00:00,13.5577709901582,23.0643549837726,432.947605459999,0.320395113472222,0.797455867869447,5.90276960226693
2025-09-14 14:15:00,13.5939363549078,22.7851420404683,433.305979462221,0.319878578361111,0.262009178484308,5.8884334888698
2025-09-14 14:30:00,13.5622745899374,22.0512414024794,433.231862826666,0.322443466444444,0.177675474400169,6.01809701059402
2025-09-14 14:45:00,13.6060851693494,22.2265245836884,433.284877028888,0.321836902666667,0.190273997816702,6.13423677248738
2025-09-14 15:00:00,13.6721013477257,22.111538990272,433.272748066666,0.319716886666667,0.179250621789245,5.9495301972021
2025-09-14 15:15:00,13.6124560503124,22.0272827290505,433.092444393332,0.322126151472222,0.179155699206342,6.10064921801798
2025-09-14 15:30:00,13.6280500618872,22.2707222165035,433.241005259999,0.322825972222222,0.188837297850437,6.05059330562513
2025-09-14 15:45:00,13.6369342900191,22.0501269871305,433.232593648888,0.321952797333333,0.179367751383354,6.15943175431438
2025-09-14 16:00:00,13.6304390358411,22.1737282609264,433.227086559999,0.319808348666667,0.188815090839233,6.13702206280778
2025-09-14 16:15:00,13.6761196460559,22.6056952248726,432.446371735555,0.321818248,0.207301745484876,6.17342732989218
2025-09-14 16:30:00,13.6745932168366,23.0498975803296,433.314298282221,0.320802687111111,0.818134050436373,6.1324967598579
2025-09-14 16:45:00,13.6830592634544,22.2663863110438,432.407467164444,0.321390131333334,0.189553838469579,6.2586889623409
2025-09-14 17:00:00,13.7125531162188,22.6786889810732,432.18048681111,0.317858092222222,0.205541380546005,6.30166771179401
2025-09-14 17:15:00,13.7125531162188,23.3951945008243,431.804851086666,0.317716040888889,0.828175336034911,6.28502100626811
2025-09-14 17:30:00,13.7897878184323,22.5616438551965,432.050010406666,0.317814064222222,0.202087705511652,6.33218419566495
2025-09-14 17:45:00,13.6994317007477,22.9705557831134,432.32927153111,0.319713907777778,0.437833884621326,6.34015114594215
2025-09-14 18:00:00,13.7026950351033,22.6354014092042,431.977983233332,0.320276379111111,0.202375596524931,6.36154535245102
2025-09-14 18:15:00,13.6817673366929,23.1086575703846,431.919538066666,0.319909651777778,0.830713276116551,6.3700425280624
2025-09-14 18:30:00,13.686521069007,22.9526734634475,432.20613001111,0.317549050888889,0.267795057985885,6.21372260026569
2025-09-14 18:45:00,13.708185433127,22.752278604083,431.974841228888,0.322188206,0.196660763832609,6.2236912179742
2025-09-14 19:00:00,13.6949749227966,22.4288856506108,431.839291739999,0.319349949555556,0.178866798855932,6.37126744594542
2025-09-14 19:15:00,13.7157822661937,22.8940473262748,431.716001808888,0.319749981777778,0.183105108312424,6.43926702446769
2025-09-14 19:30:00,13.7171239732114,22.9743273622544,431.686987148888,0.31706336525,0.248832025463395,6.43255390245201
2025-09-14 19:45:00,13.7052125548529,22.9231710551939,431.708927104443,0.316793166361111,0.183303615028313,6.29702595582729
2025-09-14 20:00:00,13.7048147916233,23.2958946816219,431.673264868888,0.315248904361111,0.840386078832257,6.36766701127585
2025-09-14 20:15:00,13.7042383256529,23.5267501552513,431.605771446666,0.31679530325,0.848678187402105,6.41222744040606
2025-09-14 20:30:00,13.7264966498011,23.6599111786963,431.540952046666,0.314717392361111,0.851644530851648,6.37372589679113
2025-09-14 20:45:00,13.7025450445063,23.5586503803542,431.592105279999,0.316622327916667,0.851323078582295,6.21625957249069
2025-09-14 21:00:00,13.7147042525981,23.6676099398992,431.543989602221,0.315604639916667,0.856937795421461,6.36253425516793
2025-09-14 21:15:00,13.7052578376144,22.9533342453437,431.632270513332,0.315150850138889,0.181534808036988,6.26260281500493
2025-09-14 21:30:00,13.7166183727107,23.1378941495418,431.618604346666,0.312777623777778,0.249193135330427,6.36805530486021
2025-09-14 21:45:00,13.7052578376144,22.8759274824917,431.331560659999,0.312045315111111,0.185803619897914,6.31498862968204
2025-09-14 22:00:00,13.7147042525981,22.8615432695687,431.557848419999,0.313748680222222,0.186176162143442,6.18825986199116
2025-09-14 22:15:00,13.7663330409582,23.1541780584216,431.64545747111,0.312062821111111,0.184735234054712,6.19443872849163
2025-09-14 22:30:00,13.7468838621996,23.1594107555585,432.363388304443,0.312506801777778,0.186037388551614,6.28855233384659
2025-09-14 22:45:00,13.7960038521879,23.5105529785948,431.600997626666,0.311748331111111,0.870593936348837,6.18427075240105
2025-09-14 23:00:00,13.7048147916233,23.0746110614731,433.175265157777,0.313824498222222,0.186320540567481,6.07237245695203
2025-09-14 23:15:00,13.7249924686455,23.4262890184112,433.671647617777,0.312425472222222,0.867317581293072,6.28818442118382
2025-09-14 23:30:00,13.7032008237122,23.1367670040043,435.185787817777,0.314726657555556,0.18537521323004,6.39694833253347
2025-09-14 23:45:00,13.7264966498011,22.5064961724737,435.257083779999,0.314555159111111,0.195921009783672,6.15600938684098
2025-09-15,13.7069184905477,23.0145152504065,434.932029819999,0.313942843777778,0.185137874245314,6.14617217505431
2025-09-15 00:15:00,13.7476710092959,23.7396848729731,434.890458613332,0.312969843555555,0.883504260982459,5.98374963876629
2025-09-15 00:30:00,13.7476710092959,23.5982335579596,435.128391273332,0.311838919333333,0.869912626481551,5.98517880589755
2025-09-15 00:45:00,13.8524837169864,23.680059188138,435.071384864443,0.310105786666667,0.868335603572343,5.94411886344945
2025-09-15 01:00:00,13.7338949432677,24.458115494108,434.808997319999,0.310601266888889,0.875342383625703,5.81597666256111
2025-09-15 01:15:00,13.8532653405434,22.372281366362,434.58310993111,0.309419148,0.199202005583035,5.81393144026566
2025-09-15 01:30:00,13.8128738184323,23.2267642623259,431.961456219999,0.309349111777778,0.187857844936447,5.65667858750719
2025-09-15 01:45:00,13.7311116609063,22.845617995315,431.59554171111,0.310237090222222,0.170840206318761,5.40083999535833
2025-09-15 02:00:00,13.7899196138412,23.3056120210234,431.36912589111,0.309361336444444,0.189854765038376,5.48881205848232
2025-09-15 02:15:00,13.7468838621996,23.0914462779025,431.55169047111,0.310301443777778,0.189854765038376,5.42306375137479
2025-09-15 02:30:00,13.7052700475433,22.9979729041352,431.820714908888,0.312281517555555,0.189854765038376,5.42121512732855
2025-09-15 02:45:00,13.7502623975375,23.4123037650783,431.702342328888,0.310331804666667,0.194364455897431,5.33450148144641
2025-09-15 03:00:00,13.7699175272249,23.2324639598219,431.701599328888,0.310172765111111,0.189854765038376,5.18979411695745
2025-09-15 03:15:00,13.7097490222559,23.1644746353145,431.986677853332,0.312887028222222,0.190002650781643,5.23022288290595
2025-09-15 03:30:00,13.6827483035848,23.2265520778065,431.95092191111,0.312878457555555,0.189885521187535,5.24268727127776
2025-09-15 03:45:00,13.7393218804425,22.5125270907357,431.76497025111,0.311545902222222,0.200556718448845,5.21641925184085
2025-09-15 04:00:00,13.7393218804425,22.9186044040073,431.883486835555,0.311694685333333,0.189114835407602,4.89723539553504
2025-09-15 04:15:00,13.7227625320529,23.0647738986983,431.714374235555,0.313245913777778,0.189114835407602,4.96491978874024
2025-09-15 04:30:00,13.6973318152885,22.3502046730319,431.774626602221,0.315863540666666,0.198565438925974,4.94562814931702
2025-09-15 04:45:00,13.6708758065122,22.6512788146196,432.80969693111,0.315063402888889,0.17008451948844,4.8344797660085
2025-09-15 05:00:00,13.6566068971359,23.5182395339538,432.455877208888,0.313037853111111,0.851455312992666,4.71271003467013
2025-09-15 05:15:00,13.6670404523788,23.1459512122991,432.534915813332,0.313154506444444,0.188569695446515,4.76313522834832
2025-09-15 05:30:00,13.7611955851227,23.3456176702018,432.290501846666,0.311455314,0.251330377194724,4.67174516767212
2025-09-15 05:45:00,13.6556346345211,22.6528996877144,432.329362019999,0.314463471333333,0.170984069734316,4.64898699719098
2025-09-15 06:00:00,13.8039388866042,23.1388265281939,432.366817839999,0.312273946222222,0.188246031431098,4.64628591843723
2025-09-15 06:15:00,13.6573405702159,22.4488500137213,432.341778162221,0.313123672444444,0.161015996763663,4.53514775843291
2025-09-15 06:30:00,13.6676098215418,22.7137488591743,432.372149093332,0.315243584138889,0.188240910760496,4.49021491732682
2025-09-15 06:45:00,13.666063572564,22.6494669590153,432.539379886666,0.314481500361111,0.169001969545,4.39764881784336
2025-09-15 07:00:00,13.6446135662292,21.7107981169247,432.38927837111,0.315423125472222,0.209030560825929,4.37006906200816
2025-09-15 07:15:00,13.6709858497788,21.8643196440942,432.245924042221,0.313822569916667,0.222924162268104,4.26592908283771
2025-09-15 07:30:00,13.6722458494574,21.95705654192,432.037516217777,0.316188043916667,0.199702942242493,4.17359182760024
2025-09-15 07:45:00,13.6709858497788,22.2153383976905,432.044261162221,0.314415702583333,0.199685243435257,4.11617928058909
2025-09-15 08:00:00,13.6830330480188,22.9907305347137,432.273027713332,0.313631282361111,0.188916430980605,4.15171470620033
2025-09-15 08:15:00,13.6886754032248,22.738038523883,432.27026049111,0.313038149694444,0.188894183622082,4.22325069087232
2025-09-15 08:30:00,13.7648404028027,22.7348679652986,432.29417729111,0.312099510583333,0.171217348239513,4.19865738090447
2025-09-15 08:45:00,13.7648404028027,23.2108595701368,432.258924013332,0.312268680583333,0.187578707643559,4.11508230035076
2025-09-15 09:00:00,13.7499270520116,22.7778579827519,432.185412868888,0.312488460138889,0.169924756832267,4.12974279208283
2025-09-15 09:15:00,13.7926614440071,22.6398814548484,432.232960908888,0.310331715027778,0.159264033341148,4.0533388399303
2025-09-15 09:30:00,13.6886754032248,23.4508799517864,432.366154395554,0.313688011611111,0.8460346986597,4.1128274702008
2025-09-15 09:45:00,13.6700195382218,23.1179034395866,432.120057164443,0.316900927388889,0.242534576449539,4.04578225228635
2025-09-15 10:00:00,13.6639434569285,22.6964853796652,432.227712568888,0.315323839388889,0.183328827377121,4.03776122604792
2025-09-15 10:15:00,13.6703038551374,21.9992650392017,432.453295064443,0.316261139472222,0.194598540858992,4.09312362812847
2025-09-15 10:30:00,13.6722932527107,22.7994797614168,432.064152655554,0.315238861027778,0.184104165283934,4.09373706560158
2025-09-15 10:45:00,13.673084025164,23.158108268016,432.196946786666,0.315323728138889,0.246837207456345,3.94603443874995
2025-09-15 11:00:00,13.7272217316012,22.5052428874601,432.381264784443,0.31290032325,0.156640365378349,3.94062719106081
2025-09-15 11:15:00,13.6666256397107,22.9712671255519,432.330694317777,0.314195694583333,0.184985264632146,3.83894002003837
2025-09-15 11:30:00,13.6576023312544,23.6566511925763,432.249922224443,0.31401614525,0.844115948899356,3.86192587430615
2025-09-15 11:45:00,13.7256077636901,22.9132621361649,432.454262915555,0.311688942138889,0.187451094406115,3.82441382631846
2025-09-15 12:00:00,13.6685397598233,23.3217598500694,432.38940319111,0.312210815916667,0.42086496899499,3.90359184812588
2025-09-15 12:15:00,13.7020825653656,23.4158502314901,432.454262915555,0.312472461027778,0.829250652487246,3.70681752819005
2025-09-15 12:30:00,13.6561597127655,23.0009126113438,432.530609502221,0.315728821472222,0.189069883384772,3.76596180791513
2025-09-15 12:45:00,13.8117964375642,22.6655523026693,432.552603713332,0.311131031555556,0.171267988224069,3.71918386751768
2025-09-15 13:00:00,13.6974278701492,22.5338121237243,432.670183904444,0.313031128222222,0.161725558128564,3.76895399886502
2025-09-15 13:15:00,13.6540838367463,23.8530060071678,432.792687833332,0.314991209555556,0.828461263536721,3.56595717153497
2025-09-15 13:30:00,13.6745190680248,23.6620762623554,432.648628257777,0.313774177333333,0.830431960413476,3.51218391575358
2025-09-15 13:45:00,13.6983777582871,22.874877948632,432.629656837777,0.313237007333333,0.187928981183532,3.58504884129005
2025-09-15 14:00:00,13.6311256134811,23.1629347862225,432.370600566666,0.315417867333333,0.188146830221059,3.45343565025575
2025-09-15 14:15:00,13.6335810404411,22.7170934118426,433.046947246666,0.313758987333333,0.171133539600847,3.58063258526624
2025-09-15 14:30:00,13.7163590399774,23.3731623791792,432.249798339999,0.310988052,0.194423876093696,3.52189118944455
2025-09-15 14:45:00,13.7171461870737,23.1697192230053,432.032096913332,0.310298273777778,0.188141132394015,3.53705640108782
2025-09-15 15:00:00,13.700586838684,23.2977816708501,431.928912079999,0.309609971111111,0.188141132394015,3.37308000004585
2025-09-15 15:15:00,13.7165071836944,23.2407210173144,431.796531053332,0.310317100666667,0.188211696245739,3.38339029080746
2025-09-15 15:30:00,13.7269642353551,22.7067164978709,431.809732402221,0.310356292,0.160970391813183,3.44296145620156
2025-09-15 15:45:00,13.8288679873405,22.6802026181325,431.670072293332,0.310520176888889,0.198732162220663,3.35228039883625
2025-09-15 16:00:00,13.6896725132159,23.2251621875257,432.124526673332,0.312024272444444,0.188244210531128,3.38043289799768
2025-09-15 16:15:00,13.6847311686751,24.3092497201693,433.889726955555,0.310999409111111,0.839135339676078,3.34983652176225
2025-09-15 16:30:00,13.7032362222455,23.5175549455667,435.138858197777,0.310469309777778,0.42105456809355,3.38943578461627
2025-09-15 16:45:00,13.834277396256,23.4228482866091,434.703641684443,0.310137215333333,0.187289211149425,3.29345092505354
2025-09-15 17:00:00,13.7276258288129,23.057316297546,447.839959475555,0.310879263333333,0.187324666927945,3.18475437878299
2025-09-15 17:15:00,13.6927640364292,22.9832783371334,442.601279497777,0.312274215111111,0.187441796522053,3.27750980054432
2025-09-15 17:30:00,13.7741558261123,23.8062125443031,434.912353664443,0.310008381111111,0.835315740612657,3.25746002905104
2025-09-15 17:45:00,13.7799883757568,23.2550424506393,450.730926946666,0.310417579333333,0.185952859060661,3.22042500070432
2025-09-15 18:00:00,13.7269130699388,23.4414238353565,460.564898706666,0.310277683555555,0.185952859060661,3.3200519727476
2025-09-15 18:15:00,13.6819187466515,23.6061760906093,460.586061733333,0.311084986444444,0.420147581162837,3.2463240109685
2025-09-15 18:30:00,13.7148975126042,24.2730602108169,461.207982682222,0.30937886,0.844776048954961,3.18116438837436
2025-09-15 18:45:00,13.7074992191376,22.7805383432845,460.645152484444,0.310370726888889,0.158816123076207,3.10898938296601
2025-09-15 19:00:00,13.6636470885257,23.0536620330745,461.73221725111,0.311684516666667,0.187234947301617,3.15253243921214
2025-09-15 19:15:00,13.7581981205184,23.9770081379199,462.867267706666,0.309674352888889,0.844211489448193,3.11273281876517
2025-09-15 19:30:00,13.8008334821243,23.951988824827,465.214355413333,0.308531991111111,0.84235583705992,3.13792119826293
2025-09-15 19:45:00,13.6573364534724,22.1584384035447,466.111847831111,0.313447784666667,0.249095293898243,3.04294083377525
2025-09-15 20:00:00,13.7553790634073,23.3328338253628,466.615489017777,0.310348819111111,0.200856656687073,3.106767551921
2025-09-15 20:15:00,13.6898521439316,23.5394911397113,467.435154431111,0.310769984444444,0.219139976517139,3.00773333118409
2025-09-15 20:30:00,13.8063042997999,23.8129556673761,468.148083311111,0.310938498222222,0.848631217997325,2.96357451078053
2025-09-15 20:45:00,13.678090596465,22.7192128664404,468.403365446666,0.312866683111111,0.237790588424818,2.93226151653672
2025-09-15 21:00:00,13.6925383515291,23.4078512617566,469.148023591111,0.312214740444444,0.233141713660507,2.95347502398292
2025-09-15 21:15:00,13.7003862576713,22.6896564564277,469.108059515555,0.313059487333333,0.252454606304992,2.97429886351198
2025-09-15 21:30:00,13.6693932342683,23.0431898566706,468.882758788889,0.314171576888889,0.213838027680037,3.04374076709524
2025-09-15 21:45:00,13.6549266061276,23.1450579818792,470.800520435555,0.313975660444444,0.319820311940039,2.85610317203328
2025-09-15 22:00:00,13.825323612987,23.6814572146034,471.916076435555,0.311391634666667,0.333210068572682,2.93094411199652
2025-09-15 22:15:00,13.710183648258,22.6158829517335,471.915342213333,0.313340211972222,0.356588983229883,2.90134816167894
2025-09-15 22:30:00,13.6557604895483,22.6357355169009,471.93719798,0.314358596638889,0.356588983229883,2.93900883152504
2025-09-15 22:45:00,13.7034814404431,23.5546301354114,471.75229588,0.312353508194444,0.32698848239065,2.9925654446109
2025-09-15 23:00:00,13.8181588472359,22.9018802492968,469.623851182222,0.312199871305555,0.318840171544657,2.93009903767194
2025-09-15 23:15:00,13.7041352292551,22.9911014512574,471.971107586666,0.312802878861111,0.289938467401774,2.83095103425174
2025-09-15 23:30:00,13.6603279605943,23.1616312383983,469.335918535556,0.315193707527778,0.27460414860915,2.97227383276995
2025-09-15 23:45:00,13.7526088350522,24.1016772586983,470.92855398,0.312615278194444,0.846741679519749,2.99609212636604
2025-09-16,13.6588442661261,23.4013010737718,470.864721986667,0.314835263972222,0.303813361627952,2.92702417889782
2025-09-16 00:15:00,13.7236481491825,22.7704348921942,471.46536786,0.313233569972222,0.35018829147384,2.87570606451215
2025-09-16 00:30:00,13.6612951100876,22.7682836524419,471.135184508889,0.312283301527778,0.296808586536979,2.93922069102901
2025-09-16 00:45:00,13.7721252777322,22.4715036870775,471.864208946666,0.313344813305555,0.357416506363587,2.87558997050048
2025-09-16 01:00:00,13.8181588472359,23.116449244437,470.708566284444,0.31152224975,0.320112339972988,2.91591023491588
2025-09-16 01:15:00,13.7649168024877,22.6654479687269,469.526031428889,0.312785014,0.305508612588252,2.92336759270811
2025-09-16 01:30:00,13.8168021599692,22.1294821039982,468.872895933333,0.312113287333333,0.262336666691911,2.95337503183246
2025-09-16 01:45:00,13.7563785052403,23.1899820748592,467.471967684444,0.311471498222222,0.210649815880995,2.88025021936315
2025-09-16 02:00:00,13.6584368922802,22.487489625325,468.527479153333,0.312826199777778,0.239502226496621,2.91312251612347
2025-09-16 02:15:00,13.6720065523676,22.9951618656033,468.450567406666,0.311683089555555,0.216438235341673,2.95076066668651
2025-09-16 02:30:00,13.6583106826724,22.6508503258184,468.465074548889,0.313856547555555,0.199664435254375,2.890197524385
2025-09-16 02:45:00,13.6842097887257,22.9238574560594,467.320423335555,0.311490295777778,0.200105412573892,2.9612120699497
2025-09-16 03:00:00,13.670443983142,21.9316264474071,466.396293042222,0.314090861111111,0.221090896107606,2.94129717001649
2025-09-16 03:15:00,13.6815465193627,22.202633210639,466.066944115555,0.312561192666666,0.219975141500255,2.86452299845727
2025-09-16 03:30:00,13.6579129194427,22.0923911836771,466.108530248888,0.31270935,0.220092271094364,2.91439698005477
2025-09-16 03:45:00,13.7000360283598,21.8763852396927,466.12669416,0.311582447333333,0.220169549331558,2.84636670361116
2025-09-16 04:00:00,13.7040255047614,22.7902168345195,466.112781186666,0.311055750444444,0.200856656687073,2.98313631981853
2025-09-16 04:15:00,13.6587790719613,22.6528059237478,466.169047088888,0.312132447333333,0.19997516126794,2.96817304213891
2025-09-16 04:30:00,13.6817384751776,22.1226230874957,465.225462559999,0.313232112888889,0.213068465252684,2.8922982199452
2025-09-16 04:45:00,13.707900488019,22.0700744583085,463.165782575555,0.311656270666667,0.208951076947776,2.88527421413932
2025-09-16 05:00:00,13.7370985789374,21.3694865195462,461.895608066666,0.313168063333333,0.203721613232536,2.93395488569558
2025-09-16 05:15:00,13.7084481176055,20.795909137151,458.56931361111,0.315266787555555,0.194641392900595,2.88559435154228
2025-09-16 05:30:00,13.8201945942412,21.7345447293572,445.812044277777,0.314166575555555,0.221597523702547,2.93004713631573
2025-09-16 05:45:00,13.7274122063596,20.413535712742,436.827971228888,0.317738474888889,0.201702226918249,2.90185627283414
2025-09-16 06:00:00,13.7271221539879,22.1557372581406,435.131709364443,0.315309328444445,0.158831764018722,2.94420548705893
2025-09-16 06:15:00,13.7814564401479,20.4044988101368,434.982613622221,0.317140364222222,0.201879062979841,2.93076488365169
2025-09-16 06:30:00,13.7880215855256,20.2027700316796,435.172969704443,0.316712291555556,0.203616112443567,2.96586948909766
2025-09-16 06:45:00,13.7848598295701,21.2647303638991,434.771302748888,0.316517559333333,0.202819965308568,2.913344194026
2025-09-16 07:00:00,13.8323167279271,21.715272444567,434.156025075555,0.314547023555555,0.198861764909816,2.95453002861385
2025-09-16 07:15:00,13.8244877010027,21.3242169933027,434.600038273332,0.315899230888889,0.20249044435625,2.95017864239938
2025-09-16 07:30:00,13.6830890187433,21.3209539047947,432.290079808888,0.316002009333333,0.200610391639978,2.93548137154593
2025-09-16 07:45:00,13.6788189466796,22.0436473493821,434.874632384443,0.316227106666667,0.198905633528958,2.9734378742047
2025-09-16 08:00:00,13.8373532722916,21.1816436432115,433.722789493332,0.315275901111111,0.200602920121124,2.95125998720313
2025-09-16 08:15:00,13.8364556886116,21.3253227155426,431.910254666666,0.315814187555556,0.202561690691202,2.91533062659963
2025-09-16 08:30:00,13.7546413329167,21.5646290888452,431.936493479999,0.315206196222222,0.206514350648754,2.85685323410846
2025-09-16 08:45:00,13.7265383927092,21.241613369778,432.068771924444,0.316412046222222,0.202460568725944,2.89980084821143
2025-09-16 09:00:00,13.6819699120677,21.666198029838,432.01617673111,0.316181741111111,0.197567096615687,2.94144695353701
2025-09-16 09:15:00,13.7165071836944,22.0748753916238,431.60121469111,0.315485387777778,0.19873366103938,2.97308183221776
2025-09-16 09:30:00,13.7240969883566,21.8549505916868,431.717543757777,0.3152254,0.198774674368323,2.96746928238247
2025-09-16 09:45:00,13.8338720915997,21.7018657757387,431.692011135555,0.314102969555555,0.2239445063165,2.92048214018632
2025-09-16 10:00:00,13.7285714075642,21.5449764998564,431.269652122221,0.315490240222222,0.203365847536227,2.92852481258759
2025-09-16 10:15:00,13.6826390982544,21.7504094717758,431.44521457111,0.315979390222222,0.198891803962431,2.95060908484599
2025-09-16 10:30:00,13.7813930306012,21.3308531545681,431.684616142221,0.316191894222222,0.202976659833606,2.99643930452576
2025-09-16 10:45:00,13.7215612563181,21.6236148368982,431.827166753332,0.315418918888889,0.206514350648754,2.8377958863633
2025-09-16 11:00:00,13.6912361023448,21.8611270808933,431.891774222221,0.316792240222222,0.198908508654594,2.90703961775555
2025-09-16 11:15:00,13.7291297809508,21.2659346992524,431.764173019999,0.316974521333333,0.200484031481997,2.91909468598723
2025-09-16 11:30:00,13.8326151529538,21.2847245390948,431.769171786666,0.31621265,0.201037933723778,2.98955430050974
2025-09-16 11:45:00,13.7132121274648,21.8491961389125,431.53646871111,0.315474937333333,0.198977902597999,3.03526582596239
2025-09-16 12:00:00,13.7874443158205,21.257265073568,431.837119535555,0.317591709777778,0.201099749955924,2.98097538724619
2025-09-16 12:15:00,13.8352450587716,21.3921894252494,431.873142233332,0.316342217111111,0.200585102222679,2.96170568912324
2025-09-16 12:30:00,13.836501963216,21.0614156396166,431.820612486666,0.316715880444444,0.196641170423336,2.88200773068167
2025-09-16 12:45:00,13.7909219908605,21.8544155178881,431.624904319999,0.316315328,0.223725599949662,2.9049841545118
2025-09-16 13:00:00,13.7178079002366,21.3933406357424,431.645481906666,0.316680319111111,0.199082350185271,2.89881405340939
2025-09-16 13:15:00,13.7205392305477,21.0285485076683,432.06561965111,0.316271787555556,0.194327972937414,2.94596856731965
2025-09-16 13:30:00,13.7061008915672,22.2521398207901,433.668723268888,0.314555353333333,0.197636437789591,2.93738071667534
2025-09-16 13:45:00,13.8174165150399,21.9489466950019,434.836244199999,0.313122964444444,0.196710463141564,2.97723178234287
2025-09-16 14:00:00,13.7570097045406,21.7873850038899,435.284970724443,0.314004474,0.203479755209877,2.90760907368223
2025-09-16 14:15:00,13.8135992876918,21.5417946556403,436.369015062221,0.313548562666666,0.197245334112739,3.02395485206352
2025-09-16 14:30:00,13.7593331821851,22.1801256397914,434.859058764443,0.313316168222222,0.194924150379781,2.97796216370908
2025-09-16 14:45:00,13.6656179659968,22.4203540404704,446.311070642221,0.313695222222222,0.196024071174894,2.95447812958817
2025-09-16 15:00:00,13.6676845734146,21.605231113549,451.053122533332,0.315345614666667,0.195641919848908,2.89473369632446
2025-09-16 15:15:00,13.6800825139883,21.7187344094954,461.32284045111,0.314538424,0.200007307867012,2.93670489855187
2025-09-16 15:30:00,13.6622172162298,22.1171510803988,461.585989815555,0.313758095111111,0.195378953857373,2.85759981773167
2025-09-16 15:45:00,13.6903926531854,22.1210480891176,462.169123748888,0.312192925777778,0.192910634249013,2.95619590348693
2025-09-16 16:00:00,13.6789395517795,21.6843878376682,464.807453591111,0.314115731111111,0.220225031523193,2.87656830761828
2025-09-16 16:15:00,13.6837119923039,21.2404665386808,465.002499266666,0.315221975555555,0.209869492422849,2.9521829111862
2025-09-16 16:30:00,13.8199729280151,20.9604270512972,464.895725033333,0.313029048666666,0.216270729518293,2.92632335924844
2025-09-16 16:45:00,13.6734925896372,22.2280603621333,464.908042959999,0.313594454444444,0.208550204972998,2.88406641024191
2025-09-16 17:00:00,13.7629461815277,22.8744974275086,465.987834388888,0.310783463333333,0.180089619775918,2.85011252346311
2025-09-16 17:15:00,13.7053574772061,22.4582646715258,466.013248928888,0.312724034194444,0.21703611626057,2.84808057658296
2025-09-16 17:30:00,13.7681779821499,22.0197924933537,466.262570264444,0.312543437527778,0.232622324989269,2.91544840172881
2025-09-16 17:45:00,13.6534097191217,22.0406249508255,466.940685611111,0.315364628416667,0.229171277651023,2.92831779821806
2025-09-16 18:00:00,13.6524775919454,22.1466350192175,468.001435204444,0.315236163083333,0.217911978731001,2.86355734053855
2025-09-16 18:15:00,13.6822559497335,22.5262280504567,468.952099813333,0.314048080416666,0.225747143749654,2.90397540171072
2025-09-16 18:30:00,13.6454887244135,21.2094332111085,469.947684926667,0.315491569305555,0.283612530063844,2.91003128050348
2025-09-16 18:45:00,13.6799813802076,22.1094463441303,470.04567854,0.314273647527778,0.314654924755529,2.80756907959619
2025-09-16 19:00:00,13.670619743705,22.531379520781,472.514147857778,0.314168255527778,0.31941308922113,2.84666043967649
2025-09-16 19:15:00,13.6514766272961,22.3762492856618,472.508794953333,0.313955146416667,0.310850361171749,2.87267535865709
2025-09-16 19:30:00,13.7481399940874,22.7069456108336,472.764902324444,0.313306741527778,0.255470039500142,2.82872834213377
2025-09-16 19:45:00,13.4318456790484,22.5946391453868,475.030588962222,0.312751232194444,0.241575716569079,2.8890964350293
2025-09-16 20:00:00,13.2062255579283,22.351248517786,476.062682457778,0.314866251305555,0.22093504118655,2.9368121539993
2025-09-16 20:15:00,13.1764716064874,22.4180496610975,477.41199932,0.313394072638889,0.216960930653175,2.88862758398466
2025-09-16 20:30:00,13.0691914764704,22.786191866729,477.652376037778,0.312991559305555,0.215193017212299,2.89224141240995
2025-09-16 20:45:00,12.8523831231086,22.035165859979,477.756644404444,0.313821834416667,0.217576760545046,2.85408063096623
2025-09-16 21:00:00,13.0684042438704,22.2885672944209,477.98491896,0.313955508416666,0.215240504426138,2.91951854063799
2025-09-16 21:15:00,12.8684718029924,21.6870447623272,478.193696697778,0.315410031972222,0.210904237432703,2.88840897837974
2025-09-16 21:30:00,12.8116113679167,22.2104904424355,478.139239984444,0.314363383305555,0.239572580943473,2.85401462918981
2025-09-16 21:45:00,12.9430590265346,22.112668009145,478.316128553333,0.314023269527778,0.217608855709212,2.86145092148526
2025-09-16 22:00:00,13.0096862827805,21.7282370209847,478.243768737778,0.315521266416667,0.210731540175248,2.89345456814978
2025-09-16 22:15:00,12.9404095403687,22.9395902009921,478.860426893333,0.31295246175,0.178239830827987,2.86616887529478
2025-09-16 22:30:00,12.8530440344263,22.8935592519001,479.029509226666,0.313844794194444,0.178239830827987,2.81330953384527
2025-09-16 22:45:00,12.8562071755419,22.8423243616841,479.443004706666,0.313676544194444,0.178538238615916,2.85604175369898
2025-09-16 23:00:00,12.8030414513996,22.2748124037794,479.361927471111,0.31453027775,0.23950959674209,2.89273103614016
2025-09-16 23:15:00,12.9741026168279,22.1947116623643,481.49991206,0.313555597527778,0.217774460422135,2.87554749021107
2025-09-16 23:30:00,13.6840865425534,21.3761480534416,494.614378486666,0.313437609555555,0.214557035846573,2.98207616851861
2025-09-16 23:45:00,14.3813110935349,18.9116962938816,516.29154742,0.310991892333334,0.22949002800449,3.05259802051442
2025-09-17,14.9550971379484,18.7994686204029,539.142344253937,0.309596534222222,0.267500074262424,3.25503634953909
2025-09-17 00:15:00,14.6197219728386,17.9544084532862,565.336116419478,0.309500120444445,0.236650704393909,3.32625088335385
2025-09-17 00:30:00,14.0958751656786,16.4501185037304,601.878459236189,0.310782234111111,0.227553353374319,3.28490534781702
2025-09-17 00:45:00,14.0535579559847,16.9130339905483,582.249248340396,0.309426665444445,0.227466130636525,3.35830849362654
2025-09-17 01:00:00,13.9175345959517,17.1522328230053,594.302156123097,0.310800476888889,0.222136512689589,3.47545073543598
2025-09-17 01:15:00,13.7995905721226,16.7881859178173,597.568231736437,0.310471259555555,0.221956517409218,3.23676480164681
2025-09-17 01:30:00,13.2763371484784,17.465934114527,597.704690895488,0.310144394444444,0.224100146805733,3.39974306652814
2025-09-17 01:45:00,13.8147519862589,17.1035908973527,601.32667022857,0.311550170222222,0.22122066110535,3.30635208533332
2025-09-17 02:00:00,13.2095995043155,17.0651870420395,603.170766818516,0.312508457083333,0.218983802288437,3.26546061517257
2025-09-17 02:15:00,13.8366992778928,17.4055667913722,610.032162077398,0.310784700444444,0.221706035518323,3.38966221017361
2025-09-17 02:30:00,13.1554051838448,17.5618766109205,613.922611469745,0.311500507527778,0.21917826703784,3.31343471200806
2025-09-17 02:45:00,13.2170701803993,17.2579432416979,615.401772900947,0.31254242575,0.219460879632269,3.31423870147319
2025-09-17 03:00:00,13.2584107723637,17.3894966557888,605.934622760526,0.311441003527777,0.217713360472771,3.37104530260183
2025-09-17 03:15:00,13.8821451216749,17.687963703269,610.757626609902,0.310994317305555,0.25756129152706,3.22245063100973
2025-09-17 03:30:00,13.9747055530902,17.8111797958726,614.379552488241,0.310791059083333,0.354305835547809,3.33780500217103
2025-09-17 03:45:00,13.9547940071488,18.0829840428977,617.786786581705,0.312655528305555,0.374894342483663,3.26937408195215
2025-09-17 04:00:00,13.9251125421577,17.8056077526176,622.107042556968,0.31203665275,0.406844268937792,3.31174988823308
2025-09-17 04:15:00,13.9644471700881,17.6126164709186,627.440626107792,0.311952775,0.40755122451258,3.25757053926949
2025-09-17 04:30:00,13.9623684553459,18.3845617102962,633.721760651088,0.311822674333333,0.393451917932508,3.29844280127631
2025-09-17 04:45:00,13.8936555078224,17.1937803757922,636.502686063783,0.313117129444444,0.40507514620114,3.1683131444268
2025-09-17 05:00:00,13.9032283076729,17.4225308743483,642.547243512738,0.312070135222222,0.404250450302683,3.35487783839781
2025-09-17 05:15:00,13.8929299233927,17.5019617953298,645.655987185182,0.312825193222222,0.395685606046333,3.29752745490845
2025-09-17 05:30:00,13.8862176558074,17.6575536140172,643.774937392944,0.315053563888889,0.395573073251887,3.22409954795298
2025-09-17 05:45:00,13.9723077543038,18.1429355317823,641.824487069022,0.314319766333333,0.387330603528334,3.28484583943402
2025-09-17 06:00:00,13.9203744292445,17.7788543153875,641.644874224123,0.315031760333333,0.389340660415844,3.17997110059989
2025-09-17 06:15:00,13.9661665704905,17.9991448778068,642.57503575492,0.316869841,0.387237666039674,3.24518783718367
2025-09-17 06:30:00,13.9574097941793,18.1070142531865,643.506773112253,0.316343949666666,0.387294081917671,3.26268742277677
2025-09-17 06:45:00,13.877240587754,18.4356152558516,643.426433093469,0.318795226333333,0.385798318430712,3.39735005260948
2025-09-17 07:00:00,14.0068288999319,17.8073435439774,645.269309078961,0.316104082555555,0.387268011731503,3.30059449080287
2025-09-17 07:15:00,13.8771882252859,18.565277866347,644.879110267006,0.318395000111111,0.388611425962236,3.38359642189824
2025-09-17 07:30:00,13.9148706138474,17.1495470418062,647.090163223614,0.315440649666666,0.399889866270376,3.33862464759045
2025-09-17 07:45:00,13.8951164195688,17.6711292647652,650.219912903264,0.315198705,0.38727264005953,3.2926880310603
2025-09-17 08:00:00,13.9837645665704,19.2472571185859,649.14760264192,0.314513889,0.387433192875359,3.36847149105802
2025-09-17 08:15:00,13.8762330805125,18.2957912015963,647.39057011426,0.315079697666666,0.388387645885917,3.26249545802932
2025-09-17 08:30:00,14.0301907006786,19.2147945100671,647.716492323076,0.313980638111111,0.386189809773181,3.2996581145533
2025-09-17 08:45:00,13.9370463072162,18.187154553351,648.112709800066,0.315619347444444,0.388214888437743,3.32894475316606
2025-09-17 09:00:00,13.898326416714,19.0016630384438,645.764266485253,0.316782823444444,0.387924036727291,3.28929430234009
2025-09-17 09:15:00,13.8993639186548,18.7302948282826,644.118056810356,0.317627661222222,0.37903277244763,3.31669925331721
2025-09-17 09:30:00,13.9172921129377,18.729093458989,644.217721726314,0.315050586111111,0.37816205294114,3.31961492594055
2025-09-17 09:45:00,13.9074943119333,19.5273672435078,644.839560910885,0.316700770777778,0.388882603537427,3.2843258712658
2025-09-17 10:00:00,13.9265287018325,18.4623369640625,648.018035024584,0.315297417444444,0.382991739563502,3.27652888560032
2025-09-17 10:15:00,13.9293393111777,18.6922790726815,646.427662130525,0.315116668111111,0.377856620468662,3.30131194764931
2025-09-17 10:30:00,14.0348253092327,19.6904190971295,639.993850889951,0.313961181444444,0.386553815308441,3.39610682268558
2025-09-17 10:45:00,14.0059402599393,19.2602868499254,633.127067861313,0.314630203888889,0.384322653104417,3.38737877229744
2025-09-17 11:00:00,13.9915710205171,19.2643534315381,631.036948301927,0.314798315888889,0.384322653104417,3.39022351015085
2025-09-17 11:15:00,13.9785155284016,19.4523858291986,624.581801147767,0.314816262555555,0.384322653104417,3.48521669706634
2025-09-17 11:30:00,13.9265287018325,19.4383212758114,620.419770991136,0.315470869666666,0.384322653104417,3.35590760153811
2025-09-17 11:45:00,13.9552508256608,19.4475723529839,618.347201285804,0.314560672777778,0.384322653104417,3.46676316242388
2025-09-17 12:00:00,13.8851797776503,20.1102104438112,616.718403257526,0.315294344111111,0.405082196747627,3.61428478612526
2025-09-17 12:15:00,13.9057398785377,19.793495493167,613.818745893772,0.315460844333333,0.385113185781483,3.60712636587883
2025-09-17 12:30:00,13.8956253205126,19.5175780716494,612.009398763116,0.316127168333333,0.385564618132624,3.59110401303134
2025-09-17 12:45:00,13.8953610114637,20.5822867061567,608.85925455196,0.316247023,0.376850705030338,3.71107110429023
2025-09-17 13:00:00,14.029752237686,20.0843929862211,607.315818640185,0.312921081,0.389656855750364,3.70334418612351
2025-09-17 13:15:00,13.9328467757081,20.0379798713725,604.33362587661,0.314353332777778,0.390680437924192,3.72880716279462
2025-09-17 13:30:00,13.946689203003,20.2384422273501,601.829325308821,0.313798501222222,0.406067795779014,3.74910207008596
2025-09-17 13:45:00,13.9312820237288,20.2340977559072,601.172431142919,0.314097995666666,0.38801246242027,3.64488597347367
2025-09-17 14:00:00,13.8889050372148,20.2112453870797,597.202462178858,0.314185318777778,0.388216003355488,3.8095818397822
2025-09-17 14:15:00,13.986593884126,20.6662028647892,595.047390740423,0.313481568333333,0.376522390298749,3.80711276994524
2025-09-17 14:30:00,13.9638232559867,20.7132033821828,593.537728273286,0.313936931666667,0.376514119185179,4.02924480462744
2025-09-17 14:45:00,13.8943867822637,21.282577708288,591.037933082367,0.316186202333333,0.32721919971126,3.98906133771157
2025-09-17 15:00:00,13.9344514750177,20.7586399181965,589.183110082972,0.312944384111111,0.376465974420751,3.99874166685344
2025-09-17 15:15:00,13.9114798447718,19.6097054354165,587.166727396477,0.313876834555555,0.37950566809084,4.06194658995409
2025-09-17 15:30:00,13.9346605590667,21.1291487253562,585.268059942958,0.312276187,0.378224135133436,4.01769283862366
2025-09-17 15:45:00,13.8944391447318,20.8982134776579,583.47132173171,0.313998970111111,0.378224135133436,4.18615968211011
2025-09-17 16:00:00,13.8953610114637,20.9944105295372,581.229256360956,0.313931652777778,0.378278924896413,4.14649957158913
2025-09-17 16:15:00,13.8976751008014,19.9119744581996,580.684267388052,0.312727230111111,0.381263828803524,4.11565538184729
2025-09-17 16:30:00,13.894963248234,21.2631384618017,577.436132517502,0.311771821,0.325738497770835,4.2302170947437
2025-09-17 16:45:00,13.8944391447318,21.3482074289711,575.523588996285,0.311438134555555,0.325504278932552,4.24116209279625
2025-09-17 17:00:00,14.026320272926,20.993928479634,575.304537478403,0.308928441888889,0.378224135133436,4.22219836928056
2025-09-17 17:15:00,14.0244833968593,21.2558985013741,573.318948985711,0.309235209222222,0.378224135133436,4.37802485852613
2025-09-17 17:30:00,13.8722634513629,21.1575128522341,572.278835080283,0.312039698777778,0.376243802664156,4.25122185707758
2025-09-17 17:45:00,13.8853186185644,20.9431329516624,571.697751344209,0.312029510111111,0.376478021502439,4.40754587308215
2025-09-17 18:00:00,13.8892558076088,21.7397752408364,569.674301956315,0.311627295666666,0.338727083870009,4.38320951930575
2025-09-17 18:15:00,14.0075765443171,21.3960326238324,570.202197884188,0.308940948555555,0.376243802664156,4.46089429868446
2025-09-17 18:30:00,13.9098934774562,21.3091874851592,568.000777871473,0.310599727222222,0.376243802664156,4.42799287408836
2025-09-17 18:45:00,13.8722634513629,20.9181173932359,567.631619784117,0.312651106777778,0.405940875172584,4.32088265471298
2025-09-17 19:00:00,13.9569164720105,21.8250758685793,567.103103224456,0.309697766111111,0.326762809116382,4.49753271318931
2025-09-17 19:15:00,13.8708519904237,21.1118314244169,565.995466324818,0.312466466111111,0.376496678654433,4.52532095535463
2025-09-17 19:30:00,13.8712559441214,21.3898156359474,564.987430621941,0.310865096555555,0.376496678654433,4.32354701422147
2025-09-17 19:45:00,13.9647975193882,21.8729854666297,563.977435290077,0.309263756777778,0.326892361491182,4.51816787334492
2025-09-17 20:00:00,13.8751513218548,20.8569203571107,563.259607640233,0.310793327222222,0.385864420476146,4.61474283057334
2025-09-17 20:15:00,13.985202260046,21.364341018601,564.101249430033,0.309386453444444,0.376218126422808,4.5358577984449
2025-09-17 20:30:00,14.0094527007853,22.097851678214,563.006999468977,0.308855879666666,0.326737132875033,4.61511420206586
2025-09-17 20:45:00,13.9791593712904,21.5985693645392,562.240537090319,0.309743077444444,0.376218126422808,4.73960154331388
2025-09-17 21:00:00,13.8952490358133,21.9475922491508,560.97943590965,0.312135225,0.327126580329464,4.54850858278807
2025-09-17 21:15:00,13.8776209082281,23.0771796798654,561.040957309125,0.311815238111111,1.03701231224867,4.69958464246485
2025-09-17 21:30:00,13.9329392840075,22.1945503250864,560.496504483958,0.309900234111111,0.339170727444026,4.66591963622852
2025-09-17 21:45:00,13.8702962163496,22.1888042208013,559.608993573855,0.312162513444444,0.339170727444026,4.69394005346387
2025-09-17 22:00:00,13.9155211602266,21.8430409313422,559.131660449767,0.310223191444444,0.323653498838072,4.84911003096628
2025-09-17 22:15:00,13.9163083073229,22.113562791374,558.457725583978,0.310485226111111,0.327440671528682,4.75607938419622
2025-09-17 22:30:00,13.9057907019392,22.8646335758368,557.263742645767,0.310544465888889,1.02573532016767,4.72529402005341
2025-09-17 22:45:00,13.8796001479614,21.8470795045149,557.530186705771,0.312325339444444,0.324256598638549,4.62685641725062
2025-09-17 23:00:00,13.8792023847318,22.7698872540475,556.734806642649,0.311429006777778,1.0245666858327,4.65293422066224
2025-09-17 23:15:00,13.9828041889704,22.3936871029309,556.621489577331,0.309437173222222,0.338622417406526,4.64822040225491
2025-09-17 23:30:00,13.9059380419214,22.3124197165031,556.000428569452,0.310530489222222,0.338622417406526,4.6589180852562
2025-09-17 23:45:00,13.9057907019392,22.1932809402151,555.428689229668,0.310424045888889,0.338745741022003,4.57148786204131
2025-09-18,13.9748310028016,21.7537991753196,554.979416688712,0.309817602111111,0.376496678654433,4.72221009536277
2025-09-18 00:15:00,14.0092562816771,21.3265454298601,555.544229114254,0.308834261888889,0.405668835988214,4.67122309499858
2025-09-18 00:30:00,13.9187298064133,21.7252852700064,553.484612179088,0.310103902555555,0.378224135133436,4.53233386632513
2025-09-18 00:45:00,13.9869732127571,21.9738631837883,553.550739987459,0.308821374111111,0.325504278932552,4.52466380457853
2025-09-18 01:00:00,13.9869732127571,23.0039572259289,552.807698914927,0.308552247444444,1.04719182420671,4.46563185936355
2025-09-18 01:15:00,13.9384840006918,22.6069811678363,551.642121547987,0.309312162111111,0.396315779524762,4.49828409524367
2025-09-18 01:30:00,13.8892889488444,22.6495056587253,550.82558199303,0.311740310111111,1.03992006169327,4.53596458817672
2025-09-18 01:45:00,13.8909514144563,22.3387875014475,549.511065391285,0.311987157222222,0.338715036788322,4.45253244839116
2025-09-18 02:00:00,13.9384840006918,21.3583721847075,549.18974020811,0.310744302555555,0.376575956218764,4.62243365253732
2025-09-18 02:15:00,13.9970066961704,22.4632138801295,548.225677975868,0.309631142777778,0.338825018586334,4.49922509868116
2025-09-18 02:30:00,13.8970630139881,21.7926419863919,547.65007463571,0.312310541444444,0.327094962670989,4.45850741759868
2025-09-18 02:45:00,14.0000627695482,22.1528201476974,547.853202517888,0.309826102777778,0.338825018586334,4.55101203539544
2025-09-18 03:00:00,13.9044435910874,21.9247260350578,546.052447158143,0.311765721666666,0.338031259555257,4.45514559358879
2025-09-18 03:15:00,14.0265852831053,22.4390047943244,545.940343426873,0.308974111444444,0.338464111648195,4.31316863969917
2025-09-18 03:30:00,13.9612013020134,21.4292675755195,544.463371691206,0.310808108111111,0.376215049280624,4.44423326050595
2025-09-18 03:45:00,13.9334366932534,22.3818686167733,542.367739679967,0.310537918555555,0.338464111648195,4.29984656201707
2025-09-18 04:00:00,13.8918171907585,21.9934657356608,540.641256657742,0.312332974777778,0.340990635220424,4.38472475531145
2025-09-18 04:15:00,13.8918171907585,21.7562350167798,540.912785820288,0.312065222777778,0.32602171665197,4.25012090761463
2025-09-18 04:30:00,14.043862332483,21.4626984618125,539.671014794955,0.308887275,0.378741572852854,4.37688755678834
2025-09-18 04:45:00,14.035992776803,21.6112502650359,536.659141982574,0.309669147666666,0.378564974771016,4.27221562681808
2025-09-18 05:00:00,13.9235059406977,21.1931070999615,534.079212393397,0.312864730555555,0.378975791691136,4.25798365201013
2025-09-18 05:15:00,13.9498352329851,21.7315142127439,533.552792586582,0.312255324111111,0.32602171665197,4.33819389541137
2025-09-18 05:30:00,13.9084024809718,22.0155904834763,523.573953326667,0.314655005,0.340990635220424,4.3212290167316
2025-09-18 05:45:00,13.9394649675837,22.0862281327911,523.600125526667,0.313766969666667,0.340990635220424,4.18775447635572
2025-09-18 06:00:00,14.004359946286,22.048733507432,523.42013902,0.314734721,0.342655776530486,4.15023260960233
2025-09-18 06:15:00,13.9491700141703,21.4240500615535,523.334442764445,0.315795634111111,0.380454858927343,4.08070463289011
2025-09-18 06:30:00,13.9131270736237,21.5269927764081,523.016324713334,0.317477066333333,0.378852778493827,4.15353406706885
2025-09-18 06:45:00,13.9104640265703,21.1038012704821,522.961589268889,0.315663100777778,0.380491425927192,4.13007790483438
2025-09-18 07:00:00,13.9682535961927,21.1438494873936,522.92621034,0.314760918333333,0.380320964492656,4.14727318831177
2025-09-18 07:15:00,14.0172615317349,22.1122339126873,519.806969804445,0.313957067222222,0.342570026860226,4.05086419018582
2025-09-18 07:30:00,14.0853925416179,22.2001598686314,519.360549251111,0.313492193888889,0.346227693004852,4.04147743181865
2025-09-18 07:45:00,14.0126862969527,22.6035921264851,519.28018382,0.313657760555555,0.995801728564213,4.04074646441251
2025-09-18 08:00:00,13.9252603740933,21.2877430601466,519.167432655556,0.317127873444444,0.380433592358247,4.06210589395193
2025-09-18 08:15:00,14.0179180975749,22.2178089573026,519.155056988889,0.313588044555555,0.342448435887534,3.96477149910822
2025-09-18 08:30:00,13.9131270736237,21.3754817737559,519.066137993334,0.316854688777778,0.380254163282941,3.97187282433014
2025-09-18 08:45:00,14.0257084426238,21.84304498682,518.615512968889,0.313127082555555,0.327494851375788,3.88935393030093
2025-09-18 09:00:00,13.9765926217205,21.7128427906649,518.35100248,0.314535085888889,0.380214707576671,3.90513094283154
2025-09-18 09:15:00,14.0705241622792,21.7032285494181,517.880521497778,0.313567158111111,0.380207346750516,3.79989447967115
2025-09-18 09:30:00,13.983060036365,21.3207713102482,511.380489297778,0.314228968555555,0.409628247652837,3.87642063051699
2025-09-18 09:45:00,13.9452096501264,21.4696886305567,509.702245868889,0.314356213,0.380184405817434,3.74942049959071
2025-09-18 10:00:00,14.0433490331532,21.1101518856383,509.047182533333,0.314407841666666,0.389221575804893,3.80154092125655
2025-09-18 10:15:00,13.9770094864775,22.0465616944213,508.372225624444,0.314363286777778,0.327462451231562,3.73691486960977
2025-09-18 10:30:00,14.0603576693043,21.2383243546805,508.433493357778,0.313512474777778,0.389231082762301,3.72465599813533
2025-09-18 10:45:00,14.0642216500777,21.9304146965514,507.454879253333,0.313531665222222,0.378279393430369,3.78652628067457
2025-09-18 11:00:00,13.9439477180642,20.6065000954314,506.578942637778,0.317898397666666,0.381321492871031,3.74480135141829
2025-09-18 11:15:00,14.006823697811,22.1186429009326,505.559315368889,0.313960287666667,0.325743496137478,3.58982516224132
2025-09-18 11:30:00,14.051470243334,22.2338722502861,504.636241488889,0.313904863888889,0.330633981387317,3.57565467376825
2025-09-18 11:45:00,14.0443205946377,21.5871219809528,499.711216702222,0.313486320777777,0.409559171453243,3.54519721544775
2025-09-18 12:00:00,14.0339187612688,21.3319082331501,498.82344842,0.312334026777778,0.387468617779904,3.50930174498922
2025-09-18 12:15:00,13.9874724036924,21.597460195386,498.84500834,0.311032597,0.391495934168772,3.55422115255351
2025-09-18 12:30:00,14.0735081218332,22.2446411730607,498.248722551111,0.310170691888889,0.37842157161437,3.57483722287512
2025-09-18 12:45:00,14.0289095232916,22.2655914297978,498.186727857778,0.309622836777778,0.380263443324233,3.41420509435849
2025-09-18 13:00:00,14.0677748042916,22.1953600599578,497.944196346666,0.308976807666666,0.377199354504637,3.48901348930409
2025-09-18 13:15:00,13.97217453925,22.0193693616614,497.786514446666,0.309543481444444,0.377734735256584,3.48587756544688
2025-09-18 13:30:00,13.9376766506292,22.736738222872,497.408762688889,0.311163763888889,0.339991712443134,3.34420454371004
2025-09-18 13:45:00,14.0372358739582,21.6216573830998,497.269187113333,0.309141123888889,0.387256213817506,3.36669717292181
2025-09-18 14:00:00,13.9694846031242,21.7489113111112,497.045315662222,0.309934205222222,0.38610563010706,3.34879614912572
2025-09-18 14:15:00,13.9641996601077,22.0296022115156,495.686060042222,0.310237859666666,0.371648848012658,3.30143555039834
2025-09-18 14:30:00,13.9263560628633,22.2888400559841,494.94561528,0.311977423666667,0.371685570278937,3.31559684010452
2025-09-18 14:45:00,14.0205241921701,21.6020915205609,494.834118477777,0.310808688555555,0.384288131626139,3.34688059712137
2025-09-18 15:00:00,13.9634807965527,22.6129382352546,494.372243997777,0.310145944777778,0.322577309349477,3.36242069616782
2025-09-18 15:15:00,14.0452428801015,22.554110122551,493.381685526666,0.310022950333333,0.371870455698738,3.20517913233981
2025-09-18 15:30:00,14.0488876977815,21.9984462085917,493.232976522222,0.310136576111111,0.387760268632781,3.25779246586515
2025-09-18 15:45:00,14.0039999292096,21.6185418491502,491.878899053333,0.311133430777778,0.387904619859924,3.2396787068731
2025-09-18 16:00:00,14.0752253181296,22.3526993564374,490.598715853333,0.308917629444444,0.376740353057866,3.15282274030389
2025-09-18 16:15:00,13.981393047371,22.7104543153899,489.904976942222,0.309582164777778,0.322566932396853,3.25358162707166
2025-09-18 16:30:00,13.9168874800288,21.8133350311183,489.97428327111,0.312077477,0.390221465074186,3.23678872627771
2025-09-18 16:45:00,14.0477198129908,23.1285253833553,489.004953057777,0.308606389444444,0.336127790910707,3.18029976624399
2025-09-18 17:00:00,13.9994532629627,22.3178042368372,488.939885388888,0.310370363222222,0.374105967290558,3.0687885081913
2025-09-18 17:15:00,13.9524302684085,22.4527471617365,488.908777611111,0.310974249,0.374105967290558,3.26139825784193
2025-09-18 17:30:00,13.9398016895775,22.9637353689978,487.365228137777,0.310580772111111,0.325197765234415,3.20546364251925
2025-09-18 17:45:00,13.9561767100275,21.9657570311244,486.447323662222,0.311093298111111,0.383580904575698,3.07062352189566
2025-09-18 18:00:00,13.884628037367,21.9767233108265,485.331966106666,0.312295961444444,0.383472133652759,3.12811196437294
2025-09-18 18:15:00,13.8792347306412,22.4762582148444,483.97613876,0.311257712111111,0.372734494650273,2.99295735788208
2025-09-18 18:30:00,13.67950160825,22.5624795243027,483.07388434,0.312038987555555,0.373877132401182,3.05759731489461
2025-09-18 18:45:00,13.689517170087,22.5009078769125,482.548605826666,0.313213026,0.373994261995291,3.04285610832261
2025-09-18 19:00:00,13.751672387813,23.1426041704487,480.858324966666,0.311069064666667,0.336510722130269,2.98157993171677
2025-09-18 19:15:00,13.715876303167,23.3654035983283,480.727254044444,0.311328265111111,0.337274940279748,2.889523799459
2025-09-18 19:30:00,13.697495623284,23.0083451100675,478.657561628889,0.311256662444444,0.325750594002231,3.10717869742947
2025-09-18 19:45:00,13.7735884748367,22.5556070760373,478.360146893333,0.311200244888889,0.374906328444617,2.93967416777118
2025-09-18 20:00:00,13.792420631376,22.7659372517492,477.362764228889,0.311983936,0.365876125260017,2.94061362487554
2025-09-18 20:15:00,13.6890173370709,21.7431759252224,477.415156917778,0.313081838222222,0.377667455726039,2.87820779914034
2025-09-18 20:30:00,13.6432871176072,22.8062017232734,477.322335575555,0.312155258666666,0.367958528831713,2.92655249261148
2025-09-18 20:45:00,13.8007192320755,22.761038358116,477.3311029,0.312421292444444,0.368571746650792,2.88290725231793
2025-09-18 21:00:00,13.8088703856532,21.7299786588208,477.2184123,0.313362637111111,0.375889281823515,2.97050398675837
2025-09-18 21:15:00,13.8096056149006,21.9980172286338,477.21094524,0.314079109555555,0.38208374970271,2.90208309834111
2025-09-18 21:30:00,13.667066569745,22.2460381235987,476.965892908889,0.313640810666666,0.384527055499161,2.88956063758703
2025-09-18 21:45:00,13.6721910461183,22.1177059587607,477.059789417778,0.315065354222222,0.381249570812118,2.85965415739937
2025-09-18 22:00:00,13.689893408019,22.0547980900564,476.988451373333,0.314909100444444,0.381050793949839,2.8536782529923
2025-09-18 22:15:00,13.8078958205796,22.3543999753782,476.884867922222,0.312255791555555,0.382484982117638,2.93209321974158
2025-09-18 22:30:00,13.7310586012759,22.440102740301,476.988333882222,0.312979616222222,0.381508484718006,2.87689021561309
2025-09-18 22:45:00,13.7567016579381,23.4671474550116,475.84412268,0.312022336888889,0.334526399927125,2.79380358711522
2025-09-18 23:00:00,13.8008998220388,22.3481894952038,476.049597584444,0.313052514222222,0.382309704122084,2.86209517316287
2025-09-18 23:15:00,13.7065460232818,23.232838506114,475.806928013333,0.312273561555556,0.319963921743425,2.78864145472644
2025-09-18 23:30:00,13.8057078943658,22.8998056694151,475.829776328889,0.312545243111111,0.364819364897953,2.86604547639591
2025-09-18 23:45:00,13.8055518562477,22.8596592084561,475.4862976,0.312146389777778,0.361706133525315,2.81229530116201
2025-09-19,13.804789584588,22.2098332146238,475.515536011111,0.313960244,0.371385200659013,2.8581960362746
2025-09-19 00:15:00,13.8344140418507,22.2432334742634,472.237759844444,0.313168186,0.366011236837168,2.904962175895
2025-09-19 00:30:00,13.8239909693618,22.0554345129502,468.86126426,0.313118114888889,0.253017108430283,2.84418950116522
2025-09-19 00:45:00,13.803516115667,22.4912609207759,468.224688395555,0.311442520888889,0.241167303136822,2.93992650801413
2025-09-19 01:00:00,13.8084182149525,22.2080770809342,466.279888995555,0.311613463333333,0.22940428909869,2.8696477837711
2025-09-19 01:15:00,13.8056067667262,21.361677999262,464.867434613333,0.312764527777778,0.220402538473484,2.85382900181079
2025-09-19 01:30:00,13.8225994307855,19.3308092984387,442.525325493332,0.314428621305555,0.227851039712359,3.00399557946884
2025-09-19 01:45:00,13.822451252867,19.2545231138199,435.137866479999,0.314621750194444,0.231742502331739,2.90927962601613
2025-09-19 02:00:00,13.7865476965844,21.0268174196878,432.599997002221,0.314685567527778,0.206521997844708,2.94537216614715
2025-09-19 02:15:00,13.8202746876862,19.9509829586281,434.986132257777,0.314665031527778,0.227738337434408,2.92570636416279
2025-09-19 02:30:00,13.8150227765929,19.9927749677455,434.167295602221,0.313772446416666,0.20782910620369,2.62020640228795
2025-09-19 02:45:00,13.8568095442674,19.9874524280082,431.620591584443,0.312528571777778,0.23053197239163,2.89934916083875
2025-09-19 03:00:00,13.7670418944388,20.2508889537766,431.74145415111,0.31464008175,0.201964269841715,2.93087076747668
2025-09-19 03:15:00,13.8142790311766,19.8859300626054,432.066700206666,0.314490427111111,0.207637310086983,2.89874153050758
2025-09-19 03:30:00,13.8541343556881,19.9718744141596,432.03900865111,0.313367350666667,0.21103075293534,2.94016236492089
2025-09-19 03:45:00,13.8197995094033,20.905213014932,432.377379222221,0.313982133777778,0.19931936922642,2.8707894275711
2025-09-19 04:00:00,13.813801503951,19.1323522051778,432.04049249111,0.314318421777778,0.232634848389234,2.93354114863425
2025-09-19 04:15:00,13.8366006180507,20.3628563222816,431.80181977111,0.312762214888889,0.202016443271772,2.85102141143159
2025-09-19 04:30:00,13.7307443177214,20.4099822432268,432.355414528888,0.314063530222222,0.201593012413801,2.95951425708428
2025-09-19 04:45:00,13.7970949362291,19.6904831999114,432.109961117777,0.311625476222222,0.231455449803955,2.96132270083142
2025-09-19 05:00:00,13.8139810617288,19.7772170618807,432.381552377777,0.311468992888889,0.209568913922796,2.84591551878037
2025-09-19 05:15:00,13.7743197070458,20.8595312086842,433.245038602221,0.310907102,0.201857043955206,2.96838482638788
2025-09-19 05:30:00,13.7743197070458,20.7240804905271,433.223502184443,0.31062755,0.203601257189565,3.00214859745987
2025-09-19 05:45:00,13.7684342783208,19.9905566760084,433.084968253332,0.309922864,0.212178538323201,2.91494258442248
2025-09-19 06:00:00,13.792210018653,19.8288787104993,432.709200366666,0.311019599333333,0.212022913759689,2.88650246963294
2025-09-19 06:15:00,13.7791792038512,20.313490876897,432.889694608888,0.310413422666666,0.204693922826601,2.88966505400297
2025-09-19 06:30:00,13.7703854728393,20.2655867788648,433.170363322221,0.311074831555555,0.204616100521616,2.82594060443721
2025-09-19 06:45:00,13.7930413540634,19.8563825764734,433.168417137777,0.311698734,0.211888586362725,2.92749625649979
2025-09-19 07:00:00,13.7892793279064,20.4158494646322,433.252571175555,0.311667754888889,0.202078632736957,2.91480516265066
2025-09-19 07:15:00,13.7892793279064,20.1441741327001,433.210534819999,0.311537645777778,0.202095928315058,2.85941728037274
2025-09-19 07:30:00,13.7827570892319,20.2840653823283,433.219669593332,0.310945754,0.202012461193969,2.87017565412389
2025-09-19 07:45:00,13.6534727759774,20.2969929678226,433.200192313332,0.314066204888889,0.20224775285246,2.71746827000885
2025-09-19 08:00:00,13.7773784103475,21.2432924032694,433.136559786665,0.310268242666667,0.196700511655824,2.82588685904297
2025-09-19 08:15:00,13.7895491775953,21.3372654531722,432.620410495555,0.310575096222222,0.1970653543107,2.86425922240395
2025-09-19 08:30:00,13.7883630702175,20.4714942083677,433.123140495554,0.310292756,0.204611550799823,2.87055995645434
2025-09-19 08:45:00,13.7918739206945,20.303695619801,433.04317331111,0.309103370222222,0.205082706792621,2.83650189956321
2025-09-19 09:00:00,13.7945978805864,20.51069306229,432.79692285111,0.309223022222222,0.205086667639507,2.89081253395659
2025-09-19 09:15:00,13.6834859202279,20.423800036448,433.068773646666,0.310704143333333,0.204524304065775,2.86542908652
2025-09-19 09:30:00,13.6808945319863,20.3790317674116,432.803141699999,0.310615031333333,0.204524304065775,2.88970053326263
2025-09-19 09:45:00,13.7841929861849,21.2608957520865,432.999966484443,0.308535645777778,0.196788972469728,2.90353482042394
2025-09-19 10:00:00,13.7439970281449,21.7874767345824,432.560269877777,0.309025650444444,0.202610384994323,2.89710685178475
2025-09-19 10:15:00,13.6616719142337,21.1352471506468,432.70227373111,0.310940842444444,0.197447126717671,2.83488939527156
2025-09-19 10:30:00,13.7901927126708,21.413623061344,432.981439897777,0.308684646444444,0.197457219407016,2.84946595512156
2025-09-19 10:45:00,13.792496746773,21.2047224546659,432.744625724443,0.309877885555555,0.197461180253902,2.92328951548642
2025-09-19 11:00:00,13.7945978805864,21.1100158780522,433.054383059999,0.309614940222222,0.197641439481312,2.92455473042469
2025-09-19 11:15:00,13.776948908143,21.0380213573321,432.96597427111,0.309118466222222,0.203358353528405,2.88727539271157
2025-09-19 11:30:00,13.7751603074675,21.308308864332,432.852209293332,0.309237336444444,0.197051730748834,2.8539398021991
2025-09-19 11:45:00,13.7476752435716,21.0037315139285,433.324839337777,0.312284297777777,0.203063433261166,2.85811565895276
2025-09-19 12:00:00,13.7737609709534,22.238861251302,433.22830197111,0.309085828666666,0.206433334804125,2.8743655139807
2025-09-19 12:15:00,13.7781215059356,21.5482595028294,432.941574893332,0.309846204444444,0.197153050749716,2.94763205102106
2025-09-19 12:30:00,13.7971474471242,20.7020505744916,432.945531488888,0.311517241111111,0.203897310943711,2.8876776803117
2025-09-19 12:45:00,13.8238360943775,21.1870738896344,432.227136302221,0.310894317111111,0.202410379249283,2.86670020060444
2025-09-19 13:00:00,13.817902496456,21.8179820650502,432.084746453332,0.310726339777778,0.20004069221656,2.88433509854417
2025-09-19 13:15:00,13.7093530888055,21.8119588246192,432.163303337777,0.311542278666666,0.200921222206935,2.86698480384982
2025-09-19 13:30:00,13.828881274616,21.7064922334774,431.994454033332,0.310699176888889,0.200881056654395,2.87177580967323
2025-09-19 13:45:00,13.7193881045775,22.01303363396,432.061016117777,0.310518108666667,0.211515147799766,2.88747249778279
2025-09-19 14:00:00,13.8014094998852,22.1052322976433,431.626648608888,0.309271372666667,0.211953788739176,2.80618274917241
2025-09-19 14:15:00,13.7709734979656,21.2723820359586,431.821564562221,0.312866762888889,0.195880114914891,2.8075804704088
2025-09-19 14:30:00,13.8410137029479,21.8228520721501,431.823541406666,0.311591426666666,0.199588205708721,2.80033750139104
2025-09-19 14:45:00,13.6708262531005,20.9823038150677,432.054565062221,0.313012238666666,0.201493910653325,2.82036171363087
2025-09-19 15:00:00,13.8157479444636,22.0430175899221,431.739573479999,0.312207336444444,0.197904060057273,2.78218092664302
2025-09-19 15:15:00,13.6681293978827,21.6531411642853,432.402647577777,0.313096965111111,0.194131089481142,2.78235559804644
2025-09-19 15:30:00,13.8100467465536,21.9899458138873,432.64522763111,0.311766803555555,0.197953480360423,2.86777916523374
2025-09-19 15:45:00,13.8180706867762,22.0707527124219,434.788734333332,0.312768992888889,0.195943949395672,2.83536194023202
2025-09-19 16:00:00,13.759177144067,22.3855858405761,435.171101279999,0.312863316888889,0.218394790693579,2.82004830021618
2025-09-19 16:15:00,13.8188142331248,21.4831798617351,434.909646473332,0.313196985333333,0.191970657460772,2.8388693578798
2025-09-19 16:30:00,13.7309823490729,22.0825769768864,435.125716897777,0.313222470888889,0.194589504173721,2.82608400913295
2025-09-19 16:45:00,13.8198397132448,21.675034870048,434.887968473332,0.313241537111111,0.192020631007245,2.75686694331256
2025-09-19 17:00:00,13.671667820895,21.3210294487418,436.500567102221,0.316076782194444,0.192106676899047,2.74737000000794
2025-09-19 17:15:00,13.7760765235855,21.7758970725621,446.07992123111,0.313509958861111,0.196089075555532,2.86123964095801
2025-09-19 17:30:00,13.8186795134892,21.2083512483444,458.233876277777,0.314233738194444,0.204615011399412,2.79271924558343
2025-09-19 17:45:00,13.8147806130033,22.3895104609942,458.356987848888,0.314083766638889,0.202067351850439,2.76529408870901
2025-09-19 18:00:00,13.7980053174044,22.933533020758,460.716784539999,0.312495219083333,0.195366512653388,2.7471647397139
2025-09-19 18:15:00,13.7502738486092,22.0961019278208,458.666649877777,0.314013086861111,0.196172955766539,2.78140594131351
2025-09-19 18:30:00,13.7802846155733,22.2229047566775,461.483999451111,0.314192223305555,0.20383073651426,2.81681316956949
2025-09-19 18:45:00,13.6784190324413,21.6079042879615,461.272880699999,0.314088163972222,0.201748329199996,2.87602498780061
2025-09-19 19:00:00,13.5927506486043,22.3592286970312,462.799058879999,0.31490990175,0.222082447476894,2.86592944896459
2025-09-19 19:15:00,13.3011506924335,21.8932754762593,462.810899291111,0.313597787972222,0.207490195158423,2.79895537558595
2025-09-19 19:30:00,13.2115005928133,21.819060158006,462.846182011111,0.313700665083333,0.206470142336524,2.81001370034714
2025-09-19 19:45:00,13.0657481739193,21.8452270418101,465.625958211111,0.312919626416667,0.207674544036822,2.87562004739282
2025-09-19 20:00:00,13.0054383513576,22.8202185909892,465.528140293333,0.312557891305555,0.215350745462842,2.80036564767169
2025-09-19 20:15:00,13.0031303376013,22.5502207893211,465.769115615555,0.312730636416666,0.220524493815338,2.81509777080443
2025-09-19 20:30:00,12.8569856354619,22.7083504741498,465.630964684444,0.313599360861111,0.216713636090936,2.7730878198818
2025-09-19 20:45:00,12.9180065610546,22.424807190716,465.909557986666,0.312774118416667,0.218775860283412,2.76425308416255
2025-09-19 21:00:00,12.7908013910056,22.2986418519916,466.897093904444,0.316081963972222,0.212824414591157,2.80218918325572
2025-09-19 21:15:00,12.7965902995597,22.586841425068,467.090750917777,0.315187709527778,0.239415800064363,2.78832021586692
2025-09-19 21:30:00,12.8125687767804,22.3798389896252,438.980674384443,0.314784700194444,0.211449777539737,2.78161458569904
2025-09-19 21:45:00,12.8125687767804,21.9736823413189,437.127373308888,0.315348431972222,0.209822018496767,2.72963886326366
2025-09-19 22:00:00,12.5958573995463,22.517816710516,435.652622244443,0.315115538861111,0.21151282116286,2.75777840040676
2025-09-19 22:15:00,12.5594302405014,21.1963564542932,446.789971117777,0.31427474175,0.214230095695463,2.73306770924817
2025-09-19 22:30:00,12.5730930302781,22.3759492776461,451.853698699999,0.314249470861111,0.209775775415871,2.73288333154245
2025-09-19 22:45:00,12.5615543396648,22.2703265280063,446.825927566666,0.314282462194444,0.210553761600968,2.70329149524495
2025-09-19 23:00:00,12.5396730355478,22.2824724737449,446.844450579999,0.315138957083333,0.209836095809291,2.76394613483048
2025-09-19 23:15:00,12.461049626773,22.0195231219825,451.881517606666,0.314959017527778,0.209872965201606,2.74039664510437
2025-09-19 23:30:00,12.410539774081,22.2127016807112,459.112561573333,0.314501296861111,0.210202194265507,2.7204996484818
2025-09-19 23:45:00,12.5625398553537,21.824757681137,459.121187479999,0.313954636861111,0.210089500840105,2.73902637108644
2025-09-20,12.5723511659433,21.838054643096,459.027340057777,0.314779682638889,0.209202189461973,2.74381862881053
2025-09-20 00:15:00,12.5752743665655,22.2967191814685,459.024153544444,0.314623579305555,0.209267802084414,2.71190767999148
2025-09-20 00:30:00,12.5791365859626,21.9762268380462,462.222889022222,0.313965887305555,0.209529541319982,2.74831218242739
2025-09-20 00:45:00,12.7539017614426,22.0768576829155,462.400906824444,0.314724842638889,0.209538417681407,2.7848516642213
2025-09-20 01:00:00,12.6126282224039,21.9842862099208,462.798214113333,0.315210125083333,0.209646406763174,2.78702666675391
2025-09-20 01:15:00,12.8413768146456,21.6077388670764,462.360403577777,0.314861476194444,0.209519944673352,2.76343954884042
2025-09-20 01:30:00,13.0080035527909,22.0286048363629,459.191697988888,0.313976099305555,0.209473083040123,2.77367309252638
2025-09-20 01:45:00,13.0047950434101,21.6983982307105,459.031340246666,0.314511495305555,0.209319007734261,2.81168504791363
2025-09-20 02:00:00,13.0033996400664,22.201330061983,459.035856988888,0.313894900194444,0.211089333842851,2.75721828568375
2025-09-20 02:15:00,12.9487807120768,21.9790205672198,462.161813873333,0.313942641305555,0.209519944673352,2.77098182447617
2025-09-20 02:30:00,12.7804592734233,22.3994330132413,462.166922839999,0.314737535305555,0.243499086845967,2.7702428780373
2025-09-20 02:45:00,12.8784608806004,21.4459799170971,462.768447644444,0.314197119972222,0.207612966274699,2.7653007305742
2025-09-20 03:00:00,12.9258867798495,21.765182015871,462.832768235555,0.314217386638889,0.207076964923044,2.81478314290991
2025-09-20 03:15:00,13.2810863078187,21.2165015658602,463.426194324444,0.313899542194444,0.210169696217698,2.76107137925304
2025-09-20 03:30:00,13.3062648435496,21.4941628854847,462.041993371111,0.312961335527778,0.206357448911122,2.81692745908645
2025-09-20 03:45:00,13.2841956329031,22.4148211116664,450.777550475555,0.313625692416666,0.21620258523079,2.82976550521596
2025-09-20 04:00:00,13.6544997646472,21.3048370675563,461.670229217777,0.313767607305555,0.208198030885915,2.77839321452765
2025-09-20 04:15:00,13.6617900840369,21.0781068921916,463.368611982222,0.314342050194444,0.215063856826302,2.78497058250948
2025-09-20 04:30:00,13.6865441690844,20.8911482597967,466.996326571111,0.315066043527778,0.218581554014793,2.80959327416722
2025-09-20 04:45:00,13.7919939785707,21.5719720976073,465.385221304444,0.314604332861111,0.204395583610671,2.78041822187074
2025-09-20 05:00:00,13.8435549140259,21.030628906163,464.876691046666,0.313054268888889,0.212953058376393,2.7962505918685
2025-09-20 05:15:00,13.6938272856609,21.9524772094872,462.518631026666,0.313260476194444,0.206599160808051,2.83059760895659
2025-09-20 05:30:00,13.6991549872372,21.0558129321575,461.991958039999,0.313586381305555,0.194921715958433,2.80819008781197
2025-09-20 05:45:00,13.8158201499322,21.4772570403238,461.75897687111,0.312206403555555,0.197942519138908,2.80427123798949
2025-09-20 06:00:00,13.8169283292344,21.2660704431827,461.254238033333,0.312549266888889,0.19411052877609,2.84371009464316
2025-09-20 06:15:00,13.7385221169677,21.1540878316375,457.458396679999,0.313596034444444,0.192055651937119,2.82355849591844
2025-09-20 06:30:00,13.7746232684359,21.2229850547599,442.693274106666,0.313927844444444,0.192055651937119,2.81024067643898
2025-09-20 06:45:00,13.7773184306803,21.724383714139,436.671341942221,0.313310890666667,0.194243418077696,2.81093334277506
2025-09-20 07:00:00,13.6929503596757,21.3692312417675,436.551560035555,0.314045263777778,0.194475637206761,2.78700594923533
2025-09-20 07:15:00,13.7115331703143,21.6777923097835,435.319003813332,0.314031510888889,0.194562819958883,2.83601273194019
2025-09-20 07:30:00,13.8185531157732,21.152010106774,434.997563448888,0.313748324,0.191857447417608,2.8236954433534
2025-09-20 07:45:00,13.7113326574211,21.8745378444396,435.305036346666,0.313037667555555,0.201244439859525,2.81453530873589
2025-09-20 08:00:00,13.6636091248813,20.8070240821547,434.915659133332,0.316499013333333,0.199569106095872,2.85254892482913
2025-09-20 08:15:00,13.8222140936532,21.1118267777343,434.764162386666,0.312683425111111,0.194683576054414,2.79514375187301
2025-09-20 08:30:00,13.8057797868247,21.4716767352582,433.660149742221,0.311413775777778,0.198039932283587,2.87978537948576
2025-09-20 08:45:00,13.8061654598306,21.7831692900948,431.911766597777,0.310919282222222,0.196898712860311,2.80505672125969
2025-09-20 09:00:00,13.7767815809851,20.9179163603944,431.646691948888,0.313861370888889,0.200490511278204,2.85666126286363
2025-09-20 09:15:00,13.8127017040118,21.5215014169796,432.126134242221,0.313723894444444,0.19744615088796,2.83579869363446
2025-09-20 09:30:00,13.8163914795392,21.7599078968097,432.345353275554,0.312864948444444,0.199976846386199,2.8302309465412
2025-09-20 09:45:00,13.793468467644,22.1645277512844,431.819399317777,0.310500100222222,0.22186036257032,2.85403034397393
2025-09-20 10:00:00,13.810140526071,21.2646386961039,431.817144559999,0.312386258,0.194850984373542,2.88874242488139
2025-09-20 10:15:00,13.8082329384414,21.3751307625373,431.716134364443,0.311401063111111,0.194733506246213,2.87534307479033
2025-09-20 10:30:00,13.7585726780429,21.2609912627917,431.835879742221,0.312218106444444,0.194773671798753,2.91944168818949
2025-09-20 10:45:00,13.7974537943288,22.3823056342159,432.115119713332,0.309830664888889,0.19649093171156,2.85196208856689
2025-09-20 11:00:00,13.8003489164795,21.3116769801431,431.737699397777,0.310588074,0.194648367825707,2.89917578505073
2025-09-20 11:15:00,13.7454782475406,21.1562720892132,431.807456635555,0.312777713777778,0.200957575432584,2.94612836060313
2025-09-20 11:30:00,13.8030807085106,21.1719059033702,432.076413608888,0.313506647777778,0.199883295151829,2.84956019682569
2025-09-20 11:45:00,13.7630446133914,20.8617520108665,432.223082699999,0.313746398444444,0.200900643939706,2.97518995615116
2025-09-20 12:00:00,13.8021981967244,21.7877409299477,431.879113317777,0.312248862222222,0.195685828493388,2.92628518923545
2025-09-20 12:15:00,13.8080769003233,21.9315877479086,431.893297824443,0.31339678,0.195826789185066,2.93735582861234
2025-09-20 12:30:00,13.7778745428955,21.5109961141943,432.233189884443,0.313628687333333,0.193374646528297,2.90730278565071
2025-09-20 12:45:00,13.7711466194403,22.0587775357006,432.369925222221,0.312723444,0.206583182837614,2.86300953874611
2025-09-20 13:00:00,13.8090271200833,21.7641724648537,432.150706188888,0.313217116444444,0.19571872383372,2.87516525321597
2025-09-20 13:15:00,13.8071615831751,21.5198040154597,431.880745448888,0.313291844222222,0.19287662475674,2.92630432765433
2025-09-20 13:30:00,13.8181909966285,21.6915904648627,431.622757348888,0.314014370638889,0.192896104404671,2.87229872817297
2025-09-20 13:45:00,13.8249456695159,21.5974788460253,432.075675368888,0.313845639527778,0.194475230789572,2.91480382195449
2025-09-20 14:00:00,13.7793764877277,21.4719293496397,432.082723648888,0.314970361083333,0.193136232825941,2.92410195089974
2025-09-20 14:15:00,13.813075566547,21.8723778561869,433.691804748888,0.313891182416667,0.198507682101682,2.88629569742231
2025-09-20 14:30:00,13.7087766848135,22.4702384201464,434.794273188888,0.314332402861111,0.19578875243734,2.90930473976098
2025-09-20 14:45:00,13.8181410624655,22.0426228433777,433.921572944443,0.31389143575,0.195996448212308,2.85219052333545
2025-09-20 15:00:00,13.7957793643396,22.1733248870291,434.783939124443,0.313367743083333,0.206567426334161,2.8793684514106
2025-09-20 15:15:00,13.8004730388522,21.6949175395428,435.133401217777,0.314452599305556,0.193836711163849,2.85270304130283
2025-09-20 15:30:00,13.7786272288814,21.7967325459912,435.022390462221,0.314887927305556,0.198543185284928,2.81723176521757
2025-09-20 15:45:00,13.7702892848573,22.5528990988119,436.916048073332,0.312640531972222,0.203649155611639,2.88131294697837
2025-09-20 16:00:00,13.7802059008637,21.7525103426158,446.562412568888,0.313871059305555,0.207602996055334,2.91173442203933
2025-09-20 16:15:00,13.4324679921047,21.8118619208475,451.459835797777,0.314168174416667,0.206691695052043,2.8425548054419
2025-09-20 16:30:00,13.289025429312,21.7974666514028,461.771711068888,0.313818077972222,0.206168277825786,2.87878427362581
2025-09-20 16:45:00,13.3852517011699,22.1465646824351,451.459642513332,0.313348301305555,0.209336217237901,2.80742093056777
2025-09-20 17:00:00,12.8537025010939,21.2281521821341,461.462569193333,0.316250622194444,0.209365066741959,2.79052179495808
2025-09-20 17:15:00,13.0085589361933,22.1104025475072,462.039057513333,0.313019373527778,0.207813965321594,2.88994242486446
2025-09-20 17:30:00,12.950587442183,22.2510484336674,462.431434775555,0.312931120416667,0.219606481114632,2.83941552254189
2025-09-20 17:45:00,13.0332334420463,21.5194819534775,462.32969861111,0.312592364638889,0.209258815642377,2.85062741765765
2025-09-20 18:00:00,13.0088830951894,22.0817146077753,463.38201623111,0.313851196861111,0.20943925858274,2.86639752778922
2025-09-20 18:15:00,13.0175014410042,21.4771958063436,463.616250397777,0.314551888194444,0.214129484061857,2.83132341028896
2025-09-20 18:30:00,12.880720010047,21.4318544629908,463.464800064444,0.315302908194444,0.212639476808041,2.8296350428727
2025-09-20 18:45:00,12.968975524986,22.2698580295006,465.751874391111,0.312897878194444,0.212434059804797,2.8712698548936
2025-09-20 19:00:00,12.9321042065124,21.8713745768946,465.792832706666,0.314537091083333,0.211050969920942,2.84290891984497
2025-09-20 19:15:00,12.8134718601063,22.5964329637392,466.897093904444,0.313785262194444,0.216713636090936,2.86503973770251
2025-09-20 19:30:00,12.9374858780264,21.6981884335966,467.066250408888,0.315189449083333,0.211050969920942,2.87789960370914
2025-09-20 19:45:00,12.8930441138739,21.5639266622836,466.276782684444,0.314894716416667,0.214184012587711,2.81506752009811
2025-09-20 20:00:00,12.8086883725034,21.345674650419,467.135728677777,0.317829144416667,0.214424662164244,2.83263445355653
2025-09-20 20:15:00,12.7406444463848,22.4646803610049,467.086557624444,0.313454684416666,0.217397619579368,2.9110589974593
2025-09-20 20:30:00,12.9487237666101,22.704030504293,466.985167646666,0.313061257972222,0.238911759341732,2.80891079697638
2025-09-20 20:45:00,12.6031051551922,21.0523100427855,467.292017246666,0.314990395527778,0.215510685960995,2.82423140108179
2025-09-20 21:00:00,12.3680836624395,22.3459072266293,467.632913571111,0.316058238861111,0.219034982868001,2.86690385082129
2025-09-20 21:15:00,12.5781618950426,22.6876664955332,467.562655177777,0.31284669975,0.239115781872017,2.89199407794429
2025-09-20 21:30:00,12.4956548738441,22.5992407221157,467.465356191111,0.313063267972222,0.217304836755436,2.88345915888221
2025-09-20 21:45:00,12.5544597382529,21.1543093551175,467.108527437777,0.313903489083333,0.216026898294669,2.8719322508226
2025-09-20 22:00:00,12.3976359142336,22.3597367936515,467.87579392,0.314704998194444,0.213274062614593,2.85599955645871
2025-09-20 22:15:00,12.5458902663552,22.3732784106246,467.120143211111,0.313431196416667,0.21137521653736,2.94269703192411
2025-09-20 22:30:00,12.5559616963122,22.2002535464093,467.537819606666,0.314619944861111,0.211389487233034,2.85208289643402
2025-09-20 22:45:00,12.5455570584218,21.928032140466,467.325902375555,0.313776834861111,0.21126702463783,2.81196025704576
2025-09-20 23:00:00,12.5537803600248,22.0279492413876,468.052708384444,0.313439115972222,0.211509424132822,2.82343236990164
2025-09-20 23:15:00,12.3825629622291,22.3847857771985,468.024362931111,0.314861634638889,0.213274062614593,2.82048078816507
2025-09-20 23:30:00,12.4458396465329,21.6847336674512,467.678300457777,0.315163955972222,0.214091229763779,2.81844894300161
2025-09-20 23:45:00,12.4706109587344,22.2558069316473,467.840360951111,0.314764570194444,0.210971697629089,2.82093670017566
2025-09-21,12.5623498319226,22.4380933988695,467.695523744444,0.313662064861111,0.212510949260056,2.8093700008101
2025-09-21 00:15:00,12.4365412622691,21.9519615569012,469.396776511111,0.315871083972222,0.210971697629089,2.89524440675165
2025-09-21 00:30:00,12.7002914009404,22.3266011992348,469.138548422222,0.315251046194444,0.212623642685458,2.85707568976616
2025-09-21 00:45:00,12.8532752364411,21.8603380338625,468.379612284444,0.314957815972222,0.210953224621034,2.82720044108123
2025-09-21 01:00:00,12.9119257086546,22.358689468475,469.213720393333,0.313723077305555,0.212605169677403,2.85044961438244
2025-09-21 01:15:00,13.0011211886724,22.0017998699606,478.329709393333,0.314736435972222,0.210598607822189,2.90799825732118
2025-09-21 01:30:00,13.1710693426582,20.5450396156879,501.13768622,0.314342500666667,0.220507405270464,3.03214506249598
2025-09-21 01:45:00,14.3384309460683,18.4966872333636,604.437051614247,0.308453615888889,0.230198152117118,3.09308231202481
2025-09-21 02:00:00,18.1867785024418,16.0491069794001,773.28937169799,0.30631722,1.07973231969781,3.28865376754366
2025-09-21 02:15:00,18.1145163452123,14.3800322696747,841.671398319764,0.306267055777778,1.20975298127497,3.62507882848432
2025-09-21 02:30:00,16.0904621070375,17.1861579174223,837.640252416793,0.304653242444445,1.5056670190926,3.76824277531102
2025-09-21 02:45:00,15.1964871400464,17.5588378790552,854.133676656341,0.304879185222222,1.48431119695997,3.83418209890027
2025-09-21 03:00:00,15.0808635254597,16.7165862451531,903.690636527316,0.307122788111111,1.49682601325272,3.93262693440691
2025-09-21 03:15:00,15.0370065079097,16.7055216263781,902.419147088681,0.308402846111111,0.388144032938464,3.59391341495349
2025-09-21 03:30:00,14.2646747751601,15.8236068596534,920.361518513672,0.309647439444444,0.383111044627754,3.49252158217073
2025-09-21 03:45:00,15.1309975144519,15.9883634770715,996.871218283606,0.311894725222222,1.59161850585143,3.35091555085378
2025-09-21 04:00:00,15.1280128156923,15.1742272075739,1071.78593222068,0.311610035222222,1.74057168119582,3.33869909115317
2025-09-21 04:15:00,15.1669673502767,15.2278938515338,1098.86435875482,0.310804837666666,1.79209813513477,3.4184609225714
2025-09-21 04:30:00,15.1801837594178,15.2832585943109,1076.24676932262,0.310749295888889,1.74517016767585,3.41362717028425
2025-09-21 04:45:00,15.1829970706801,14.7730585912549,1075.44656278114,0.311685960555555,1.73642985189069,3.45558483470263
2025-09-21 05:00:00,15.1775036800267,15.2730050618067,1069.07509598395,0.310591019,1.72761937763238,3.27182161660867
2025-09-21 05:15:00,15.1380768629478,15.7120480528409,1066.61135661759,0.307858733,1.73146269388695,3.43154427685713
2025-09-21 05:30:00,15.1712094626293,15.6416960171209,1061.05838980899,0.307666194555555,1.72698936354339,3.34246709015417
2025-09-21 05:45:00,15.0979616033034,15.218287330925,1051.75304089561,0.307233969,1.70398961385747,3.40327271388729
2025-09-21 06:00:00,15.0969131397878,16.0014475419198,1042.49694054209,0.305690448333333,1.71346132251937,3.30852727310404
2025-09-21 06:15:00,15.1430539993389,15.9604238584089,1032.6323627498,0.305526923,1.70233973567239,3.41844589361529
2025-09-21 06:30:00,15.1675509643567,16.685983671758,1021.70974701754,0.305047139222222,1.70826839341291,3.26471477218534
2025-09-21 06:45:00,15.1518260456667,15.5551022124115,1012.14466414511,0.306821926333333,1.65947082610663,3.07572696599632
2025-09-21 07:00:00,15.1771422387704,16.9581317387627,1004.98214808174,0.306742433888889,1.68498573433455,3.23911040709661
2025-09-21 07:15:00,15.164487896776,15.8155309413514,994.818924467746,0.307164966555555,1.63557039159247,3.25339952846828
2025-09-21 07:30:00,15.1199068764731,16.4556477746074,982.49196466737,0.306902953888889,1.6440167654512,3.1986566186133
2025-09-21 07:45:00,15.1759561313927,17.1915831424732,970.329338097646,0.306880959666666,1.64797273793508,3.27598788400511
2025-09-21 08:00:00,15.0781137776509,17.1313109693558,955.050031231411,0.307619238111111,1.61800584710135,3.22805157524032
2025-09-21 08:15:00,15.1821193751615,16.727211505214,941.845933138954,0.308072243888889,1.59348143544427,3.18413521754138
2025-09-21 08:30:00,15.1696232492204,16.984856996179,930.400432361065,0.306650612777777,1.58002302703056,3.20023827842633
2025-09-21 08:45:00,15.1488350235067,17.266189399287,917.568080192389,0.307999569666666,1.56525828841356,3.1809741788755
2025-09-21 09:00:00,15.1381007175364,18.2548505769272,908.07185600184,0.306513871,1.56796886580439,3.161729064107
2025-09-21 09:15:00,15.0767753539753,18.3439035647456,895.308943401002,0.307061928111111,1.55599778868005,3.26817163509685
2025-09-21 09:30:00,15.1410650796415,18.5169599656513,881.406080468058,0.307013307888889,1.54240424750094,3.16923296186142
2025-09-21 09:45:00,15.1372850986515,17.9947317598164,869.34793638789,0.306729566555555,1.52087023148373,3.19904459814142
2025-09-21 10:00:00,15.1754835353215,17.8262800275579,861.278502444463,0.307381342777778,1.50249912551945,3.18994322554866
2025-09-21 10:15:00,15.1271889752249,18.3545423103433,851.876169165853,0.307102431,1.48922497682018,3.26756044504943
2025-09-21 10:30:00,15.0401990755264,18.7667068808571,845.448252469467,0.307383443444444,1.4924054506735,3.21644942506161
2025-09-21 10:45:00,15.0914008518712,18.0706717649629,835.622581030561,0.308620238555555,1.45845122781086,3.16275469239409
2025-09-21 11:00:00,15.029229262973,18.5761684333708,827.66955400229,0.307143618333333,1.45193189910666,3.22272841383121
2025-09-21 11:15:00,15.0229416787734,19.0179235702521,817.303639479492,0.306572286333333,1.44192313734854,3.19430109656739
2025-09-21 11:30:00,15.0395704903719,18.8235985182606,808.524625467204,0.307559789,1.42515575884446,3.18178891725027
2025-09-21 11:45:00,15.0300430520786,19.3381697679705,799.369473517134,0.307883257444444,0.416476068351616,3.22063934430734
2025-09-21 12:00:00,14.9903650070727,18.7143098340734,794.620856375168,0.308961950333333,0.388163196132558,3.18098394546302
2025-09-21 12:15:00,14.9903650070727,17.5366893941193,787.817201017913,0.309431383222222,0.406048488132806,3.19949475509127
2025-09-21 12:30:00,14.9183418343956,18.5602042724782,779.721900362685,0.308605832111111,0.381030092565582,3.23084850941873
2025-09-21 12:45:00,14.9053361054356,18.8071141102346,770.659672208986,0.307526706555555,0.381010929371488,3.24807258664995
2025-09-21 13:00:00,14.8358555905971,19.2268889476109,763.119844874839,0.308413443666666,0.38816759182809,3.18925768773124
2025-09-21 13:15:00,14.8536653451497,18.686100003308,754.818425004811,0.309138360555555,0.388383205540949,3.18639516777994
2025-09-21 13:30:00,14.4864968455704,19.7768869848842,745.281680703289,0.307874016333333,0.391812635163065,3.2484086123244
2025-09-21 13:45:00,14.4949059467216,19.1757507999987,739.514917618094,0.308143039444444,0.383115440323286,3.23471616661961
2025-09-21 14:00:00,14.2906419079601,18.887240116687,730.44053673551,0.308862142333333,0.388137294812312,3.26315348016811
2025-09-21 14:15:00,14.2749667885167,20.0330406500811,724.017724200159,0.307098770777777,0.392139878659795,3.3563378557533
2025-09-21 14:30:00,14.2548415414208,20.3947978161037,716.252238320958,0.306820305,0.387112055488925,3.37704859892725
2025-09-21 14:45:00,14.1842833036993,19.9192644665802,711.006296824104,0.308339438555555,0.396474763749675,3.32120619369128
2025-09-21 15:00:00,14.0643798763348,20.0288821459063,706.562083939393,0.308263557666666,0.401473943367522,3.30971900919395
2025-09-21 15:15:00,14.1252292814979,19.516025979637,703.17208620307,0.307930676111111,0.390152119732458,3.31706435627786
2025-09-21 15:30:00,14.1128207275053,19.6699870821958,697.335372389468,0.307253037222222,0.387989418098053,3.21111542151472
2025-09-21 15:45:00,14.1204317028845,21.2336799287332,690.600148213964,0.306622219666666,0.336844120477239,3.30657414927769
2025-09-21 16:00:00,14.0457507330816,20.0916400748773,683.36907351719,0.308275129888889,0.395141684859123,3.35481799808291
2025-09-21 16:15:00,14.0182950672486,20.7067666495098,676.904162594511,0.307473251888889,0.409882404780609,3.29506268595429
2025-09-21 16:30:00,13.9018512042948,20.9057057648598,670.233530289858,0.310815110777777,0.380406714162916,3.33386861212108
2025-09-21 16:45:00,14.0073122865704,20.9389688934052,666.200847117746,0.307955347888889,0.380406714162916,3.39719168809967
2025-09-21 17:00:00,14.0376195873704,20.2218415579383,661.720115923167,0.307708216777777,0.39017525413325,3.24599612740117
2025-09-21 17:15:00,14.0419339845541,20.8952819295189,656.362736230411,0.307447149444444,0.409831747486974,3.30781540881685
2025-09-21 17:30:00,14.0514497943438,20.4521795046339,652.048439181657,0.308151558555555,0.390198813022876,3.29925150742915
2025-09-21 17:45:00,14.0422954258104,20.5921352533137,649.164709166358,0.307475329,0.391015529583325,3.19935748529872
2025-09-21 18:00:00,14.0022559395482,20.7218833514136,645.381345285994,0.308630977444444,0.387799231898337,3.21707651472168
2025-09-21 18:15:00,13.9275303948222,20.9166899874109,640.239744352027,0.311046349444444,0.410214445236267,3.28152737095264
2025-09-21 18:30:00,13.9537667274829,20.6919742089329,635.912883722141,0.309330363444444,0.389546149549193,3.15876497144931
2025-09-21 18:45:00,14.0480178295838,20.7754550455934,631.975537908542,0.308370243888889,0.389550545244725,3.27501192362209
2025-09-21 19:00:00,14.0294605332504,20.9206276188884,627.071661040603,0.308649815222222,0.387799231898337,3.27370924553073
2025-09-21 19:15:00,14.0299942815704,20.5919393932901,623.440473675954,0.307949264555555,0.381377009256211,3.26179636646488
2025-09-21 19:30:00,14.0205184884589,20.4842046937633,619.704581489339,0.307680897666666,0.378658427839541,3.21961721885453
2025-09-21 19:45:00,14.0001520354149,21.9415464133597,614.857842171823,0.308017259444444,0.323495193079741,3.27085513412022
2025-09-21 20:00:00,14.0191630495463,21.6825147346131,612.174761028359,0.307383079666666,0.376022991436184,3.22210774269373
2025-09-21 20:15:00,14.0240274569097,21.2816886278504,608.27814337589,0.308580767222222,0.390076126668023,3.31034456962928
2025-09-21 20:30:00,14.0282550849349,21.4722600289394,608.043584314056,0.307607392777778,0.389280861520882,3.20804775658263
2025-09-21 20:45:00,13.9955690026949,21.1485330285327,605.258722085028,0.309171137,0.387019625976964,3.20659048692453
2025-09-21 21:00:00,13.9985650524727,22.1330205911863,601.859890837703,0.308094255,0.32282812214852,3.19068504116368
2025-09-21 21:15:00,14.0323467620712,20.5531962544015,598.904335762313,0.309434535444444,0.378202577946855,3.21233075201552
2025-09-21 21:30:00,14.0159220307127,21.4689800812167,595.17003253705,0.307747967888889,0.389609212708265,3.12391917822431
2025-09-21 21:45:00,13.9855355192816,21.1923529934054,591.560371995146,0.309371617222222,0.386363659383191,3.19726086110542
2025-09-21 22:00:00,14.0271998837275,21.779480916918,589.643549857764,0.307766023888889,0.406000989542822,3.17623496781376
2025-09-21 22:15:00,13.991125324856,20.8081105799759,587.201955188152,0.308460873666666,0.379090027317848,3.29060098679515
2025-09-21 22:30:00,14.0247416009438,21.3993220126887,583.079654052716,0.307879359,0.386057916309248,3.22572577598501
2025-09-21 22:45:00,14.3159243646091,21.2130908281738,581.494048210523,0.307854546777778,0.382465250835062,3.20260881845154
2025-09-21 23:00:00,13.9351170252657,22.544991669739,578.876277185267,0.308056007,0.323796775513502,3.19831707778395
2025-09-21 23:15:00,13.9375525746459,21.5162266401027,577.431226044173,0.310286510555555,0.385908727538872,3.22337829997142
2025-09-21 23:30:00,13.9905918663038,22.1212571955151,576.457968846956,0.308697587444444,0.376465974420751,3.10866879750681
2025-09-21 23:45:00,13.9312820237288,21.9030204614451,574.792995115968,0.309462759444444,0.376465974420751,3.1710751328286
2025-09-22,14.027826865286,22.3261701425285,573.047509143054,0.308965406555555,0.376465974420751,3.10963639310203
2025-09-22 00:15:00,14.0252135642875,22.0125672772904,571.638239413753,0.308337661666666,0.376399358136927,3.11402800030115
2025-09-22 00:30:00,14.0314748637038,22.289315655988,569.001371141422,0.308547598555555,0.376575956218764,3.02024260025635
2025-09-22 00:45:00,14.0002618221704,21.8049631929133,565.97348629554,0.308545663444444,0.389660931653115,3.06984172850436
2025-09-22 01:00:00,14.0115440016727,21.4043196498834,562.575334280731,0.309047121888889,0.386253677585179,3.05875532415725
2025-09-22 01:15:00,14.031431975046,22.3240320414986,561.867534071465,0.307996995222222,0.376575956218764,2.98773392211152
2025-09-22 01:30:00,14.0363466253304,22.1390330402022,561.265895545995,0.307996995222222,0.375547978349404,2.99730090259739
2025-09-22 01:45:00,14.0337844555467,22.4053721558657,560.427573340634,0.308443365888889,0.323495193079741,3.11187014863382
2025-09-22 02:00:00,14.0503351338608,22.0414178564991,557.421536298861,0.307454797888889,0.378741572852854,3.07520186544137
2025-09-22 02:15:00,13.9925630183315,21.5791179409719,557.375633389216,0.308080376333333,0.385242161625753,3.09706334272466
2025-09-22 02:30:00,13.9531040328697,22.0055011025374,554.970012425872,0.309200771666666,0.376215049280624,3.1015938282955
2025-09-22 02:45:00,13.937818781877,21.9114903735633,553.800811031824,0.310794601222222,0.376215049280624,2.95774733522522
2025-09-22 03:00:00,13.8981858144237,22.0797320298729,551.375092556135,0.310355794555555,0.378741572852854,2.99633963464907
2025-09-22 03:15:00,13.9496639519659,20.9576925342558,550.64393395418,0.311004443,0.388529276017281,3.03057923922646
2025-09-22 03:30:00,14.0160505940816,21.5244652078438,549.351147387604,0.309384021666666,0.391758508600147,2.96177358245949
2025-09-22 03:45:00,14.0464452283645,21.2882177437346,548.03235049016,0.310015169444444,0.389464373208399,3.15789458303179
2025-09-22 04:00:00,14.030020497006,21.4306146738318,547.278457705159,0.308459687,0.391739345406054,3.10515176371396
2025-09-22 04:15:00,13.9838599441096,22.5487230151061,545.194813435039,0.310289272777778,0.342655776530486,3.05952589118066
2025-09-22 04:30:00,13.9814464652666,21.8906175604082,543.828431790077,0.311962009888889,0.385048932479428,3.09688323590212
2025-09-22 04:45:00,14.0172172646251,21.1824269892859,542.843411385278,0.310743182111111,0.396550783484957,3.11834667613553
2025-09-22 05:00:00,14.0576515214874,21.9863343029515,540.597365108608,0.310035410777777,0.387112055488925,2.98515940157559
2025-09-22 05:15:00,14.4460094909082,22.4692677709464,538.741650125806,0.309467718111111,0.345044917540454,3.09909628968214
2025-09-22 05:30:00,14.8118888236533,21.7889549131891,537.464185689111,0.310639912111111,0.378961967367387,3.04110045523535
2025-09-22 05:45:00,14.4547981258993,21.147930617408,535.209207699385,0.310446826777777,0.389514104075786,2.9714674388598
2025-09-22 06:00:00,14.8315335322816,22.2401315544514,523.317350317778,0.308590413888889,0.332125433177461,3.0656813661206
2025-09-22 06:15:00,14.9755015220416,21.7182886138363,522.958787995556,0.310118770777777,0.380887541274122,3.01565038521092
2025-09-22 06:30:00,14.9270998999703,21.2869266370952,522.935932773334,0.310665533888889,1.06030222977281,2.9756994552066
2025-09-22 06:45:00,14.9874870550104,21.4550413755884,522.935932773334,0.309963313444444,1.06171571529527,3.11419112133277
2025-09-22 07:00:00,14.955228354483,21.8794763591902,522.454621615556,0.310403510777777,0.481547769461112,3.01010914471176
2025-09-22 07:15:00,15.0316369095186,21.9298747457383,522.546680157778,0.308390041444444,0.481547769461112,3.05055466575583
2025-09-22 07:30:00,15.0020250787438,22.0189252328898,521.194137393334,0.309262957666666,0.481547769461112,3.04086296488264
2025-09-22 07:45:00,14.9438116092519,21.3959322862574,519.115806877778,0.310036096333333,1.04953488217503,2.9853697084812
2025-09-22 08:00:00,15.0224709124815,22.4716960086659,518.756721317778,0.307714747222222,0.424436155438128,2.97268191991866
2025-09-22 08:15:00,15.0216375078815,22.1636836863729,518.582654408889,0.308694219222222,1.06111711202169,3.10917338678047
2025-09-22 08:30:00,14.9642689346875,21.8439245028402,517.951051846667,0.309268543,1.05335954804692,3.06090042156454
2025-09-22 08:45:00,14.9356941508414,21.5903364031389,517.776916413333,0.309836731444444,1.03477200133401,3.0957781875074
2025-09-22 09:00:00,15.0574423000169,21.3064366008966,517.897416955556,0.309642807,0.468675336218183,2.99212183441539
2025-09-22 09:15:00,15.0089960896066,21.8244931307522,511.631161111111,0.308864287,1.03586853767697,2.97921857763017
2025-09-22 09:30:00,15.0538186701547,21.7644539458616,508.677417786667,0.307855923222222,0.429707275467454,3.09117281481874
2025-09-22 09:45:00,14.4401703710836,21.7695138652913,508.11072414,0.309083815444444,0.392182640821763,3.01222657207665
2025-09-22 10:00:00,14.5143848497799,21.1955159305886,507.919793153333,0.308945964777777,0.381801397435645,3.05087965997739
2025-09-22 10:15:00,14.5208298966554,23.1145110388853,507.223175528889,0.307516717888889,0.344951222816243,2.96214906625443
2025-09-22 10:30:00,14.5287405967177,21.753846002694,504.398256153333,0.308358458777778,0.388204456883677,2.93454436503887
2025-09-22 10:45:00,14.2562441416254,22.5924863604737,502.335988213333,0.307676595444444,0.380572117038207,2.9750021816454
2025-09-22 11:00:00,14.284825960584,22.1642069582159,499.199732064444,0.306452125444444,0.380359361927032,2.98428850406642
2025-09-22 11:15:00,14.1481595082995,21.7166371837285,498.487163708889,0.307414229222222,0.398290303362989,3.08041313725898
2025-09-22 11:30:00,14.0591872500139,22.697024196226,498.506308615555,0.308561287,0.334384976493976,2.87208604443618
2025-09-22 11:45:00,14.0676573289107,21.0264698365962,497.936521593333,0.310065486333333,0.388979419661114,3.02916696124077
2025-09-22 12:00:00,14.148737577299,22.1374160158938,497.607997148889,0.307128920777778,0.415825111282125,2.98822577530133
2025-09-22 12:15:00,14.0671370492664,21.6583419031202,496.998959871111,0.309747294333333,0.397584250081554,2.96480662076974
2025-09-22 12:30:00,14.0752192023001,22.2946602399035,497.102188664444,0.307020719666666,0.407378088967612,2.91988033899199
2025-09-22 12:45:00,13.9800110220974,22.5480016018476,496.953303866666,0.309664092555555,0.377581960446196,2.95062353304223
2025-09-22 13:00:00,14.0753599404516,22.78814520702,496.097082891111,0.308693390777778,0.376489272036393,2.88967606304813
2025-09-22 13:15:00,14.0798986138501,22.449523808691,496.034729091111,0.308177101444444,0.37482413072633,2.97923310776779
2025-09-22 13:30:00,13.9533231272766,22.4202505549924,495.689713402222,0.309823187,0.374853522620103,2.88638275282997
2025-09-22 13:45:00,14.0652528958872,22.6522378191252,495.83317668,0.306904440555555,0.373824826076589,2.89072502366973
2025-09-22 14:00:00,13.9821117558857,22.3074993424607,495.605629964444,0.309317953222222,0.401568656035965,2.88903412267278
2025-09-22 14:15:00,14.0562086156871,22.1471251586885,494.96910552,0.309178001,0.386373423849885,2.96329169929867
2025-09-22 14:30:00,14.0621411533627,22.0173165741628,494.717232777777,0.309629896333333,0.383211598668912,2.9536008528142
2025-09-22 14:45:00,13.9802323914697,22.1483173285548,494.683218086666,0.310332880555555,0.38699271065893,3.02496334805333
2025-09-22 15:00:00,13.9842268180161,22.2716996837991,494.268321733333,0.310225200555555,0.382838519526006,2.94786669734627
2025-09-22 15:15:00,14.0432141986309,22.2998744765489,494.290352733333,0.309469001888889,0.382838519526006,2.90855631396428
2025-09-22 15:30:00,14.0526901123924,22.2388108057096,494.279290026666,0.309907531444444,0.387576836739413,2.94204055501444
2025-09-22 15:45:00,14.0662446760215,22.3605453392179,494.119611628889,0.309001155444444,0.384846796315074,2.90507626145127
2025-09-22 16:00:00,13.9801872912421,22.4686067288409,493.587746382222,0.311164504333333,0.403155991438159,2.90481023369152
2025-09-22 16:15:00,14.0665057881766,23.0294929319449,493.325188073333,0.308740502111111,0.373786803249858,2.97895156340825
2025-09-22 16:30:00,14.0523824735622,22.7206075510381,493.120662962222,0.309518760111111,0.372430547942451,2.94657200043985
2025-09-22 16:45:00,13.9840933121552,22.5861715152327,493.206361959999,0.309111545222222,0.40321916421304,2.82994520881863
2025-09-22 17:00:00,14.05551657762,22.3536117642549,493.499255568888,0.311066332777777,0.386720917270757,2.92410329503922
2025-09-22 17:15:00,13.9158509528302,22.6249180419765,493.139568093333,0.311727776777778,0.372883275609151,2.9524685982407
2025-09-22 17:30:00,14.0282989873548,22.4548091226584,493.161599093333,0.310749655,0.386535320617004,2.93366499870044
2025-09-22 17:45:00,14.0147408360659,22.5798874124972,493.038988797777,0.311064136333333,0.403058654557317,2.79568585397512
2025-09-22 18:00:00,14.0282989873548,23.0344320295908,492.913934759999,0.310620227888889,0.374800387196907,2.92598313320099
2025-09-22 18:15:00,14.0476579835148,22.5915457557758,493.240386428888,0.310341828111111,0.386974628023085,2.85630063891424
2025-09-22 18:30:00,14.0490461190437,22.2545427159796,493.252640295555,0.311415525666666,0.385253114046503,3.01345863123425
2025-09-22 18:45:00,14.0464496461189,21.9187249745746,493.069348213333,0.312045476111111,0.377307551366267,2.97273887906199
2025-09-22 19:00:00,14.0580787474037,23.0939832312585,493.249677104444,0.312003737666666,0.37302443510767,2.93101296119872
2025-09-22 19:15:00,14.0237159546348,22.3054292075153,493.383748093333,0.313039414555555,0.382488867344889,2.88012839522192
2025-09-22 19:30:00,14.0579108181296,23.2036055601378,493.960358433333,0.311322217888889,0.320141896867817,2.8332479051639
2025-09-22 19:45:00,14.0531640971193,22.613566999279,493.894457153333,0.311983409666666,0.386145138512281,2.97780910867782
2025-09-22 20:00:00,13.9175174884184,22.6152905512379,493.916720593333,0.314170806333333,0.402017070664125,2.89115959635801
2025-09-22 20:15:00,14.0136824712215,22.3556699795117,494.42820589111,0.313483830555555,0.38175845505567,2.92452421154998
2025-09-22 20:30:00,14.0147408360659,22.856995126984,494.715517653333,0.312681750555555,0.371738429863538,2.93046710979411
2025-09-22 20:45:00,14.062876326017,22.3390548581075,495.087411557777,0.313053318111111,0.381167180820817,2.88543319220436
2025-09-22 21:00:00,14.0604041403311,22.8473080915903,495.142084646666,0.312537853888889,0.371166945946552,2.86473537097236
2025-09-22 21:15:00,13.9708639226071,22.8665293515648,495.074893604444,0.311004751444444,0.371312533326723,2.87780369359422
2025-09-22 21:30:00,13.9863786345513,23.7220353265571,495.652596895555,0.309805516555555,0.335321422610258,2.97828156733147
2025-09-22 21:45:00,14.0633513297969,22.8460144602324,495.719478571111,0.311328921222222,0.371142759933153,2.84364272280982
2025-09-22 22:00:00,13.9226293751508,22.7432837107086,495.677006075555,0.313659714555555,0.371231420083055,2.85083427480593
2025-09-22 22:15:00,14.0528324680283,23.1127967040347,496.297630124444,0.310834791,0.372570978468528,2.85513258793772
2025-09-22 22:30:00,14.0479969254871,22.0646425453705,496.255738917777,0.312608899,0.377032122941063,2.92869529196107
2025-09-22 22:45:00,14.046787424296,23.0830303226114,496.271873284444,0.311899552333333,0.372531459296427,2.94248653420268
2025-09-22 23:00:00,14.0379396036412,21.9951750263167,496.361587715555,0.311845946555555,0.376918619875591,3.02522607985404
2025-09-22 23:15:00,13.9622156425597,22.3250590612102,496.266246151111,0.313157520777778,0.384447509832868,2.87449564434196
2025-09-22 23:30:00,14.0559979177439,22.8951939797596,496.213905926666,0.311267279888889,0.37263142601208,2.94866369450252
2025-09-22 23:45:00,13.9810839583791,23.0307002781636,495.689002864444,0.312234686111111,0.371231420083055,2.81974953986061
2025-09-23,14.0518948424443,22.9227615492984,495.720386837777,0.311249405,0.371082312389601,2.92897779316719
2025-09-23 00:15:00,14.0629990922348,22.6751587002866,494.737059817777,0.311539886555555,0.38328922988256,2.80882594131927
2025-09-23 00:30:00,14.0523358236863,21.8210291912772,494.440977426666,0.312059029888889,0.383317101523662,2.96772485187849
2025-09-23 00:45:00,14.0639283806881,22.1950832122931,494.440233077777,0.312826536333333,0.382323535167026,2.90656724556481
2025-09-23 01:00:00,14.0305557721104,23.2022294196718,494.021104873333,0.312199515444444,0.372286599719255,2.92090019929317
2025-09-23 01:15:00,14.0440559015307,22.8329130321438,493.826076744444,0.311211581888889,0.402092705622325,2.99878327224657
2025-09-23 01:30:00,14.0499986474037,22.9054031780684,493.871487766666,0.311550920777777,0.372822592360633,3.01991884960231
2025-09-23 01:45:00,14.0436031423189,22.7843866368148,493.869364053333,0.311295897444444,0.402092705622325,2.98911747680938
2025-09-23 02:00:00,14.0573596099533,22.0654534675497,493.004330915555,0.312748380777777,0.377906957901125,2.90014564647841
2025-09-23 02:15:00,14.0468582331726,22.3278954951391,493.489644157777,0.312452511,0.384234435232681,3.04511754926527
2025-09-23 02:30:00,14.0533605162274,22.5194399499727,492.823043044444,0.312648327444444,0.384651092288435,2.98267254765619
2025-09-23 02:45:00,14.0443300948078,22.5525467368967,492.793023797777,0.309182223666666,0.389517532592975,2.97350537797268
2025-09-23 03:00:00,14.0578991896259,23.3434622421184,492.910918333333,0.309456425222222,0.321596216113697,3.00674354525604
2025-09-23 03:15:00,14.031270805383,22.633449909426,490.716003306666,0.309685659,0.388720524911227,3.01801942219713
2025-09-23 03:30:00,14.0577103119444,21.6712131359343,490.052614795555,0.310165459444444,0.379912065895851,3.00508549507416
2025-09-23 03:45:00,13.9827807892994,22.4263724576512,489.082961362222,0.308448714777778,0.38398923455457,3.0010668903067
2025-09-23 04:00:00,14.0396674342364,22.573289697848,489.264913926666,0.308889317222222,0.403652178824938,3.05589210745736
2025-09-23 04:15:00,13.9504179965631,22.2023482946239,489.093835013333,0.311144345666667,0.385167457102739,2.99688345067038
2025-09-23 04:30:00,13.9585242826156,22.4811013443437,488.476964813333,0.309883834555555,0.387133342636314,2.95561161483034
2025-09-23 04:45:00,14.0235460700186,21.9039328246777,486.447323662222,0.310229905888889,0.377961727769703,3.00851446681117
2025-09-23 05:00:00,14.0289128809889,21.6373473324768,487.836877748888,0.310234090555555,0.378139934970475,3.0453316665842
2025-09-23 05:15:00,13.8788510080645,21.8590373383321,483.048913488889,0.309604363333333,0.377751526932594,3.02750797446814
2025-09-23 05:30:00,13.8059568946615,22.3581062463173,481.765591955555,0.308356265333333,0.388827715529124,2.97925567423772
2025-09-23 05:45:00,13.6747602568722,22.0974144220852,481.634429331111,0.312928696,0.384117151906903,2.97877891401213
2025-09-23 06:00:00,13.8518508698738,21.2718412594519,481.696289411111,0.310074561111111,0.383505767327278,2.96899796062554
2025-09-23 06:15:00,13.8349170836649,22.7308126257815,480.181598411111,0.308734547333333,0.37390045718843,2.99933274364723
2025-09-23 06:30:00,13.8607867593434,21.7887759626377,480.061820971111,0.309343986444444,0.384639432599073,2.99312727331806
2025-09-23 06:45:00,13.8494139459153,21.3567422623609,478.56152382,0.309689268666666,0.380185048562303,3.03741393231342
2025-09-23 07:00:00,13.8475843034619,21.7054013644432,478.52321222,0.309615421777778,0.380074342776865,3.07206883422674
2025-09-23 07:15:00,13.8414885563167,21.4895051482851,477.16148796,0.310593178444444,0.37031932813446,3.15491180692257
2025-09-23 07:30:00,13.9252193539512,22.0495210484009,477.283813173333,0.307256868,0.378540669218722,3.10661126442982
2025-09-23 07:45:00,13.8436663527508,21.8974174018318,477.213012606667,0.309524093333333,0.377203363399899,2.99002674548011
2025-09-23 08:00:00,13.8432476591593,21.9108014692124,477.240764584444,0.308501945555555,0.376571136289217,2.99578238617583
2025-09-23 08:15:00,13.829012864816,21.255847554819,477.094275526667,0.309128587111111,0.375410816248203,3.04124889184008
2025-09-23 08:30:00,13.8476543138945,21.9363097399511,476.806466942222,0.308351815333333,0.380037118323213,3.16356576125107
2025-09-23 08:45:00,14.2310731923877,21.912464534165,473.931949113333,0.310494019111111,0.36752245236333,3.14125571978534
2025-09-23 09:00:00,13.820178844459,22.0690018659596,471.969903913333,0.309504633333333,0.366697382194897,3.09972485548482
2025-09-23 09:15:00,13.8585840993771,22.2639985652801,475.050452711111,0.308099635555555,0.365649163896515,3.02712255615219
2025-09-23 09:30:00,13.8660495303519,21.9346775730584,474.459378004444,0.308585564222222,0.366097463807881,3.0338966280057
2025-09-23 09:45:00,13.871318489939,22.077879313247,472.108331608889,0.309120334222222,0.361763781208668,3.19232754255729
2025-09-23 10:00:00,13.865992874653,22.043331108289,472.014792644444,0.309016041777778,0.362231153464388,3.13543432543216
2025-09-23 10:15:00,13.8617852715953,21.7456305831945,469.608972437778,0.309552279555555,0.320919326231473,3.25918967466276
2025-09-23 10:30:00,13.8482161425756,21.684488702784,468.832072628889,0.308030957777778,0.246926312928263,3.1600282014451
2025-09-23 10:45:00,13.8340358663386,22.3625448460637,468.184121353333,0.307633021777778,0.242667867361575,3.22990866010303
2025-09-23 11:00:00,13.9242385067646,22.174585064248,468.333783973333,0.306833641111111,0.252092152995582,3.13681788218055
2025-09-23 11:15:00,13.8535935379597,22.5226926724636,468.21603968,0.307444020666666,0.24044482394182,3.11371539308678
2025-09-23 11:30:00,13.8592142094264,21.80524857221,468.138398386666,0.308479392666667,0.238805823908478,3.15428020708685
2025-09-23 11:45:00,13.8658245823898,21.4947868796522,466.85899983111,0.307853502222222,0.237054090820055,3.22618481076192
2025-09-23 12:00:00,13.8196043108723,21.7747944741546,468.443798448888,0.309321726666666,0.238840844838352,3.09893105919587
2025-09-23 12:15:00,13.8593416612471,22.8540605224036,468.435757997777,0.307280071333333,0.237519450665988,3.23040785050698
2025-09-23 12:30:00,13.8180173279301,22.0103925793244,468.474273722222,0.309115920444444,0.250646857905005,3.17492435690836
2025-09-23 12:45:00,13.8058779528238,22.4907160040502,468.832370244444,0.3074414,0.258121089332637,3.1447208072255
2025-09-23 13:00:00,13.9271255906223,21.9767413661694,468.882847151111,0.307246393111111,0.260582527061998,3.15501857405633
2025-09-23 13:15:00,13.8535555068571,23.0198464077568,468.87813452,0.307188805333333,0.253121394297353,3.03356997320763
2025-09-23 13:30:00,13.8567701041015,22.7571570589611,469.582743471111,0.307307711333333,0.346604312934277,3.08787169195497
2025-09-23 13:45:00,13.8471317836605,21.5926366885912,469.598518215555,0.309015456,0.32894828693801,3.13106634178995
2025-09-23 14:00:00,13.8508847464249,22.966592437376,469.578927246666,0.307237886444444,0.306901740628689,3.18395564022107
2025-09-23 14:15:00,13.8175871074945,22.3138111381777,469.608878235555,0.309858205333333,0.319950464104209,3.07946550072251
2025-09-23 14:30:00,13.8617852715953,22.20048243929,469.622840391111,0.309668848,0.329842652192377,3.14097987419641
2025-09-23 14:45:00,13.8724920243986,22.3601622475523,471.662542395555,0.308138928666667,0.359606674520501,3.18487402620577
2025-09-23 15:00:00,13.8210453912393,22.9379212478972,472.031702977777,0.307321794888889,0.357494832024195,3.27418123392138
2025-09-23 15:15:00,13.8394818024364,22.8483460164386,472.100511802222,0.307410460222222,0.385279309401195,3.15178886354243
2025-09-23 15:30:00,13.8568991624471,23.1157193120374,474.523114504444,0.308513664666667,0.359733118980859,3.12512298980155
2025-09-23 15:45:00,13.8438082717982,22.790508695976,475.245926002222,0.308847560666666,0.359346466002587,3.21753084231134
2025-09-23 16:00:00,13.8013860709256,22.9169875815775,476.21038952,0.309152201555555,0.365532089704444,3.1222203154427
2025-09-23 16:15:00,13.821784638216,22.7046390629126,476.593909595555,0.308457285333333,0.37706003072007,3.12912463195214
2025-09-23 16:30:00,13.8177580474438,22.7835257301451,476.886371695555,0.307638575333333,0.380385242802824,3.19448713998502
2025-09-23 16:45:00,13.8188202761108,22.9233306320497,476.896871555555,0.308795229333333,0.367079553842627,3.1811057642758
2025-09-23 17:00:00,13.8300245920668,23.1375056775016,477.018307135555,0.307343258888889,0.368176838997684,3.21927692709757
2025-09-23 17:15:00,13.8165135229908,23.5153759353488,477.217977975556,0.308397067111111,0.317036470499299,3.25001930244336
2025-09-23 17:30:00,13.7665227185009,22.6925626644294,477.818590386666,0.308463401111111,0.387932728487086,3.20773502361426
2025-09-23 17:45:00,13.8101443179005,22.8584971747829,478.161398382222,0.308557689555555,0.404405301501968,3.11606350298475
2025-09-23 18:00:00,13.816916724256,23.7774559634009,479.01964936,0.307941590666667,0.33797466217821,3.16340541231761
2025-09-23 18:15:00,13.8261725182275,22.5271620191457,480.448329151111,0.309331005333333,0.384671176975578,3.14048872909663
2025-09-23 18:30:00,13.8562376886945,22.6299489694958,481.903176751111,0.309303332222222,0.389220792666376,3.11556743912707
2025-09-23 18:45:00,13.8722102080649,22.7492650670744,483.399654366666,0.310332829888889,0.387056455015289,3.0942604970269
2025-09-23 19:00:00,14.0281436032219,23.0228237320015,485.902433542222,0.309547852777778,0.373624545977808,3.1847593831254
2025-09-23 19:15:00,13.9121172728989,22.6475909961144,488.326908135555,0.312771140555555,0.387811181284095,3.09577730796976
2025-09-23 19:30:00,14.050124963773,22.7462862970735,489.016461668888,0.309733631222222,0.387522223847815,3.11222345207235
2025-09-23 19:45:00,14.0506405340056,23.4494895765714,489.170837859999,0.310046210333333,0.321728982497998,3.09694610876988
2025-09-23 20:00:00,14.0184045261612,23.3835443681711,489.24086617111,0.309893944555555,0.32151022365413,3.11143449229002
2025-09-23 20:15:00,14.0536749920471,22.3662103458427,489.871774668888,0.311261609444444,0.386562660828688,3.12118172604525
2025-09-23 20:30:00,13.9620446059582,22.7005472585608,490.239080804444,0.311544262111111,0.389416670636345,3.17471353503239
2025-09-23 20:45:00,13.9644713237034,23.1480507683937,490.630513299999,0.310404289666666,0.375392440145536,3.11010195008909
2025-09-23 21:00:00,14.0537527901193,22.9836120276777,490.950617182221,0.311031402555555,0.374941109635345,3.12081789501834
2025-09-23 21:15:00,14.0498939908704,24.0146436246413,491.653161679999,0.310281669,0.337646520077211,3.12759117577111
2025-09-23 21:30:00,13.9520226684737,23.2133376033349,492.775403819999,0.311074927666666,0.374227995809269,3.02219045476012
2025-09-23 21:45:00,14.0440689826526,23.819397017521,493.249677104444,0.311351244555555,0.3357544206837,3.12193766847043
2025-09-23 22:00:00,14.0376983078433,23.8978567828721,493.86609309111,0.310227457222222,0.334575415030633,3.05161793948202
2025-09-23 22:15:00,14.0544672248659,23.6049754336748,494.182120993333,0.311412455444444,0.322860078822235,3.08307224064786
2025-09-23 22:30:00,14.0462334072522,23.674624552299,494.572703566666,0.309986926555555,0.322217893479468,3.10311333138535
2025-09-23 22:45:00,14.0471550301332,23.8231308799535,495.183819559999,0.310706959888889,0.333963409157416,3.00930584759743
2025-09-23 23:00:00,14.0223108003732,23.1252648160844,495.15609504,0.311902623222222,0.371313547030411,3.09947573281115
2025-09-23 23:15:00,14.0299207584945,22.9185812696352,495.753342144444,0.310516383444444,0.372672854499911,3.11471850406769
2025-09-23 23:30:00,15.5971930448297,20.3182311062045,496.764130682222,0.308752819777778,0.846980416587681,3.56626936259711
2025-09-23 23:45:00,19.8710834674444,18.7550194400303,502.6980307,0.310290288888889,0.727234810661162,3.9278465861058
2025-09-24,17.3589259802865,17.64854680538,547.601147231933,0.308515945777778,0.303141716784192,4.04679354215123
2025-09-24 00:15:00,16.5853454631944,17.2359051923526,596.186606590751,0.305820678,0.297955339068628,3.92549327780534
2025-09-24 00:30:00,14.5701658172147,16.6455629731647,618.68240162932,0.306059234444444,0.265442659687656,3.88643364166315
2025-09-24 00:45:00,14.5368251060534,17.5057160611838,620.725741182257,0.308652877777778,0.237055680110529,3.8821024665248
2025-09-24 01:00:00,14.3811805454408,17.9294041015255,615.614033319396,0.309967649666667,0.228105333463828,3.85046928038857
2025-09-24 01:15:00,14.0823238084956,18.0359997405503,613.393753309202,0.310390286444444,0.222054248980132,3.92914421574444
2025-09-24 01:30:00,14.043941109171,18.147747045031,612.618269375819,0.309965567777778,0.219890157986591,3.82915501389276
2025-09-24 01:45:00,14.5661951658098,17.6671319693799,609.433073675947,0.310825236666667,0.353784333208299,3.84222194228808
2025-09-24 02:00:00,13.5932030139322,17.8587920850207,575.976460057021,0.311053759972222,0.246335985162422,3.81164092173104
2025-09-24 02:15:00,13.1901288316264,17.7765776400623,573.855841072261,0.310431337083333,0.218786355790556,3.96565639709482
2025-09-24 02:30:00,13.0876566939124,19.2521936613828,522.334830060001,0.31735342975,0.218258459114719,4.10275631480159
2025-09-24 02:45:00,12.631498513595,18.3787379542557,503.937693637777,0.313629678638889,0.221066665842999,4.23483728025688
2025-09-24 03:00:00,12.615813030158,18.3262549574921,513.060770180001,0.321283872083333,0.220584716540487,4.26069729538979
2025-09-24 03:15:00,12.5498692221165,17.6435520359008,510.917594945927,0.32401724975,0.220809250441331,4.25093271695218
2025-09-24 03:30:00,12.5156415423002,16.5599366069321,515.74338099852,0.322691210416667,0.221221387297166,4.15227024687403
2025-09-24 03:45:00,12.5095337904351,16.5065172864273,511.976238328149,0.321444106194444,0.220890084001129,4.11254557061296
2025-09-24 04:00:00,12.5217974327506,15.5007063790277,578.19846783992,0.322702471972222,0.220149214302686,4.17768411573223
2025-09-24 04:15:00,12.5733105413076,16.0249883533638,624.341872018731,0.32296593975,0.221390008577013,4.15229028299053
2025-09-24 04:30:00,12.6210675063624,15.5931136484319,660.568406739777,0.318985353138889,0.221035539365965,4.18443478810819
2025-09-24 04:45:00,12.6550210955062,14.5307550787664,690.415644440639,0.317621702138889,0.218682383107991,4.1411208591231
2025-09-24 05:00:00,12.6402414041047,14.1298314382485,743.032132626539,0.319028313916667,0.214484305167958,4.09923788942351
2025-09-24 05:15:00,12.6674334116617,14.0666143116821,737.155843526542,0.322453214638889,0.217041769573267,4.21626719599093
2025-09-24 05:30:00,12.9498858208886,14.4366407552146,725.550825591972,0.321101815166666,0.21667433492659,4.09837458884795
2025-09-24 05:45:00,13.1082121727814,14.6646207770227,724.594312446793,0.313243980583333,0.21600784866708,4.05649742597704
2025-09-24 06:00:00,13.1547155833418,13.9516773033347,724.654536828624,0.316253961027778,0.213357200222568,4.03805591519713
2025-09-24 06:15:00,13.9743390500146,14.4291278175005,724.693095035406,0.313611646361111,0.357746956048738,4.09288060094773
2025-09-24 06:30:00,13.9885527342966,14.7248049192446,722.874238012261,0.314828216916667,0.375232133605209,3.98958275799816
2025-09-24 06:45:00,13.9968003522081,14.7455302147922,720.858767451998,0.314401366694444,0.404889288453175,4.0904224140658
2025-09-24 07:00:00,13.9567833030625,14.7460168765984,719.494779263217,0.314909742722222,0.404986361289114,3.96232581299193
2025-09-24 07:15:00,13.9267223274733,15.103163660303,718.966163902353,0.314609742055555,0.403932839896869,3.92205714255031
2025-09-24 07:30:00,14.6518795667108,15.425860475815,718.322554897775,0.314405842944444,0.402652667562148,3.98317992896332
2025-09-24 07:45:00,14.0105714957738,15.242899506556,716.9210703619,0.3147606405,0.39864335291802,4.00291134560518
2025-09-24 08:00:00,14.0068630291368,15.6554893331021,715.630009668584,0.3148444045,0.39825567021153,3.97692251466641
2025-09-24 08:15:00,13.9460215349086,15.5410931456422,716.173211887198,0.315169739611111,0.398248343963365,3.88399011562944
2025-09-24 08:30:00,13.9689496314871,15.6276069589032,714.756233972057,0.3161823465,0.396858078723056,3.98142171352079
2025-09-24 08:45:00,13.9065072807975,16.351790860725,713.194250974284,0.317266099166666,0.392339799970718,3.96927816502196
2025-09-24 09:00:00,14.0033993121749,16.4093583520935,713.403048690043,0.316732016944444,0.392063492704094,3.84714068415683
2025-09-24 09:15:00,13.9076359296864,16.3505354094131,712.179332320673,0.315418008722222,0.398068768168286,3.86472063261133
2025-09-24 09:30:00,14.0038794677182,16.5021975660642,709.539959789484,0.314156155,0.392950056968806,4.00150192376343
2025-09-24 09:45:00,14.5766178989293,17.1218416179853,706.709077968319,0.313500606111111,0.388689160281015,3.86724611358526
2025-09-24 10:00:00,13.9061584256864,16.3285587093966,702.467812251874,0.314566427444444,0.398311848675026,3.92731200077386
2025-09-24 10:15:00,14.0091217159482,16.9054615503089,693.934349219029,0.314763364111111,0.392933463096718,3.80245880494295
2025-09-24 10:30:00,14.0125536807082,17.4981169182085,690.869110719762,0.313711284555555,0.387207467764299,3.84432946920776
2025-09-24 10:45:00,14.0148516962945,16.9886843943833,682.839896502436,0.313335654777778,0.395319874465055,3.84602432980448
2025-09-24 11:00:00,14.0292126580134,18.3313491486024,674.541962600468,0.312968524555555,0.381270061293006,3.85929630204321
2025-09-24 11:15:00,14.012559222293,18.4467723274873,669.917914773337,0.313313721666666,0.381078003448565,3.82718376804772
2025-09-24 11:30:00,14.0145367006501,18.845816145232,665.118696664405,0.313829620111111,0.381195541566824,3.83995015800901
2025-09-24 11:45:00,14.0301907006786,17.7585472582649,660.811475244025,0.314657613222222,0.38825688518575,3.79716665996355
2025-09-24 12:00:00,14.0059402599393,18.2206421193811,655.210463715653,0.314906242333333,0.389368103077093,3.71707365889986
2025-09-24 12:15:00,14.0192807881464,18.3100469824932,652.88705062159,0.313897354555555,0.389155553324778,3.68981554701381
2025-09-24 12:30:00,14.0039870646342,18.1879696781159,650.356784668242,0.314838041444444,0.389339807190815,3.73178633238121
2025-09-24 12:45:00,14.0189854583538,18.7859807134197,649.781841118959,0.313464855222222,0.381167245680546,3.75478790893177
2025-09-24 13:00:00,14.0243997751819,18.2134209204136,646.663444233553,0.313703744555555,0.388204858423298,3.70834757843732
2025-09-24 13:15:00,14.0301907006786,18.3711750104265,639.38485203107,0.314830471888889,0.387329469324203,3.72253896037154
2025-09-24 13:30:00,14.0296790465156,18.6719817749367,634.914188349864,0.315171596777777,0.386398947898364,3.74908208278394
2025-09-24 13:45:00,14.0168449063882,19.065562363506,631.475270080191,0.311217979666666,0.381068067527593,3.74501313606773
2025-09-24 14:00:00,14.0256886580115,19.1811350994396,627.310747081363,0.310836557666666,0.381089678063948,3.67006610808911
2025-09-24 14:15:00,14.0317066813453,19.6002570164046,622.968311139321,0.310429631444444,0.388377769176407,3.75837208800759
2025-09-24 14:30:00,13.9348417823244,19.6512349131203,619.575827409643,0.310366435666666,0.3883969323705,3.5354881180681
2025-09-24 14:45:00,14.0168449063882,19.2540726894069,617.185688547579,0.308271973666666,0.38842118050296,3.57247590196111
2025-09-24 15:00:00,13.9396376954579,19.2821954463417,614.997682880262,0.310330907,0.381263828803524,3.55796734567274
2025-09-24 15:15:00,14.0349089318549,19.4260934516538,613.123041360334,0.308844127,0.381268224499056,3.59109130255446
2025-09-24 15:30:00,14.0299942815704,19.5767040126601,611.193257460843,0.308694794333333,0.38124466560943,3.55926994134409
2025-09-24 15:45:00,14.0349089318549,18.974920326475,607.244370898922,0.309011231444444,0.38928778700835,3.53771065527899
2025-09-24 16:00:00,14.0252135642875,20.3691173957337,601.678358469286,0.308931492333333,0.389765262367373,3.60861878146036
2025-09-24 16:15:00,13.9320691708251,20.2869195765409,598.594489512084,0.309897356777777,0.390685735400123,3.55674934177071
2025-09-24 16:30:00,14.0205978691527,20.5181542602278,596.356999388807,0.308179972333333,0.392470306593472,3.58880165736008
2025-09-24 16:45:00,14.0077561020949,20.883323422225,592.236505452991,0.308908909222222,0.376243802664156,3.52974762216547
2025-09-24 17:00:00,13.9763893591038,20.9444994134672,589.589600883963,0.309740950777777,0.376243802664156,3.522321440016
2025-09-24 17:15:00,13.9777216778149,20.165870373274,586.353859509734,0.310268453222222,0.386416599901221,3.54384693103229
2025-09-24 17:30:00,14.0030378709186,21.1711714953903,583.665193554111,0.309500419,0.376496678654433,3.43016030037159
2025-09-24 17:45:00,13.9071636178088,20.5536989071912,579.808402103899,0.311121035222222,0.385939431772553,3.45269796568121
2025-09-24 18:00:00,13.9727445414238,21.0693932239146,578.094018948202,0.309710911444444,0.376218126422808,3.59356342637443
2025-09-24 18:15:00,14.0050241903586,20.8175701866,576.289711540674,0.308981384555555,0.38809108035473,3.4290130095249
2025-09-24 18:30:00,13.8803288447259,19.6840240127002,573.516605007888,0.313061264333333,0.385481798512131,3.37864943164927
2025-09-24 18:45:00,13.8975714703125,20.7426712293179,570.746597761625,0.311028051888889,0.385816108157076,3.35109494578603
2025-09-24 19:00:00,13.8893041514029,19.9606856209757,567.85863498412,0.311375436111111,0.387496251457441,3.42154631130202
2025-09-24 19:15:00,13.9999996507142,21.6302057985016,566.736188741269,0.308638870555555,0.376373355038956,3.32153184336841
2025-09-24 19:30:00,14.0076672808475,21.5414038946519,564.889709966991,0.308735777222222,0.376921665076456,3.42448359308686
2025-09-24 19:45:00,14.0174713578238,20.5914061489928,562.328922375849,0.309958259,0.38067228532548,3.39534021888912
2025-09-24 20:00:00,13.9188996955645,21.1480713494546,558.908181587404,0.311154900777777,0.388658553586324,3.3140810089066
2025-09-24 20:15:00,13.9236677479066,20.5134781241101,556.897913303185,0.312157535888889,0.380274955349277,3.30850298763967
2025-09-24 20:30:00,14.0094527007853,21.457912519648,554.132038592506,0.310444678555555,0.405636891074729,3.27981029914208
2025-09-24 20:45:00,14.0061759936504,22.1455788489551,551.588111082405,0.311433392111111,0.326655586121942,3.2330258772792
2025-09-24 21:00:00,13.9059380419214,21.8422675095082,549.63367713221,0.312954524333333,0.376313177751554,3.29909935275772
2025-09-24 21:15:00,14.0011190823038,21.4095541699417,547.519104685693,0.311873772333333,0.389814683015569,3.33020172243928
2025-09-24 21:30:00,13.9542945180371,21.3993708487604,544.150614649438,0.313064209666666,0.388100665212543,3.26018650878814
2025-09-24 21:45:00,13.8912676584548,21.5022126818944,541.797465749711,0.313281016777777,0.389833846209663,3.09109416534686
2025-09-24 22:00:00,13.8672441103437,22.4174948732907,538.772008060995,0.314334284333333,0.326644258762389,3.09206878855504
2025-09-24 22:15:00,13.9873592116219,21.6761632182618,536.826770008298,0.311905889444444,0.389803299509308,3.19209399047867
2025-09-24 22:30:00,13.999200807656,22.0807837058953,534.662220831284,0.311597086777777,0.375915475001704,3.15091568635451
2025-09-24 22:45:00,14.0138537132208,21.2457966788506,533.219709555549,0.312843806555555,0.386401001825925,3.19914509809391
2025-09-24 23:00:00,14.0059122147245,21.5514666578879,531.019682801934,0.312077498111111,0.390786546244548,3.10841928917694
2025-09-24 23:15:00,13.9159162557407,21.3400167391345,523.093273686667,0.313499737888889,0.386249703585483,3.07353295487261
2025-09-24 23:30:00,14.0066938382816,21.5808858500889,521.135580748889,0.311859589444444,0.390494493837321,3.00370120684446
2025-09-24 23:45:00,13.9772456957971,20.8968483613376,520.766029911111,0.313216321444444,0.379841507738565,2.96712054871372
2025-09-25,13.9694618148282,21.9534436786081,520.661595702222,0.312583261444444,0.375778410139959,3.07129303164557
2025-09-25 00:15:00,13.9812113575749,20.8838675441615,520.103045913334,0.313502265,0.379841507738565,3.05249537255184
2025-09-25 00:30:00,13.9483483542835,20.8762943870133,519.930593966667,0.313472054777777,0.379856841795272,3.04920190926361
2025-09-25 00:45:00,14.0444936370332,21.2126012187825,513.550169517778,0.312121019666666,0.37962474664773,3.07606958556739
2025-09-25 01:00:00,14.0176668328955,21.4564345422539,512.407454531111,0.312604954333333,0.387247756075674,3.07446721381521
2025-09-25 01:15:00,13.9525195944584,21.4910720565093,512.045894735556,0.312825125444444,0.385500838424818,2.99554026657705
2025-09-25 01:30:00,14.0461141203266,21.3702617856998,510.698589735555,0.312209633,0.386102698831836,2.97571325440358
2025-09-25 01:45:00,14.0373652958599,21.6483908176475,510.231797146667,0.312428766555555,0.387936369020051,2.92744570250764
2025-09-25 02:00:00,14.0368369342732,21.1242312355241,508.428795604444,0.311969511666666,0.386287735404544,2.9952950261435
2025-09-25 02:15:00,14.0347737299029,20.4894915900106,508.206637804444,0.312785841666666,0.384971295532047,2.96631000740584
2025-09-25 02:30:00,13.9458464304094,20.5530711674434,501.205786584444,0.312987139888888,0.387156059002727,2.92260038212002
2025-09-25 02:45:00,14.0054639837132,20.6204726876119,500.338739771111,0.312814297666666,0.37980294602736,2.97646568246039
2025-09-25 03:00:00,14.0491445390975,20.5804337447283,499.456140184444,0.313163218555555,0.388226333448638,2.8851638480779
2025-09-25 03:15:00,14.0111476337123,20.391299744426,498.615853468889,0.313508716555555,0.382727883442436,2.94607152288975
2025-09-25 03:30:00,14.0272879367643,20.2993482213697,495.753101064444,0.313538544777777,0.383622391063939,2.99769183021739
2025-09-25 03:45:00,13.9579959506954,19.6964193757276,491.56243977111,0.313469867888889,0.386694687740263,2.90567711547529
2025-09-25 04:00:00,14.0653587311434,19.9646851572146,490.51252671111,0.312207601888889,0.38694510948802,2.95902522006024
2025-09-25 04:15:00,14.0343311813449,19.8424622534855,490.492077519999,0.313375338555555,0.386910837430132,2.96012776091131
2025-09-25 04:30:00,14.0558545737607,18.5731829503727,490.391366462221,0.311875780333333,0.400576373469995,2.939158442364
2025-09-25 04:45:00,14.0582136654456,19.7540356961464,489.36148285111,0.311599477,0.385685612155573,2.9706194187711
2025-09-25 05:00:00,14.0443834584723,18.5701633527324,489.346375739999,0.312084180333333,0.398272505158296,2.93796771844399
2025-09-25 05:15:00,14.0114403007968,18.8902946247594,489.138630211111,0.312238581888889,0.398227894089935,2.92447271213539
2025-09-25 05:30:00,14.0601635432071,19.3997264638266,488.387084153333,0.311591609444444,0.392029005624394,2.95609637255756
2025-09-25 05:45:00,13.9990356286723,19.3806273656213,487.136407171111,0.311567517888889,0.391535031480029,2.92299045388627
2025-09-25 06:00:00,14.0107689086145,20.6094044188362,483.286056588889,0.309475138333333,0.384231845941423,2.86453552595839
2025-09-25 06:15:00,13.8746045682797,20.0924018838402,482.440376442222,0.309502810444444,0.385017200583712,2.90920540722844
2025-09-25 06:30:00,13.72654810593,19.5002920855103,466.680824322222,0.310744777333333,0.245988359538,2.85240664256884
2025-09-25 06:45:00,13.6737190782722,20.2898645173682,432.219889017777,0.314499747111111,0.203436045768239,2.81152354792353
2025-09-25 07:00:00,13.7116051983508,19.0681318212194,478.355756475555,0.316543948888889,0.393611890142508,2.89482596342891
2025-09-25 07:15:00,13.9289267769707,18.3016683716611,498.484419733333,0.316707860111111,0.397446469883135,2.90603327387584
2025-09-25 07:30:00,14.7968925125394,16.6361005752455,596.794929293044,0.313314740444445,0.404536160148037,3.07565298109975
2025-09-25 07:45:00,14.7933477683942,16.5626621744737,648.540824579566,0.314471996666667,0.400459370693719,2.99628161744943
2025-09-25 08:00:00,14.8147974322418,15.0767119644267,697.117436231628,0.313127452666667,0.415988270509947,3.00932276613347
2025-09-25 08:15:00,15.1407741806414,14.7681071805379,755.529937330701,0.310905026888889,0.454226836619117,3.00274824282242
2025-09-25 08:30:00,14.123931456398,15.5982171491529,762.508393521072,0.313888780333333,0.400961140451762,3.06597654027351
2025-09-25 08:45:00,14.5611138113634,16.6887364637474,753.133639801985,0.313863921666667,0.388927288544894,3.0015581900053
2025-09-25 09:00:00,13.9769370280881,15.6556184974417,748.673423532601,0.313602777222222,0.401252397313105,2.97751304083349
2025-09-25 09:15:00,13.9845618598858,15.8125211097121,741.248925378469,0.313623281,0.400738948023038,2.90214812277624
2025-09-25 09:30:00,13.9693958066303,16.2209826397946,736.109220161395,0.314213969888889,0.402320247904864,2.93670231482775
2025-09-25 09:45:00,13.9975816401749,16.0003725294102,724.297299955877,0.314585351222222,0.399722624788268,2.98928523384826
2025-09-25 10:00:00,14.003519206413,15.9937818226221,715.826451798298,0.314593354111111,0.399803551405323,2.89352127385482
2025-09-25 10:15:00,14.0108217518875,17.0388209062612,710.414433966637,0.316034843444444,0.387126616528019,2.89667124131644
2025-09-25 10:30:00,13.9954827475034,17.4841860785269,701.174118713666,0.315277718777778,0.387169378802974,2.86332739301344
2025-09-25 10:45:00,13.9971050947775,16.5034843729182,690.532706647613,0.315258655222222,0.399672214903923,2.93760477763956
2025-09-25 11:00:00,14.0037203785823,17.7255963503998,676.451727163,0.315605973444444,0.387090049528171,3.00675856443452
2025-09-25 11:15:00,13.9857602230149,18.9787724079426,667.524791139839,0.316364647666666,0.387553447471651,2.96520825322144
2025-09-25 11:30:00,14.0116568494608,17.6205123853797,664.194839969771,0.314065208777777,0.38721850284558,2.88579480439297
2025-09-25 11:45:00,13.9880465578504,17.6865336517949,658.060665250669,0.313899026111111,0.387237666039674,2.90449299742699
2025-09-25 12:00:00,13.9495371261645,18.1230394570861,651.147812953811,0.313183888333333,0.388246060143747,2.88438146220358
2025-09-25 12:15:00,14.0096356445097,18.770183241381,645.468007226047,0.312154445888889,0.379937798869862,2.88326077019371
2025-09-25 12:30:00,14.0034135238352,17.8185941705667,640.019586802554,0.310398473444444,0.393826984655483,2.833622423823
2025-09-25 12:45:00,13.9216668348267,17.9279614522553,636.059444475941,0.311851659222222,0.387237666039674,2.78097731897303
2025-09-25 13:00:00,14.0129778132801,18.3921014181072,631.531309992371,0.311769169666666,0.387237666039674,2.86932878812004
2025-09-25 13:15:00,13.8844447536118,18.4816632788687,623.032702615311,0.312597707222222,0.388635275358107,2.80194209683788
2025-09-25 13:30:00,14.0016359008904,18.9709383418304,616.940789316859,0.311021913666666,0.385346263340798,2.81187892788365
2025-09-25 13:45:00,13.9177830410029,19.5739774465196,609.620544730279,0.312000419444444,0.380226497634453,2.80030605655376
2025-09-25 14:00:00,14.0109274344653,19.4007505347,604.838833201243,0.312168626111111,0.380030736358522,2.79837352864925
2025-09-25 14:15:00,13.9412557162445,19.4085078302249,598.074541450694,0.312483585222222,0.38757961060982,2.8182961810046
2025-09-25 14:30:00,14.0229538382045,19.6072458951167,592.590201437855,0.310920253222222,0.381506352762935,2.8194979676459
2025-09-25 14:45:00,13.8668299007364,18.7175047443845,587.968730421017,0.313227747444444,0.389088215664304,2.76623246286992
2025-09-25 15:00:00,13.9591596149099,19.5694343705819,582.577123381513,0.311939607444444,0.386637076162243,2.78864023979235
2025-09-25 15:15:00,13.9935848937854,19.5517557212107,578.117404422626,0.311251204333333,0.389502356382603,2.76149433883418
2025-09-25 15:30:00,13.8795776479216,17.7676199125366,574.852923354513,0.313992082111111,0.401517212443158,2.87414609383022
2025-09-25 15:45:00,13.9885517182669,20.6695760796814,569.740425629898,0.310287341222222,0.390719209446133,2.72859308090109
2025-09-25 16:00:00,13.9895274694329,19.8009510336405,565.00144920985,0.310270521666666,0.390535263173771,2.75235428393458
2025-09-25 16:15:00,13.9990766147073,20.3130209725764,561.448629355889,0.311846935666666,0.386241508445455,2.77413326070421
2025-09-25 16:30:00,13.9225631979296,19.7909039875237,556.898995142133,0.312602917,0.394367374547921,2.80273276275052
2025-09-25 16:45:00,13.8852945513976,19.7165434646135,551.620198615763,0.315986620555555,0.394849527250941,2.73451514919212
2025-09-25 17:00:00,13.9873664388106,20.2087524359527,548.778486932562,0.313352305888889,0.392733351816732,2.77369172537503
2025-09-25 17:15:00,13.9939399113044,19.4226069753995,544.468834511135,0.313866612083333,0.394609328563772,2.76369489697754
2025-09-25 17:30:00,13.9007529711991,20.1274276178194,539.969686471072,0.315045382527777,0.392711199292334,2.78879183411381
2025-09-25 17:45:00,13.898601492805,20.0170539702162,535.634179232689,0.315389103416666,0.375991960309627,2.73776485311278
2025-09-25 18:00:00,14.000298411331,20.1959862550331,532.40657795837,0.315063641194444,0.368721791337914,2.71981873936318
2025-09-25 18:15:00,13.9978799048703,20.4406689448426,522.041719626667,0.31566995675,0.366827106030983,2.73571799975691
2025-09-25 18:30:00,13.9053782086417,20.2942944042837,519.282409997778,0.315424017305555,0.352120499928697,2.7582283176223
2025-09-25 18:45:00,13.9610609531163,20.0707929293312,518.939789628889,0.314327141972222,0.342157721548145,2.70937816239357
2025-09-25 19:00:00,13.8315305440466,20.1752871767811,518.14479216,0.316341340638889,0.329113405074845,2.72579221235111
2025-09-25 19:15:00,13.4780390362675,20.4596774951502,517.571305695556,0.314874128416666,0.218919004014418,2.80326440940624
2025-09-25 19:30:00,13.4683339896808,20.4383287999853,511.726376495556,0.31482197375,0.22042218059158,2.70031537021673
2025-09-25 19:45:00,13.1939667116619,21.0014806765694,510.879818342222,0.314327569972222,0.211404358802871,2.68622120247572
2025-09-25 20:00:00,13.2347315635399,21.1742980240535,508.606214546666,0.314690284861111,0.212019070779285,2.72034248909479
2025-09-25 20:15:00,13.110221773132,21.2196555855661,508.083696184444,0.31494766575,0.212922288419892,2.71551205898359
2025-09-25 20:30:00,13.1902390233199,20.637581735549,507.036822517778,0.31406944975,0.217162492849213,2.73944497450389
2025-09-25 20:45:00,13.2170026221751,20.9143094834782,506.83269904,0.315047726861111,0.216119377297447,2.72726939797521
2025-09-25 21:00:00,13.2298279885833,21.169615696136,502.597840588888,0.31403095975,0.212486679498623,2.74154919780267
2025-09-25 21:15:00,13.246114202997,20.3951901824103,501.59312188,0.315504751083333,0.217618296510218,2.69382856132048
2025-09-25 21:30:00,13.237717363077,20.9594167619094,501.523798237777,0.315253833083333,0.215850856483568,2.69180632196097
2025-09-25 21:45:00,13.2052176250579,20.8270023256248,501.17504542,0.313995696861111,0.218225361878254,2.71181044584215
2025-09-25 22:00:00,13.0844114418324,21.0957993864033,500.921467431111,0.31545394375,0.218551159904513,2.7091707400176
2025-09-25 22:15:00,13.0831590519835,21.2599747206415,500.610034555555,0.314947653083333,0.218053296678274,2.69925357682952
2025-09-25 22:30:00,12.9094896703344,21.0400135476746,500.074601382222,0.315925241972222,0.215649349014911,2.7209875596281
2025-09-25 22:45:00,12.9729921253255,20.465926667838,499.556166911111,0.31551713375,0.214538505245753,2.78157826163233
2025-09-25 23:00:00,12.9698486842633,20.8257447931375,498.979201746666,0.315671797305555,0.214359784764286,2.70092244094492
2025-09-25 23:15:00,12.8614658824218,20.6934599808348,498.818096128888,0.316180386638889,0.214583578936647,2.68713236193368
2025-09-25 23:30:00,12.8602978334263,20.3225210925467,498.540935228888,0.31595296175,0.216255846476087,2.72003003955763
2025-09-25 23:45:00,12.9718350037033,21.7593335822477,498.566261222222,0.315172460194444,0.209697022902982,2.71195917828515
2025-09-26,12.8639058845137,21.6550383600298,497.868137648888,0.314459477972222,0.209464854240311,2.68781540815728
2025-09-26 00:15:00,13.0323571128764,21.3443120289256,497.9309401,0.314966153305555,0.213006699492855,2.74725918979943
2025-09-26 00:30:00,12.8606262873537,20.7573683347665,497.639333106666,0.316256336861111,0.215076289772429,2.6817037620918
2025-09-26 00:45:00,12.8867154168381,21.5994525934362,497.345779931111,0.316017118638889,0.210351803409173,2.63335263523513
2025-09-26 01:00:00,12.9541341134111,21.5819218452522,497.536928624444,0.314789997972222,0.209974218475834,2.70725221227152
2025-09-26 01:15:00,13.0725099544692,22.1015697112368,497.061563337777,0.315757227083333,0.209949016546512,2.71649990584277
2025-09-26 01:30:00,13.2302557239316,20.9036012695826,496.615683184444,0.31540021775,0.214927282305886,2.72157728451691
2025-09-26 01:45:00,13.198122218872,21.4421714716851,496.62442334,0.31450376775,0.213093124779206,2.72986158178649
2025-09-26 02:00:00,13.2410090117242,20.6886504878307,495.851808408888,0.31518485775,0.215230074304133,2.67050847899334
2025-09-26 02:15:00,13.2203133884112,21.2699400525532,495.480241571111,0.314584350416666,0.214888030539463,2.67446385772085
2025-09-26 02:30:00,13.1315359291984,21.527879486823,502.154571704444,0.315360626638889,0.213008387295648,2.74183179219524
2025-09-26 02:45:00,13.2287244255363,19.7884793309532,578.996821928927,0.312427806638889,0.217443768688619,2.80185505433273
2025-09-26 03:00:00,14.1688673722471,18.248088923597,651.361293198164,0.309105848333333,0.22225540461724,2.75202930458665
2025-09-26 03:15:00,14.6183040023848,17.236764469263,653.895482182795,0.310771623777778,0.353400637723904,2.6989920516679
2025-09-26 03:30:00,14.2559785049544,17.0504599076919,660.211496912494,0.310639071,0.378119877744888,2.70134363540787
2025-09-26 03:45:00,13.9548992348091,16.0029245809395,704.712373186132,0.315894594527778,0.371738893873558,2.71757942110563
2025-09-26 04:00:00,13.8611218403275,16.750937108858,729.154206371871,0.318111963972222,0.35186236071867,2.72086007329043
2025-09-26 04:15:00,13.8605542974481,16.5286653786028,759.394178137845,0.318306466861111,0.345610487307795,2.71762859693839
2025-09-26 04:30:00,13.841661775294,16.4032658631015,747.594303847038,0.317616602194444,0.3293528521443,2.71320536305205
2025-09-26 04:45:00,13.8641955958712,17.007780962079,746.155406665038,0.317039255972222,0.344656881457346,2.72197441220334
2025-09-26 05:00:00,13.8700753606608,16.3945641580681,741.260715485456,0.314938638305555,0.368495620215743,2.71355599509362
2025-09-26 05:15:00,13.866542956448,16.4401018073888,736.539737036395,0.31430827675,0.374580892257715,2.71453457872731
2025-09-26 05:30:00,13.854063519885,16.9272103570211,729.261597627051,0.314280023666666,0.396981588514283,2.70725977781724
2025-09-26 05:45:00,13.900023658808,17.1255286146165,719.790578175111,0.312619162777777,0.394367374547921,2.7065771962646
2025-09-26 06:00:00,13.9964932167632,17.3310935130499,713.978880807797,0.311196065444444,0.393596304670062,2.7149447405331
2025-09-26 06:15:00,13.8626751047661,17.711765098094,705.44832602724,0.314661053666666,0.385386992701975,2.71394228071898
2025-09-26 06:30:00,13.9623684553459,17.3389492473306,698.019162958776,0.311991528333333,0.393451917932508,2.73303800630038
2025-09-26 06:45:00,13.8902666540298,18.1576772913062,692.261010632603,0.312844110555555,0.381501957067403,2.70484335912839
2025-09-26 07:00:00,13.9450205259486,18.0315220545257,687.72345405061,0.311241209222222,0.386398380379518,2.70336955923591
2025-09-26 07:15:00,14.0091840832945,17.6625079030354,678.793856512011,0.310597510777777,0.38839484192275,2.7141304011068
2025-09-26 07:30:00,13.8929991708111,17.5265039694804,673.218738991663,0.311199591666666,0.392731505348284,2.70751792697773
2025-09-26 07:45:00,13.9890577975884,18.1390539182467,666.64634093768,0.311784632111111,0.393419706588225,2.72340680931309
2025-09-26 08:00:00,13.987098669271,17.8807619697703,660.553637253038,0.311645868555555,0.392525860509167,2.70230918761776
2025-09-26 08:15:00,13.9284314097044,18.1851454915452,657.254554219398,0.311679047666666,0.392871151420489,2.70488718846244
2025-09-26 08:30:00,14.2886592622505,17.9149024407042,654.539937301268,0.311061568777778,0.395227993187461,2.7087781340869
2025-09-26 08:45:00,13.9776626125177,17.9596337762848,651.881163897958,0.310357215444444,0.39393090501066,2.69271671433348
2025-09-26 09:00:00,14.0152321668961,18.5270347346082,644.525984091194,0.310613729,0.390725116145498,2.72651206278333
2025-09-26 09:15:00,14.0051365089686,18.5297541609989,639.26759673104,0.311241752111111,0.388034839105213,2.70717757705059
2025-09-26 09:30:00,14.0038260611601,18.0377061996745,633.811006897302,0.311376022333333,0.393898311607789,2.70033516508946
2025-09-26 09:45:00,13.9866799395884,18.5883464676691,627.99693093373,0.310835929666666,0.388410301685353,2.72333446191783
2025-09-26 10:00:00,13.9064823182511,18.8353635889573,623.877011914841,0.311692403888889,0.389553013676238,2.69512887931573
2025-09-26 10:15:00,14.0166888079924,18.78561942606,618.832612034586,0.309895061888889,0.39395669010321,2.69468184981808
2025-09-26 10:30:00,14.6197514408261,19.0417065110058,614.410653909701,0.311136119444444,0.394925637984085,2.69555166817178
2025-09-26 10:45:00,13.9284314097044,19.1624084618684,609.725324197522,0.310918175,0.393786608035901,2.70593773790805
2025-09-26 11:00:00,13.925468676988,18.9586013573929,605.420288503869,0.312199781666666,0.392731505348284,2.69745323628012
2025-09-26 11:15:00,13.9975484179706,19.8084702458068,600.213752027213,0.311922111,0.385109498809687,2.71096389302066
2025-09-26 11:30:00,13.9239882500841,19.1461830683538,595.411228186007,0.311054823222222,0.39456870632343,2.74513489613569
2025-09-26 11:45:00,13.9926617848407,18.9480257757271,591.571688106223,0.311761345444444,0.393432754738414,2.72375621071442
2025-09-26 12:00:00,13.9855604115355,19.2735633651608,586.730597783071,0.311388343222222,0.394209320547191,2.7232040387005
2025-09-26 12:15:00,13.9876315344936,19.7136374536331,581.741821684759,0.311497613222222,0.392283096023105,2.71285659238219
2025-09-26 12:30:00,13.9833462418259,19.3662548014956,576.850595796268,0.311327054333333,0.395666829687722,2.73184400488257
2025-09-26 12:45:00,13.9876391262777,20.10666573555,573.220781286739,0.311098705888889,0.388095480442759,2.72096954624587
2025-09-26 13:00:00,14.0062534022792,20.3393235014132,567.845207808366,0.311715813861111,0.38703797931881,2.69643628980693
2025-09-26 13:15:00,14.004625651171,20.044959708432,564.878198231833,0.312284830527777,0.373250704707206,2.73074369179704
2025-09-26 13:30:00,13.8687606660109,21.0333316488774,559.651801663344,0.311950256305555,0.396612736261314,2.75948508686965
2025-09-26 13:45:00,14.0030366503414,20.5536115295269,557.429797498939,0.312170602527778,0.361809063371169,2.75150552466338
2025-09-26 14:00:00,13.9915825238358,20.9152542913762,553.392714392942,0.314054769861111,0.363048152884657,2.77739871784434
2025-09-26 14:15:00,13.9679087610783,20.4135235355567,549.742479628368,0.314061924083333,0.365790808488306,2.71253427655972
2025-09-26 14:30:00,13.8844144172756,20.2405467297211,546.372368492206,0.315548154083333,0.35549902648497,2.71557340211121
2025-09-26 14:45:00,13.9686773845767,21.0945298973338,543.620539331005,0.314340647527778,0.338083661715141,2.7028749484744
2025-09-26 15:00:00,13.8938513956738,21.2267588334976,541.382395180547,0.313119711777778,0.325233543163048,2.70841239244271
2025-09-26 15:15:00,13.9566646443293,21.0700419773208,537.1831429415,0.313249718861111,0.320266878937708,2.6452088540374
2025-09-26 15:30:00,13.5195628807144,20.3691562539289,534.651822141512,0.314141299305555,0.219721362627993,2.75554065943035
2025-09-26 15:45:00,13.4806592256522,21.190122515519,522.719921500001,0.313858714638889,0.211977970219646,2.70878797986975
2025-09-26 16:00:00,13.2162771293904,20.6559224751201,518.498819804445,0.314761049083333,0.21453752992631,2.76937680017996
2025-09-26 16:15:00,13.2594197844704,20.5343013681788,518.277074644445,0.313836371527778,0.215570792340662,2.68457184190505
2025-09-26 16:30:00,13.2167287641104,20.5618902095007,517.250532415556,0.314393131972222,0.217519574298043,2.62951719254349
2025-09-26 16:45:00,13.1850782181708,20.86088545087,516.800674253333,0.313565721972222,0.215540414578661,2.64251829817101
2025-09-26 17:00:00,13.2353825086215,21.2310631615094,515.719837122222,0.314282062861111,0.212891525929798,2.72132591261826
2025-09-26 17:15:00,13.1953304704156,20.433304856436,515.435257757778,0.315320883083333,0.217538811991574,2.705082737118
2025-09-26 17:30:00,13.2338974167111,21.1769172559567,511.92813438,0.314696272861111,0.212891525929798,2.74045335483922
2025-09-26 17:45:00,13.1219004997272,20.6300735656863,509.894525604444,0.315398906638889,0.217523349478197,2.74201985513752
2025-09-26 18:00:00,13.1505975538696,20.424984314392,509.618762573333,0.315374927305555,0.217538850130011,2.77812438058997
2025-09-26 18:15:00,13.1984253159911,21.1379723298681,508.136501113333,0.314886265972222,0.212901917600746,2.76540710366065
2025-09-26 18:30:00,13.2237315564637,21.0946823856357,508.009168113333,0.314638410416666,0.215515201701013,2.7326937453308
2025-09-26 18:45:00,13.0666953412443,20.4251534703136,507.683694413333,0.317432212416667,0.217984048599963,2.72997327558085
2025-09-26 19:00:00,13.0766664992502,21.1876874370185,507.972572813333,0.314780877527778,0.215590858172044,2.73270732629584
2025-09-26 19:15:00,13.0944739452028,21.3350662488589,507.291673551111,0.315251470416666,0.213023404052383,2.76654685728959
2025-09-26 19:30:00,13.0717152533805,20.9182004522803,507.678391668889,0.31598684375,0.217675085809691,2.74008748974638
2025-09-26 19:45:00,13.0244999542887,21.5301171764768,507.269374828889,0.315681501527778,0.213050991896986,2.76400652559767
2025-09-26 20:00:00,12.9381810582739,21.1755141703178,506.781989633333,0.316188125083333,0.216170524031675,2.74117235240404
2025-09-26 20:15:00,13.4329726811544,21.4819848513606,506.175929335555,0.313953519111111,0.218564716411328,2.77508073405238
2025-09-26 20:30:00,13.0706309638131,21.8422899135012,506.180553526666,0.315034265083333,0.212512752141175,2.69668237374262
2025-09-26 20:45:00,12.8428137282796,21.7861321197209,504.942978022222,0.314514590416666,0.212531225149231,2.73431762490582
2025-09-26 21:00:00,12.9716449460707,21.3400044046322,503.916926148889,0.315972124416666,0.215908204382231,2.70145327726028
2025-09-26 21:15:00,12.8304909345018,20.5437252088196,502.958702766666,0.314199665972222,0.217962695584549,2.71473604201585
2025-09-26 21:30:00,13.3631416713288,22.3859886892042,502.506111446666,0.311996051111111,0.223169805805909,2.78185352603237
2025-09-26 21:45:00,12.8456473210204,21.7402788055064,502.376012666666,0.314559144638889,0.212918886735503,2.72154109133513
2025-09-26 22:00:00,12.8292759097715,21.3795145729158,502.172789257777,0.315790341305555,0.216104619895655,2.70617854649376
2025-09-26 22:15:00,12.8031455855474,21.0741673565953,502.2051056,0.314126464861111,0.217186794290887,2.73956252298003
2025-09-26 22:30:00,12.8441390185863,21.6622039379943,502.148100453333,0.314698830194444,0.212492350258623,2.76804467433833
2025-09-26 22:45:00,12.7909989113537,21.6189031986513,502.216716728889,0.31534933975,0.212998598293045,2.71563668907125
2025-09-26 23:00:00,12.7546086728081,22.26826203642,502.199971802222,0.313299031333333,0.216955215492961,2.69815123896818
2025-09-26 23:15:00,12.816979280127,21.6836617294623,502.162503768889,0.313991291083333,0.213282751816581,2.69144903148013
2025-09-26 23:30:00,12.848008249287,21.3457526285529,502.117635953333,0.315058698861111,0.216038418870193,2.82880703615293
2025-09-26 23:45:00,12.8015316176363,21.7730232151895,502.018390962222,0.313854833305555,0.212535112533579,2.75137778396546
2025-09-27,12.8328911089685,21.5736154456838,502.161521053333,0.314677243972222,0.213779885014456,2.73687817143075
2025-09-27 00:15:00,13.1806634738404,22.1386807635865,504.150873804444,0.314119130444444,0.214652778297823,3.29775638135103
2025-09-27 00:30:00,14.7596216149452,21.2781427665874,542.789057636004,0.312020467333333,0.366984473061507,3.90548331636056
2025-09-27 00:45:00,14.9855825647879,20.9377068333654,573.55216752393,0.308124681111111,0.400802952603358,3.58676408775119
2025-09-27 01:00:00,15.0357233538282,20.341893475126,597.85869903537,0.307926816555555,1.2069146825937,5.49689243609378
2025-09-27 01:15:00,15.0705665644148,21.0737834385624,642.587880080885,0.305891402555555,1.57732552965408,7.37431965572363
2025-09-27 01:30:00,15.0711450140711,23.6617171148887,721.739536248756,0.303842148555556,2.02137817605428,5.71671993046358
2025-09-27 01:45:00,15.1005333039629,22.4445366128461,846.07978389888,0.303498639,2.26572262687771,5.11266491303883
2025-09-27 02:00:00,15.1498950432494,21.2371392604651,975.867163846459,0.299729604777778,2.41449117078526,4.34303947350605
2025-09-27 02:15:00,15.1466006645303,21.8157748198782,1089.18538126822,0.301202991,2.80952541579777,4.02022316549453
2025-09-27 02:30:00,15.2140789733407,25.387411550501,1098.26888603898,0.306687406111111,3.15559009059056,3.96671625075907
2025-09-27 02:45:00,15.3140614980133,27.6752949494211,1101.39531689294,0.306039395666667,3.32517444547963,3.99541765912218
2025-09-27 03:00:00,15.2515165134963,26.1595280899975,1082.22116348494,0.307311181888889,2.8935828970683,4.01416168954911
2025-09-27 03:15:00,15.2066536949051,26.6971134498437,884.223542903442,0.305503123,2.1483557007979,4.06719484684831
2025-09-27 03:30:00,15.1766549940725,24.7728202047576,752.419936772813,0.306010754555556,1.58286739960324,4.14889643298466
2025-09-27 03:45:00,15.0799847631763,23.9834120719994,668.542718395943,0.307348307888889,1.30167328927872,4.01625916314088
2025-09-27 04:00:00,13.9355502147111,22.723676840009,636.537512062978,0.309905860111111,1.18252893652312,4.06968724925764
2025-09-27 04:15:00,13.9242147322,21.3765907008949,632.011009079942,0.310446708777778,1.13787122340998,4.08277654283459
2025-09-27 04:30:00,14.0350675754267,21.6038601651298,626.595406878094,0.306739659888889,1.13558397569694,4.16158780798999
2025-09-27 04:45:00,14.1213937734579,19.7236235126861,622.266866851111,0.307808400777777,0.390480303348517,4.08675125745878
2025-09-27 05:00:00,14.0601939293338,19.8250174215428,616.87027370242,0.307723494777778,0.397628565857485,4.09012974530514
2025-09-27 05:15:00,14.0570130595686,20.2998671655375,611.629832403408,0.308085981888889,0.396758875666336,4.05401163071516
2025-09-27 05:30:00,14.2494024627201,19.7781854444256,606.453912066551,0.307355557666666,0.39005254110755,4.00583343272335
2025-09-27 05:45:00,14.2551793494534,19.2721825375131,601.627644277038,0.308213630777777,0.39765079889963,4.02057758864332
2025-09-27 06:00:00,14.2705755015842,19.6686464056905,598.71813899946,0.308581781666666,0.388857383796955,3.94000671423513
2025-09-27 06:15:00,14.425675509242,19.4797803372481,595.490981242737,0.308120443,0.39061267442043,4.05631087622989
2025-09-27 06:30:00,14.4687321695152,18.6193852520305,592.517521788122,0.307868766111111,0.400192745919344,3.99556703232065
2025-09-27 06:45:00,14.9047069311086,20.0252904238425,588.603159141236,0.307751446111111,0.386950812762448,3.99768215540365
2025-09-27 07:00:00,15.6787213160915,19.3341893332925,586.294006169767,0.307890643222222,0.394653285545109,3.95569724250119
2025-09-27 07:15:00,15.6708260571479,19.4619029650868,582.84147282977,0.307726193444444,0.387860566015897,3.85583128641132
2025-09-27 07:30:00,15.0600869975975,19.7414466155463,579.447743634879,0.307783479,0.387724752280826,3.94666020356585
2025-09-27 07:45:00,14.937120376239,20.9752518108863,576.698184102172,0.308355245888889,0.388371288313936,3.9907182906964
2025-09-27 08:00:00,14.9033428953419,20.8793488255045,569.791841786201,0.307672292111111,0.381053691646444,3.97549050166403
2025-09-27 08:15:00,14.4094831085472,20.1477701025055,564.605031004765,0.308599025222222,0.389727966153564,3.87939457121236
2025-09-27 08:30:00,14.8309872158619,19.5025530821351,561.19396163235,0.308081655444444,0.393311060352348,3.86185150235263
2025-09-27 08:45:00,14.4277438828545,20.8281055356273,557.887354827534,0.308334404333333,0.383319136809132,3.8025833707809
2025-09-27 09:00:00,14.4949966832519,20.6957732450964,556.680804714869,0.308156803666666,0.382200357819137,3.72394054688344
2025-09-27 09:15:00,14.9529457885185,20.700498669695,555.928489905652,0.309920518555555,0.381030092565582,3.67475370053638
2025-09-27 09:30:00,15.0414350183364,20.5405626461527,552.774747123817,0.309378252111111,0.388673025126528,3.7590268045722
2025-09-27 09:45:00,14.4701335913749,20.7695867529901,549.152248602035,0.310457970333333,0.383111044627754,3.78555316048219
2025-09-27 10:00:00,14.3286416520682,21.5376525570033,545.538443784327,0.310212801,0.389514104075786,3.75161433310069
2025-09-27 10:15:00,14.2881277228549,21.8626628275956,541.625833434413,0.309792105,0.409595592333187,3.72648053649414
2025-09-27 10:30:00,14.3463866632164,22.6106131906309,538.079221410885,0.308542665444444,0.330075998972,3.6860092182955
2025-09-27 10:45:00,14.2591647122293,20.3584734712149,536.888485337297,0.308964811666666,0.395589202733025,3.71734113447181
2025-09-27 11:00:00,14.1928041420352,21.0421490894819,523.315075071111,0.309731110777777,0.397632909458389,3.59402055662381
2025-09-27 11:15:00,14.0734505090598,21.5306503569898,523.241709582223,0.309302945,0.397412900049998,3.61804894875085
2025-09-27 11:30:00,14.1143280219404,21.7278611730588,522.614519997778,0.308774515666666,0.398129687043539,3.48184616929726
2025-09-27 11:45:00,14.2510049398782,22.0423589894567,522.614519997778,0.307575275,0.40029699574731,3.61845403389588
2025-09-27 12:00:00,14.140727615373,21.3636850737886,519.186973708889,0.308847685444444,0.389958099408297,3.68436697032889
2025-09-27 12:15:00,14.073159458326,21.2650411202054,518.912399202222,0.310343378777777,0.389901242867108,3.6309121203757
2025-09-27 12:30:00,14.1446957387127,22.2687806994459,518.917303211111,0.308638367888889,0.41644264711373,3.62731202676758
2025-09-27 12:45:00,14.0198796683694,21.6559325570136,518.918551731111,0.309443278555555,0.390185354783768,3.72105381582106
2025-09-27 13:00:00,14.1347218342801,21.1242037797904,518.247728351111,0.309882952555555,0.393333773602248,3.66147188996776
2025-09-27 13:15:00,14.1421794125192,21.765069529369,518.026276293333,0.308753356777778,0.389966072638849,3.54260609786144
2025-09-27 13:30:00,14.0729382918951,21.9776730095025,510.432321666667,0.308425196777778,0.389975193281944,3.60372546488273
2025-09-27 13:45:00,14.0722907200999,22.211210423999,510.33754788,0.308369583666666,0.388955559710336,3.58221985221959
2025-09-27 14:00:00,13.9888243198524,21.9008502889413,509.169006584444,0.310346567222222,0.390193775146634,3.4246713733886
2025-09-27 14:15:00,14.0655949602091,21.6876111267009,508.46673326,0.308602621444444,0.382856838943011,3.49152123913205
2025-09-27 14:30:00,14.0763137377621,21.5595022153137,508.211987197778,0.310056387666666,0.383151077278731,3.51107989819605
2025-09-27 14:45:00,14.0757330479088,21.7535917769749,507.449906151111,0.309661415666666,0.383092538156675,3.45563224323435
2025-09-27 15:00:00,13.9840948809829,22.1060734736713,507.104411431111,0.310437661444444,0.390933070344764,3.54648002751945
2025-09-27 15:15:00,14.0733097532406,22.2352259949975,502.3687566,0.308308202111111,0.390444349304775,3.55179066037325
2025-09-27 15:30:00,13.9826027177744,22.3434642497693,498.493125213333,0.308136366111111,0.390904810014209,3.50552977485695
2025-09-27 15:45:00,14.0855939335458,22.2426626749702,498.270387848889,0.308952997222222,0.3881721378786,3.57670467830811
2025-09-27 16:00:00,13.9679929016357,22.2335919454654,497.920119608889,0.308740698111111,0.388340621838661,3.57890891896675
2025-09-27 16:15:00,14.000472509532,22.3511023091934,497.508448497778,0.308171994111111,0.389036574039177,3.54762053974588
2025-09-27 16:30:00,13.9873806660601,22.5500969351684,497.350048242222,0.308474019222222,0.392390400008107,3.43251128683255
2025-09-27 16:45:00,14.0504166289997,21.3556678058769,497.209746202222,0.310668969,0.387764084023434,3.51012740254279
2025-09-27 17:00:00,14.0333558023327,21.9251541882845,496.9676561,0.309045496777778,0.37631522597974,3.51811988219138
2025-09-27 17:15:00,14.063616656576,21.7792889550783,496.075053562222,0.310108873444444,0.375040403394145,3.49966658514589
2025-09-27 17:30:00,14.0638012419716,21.5756761113591,495.766734644444,0.310026120555555,0.380341040466826,3.50492054830351
2025-09-27 17:45:00,14.5859773052496,21.9657900732152,495.83562594,0.308536991,0.377080363238343,3.46459111116306
2025-09-27 18:00:00,14.0555013803523,22.8723016723795,494.857105173333,0.308108573222222,0.384777835622024,3.39714220495128
2025-09-27 18:15:00,14.0741332200428,22.0505213455285,494.332102702222,0.309171662333333,0.373524950350305,3.44233490726462
2025-09-27 18:30:00,14.0696601224107,22.9975595065513,493.680422162222,0.308206125666666,0.40009485178339,3.43478536038634
2025-09-27 18:45:00,14.077052190263,22.9160372075726,493.093276128888,0.309072243222222,0.384061445602511,3.38987263143233
2025-09-27 19:00:00,14.0850520193859,22.2670754917602,492.725081973333,0.310243492111111,0.374718524069223,3.55828889604804
2025-09-27 19:15:00,14.0762393749548,22.7838394784236,491.361501204444,0.308444282333333,0.388589071086038,3.48312108111668
2025-09-27 19:30:00,14.0755362095963,23.3923038681512,490.536997515555,0.309067440111111,0.374107542206172,3.41289934584635
2025-09-27 19:45:00,14.0740311734037,23.6665014528552,490.021533302222,0.308250575444444,0.321740255324285,3.50793531449357
2025-09-27 20:00:00,14.0760174928437,23.9702565101628,489.979730473333,0.307718951,0.338220191861687,3.54102374585498
2025-09-27 20:15:00,13.8709883943405,23.4651361641011,480.164889586667,0.308214214666667,0.374127948011875,3.46294995533969
2025-09-27 20:30:00,13.7931572286827,23.011708773463,430.505435386666,0.308282380222222,0.197916770521358,3.46257619858839
2025-09-27 20:45:00,13.7887033065553,23.7106396860833,430.505435386666,0.307309466,0.198190369701814,3.45381500424712
2025-09-27 21:00:00,13.7736093890427,24.0371672870328,430.419656959999,0.307050691777778,0.198207717086825,3.39656615328685
2025-09-27 21:15:00,13.6611449653005,23.5511989052835,430.544711768888,0.308170370222222,0.198202688587414,3.38568785521718
2025-09-27 21:30:00,13.6881487279034,23.7789686326745,430.517714646665,0.307414044888889,0.198126323837211,3.47746498757183
2025-09-27 21:45:00,13.7467471350693,23.0910460963988,430.435876104443,0.308246925111111,0.197390883556559,3.28791024169683
2025-09-27 22:00:00,13.7339673944768,24.4213457999837,430.580262119999,0.306004509111111,0.186809968939052,3.4534631439493
2025-09-27 22:15:00,13.677435765736,23.8257372396086,429.948063004443,0.306252621111111,0.197147812325886,3.41391827881081
2025-09-27 22:30:00,13.6851176920886,23.464648444356,430.933159979999,0.307034374888889,0.199213450846303,3.3555135115266
2025-09-27 22:45:00,13.6851176920886,23.7218018406675,430.426210188888,0.306908748222222,0.197133636556422,3.3728130734719
2025-09-27 23:00:00,13.6838345380071,24.3868264239951,431.564275399999,0.306120284666667,0.16878418809739,3.37365528740076
2025-09-27 23:15:00,13.6815097949079,24.8357838013274,430.420546255555,0.306760923777778,0.186424187271638,3.25225176203919
2025-09-27 23:30:00,13.6723837632468,24.2676299459839,432.839358077777,0.306210759777778,0.160387874451773,3.27906700010461
2025-09-27 23:45:00,13.6813097162412,22.8813441449626,432.86280241111,0.309104682,0.192772525293815,3.2200714448605
2025-09-28,13.7731132584786,23.7346066190743,432.825622468888,0.306042712,0.198391995015355,3.38207119319879
2025-09-28 00:15:00,13.6265237653168,23.5791411303493,433.153844877777,0.307800942666667,0.22048665738969,3.2688026052698
2025-09-28 00:30:00,13.6204677260916,23.9557126342013,433.821583879999,0.308081581777778,0.194636871143868,3.34289549572057
2025-09-28 00:45:00,13.59917941189,23.2096544942904,430.944055788888,0.308987642444444,0.196917847061034,3.34753428047969
2025-09-28 01:00:00,13.7164231619919,24.2655639628858,430.653416599999,0.305547181333333,0.160077005879019,3.24375341734991
2025-09-28 01:15:00,13.7211354411656,24.3949887092869,430.647163933332,0.305803742,0.169641474929006,3.37558653259438
2025-09-28 01:30:00,13.7404523353019,24.1661326542466,430.566030888888,0.307023161111111,0.160223049287124,3.25692615699772
2025-09-28 01:45:00,13.7457999592412,24.3451161113155,430.485052848888,0.307642477777778,0.169894910339465,3.26740769556355
2025-09-28 02:00:00,13.8073912696486,23.8711201148432,432.824592484443,0.306515315111111,0.198098976581822,3.25758931480608
2025-09-28 02:15:00,13.8429085334249,24.4124773586793,431.691349579999,0.305950624,0.18854803632561,3.3539207153465
2025-09-28 02:30:00,13.850654074533,23.6418611153372,434.477545402221,0.308158768666667,0.198124386885209,3.18419359307305
2025-09-28 02:45:00,13.8511997933716,22.9190602148968,468.869264411111,0.308644216,0.265220055882836,3.2276147511162
2025-09-28 03:00:00,13.8429429410601,23.2645488327665,480.025465428889,0.307449182444444,0.402485296778154,3.1967416816122
2025-09-28 03:15:00,14.0727733977663,23.4441599907401,491.316476059999,0.307618305666667,0.374822380094837,3.09457763892701
2025-09-28 03:30:00,13.9929098950475,24.0478829438356,495.756762002222,0.307173217222222,0.337803538221321,3.25408007266828
2025-09-28 03:45:00,14.0354556057839,23.1134104953543,497.873020924444,0.307171224111111,0.378402827281954,3.20677596681624
2025-09-28 04:00:00,14.0000515318106,23.0265562222758,506.510852326666,0.308363118777777,0.409596823439962,3.16399993130886
2025-09-28 04:15:00,14.0758054695458,24.3846222363797,508.765359635555,0.308003147444444,1.12334897085752,3.16122827632775
2025-09-28 04:30:00,14.0075557937492,23.574113680899,510.603304626667,0.307612135444444,0.32756410910574,3.12811678357495
2025-09-28 04:45:00,14.0571783679888,23.8164895046067,511.89849764,0.307443476777778,0.342166126226517,3.02158577198663
2025-09-28 05:00:00,13.9878157979039,23.0966551197161,515.244184526667,0.308312724777778,0.380173292279875,3.0749798039088
2025-09-28 05:15:00,14.0609328878654,23.155088481999,515.687445833334,0.308119492333333,0.379988799179359,2.9658966326843
2025-09-28 05:30:00,14.7043580804856,22.2985858331335,542.425877989754,0.307859356111111,0.390754483283237,2.95532701655118
2025-09-28 05:45:00,16.6659377091713,19.583095771127,635.115738840059,0.304547973777778,1.19112070421929,2.95655688360134
2025-09-28 06:00:00,16.4124872167392,18.1775140671894,626.307303456121,0.304386348888889,1.13936100346172,3.12101535658124
2025-09-28 06:15:00,15.106540842653,19.2446110172835,634.329159544622,0.304341956333333,0.389982483840083,3.50982390183038
2025-09-28 06:30:00,15.0235502781694,19.4767299339997,627.012411698264,0.30312812,0.403241539573498,3.71479311202908
2025-09-28 06:45:00,15.2005503444494,19.3254006892414,689.730511136575,0.306936755,1.26448458023999,2.96193661661812
2025-09-28 07:00:00,15.1750180018564,18.2165193303379,744.866607916893,0.303158148111111,1.36102678482884,2.84811817760073
2025-09-28 07:15:00,15.0550469923644,17.4749184425366,749.463659633486,0.306364985888889,1.31407005970731,2.78880181147802
2025-09-28 07:30:00,14.9109733713288,17.8311266816722,726.798658250106,0.311709443,0.464619967394506,2.73391255164241
2025-09-28 07:45:00,13.914628433157,18.1964233301273,724.620653260128,0.311991235222222,0.379351801581096,2.74085982137529
2025-09-28 08:00:00,13.8915176883851,17.3408124295599,714.965766258558,0.315151888111111,0.389894859732755,2.75046748095945
2025-09-28 08:15:00,13.8858345137111,17.338358734025,747.381476057485,0.317108841666666,0.38074502856573,2.72639646952534
2025-09-28 08:30:00,13.8661679139616,15.8968318672313,797.557884731796,0.318209220333333,0.392486783770223,2.80049364251359
2025-09-28 08:45:00,15.5900470110032,17.2832635811215,736.483449987414,0.310510888555555,0.451703786811958,2.88724307816054
2025-09-28 09:00:00,15.3100656183763,17.6693234009847,663.766093526127,0.307834613666667,1.15869798526394,2.91913472147293
2025-09-28 09:15:00,15.6753356259359,17.6524339741191,589.832595976719,0.307337062777778,0.417189320113348,3.2986210003329
2025-09-28 09:30:00,16.1333980318296,16.9685187951112,585.578912720837,0.304038847333333,0.456444098258194,4.43546858944815
2025-09-28 09:45:00,16.3354092703081,18.029895834173,580.448251154549,0.304696820444444,1.01814095788443,4.27528318684508
2025-09-28 10:00:00,16.1264227593866,18.1267387695846,574.538723813196,0.304794118444445,0.469340843806225,4.29357484110234
2025-09-28 10:15:00,15.8912498322997,18.7607519939392,566.005125143545,0.306143381333333,0.460501640328754,4.31620045505801
2025-09-28 10:30:00,15.9306313504612,18.0116010939242,559.719175249738,0.305863769111111,0.453182198094931,4.30255352212849
2025-09-28 10:45:00,15.9064268252109,18.9422412130288,553.775208146121,0.306602106444445,0.426597897986723,4.11688439731046
2025-09-28 11:00:00,15.6782375361359,18.0929471294726,550.125253062643,0.308780539888889,0.446542267528724,3.9907236898452
2025-09-28 11:15:00,15.6776373001359,19.6423400610165,547.148632963743,0.308762825222222,0.454367118937223,4.1907906025595
2025-09-28 11:30:00,15.4987053078096,19.3779206213147,546.109990353774,0.308455974111111,0.454212209552558,4.25584615213316
2025-09-28 11:45:00,15.14545270711,19.3534966869008,543.084194342254,0.308792292555555,0.454506712979902,4.02272292197806
2025-09-28 12:00:00,14.9637210963019,20.5520424281275,537.919517709577,0.309606636777778,0.444010031165713,3.96481618188805
2025-09-28 12:15:00,15.018969330606,19.2253511353128,523.249510477778,0.309021011888889,0.460368487069691,3.88382130832538
2025-09-28 12:30:00,15.0301058288978,20.824104025353,522.042792437778,0.309269070777777,0.479006353331957,3.82151711759582
2025-09-28 12:45:00,14.9323104508909,21.031404716714,518.828965773333,0.309649385,1.07289017479746,3.61048440884622
2025-09-28 13:00:00,15.0007905420682,20.9385108675904,518.362259655556,0.309999129666666,0.451287528051595,3.73535310290158
2025-09-28 13:15:00,15.0555901871903,21.1065096810424,517.891291031111,0.309414333222222,0.38845405978574,3.55559192107852
2025-09-28 13:30:00,14.3767761476254,20.1139424444608,511.975566431111,0.308608043666666,0.401248935155111,3.45080740831471
2025-09-28 13:45:00,14.1940427442466,20.3869590261871,510.33754788,0.309432377444444,0.40245567403228,3.4207262702705
2025-09-28 14:00:00,14.1014192393472,20.4267260506363,508.704091902222,0.310420611666666,0.402180873550907,3.41412712337305
2025-09-28 14:15:00,14.2890715605429,21.4670090882278,507.442964595556,0.309319677222222,0.394696219650591,3.39183273996694
2025-09-28 14:30:00,14.0667105840968,21.7442280764623,504.517572073333,0.310817844111111,0.390040510599382,3.34890701152169
2025-09-28 14:45:00,14.0288511686672,22.2103068804854,499.398403546666,0.309603974777778,0.395042873686567,3.28135268722821
2025-09-28 15:00:00,13.9924495400835,21.9933469619852,498.594802075555,0.310184815666666,0.383035748857202,3.302829751844
2025-09-28 15:15:00,14.0864716290643,21.6855783398239,498.440174773333,0.309410015,0.387448909715093,3.33475903972901
2025-09-28 15:30:00,14.0937654335094,22.3687917239588,497.863305257778,0.308804077888889,0.391710070614306,3.19324607270376
2025-09-28 15:45:00,13.98837537061,22.4129412477154,497.074683177778,0.310588182111111,0.397292836206542,3.23265281452879
2025-09-28 16:00:00,14.0000718430501,21.8773036053909,496.964556864444,0.310951309666666,0.378855376652108,3.07780801539853
2025-09-28 16:15:00,14.0351664107168,22.5952171389857,495.991104491111,0.309232358555555,0.38419513958411,3.10635451699539
2025-09-28 16:30:00,14.0657244254768,21.9222159282575,495.045553644444,0.309598169888889,0.38509104931251,3.11602330831434
2025-09-28 16:45:00,13.9593503688544,22.662086001213,494.732379711111,0.310559599222222,0.382180307037143,3.15944872835239
2025-09-28 17:00:00,13.9580321072356,23.0632677529482,494.308976104444,0.310243910333333,0.402029774455562,3.02467982078669
2025-09-28 17:15:00,13.9520019836634,23.1060687667706,493.992371135555,0.310361570333333,0.371316738560364,3.09398519596624
2025-09-28 17:30:00,13.9873689525251,22.3895773745358,493.023670888888,0.311675298555555,0.374743520267464,2.96091901014773
2025-09-28 17:45:00,13.9816046690377,22.953006375518,492.2781496,0.310635218555555,0.386286997095494,2.93721534892701
2025-09-28 18:00:00,13.9755949728199,22.5085778141814,490.551060526666,0.311263460777778,0.384817212582166,2.95471449803281
2025-09-28 18:15:00,14.0806957082867,22.481368000739,489.974042828888,0.310273733666666,0.379032417002938,2.98421920158866
2025-09-28 18:30:00,14.0754238509271,23.4669573519905,489.659148493333,0.308339421888889,0.375467580971078,3.01998252561811
2025-09-28 18:45:00,14.0804009873182,22.836092567619,488.735098102222,0.309362001,0.384369445817987,2.90647750250451
2025-09-28 19:00:00,13.9570659543092,23.0777803637197,488.585163848889,0.309955050555555,0.384973995634255,2.93176836771655
2025-09-28 19:15:00,14.0573111054501,22.9556336657087,486.750898586666,0.308808980555555,0.383269580656761,2.89045048011281
2025-09-28 19:30:00,13.8982352610738,22.8802391916971,483.020424986666,0.309352269888889,0.384666213147606,2.82670712809325
2025-09-28 19:45:00,13.7312466712544,23.2913542442782,481.538796966666,0.309828852666667,0.375921564503079,2.91590617862799
2025-09-28 20:00:00,13.8308081347805,23.416343271575,479.188458388889,0.307543209333333,0.405941131474268,2.81043552703022
2025-09-28 20:15:00,13.7427618758427,23.3867770759198,477.875045326667,0.309475108888889,0.377249569893555,2.81230147144595
2025-09-28 20:30:00,13.8364002309093,23.6903614175411,477.145598315556,0.309381028444444,0.366331984751709,2.82388324370493
2025-09-28 20:45:00,13.6955613413981,23.9605646851205,477.075729973333,0.311872887777778,0.317296598194062,2.85299292400794
2025-09-28 21:00:00,13.6830869153522,23.3261356976845,476.742844802222,0.310596731777778,0.396337107082293,2.8338234930151
2025-09-28 21:15:00,13.8053242869593,24.1333737965718,476.617155424444,0.307127712444444,0.314437110140697,2.7620920915674
2025-09-28 21:30:00,13.645735956247,23.9297262564752,476.173194853333,0.312182759333333,0.365532089704444,2.77282335598833
2025-09-28 21:45:00,13.7957397996501,22.8639062743278,475.062806348889,0.310786171333333,0.366824501554673,2.73488870995243
2025-09-28 22:00:00,13.8365890059864,23.6769998085103,472.554707744444,0.309001918888889,0.358006872303664,2.73070581908148
2025-09-28 22:15:00,13.7066037514144,23.9702474084701,471.974713342222,0.309876210444444,0.30425537429071,2.68660113034334
2025-09-28 22:30:00,13.8438171812842,23.1553992389274,469.525526668889,0.309717964222222,0.328127517448465,2.69929723152063
2025-09-28 22:45:00,13.8199789539005,24.0501730282987,469.395347144444,0.308016667111111,0.304518092384525,2.73044914097908
2025-09-28 23:00:00,13.8306755536823,23.3264953017302,468.264421751111,0.308583629777778,0.251097626979365,2.71058580751103
2025-09-28 23:15:00,13.7669481717034,23.240588244881,467.516513293333,0.310273267777778,0.243976762854853,2.75249460546303
2025-09-28 23:30:00,13.8236264563968,23.3807053431192,466.692736273333,0.308636348222222,0.238497150725308,2.74290910036668
2025-09-28 23:45:00,13.7455467998753,23.4171834501019,466.029180862222,0.309659384222222,0.233706699365685,2.66469558790974
2025-09-29,13.7022058855151,23.4011094710723,466.063412484444,0.310038918444444,0.227834302473983,2.71256861734439
2025-09-29 00:15:00,13.8308529045197,23.9316914585183,464.792891702222,0.308870416,0.214575353327157,2.6992646390451
2025-09-29 00:30:00,13.7340254665138,23.5708826800517,462.496721075555,0.309932837555555,0.197039133706223,2.6890298328648
2025-09-29 00:45:00,13.7940882785123,22.935581628471,461.26719825111,0.311155235555555,0.201724937120162,2.71908175074915
2025-09-29 01:00:00,13.8621301383601,22.7273637445861,434.866386822221,0.310245088888889,0.1963779043853,2.6469194483929
2025-09-29 01:15:00,14.7692473796635,21.7983856628991,431.180051584443,0.309961537333333,0.206997135419885,2.6616667659297
2025-09-29 01:30:00,13.7923235333701,20.7794448384438,433.073167993332,0.310712304222222,0.204867138388783,2.690213453226
2025-09-29 01:45:00,13.7353241822693,21.3202116355469,433.161157695554,0.311293292444444,0.194373917337857,2.68756435062078
2025-09-29 02:00:00,13.6348983276011,21.8776611917653,431.781673248888,0.312301503111111,0.200652410779794,2.68942611261172
2025-09-29 02:15:00,13.6310223079063,21.7080319854661,430.923113086666,0.312172032666667,0.209247492315155,2.69295897690032
2025-09-29 02:30:00,13.5842406664989,21.4475241528402,431.032547719999,0.312063261111111,0.198108592273778,2.6959262924061
2025-09-29 02:45:00,13.6097816317389,21.6670573649255,431.01034703111,0.311719450888889,0.20045693804799,2.69677862032073
2025-09-29 03:00:00,13.6310223079063,21.8683674481512,431.03438199111,0.312356097333333,0.197973352965344,2.69921931595992
2025-09-29 03:15:00,13.6313873745196,21.0176730084058,431.033505086665,0.314061924666667,0.194868484668576,2.70461780068768
2025-09-29 03:30:00,13.6405641450233,21.0298632235815,431.20896995111,0.316009012666667,0.198508460710161,2.70868695339912
2025-09-29 03:45:00,13.6518150472707,21.8928414511625,431.983416642221,0.314505427111111,0.198100476291318,2.70199359187478
2025-09-29 04:00:00,13.656412239404,20.3220871497131,432.37693169111,0.317703993333333,0.200911866211779,2.7040230516079
2025-09-29 04:15:00,13.7467284610605,21.2267059917924,432.547821899999,0.315517270666667,0.198280093817645,2.70422155450668
2025-09-29 04:30:00,13.6583008281107,20.8304383374655,431.074667864443,0.319307502444445,0.194857007442182,2.70473324407972
2025-09-29 04:45:00,13.6198247770707,20.6785452941719,430.572774146665,0.319259994888889,0.194539365479116,2.70569459403986
2025-09-29 05:00:00,13.5935666238648,20.1816647159117,430.57204129111,0.320380154888889,0.201956607862987,2.70584097588477
2025-09-29 05:15:00,13.54495501509,20.8449584034144,430.975307575555,0.319028204,0.193580150013046,2.70549846707427
2025-09-29 05:30:00,13.5498210479685,21.125850295355,434.430384342221,0.319015238444445,0.193224566044841,2.70971218815141
2025-09-29 05:45:00,13.5582848372885,20.4137711154112,438.372554186666,0.319408564888889,0.19308558172754,2.7074927238194
2025-09-29 06:00:00,13.5213765821596,20.8037145906234,438.270383377778,0.318583515333333,0.18574723160205,2.71115272070228
2025-09-29 06:15:00,13.4848308249328,21.9644551163677,438.135345897778,0.316409443111111,0.191455457580137,2.71498904695256
2025-09-29 06:30:00,13.4639281278054,22.1535800812587,437.063264542222,0.317253478666667,0.190930522444795,2.72892840168775
2025-09-29 06:45:00,13.5278074422129,21.399876164315,434.689700055555,0.317570499777778,0.19036516834837,2.72333097591444
2025-09-29 07:00:00,13.4516126360439,21.5339083962768,433.634998068888,0.319009035111111,0.198812158265837,2.74272944601305
2025-09-29 07:15:00,13.509501030847,21.6198370161348,432.023348886666,0.316769228,0.198683352878222,2.75195464329501
2025-09-29 07:30:00,13.4568116648443,21.2391359013838,429.322729242222,0.318540847333333,0.187602534777177,2.76964124174154
2025-09-29 07:45:00,13.4530318472089,21.4430496271907,428.39172848,0.318054254,0.189625805709915,2.8746223075998
2025-09-29 08:00:00,13.3677189089762,21.8376686558919,425.142505217778,0.318800088888889,0.188753839869322,2.84124125853093
2025-09-29 08:15:00,13.3790720394518,21.1661752349065,424.775288885555,0.320185941555556,0.187541279173691,2.91872380358173
2025-09-29 08:30:00,13.3623546631169,22.1477560357254,424.595842356666,0.316270961555556,0.189202510663659,2.95440663331283
2025-09-29 08:45:00,13.3403315938592,21.6273179108656,424.219020001666,0.319672137555556,0.192478797192694,2.92901177636392
2025-09-29 09:00:00,13.4456357322443,21.6683065559642,421.836735058889,0.316260080194444,0.165132267961087,2.92978779125558
2025-09-29 09:15:00,13.3560270128266,20.2222239091476,420.658111410556,0.327019556166667,0.184804246155062,2.97932198471808
2025-09-29 09:30:00,13.5329327906295,21.2281768984548,421.228943639445,0.3232625215,0.196642206779521,2.88620204205397
2025-09-29 09:45:00,13.4089295736695,20.544928993156,421.251426363889,0.320104082666667,0.162845270660831,3.07720317753779
2025-09-29 10:00:00,13.4339149187421,21.3114704472767,421.366601471111,0.316138302138889,0.162873024941119,3.04719405836252
2025-09-29 10:15:00,13.3050131090932,19.669952766136,420.758910222223,0.320510444666667,0.167338113666164,3.01551621914236
2025-09-29 10:30:00,13.4387255110192,20.6694174064515,421.371576657778,0.316802983666667,0.161330088883901,2.97080297547647
2025-09-29 10:45:00,13.4567392945095,20.3101986188204,421.449918326667,0.316106937833333,0.174822555260065,3.02483560470058
2025-09-29 11:00:00,13.5511632405051,20.4912492687452,421.444139057778,0.315727271388889,0.174732314833553,2.92730759231822
2025-09-29 11:15:00,13.5539819213999,20.2922561571816,421.350550791111,0.314759308666667,0.178885230071428,2.99197541843129
2025-09-29 11:30:00,13.5177823722695,20.9335461971553,421.306283028889,0.314661893833333,0.17076341750989,3.0834615327775
2025-09-29 11:45:00,13.5015410805569,20.2977787798393,421.293010211111,0.31563034,0.179105965920161,3.00503403696683
2025-09-29 12:00:00,13.9811000641491,20.4353149413806,421.305205468334,0.316012962055555,0.179363141769931,3.02050322898047
2025-09-29 12:15:00,13.8884049122479,19.674438042975,421.450870843889,0.316235719388889,0.186346165650649,3.04584343239331
2025-09-29 12:30:00,13.5285827041999,19.8019499976417,421.253390465,0.317462838944444,0.185703482536291,2.94775566990834
2025-09-29 12:45:00,13.5897265395244,20.5130652861635,421.355787056111,0.316809365388889,0.17900278588568,3.07548618763014
2025-09-29 13:00:00,13.6608726857848,20.1163301539124,421.367384122778,0.316756763388889,0.179109643558094,3.01352994966279
2025-09-29 13:15:00,13.6650477461329,19.9855797260528,421.370219767222,0.316939598055555,0.185836499154991,2.96952965094239
2025-09-29 13:30:00,13.6032096879091,20.0671236529287,421.335568362778,0.316725995388889,0.181063809466619,2.95233092074976
2025-09-29 13:45:00,13.605875864398,19.3611315625281,421.332352429445,0.316725995388889,0.208830318149944,3.01244602535092
2025-09-29 14:00:00,13.6646771388796,20.1808668832118,421.362544207222,0.316619250055555,0.179142985527224,2.9499946244025
2025-09-29 14:15:00,13.891001027002,21.2021219444197,421.461228232778,0.315784939611111,0.17155434219914,2.91677961442844
2025-09-29 14:30:00,14.475330848113,20.6955814912194,421.460184957223,0.315864529388889,0.179018248027811,2.89786437653315
2025-09-29 14:45:00,13.8327634454657,20.9443405045554,421.455503655,0.316482369388889,0.177206324350647,2.92793154702334
2025-09-29 15:00:00,13.5052233146577,20.8328278976255,421.302657787223,0.317377549166666,0.177184579107596,2.939910425614
2025-09-29 15:15:00,13.566823072831,20.6792176427369,421.448916277778,0.316761074861111,0.176522810882405,2.88343222921907
2025-09-29 15:30:00,13.5275880567155,19.8856965802504,421.369480053334,0.318370329666667,0.167023300501899,2.82208919108915
2025-09-29 15:45:00,13.3147598130843,20.2267392394422,420.616102512778,0.327828198333334,0.182895143670612,2.83090046807008
2025-09-29 16:00:00,13.3660087835999,20.0170263077195,420.848608748889,0.318672611888889,0.167058024163344,2.82253767126004
2025-09-29 16:15:00,13.4078237371688,20.4783042685312,421.356336093334,0.318155725138889,0.174241699122292,2.82352996964954
2025-09-29 16:30:00,13.3672126244458,20.3405285244121,421.182569786667,0.316775979305556,0.177848403887029,2.83949176287178
2025-09-29 16:45:00,13.5502498557406,21.5762527594119,421.353777106667,0.317059480666667,0.176745485741501,2.81733192088304
2025-09-29 17:00:00,13.400396098831,20.7687981588601,421.226371826667,0.316899488888889,0.17697476910977,2.79401891181568
2025-09-29 17:15:00,13.5245568991169,20.4901291468494,421.315231588889,0.3177011505,0.178702754616708,2.7929275098104
2025-09-29 17:30:00,13.63800843109,20.8260884434607,421.384672424445,0.318134825611111,0.176964824377833,2.79260812553035
2025-09-29 17:45:00,13.5109827073332,20.5046923912511,421.30141284,0.317958672944444,0.178706177442027,2.78397200077302
2025-09-29 18:00:00,13.4308915761821,21.0667473040527,421.206950120556,0.317594484277778,0.171322584955792,2.75234060178394
2025-09-29 18:15:00,13.5580686393214,21.3423352134004,421.272053902778,0.317296476722222,0.171032459942116,2.75420155540223
2025-09-29 18:30:00,13.5621552717392,21.1304594530673,421.323880182778,0.317567579166666,0.171047520896931,2.74893213892302
2025-09-29 18:45:00,13.3632222862992,20.569061369702,420.746245398334,0.317329802277778,0.179025773865195,2.76384533809256
2025-09-29 19:00:00,13.5189498056384,21.2113413901681,421.288334391667,0.316751113833333,0.171372151022119,2.74809859287833
2025-09-29 19:15:00,13.5041544157569,20.9696020399924,421.274515642778,0.317729249611111,0.171396337035518,2.73296118640752
2025-09-29 19:30:00,13.3551590134281,21.4259229853412,420.730451418334,0.317059281833333,0.175038829755192,2.74097205540886
2025-09-29 19:45:00,13.5562039916518,20.90791440755,421.302843956111,0.317816460277778,0.176972006097666,2.72821067346527
2025-09-29 20:00:00,13.3657768804547,21.8790159762961,421.029701880556,0.315733910944444,0.198225147868562,2.72735710296045
2025-09-29 20:15:00,13.3672390963925,21.6980019216084,421.051354796111,0.3158330145,0.185291522559543,2.73201730994326
2025-09-29 20:30:00,13.4063502347421,21.2908694053087,421.175438676111,0.317006248055555,0.17447674442378,2.73411933024289
2025-09-29 20:45:00,13.4385638748177,21.4231143266987,421.199184753889,0.316665749388889,0.17447674442378,2.71736774126276
2025-09-29 21:00:00,13.3672390963925,22.207270193428,421.067458262778,0.3158330145,0.176568190774956,2.71261670213429
2025-09-29 21:15:00,13.3488947555836,21.5630450439869,420.698353227222,0.316398772944444,0.174654872535047,2.73478938012053
2025-09-29 21:30:00,13.3722162327836,21.2756480606572,421.051354796111,0.317123169388889,0.17447674442378,2.71505326015476
2025-09-29 21:45:00,13.3711070787392,21.3835171082717,421.076496876111,0.317189096055555,0.17447674442378,2.73366238134747
2025-09-29 22:00:00,13.3715747839984,21.5994640792473,421.076496876111,0.317393819833333,0.17341990698236,2.7421295449599
2025-09-29 22:15:00,13.5060055709421,22.0243134430644,421.292270042778,0.316110940055555,0.175369350909106,2.70826138847543
2025-09-29 22:30:00,13.3668712081569,21.7301485550683,420.733409978333,0.316535332055555,0.175768252756573,2.72333755742434
2025-09-29 22:45:00,13.5178459870251,21.9563545760744,421.269625371667,0.3160740265,0.175369350909106,2.71703299734911
2025-09-29 23:00:00,13.6547913077968,21.3728557401936,421.381386916111,0.3177624745,0.173416567901445,2.71782475421444
2025-09-29 23:15:00,13.4386026296312,21.9866739438887,421.286242209445,0.316317948944444,0.17550205481468,2.71608880089144
2025-09-29 23:30:00,13.4237116124075,21.8085498360067,421.199184753889,0.316286527833333,0.179390670732113,2.71611916360011
2025-09-29 23:45:00,13.5372890720623,22.1375891473886,421.294847636111,0.316742879611111,0.175474891631158,2.7202940508425
2025-09-30,13.4404111652355,21.9264270531186,421.200130942778,0.316647139833333,0.17550205481468,2.73162555484025
2025-09-30 00:15:00,13.513719736726,21.8379436897458,421.258754016111,0.316312327388889,0.178449588101505,2.70954045694486
2025-09-30 00:30:00,13.3925003493512,21.6285953598583,421.174848776111,0.316482293166667,0.184225386599266,2.7402647446394
2025-09-30 00:45:00,13.8067824259194,22.2557564652441,421.443840083889,0.315896915611111,0.175447423802472,2.71806841001649
2025-09-30 01:00:00,13.5353868882668,22.5039364337632,421.314002856111,0.316223821611111,0.138262869102953,2.71395656003411
2025-09-30 01:15:00,13.506333670289,21.8577167045908,421.252007471667,0.316197468722222,0.17938329846272,2.71685013100625
2025-09-30 01:30:00,13.5186968731171,21.2740746295345,421.258754016111,0.3176276565,0.173404594414074,2.72428162584149
2025-09-30 01:45:00,13.5422286723275,21.3938583238114,421.278242580556,0.317691666277778,0.17333248053473,2.72208872362307
2025-09-30 02:00:00,13.4907418647097,21.2225431144576,421.274493409445,0.318286016722222,0.16852634803043,2.72781464209835
2025-09-30 02:15:00,13.7018090762324,21.8720182743752,421.425312706111,0.316499966722222,0.17486601053764,2.72117235157515
2025-09-30 02:30:00,13.4170950964045,21.8240247592017,421.192762465,0.316681259611111,0.179312969208314,2.72379151137357
2025-09-30 02:45:00,13.4917923632134,21.562791153808,421.288527898334,0.318624264944444,0.172134603081624,2.73065255781536
2025-09-30 03:00:00,13.4286887487986,21.5931146687204,421.233102700556,0.317917434055555,0.173253960381168,2.74366906738805
2025-09-30 03:15:00,13.3594515090979,22.0387710761076,421.12490644,0.317686953166667,0.175186407835585,2.73073631454516
2025-09-30 03:30:00,13.4835899929171,21.9735241049572,421.319329573334,0.317369320666667,0.175182458391512,2.73678086959577
2025-09-30 03:45:00,13.537200045606,22.2655560327326,421.364466697778,0.316714570222222,0.175129846406172,2.71224649249291
2025-09-30 04:00:00,13.3517668078903,22.0211815574688,420.74245614,0.317059132666667,0.175186407835585,2.72586066304652
2025-09-30 04:15:00,13.5553607883273,22.6994935450745,421.359754997778,0.316252716444444,0.147377724479853,2.71988087552028
2025-09-30 04:30:00,13.3660626851347,21.9542898192987,420.855381442222,0.316718164416667,0.172868947193828,2.7521142414222
2025-09-30 04:45:00,13.3928102957421,22.0256494434983,421.355970633334,0.316877827305556,0.172732665638485,2.74483474660355
2025-09-30 05:00:00,13.5295597037199,22.7467182711442,421.445168606667,0.315691702861111,0.163407103299645,2.73422415970746
2025-09-30 05:15:00,13.3915551013718,22.2699743089993,421.355402966667,0.316098021083333,-0.0860006335738193,2.74602529714058
2025-09-30 05:30:00,13.3680992636518,22.7282083941348,421.252400766667,0.31589187175,0.163396073427995,2.71651515209897
2025-09-30 05:45:00,13.4981451299569,21.2396835603379,421.468162553334,0.31820258175,0.171070926520884,2.72484674885297
2025-09-30 06:00:00,13.448488460714,21.604722704111,421.468162553334,0.316263788944444,0.173042600386869,2.7579768392617
2025-09-30 06:15:00,13.5174989445925,22.2823734170087,421.470828255556,0.3154540785,-0.0837803255240436,2.7485501249879
2025-09-30 06:30:00,13.676537049807,21.8318023285099,421.60428808,0.316169560055555,0.194306548097906,2.7283975847396
2025-09-30 06:45:00,13.3610316472088,21.9875247805038,420.907677462222,0.316969530722222,0.17273313631886,2.7400184224586
2025-09-30 07:00:00,13.5471373670192,22.7358713305915,421.475243697778,0.315361161527778,0.163341224784119,2.75271682356963
2025-09-30 07:15:00,13.6393035043877,21.5882032469969,421.545137355556,0.3164453385,0.18123941288846,2.7480353669855
2025-09-30 07:30:00,13.6588197760603,22.2661998022228,421.571076493334,0.316272448861111,0.173222799031727,2.74376279402837
2025-09-30 07:45:00,13.9118018857225,22.9544802542171,421.64697487,0.31448907575,0.163525637565678,2.71934526900116
2025-09-30 08:00:00,13.5471373670192,22.2080016135354,421.470411564445,0.316141805083333,0.173095486538745,2.71379246701627
2025-09-30 08:15:00,13.5559889498369,22.7284810900327,421.521124644445,0.315639727305556,0.16326837278241,2.73151131124536
2025-09-30 08:30:00,13.5702264451525,22.3879076883532,421.457845782223,0.313765794055555,0.172818107669767,2.75382857485915
2025-09-30 08:45:00,13.546186104114,23.0370413421226,421.481741291111,0.313515973388889,0.163356740392888,2.74297260421643
2025-09-30 09:00:00,13.4743443702962,23.0802430008501,421.127065831111,0.311440625277778,0.171728614555411,2.72546197929866
2025-09-30 09:15:00,13.6831596878751,22.523633724956,421.428444533334,0.312426968944444,0.177266620617338,2.78605553283435
2025-09-30 09:30:00,13.5902297117199,22.5563758830516,421.404607053334,0.312705376277778,0.176806223548793,2.73937063746217
2025-09-30 09:45:00,13.4941365282192,23.094318346865,421.323489766667,0.312597070722222,0.166832916638496,2.74662769106885
2025-09-30 10:00:00,13.5667596632843,23.0141288982986,421.378819866667,0.312250756666667,0.167376542919233,2.74681333253241
2025-09-30 10:15:00,13.5176740903792,22.3612298998056,421.304962106667,0.315085938,0.176790552165719,2.74454636118047
2025-09-30 10:30:00,13.3933708580236,22.5774413348908,421.2238434,0.314553913555556,0.139602606599069,2.72770628208661
2025-09-30 10:45:00,13.511891851114,22.0941226963522,421.326573562222,0.315074218,0.176786493669803,2.73914518495835
2025-09-30 11:00:00,13.3610316472088,22.7334452087633,420.781511088889,0.314613053111111,0.166411179648466,2.72133087632627
2025-09-30 11:15:00,13.3025537831643,22.8117526767909,420.771012751111,0.320319957777778,0.155843989390458,2.7309753475882
2025-09-30 11:30:00,13.2741619876369,22.6551883266419,420.593989292778,0.326166543611111,0.183233415618614,2.72471307715645
2025-09-30 11:45:00,13.2750038400029,22.2150739335148,420.629724326111,0.326990510277778,0.182878189740611,2.72629077223263
2025-09-30 12:00:00,13.3063473772888,22.7078894934648,420.550268792778,0.327501943611112,0.237788193880531,2.72628924952687
2025-09-30 12:15:00,13.3039899033718,21.7587280770826,420.791337986667,0.32324211625,0.167103306783617,2.72462347449328
2025-09-30 12:30:00,13.3071497953466,22.6989882513109,420.803764913334,0.3205977595,0.15586144320879,2.71664132396573
2025-09-30 12:45:00,13.3094598318088,22.9344142865912,420.592559903889,0.327403526888889,0.712461912441227,2.72222020893936
2025-09-30 13:00:00,13.2701694092932,22.0330928792023,420.499413592778,0.3271300525,0.181052726216867,2.72818404752645
2025-09-30 13:15:00,13.2633150949245,21.8997976133644,420.423353563889,0.328446527611111,0.181157294664969,2.72881262151583
2025-09-30 13:30:00,13.2686308727495,22.1121348152852,420.421817819445,0.324339332722222,0.174874926014525,2.72575408219758
2025-09-30 13:45:00,13.3082631561732,22.3027095531499,420.629853546112,0.326981395333334,0.169291807049443,2.7284882036078
2025-09-30 14:00:00,13.3188910100325,22.0393737057916,420.761189200001,0.320978189333334,-0.0789818860157244,2.71936500162123
2025-09-30 14:15:00,13.3150759715792,22.0539769977029,420.746873233334,0.321168263777778,0.138165210821941,2.72094825960625
2025-09-30 14:30:00,13.2910451259868,21.6408973205334,420.434540901667,0.324230918166667,0.15631056967456,2.72627781411832
2025-09-30 14:45:00,13.275289837326,21.5928128340745,420.091106913334,0.328493980166667,0.180365767418907,2.72972314424736
2025-09-30 15:00:00,13.2956542373364,21.5661082356077,420.604592735,0.326237225722223,0.162543457822403,2.72834976942976
2025-09-30 15:15:00,13.3236345035379,22.0237259786407,420.572493097223,0.327452101055556,0.17280731347044,2.72516259640286
2025-09-30 15:30:00,13.3237386983512,21.8905289962088,420.73655498,0.321394350000001,-0.081517542521293,2.72190350393267
2025-09-30 15:45:00,13.3274771083853,21.5537424621364,420.868991366667,0.322632968416667,0.162752792345597,2.72087278303407
2025-09-30 16:00:00,13.3659927305394,21.2947389296407,421.082480682778,0.330684651944445,0.181923051648384,2.72515723243426
2025-09-30 16:15:00,13.3411140147264,20.4818629020582,421.014927131667,0.331797574833333,0.199301510833341,2.72824871180516
2025-09-30 16:30:00,13.2792432948437,20.6360988384969,421.365184307778,0.322220505333333,0.192067247688708,2.72891090654824
2025-09-30 16:45:00,13.3170048603072,20.9193247070262,421.942505645,0.320827576666667,0.191598176723898,2.72708554641693
2025-09-30 17:00:00,13.3415579841575,21.730432266808,421.948265113889,0.322439205111111,0.167355673845389,2.72430079778142
2025-09-30 17:15:00,13.3504812019783,21.6660671832038,422.729646518889,0.32106534725,-0.0449339003347279,2.72170840075711
2025-09-30 17:30:00,13.3243904992257,20.8888250050625,423.568116607223,0.321923138888889,0.187481852355889,2.72353900736548
2025-09-30 17:45:00,13.2963009592909,20.6018061469802,424.052153235,0.322196214888889,0.199701630258243,2.72571056256985
2025-09-30 18:00:00,13.2382033468452,20.3702340293197,423.371012863333,0.322878373555556,0.181849499672486,2.72737050122991
2025-09-30 18:15:00,13.2960050651738,21.5076053336674,424.258260561667,0.321942837555556,0.187507919287985,2.72585692071391
2025-09-30 18:30:00,13.3187929479605,20.395907906999,424.362140426111,0.322623519555556,0.19947264178734,2.72434825342298
2025-09-30 18:45:00,13.3351010351664,21.6203692585218,425.145312065555,0.316923562361111,0.161933933538467,2.72217007809456
2025-09-30 19:00:00,13.3353800337516,21.1088266806104,424.920683001111,0.326749718666667,0.181948079417353,2.72258564005176
2025-09-30 19:15:00,13.3243785629087,21.1477336107266,424.878405981111,0.324449848,0.147447611996351,2.72341751804613
2025-09-30 19:30:00,13.2632077079414,20.4892117547681,424.06409812,0.324753463555556,0.176908002379897,2.72292445381751
2025-09-30 19:45:00,13.3160186776894,20.1438588111197,425.971173604444,0.326841514888889,0.18212708743095,2.72354421910518
2025-09-30 20:00:00,13.3437767368657,19.8961004152395,426.39335164,0.328237754888889,0.168867809385496,2.72278364372471
2025-09-30 20:15:00,13.3422035200198,21.2295333334136,426.637108253333,0.321855301888889,-0.0514164020388947,2.72081117578831
2025-09-30 20:30:00,13.3367343440153,19.8467423870985,425.05779173,0.324180842,0.162141381851698,2.73054621807124
2025-09-30 20:45:00,13.3012132084802,20.0781380139896,424.813394356667,0.321564928,0.167641262460043,2.72011419368836
2025-09-30 21:00:00,13.2680714770031,20.1476045691438,423.811528605556,0.325081535777778,0.16137728226206,2.72096166201184
2025-09-30 21:15:00,13.2941120574846,20.0138112337518,424.474418912222,0.322920342444444,0.183896183675569,2.72003816989762
2025-09-30 21:30:00,13.3426512174124,20.3274360157698,424.856034056667,0.326766018222222,0.184660213023674,2.72031650119598
2025-09-30 21:45:00,13.3627096851709,19.637354415757,425.14678735,0.32649743,0.158281023302323,2.71924067434977
2025-09-30 22:00:00,13.3435567117438,20.0772087857849,424.716672873333,0.324697861111111,0.152506793701593,2.7210464596208
2025-09-30 22:15:00,13.2843013112194,19.9585883363073,423.774504603889,0.323964542222222,0.158114609770157,2.71854170462264
2025-09-30 22:30:00,12.7992707376785,19.5774881177356,423.165771005556,0.326404582222222,0.0036257616569067,2.71809236172626
2025-09-30 22:45:00,12.9198352013568,19.6458010281788,422.758449803334,0.325605398444444,0.00201426461406949,2.71900415825025
2025-09-30 23:00:00,13.3128616687483,19.2641926130318,423.604638805,0.324671776888889,0.151114747145835,2.71956949035118
2025-09-30 23:15:00,13.4565886202608,19.5257814702273,432.05801608,0.327048684666667,0.158070047422883,2.71919817964425
2025-09-30 23:30:00,13.8020449902433,17.8891315035056,435.436721579999,0.315344458777778,0.221255982568345,2.72294257204723
2025-09-30 23:45:00,14.5557039601906,17.9171673302629,520.023882891111,0.311910939833333,0.372209670146409,2.79393842296865
2025-10-01,14.6629534824327,16.8756919212735,544.879578595392,0.312602371166667,0.387694515030478,3.03321404761438
2025-10-01 00:15:00,13.4867137048364,17.4914636859654,520.305652893334,0.31163622975,0.248505586032724,3.01766418868196
2025-10-01 00:30:00,13.1123203757523,10.6062944617986,510.208216444444,0.312091438,0.224469295271715,3.11690415601364
2025-10-01 00:45:00,13.7245398321522,16.0072108523941,523.935111613334,0.313923517555556,0.223978985173046,3.21893775076106
2025-10-01 01:00:00,12.8373712474762,15.9382406062973,523.199857720001,0.312632366,0.220921300216449,3.24755376839539
2025-10-01 01:15:00,12.8623177225651,15.4320074149754,517.82068282,0.312353150444444,0.221172798601016,3.27657016131706
2025-10-01 01:30:00,14.0318598009999,16.3273813604794,517.031373631111,0.312321502222222,0.222374208901334,3.28601214654126
2025-10-01 01:45:00,14.0317769821125,16.3840949422045,516.311211228889,0.313829852444445,0.222306104683233,3.35156590130585
2025-10-01 02:00:00,14.0037494104437,16.5006046901945,513.519649153333,0.316546768888889,0.22143247965533,3.2783166218792
2025-10-01 02:15:00,13.6885887636918,16.0605123076664,509.889624848889,0.310707027555556,0.22123890949084,3.24997762231797
2025-10-01 02:30:00,13.943574724549,16.4443917114261,508.393380793333,0.314594738444444,0.221090062656641,3.282667356276
2025-10-01 02:45:00,13.9331650004637,16.5771008552137,508.416315948889,0.313989243555556,0.219888882233785,3.21240786090674
2025-10-01 03:00:00,13.5364718667866,16.5855518043493,505.304783682222,0.313661550666667,0.220293997983199,3.24272784629069
2025-10-01 03:15:00,13.9374051295083,16.5767549141494,502.151221657777,0.311049510444444,0.230068394334315,3.24333941059531
2025-10-01 03:30:00,14.3776527095821,16.568811357466,501.0695309,0.313981771111111,0.338633763824413,3.23675423074473
2025-10-01 03:45:00,14.8390519751747,16.5769155434277,500.846652488889,0.314053757666667,0.364103575486822,3.18120070787812
2025-10-01 04:00:00,14.0155297101481,16.3320986140815,498.927950235555,0.315281548972222,0.376102441299673,3.18411803458949
2025-10-01 04:15:00,13.9592838863708,17.441087469462,497.364034368888,0.315306083861111,0.374747263582489,3.19359938004365
2025-10-01 04:30:00,14.0435835555461,18.2987248189589,492.761134019999,0.314417936527778,0.3783661516611,3.15444954777875
2025-10-01 04:45:00,14.037830295234,16.40906147431,491.03699543111,0.314493754972222,0.377063507320108,3.2390754823618
2025-10-01 05:00:00,13.786897971057,18.1198778695311,482.917612822222,0.31511769775,0.377251682064221,3.19726678809971
2025-10-01 05:15:00,13.7921971182699,17.8988965980131,476.027457231111,0.315344694638889,0.358564984257946,3.19891570467401
2025-10-01 05:30:00,14.6814231628846,18.5857069401004,469.901483182222,0.313920709555556,0.312626307171681,3.26469126888382
2025-10-01 05:45:00,13.8666903522674,17.6387688893333,466.886559542222,0.312839991777778,0.245525451559241,3.09137835659543
2025-10-01 06:00:00,13.83670746962,18.2870267288969,461.682411262222,0.312660628,0.228712172541509,3.22942962745458
2025-10-01 06:15:00,14.6818894592696,18.6153698380942,435.067113804443,0.313486261555556,0.22710518159428,3.2226790128887
2025-10-01 06:30:00,14.1442724551312,18.3805551895434,431.471535693332,0.313155898222222,0.230403414552478,3.1654038650113
2025-10-01 06:45:00,13.7799590547889,18.1886531166398,431.868517275554,0.314367309972222,0.228748885368567,3.11423614658152
