date,NO2,NO,CO2,O3,CO,PM2_5,AQHI
2025-09-19 11:00:00,,,,,,4.15,
2025-09-19 11:15:00,,,,,,3.99266666666667,
2025-09-19 11:30:00,,,,,,4.01266666666667,
2025-09-19 11:45:00,,,,,,4.4425,
2025-09-19 12:00:00,,,,,,4.28466666666667,
2025-09-19 12:15:00,,,,,,4.64066666666667,
2025-09-19 12:30:00,,,,,,4.74666666666667,
2025-09-19 12:45:00,18.7200456716443,9.10486881580839,461.3469333,0.316622774888889,-1.32293540645457,5.20533333333333,
2025-09-19 13:00:00,18.7273331865125,8.99478723782781,461.298177186667,0.321375778666667,-0.877513687935514,5.30733333333333,
2025-09-19 13:15:00,18.1373173116618,9.04280935722282,459.574974102222,0.320527500888889,-0.616761777270543,5.31866666666667,
2025-09-19 13:30:00,18.457868063333,9.00170221014615,459.557151568889,0.320789747555556,-0.70157642642168,5.53066666666667,
2025-09-19 13:45:00,18.7273331865125,8.99478723782781,462.543929993333,0.321441522666667,-0.991449405450928,5.56266666666667,2
2025-09-19 14:00:00,18.7200456716443,9.10486881580839,462.066838833333,0.319465466888889,-0.280157837608309,5.46266666666667,2
2025-09-19 14:15:00,18.7200456716443,9.10486881580839,461.471751753333,0.316964131555556,-0.183676587691621,5.44533333333333,2
2025-09-19 14:30:00,18.7200456716443,9.10486881580839,461.3469333,0.316786198888889,0.111103492220941,5.24866666666667,2
2025-09-19 14:45:00,18.7200456716443,9.10486881580839,461.3469333,0.316540537555556,0.133276049482414,5.40333333333333,2
2025-09-19 15:00:00,18.7200456716443,9.10486881580839,461.210764966667,0.316685008222222,0.196335135912517,4.85733333333333,2
2025-09-19 15:15:00,18.7196265324888,9.1001624352484,461.265723042222,0.324875523333333,0.388166142744264,4.98466666666667,2
2025-09-19 15:30:00,18.7097671585194,9.1007022860484,461.149764908889,0.324142181111111,0.451817876643826,4.956,2
2025-09-19 15:45:00,18.7196265324888,9.1001624352484,461.221486655556,0.324846879777778,0.467390376713157,4.876,2
2025-09-19 16:00:00,18.7297928919645,9.19675638722685,461.225657722222,0.324303564222222,0.438930157567071,4.61866666666667,2
2025-09-19 16:15:00,18.7392285095782,9.26867806382686,461.210764966667,0.324713219111111,0.392198827045283,4.48,2
2025-09-19 16:30:00,18.7448801059867,9.51219800746236,461.471381264444,0.323946338222222,0.303068350537335,4.532,2
2025-09-19 16:45:00,18.7499726723778,9.54669519546689,461.80007178,0.322624760222222,0.2730694727076,4.384,2
2025-09-19 17:00:00,18.7516687238444,9.6348968869573,461.809511424444,0.323314658444444,0.271722212313866,4.072,2
2025-09-19 17:15:00,18.7429319896015,9.43112432364396,461.765019873333,0.323696941333333,0.218694673008034,4.24133333333333,2
2025-09-19 17:30:00,18.7565368259126,9.0801376244528,461.751978873333,0.324697902,0.189411672151595,4.12133333333333,2
2025-09-19 17:45:00,18.7520140220015,8.64231980037382,461.751978873333,0.324616139333333,0.159270854806774,3.732,2
2025-09-19 18:00:00,18.7565368259126,8.16041596299918,461.765695906667,0.324600690888889,0.125024459959681,3.576,2
2025-09-19 18:15:00,18.7289205147763,8.6607956219425,461.595542244444,0.327658728666667,0.0755587042747188,3.48466666666667,2
2025-09-19 18:30:00,18.7445015468889,8.67339755345584,461.628548166667,0.328257983333333,0.104864727252369,3.492,2
2025-09-19 18:45:00,18.7455490698637,8.14035674187918,461.69476264,0.327394448,0.116750293905385,3.45,2
2025-09-19 19:00:00,18.7128475285541,8.41913771885048,461.662449575556,0.327784864222222,0.0938340812200515,3.594,2
2025-09-19 19:15:00,18.0107456309008,6.84594241573515,460.104327411111,0.330214619333333,0.225324723217935,3.956,2
2025-09-19 19:30:00,17.645537797005,5.04804369212661,451.387747086667,0.336467316222222,0.309768533072306,5.54533333333333,2
2025-09-19 19:45:00,17.3612135000706,4.73056467381134,431.283291233333,0.337225377777778,0.230757714073423,8.31333333333333,2
2025-09-19 20:00:00,17.3820821461274,4.74857835183535,431.092980888889,0.339922736,0.226444958110937,8.15266666666667,2
2025-09-19 20:15:00,17.3811865974356,4.7004431974038,430.972975488889,0.339622516,0.221757158156116,6.94133333333333,2
2025-09-19 20:30:00,17.4230570512223,4.63725783898485,430.916042511111,0.339458123333333,0.214875553905473,7.18533333333333,2
2025-09-19 20:45:00,17.5374997057542,4.53349416470703,430.978249964444,0.340404566666666,0.209049426424582,6.64266666666667,2
2025-09-19 21:00:00,17.575368170499,4.48323990130344,430.656327871111,0.336016987111111,0.203077038721571,5.934,2
2025-09-19 21:15:00,18.5283910212815,5.16911512236452,462.557707631111,0.333188433111111,0.267383391101682,5.72333333333333,2
2025-09-19 21:30:00,17.9498706534222,5.13268378923154,461.951558044444,0.331685436444445,0.258530104892586,5.79333333333333,2
2025-09-19 21:45:00,17.7833267558946,4.64664825990765,432.337739684444,0.337070913111111,0.215556611968501,5.73533333333333,2
2025-09-19 22:00:00,17.7629694584548,5.31264077883162,457.21967546,0.333045666,0.26147819315443,5.85733333333333,2
2025-09-19 22:15:00,18.525984068119,5.19288437277196,462.288358997778,0.331815460444444,0.267579919778282,5.836,2
2025-09-19 22:30:00,18.5264356131782,5.23974699360943,462.126764177778,0.320162040666667,0.25840888767783,6.09066666666667,2
2025-09-19 22:45:00,18.5280632616819,5.23365062270276,461.804844344444,0.320003883111111,0.261442264495097,6.494,2
2025-09-19 23:00:00,18.5450906744464,5.3034025686979,461.849186486667,0.321656299555556,0.287660138388589,6.16933333333333,2
2025-09-19 23:15:00,18.5383319486834,5.44475662182456,461.435198464444,0.32150582,0.287862759535909,6.20666666666667,2
2025-09-19 23:30:00,18.490518038162,5.65070174406457,461.037633773333,0.321873960888889,0.287622364610457,6.40933333333333,2
2025-09-19 23:45:00,18.4448137092197,5.75095835782761,460.515420771111,0.320091022444444,0.298822905622799,6.21466666666667,2
2025-09-20 00:00:00,18.4370899031531,5.76244688068457,460.54648432,0.322357083111111,0.303736324626758,6.23266666666667,2
2025-09-20 00:15:00,18.4529441709012,5.85053187305457,460.540927857778,0.320108706888889,0.312216850995608,6.22066666666667,2
2025-09-20 00:30:00,18.4646167603145,5.87691154259457,460.39762838,0.320291790222222,0.321905208348086,6.19866666666667,2
2025-09-20 00:45:00,18.4872381673901,6.1163860416579,460.446334468889,0.321460717111111,0.335437424872782,6.228,2
2025-09-20 01:00:00,18.5822495580316,6.1182861659179,460.48834006,0.320105423111111,0.341650249999019,6.22733333333333,2
2025-09-20 01:15:00,18.5471328107042,6.17100320593124,460.438315368889,0.320663374666667,0.359071872068856,6.02866666666667,2
2025-09-20 01:30:00,18.7249391648168,8.17494443152733,460.194212306667,0.320878832444445,-0.0156594036434274,5.986,2
2025-09-20 01:45:00,18.7018247091842,8.14495062936066,460.269322562222,0.319803036,-0.0154562538843916,5.77733333333333,2
2025-09-20 02:00:00,18.7149513232805,9.40308136154188,460.215665984445,0.317921309555556,-0.00254969188078036,5.89666666666667,2
2025-09-20 02:15:00,18.7043506424982,9.29278823000188,460.231857397778,0.317555117333333,0.00109360081185716,5.762,2
2025-09-20 02:30:00,18.7015306106449,9.05049643643984,459.939677371111,0.318619819555556,0.00318667878094114,5.522,2
2025-09-20 02:45:00,18.7025653764671,8.95874841658984,459.939677371111,0.318333289333333,0.00489773450174091,5.69133333333333,2
2025-09-20 03:00:00,18.7056288886671,8.99889041008984,459.941575611111,0.318291122222222,0.0258559078697083,5.75066666666667,2
2025-09-20 03:15:00,18.7056288886671,8.99889041008984,459.941575611111,0.318291122222222,0.031152454781763,5.59466666666667,2
2025-09-20 03:30:00,18.7204776841619,8.90593605137768,460.120144177778,0.319942904,0.0200556681565942,5.57,2
2025-09-20 03:45:00,18.7664507341442,9.03695809146435,460.56781032,0.320559365777778,0.0432455650046908,5.43533333333333,2
2025-09-20 04:00:00,18.7664507341442,8.5635257258087,460.56781032,0.320456264444444,0.0350758196425431,5.23933333333333,2
2025-09-20 04:15:00,18.7617758704464,8.0971335297274,461.525601373333,0.320180503555555,0.0322676891287816,5.16533333333333,2
2025-09-20 04:30:00,18.7158120890656,7.46891046217073,460.146920755556,0.319674826,0.0385613259196989,4.97866666666667,2
2025-09-20 04:45:00,18.7625589475664,6.63371169783854,461.076516128889,0.320257221777778,0.400022607858674,5.078,2
2025-09-20 05:00:00,18.7578840838686,6.37581963972467,462.186924511111,0.320653789111111,0.347303002012492,4.96733333333333,2
2025-09-20 05:15:00,18.7444483225812,6.34567357438526,462.123611471111,0.319010067111111,0.281408177261392,4.78866666666667,2
2025-09-20 05:30:00,18.7380930032923,6.34332020487192,462.139812164444,0.323136535777778,0.273953679104375,5.23666666666667,2
2025-09-20 05:45:00,18.7287113659145,6.32767628937859,462.155726937778,0.319537601333333,0.247751955139861,5.07933333333333,2
2025-09-20 06:00:00,18.7287113659145,6.32767628937859,462.125122893333,0.319004056666667,0.247729060798553,4.73533333333333,2
2025-09-20 06:15:00,18.7296891007664,6.32794648362859,461.678948075556,0.316617852222222,0.248471489915186,4.53866666666667,2
2025-09-20 06:30:00,18.744154224042,4.95201733032672,461.483854568889,0.316829659555556,0.245768623542433,4.40666666666667,2
2025-09-20 06:45:00,19.2374309891415,4.83336773139339,459.930191291111,0.31689458,0.251674985546627,4.042,2
2025-09-20 07:00:00,19.7245272952225,4.82244881880339,454.262123957778,0.317114379777778,0.230869329993905,3.71933333333333,2
2025-09-20 07:15:00,19.6166655029719,4.83056230986521,454.291931551111,0.3251296,0.237617651780383,3.58933333333333,2
2025-09-20 07:30:00,19.5621152344563,4.84189833426855,454.106106522222,0.320417662,0.236906378996142,3.46466666666667,2
2025-09-20 07:45:00,19.0366147675267,5.01004950929188,461.961494626667,0.322620512888889,0.270833696295575,3.516,2
2025-09-20 08:00:00,18.5607749095293,4.40210034507604,462.026843917778,0.329533368888889,0.246272965447807,3.88266666666667,2
2025-09-20 08:15:00,18.552255936119,4.42443383221648,462.153539,0.332363055777778,0.245867853689094,4.36266666666667,2
2025-09-20 08:30:00,18.0289704349809,4.42168417483243,461.770338246667,0.320442852444445,0.234817299483873,4.03266666666667,2
2025-09-20 08:45:00,18.8054555900674,4.47099332136164,462.188408771111,0.318720362888889,0.26947276132371,4.11266666666667,2
2025-09-20 09:00:00,18.1947512548466,4.45676530879987,457.371604804444,0.322888818444444,0.224513446107755,3.83933333333333,2
2025-09-20 09:15:00,18.8986164479529,4.44269667744978,459.39750294,0.326965258222222,0.240329038703481,3.818,2
2025-09-20 09:30:00,18.8081349448028,4.56310186381337,450.821830493334,0.328915491333333,0.221550269235302,3.84866666666667,2
2025-09-20 09:45:00,18.2463976883368,4.3639456897858,453.626672315556,0.332747249555555,0.21743681413584,3.47066666666667,2
2025-09-20 10:00:00,19.6940228755067,4.47202205444796,449.525371171111,0.321805474444444,0.220734947797692,3.88133333333333,2
2025-09-20 10:15:00,18.0240042940827,4.43384578559819,431.933983842222,0.331279431777778,0.228079858542525,4.16333333333333,2
2025-09-20 10:30:00,17.8770375466757,4.97433210679448,432.892542928889,0.333169907111111,0.277733496723275,3.85066666666667,2
2025-09-20 10:45:00,18.724494620763,5.92465416681689,462.349628282222,0.328101858444444,0.255384422711388,3.92066666666667,2
2025-09-20 11:00:00,18.7305899403896,4.76674906658022,463.34961594,0.329977707111111,0.254555129606398,4.36333333333333,2
2025-09-20 11:15:00,18.9611309076477,4.85646523359214,463.108417657778,0.333322737333333,0.246223543688585,4.57666666666667,2
2025-09-20 11:30:00,18.9102493294462,4.59574565972836,463.530877028889,0.328007522888889,0.24338705986037,4.68,2
2025-09-20 11:45:00,18.8589536055055,4.8198869364588,462.341831313333,0.328197000888889,0.246172679968851,5.276,2
2025-09-20 12:00:00,19.2693348903025,4.7825571677288,461.425590077778,0.328101998888889,0.249296764655558,5.44266666666667,2
2025-09-20 12:15:00,18.9495643086255,4.81777137373213,462.540486015555,0.328077895555556,0.246512319646362,5.584,2
2025-09-20 12:30:00,18.6516837195645,5.99005027254733,462.123216895556,0.327472346222222,0.248727219498994,5.996,2
2025-09-20 12:45:00,18.6560340454044,5.99054087002733,462.028355968889,0.327782639555556,0.248802764381746,6.05533333333333,2
2025-09-20 13:00:00,18.6861508097511,6.17867864082399,464.597629311111,0.325591455333334,0.250354988160817,6.51333333333333,2
2025-09-20 13:15:00,18.70883716544,6.17879317092399,462.263399868889,0.326175824666667,0.24918761427226,6.504,2
2025-09-20 13:30:00,18.5598768709318,6.27856010991733,464.311861977778,0.326055335777778,0.245768267594909,7.64733333333333,2
2025-09-20 13:45:00,18.4357857390637,6.29269935662613,464.222676848889,0.325846382666667,0.243447201558823,8.73133333333333,2
2025-09-20 14:00:00,18.364695018477,6.41993916104378,463.937946128889,0.32711155,0.269208098867183,10.0813333333333,2
2025-09-20 14:15:00,18.5874400842681,8.94418423676595,462.159214648889,0.327386818444445,0.461932535723951,12.2113333333333,2
2025-09-20 14:30:00,18.6054331758622,9.49179218195685,461.760137997778,0.327869845111111,0.545849200552679,13.404,2
2025-09-20 14:45:00,20.1366230097751,9.52307843410579,455.280664288889,0.330887757111111,0.558611947691227,14.386,2
2025-09-20 15:00:00,20.2586966717396,9.55566384431684,457.281753546667,0.327957926,0.536416579778136,14.8053333333333,2
2025-09-20 15:15:00,20.3353560540157,9.47402050537364,455.081587035555,0.328245109111111,0.571615878117545,15.1153333333333,2
2025-09-20 15:30:00,20.7650404078032,9.72712847062196,453.593370135556,0.330698305555556,0.552670134514056,16.992,2
2025-09-20 15:45:00,20.8526710172703,10.3382729354072,453.535995008889,0.328119178888889,0.54910843699316,18.2206666666667,2
2025-09-20 16:00:00,20.8237151538096,10.3172043259239,453.260917502222,0.330746788,0.514665197330331,18.2646666666667,2
2025-09-20 16:15:00,20.9119460152437,10.5326380249839,453.315766251111,0.327230518888889,0.441640854328023,17.7326666666667,2
2025-09-20 16:30:00,20.852732579937,10.5518430558839,453.535995008889,0.328388938666667,0.433792459295562,17.258,2
2025-09-20 16:45:00,20.7888412136643,9.87670092919066,453.957322535556,0.328374669111111,0.525477254833642,16.2006666666667,2
2025-09-20 17:00:00,20.7698128831905,9.53848056888268,453.823100864444,0.328540055555556,0.510702331328951,15.8726666666667,2
2025-09-20 17:15:00,20.507738216331,9.74601186185898,453.593455333333,0.331776671777778,0.501830955625332,16.0833333333333,3
2025-09-20 17:30:00,20.8422373081207,10.5447216674672,453.536124022222,0.327532472888889,0.488695536654717,17.3286666666667,3
2025-09-20 17:45:00,20.6452648696038,10.3521675100986,453.684019782222,0.326577608055556,0.44821193637339,18.8473333333333,3
2025-09-20 18:00:00,20.3429428077546,10.3521263760486,453.426073557778,0.326380311611111,0.431923412264185,18.9686666666667,3
2025-09-20 18:15:00,20.3179954554261,10.3314880506422,452.850739713333,0.329914113333334,0.394461688445762,18.2606666666667,3
2025-09-20 18:30:00,20.5218104925092,9.37827711289718,431.272034375555,0.333862278222222,0.528681753031756,18.724,3
2025-09-20 18:45:00,19.9778463896253,9.16429296401465,430.048601951111,0.338285801333333,0.62916374217368,19.1306666666667,3
2025-09-20 19:00:00,19.0613075089104,8.4500271904846,428.194360875556,0.345512096222222,0.760752265430638,18.8193333333333,3
2025-09-20 19:15:00,19.239714576521,8.46150077805565,428.156421473334,0.346729311777778,0.73668145842794,18.2546666666667,3
2025-09-20 19:30:00,18.9241763439963,6.20461343174246,428.249525931111,0.347261919333334,0.379583509264087,17.6146666666667,3
2025-09-20 19:45:00,19.5118107424814,4.74547211141804,429.478247853333,0.338149367777778,0.209090229144356,17.044,3
2025-09-20 20:00:00,19.5943369165095,4.80587453793314,429.607716011111,0.338262938444444,0.219847235236862,16.8606666666667,3
2025-09-20 20:15:00,19.0267535352453,4.64937969084609,429.369693117778,0.33947733,0.204541402473449,16.4853333333333,3
2025-09-20 20:30:00,18.789106798469,4.63350622597449,429.530970413333,0.340425221111111,0.20858559084369,16.0613333333333,3
2025-09-20 20:45:00,18.6999657545495,4.7945986056143,429.734496188889,0.338619015111111,0.21760012034307,14.582,2
2025-09-20 21:00:00,19.0642534360391,4.80661420171703,430.4228129,0.332969168444444,0.217217189891773,13.198,2
2025-09-20 21:15:00,18.3747881321733,5.74868924165666,464.560814691111,0.331154838666667,0.282252466864322,12.2433333333333,2
2025-09-20 21:30:00,18.0141839571363,5.74255817365226,463.904519002222,0.332185343777778,0.290236821790987,10.0913333333333,2
2025-09-20 21:45:00,17.2650538799086,5.18198161237309,431.122008164444,0.332044806222222,0.241453329969688,9.27066666666667,2
2025-09-20 22:00:00,18.5055467915541,5.13409391481453,464.886791386667,0.331664214888889,0.267960130480203,8.84266666666667,2
2025-09-20 22:15:00,18.4992365498178,4.450711691584,462.047997897778,0.330730367333333,0.255331492493904,8.52666666666667,2
2025-09-20 22:30:00,18.421788543357,4.39689247411066,461.048728502222,0.332559028666667,0.246972405673498,8.212,2
2025-09-20 22:45:00,17.8179427992963,4.43739945994983,460.400040986667,0.331214799555556,0.240528277520786,8.004,2
2025-09-20 23:00:00,17.5864432350883,4.43598084574276,432.539213951111,0.334254252444444,0.223133528211567,7.62133333333333,2
2025-09-20 23:15:00,17.5123697827052,4.46985811100026,431.201071213333,0.335925388222222,0.219169566663054,7.494,2
2025-09-20 23:30:00,17.5278800829418,4.47007605378239,431.18999364,0.335649710444444,0.219240184733386,7.20333333333333,2
2025-09-20 23:45:00,17.5690986994796,4.47524007081239,431.151954726666,0.328473306,0.219875338390432,6.69866666666667,2
2025-09-21 00:00:00,17.6158168787154,4.49390437266906,431.123655197778,0.328413052666667,0.220552654880305,6.58266666666667,2
2025-09-21 00:15:00,17.591629368702,4.49595623586906,431.112455064444,0.328552139333333,0.219922533754971,6.53,2
2025-09-21 00:30:00,17.5620716104695,4.49556909186906,431.112455064444,0.328546646,0.220227437326913,6.67066666666667,2
2025-09-21 00:45:00,17.5664388147406,4.49672658073573,431.086675251111,0.328433618444444,0.219999620317853,6.46333333333333,2
2025-09-21 01:00:00,17.5457994690206,4.51713322774906,431.052947944444,0.328536811777778,0.219785973802267,6.442,2
2025-09-21 01:15:00,17.5694607037376,4.57148750940313,431.052947944444,0.328077158444444,0.218618745372169,6.39866666666667,2
2025-09-21 01:30:00,17.5806067271421,4.58519927055053,431.052947944444,0.328077158444444,0.217860603972322,6.61066666666667,2
2025-09-21 01:45:00,17.5809504520309,4.58719381493053,431.052947944444,0.327373804444444,0.217875568247747,6.40666666666667,2
2025-09-21 02:00:00,17.5661108738354,4.61711603239313,431.052947944444,0.323747118444444,0.220629916598611,6.32933333333333,2
2025-09-21 02:15:00,17.5595405640339,4.59832196669239,431.205423233333,0.323541656444445,0.220998401388001,6.52,2
2025-09-21 02:30:00,17.5921804058709,4.6018828659298,431.227149633333,0.323541656444445,0.222991623964843,6.596,2
2025-09-21 02:45:00,17.6395435921687,4.60146820961313,431.276478515555,0.321836008,0.219304271607778,6.488,2
2025-09-21 03:00:00,17.6619047943732,4.59151355443313,431.26560624,0.321773194666667,0.218505493291274,6.52933333333333,2
2025-09-21 03:15:00,17.7725860315721,4.61384809093027,431.292675866666,0.322411601333333,0.256841872222368,6.37733333333333,2
2025-09-21 03:30:00,17.9137016677561,4.70039465230304,431.292675866666,0.322085570222222,0.271135182824454,5.956,2
2025-09-21 03:45:00,18.0663463326349,4.66905041767563,431.541015451111,0.322058161333333,0.295513036811437,5.73666666666667,2
2025-09-21 04:00:00,18.2180593511421,4.93804413230959,431.278966437778,0.322289210222222,0.299366962721831,5.19,2
2025-09-21 04:15:00,18.2194561738473,4.8514106610896,431.188407226666,0.322289210222222,0.304581997806299,4.922,2
2025-09-21 04:30:00,18.1856669912251,4.8253922184096,430.692686902222,0.322531308,0.292488250373964,4.63466666666667,2
2025-09-21 04:45:00,18.1479311286473,4.8200689884096,430.432333813333,0.322531308,0.278887895172475,4.536,2
2025-09-21 05:00:00,18.0985880698888,4.8273448759596,430.431278635555,0.322800644666667,0.276635430588329,4.32066666666667,2
2025-09-21 05:15:00,18.0055826043559,4.81094375439317,429.690711122222,0.322322198222222,0.260164168522235,3.96066666666667,2
2025-09-21 05:30:00,17.9582792022478,4.8110628922752,429.860827586666,0.324345176222222,0.260111405902529,3.86266666666667,2
2025-09-21 05:45:00,17.9359796653144,4.8088826263152,429.691364022222,0.323796236888889,0.258060275957023,3.71666666666667,2
2025-09-21 06:00:00,17.9422909843974,4.8140118541552,430.214548406666,0.324973554,0.25788846829078,3.77933333333333,2
2025-09-21 06:15:00,17.9714136313826,4.7966700612952,430.214828806666,0.325432413555556,0.257937183879547,3.82133333333333,2
2025-09-21 06:30:00,17.935781332246,4.80125649890853,431.123904328889,0.325296873111111,0.251491623863347,3.95866666666667,2
2025-09-21 06:45:00,18.0019320831537,4.8045901672152,431.253299873333,0.326256088444444,0.259446117515112,4.10333333333333,2
2025-09-21 07:00:00,17.9733667322085,4.80376413455186,431.125059562222,0.325322297555556,0.250233582174093,4.33933333333333,2
2025-09-21 07:15:00,18.0204610093582,4.80651493605853,431.222148493333,0.326610535111111,0.259738375355848,4.30733333333333,2
2025-09-21 07:30:00,18.1842093568687,4.87778036347383,445.684531933334,0.324875110222222,0.264947914451966,4.32466666666667,2
2025-09-21 07:45:00,18.082009414007,4.8197495433152,431.364127875555,0.324058420444444,0.262286027434577,4.37,2
2025-09-21 08:00:00,18.1638207764109,4.83228983222717,440.759900486667,0.324813493333333,0.264800349929457,4.25133333333333,2
2025-09-21 08:15:00,18.220036366362,4.90774894553002,445.3158499,0.324527301333333,0.266430301796197,4.484,2
2025-09-21 08:30:00,17.4712439343792,4.73121462150853,430.14051358,0.326425876444445,0.245730248441864,4.64866666666667,2
2025-09-21 08:45:00,17.149491787268,4.71454444278402,429.101668553333,0.324076570888889,0.242172882363334,4.28466666666667,2
2025-09-21 09:00:00,16.3856180877858,4.71636733391533,427.840703673333,0.325856099555556,0.24253737056193,4.41866666666667,2
2025-09-21 09:15:00,16.4970410764169,4.71111551047533,428.428969593333,0.321056487111111,0.242959158068835,4.62333333333333,2
2025-09-21 09:30:00,17.1413493379673,4.72073266928866,428.399914948889,0.321133818666667,0.247727978704439,4.83,2
2025-09-21 09:45:00,17.3906216713214,4.95118478505683,428.61432604,0.323119290444445,0.245435622781962,4.59266666666667,2
2025-09-21 10:00:00,17.2304099102414,4.41743338134295,428.490728506666,0.323177059111111,0.245186715245625,4.49666666666667,2
2025-09-21 10:15:00,17.4390075332177,4.4272664883982,428.745578924444,0.322453116666667,0.247086329490056,4.72666666666667,2
2025-09-21 10:30:00,17.8464689925685,4.48066148047534,429.158316497778,0.324004494222222,0.251300418297366,4.74733333333333,2
2025-09-21 10:45:00,18.0431506858975,4.45226121404961,430.714033635555,0.330106164,0.261999993901989,4.67133333333333,2
2025-09-21 11:00:00,17.9137510819054,4.50833239289578,429.732747,0.334410273333333,0.257852367448073,4.46666666666667,2
2025-09-21 11:15:00,17.9170464686233,4.49752368078201,429.855131966666,0.325003361333333,0.251208252882969,4.318,2
2025-09-21 11:30:00,17.5512932732095,4.98262227478757,428.782189911111,0.330940110888889,0.24884318500614,4.394,2
2025-09-21 11:45:00,17.8954390012187,4.79280917556391,429.275785728889,0.330799084666667,0.254216107024954,4.17866666666667,2
2025-09-21 12:00:00,18.0490591424233,4.81858435999124,439.253929835556,0.336194814,0.260553723299793,4.312,2
2025-09-21 12:15:00,17.6086408521737,4.74446514359593,430.243824528889,0.333426863333333,0.245962359142022,4.26533333333333,2
2025-09-21 12:30:00,17.8724841885593,4.82193969671669,443.119299631111,0.325508375777778,0.258944226353394,3.87733333333333,2
2025-09-21 12:45:00,18.9373166923494,4.59699194346201,448.426257351111,0.320586887333333,0.213114435367778,4.25666666666667,2
2025-09-21 13:00:00,18.6028270437588,4.47445767463308,447.661053635556,0.320805471111111,0.206497374568569,4.11533333333333,2
2025-09-21 13:15:00,18.2350965079276,4.92606598201117,445.729253931111,0.322085011333333,0.2885129643906,3.67733333333333,2
2025-09-21 13:30:00,18.2189214835694,4.82843599096002,445.476554693334,0.321113768888889,0.266149222114654,3.31,2
2025-09-21 13:45:00,17.6805698525832,4.64875046410663,423.271209622222,0.322039639333333,0.243778588002738,3.24,2
2025-09-21 14:00:00,17.6008201015354,4.61923047218831,422.593310244445,0.33362818,0.238558416637554,3.098,2
2025-09-21 14:15:00,17.5045960026998,4.66364432265932,423.948084382222,0.334057387777778,0.244425159223154,2.94666666666667,2
2025-09-21 14:30:00,17.5474843469955,4.36747300228092,445.728225502222,0.328608992444444,0.184998757207863,2.57066666666667,2
2025-09-21 14:45:00,18.5795371148745,4.15369450077387,450.263219315555,0.324079363555556,0.191328584445017,2.56266666666667,2
2025-09-21 15:00:00,18.5199437618587,5.28558730256803,452.074324015555,0.327078942888889,0.203212923779979,2.364,2
2025-09-21 15:15:00,20.0660341466111,5.28759385063017,453.18728488,0.327091875555556,0.208890934543043,2.02333333333333,2
2025-09-21 15:30:00,20.1757804247133,5.3113007438847,453.915603213333,0.327404686666667,0.209070985704294,1.948,2
2025-09-21 15:45:00,20.4766829702295,5.34535748340078,456.579064477777,0.327072718444445,0.204983929540073,1.802,2
2025-09-21 16:00:00,19.2332323558474,5.2922331859416,456.278743148889,0.330571016444444,0.199620733350434,1.77333333333333,2
2025-09-21 16:15:00,18.9517787667802,4.62760616379249,455.617942862222,0.332842640888889,0.194712147131122,1.826,2
2025-09-21 16:30:00,18.838039966077,4.63792516696808,455.044378291111,0.333052811555556,0.197181726600488,1.81266666666667,2
2025-09-21 16:45:00,17.2246236751661,4.63582728981827,450.313874546667,0.325993371111111,0.198483620822372,1.906,2
2025-09-21 17:00:00,17.5822896864328,4.14961658759085,448.016176391111,0.331824770444445,0.199572594917963,1.63066666666667,2
2025-09-21 17:15:00,16.9417508541484,4.2837284321532,443.653362175556,0.332496989777778,0.189968937293102,1.80733333333333,2
2025-09-21 17:30:00,16.3173005985766,4.45545251623035,440.001442368889,0.335389581555556,0.193740178946605,1.588,2
2025-09-21 17:45:00,18.3226452032403,4.35619760578062,453.653821433334,0.332001003111111,0.215554016096149,1.896,2
2025-09-21 18:00:00,17.0977899908383,4.71866295385451,429.415108904444,0.339337584444445,0.234575836672194,1.786,2
2025-09-21 18:15:00,15.272180500051,4.68020701574797,427.479171591111,0.340613629333334,0.22753496916495,1.98,2
2025-09-21 18:30:00,15.3164292310421,4.76240958002037,426.788880168889,0.340240389777778,0.241390890128374,2.034,2
2025-09-21 18:45:00,15.4307663227014,4.17608357381534,426.751068728889,0.338922502666667,0.1779899418683,1.97133333333333,2
2025-09-21 19:00:00,15.5961374627666,4.17429697743403,427.542489611111,0.336456643555556,0.177257143561734,2.64933333333333,2
2025-09-21 19:15:00,17.1176097493568,4.22361506661731,427.647421368889,0.339678442444445,0.182826249217215,3.20866666666667,2
2025-09-21 19:30:00,17.1432179249484,4.22999262135193,427.608053626667,0.340000871111111,0.193344765392558,3.60666666666667,2
2025-09-21 19:45:00,17.1055638470884,4.18011348559114,427.458183957778,0.340149520222222,0.192595612135527,3.27266666666667,2
2025-09-21 20:00:00,16.9987713559366,4.09574094790718,427.244368695555,0.335490554666667,0.197892656644457,3.50866666666667,2
2025-09-21 20:15:00,17.5499127634772,4.28494672656665,428.393056631111,0.336559079333333,0.202792612249704,3.46,2
2025-09-21 20:30:00,17.3338054635797,4.32892559110589,427.669321513333,0.336080651111111,0.208900718613114,3.344,2
2025-09-21 20:45:00,17.6842194559196,4.51109014291239,445.962496708889,0.332125349777778,0.219555044396237,2.98133333333333,2
2025-09-21 21:00:00,19.3778943582904,5.18173230009374,455.098763542222,0.319903000888889,0.23767372921161,2.82533333333333,2
2025-09-21 21:15:00,19.4362072001867,5.13261841332859,453.893476484444,0.317312943333333,0.235903464398527,2.66333333333333,2
2025-09-21 21:30:00,19.4555940021512,5.12776002497859,453.989489302222,0.317486502888889,0.233929178247146,2.49733333333333,2
2025-09-21 21:45:00,19.4555940021512,5.13450197642858,453.994287902222,0.317488895777778,0.233992544781535,2.44066666666667,2
2025-09-21 22:00:00,19.5003776443126,5.13305179952859,453.616517508889,0.317657546,0.227929552548042,2.31733333333333,2
2025-09-21 22:15:00,19.6263397340238,5.13159714179525,453.388478564445,0.317187035777778,0.224944899291039,2.12733333333333,2
2025-09-21 22:30:00,19.6617984619645,5.13737322273525,453.098323017778,0.317115249111111,0.221027539137414,2.098,2
2025-09-21 22:45:00,19.6476236085519,5.04594785873192,452.463166902222,0.316921482666667,0.220778216639671,2.012,2
2025-09-21 23:00:00,19.7582955668511,5.09803949987525,451.058059675556,0.316582558666667,0.213237807713338,1.96333333333333,2
2025-09-21 23:15:00,19.7676977251178,5.08959384597525,450.285139093333,0.315738057333334,0.212918572908397,1.75333333333333,2
2025-09-21 23:30:00,19.7664705759622,5.09277057757525,448.714096362222,0.315846286222223,0.21046331593618,1.65133333333333,2
2025-09-21 23:45:00,19.531922832872,5.08368502255103,448.519849722222,0.315625390444445,0.208485020276169,1.628,2
2025-09-22 00:00:00,19.3444256941905,5.0726042981077,448.15920076,0.315326080888889,0.205964555126975,1.65066666666667,2
2025-09-22 00:15:00,18.7267617228395,5.08091083109437,448.087923835556,0.314943849333334,0.203440993372464,1.56266666666667,2
2025-09-22 00:30:00,18.1796396925819,5.07325726306437,447.473061733334,0.314473215111111,0.202456706635611,1.60666666666667,2
2025-09-22 00:45:00,18.0044494268885,5.0719661019777,446.955844197778,0.314490973555556,0.201354853444708,1.47666666666667,2
2025-09-22 01:00:00,17.9507554266633,5.0706059360577,446.32610736,0.314808992222222,0.202056903485233,1.538,2
2025-09-22 01:15:00,17.9117606338175,5.0707111101777,446.09075588,0.314374078888889,0.201992682827838,1.50466666666667,2
2025-09-22 01:30:00,17.8292242506471,5.08316072920437,445.085946248889,0.315835202222223,0.203304232110001,1.41333333333333,2
2025-09-22 01:45:00,17.8292242506471,5.08316072920437,445.085946248889,0.315728337555556,0.203198459101453,1.35466666666667,2
2025-09-22 02:00:00,17.846789608121,5.10075599384437,445.044676875556,0.315835238222223,0.202249665496198,1.46533333333333,2
2025-09-22 02:15:00,17.8488404144544,5.1052087054677,445.297569115556,0.315652032666667,0.203437290398912,1.346,2
2025-09-22 02:30:00,17.8464117672544,5.12045886325103,445.297569115556,0.316277635333334,0.201692545865961,1.54666666666667,2
2025-09-22 02:45:00,17.8381102468633,5.1042311668677,445.21107276,0.316631768666667,0.202643138971423,1.394,2
2025-09-22 03:00:00,17.8173437992736,5.0117309584877,445.246798248889,0.316857114444445,0.202018072080801,1.38,2
2025-09-22 03:15:00,17.7951294753314,5.1112554108177,445.282224582223,0.316853775333334,0.202698056189421,1.308,2
2025-09-22 03:30:00,17.8024672321758,5.0138034693677,445.246798248889,0.316904325111111,0.202018072080801,1.44266666666667,2
2025-09-22 03:45:00,17.8093437820425,5.01017521315437,445.316758742223,0.317322775777778,0.202926688979588,1.29466666666667,2
2025-09-22 04:00:00,17.7241437270276,5.01165861991437,445.227582388889,0.316937496222223,0.203552225150505,1.35,2
2025-09-22 04:15:00,17.7109584573906,5.09022422525437,445.193607162223,0.316071874444445,0.20341122651934,1.30933333333333,2
2025-09-22 04:30:00,17.652156277798,5.0178561142677,445.231348331111,0.317535950222223,0.203395603195156,1.39466666666667,2
2025-09-22 04:45:00,17.7150368130498,5.02287712102104,445.164038406667,0.317022761777778,0.202502423277943,1.288,2
2025-09-22 05:00:00,17.6155879120791,5.01634795538437,445.036978053334,0.317188774222223,0.20358936692559,1.36266666666667,2
2025-09-22 05:15:00,17.652156277798,5.0178561142677,445.231348331111,0.317535950222223,0.203395603195156,1.32333333333333,2
2025-09-22 05:30:00,17.6155879120791,5.02734004894437,445.036978053334,0.317125838666667,0.203577901865138,1.36666666666667,2
2025-09-22 05:45:00,17.4946568773947,5.02773792902103,444.524185868889,0.316616336888889,0.20359336808644,1.38266666666667,2
2025-09-22 06:00:00,16.6657131085048,4.82577945806672,433.944368293333,0.312751094888889,0.202973921268267,1.45466666666667,2
2025-09-22 06:15:00,16.6688286782885,4.87899957010103,433.166107442222,0.312295581333333,0.201572406331692,1.59266666666667,2
2025-09-22 06:30:00,16.5473502661826,5.03546087827437,433.215644611111,0.323860129777778,0.204656257183002,1.476,2
2025-09-22 06:45:00,17.080822439642,4.7422545685861,441.635336391111,0.321437199555555,0.212302414419973,1.71,2
2025-09-22 07:00:00,17.6434453768221,4.34979748403707,444.828085784444,0.333723787111111,0.194925082073213,1.946,2
2025-09-22 07:15:00,16.0477245799277,4.38087709921219,439.29715202,0.334993777555556,0.190024582948779,2.00133333333333,2
2025-09-22 07:30:00,16.2149254746876,4.25593222523004,429.080382171111,0.335771633777778,0.181365500740984,2.95,2
2025-09-22 07:45:00,16.2619490495332,4.24760475462127,427.569285242222,0.336444950222222,0.183566428783294,3.884,2
2025-09-22 08:00:00,16.1995817667495,4.24077885027794,428.216185964444,0.33714374,0.183873110576302,3.48066666666667,2
2025-09-22 08:15:00,16.2135637910757,4.24688386349906,427.509378217777,0.339660093555555,0.185121381536619,3.534,2
2025-09-22 08:30:00,16.2028099247868,4.24430091074127,427.612120433333,0.335783004444444,0.182616961373156,2.822,2
2025-09-22 08:45:00,16.2395335286681,4.25318221244906,427.400069664444,0.339807415555555,0.184689682892814,2.53333333333333,2
2025-09-22 09:00:00,16.2478450438281,4.27882999653574,427.594655691111,0.332502270666667,0.185812858521718,2.38266666666667,2
2025-09-22 09:15:00,16.1045761062733,4.12180398829659,425.661695037778,0.334069396888889,0.188387711495749,2.35733333333333,2
2025-09-22 09:30:00,15.9903979317977,4.07559005963176,426.722599777778,0.339859060444445,0.185818447752464,2.27333333333333,2
2025-09-22 09:45:00,16.050554883374,4.21128756955913,426.222305095555,0.328101968888889,0.187549312117108,2.354,2
2025-09-22 10:00:00,15.6965222917185,4.18146854029139,426.908629031111,0.333834712222223,0.189724314102011,2.55666666666667,2
2025-09-22 10:15:00,15.6309077163023,4.62733461757904,428.16251952,0.331320088666667,0.193740022365888,2.51666666666667,2
2025-09-22 10:30:00,16.7974068821172,4.72248417545761,442.390501193333,0.330060644444445,0.196221187628268,2.2,2
2025-09-22 10:45:00,16.416142932683,4.68012974856547,431.383864486667,0.327278068222222,0.197363106717677,2.39466666666667,2
2025-09-22 11:00:00,16.2412729271113,4.92970986945066,429.985079008889,0.329621067333334,0.206831966246826,2.40733333333333,1
2025-09-22 11:15:00,16.4078936721556,4.7153193958288,430.158800917778,0.328090282444445,0.203185990535485,2.55666666666667,1
2025-09-22 11:30:00,16.5146466023971,4.74092556788214,435.660485171111,0.326887681333334,0.201570900969705,2.36066666666667,1
2025-09-22 11:45:00,17.8835234167985,4.70264358433547,446.05314472,0.331029510888889,0.198441997326741,2.44533333333333,2
2025-09-22 12:00:00,17.2406428624579,4.94282046516399,446.343989475556,0.330692123333333,0.203842765730739,2.608,2
2025-09-22 12:15:00,16.837006178212,4.93332222766733,445.381196728889,0.330631596444445,0.204740159413406,2.478,2
2025-09-22 12:30:00,17.7552143091868,4.70682941752547,446.780016133334,0.330059190888889,0.202519138485667,2.60266666666667,2
2025-09-22 12:45:00,17.7689253061406,4.72319747153213,447.74822028,0.331526613555556,0.204890710139603,2.57,2
2025-09-22 13:00:00,17.7035057384073,4.90673887925399,446.907882453334,0.333601097333334,0.203248185952794,2.426,2
2025-09-22 13:15:00,17.7166154740725,4.93197211862399,446.675458891111,0.334092726222223,0.201850286467235,2.62466666666667,2
2025-09-22 13:30:00,17.6695469593305,4.98771706784946,446.263609617778,0.337497006666667,0.201755208488966,2.64733333333333,2
2025-09-22 13:45:00,17.4339106803039,4.78589726744761,444.665901753333,0.32842338,0.201670157942017,2.63133333333333,2
2025-09-22 14:00:00,17.3970461688698,4.78974477979761,444.004093275556,0.327990293777778,0.200076482269113,2.512,2
2025-09-22 14:15:00,17.6303817997409,5.07119212511614,445.850341782222,0.336994335333334,0.202549764523015,2.586,2
2025-09-22 14:30:00,17.8274853400002,4.40150873511352,445.142054793333,0.338261749333334,0.196383538490166,2.60933333333333,2
2025-09-22 14:45:00,17.6178677433424,4.3957747795991,440.272561197778,0.337433048666667,0.191310175663213,2.672,2
2025-09-22 15:00:00,17.7417047924046,4.40986179365458,441.499599635556,0.337204762444445,0.191694853325498,2.7,2
2025-09-22 15:15:00,17.6696236824179,4.41566077170243,441.623358831111,0.336484323333333,0.192869649362623,2.858,2
2025-09-22 15:30:00,20.594036206643,4.44914842300576,449.047896111111,0.333195150888889,0.193028342697274,3.02733333333333,2
2025-09-22 15:45:00,20.6834843865742,4.42005296137834,451.651801291111,0.335410183777778,0.192065118334431,3.09733333333333,2
2025-09-22 16:00:00,21.5643142314601,4.45170595235692,448.92213612,0.337157946888889,0.189907207117456,3.02666666666667,2
2025-09-22 16:15:00,20.1061255963556,4.08508604849799,442.305427813333,0.335987537777778,0.217093939309241,2.882,2
2025-09-22 16:30:00,20.9067443429143,4.19247689982624,445.397219686667,0.336496584,0.240636521690527,2.84666666666667,2
2025-09-22 16:45:00,19.7597005869522,7.48863253074039,444.32833896,0.338712760666667,0.387465058056028,2.65266666666667,2
2025-09-22 17:00:00,20.9000825245927,7.15032585294119,436.731606017778,0.336974491333334,0.262335246867313,2.52,2
2025-09-22 17:15:00,22.8134302939451,6.14809826628765,458.269549575555,0.337864146,0.284555836702921,2.45866666666667,2
2025-09-22 17:30:00,22.8872706331876,4.97453402305208,458.184786888888,0.339399371333333,0.260909559247125,2.568,2
2025-09-22 17:45:00,24.4994751018361,5.4412065565047,458.447535911111,0.340412766888889,0.309338121226897,2.40466666666667,2
2025-09-22 18:00:00,21.380402103783,5.2620995294017,447.606423251111,0.336781496444444,0.241292802275297,2.37666666666667,2
2025-09-22 18:15:00,19.3286167464287,4.74527359357871,457.881208084445,0.340955548,0.309001271075525,2.33933333333333,2
2025-09-22 18:30:00,20.0082185990739,5.19248956957762,461.910154811111,0.337625078666667,0.251876364680656,2.34266666666667,2
2025-09-22 18:45:00,20.3294190303718,4.9350350778552,445.990061431111,0.336904672222222,0.237904161692939,2.34333333333333,2
2025-09-22 19:00:00,20.8998927754348,5.07139169756565,455.648036306667,0.337499751333333,0.244843721182777,2.51466666666667,2
2025-09-22 19:15:00,20.193203725956,4.74726205114467,430.509151337777,0.335279353555556,0.244449514460087,3.092,2
2025-09-22 19:30:00,17.8072317902981,4.6162712311281,429.74153857111,0.335528297777778,0.237873059983408,3.43,2
2025-09-22 19:45:00,18.9273633932701,4.39198285364003,427.678147324444,0.341648167333333,0.222043019828003,3.948,2
2025-09-22 20:00:00,16.9998348223761,4.36265950811801,428.913503117778,0.340649192444445,0.218783310792215,3.62,2
2025-09-22 20:15:00,18.1717885047036,4.50732129815189,426.628219684444,0.341733563777778,0.220529314012848,3.33266666666667,2
2025-09-22 20:30:00,20.1595789199998,4.90352100280518,442.919030720001,0.342913158666667,0.238371332987062,2.61466666666667,2
2025-09-22 20:45:00,18.8780105080102,4.33310193671307,426.742606186667,0.344818663555556,0.213108827714013,2.59666666666667,2
2025-09-22 21:00:00,17.0983659863021,4.29800920258606,426.392692753333,0.342837693777778,0.218265867233437,2.952,2
2025-09-22 21:15:00,17.1120098833505,4.42635513858869,425.985525751111,0.338917341111111,0.210166660693242,2.77666666666667,2
2025-09-22 21:30:00,16.8055132112522,4.38025404314961,425.343200957778,0.339408812,0.207861185533666,2.60066666666667,2
2025-09-22 21:45:00,17.0004294507503,4.28629507962364,426.935100133333,0.343168895111111,0.193472877837908,2.40733333333333,2
2025-09-22 22:00:00,17.1132107740824,4.16104908918541,427.969499106667,0.337542453333333,0.183378901470771,2.418,2
2025-09-22 22:15:00,17.7960235631854,4.17307414029208,428.486757871111,0.334986779333333,0.188422248035619,2.32866666666667,2
2025-09-22 22:30:00,17.7637484630476,4.21805836915876,429.192919782222,0.338813438666666,0.186274713041776,2.43333333333333,2
2025-09-22 22:45:00,17.6176501656106,4.24167237874877,429.157213424444,0.338658098888889,0.190952245330913,2.29933333333333,2
2025-09-22 23:00:00,17.6633005327402,4.38743164310057,429.228697668889,0.337338278,0.187452137831481,2.40866666666667,2
2025-09-22 23:15:00,17.7480528469965,4.39854830382724,429.389519506667,0.332752318222222,0.188883019940288,2.404,2
2025-09-22 23:30:00,17.4387470108019,4.32660191095057,428.993539822222,0.331369539111111,0.181448840033474,2.28466666666667,2
2025-09-22 23:45:00,17.4131717872984,4.31839513923724,428.995208097778,0.328894105333333,0.180857269312879,2.16,2
2025-09-23 00:00:00,17.366094046565,4.31082447216924,429.008174175556,0.331880292888889,0.192773102038275,1.996,2
2025-09-23 00:15:00,17.3893024201271,4.43362210932987,430.123607875556,0.333531309111111,0.235726602241786,1.92266666666667,2
2025-09-23 00:30:00,17.1790135680931,4.40758560993129,430.106693933333,0.334316516444444,0.234861062331629,1.82133333333333,2
2025-09-23 00:45:00,17.5642455972175,4.37307442746731,447.20940634,0.331593484444444,0.190033600134444,1.86733333333333,2
2025-09-23 01:00:00,16.8698446042433,4.38816067636731,445.359938655556,0.328418839333333,0.184284569092484,1.78733333333333,2
2025-09-23 01:15:00,16.408412677842,4.37717351172398,442.854703720001,0.332462057111111,0.184621328085719,1.60933333333333,2
2025-09-23 01:30:00,16.4398222177515,4.38673451406033,439.545985888889,0.333775873777778,0.186967658052331,1.68,2
2025-09-23 01:45:00,16.3660549767119,4.4223057550422,438.494277908889,0.334264590888889,0.196257877542631,1.612,2
2025-09-23 02:00:00,16.4048719034306,4.44669703057918,439.48773644,0.335037588222222,0.196358416818092,1.55666666666667,2
2025-09-23 02:15:00,16.3948780741786,4.44832102440098,438.864576126667,0.334467418666667,0.197637963086653,1.574,2
2025-09-23 02:30:00,16.3855489288945,4.47262703101645,439.662348724445,0.334084418444444,0.19923350468336,1.50666666666667,2
2025-09-23 02:45:00,16.379919211136,4.50747288192138,439.529517626667,0.334527320666667,0.199029295084424,1.57533333333333,2
2025-09-23 03:00:00,16.8994963284953,4.55935288048278,440.730395457778,0.337122877777777,0.198124251840385,1.46466666666667,2
2025-09-23 03:15:00,16.7938344084123,4.56667852261197,440.585804755556,0.335680584444444,0.198234500139041,1.36,1
2025-09-23 03:30:00,16.8074482305486,4.53833161989102,440.493912653334,0.335770185555555,0.200532742612602,1.298,1
2025-09-23 03:45:00,16.7844777973545,4.52182449874102,440.694299426667,0.337871084444444,0.200358613596007,1.494,1
2025-09-23 04:00:00,16.7006554897827,4.61050399510555,440.282306133334,0.334097989555555,0.202121667154086,1.432,1
2025-09-23 04:15:00,16.7184220136626,4.54110190406102,440.104382946667,0.335269927555555,0.202205776610814,1.34333333333333,1
2025-09-23 04:30:00,16.6972256626152,4.52975011078823,440.388795926667,0.335211256444444,0.202267926801743,1.53066666666667,1
2025-09-23 04:45:00,16.6379209948567,4.51825995869037,440.13444794,0.334682306888889,0.202926527926181,1.39533333333333,1
2025-09-23 05:00:00,16.741517487473,4.50290751338704,440.333668648889,0.335421735555555,0.201126343178693,1.27933333333333,1
2025-09-23 05:15:00,16.7643103465752,4.50095732925704,440.084546268889,0.334100882666667,0.201742871025288,1.282,1
2025-09-23 05:30:00,16.6275539614952,4.52832667055037,439.457334597778,0.333805742222222,0.202452782361538,1.386,1
2025-09-23 05:45:00,16.7043019636835,4.53159690555884,440.753243542223,0.330213635111111,0.204195929464702,1.324,1
2025-09-23 06:00:00,15.9895953842089,4.4332517689526,432.717302064445,0.334916710666667,0.207003356617729,1.46,1
2025-09-23 06:15:00,15.2900954527864,4.31852806669818,430.4179521,0.328468104444445,0.207234081415626,1.36066666666667,1
2025-09-23 06:30:00,14.9988379855272,4.31371326145829,435.805655111111,0.334872606888889,0.27972516951944,1.596,1
2025-09-23 06:45:00,15.0543519522097,4.10401754803596,425.819634466667,0.333348288666667,0.200657049036006,1.68666666666667,1
2025-09-23 07:00:00,15.0457095506601,4.01723613950408,425.028109508889,0.34271794,0.197796660696236,1.70466666666667,1
2025-09-23 07:15:00,15.3324999539199,4.02385570231412,425.157702671111,0.32741287,0.202892749634025,1.95266666666667,1
2025-09-23 07:30:00,17.1499054183789,4.17050521140385,426.455291264444,0.333722236888889,0.20532253256387,2.02,1
2025-09-23 07:45:00,17.7392476059579,4.19773194223228,428.498422237777,0.329445962444444,0.242074313489349,1.79666666666667,1
2025-09-23 08:00:00,17.969544102349,4.31710426373561,430.489611684444,0.328744247777778,0.232428400012273,1.85066666666667,1
2025-09-23 08:15:00,17.7846233948077,4.33837447378302,430.52923846,0.330400087777778,0.227062474194349,1.832,1
2025-09-23 08:30:00,17.5691257281923,4.34336739912909,430.675783644444,0.332973799777778,0.211104766429565,2.01,1
2025-09-23 08:45:00,17.6522736141054,4.34360180474046,429.384139753333,0.335646418222222,0.259767076726664,2.11533333333333,1
2025-09-23 09:00:00,17.5961956002749,4.27511928556228,429.05979942,0.338714959777778,0.231425782609786,2.01533333333333,2
2025-09-23 09:15:00,17.4800839469869,4.24806161662502,428.73464656,0.338044345111111,0.230773954870184,1.986,2
2025-09-23 09:30:00,17.6019089741958,4.36470678987635,430.469150706666,0.332557307777778,0.226647454047647,2.04866666666667,2
2025-09-23 09:45:00,17.1413646957552,4.46243509645129,430.54199344,0.335049576,0.208709676234237,1.974,2
2025-09-23 10:00:00,17.1530715379522,4.54053770713583,430.686228095555,0.334473161555555,0.210221108260574,2.10933333333333,2
2025-09-23 10:15:00,17.2271058603448,4.4578615476951,430.885372262222,0.335436218,0.211564872068179,2.722,2
2025-09-23 10:30:00,17.1694133601012,4.89426426172722,430.971590455555,0.337095255777778,0.26561281052909,3.004,2
2025-09-23 10:45:00,17.2422733746271,8.55248072157845,430.879182435555,0.337216868,0.69356132714786,3.208,2
2025-09-23 11:00:00,17.2889384402849,8.72316932706362,430.884073842222,0.334757681555556,0.668545397610506,3.28133333333333,2
2025-09-23 11:15:00,17.3255366247827,8.85812654361289,430.928702326667,0.335272046222222,0.614484271638943,3.828,2
2025-09-23 11:30:00,17.3493141103353,8.86733902940622,430.043817351111,0.334534486888889,0.652932176600998,3.564,2
2025-09-23 11:45:00,17.3326337913057,8.48878138682018,430.776623926667,0.336063535555556,0.731422366298274,3.46466666666667,2
2025-09-23 12:00:00,17.300047816802,8.7303491792151,429.91661364,0.333299717555556,0.831737481982427,3.566,2
2025-09-23 12:15:00,17.2724149898458,9.01581881116889,429.918635431111,0.329262864444445,0.790318793793378,3.392,2
2025-09-23 12:30:00,17.379686123834,8.98600641581204,431.753953484444,0.332499632888889,0.735846561425796,3.126,2
2025-09-23 12:45:00,17.3997807254577,8.79595718360339,432.435582784444,0.332210666222222,0.709558256345076,3.12133333333333,2
2025-09-23 13:00:00,17.4080029155125,8.79650327172339,431.941326744444,0.331576110222222,0.814870531553885,3.34866666666667,2
2025-09-23 13:15:00,17.2879309056445,10.0875788584457,458.641624951111,0.334326681333333,0.834852355569227,3.12666666666667,2
2025-09-23 13:30:00,17.1501960161793,8.80524474647714,464.334585768889,0.335927007555556,0.800215683717889,3.19666666666667,2
2025-09-23 13:45:00,18.462295375763,6.22209025949613,466.589521015556,0.339869769111111,0.317359367767355,3.046,2
2025-09-23 14:00:00,18.42488028888,6.65482494632946,462.927914624445,0.336600738,0.267941853546469,3.08533333333333,2
2025-09-23 14:15:00,18.4612269751457,6.67314495887613,464.848753011111,0.332901420888889,0.266977170110673,3.05466666666667,2
2025-09-23 14:30:00,18.6880824946864,6.74258767716613,467.297970111111,0.335247294666667,0.244781542718205,3.12333333333333,2
2025-09-23 14:45:00,19.22775503904,6.72694711333614,472.671026262222,0.33511835,0.244864842387552,3.02733333333333,2
2025-09-23 15:00:00,19.263370341363,6.56412818374947,472.498309064444,0.335233582444445,0.243510302693539,3.21866666666667,2
2025-09-23 15:15:00,19.1211024559452,7.22378777416711,470.15596758,0.335768495555556,0.241733484260516,3.482,2
2025-09-23 15:30:00,19.1868750342696,5.86078278222426,471.439551564444,0.337029565111111,0.241395421574188,3.45733333333333,2
2025-09-23 15:45:00,15.9527080783378,5.29938335586479,428.15206822,0.334663385111111,0.23274519911614,3.60866666666667,2
2025-09-23 16:00:00,19.9798410665091,6.26760271869813,434.806018171111,0.333564024444445,0.242972731954825,3.50866666666667,2
2025-09-23 16:15:00,19.7832169395642,6.62735490060146,433.552739513334,0.335387588222223,0.24440799369188,3.45066666666667,2
2025-09-23 16:30:00,16.2734713402527,5.52875531432479,425.961675324444,0.334645839111111,0.248761726175214,3.60533333333333,2
2025-09-23 16:45:00,20.2685334426867,5.27444556472146,431.202742933333,0.336627121555556,0.250546594520095,3.476,2
2025-09-23 17:00:00,20.5365376460891,5.56511261675813,433.569363933333,0.335887577111111,0.273945906340927,3.52133333333333,2
2025-09-23 17:15:00,21.1556907552347,5.76556989219785,445.986185733333,0.336113189111111,0.248676868233426,3.44733333333333,2
2025-09-23 17:30:00,22.7312551892434,6.34738101222157,457.312373462222,0.337068325333334,0.23443356541398,3.44933333333333,2
2025-09-23 17:45:00,21.8841169880392,4.73110910189921,455.185586744444,0.342969404,0.218632836118449,3.75866666666667,2
2025-09-23 18:00:00,19.8724539095693,4.90847493282033,422.522924882222,0.335355921777778,0.27110540311448,3.67666666666667,2
2025-09-23 18:15:00,19.5284215969794,4.90580135384679,426.685307646667,0.345889986888889,0.263877686868062,3.83066666666667,2
2025-09-23 18:30:00,20.3714425681001,6.72151805694023,428.485937806667,0.338109548888889,0.303492545425738,3.92066666666667,2
2025-09-23 18:45:00,19.4028341981029,6.62801736839063,428.418544986667,0.338676952888889,0.318757869327317,3.94266666666667,2
2025-09-23 19:00:00,19.7500482346448,8.29348945880232,427.811882682222,0.336785787555556,0.886209289303984,4.14266666666667,2
2025-09-23 19:15:00,19.060983328751,8.82308961611127,428.106417026667,0.335618784444445,0.869547338807073,4.72533333333333,2
2025-09-23 19:30:00,17.3494655183097,8.97387173629046,430.201731808889,0.337453028,0.850623349009453,5.41066666666667,2
2025-09-23 19:45:00,17.3189929408345,8.73056368230162,430.487810173333,0.338025016444444,0.819213000122302,7.354,2
2025-09-23 20:00:00,17.320387044522,8.6573461523655,430.556536786667,0.338860962444445,0.767379430777636,8.37333333333333,2
2025-09-23 20:15:00,17.2998923710686,8.65025824978572,430.711088526667,0.334015604222222,0.719741888062454,8.71333333333333,2
2025-09-23 20:30:00,17.1464983572104,4.73589343954671,430.739317328889,0.335641473333333,0.263495010790811,9.23866666666667,2
2025-09-23 20:45:00,17.2314109567096,4.71178945603047,430.772569302222,0.339178274444444,0.23778871552423,11.192,2
2025-09-23 21:00:00,17.2619154119496,4.70489463795583,430.712380486667,0.335751910444444,0.234754709168067,11.2746666666667,2
2025-09-23 21:15:00,17.3498070111268,4.86885969301583,430.643713126667,0.335832964222222,0.232503082930883,10.7293333333333,2
2025-09-23 21:30:00,17.3560365292416,4.80404768307152,430.45374124,0.331182236444444,0.224191512061665,10.3873333333333,2
2025-09-23 21:45:00,17.3544694857631,4.80456161673152,430.591578451111,0.333178653555555,0.22397721320536,9.966,2
2025-09-23 22:00:00,17.374089840669,4.85911603131583,430.378278944444,0.334627099555556,0.240979464204947,9.67466666666667,2
2025-09-23 22:15:00,17.3814906315052,4.75946550625916,430.61200992,0.333504125333333,0.24387994168762,9.38066666666667,2
2025-09-23 22:30:00,17.3754814312089,4.81919241570916,431.203640522222,0.337501668666666,0.240068845327082,9.35333333333333,2
2025-09-23 22:45:00,17.4199050172741,4.86884626843916,431.134963493333,0.337629742666666,0.246289857213288,9.13066666666667,2
2025-09-23 23:00:00,17.4990614561378,4.85240927010279,431.088937402222,0.336755500444444,0.258409314453381,8.79733333333333,2
2025-09-23 23:15:00,17.5269095336133,5.00359123043854,431.337885657778,0.334638863333333,0.261360535853083,8.57,2
2025-09-23 23:30:00,17.7141494225451,6.6996519524041,431.941520628889,0.331465749777778,0.602406973002705,8.07933333333333,2
2025-09-23 23:45:00,17.8028238942947,8.48214639003966,432.802554662222,0.333433171111111,0.481979072602503,7.75533333333333,2
2025-09-24 00:00:00,17.8870757415793,8.62852533175717,450.101689955555,0.332199118666667,0.538536067604331,7.57533333333333,2
2025-09-24 00:15:00,17.9145662254652,9.11860439221362,455.086406966666,0.329977969555555,0.505410429278563,7.37066666666667,2
2025-09-24 00:30:00,17.9718764167304,7.54149823657953,459.292077506667,0.330874162888889,0.497964807701659,7.10266666666667,2
2025-09-24 00:45:00,18.48044136508,6.10626546513102,460.233210442222,0.328814330222222,0.327355217382005,6.65133333333333,2
2025-09-24 01:00:00,18.6982552954726,6.03575565366236,460.72152,0.328369273333333,0.265669309266812,6.3,2
2025-09-24 01:15:00,18.7351768549778,6.01154779522023,462.178517853333,0.328638069555555,0.242497081488827,6.23533333333333,2
2025-09-24 01:30:00,18.7404346145244,6.01439975106903,462.664130135556,0.328837208,0.24453837683717,6.08466666666667,2
2025-09-24 01:45:00,18.7535028466919,6.01424034094236,462.753898748889,0.328493920666666,0.25103766420957,5.828,2
2025-09-24 02:00:00,18.7192832213244,6.23553872607947,462.265578911111,0.327086905777778,0.247427773876003,5.532,2
2025-09-24 02:15:00,18.6910318912815,6.05207046754613,462.265578911111,0.326642965333333,0.245589056784557,5.53266666666667,2
2025-09-24 02:30:00,18.6661455081956,5.75050368870903,462.704438848889,0.327953660444444,0.243254509299506,5.466,2
2025-09-24 02:45:00,18.71830288716,4.92000720128569,461.855855395556,0.327805728444444,0.241935870051863,4.90066666666667,2
2025-09-24 03:00:00,18.7535574322563,4.57587941418716,461.795779531111,0.327719135777778,0.241123281064816,4.85866666666667,2
2025-09-24 03:15:00,18.8922485767203,4.86243190630761,462.531827817778,0.331011276666667,0.243915969576877,4.86266666666667,2
2025-09-24 03:30:00,19.1546848721884,4.85792153532094,462.301939244444,0.325794985333333,0.245562995558961,4.64533333333333,2
2025-09-24 03:45:00,19.2335991303617,4.84933509363761,461.648624342222,0.325604319777778,0.255162037278449,4.71533333333333,2
2025-09-24 04:00:00,18.9646672566519,5.03669890123281,460.4178389,0.330161039555555,0.24843637982001,4.63,2
2025-09-24 04:15:00,19.2691206796215,4.83229403411006,461.498529717778,0.331455819333333,0.251596968030263,4.486,2
2025-09-24 04:30:00,19.2219538508314,4.83253021215094,457.680921126667,0.325846051777778,0.241641418513442,4.43066666666667,2
2025-09-24 04:45:00,19.2507571756847,4.83131285935094,456.215201953333,0.325724679777778,0.241748319477706,4.22533333333333,2
2025-09-24 05:00:00,19.3082997489158,4.84544807826094,456.213097686667,0.326260606444444,0.240217023753179,4.32533333333333,2
2025-09-24 05:15:00,19.7273812104458,4.84089377718427,454.886779977778,0.326943824222222,0.229565748465406,4.20666666666667,2
2025-09-24 05:30:00,19.4532041462337,5.02415428853947,453.909898726667,0.331079296888889,0.232722923451431,4.32266666666667,2
2025-09-24 05:45:00,19.8449976269759,4.51646360003383,453.673579504445,0.329489925333333,0.216754119331378,4.19266666666667,2
2025-09-24 06:00:00,18.9501670727952,4.46372901268107,446.339915537778,0.330096711777778,0.20129608065753,4.30466666666667,2
2025-09-24 06:15:00,17.877204228257,4.74385769251818,443.762160086667,0.336653684222222,0.256586545308873,4.41333333333333,2
2025-09-24 06:30:00,17.6097646890464,4.6777187321554,428.726177335556,0.333446184444445,0.247396332829239,4.508,2
2025-09-24 06:45:00,17.8795239232365,4.86531566448728,429.39854716,0.332775295555556,0.251092857947187,4.4,2
2025-09-24 07:00:00,17.8742925645881,4.25428352473689,429.98648364,0.336309254888889,0.218994755543778,4.49066666666667,2
2025-09-24 07:15:00,17.9282043358497,4.4264991123683,431.284633288889,0.337281531333333,0.234583868074531,4.81866666666667,2
2025-09-24 07:30:00,17.5448582125996,4.47388946099978,431.13816392,0.337980858888889,0.218735792814765,4.62,2
2025-09-24 07:45:00,17.7160409676958,4.42256938459904,431.3182876,0.337351174888889,0.21582380140225,4.54733333333333,2
2025-09-24 08:00:00,17.792755121944,4.37694502011944,431.221120115555,0.337646154666667,0.215921422171205,4.64133333333333,2
2025-09-24 08:15:00,17.8583352662942,4.3827696026887,430.8337306,0.336898756444444,0.238787363735393,4.92933333333333,2
2025-09-24 08:30:00,18.0280991933387,4.23564233734561,430.599931415555,0.333972823333333,0.249355366304399,4.72733333333333,2
2025-09-24 08:45:00,17.8019826994098,4.23916456674379,430.205504775555,0.333782692666667,0.255036135788951,4.946,2
2025-09-24 09:00:00,17.8995831079979,4.21860282150228,429.973922515555,0.330505376444444,0.231497422448135,4.86933333333333,2
2025-09-24 09:15:00,17.9383450150201,4.22032692070561,430.178938835555,0.330464548444445,0.227636972477953,4.30533333333333,2
2025-09-24 09:30:00,17.598848706696,4.15462292320202,429.03685108,0.337271347111111,0.208964978018426,4.038,2
2025-09-24 09:45:00,17.5372979776691,4.2063558884411,428.996790497778,0.335767104222222,0.20782367965976,3.77333333333333,2
2025-09-24 10:00:00,17.765337705744,4.2270551226814,433.240294135556,0.334149651777778,0.212548602215379,3.73333333333333,2
2025-09-24 10:15:00,19.7345182349217,4.4188733413488,456.497634971111,0.332484370222222,0.232033863322442,3.64533333333333,2
2025-09-24 10:30:00,18.71312515908,7.62178627969918,465.190613508889,0.33034743,0.115533047402035,3.80933333333333,2
2025-09-24 10:45:00,18.69382203104,5.923843361164,466.076775331111,0.329688188666667,0.246776201529442,3.98066666666667,2
2025-09-24 11:00:00,18.48208000936,5.95189954593293,463.070222713334,0.329019845777778,0.239736386462374,3.81733333333333,2
2025-09-24 11:15:00,17.9432347793807,5.91370167847626,462.693917682222,0.328099637111111,0.238966733702017,3.76733333333333,2
2025-09-24 11:30:00,18.120019569443,5.92562582121626,462.9408777,0.329905464444445,0.23976536991722,3.75933333333333,2
2025-09-24 11:45:00,18.6518316751733,5.95345378323067,463.092043426667,0.330532410666667,0.240157807195522,3.95866666666667,2
2025-09-24 12:00:00,18.6463235265807,5.94252479772733,463.4844922,0.329946895777778,0.245259831118168,4.036,2
2025-09-24 12:15:00,18.6643011762059,5.95561807950067,463.502766664445,0.331525167555556,0.270028548413235,4.04533333333333,2
2025-09-24 12:30:00,18.0036341681585,5.9615675551296,462.88513552,0.330606058888889,0.261703939832875,4.212,2
2025-09-24 12:45:00,18.2462812299304,5.97637676306626,463.043597751111,0.330468870444445,0.234784629171533,4.29333333333333,2
2025-09-24 13:00:00,18.2964391731867,5.95334456279959,463.016243584445,0.33108933,0.235769914390773,4.17666666666667,2
2025-09-24 13:15:00,17.4834593730133,5.73928173830142,463.153288326667,0.331080141777778,0.230454881157356,4.19,2
2025-09-24 13:30:00,17.6860828351111,5.9089540353384,462.638631715556,0.33038038,0.23509775317745,3.85333333333333,2
2025-09-24 13:45:00,18.4359411334948,5.70438931693733,463.613858184445,0.330324575111111,0.238521614580424,3.65266666666667,2
2025-09-24 14:00:00,18.3964611150667,5.74306474665947,463.475920031111,0.330962894,0.237648376306052,3.34,2
2025-09-24 14:15:00,18.379621040917,5.21358646643279,464.740111153334,0.333075374444445,0.241300610042738,3.15733333333333,2
2025-09-24 14:30:00,18.5992911356892,4.8914191180376,463.954207153333,0.327719899777778,0.254192026847345,3.02933333333333,2
2025-09-24 14:45:00,18.8684743061069,4.86696480881094,461.484440455556,0.328095695555556,0.246225879453511,2.87466666666667,2
2025-09-24 15:00:00,18.9256812430995,4.84398546445427,459.319425631111,0.327092419111111,0.239297259206436,2.662,2
2025-09-24 15:15:00,18.9657743914862,4.84453418730427,459.678483586667,0.327504703555556,0.239078068424483,2.688,2
2025-09-24 15:30:00,20.7285293324003,5.74126971492374,467.975392793333,0.334621841111111,0.233833385529972,2.94533333333333,2
2025-09-24 15:45:00,19.819277288665,5.85004463259041,470.079984942222,0.331225327111111,0.238790942643296,2.90866666666667,2
2025-09-24 16:00:00,19.6158359310164,5.47848055297061,471.521655695556,0.333391930888889,0.25209955579912,2.93,2
2025-09-24 16:15:00,19.6145251592386,5.63677347786885,469.461657968889,0.334767714666667,0.253412558233751,2.66,2
2025-09-24 16:30:00,20.7597866146837,5.83453773979213,462.762084546666,0.334029674666667,0.2384611702942,2.79533333333333,2
2025-09-24 16:45:00,19.2771168051586,5.50662397396969,455.226909875556,0.334362935777778,0.246480953892371,2.82933333333333,2
2025-09-24 17:00:00,18.9002273903556,6.99757666416404,471.580247408889,0.332935516,0.254540339309561,2.84866666666667,2
2025-09-24 17:15:00,18.8229069041185,6.30737046527947,474.63864708,0.331535772444445,0.244855723371809,2.69666666666667,2
2025-09-24 17:30:00,18.5389813242761,5.16884882272613,468.443671782222,0.332804384888889,0.244335499973173,2.646,2
2025-09-24 17:45:00,18.3504823705378,6.38432026419613,465.420445308889,0.330691388222223,0.247654391833632,2.59333333333333,2
2025-09-24 18:00:00,18.3385764586178,6.37546418388613,465.964728504445,0.327245998444445,0.250876315512804,2.37733333333333,2
2025-09-24 18:15:00,18.4103668218104,5.92884825177613,466.010487724445,0.326177660888889,0.24414517600178,2.26666666666667,2
2025-09-24 18:30:00,18.4189169356696,6.32870175913613,463.98243432,0.326354201555556,0.273637170926021,2.18866666666667,2
2025-09-24 18:45:00,18.3439099231437,6.41723128601947,463.725171668889,0.327126408666667,0.270372217813213,2.20133333333333,2
2025-09-24 19:00:00,18.4291030260933,6.31354474891613,463.985908435556,0.327233595111111,0.242344371674888,2.648,2
2025-09-24 19:15:00,18.3852123504119,6.03825977039613,464.349503033334,0.326783710666667,0.241188853426818,3.88066666666667,2
2025-09-24 19:30:00,18.4411573382415,6.01018826860399,465.014717222223,0.333786048,0.243712550048846,3.90066666666667,2
2025-09-24 19:45:00,18.0055966662667,5.92587803836293,462.541677964444,0.327568980666667,0.238475314720034,3.752,2
2025-09-24 20:00:00,17.875794192159,6.55324908382879,451.181384331111,0.332568895111111,0.349675961178481,4.47066666666667,2
2025-09-24 20:15:00,17.6772288377821,7.35894797256019,432.065240142222,0.334212220666667,0.416251310507172,5.00066666666667,2
2025-09-24 20:30:00,17.5155663011599,4.75426063977398,431.360684084444,0.331804276666667,0.232473573512583,4.408,2
2025-09-24 20:45:00,17.4830965978993,4.43310232583055,431.145415968889,0.338440840888889,0.222311625607567,4.64266666666667,2
2025-09-24 21:00:00,17.5839909081808,4.27617866764762,431.071309028889,0.338623618,0.216026098580196,4.85533333333333,2
2025-09-24 21:15:00,17.6249592718173,4.31563444840762,431.182923968889,0.338524002444444,0.21491373278532,4.72333333333333,2
2025-09-24 21:30:00,17.7766607021635,4.3348351987007,431.013373444444,0.33752418,0.210838228391002,5.09733333333333,2
2025-09-24 21:45:00,17.8078686134746,4.36117409265737,430.884381204444,0.335190712666667,0.211108828075202,4.37133333333333,2
2025-09-24 22:00:00,17.6830631597625,4.43310662406374,431.062222611111,0.335211813777778,0.214018700000856,4.25266666666667,2
2025-09-24 22:15:00,17.6282622463512,4.38382685912613,430.795399324444,0.333970038444444,0.225112620444503,4.09266666666667,2
2025-09-24 22:30:00,17.5536290389171,4.44691869517613,430.84920748,0.334949301111111,0.222969407055309,3.86666666666667,2
2025-09-24 22:45:00,17.648231614432,4.48137606694127,431.825310508888,0.332467103777777,0.228490949598262,3.55666666666667,2
2025-09-24 23:00:00,17.8993607230683,4.55335044873683,460.094958357778,0.326510089777778,0.254142038385133,3.31333333333333,2
2025-09-24 23:15:00,18.5260773526597,4.85607013688041,461.710389851111,0.316877876,0.272998839967669,3.19933333333333,2
2025-09-24 23:30:00,18.330334766916,4.98544462832041,461.521352442222,0.317293992222222,0.259076297556257,3.246,2
2025-09-24 23:45:00,18.5151364013382,5.56007857815707,461.29390456,0.316980197777778,0.254223892509031,2.95466666666667,2
2025-09-25 00:00:00,18.5045868346701,5.09967842739858,461.154852657778,0.317061996,0.2601036117142,2.76133333333333,2
2025-09-25 00:15:00,18.6552105695323,5.16331604687192,461.337085064444,0.317130055333333,0.254276712846096,2.50666666666667,2
2025-09-25 00:30:00,18.8967527182434,5.06422334971858,461.156165097778,0.317027385333333,0.252598984527608,2.388,2
2025-09-25 00:45:00,18.8872182515457,5.12606456726192,459.559531888889,0.317026222444445,0.253103483802797,2.35933333333333,2
2025-09-25 01:00:00,18.9698966221664,5.12053279927859,455.58117194,0.317023326222222,0.244394985401835,2.086,2
2025-09-25 01:15:00,19.4437671811571,5.13223515869192,454.310582271111,0.317196971555556,0.234781159976513,2.04533333333333,2
2025-09-25 01:30:00,19.4967602733215,5.13979375097858,453.996186142222,0.317488895777778,0.232063326506539,1.94333333333333,2
2025-09-25 01:45:00,19.6314267768756,5.13280696679525,453.326797435556,0.317075005777778,0.223533817529078,1.85,2
2025-09-25 02:00:00,19.7520201935252,5.09916503143859,451.399318102222,0.317243895777778,0.21503342228075,1.70333333333333,2
2025-09-25 02:15:00,19.7717739431845,5.08774342311858,450.588370997778,0.316390013333334,0.212612562765178,1.496,2
2025-09-25 02:30:00,19.650372022503,4.99590989104525,448.468978117778,0.316641070666667,0.208759829582399,1.54666666666667,2
2025-09-25 02:45:00,19.6126223767282,5.08764292471104,448.428352944445,0.316630347555556,0.208596763131974,1.48266666666667,2
2025-09-25 03:00:00,19.4247390152661,5.09524707811104,448.107767804445,0.316549244222223,0.207665015606724,1.50133333333333,2
2025-09-25 03:15:00,19.2630602500409,4.98482597397103,447.98288178,0.315808277777778,0.20358870180269,1.45933333333333,2
2025-09-25 03:30:00,18.2478303669493,4.97932992719103,447.427715244445,0.315623714444445,0.202976723424605,1.40866666666667,2
2025-09-25 03:45:00,18.1610125397226,4.9795024034277,447.186311195556,0.31554561,0.201789411924729,1.42933333333333,2
2025-09-25 04:00:00,18.0004885362174,4.9682561928477,446.572723815556,0.316767644888889,0.201709970642597,1.404,2
2025-09-25 04:15:00,18.0763124934552,4.78320808219672,445.539957035556,0.314466232666667,0.197867086252834,1.31,2
2025-09-25 04:30:00,17.9804924771871,4.78288304254672,444.9782695,0.314995254,0.199454556926569,1.3,2
2025-09-25 04:45:00,18.0070749868507,4.78211795416792,445.173359628889,0.317976437777778,0.199935748669205,1.22533333333333,2
2025-09-25 05:00:00,18.0035751492507,4.46014946149218,445.477693286667,0.321219611111111,0.201740073814209,1.29133333333333,2
2025-09-25 05:15:00,18.0127273459899,4.45708315554884,443.803482784445,0.319726983555556,0.194516093746676,1.162,2
2025-09-25 05:30:00,18.0175601863307,4.45306621392884,442.82497206,0.318839509111111,0.193718598922542,1.15333333333333,2
2025-09-25 05:45:00,17.975108435567,4.44329810465624,441.21236342,0.330119252444445,0.195895743103139,1.26066666666667,2
2025-09-25 06:00:00,16.2905623929987,4.45638499656059,437.427657404445,0.326204212444445,0.194716605405603,1.19866666666667,2
2025-09-25 06:15:00,16.2434606905374,4.74161913601624,429.273291095555,0.333286903555556,0.245799866789772,1.25266666666667,2
2025-09-25 06:30:00,16.1652972888541,4.20880160550335,427.631082546667,0.335371644666667,0.204070780835469,1.22466666666667,2
2025-09-25 06:45:00,16.2032344706108,4.18262093170265,427.644733311111,0.339106621555556,0.180259200098358,1.29466666666667,2
2025-09-25 07:00:00,17.1674195826597,4.15816100504586,428.243163531111,0.338274413555556,0.182023862549707,1.32733333333333,2
2025-09-25 07:15:00,17.8165354912861,4.2378000963521,429.077807137778,0.339240664222222,0.194512774858873,1.494,2
2025-09-25 07:30:00,18.1815212421135,4.38192876535204,431.027717388889,0.333804382888889,0.231266651189667,1.604,2
2025-09-25 07:45:00,17.7138673554635,4.41261847460351,431.13243996,0.337103737555556,0.210923296036129,1.65533333333333,2
2025-09-25 08:00:00,17.6809928914635,4.36693563470429,431.088507906667,0.337770217555556,0.21445732485067,1.63466666666667,2
2025-09-25 08:15:00,17.7302345086279,4.31691171891096,431.124898146666,0.338051629333333,0.214904296271668,1.69733333333333,2
2025-09-25 08:30:00,17.5862935571231,4.31705351040095,431.111961188889,0.338130077777778,0.21479736511748,1.93466666666667,2
2025-09-25 08:45:00,17.5141481141497,4.47274839891762,430.90684962,0.338172550222222,0.227345151043926,2.03533333333333,2
2025-09-25 09:00:00,17.6085556092327,4.32276782753429,431.079353891111,0.338286710444444,0.214506833136005,1.98,2
2025-09-25 09:15:00,17.6076652400812,4.29896936892095,430.958278648889,0.338031464888889,0.215067791406982,2.06933333333333,2
2025-09-25 09:30:00,17.693194269982,4.40138852702243,431.082394217778,0.337871429777778,0.212895260533787,2.13266666666667,2
2025-09-25 09:45:00,18.0260375964379,4.32665134132537,431.118860042222,0.337800028666667,0.229140666265805,2.24333333333333,2
2025-09-25 10:00:00,18.212337917576,4.28930855797782,431.492035251111,0.329565962666667,0.240139266053903,2.626,2
2025-09-25 10:15:00,18.2211317506255,4.14983568731659,460.436491211111,0.331540723777778,0.233163510979403,2.836,2
2025-09-25 10:30:00,18.7718617731099,4.3773964736388,462.739261804444,0.330934480222222,0.260937262760463,3.16133333333333,2
2025-09-25 10:45:00,18.3359142310773,4.2453065612479,453.283794248889,0.331087754,0.239621127343643,3.61666666666667,2
2025-09-25 11:00:00,17.6120829933861,4.15483243488777,429.120242566666,0.336863818666667,0.203490152116344,3.95,2
2025-09-25 11:15:00,17.5420376215237,4.1710711003511,429.055704733333,0.334451629111111,0.207416906569792,4.21066666666667,2
2025-09-25 11:30:00,17.8783437231726,4.22249602032992,430.673682166666,0.333284481111111,0.230376126060441,4.19266666666667,2
2025-09-25 11:45:00,17.4719356435641,4.30725100610055,430.887350191111,0.3364204,0.221316100849027,4.606,2
2025-09-25 12:00:00,17.399351294963,4.34787045927722,431.130568286666,0.336189986444444,0.222534581346924,3.89533333333333,2
2025-09-25 12:15:00,17.5039751125952,4.37293869644055,430.972743204444,0.331152875111111,0.223632676427953,4.17266666666667,2
2025-09-25 12:30:00,17.2238710842263,4.26602797140467,429.466819844444,0.339002134666667,0.228915920401148,3.80066666666667,2
2025-09-25 12:45:00,17.0571434469867,4.70522232600113,430.508442326666,0.340527489111111,0.217646930951809,3.64666666666667,2
2025-09-25 13:00:00,17.0742542258622,4.65321516030047,430.537019926666,0.338584851333333,0.218717845245962,3.36466666666667,2
2025-09-25 13:15:00,17.0557863835037,4.69017284152169,430.540259326666,0.339919566444444,0.226256270754084,3.154,2
2025-09-25 13:30:00,16.8638746886,5.17971221535983,429.418083624444,0.343661209777778,0.26743707164184,2.82866666666667,2
2025-09-25 13:45:00,16.8641900920168,4.3486403811136,429.280459017778,0.341327884666667,0.220270861298165,2.766,2
2025-09-25 14:00:00,17.5616655133214,4.52520051879508,430.749495495555,0.336269705111111,0.215465028708562,2.54466666666667,2
2025-09-25 14:15:00,17.6185787085283,4.50790585380521,430.680754304444,0.336439244888889,0.225810630002694,2.46533333333333,2
2025-09-25 14:30:00,17.02343004077,4.50604826121911,429.215034006666,0.339611491111111,0.213022447579066,2.242,2
2025-09-25 14:45:00,17.5254123604547,4.48816104766047,430.15829478,0.339828591777778,0.233079751361409,2.30733333333333,2
2025-09-25 15:00:00,17.4625078860554,4.3839501378923,429.0211244,0.336856983111111,0.211571506143478,2.10733333333333,2
2025-09-25 15:15:00,17.3022934421432,4.30767531210222,426.430073597778,0.339464057333334,0.198559055133528,1.93533333333333,2
2025-09-25 15:30:00,17.6476602093361,4.44671166681278,421.976352275555,0.347661591555556,0.19207793833427,1.924,2
2025-09-25 15:45:00,15.688665673363,4.38017809376729,420.410166931111,0.340226315888889,0.165449752345649,1.81133333333333,2
2025-09-25 16:00:00,19.4057155381904,4.21145293087873,453.355551446667,0.342654876444445,0.218768061562032,1.72866666666667,2
2025-09-25 16:15:00,18.7941198087185,4.30995019880995,456.238855602222,0.340455186,0.217504959427496,1.598,2
2025-09-25 16:30:00,16.4862804653502,4.55307920582329,447.488303171111,0.339134107333333,0.212872960003978,1.608,2
2025-09-25 16:45:00,19.4308542150235,5.41266501450891,456.386870428888,0.346298060222222,0.234403379237608,1.596,2
2025-09-25 17:00:00,18.7454287459341,6.4585983901625,468.612659871111,0.335621525555556,0.244882656623275,1.68466666666667,2
2025-09-25 17:15:00,21.1751496268066,5.44341424091709,453.288559286666,0.335284172888889,0.258723080157205,1.564,2
2025-09-25 17:30:00,22.6312441995847,5.63497639089643,454.276079315555,0.343614131777778,0.256875321887999,1.678,2
2025-09-25 17:45:00,21.3572982341703,5.45063984786751,448.327620582223,0.337217620888889,0.249132748954661,1.69533333333333,2
2025-09-25 18:00:00,19.6103113250866,5.34629221040182,444.695186111111,0.33393243688889,0.224161365613784,1.61333333333333,2
2025-09-25 18:15:00,15.7775883682222,5.41368180075805,452.610521924445,0.332940800888889,0.214027810253723,1.97,2
2025-09-25 18:30:00,15.8656016477674,5.46561866035177,453.78883036,0.336746152222223,0.224213926326599,2.46,2
2025-09-25 18:45:00,18.7691933029487,6.10730733554117,465.351925562222,0.340437572666667,0.26287583018379,3.00533333333333,2
2025-09-25 19:00:00,18.5467396158288,4.61809160211574,462.311896802222,0.338396200444445,0.267879572189063,3.244,2
2025-09-25 19:15:00,18.1072678431705,4.5838239980332,426.240057137777,0.337361661555555,0.229247753275622,2.882,2
2025-09-25 19:30:00,17.9602740003484,4.58614242358211,426.188795297777,0.339368591777778,0.235493727092061,2.62666666666667,2
2025-09-25 19:45:00,18.3103052597816,4.80040952555335,430.219417473333,0.330102666222222,0.257989268718839,2.82,2
2025-09-25 20:00:00,18.010147145223,4.74219975853764,429.371668271111,0.336453520222222,0.226645742788368,2.51733333333333,2
2025-09-25 20:15:00,17.0455988539724,4.44088036843983,428.129557666667,0.338786943555556,0.207794170853832,2.28,2
2025-09-25 20:30:00,17.7046033886606,4.53373158827104,427.425260671111,0.331193671111111,0.250341906176403,2.432,2
2025-09-25 20:45:00,18.5043363058894,4.71864706793876,429.55991338,0.326858185555556,0.251678129565151,2.666,2
2025-09-25 21:00:00,18.277109721249,4.51015374549212,428.41150736,0.334812573333334,0.220210582768416,2.362,2
2025-09-25 21:15:00,18.1404546251791,4.45258848411486,428.483135931111,0.339355524,0.205111440895941,2.01333333333333,2
2025-09-25 21:30:00,16.9084647196705,4.29917049803204,426.590337664444,0.338124993333333,0.190487351366099,1.86,2
2025-09-25 21:45:00,15.470540418411,4.1251896714039,426.30639036,0.336893661555556,0.19484498341489,1.78466666666667,2
2025-09-25 22:00:00,15.6069306464928,4.11117488461884,425.247818877778,0.332594476888889,0.194134985772245,1.822,2
2025-09-25 22:15:00,15.7094860404386,4.1207024155758,425.990653662222,0.336057602888889,0.193741492261715,1.78333333333333,2
2025-09-25 22:30:00,15.7624899298784,4.15595382576501,425.935375106667,0.336415758222222,0.192289313837575,1.686,2
2025-09-25 22:45:00,15.8073330744925,4.18752480650193,426.347572471111,0.331433752444445,0.191223536694886,1.68466666666667,2
2025-09-25 23:00:00,15.7932306066258,4.18419037868164,427.221203333333,0.334058487111111,0.190144833439094,1.60733333333333,2
2025-09-25 23:15:00,15.812076221448,4.12752191356527,427.317941853333,0.334231966666667,0.191005144468546,1.57733333333333,2
2025-09-25 23:30:00,15.7774594637833,4.20620143604707,427.191070986667,0.336075881111111,0.191442356886333,1.61733333333333,1
2025-09-25 23:45:00,15.7940866033829,4.15068811154362,427.203561433333,0.336057033111111,0.190054597089023,1.63,1
2025-09-26 00:00:00,15.7903504677473,4.18274423740333,427.154404215555,0.335432834222222,0.189843508873905,1.532,1
2025-09-26 00:15:00,16.0582229837305,4.17581718059932,428.885298282222,0.336159903777777,0.170622053656698,1.51466666666667,1
2025-09-26 00:30:00,16.0591523847086,4.16874508134932,429.337087844445,0.336231837111111,0.167894784820814,1.544,1
2025-09-26 00:45:00,16.0267347840982,4.16753798069598,429.54007794,0.339018868,0.169158776234094,1.59133333333333,1
2025-09-26 01:00:00,15.7147598763821,4.21511624488189,427.971757128889,0.337935994444444,0.187503871043309,1.46,1
2025-09-26 01:15:00,15.7581141872358,4.29745980538302,440.190538388889,0.338315820888889,0.193231643884605,1.436,1
2025-09-26 01:30:00,15.7399679717355,4.13819343503939,441.24326948889,0.34000313,0.192333408116146,1.52466666666667,1
2025-09-26 01:45:00,15.7634726913088,4.18085186453939,441.190178235556,0.336589062222222,0.19439820890022,1.55266666666667,1
2025-09-26 02:00:00,15.8375981237081,4.20864679642508,442.916598704445,0.335754655333333,0.197155005065623,1.432,1
2025-09-26 02:15:00,15.7867914055582,4.28898018062687,438.134379851112,0.333511152888889,0.211908146309687,1.52066666666667,1
2025-09-26 02:30:00,15.8434119216818,4.36915954566437,437.842186211112,0.326824379777778,0.206666082316214,1.52266666666667,1
2025-09-26 02:45:00,15.7270028016699,4.45421911026317,435.136868173334,0.324695899333333,0.207041330989383,1.46933333333333,1
2025-09-26 03:00:00,15.7213454320136,4.42854791691682,434.219795931112,0.325470954888889,0.20689311299467,1.45733333333333,1
2025-09-26 03:15:00,15.7253092982136,4.43301261925015,433.35431454,0.327177245111111,0.206735956628895,1.38666666666667,1
2025-09-26 03:30:00,15.749752139387,4.55028797571319,432.860894491111,0.326808794,0.206699612484911,1.51133333333333,1
2025-09-26 03:45:00,15.955668419029,4.53485301717348,432.370121902222,0.327615596,0.207016009659131,1.37133333333333,1
2025-09-26 04:00:00,15.6703623951173,4.52842174204986,432.701541986667,0.327135322222222,0.207271903361502,1.46866666666667,1
2025-09-26 04:15:00,15.7932467817535,4.55973862428426,432.664151162222,0.326418626888889,0.205885406814519,1.366,1
2025-09-26 04:30:00,15.7191893877218,4.51819882586426,432.681632373334,0.327047202444445,0.204687430361576,1.40066666666667,1
2025-09-26 04:45:00,15.7811959041144,4.56532086437426,432.746982217778,0.327277678444444,0.20543218049574,1.422,1
2025-09-26 05:00:00,15.7031881418469,4.56504156507093,432.7806491,0.325414962888889,0.20746066380714,1.48533333333333,1
2025-09-26 05:15:00,15.9622702482356,4.60571754745068,432.11920252,0.324479033777778,0.207410723689645,1.388,1
2025-09-26 05:30:00,16.1375969949408,4.75650692717402,432.238305011111,0.324413438444444,0.207204306845446,1.446,1
2025-09-26 05:45:00,15.5766817447224,4.37218220749884,432.433043553334,0.327837283111111,0.205037983918606,1.54,1
2025-09-26 06:00:00,14.8780263291298,4.51552173015448,427.977521857778,0.330712084,0.204580777705599,1.59133333333333,1
2025-09-26 06:15:00,14.8548158464133,4.3524547040158,425.770311353333,0.335168067305556,0.190375698607029,1.89533333333333,1
2025-09-26 06:30:00,15.2183876166348,4.25103974502705,426.249243691111,0.339299379333333,0.18948397482575,1.866,1
2025-09-26 06:45:00,15.2368028141268,4.23074435120304,426.684659813333,0.338892224444444,0.169805684995855,2.01466666666667,1
2025-09-26 07:00:00,15.2075465932557,4.18034003424692,426.368468586666,0.339755106888889,0.192917921473376,2.102,1
2025-09-26 07:15:00,15.5413043254186,4.20367071921038,426.088240008889,0.342413402666667,0.196434661443216,2.064,1
2025-09-26 07:30:00,15.6089543859438,4.15392624630509,426.112525064444,0.341997580222223,0.189879886993624,2.22466666666667,1
2025-09-26 07:45:00,15.4742486649114,4.14223488696625,426.062169262222,0.339423642666667,0.19217130810307,2.22,1
2025-09-26 08:00:00,15.4588094189139,4.16304608737867,426.085956291111,0.339139065777778,0.19193475862124,2.33733333333333,1
2025-09-26 08:15:00,15.514449960461,4.15858599441174,426.420767284444,0.339099706666667,0.194629630891625,2.11933333333333,1
2025-09-26 08:30:00,15.5523997648319,4.15561691571909,426.201537564444,0.34060289,0.19326822528084,2.34933333333333,1
2025-09-26 08:45:00,15.5139419089801,4.15685475488909,426.575263555555,0.340484924444445,0.192359753151866,2.55666666666667,1
2025-09-26 09:00:00,15.5365291829771,4.22517501521986,426.532005135555,0.337324072222222,0.193740168427753,2.62333333333333,1
2025-09-26 09:15:00,15.2931842035067,4.27640843161077,425.869913451111,0.339897379555556,0.195680924627665,2.88866666666667,1
2025-09-26 09:30:00,15.22150065258,4.16798979327093,425.182161355556,0.341509540444445,0.193292594413682,2.71466666666667,1
2025-09-26 09:45:00,15.2714907007637,4.07845365217998,425.362874515556,0.340008969333334,0.191606721867402,2.66933333333333,1
2025-09-26 10:00:00,15.2688802897904,4.18273963932565,425.339413406667,0.340135974888889,0.192952188657004,2.814,1
2025-09-26 10:15:00,15.4054722182749,4.12949036048266,425.993392297778,0.338476327333334,0.191326871563211,2.814,1
2025-09-26 10:30:00,15.6754072227594,4.025346007676,426.71397816,0.340197527555556,0.191231339569517,2.956,1
2025-09-26 10:45:00,15.7304173102583,4.095824658786,426.4389272,0.334748398666667,0.187675790346703,2.85933333333333,1
2025-09-26 11:00:00,15.8644849075131,4.05670522729933,426.281462457777,0.337819222444444,0.184223276673659,2.664,1
2025-09-26 11:15:00,15.8712115362249,4.05915527626291,426.492148357777,0.338568099333333,0.184144005147747,2.47466666666667,1
2025-09-26 11:30:00,15.8242702654494,4.07813385139158,426.645568457777,0.337277172,0.184886707751097,2.474,1
2025-09-26 11:45:00,15.7566177025473,4.08863938022158,426.764985448889,0.335481695111111,0.184715532559545,2.85533333333333,1
2025-09-26 12:00:00,17.0244477234246,4.06584091715467,427.90646422,0.340191255777778,0.185291307505088,3.32933333333333,1
2025-09-26 12:15:00,17.6324984169995,4.26808022287755,428.480119364444,0.338158728888889,0.191499393251541,3.78,1
2025-09-26 12:30:00,17.1707643624581,4.22107841408755,427.848773253333,0.340168292444445,0.186312880948094,3.93733333333333,2
2025-09-26 12:45:00,16.7452650249566,4.20787638333092,427.516339893333,0.337054079777778,0.183642515725024,4.17933333333333,2
2025-09-26 13:00:00,15.9588702399416,4.17155014322254,427.500095208889,0.335773845555556,0.186813681389055,4.23533333333333,2
2025-09-26 13:15:00,15.8213226548897,4.22183275114,426.596084277778,0.335610585333334,0.186220686908128,4.20866666666667,2
2025-09-26 13:30:00,15.7368773160304,4.22872556764371,427.690515306666,0.339363069333334,0.183451993999052,4.19133333333333,2
2025-09-26 13:45:00,15.8271154624127,4.13142385590983,444.624436015556,0.338426838888889,0.19042004776407,4.31333333333333,2
2025-09-26 14:00:00,15.7448297409553,4.20673835633256,429.924763046666,0.337903914888889,0.180973033774666,4.02533333333333,2
2025-09-26 14:15:00,15.902015918239,4.43644419074491,439.1550019,0.338774646444445,0.185114820262026,4.236,2
2025-09-26 14:30:00,18.2757892616654,4.26931205487482,445.05665842,0.335691154,0.195668815304325,4.17066666666667,2
2025-09-26 14:45:00,18.8784810648417,4.29298780846149,448.037610528889,0.332447152666667,0.199212164800001,3.882,2
2025-09-26 15:00:00,19.4837692459912,4.31729451804792,447.347727215556,0.332449895111111,0.198302199752151,4.01666666666667,2
2025-09-26 15:15:00,19.8854961616489,4.3018814752888,448.645531513333,0.331726789777778,0.20361042448394,4.58733333333333,2
2025-09-26 15:30:00,19.9276942231126,4.11939476829547,454.604502582222,0.329133248444445,0.21370571870865,4.22266666666667,2
2025-09-26 15:45:00,20.8137580324786,4.18833701335401,463.190789766667,0.333341446222222,0.211515449583405,4.24533333333333,2
2025-09-26 16:00:00,20.1997131458774,4.09218002282453,458.790709326667,0.339074867111111,0.232085801847224,4.17133333333333,2
2025-09-26 16:15:00,19.6461432856695,4.07965971922663,463.716567728889,0.335715499111111,0.258085712054423,4.24133333333333,2
2025-09-26 16:30:00,18.9682559437486,4.23260276024674,469.130326682222,0.332877435111111,0.248537472775545,4.35866666666667,2
2025-09-26 16:45:00,17.5383755696039,4.07519169671436,458.320464151111,0.336673385555556,0.224554720989701,4.36533333333333,2
2025-09-26 17:00:00,17.6434637256335,4.04348076613469,467.443476775556,0.337956551333333,0.23499511891237,3.91533333333333,2
2025-09-26 17:15:00,17.6330987495573,4.10337167160909,464.144384048889,0.337991670666666,0.224444049750395,4.07133333333333,2
2025-09-26 17:30:00,18.0712424759497,3.99149442269323,469.249651064444,0.331322840444444,0.246539463421908,4.012,2
2025-09-26 17:45:00,19.1549080881573,4.0722550317316,461.423496531111,0.329670220888889,0.24269583506387,4.09133333333333,2
2025-09-26 18:00:00,19.1961852063292,4.3091926699188,455.444521108889,0.331477966444444,0.246903144656101,3.95533333333333,2
2025-09-26 18:15:00,18.6384837590684,4.28618008737891,458.736504935556,0.333699398888889,0.236734080882841,3.54933333333333,2
2025-09-26 18:30:00,18.4568504472862,4.18288793361884,452.037812653333,0.331864813777778,0.237440853663636,3.266,2
2025-09-26 18:45:00,17.9957774436084,4.23912454879263,431.054114788889,0.339271955777778,0.200190449469237,3.24133333333333,2
2025-09-26 19:00:00,17.5698398919726,4.16343173116596,429.276188673333,0.335886728888889,0.187003280337932,2.924,2
2025-09-26 19:15:00,17.042728729231,4.17072616243429,429.467921804444,0.336310369777778,0.184047868644628,2.93333333333333,2
2025-09-26 19:30:00,16.3122328480057,4.22318087990777,437.498089082222,0.341295951333333,0.184944983006919,2.876,2
2025-09-26 19:45:00,16.4165304537027,4.08979719982821,439.671592931111,0.342759358222222,0.186081482067114,2.90066666666667,2
2025-09-26 20:00:00,16.3282992831326,4.14135266445488,439.262762715556,0.343430380444444,0.188790555700597,2.958,2
2025-09-26 20:15:00,16.0298118795772,4.16998125206494,433.104387955556,0.332301150222222,0.193262571641817,3.05333333333333,2
2025-09-26 20:30:00,16.5583295040786,4.47611802529811,432.269449737777,0.32829343,0.194297718403892,2.91866666666667,2
2025-09-26 20:45:00,16.1240339762708,4.29506191491425,433.156494913333,0.329873693777778,0.19420174581202,3.00333333333333,2
2025-09-26 21:00:00,15.8477938802074,4.51562674296448,438.764122568889,0.335158049444445,0.191705680452996,2.99466666666667,2
2025-09-26 21:15:00,15.3507914586362,4.45329612702205,435.846729566667,0.331584815222222,0.189812574420359,2.858,2
2025-09-26 21:30:00,15.6884027487183,4.27216723482849,425.367247928888,0.328508604222223,0.191819426399936,2.84333333333333,2
2025-09-26 21:45:00,15.9508005971862,4.19298556194152,425.519045575555,0.329838367555556,0.191092466271719,2.83466666666667,2
2025-09-26 22:00:00,15.9799389387778,4.43138050279153,427.721429626666,0.327550907555556,0.191601171797042,2.88733333333333,2
2025-09-26 22:15:00,15.9517284836623,4.42792490670232,427.884418544444,0.320015053333334,0.191921014967877,2.98266666666667,2
2025-09-26 22:30:00,15.972072807403,4.38793743461604,428.512758231111,0.319129941111112,0.189963415828648,2.794,2
2025-09-26 22:45:00,16.0182435419482,4.42669828278584,430.637235684445,0.317723145555556,0.189157337991171,2.77466666666667,2
2025-09-26 23:00:00,16.0286701371897,4.45643332786867,436.575151508889,0.317222086888889,0.189022098490089,2.63733333333333,1
2025-09-26 23:15:00,16.0286701371897,4.44842137377749,437.331294204445,0.318122092222223,0.189270108782273,2.68666666666667,1
2025-09-26 23:30:00,15.7626813836306,4.5516029881024,436.807931973334,0.312640611333334,0.191429096216294,2.85066666666667,1
2025-09-26 23:45:00,15.8537770295565,4.55063360709467,436.067679804445,0.309989388444445,0.192813130122635,2.83,1
2025-09-27 00:00:00,16.0895123496489,4.70884794273133,435.073826326667,0.309552073777778,0.192995039020376,3.13333333333333,1
2025-09-27 00:15:00,16.1795170025171,4.774080344558,433.389882366666,0.309437836444445,0.193341977898558,3.222,1
2025-09-27 00:30:00,16.3337454538223,4.802536450188,432.635558593333,0.313044100222222,0.193990007413632,3.256,2
2025-09-27 00:45:00,16.4472354773897,4.81851155303467,432.864170875555,0.312992690666667,0.194848581932819,3.658,2
2025-09-27 01:00:00,16.5118780900682,4.72080049000413,432.879389028889,0.313283431777778,0.195347860928575,3.84733333333333,2
2025-09-27 01:15:00,16.5908805367615,4.78703948415413,432.856293408889,0.313239761555556,0.194434425393133,4.27933333333333,2
2025-09-27 01:30:00,16.693863591606,4.77842241149413,433.154050146666,0.311874025333333,0.194882794893077,4.35266666666667,2
2025-09-27 01:45:00,16.6929514819332,4.75701097824991,433.325264753333,0.313425041333333,0.195287186772362,4.37466666666667,2
2025-09-27 02:00:00,16.6464988784293,4.62094232777971,433.661411273333,0.315619160666667,0.19463493502444,4.71933333333333,2
2025-09-27 02:15:00,16.6164937990204,4.54236084236637,433.776929762222,0.315441579777778,0.193448875583351,4.46466666666667,2
2025-09-27 02:30:00,16.6208958717019,4.57702230266689,433.936797417778,0.314965025333334,0.194785877650988,4.65333333333333,2
2025-09-27 02:45:00,16.4937345420945,4.46261879517022,434.27740796,0.315025966444445,0.195868392929082,4.67066666666667,2
2025-09-27 03:00:00,16.4475362069537,4.48061466423356,434.434038744444,0.317327540888889,0.194858521371355,4.76533333333333,2
2025-09-27 03:15:00,16.4463247930306,4.60468124438017,434.400766362222,0.315266715777778,0.194384254023329,4.50933333333333,2
2025-09-27 03:30:00,16.2405036839237,4.47148675765998,435.767488111111,0.315132687555556,0.194412754115459,4.43333333333333,2
2025-09-27 03:45:00,16.0929722418081,4.40431906599331,435.786703828889,0.315667740444444,0.193769607666807,4.28733333333333,2
2025-09-27 04:00:00,16.2252204126488,4.39657957271113,437.369863146667,0.319108053777778,0.192712459460395,4.24933333333333,2
2025-09-27 04:15:00,16.0184520559095,4.39536214821779,435.622419615556,0.318325850666667,0.193013141443195,4.18266666666667,2
2025-09-27 04:30:00,16.2674384294487,4.40109750239326,440.7261964,0.319565486888889,0.204795114126785,3.90466666666667,2
2025-09-27 04:45:00,16.266549601348,4.42259410008352,438.020232655556,0.321225139111111,0.196065141976216,3.54466666666667,2
2025-09-27 05:00:00,16.2971392005147,4.49838580341383,437.183916715556,0.320177960666667,0.259515347438066,3.52533333333333,2
2025-09-27 05:15:00,16.2548589022502,4.48620245808129,430.705403195556,0.320595385555556,0.253642052914446,3.334,2
2025-09-27 05:30:00,16.1753510431643,4.47357418273379,428.518292842222,0.323435335777778,0.261380603154826,3.37333333333333,2
2025-09-27 05:45:00,16.1417911472739,4.46194163193112,429.512123657778,0.323946926888889,0.253434235053409,3.13733333333333,2
2025-09-27 06:00:00,16.1221060570887,4.46295015997446,428.904248684444,0.323197109111111,0.254542476917674,3.07133333333333,2
2025-09-27 06:15:00,16.2242370770681,4.47377440924166,426.789402604444,0.331536216,0.244883127276382,2.88666666666667,2
2025-09-27 06:30:00,15.6862179325718,4.33173213685287,427.001497088889,0.331222356222222,0.233890407963734,2.65266666666667,2
2025-09-27 06:45:00,15.4768473390133,4.25628151940806,425.615319748889,0.332164460222223,0.188910988235633,2.536,2
2025-09-27 07:00:00,15.2335289876637,4.32199695595928,427.349091668889,0.335911799305556,0.1870714445386,2.39466666666667,2
2025-09-27 07:15:00,15.1868710017126,4.42541875305129,426.23060522,0.334198246416667,0.187900507443375,2.31533333333333,2
2025-09-27 07:30:00,15.1869809684511,4.54547474921199,426.983110302222,0.334871312416667,0.189256619348509,2.23,1
2025-09-27 07:45:00,15.1574166345585,4.71046981645055,426.919288244444,0.334441193305556,0.187568960517893,2.208,1
2025-09-27 08:00:00,15.2402731435956,4.77430608537647,427.588244586666,0.333813064861111,0.186539370226248,2.09933333333333,1
2025-09-27 08:15:00,15.2857897577067,4.655571947031,427.41326426,0.33399778775,0.185830618864963,2.142,1
2025-09-27 08:30:00,15.3605590357348,4.57433354253099,427.495292337778,0.33183789575,0.187006420628437,1.988,1
2025-09-27 08:45:00,15.3232199616444,4.68788490306766,427.42782512,0.333732753305556,0.187570386919435,2.12266666666667,1
2025-09-27 09:00:00,15.241426092637,4.23326592793191,425.913843324444,0.332985758222223,0.18698390468725,2.08,1
2025-09-27 09:15:00,15.3661514225763,4.20327467087858,426.243229775555,0.329443553527778,0.187315008193136,1.98466666666667,1
2025-09-27 09:30:00,15.3675015431585,4.20117102716858,425.935731202222,0.330480152888889,0.187868371738332,2.01266666666667,1
2025-09-27 09:45:00,15.3633769983985,4.19322511164858,426.304810068889,0.330608142194445,0.187293612977951,2.05333333333333,1
2025-09-27 10:00:00,15.46803325812,4.46395990432886,427.214233186666,0.331390743305556,0.187252518906031,2.006,1
2025-09-27 10:15:00,15.5390682131911,4.19278258454858,425.906538095555,0.334057072222223,0.188329515739868,2.01666666666667,1
2025-09-27 10:30:00,15.8003808873881,4.26549269303515,425.389275337778,0.332480920666667,0.186882330949795,2.07533333333333,1
2025-09-27 10:45:00,15.9381979454402,4.09051452569244,426.848350348888,0.332961869111111,0.184695389643089,2.05266666666667,1
2025-09-27 11:00:00,15.6582806411932,4.07256508707362,426.493631862222,0.339113290888889,0.183998784531564,1.928,1
2025-09-27 11:15:00,16.0306905491766,4.0449699044004,426.667399728889,0.337752150888889,0.184862023015485,1.914,1
2025-09-27 11:30:00,17.0902937897732,4.12735027517016,428.218851362222,0.335791423333334,0.18564550882847,1.728,1
2025-09-27 11:45:00,17.2351370453293,4.26173226629989,428.261977408889,0.332465420888889,0.184351546318298,1.84133333333333,1
2025-09-27 12:00:00,17.3330056381265,4.14687877341803,428.324359771111,0.334571272,0.18365448640957,1.82866666666667,1
2025-09-27 12:15:00,17.563948634068,4.27965614525514,428.569673397778,0.331775890222222,0.187816202086349,1.77533333333333,1
2025-09-27 12:30:00,17.5530439876191,4.28103642115514,428.554189717778,0.331470415777778,0.188540669742151,1.74,1
2025-09-27 12:45:00,17.8449076893646,4.35740864065514,429.404808033333,0.331233392444444,0.196646995080804,1.748,2
2025-09-27 13:00:00,17.7894689176624,4.35791796306728,429.17375598,0.330553337555556,0.194569143902106,1.794,2
2025-09-27 13:15:00,16.5514969774708,4.24788632602893,428.200033968889,0.329095030666667,0.18618034412668,1.97733333333333,2
2025-09-27 13:30:00,16.2661424326165,4.28897510584794,426.590205571111,0.333051007333333,0.182037534344661,2.146,2
2025-09-27 13:45:00,16.1743322743764,4.1734394049523,426.651930435555,0.326460103555555,0.18250946374481,2.264,2
2025-09-27 14:00:00,16.1515360444442,4.05565016325197,420.89450368,0.331515917777778,0.180016294405596,2.59533333333333,2
2025-09-27 14:15:00,16.3571697698697,4.1144623231035,421.097828611111,0.317500044444445,0.180319968283139,2.28133333333333,2
2025-09-27 14:30:00,16.2976672718612,4.12958131327937,421.346900504444,0.317078521777778,0.180904453758607,2.36,2
2025-09-27 14:45:00,17.6727244655407,4.1789145401535,422.013837615555,0.322104522444445,0.182104095548157,2.46933333333333,2
2025-09-27 15:00:00,17.6726074741769,4.1593739042441,421.117233204444,0.321957121777778,0.18391292413074,2.88,2
2025-09-27 15:15:00,16.7531129761654,4.11573741706061,419.830936668889,0.322904345555555,0.18340007787462,2.76933333333333,2
2025-09-27 15:30:00,16.761361501361,4.13174513601689,419.91894516,0.331016365777778,0.185428812219689,2.60066666666667,2
2025-09-27 15:45:00,17.3478604723558,4.19665071021728,420.185954584445,0.330995612222222,0.190751747936891,2.58733333333333,2
2025-09-27 16:00:00,17.3896572794878,4.18794158648604,420.611754035556,0.331777115111111,0.205027149193421,2.696,2
2025-09-27 16:15:00,17.5003781288049,4.2198076538142,420.710454584444,0.331113229555555,0.206403877914502,3.02066666666667,2
2025-09-27 16:30:00,17.4995147466063,4.22620944238085,420.920042593333,0.330927198444444,0.205830161849812,3.11,2
2025-09-27 16:45:00,18.0496286976159,4.20948291546901,421.117644075556,0.339532971777777,0.226588279878631,3.024,2
2025-09-27 17:00:00,17.9011345876293,4.28104735508164,422.888834013333,0.335061956444444,0.222746261914629,3.148,2
2025-09-27 17:15:00,17.8212774692501,4.19126140956234,422.819087753333,0.332936872888889,0.200264625551282,3.142,2
2025-09-27 17:30:00,17.6644473482845,4.14926385614068,422.7051488,0.333190982222222,0.196385089621592,3.34733333333333,2
2025-09-27 17:45:00,17.7863410445099,4.55120673172129,431.177705257778,0.332746013777777,0.214214392312314,3.85466666666667,2
2025-09-27 18:00:00,17.7208925962709,4.4918910796902,430.9798141,0.333668702,0.213615303788354,4.19,2
2025-09-27 18:15:00,18.1778087739031,4.42045222134841,431.094087284444,0.334139574222222,0.243833136513767,3.87933333333333,2
2025-09-27 18:30:00,18.1777078282305,4.4343155414103,430.816312204444,0.333648502444444,0.227780268809148,3.71266666666667,2
2025-09-27 18:45:00,18.2302452938329,4.43919257002696,430.750937873333,0.333649513333333,0.225174289166958,3.86266666666667,2
2025-09-27 19:00:00,17.9730533103991,4.35818166629794,429.407501482222,0.334391867333333,0.202582633255144,4.05933333333333,2
2025-09-27 19:15:00,17.8936775394187,4.35190497457702,429.03693298,0.335714570222222,0.192936390364099,4.10333333333333,2
2025-09-27 19:30:00,17.5688018324154,4.27649134475273,428.089171364444,0.335845756666667,0.184338161390914,3.88133333333333,2
2025-09-27 19:45:00,17.1202334142545,4.26971617443438,427.942775977777,0.331430105333333,0.184319204283561,3.45266666666667,2
2025-09-27 20:00:00,16.3229548883989,4.27448543004772,427.223770857777,0.337755888666667,0.18359965823901,3.24866666666667,2
2025-09-27 20:15:00,16.2955059535498,4.30615359723746,427.280246228888,0.337356364,0.184592296400722,2.95333333333333,2
2025-09-27 20:30:00,16.3209106700079,4.31246461798412,427.363537888888,0.337678383777778,0.185408602795353,2.76733333333333,2
2025-09-27 20:45:00,16.2710238178031,4.33879951632477,427.439824944444,0.340289326,0.187168718785279,2.88466666666667,2
2025-09-27 21:00:00,16.2514172973019,4.28356960457917,427.4576445,0.327969153333334,0.188239957374343,3.06266666666667,2
2025-09-27 21:15:00,16.3019470455247,4.15978165185845,427.797734206666,0.327747371777778,0.187277239412071,3.24866666666667,2
2025-09-27 21:30:00,16.3226536702828,4.12605667631211,427.359783937777,0.337101290888889,0.187046170976333,3.084,2
2025-09-27 21:45:00,17.7671340223494,4.12949232491961,428.260602555555,0.327569254444445,0.190657960970016,3.32466666666667,2
2025-09-27 22:00:00,17.8069243679198,4.18587050442249,428.202771953333,0.328283538888889,0.191598944795672,3.35533333333333,2
2025-09-27 22:15:00,17.7814955757918,4.2202277823919,428.621083833333,0.32829237,0.190565166991939,3.24466666666667,2
2025-09-27 22:30:00,17.7815003055165,4.37254624475731,428.394274346666,0.328283114666667,0.192474634111442,3.472,2
2025-09-27 22:45:00,17.7351743209045,4.32557318291447,428.233692353333,0.327851094444445,0.190943873168368,3.37533333333333,2
2025-09-27 23:00:00,17.6687105135385,4.34034066533114,428.228300431111,0.327791912222222,0.189493003919745,3.50133333333333,2
2025-09-27 23:15:00,17.640052117463,4.33269598727447,428.254431506666,0.328251650888889,0.189444585373585,3.45933333333333,2
2025-09-27 23:30:00,17.5385171533445,4.30196638286153,428.246990973333,0.327046873111111,0.186788129786014,3.474,2
2025-09-27 23:45:00,17.536469852663,4.29844453747819,428.245436486666,0.328706216666667,0.189698537630471,3.73333333333333,2
2025-09-28 00:00:00,17.8867548150011,4.34507955416368,428.806818813333,0.328284375777778,0.193948683546972,3.76066666666667,2
2025-09-28 00:15:00,17.9268089655737,4.36724783184035,429.181537566666,0.326910075111111,0.193496923944339,3.794,2
2025-09-28 00:30:00,17.8356002837515,4.37193512098061,429.36438626,0.324075832666667,0.195506042250358,3.89133333333333,2
2025-09-28 00:45:00,17.857407216747,4.37005612833061,429.570202846666,0.324661074,0.197406764749015,3.906,2
2025-09-28 01:00:00,17.7968194462092,4.34276066607394,429.449422573333,0.324120946444445,0.200321661772436,4.07733333333333,2
2025-09-28 01:15:00,17.8230741430815,4.3557571739282,429.449142173333,0.323449608666667,0.203869845392912,3.94866666666667,2
2025-09-28 01:30:00,17.7918062936741,4.3375176909182,429.449142173333,0.323817561333333,0.203954931438747,3.932,2
2025-09-28 01:45:00,17.777968750483,4.3536937501782,429.488917226666,0.323227946666667,0.205434237377851,3.83266666666667,2
2025-09-28 02:00:00,17.8800741255869,4.35873870705996,429.752832326666,0.323227946666667,0.20736069722937,3.81866666666667,2
2025-09-28 02:15:00,17.8512434679866,4.38839699789389,429.758177348889,0.323690976,0.227296955148233,3.84866666666667,2
2025-09-28 02:30:00,17.8480099205705,4.36864434509206,429.785483517777,0.324502135777778,0.209062794521266,3.73933333333333,2
2025-09-28 02:45:00,17.7459045454666,4.3647253320103,429.521568417777,0.324502135777778,0.207782066344798,3.79066666666667,2
2025-09-28 03:00:00,17.7116183982177,4.3648657792503,429.521568417777,0.325091750444444,0.206271356305208,3.78333333333333,2
2025-09-28 03:15:00,17.740544933908,4.37076488595029,429.665144217777,0.325364789111111,0.206707686045541,3.79066666666667,2
2025-09-28 03:30:00,17.7578359203895,4.36332193501029,429.665144217777,0.325373762444445,0.206707686045541,3.80933333333333,2
2025-09-28 03:45:00,17.7578359203895,4.36332193501029,429.665144217777,0.325327210444445,0.206837155486144,3.82,2
2025-09-28 04:00:00,17.7204730604915,4.37113796597604,429.665144217777,0.325275055777778,0.206434579753679,3.778,2
2025-09-28 04:15:00,17.7334197405937,4.36650535785604,429.7330274,0.323572996666667,0.202229819950752,3.84266666666667,2
2025-09-28 04:30:00,17.7334197405937,4.36650535785604,429.7330274,0.323572996666667,0.202229819950752,3.85066666666667,2
2025-09-28 04:45:00,17.7334197405937,4.36650535785604,429.7330274,0.323468307777778,0.20213556343596,3.76666666666667,2
2025-09-28 05:00:00,17.7109451604782,4.36650535785604,429.7330274,0.323468307777778,0.201916033569737,3.94933333333333,2
2025-09-28 05:15:00,17.7614308565315,4.38084935824925,429.734182633333,0.324335983111111,0.206289160955786,3.806,2
2025-09-28 05:30:00,17.9210564213196,4.5027855930782,429.582392233333,0.323438619333334,0.252867854439787,3.732,2
2025-09-28 05:45:00,17.9201245677552,4.5039927833482,429.571519957778,0.32366906,0.251738767395653,3.77466666666667,2
2025-09-28 06:00:00,17.904858206373,4.5115981196882,429.571519957778,0.32366906,0.251163801908632,3.638,2
2025-09-28 06:15:00,17.904858206373,4.5115981196882,429.571519957778,0.32366906,0.251166842115833,3.544,2
2025-09-28 06:30:00,17.904858206373,5.03191362919017,429.497582944444,0.32366906,0.25883035293117,3.49466666666667,2
2025-09-28 06:45:00,17.9041081678841,4.79295166606391,429.275617695555,0.324018516666667,0.254965211840557,3.67733333333333,2
2025-09-28 07:00:00,17.9208294602885,4.78534632972391,429.501654833333,0.323803156666667,0.256744517739104,3.612,2
2025-09-28 07:15:00,17.9226753142441,4.78459785132391,429.501654833333,0.323803156666667,0.255961461663102,3.65333333333333,2
2025-09-28 07:30:00,17.906482075613,4.79306763003057,429.653445233333,0.324242132666667,0.257617200108172,3.39266666666667,2
2025-09-28 07:45:00,17.9431953399707,4.79350666208057,429.65229,0.324445528222222,0.261605668373287,3.34266666666667,2
2025-09-28 08:00:00,17.9772778858004,4.81326907280057,429.669852844444,0.323069717111111,0.259549624741854,3.34266666666667,2
2025-09-28 08:15:00,18.0384273401826,4.80978718308234,429.912171277778,0.322844788,0.269676611731389,3.5,2
2025-09-28 08:30:00,17.9405640400174,4.80040488707391,429.653445233333,0.324372246,0.256574444281777,3.452,2
2025-09-28 08:45:00,17.9020870655374,4.88822299912912,429.360595017778,0.323493872888889,0.253043911404385,3.554,2
2025-09-28 09:00:00,17.4789135475371,4.33911780293808,428.856126924444,0.323300651555556,0.195618210396328,3.77266666666667,2
2025-09-28 09:15:00,17.4712120579371,4.30910513007604,428.856126924444,0.324125371111111,0.19151435975338,3.786,2
2025-09-28 09:30:00,17.4787031058215,4.29210827176604,428.826817308889,0.328470139555556,0.189834754871649,3.85866666666667,2
2025-09-28 09:45:00,17.4701443560882,4.30521358009604,428.739174708889,0.328706138222222,0.189778434878169,3.88466666666667,2
2025-09-28 10:00:00,17.7049073335419,4.33512927237604,428.915066346666,0.330030048888889,0.198342041654826,4.03466666666667,2
2025-09-28 10:15:00,17.7056611157703,4.3419578235303,429.521141217777,0.329810734444444,0.206673821208868,4.72066666666667,2
2025-09-28 10:30:00,17.9865454681344,4.39408842693055,430.458748551111,0.327338454888889,0.226430150615582,6.03933333333333,2
2025-09-28 10:45:00,17.8385735444775,4.51351265440722,431.294998364444,0.327160924888889,0.22092627650785,6.33133333333333,2
2025-09-28 11:00:00,17.953298618404,4.50103247609722,431.106886364444,0.327252383777778,0.230549152503283,5.98533333333333,2
2025-09-28 11:15:00,17.9603792827122,4.39644799791722,430.283258951111,0.327782104222222,0.22920763702032,5.18333333333333,2
2025-09-28 11:30:00,17.6809026817493,4.32508037630937,428.915773946666,0.330080006222222,0.198206017957259,4.824,2
2025-09-28 11:45:00,17.1573234990088,4.24658496874413,428.363021911111,0.329543002666667,0.186615649552065,4.43266666666667,2
2025-09-28 12:00:00,16.342693484251,4.27749870163991,427.752326037777,0.321580659777778,0.1864421371171,4.288,2
2025-09-28 12:15:00,16.3101900398117,4.27267313834004,427.800694671111,0.322825994222223,0.186338986645825,3.98133333333333,2
2025-09-28 12:30:00,16.3501316908465,4.27954385893862,427.75196638,0.325492202,0.185516532516847,3.652,2
2025-09-28 12:45:00,16.3199915266398,4.94409611563565,427.643752626666,0.319493822888889,0.242302100761476,3.714,2
2025-09-28 13:00:00,16.3214264422371,4.60407887778569,421.42333926,0.318254740666667,0.242531149874195,3.21133333333333,2
2025-09-28 13:15:00,16.5197262315582,4.60714889405707,420.226984495556,0.327339095111111,0.240576526376693,3.416,2
2025-09-28 13:30:00,17.6816671333282,4.64763387400908,421.490682902222,0.32217979,0.242964649673553,3.55133333333333,2
2025-09-28 13:45:00,18.3694602461736,4.29749810635806,454.098438117778,0.318846758444445,0.197421509970031,3.54533333333333,2
2025-09-28 14:00:00,18.1289023128337,4.7736286691312,445.423105095556,0.320308534444445,0.260927709833121,3.578,2
2025-09-28 14:15:00,17.327585963948,4.59882890955923,426.962451744444,0.320595547555556,0.241209398277713,3.63866666666667,2
2025-09-28 14:30:00,17.223240844646,4.64330401861676,421.953902013333,0.314532238888889,0.243286830626936,4.09666666666667,2
2025-09-28 14:45:00,17.3670791647798,4.6277032389424,422.399753231111,0.321622680666667,0.242504093266527,4.06133333333333,2
2025-09-28 15:00:00,16.5306368900984,4.56436657897219,421.79052852,0.318673704888889,0.244048118868816,4.39,2
2025-09-28 15:15:00,15.2060659815504,4.23854873497283,420.025385904444,0.321139344222222,0.237649546428712,4.55733333333333,2
2025-09-28 15:30:00,16.0275841681595,3.90163813403204,416.505669595556,0.32285977,0.243145216900857,4.792,2
2025-09-28 15:45:00,17.35535845152,4.27043755602218,418.891547733334,0.330333988,0.251976688757576,5.11333333333333,2
2025-09-28 16:00:00,18.0943012254942,4.56724565856772,422.723132991111,0.337613712888889,0.271559862106609,5.45933333333333,2
2025-09-28 16:15:00,17.9394663638768,5.00906211256147,422.938352617778,0.329072510666666,0.284089893548946,5.61866666666667,2
2025-09-28 16:30:00,17.8453707249879,4.97002538319674,424.305186684444,0.328941482666667,0.285376688984287,5.87333333333333,2
2025-09-28 16:45:00,17.8240442664031,5.27568835776215,424.325255393333,0.32844328,0.328078686997423,6.18733333333333,2
2025-09-28 17:00:00,17.5258940605445,5.11306147382045,424.412291331111,0.326592073777778,0.270289374152415,6.134,2
2025-09-28 17:15:00,17.4930447688349,4.92760399710784,424.858547502222,0.323851984666667,0.249776053879007,6.12266666666667,2
2025-09-28 17:30:00,17.6362147354275,4.91158388203754,424.930897693333,0.326413163555555,0.248626799927068,5.98266666666667,2
2025-09-28 17:45:00,17.4902146001159,5.03289739689118,424.701251291111,0.323365840222222,0.242538080050287,5.66533333333333,2
2025-09-28 18:00:00,17.5070704145054,4.47375890446906,431.073959506666,0.328327325333333,0.219333277127463,5.18933333333333,2
2025-09-28 18:15:00,17.5139383393631,4.4772449572528,431.111644768889,0.33454107,0.215669686926298,5.08133333333333,2
2025-09-28 18:30:00,17.7480338924788,4.46259573298946,430.9805217,0.326192443333333,0.215918521850511,4.76133333333333,2
2025-09-28 18:45:00,18.2158476026518,4.50908612877388,431.148610577778,0.322765920222222,0.229917691340646,4.756,2
2025-09-28 19:00:00,17.8733594697555,4.36660018427127,429.540635157778,0.324315943777778,0.201899368427138,4.85066666666667,2
2025-09-28 19:15:00,17.6207056103235,4.30898968578702,428.494900268889,0.324844977555556,0.191074086987063,4.45533333333333,2
2025-09-28 19:30:00,16.3269586993784,4.24862874614422,428.861798035555,0.324152651333334,0.183715403609794,4.3,2
2025-09-28 19:45:00,16.3043403574925,4.25810921112101,427.414343266666,0.322077929111111,0.185531975598431,4.07666666666667,2
2025-09-28 20:00:00,16.2811886735473,4.27210394694435,427.359974924444,0.323427527555556,0.18524179295424,4.166,2
2025-09-28 20:15:00,16.2740379564799,4.2615535170946,427.512242046666,0.323987394666667,0.185404294254558,4.17266666666667,2
2025-09-28 20:30:00,16.2417303136325,4.2533851550846,427.464382477777,0.324344544888889,0.185764723539154,4.072,2
2025-09-28 20:45:00,16.2012396437885,4.25792671267127,427.392419022222,0.324060857777778,0.185517098813106,3.68666666666667,2
2025-09-28 21:00:00,16.1924251579572,4.26102241288127,427.493431815555,0.324719842222222,0.185361992429934,3.64266666666667,2
2025-09-28 21:15:00,16.1992599136135,4.28229052698794,427.513445037777,0.324995370888889,0.185774927598413,3.51733333333333,2
2025-09-28 21:30:00,16.1535124132372,4.27735352689794,427.49011446,0.324745780888889,0.186535160433846,3.484,2
2025-09-28 21:45:00,16.2114703925605,4.28466306545676,427.638174044444,0.322581282444445,0.187140601766905,3.27533333333333,2
2025-09-28 22:00:00,16.2291989014938,4.28373356139009,427.643276371111,0.322513853111111,0.187163992653346,3.106,2
2025-09-28 22:15:00,16.2741559210742,4.27646531630981,427.618391131111,0.322424378666667,0.187805207612362,3.10466666666667,2
2025-09-28 22:30:00,16.1323426891768,4.28419597259648,427.740485526666,0.321199180222222,0.187921102926299,2.85266666666667,2
2025-09-28 22:45:00,16.1564956898953,4.29714682041249,426.567637537778,0.322048857111111,0.187791374976585,2.81133333333333,2
2025-09-28 23:00:00,16.250898191562,4.30397119622226,426.006498017778,0.321173858,0.187690843826496,2.81133333333333,2
2025-09-28 23:15:00,16.2942757244658,4.32267964324893,425.985839191111,0.320515066666667,0.189036389776324,2.70066666666667,2
2025-09-28 23:30:00,16.3104764361206,4.35153204546376,425.959611342222,0.321331250666667,0.188569993174147,2.54733333333333,2
2025-09-28 23:45:00,16.336291044863,4.45608676863287,426.833137048889,0.320784890444445,0.188091784949428,2.58866666666667,2
2025-09-29 00:00:00,16.3665393139059,4.45161469248177,426.799355642222,0.319857274888889,0.18843323950491,2.55,2
2025-09-29 00:15:00,16.2700370122837,4.43702033154177,426.846457482222,0.321215225777778,0.191143566429405,2.53933333333333,2
2025-09-29 00:30:00,16.2580097535074,4.42438303729177,426.880577624444,0.321215225777778,0.192354090125117,2.42666666666667,2
2025-09-29 00:45:00,16.2399409398333,4.40995663590844,426.884753357777,0.321215225777778,0.191934240329959,2.316,2
2025-09-29 01:00:00,16.2205653469793,4.40491715326818,426.920719244444,0.320769185777778,0.191919761899053,2.41,2
2025-09-29 01:15:00,16.0670721420223,4.39740327969818,426.9544737,0.317059574666667,0.19242651105419,2.196,2
2025-09-29 01:30:00,16.0841209478134,4.39680248956484,426.9544737,0.318746564444445,0.191486904345574,2.228,2
2025-09-29 01:45:00,15.8903648183156,4.40952246415151,427.439152595555,0.319139135333334,0.191239834241798,2.11533333333333,1
2025-09-29 02:00:00,15.8840867601734,4.41104270336151,427.439152595555,0.319139135333334,0.190875806470164,2.09533333333333,1
2025-09-29 02:15:00,15.8602220950445,4.41317737236151,427.42828032,0.32096065163889,0.190482742656505,1.94933333333333,1
2025-09-29 02:30:00,15.8602220950445,4.41317737236151,427.439152595555,0.320959644972223,0.190498468934453,1.92,1
2025-09-29 02:45:00,15.8602220950445,4.41317737236151,427.736653068889,0.32118244063889,0.190506553052087,1.93666666666667,1
2025-09-29 03:00:00,15.8602220950445,4.41308209192151,427.666420908889,0.321185654638889,0.190577552886727,1.91866666666667,1
2025-09-29 03:15:00,15.8602220950445,4.41000967412151,427.816686428889,0.322002654638889,0.190343218099995,1.802,1
2025-09-29 03:30:00,15.8602220950445,4.41154496893151,427.816686428889,0.322625308416667,0.190343218099995,1.90333333333333,1
2025-09-29 03:45:00,15.8616378311689,4.49942129785484,428.328974204444,0.322742430194445,0.189958906820143,1.804,1
2025-09-29 04:00:00,15.8669796750578,4.58535045376818,428.472706017778,0.322595963527778,0.189944356087179,1.79333333333333,1
2025-09-29 04:15:00,15.8719046883912,4.64554071010179,428.523273306667,0.322360440861112,0.189826934087096,1.674,1
2025-09-29 04:30:00,15.8963638094697,4.85279918756534,428.918654708889,0.320802238861112,0.189787936439576,1.61133333333333,1
2025-09-29 04:45:00,15.8827695414163,4.89387337858321,429.206859242222,0.322212554861112,0.188916883758994,1.58466666666667,1
2025-09-29 05:00:00,15.8881915706786,4.87769755232654,429.151368242222,0.320978518861112,0.188809199368006,1.53133333333333,1
2025-09-29 05:15:00,15.8856447231586,4.63948669203179,429.06094178,0.322983542416667,0.189227795305795,1.55066666666667,1
2025-09-29 05:30:00,15.8695304215467,4.58535045376818,428.510884906667,0.322595963527778,0.190164791182368,1.46933333333333,1
2025-09-29 05:45:00,15.867796689023,4.49536741624484,428.317303402222,0.322994011527778,0.189922543575633,1.454,1
2025-09-29 06:00:00,15.8914093063341,4.87414472740227,429.403230222222,0.323004788638889,0.189397504576115,1.32733333333333,1
2025-09-29 06:15:00,15.8929879783163,5.08041412571866,429.449774817778,0.322623441750001,0.189963573901533,1.33733333333333,1
2025-09-29 06:30:00,15.8868291204623,4.96499486707532,429.235697175556,0.322889689305556,0.189699112851087,1.33733333333333,1
2025-09-29 06:45:00,15.8592328513941,4.50539982284484,428.216965271111,0.322617400194445,0.189922112373454,1.22,1
2025-09-29 07:00:00,16.0756889316697,4.38923531695271,426.891609366666,0.321302438888889,0.190410846434351,1.414,1
2025-09-29 07:15:00,16.222236465566,4.42248488766818,426.768820851111,0.321028283555556,0.192276101728407,1.48333333333333,1
2025-09-29 07:30:00,16.2447145855348,4.41377733802151,426.896402471111,0.324223861777778,0.192043323204521,1.63666666666667,1
2025-09-29 07:45:00,16.144349332585,4.29562471747289,427.39430352,0.324579645555556,0.187578099299231,1.78466666666667,1
2025-09-29 08:00:00,16.1838690327624,4.26887857141768,427.344040053333,0.328021859555556,0.18592151158078,2.148,1
2025-09-29 08:15:00,16.2344155219491,4.26887857141768,427.239805626666,0.327932126222222,0.185895272599909,2.29066666666667,1
2025-09-29 08:30:00,16.1822444452913,4.28023309270101,427.296390666666,0.328338025777778,0.185862467473558,2.33933333333333,1
2025-09-29 08:45:00,16.2801708374584,4.25463527480768,427.359267324444,0.32716058,0.186031445621772,3.53266666666667,1
2025-09-29 09:00:00,16.2907021816339,4.24876466620768,427.366677462222,0.326065941333334,0.186503180386359,3.91666666666667,1
2025-09-29 09:15:00,16.2344155219491,4.26887857141768,427.239805626666,0.327932126222222,0.1857502017645,4.23,1
2025-09-29 09:30:00,16.1735515310824,4.28874154094983,427.500744942222,0.327889939333334,0.187193369255092,3.366,1
2025-09-29 09:45:00,16.1479024218917,4.30689307525243,426.597276557778,0.325090588888889,0.188062439615799,2.64333333333333,2
2025-09-29 10:00:00,16.3033384753554,4.3446091163737,426.008717708889,0.324485703333334,0.188481364529083,2.34466666666667,2
2025-09-29 10:15:00,16.4175167493176,4.24888870617089,427.877904826666,0.326163531555556,0.186730138998453,1.95333333333333,2
2025-09-29 10:30:00,17.046532981274,4.25413242826422,427.971617888889,0.324249958888889,0.187305842908273,2.25133333333333,2
2025-09-29 10:45:00,16.2893234857139,4.26463268763422,427.328001177777,0.326321980444445,0.186412955977664,4.38866666666667,2
2025-09-29 11:00:00,16.1787781594391,4.26267935642434,427.213220822222,0.327442421333334,0.186025923039906,4.29733333333333,2
2025-09-29 11:15:00,16.1973895453209,4.28810502070101,427.350071577777,0.328537918,0.185823263280698,3.92,2
2025-09-29 11:30:00,17.4005414348088,4.25128649990368,428.245717735555,0.329115170222222,0.18726327387945,3.42266666666667,2
2025-09-29 11:45:00,17.7448198304592,4.47074927547254,431.012144717778,0.327563010666667,0.212610764400703,2.94133333333333,2
2025-09-29 12:00:00,17.8516996886341,4.36089498704486,429.511953146666,0.329682497777778,0.204715819664139,2.46333333333333,2
2025-09-29 12:15:00,17.5124472882696,4.26398664821394,428.399103697778,0.329487707111111,0.189789764353307,2.25733333333333,2
2025-09-29 12:30:00,16.2850672703521,4.25593621153781,427.546108548889,0.326349897777778,0.186173327801658,2.30266666666667,2
2025-09-29 12:45:00,16.2981649709694,4.24511364429127,427.569119708889,0.326646844,0.186134434672389,2.21933333333333,2
2025-09-29 13:00:00,16.2785933232247,4.25914542021781,427.402287402222,0.324708695555556,0.185918580460813,2.206,2
2025-09-29 13:15:00,16.284924090007,4.24639883690794,427.431791708889,0.326639510222223,0.185847946140374,2.31933333333333,2
2025-09-29 13:30:00,16.2864562407939,4.25726360310794,427.421272148889,0.327322813333334,0.185250371644428,2.23533333333333,2
2025-09-29 13:45:00,16.3265172527317,4.26466044780781,427.441913937777,0.323875827111111,0.185667594615104,2.278,2
2025-09-29 14:00:00,17.5115454465052,4.12329890203464,427.204387637778,0.320774411111111,0.18542140367027,2.24066666666667,2
2025-09-29 14:15:00,18.2438819944928,4.29941422050895,423.285996008889,0.324384592888889,0.224544317376706,2.49,2
2025-09-29 14:30:00,18.1131610433791,4.26849657240458,423.509464597778,0.323650783777778,0.224539491534872,2.526,2
2025-09-29 14:45:00,17.8375820833051,4.19990666413889,422.689579731111,0.324640455777778,0.202010814496275,2.52933333333333,2
2025-09-29 15:00:00,17.8259927537137,4.20036006169105,422.549171117778,0.325160769777778,0.192736053497202,2.44466666666667,2
2025-09-29 15:15:00,17.937785888445,4.21152099196179,422.513555615555,0.324427000444444,0.19161913506403,2.29733333333333,2
2025-09-29 15:30:00,17.9518838187577,4.24739002803772,421.6622414,0.328994186222222,0.196091718654422,2.31266666666667,2
2025-09-29 15:45:00,17.9819157388657,4.41728713516193,421.955212282222,0.330407003555555,0.210125075711184,2.46666666666667,2
2025-09-29 16:00:00,17.4504746655452,3.70749938209114,415.531351031111,0.330644651111111,0.218349348191457,2.726,2
2025-09-29 16:15:00,17.1871921405828,3.65950578782967,415.147689324445,0.330565791111111,0.220507120066333,2.56733333333333,2
2025-09-29 16:30:00,17.5435402210025,3.68466068430967,415.165585595556,0.329679108666666,0.218458456871951,2.718,2
2025-09-29 16:45:00,17.5053787487646,3.75032560983781,418.10129980162,0.329938476888889,0.214614961530854,2.42866666666667,2
2025-09-29 17:00:00,17.9000641411588,3.77028934662751,417.911527805316,0.329064057333333,0.230630389529274,2.40666666666667,2
2025-09-29 17:15:00,18.2607645769268,3.99409949987506,415.832774748889,0.329347302444444,0.223026362525332,2.12066666666667,2
2025-09-29 17:30:00,18.5077771538701,4.40593362471499,421.076934853333,0.323123640444444,0.232229402956449,2.092,2
2025-09-29 17:45:00,18.5189972114831,4.38309927527281,423.421450715556,0.315594928,0.232559922130214,1.69066666666667,2
2025-09-29 18:00:00,18.2614413834303,4.37920509957399,430.557850824444,0.321302526888889,0.233790680730101,1.484,2
2025-09-29 18:15:00,18.0634531417341,4.43533364506873,430.949186135555,0.325753515777778,0.202734755466993,1.242,2
2025-09-29 18:30:00,18.0944785388233,4.44240540961781,430.662329477778,0.326184232,0.194384597292766,1.00466666666667,2
2025-09-29 18:45:00,17.6092254165258,4.32959675725707,429.074422288889,0.325526169555556,0.186618536989925,0.878,2
2025-09-29 19:00:00,16.316389948419,4.32441102378167,428.081456733333,0.323744853333334,0.187610189333864,0.778,2
2025-09-29 19:15:00,16.2234296083397,4.335378413443,428.220235142222,0.326020567777778,0.185017083949621,0.623333333333333,2
2025-09-29 19:30:00,16.1976892404319,4.37765132204442,427.328653495555,0.323856028888889,0.187749316455833,0.658666666666667,2
2025-09-29 19:45:00,16.4041317093941,4.48796428520812,428.134525813333,0.321254700888889,0.19004336408192,0.672,2
2025-09-29 20:00:00,16.2737800305423,4.43723824709232,427.802455408889,0.322247338444445,0.192720183704273,0.717333333333333,2
2025-09-29 20:15:00,15.8824226357897,4.42391076112232,428.390070244445,0.321637927111112,0.192054473422048,0.633333333333333,2
2025-09-29 20:30:00,15.8936170884919,4.67461302052593,428.58156352,0.32170489775,0.191666360770955,0.584666666666667,1
2025-09-29 20:45:00,15.9207314011481,5.12784515635584,429.556189264444,0.320871418416667,0.192513929960216,0.642666666666667,1
2025-09-29 21:00:00,15.9651966617185,5.05461700352743,429.782109133333,0.320728964638889,0.191417222677442,0.664666666666667,1
2025-09-29 21:15:00,15.9572295027576,4.59395936992518,428.833121902222,0.319168198416667,0.188366593104747,0.757333333333333,1
2025-09-29 21:30:00,15.9547095127541,4.32048030765446,428.675205491111,0.318592504194445,0.187713494137022,0.69,1
2025-09-29 21:45:00,16.2594287723127,4.16537238998503,427.874576326666,0.320175038,0.190714578283134,0.679333333333333,1
2025-09-29 22:00:00,16.3298107552503,4.31733189492112,428.559127331111,0.317284865777778,0.188767056603405,0.629333333333333,1
2025-09-29 22:15:00,16.3211539576169,4.30201901557157,428.900664131111,0.322226702,0.190739035176634,0.677333333333333,1
2025-09-29 22:30:00,16.3800409320355,4.38118559671479,429.176618426666,0.319194830888889,0.192450025354894,0.711333333333333,1
2025-09-29 22:45:00,16.2788319251363,4.43664097666595,428.004583051111,0.321745826222223,0.193400969231627,0.709333333333333,1
2025-09-29 23:00:00,16.2481844393007,4.46179180237076,427.859542313333,0.322998933555556,0.19295582222969,0.71,1
2025-09-29 23:15:00,16.2481239773171,4.42196649169232,427.656138197778,0.322953089555556,0.192549007148952,0.731333333333333,1
2025-09-29 23:30:00,16.2116086459082,4.41586117704232,427.644023508889,0.322095083777778,0.192872798995714,0.624666666666667,1
2025-09-29 23:45:00,16.2810788318993,4.41226057653232,428.38074146,0.322184939777778,0.19150629649251,0.684666666666667,1
2025-09-30 00:00:00,16.2486736464267,4.39948502604604,427.731860675555,0.321308972,0.19064736568795,0.73,1
2025-09-30 00:15:00,16.26505439468,4.41147818659151,428.099459448889,0.321535078,0.191789266286665,0.684666666666667,1
2025-09-30 00:30:00,16.2614891467467,4.41734698493484,427.749720431111,0.321713003555556,0.191323000108862,0.646,1
2025-09-30 00:45:00,16.2544393240496,4.43289628315151,427.813518564444,0.321448589333334,0.191869147779017,0.723333333333333,1
2025-09-30 01:00:00,16.2691865582452,4.42819515105843,427.630429697778,0.321581744666667,0.192723790128913,0.756666666666667,1
2025-09-30 01:15:00,16.3134057904585,4.43687068963177,427.430803937778,0.320867754,0.189079690647683,0.79,1
2025-09-30 01:30:00,16.3703433736837,4.43405364328706,426.90877402,0.319808273777778,0.189329680611536,0.816666666666667,1
2025-09-30 01:45:00,16.3703433736837,4.43800570244039,426.90423522,0.3190262,0.189153705402821,0.796,1
2025-09-30 02:00:00,16.3703433736837,4.43826671994372,426.846531753333,0.318533781111111,0.189163979163373,0.881333333333333,1
2025-09-30 02:15:00,16.3721704510259,4.41555217491372,427.571298751111,0.320400276,0.189365151837448,0.893333333333333,1
2025-09-30 02:30:00,16.3809232257637,4.41677106020823,427.745597837778,0.321093969333334,0.188738744228429,0.940666666666667,1
2025-09-30 02:45:00,16.3730263773015,4.43029035268039,427.008817273333,0.319938258666667,0.189364972069212,0.968666666666667,1
2025-09-30 03:00:00,16.3730263773015,4.4231741889649,427.037701073333,0.319943872666667,0.18949350186508,1.06,1
2025-09-30 03:15:00,16.3107334316267,4.43854069245219,427.121058786666,0.320024435333334,0.189756613346846,1.05066666666667,1
2025-09-30 03:30:00,16.364629921723,4.43864267621886,427.780868604444,0.320661392444445,0.18989278969804,1.07,1
2025-09-30 03:45:00,16.3766736314119,4.44713585378768,427.824622471111,0.321331185777778,0.189326189815293,1.15066666666667,1
2025-09-30 04:00:00,16.3386214051304,4.43518748682098,427.813967433333,0.321563307555556,0.189750000669097,1.11066666666667,1
2025-09-30 04:15:00,16.3629697476104,4.45164610574757,427.886539184444,0.320726284,0.189316947750769,1.20866666666667,1
2025-09-30 04:30:00,16.3509260379215,4.43818596918757,427.787102744444,0.320806210444445,0.189943211506575,1.20666666666667,1
2025-09-30 04:45:00,16.382129109723,4.45961686558219,428.575654715555,0.320253593111111,0.190260064742164,1.138,1
2025-09-30 05:00:00,16.3273766933511,4.45733296690886,428.594848988889,0.320296256666667,0.190480308610423,1.17266666666667,1
2025-09-30 05:15:00,16.2732103022637,4.45154912516553,428.530721042222,0.322437948666667,0.193583934097996,1.12533333333333,1
2025-09-30 05:30:00,16.2961078007986,4.42426640639886,428.63521302,0.322471002,0.190988876540873,1.05,1
2025-09-30 05:45:00,16.2007980193319,4.42071604499219,428.308518115555,0.324240149333334,0.192772292332368,1.168,1
2025-09-30 06:00:00,15.8614966816549,4.47514678867552,428.81814724,0.324111829972223,0.190333264380363,1.07733333333333,1
2025-09-30 06:15:00,15.8893203905749,4.9254346996337,429.342717222222,0.322942666194445,0.190291474287936,1.24533333333333,1
2025-09-30 06:30:00,15.7094181470021,4.92156375049538,429.445820622222,0.322313748194445,0.190339646184873,1.356,1
2025-09-30 06:45:00,15.7092590075087,4.93152926721538,429.402208004444,0.32301344575,0.190069480602262,1.432,1
2025-09-30 07:00:00,15.7050983972865,4.93031040311199,429.4418546,0.323117609305556,0.189785891431988,1.68666666666667,1
2025-09-30 07:15:00,15.6864043544547,4.93166166113532,429.456086824444,0.322866027972223,0.189808191036636,1.64533333333333,1
2025-09-30 07:30:00,15.6864043544547,4.93166166113532,429.513063868889,0.322866027972223,0.190044627252059,1.56133333333333,1
2025-09-30 07:45:00,15.681448628191,4.93803272504866,429.444713335555,0.322633087972223,0.190114187082932,1.49,1
2025-09-30 08:00:00,15.6839993746799,4.92988736362652,429.450199535555,0.322701285305556,0.188853725275812,1.41466666666667,1
2025-09-30 08:15:00,15.681448628191,4.92988736362652,429.447638113333,0.322701285305556,0.188871707752913,1.44133333333333,1
2025-09-30 08:30:00,15.681448628191,4.92988736362652,429.450199535555,0.322701285305556,0.188853725275812,1.43266666666667,1
2025-09-30 08:45:00,15.6705845960014,4.93900589094947,429.430167068889,0.322900814416667,0.19148549593085,1.26333333333333,1
2025-09-30 09:00:00,15.6680338495125,4.92175081117614,429.43882378,0.322559827750001,0.191635680646629,1.21266666666667,1
2025-09-30 09:15:00,15.6680338495125,4.92175081117614,429.441385202222,0.322559827750001,0.191617698169527,1.28266666666667,1
2025-09-30 09:30:00,15.6705845960014,4.92175081117614,429.441385202222,0.322559827750001,0.191578048128641,1.19466666666667,1
2025-09-30 09:45:00,15.6705845960014,4.92175081117614,429.441385202222,0.322559827750001,0.191705015647656,1.27,1
2025-09-30 10:00:00,15.6680338495125,4.92175081117614,429.441385202222,0.330225801972223,0.190710986718425,1.20866666666667,1
2025-09-30 10:15:00,15.6839993746799,4.92988736362652,429.450199535555,0.330188332861112,0.188786735699399,1.174,1
2025-09-30 10:30:00,15.7155807936622,4.94228891554098,429.385463322222,0.329439990194445,0.187531716554594,1.20666666666667,1
2025-09-30 10:45:00,15.7155807936622,4.96016005117645,429.323000077778,0.329432729527778,0.188594278304071,1.188,1
2025-09-30 11:00:00,15.5994879860519,4.89518155128978,429.403150457778,0.331800014416667,0.188099830851318,1.40533333333333,1
2025-09-30 11:15:00,15.8111457613578,4.91668670147978,428.945408133333,0.331370151972223,0.188334824909738,1.32133333333333,1
2025-09-30 11:30:00,15.732616993562,4.22804757379181,423.491636395556,0.324276868666667,0.184023406533259,1.408,1
2025-09-30 11:45:00,16.1815924807788,4.07784164580289,421.428120728889,0.329486484,0.181888742039039,1.40733333333333,1
2025-09-30 12:00:00,16.3754244536679,4.01633798542692,422.12746998,0.340115851777777,0.176502459534344,1.44133333333333,1
2025-09-30 12:15:00,16.4738010389909,4.03703181909952,420.948783571111,0.330954229111111,0.177844134805021,1.43666666666667,1
2025-09-30 12:30:00,16.574836051333,4.1770164070669,427.938214475556,0.339267658444444,0.177124951737369,1.42466666666667,1
2025-09-30 12:45:00,16.2416695979721,4.12646428182711,432.475057611111,0.339389838222222,0.185286018248986,1.49,1
2025-09-30 13:00:00,15.5382639639369,3.86116421406401,416.266522695556,0.339112929555555,0.182305259028627,1.49466666666667,1
2025-09-30 13:15:00,14.9250421302243,3.50381917117889,415.307822251112,0.345919901777777,0.191268709456157,1.45266666666667,1
2025-09-30 13:30:00,17.0277292763992,5.39533655446167,428.623109048889,0.337848579777778,0.204847653822079,1.492,1
2025-09-30 13:45:00,16.631338774531,3.90676794299664,424.134924288889,0.336103659111111,0.196057935130149,1.42,1
2025-09-30 14:00:00,17.0058266989607,5.30780888299242,424.825346075556,0.330365810888889,0.205729419883613,1.67533333333333,1
2025-09-30 14:15:00,17.6637823356234,5.20487650634015,430.968777357778,0.336769780888889,0.20947553758824,1.63333333333333,1
2025-09-30 14:30:00,17.5316645515063,5.17104868809349,426.837336397778,0.335582668888889,0.207090438701249,1.80733333333333,1
2025-09-30 14:45:00,17.373431444105,5.19767117027842,427.274796497778,0.332061916444445,0.20721044640436,1.74466666666667,1
2025-09-30 15:00:00,17.2707986409636,5.30115826478911,426.667107242223,0.329444394222222,0.204691549050495,1.68333333333333,1
2025-09-30 15:15:00,17.6153496837384,5.37591581654728,438.632369591111,0.329747376888889,0.20356011659029,1.66,2
2025-09-30 15:30:00,18.0427459318662,5.68964581079142,442.938024822222,0.335972432,0.201601889225943,1.768,2
2025-09-30 15:45:00,17.8691621109862,5.39391084475142,430.701470011111,0.334605944666667,0.204853829132166,1.606,2
2025-09-30 16:00:00,17.5093828574481,6.07192717832743,429.16079612,0.329481088444445,0.191297463977405,1.50933333333333,2
2025-09-30 16:15:00,18.5889016070118,5.86146142538137,454.518556822222,0.335594823555556,0.193831727295282,1.514,2
2025-09-30 16:30:00,20.3758151575929,4.40214041799591,462.664846255556,0.345872241777778,0.223994261825722,1.50533333333333,2
2025-09-30 16:45:00,18.9997120432119,4.32162938859633,458.384798891111,0.332663155333333,0.202256685354976,1.44133333333333,2
2025-09-30 17:00:00,21.3659625492326,4.51282696957427,464.920383993333,0.330848511333334,0.215236918826635,1.52533333333333,2
2025-09-30 17:15:00,20.4517439777067,4.14375918894094,462.258256002222,0.328828299333333,0.203905760962936,1.40533333333333,2
2025-09-30 17:30:00,18.2613300381454,4.36615802535792,450.703738642222,0.335748772222223,0.199854464397608,1.45266666666667,2
2025-09-30 17:45:00,17.4308939386298,4.22337462323482,443.645828706667,0.339226120222222,0.189739147879914,1.41533333333333,2
2025-09-30 18:00:00,18.2381262201828,4.55329453427436,428.46549912,0.34196843,0.194667093758112,1.50066666666667,2
2025-09-30 18:15:00,18.741462055183,4.3319960541785,442.223184668889,0.336657212666667,0.192601562482198,1.59133333333333,2
2025-09-30 18:30:00,15.2397466752782,4.17610020439112,438.228134208889,0.342942386,0.189045857947491,1.54,2
2025-09-30 18:45:00,15.259123752212,4.40266427948874,427.5260713,0.340965998666667,0.184708114014156,1.562,2
2025-09-30 19:00:00,14.9345132343316,4.21165877218998,431.309269426667,0.335161968888889,0.189174783390942,1.42866666666667,2
2025-09-30 19:15:00,15.5832980746013,4.24320764167305,429.065049393333,0.333426528888889,0.184139099046113,1.36933333333333,2
2025-09-30 19:30:00,15.0895292897291,4.35873539461011,429.695576988889,0.333526434972222,0.193905986552388,1.38866666666667,2
2025-09-30 19:45:00,15.2470947439638,4.14107314326495,434.091382606667,0.334372152111111,0.193121132335612,1.25933333333333,2
2025-09-30 20:00:00,15.32912559891,4.15440230538714,434.315224075555,0.333978866583334,0.186577500866189,1.238,1
2025-09-30 20:15:00,15.3299693246101,4.29471016027794,428.52936136,0.336424865472222,0.188782939520131,1.186,1
2025-09-30 20:30:00,15.3880205422738,4.64630450126696,439.102904708889,0.335838362583333,0.186377197748159,1.36866666666667,1
2025-09-30 20:45:00,15.2945222329204,5.07027110224676,436.651114328889,0.333810499888889,0.189209458060216,1.388,1
2025-09-30 21:00:00,15.4505147888931,4.76284637039245,439.379310744444,0.334354422361111,0.187305110148676,1.372,1
2025-09-30 21:15:00,15.3789427679583,4.26708141871421,439.082135693333,0.334008762805556,0.192464256762655,1.39133333333333,1
2025-09-30 21:30:00,14.811873629588,3.79832016653902,435.931897164444,0.332047911083333,0.190662699181849,1.24,1
2025-09-30 21:45:00,15.2208972694768,3.82625302686569,437.510721028888,0.330166154555556,0.190183596166042,1.22933333333333,1
2025-09-30 22:00:00,16.1540138169705,4.93028860625915,443.541038722222,0.32126807175,0.190588922290431,1.28466666666667,1
2025-09-30 22:15:00,16.1386189579769,4.80755248960337,443.20527508,0.317221360194444,0.187733642891192,1.32266666666667,1
2025-09-30 22:30:00,16.1067722136326,4.69948460208374,440.880311126667,0.319488500638889,0.187777517799791,1.31866666666667,1
2025-09-30 22:45:00,16.1379698212278,4.69896555690693,440.582234037778,0.319696246194445,0.190121639155607,1.37466666666667,1
2025-09-30 23:00:00,16.0476184357244,4.60749689260586,440.028667397778,0.319871506861111,0.190679301136767,1.26333333333333,1
2025-09-30 23:15:00,15.8886997704919,4.46832648383899,429.521915424445,0.322701010638889,0.191787119213258,1.46,1
2025-09-30 23:30:00,15.8827058240563,4.42491228114232,428.744224155556,0.322518709305556,0.191025194409384,1.33133333333333,1
2025-09-30 23:45:00,15.8601383185156,4.41853585815232,428.597142444444,0.322186014194445,0.190737929368623,1.34066666666667,1
