date,CO,NO,NO2,O3,CO2,PM2_5,AQHI
2026-04-01 00:00:00,0.1437548888776,3.55342711104444,9.17983333333443,22.7759713334074,441.332909931854,4.95162983514946,2
2026-04-01 00:15:00,0.1431387481379,3.39021644436607,9.0873446666641,25.346405778077,439.155969739343,3.29093772915462,2
2026-04-01 00:30:00,0.1417281851633,3.85721844438797,9.9946211112657,21.718972666791,442.871493785281,4.21611256027085,2
2026-04-01 00:45:00,0.1489008592331,1.27729911102553,15.6542357779534,20.2038953337548,442.019613208664,3.10594248170141,2
2026-04-01 01:00:00,0.150165762937833,1.03461866661677,17.1294822219861,21.2391557779698,440.803755024,3.01557419317628,2
2026-04-01 01:15:00,0.155924844393833,1.02138133329053,16.5062342221816,25.2786671112729,436.64457295324,2.63369889377431,2
2026-04-01 01:30:00,0.1560929555328,1.0651026666792,16.6207066666043,23.1642073334964,440.702590321867,2.37360287795883,2
2026-04-01 01:45:00,0.153659399957033,1.05159244443763,17.2540442219177,19.2063504450563,445.751375352347,2.34388205343264,2
2026-04-01 02:00:00,0.153898051806533,1.16523244436963,17.7810613332166,19.8571155561227,442.859819966454,2.66681243918519,2
2026-04-01 02:15:00,0.155994044398933,1.10271155556467,16.8307466662803,17.4968584446678,445.823963126154,2.65791340546874,2
2026-04-01 02:30:00,0.156714555514267,1.20186511103173,16.7611982219467,13.7586293333622,446.745987593447,2.38493514510372,2
2026-04-01 02:45:00,0.157721481420967,1.45084377776593,17.0340542218209,13.3154435556105,446.806055353144,2.2800370696068,2
2026-04-01 03:00:00,0.1568913110688,1.50398133325683,17.1431839999815,10.7999897778201,446.766457471627,1.95705226269745,2
2026-04-01 03:15:00,0.1545581999728,1.97165488888087,12.389286888803,7.92014977772154,450.187055210827,2.22961451085048,2
2026-04-01 03:30:00,0.157384355512034,1.69096355551553,16.9026302222969,8.12643799999841,449.889558724221,2.32772319994111,2
2026-04-01 03:45:00,0.1565826962521,2.36675044445954,17.0847668889194,12.5101626669194,446.784159817934,2.2320559399634,2
2026-04-01 04:00:00,0.1566534518151,1.89562533330113,16.5796184438391,17.5110588886954,446.421575822977,2.07468869241599,2
2026-04-01 04:15:00,0.157868392547634,2.50737666666183,16.7510708887614,15.0979704444604,446.700937387137,2.08211931491622,2
2026-04-01 04:30:00,0.157580407364067,2.63408733331726,15.2139657779765,15.0919726667105,446.707376317264,2.11164926453402,2
2026-04-01 04:45:00,0.158757918475067,3.0144088888602,17.6442768886774,15.7522933333278,447.223696626517,2.1898541271946,2
2026-04-01 05:00:00,0.158413148106067,2.8777944444267,15.8637964445217,16.0801340000482,448.352419326584,2.17353656964581,2
2026-04-01 05:15:00,0.159166303660667,2.88192199997723,16.9101566665985,16.0723633333149,449.044695282301,2.10827078759166,2
2026-04-01 05:30:00,0.1591234592173,3.3644675554941,16.9992082221303,16.0070204444066,449.810079395187,2.09905256838857,2
2026-04-01 05:45:00,0.160110362914067,3.32205466662103,18.4414686661282,15.0304048888767,449.981127637264,2.03740765047079,2
2026-04-01 06:00:00,0.1590393703273,3.193834666632,16.9537884443005,16.3407926665419,449.789895638394,2.07057287690524,2
2026-04-01 06:15:00,0.1580244369966,3.45988422216126,15.0916335560017,15.1900811111712,449.823860086447,2.01473749954294,2
2026-04-01 06:30:00,0.156291096261234,3.1004795555098,12.9473835558793,16.0460793333417,449.94833120398,2.05489269799553,2
2026-04-01 06:45:00,0.156278274032967,3.4480708888284,13.6523211117351,15.9292291111107,449.908571285214,2.03956611180874,2
2026-04-01 07:00:00,0.156666962923,3.0967231110526,13.6646242227419,16.0524902222395,449.790075567854,2.00612654908417,2
2026-04-01 07:15:00,0.156132244404734,3.43436377771396,13.5999977783605,16.5522175553413,449.228421344807,2.05427066664072,2
2026-04-01 07:30:00,0.1576274444086,3.47965133326546,15.2241831113774,17.7422177776767,447.805512279267,2.01173967135244,2
2026-04-01 07:45:00,0.155342511075667,3.46968688882806,15.7558662224041,17.9143406665887,447.589475793617,1.98637216163975,2
2026-04-01 08:00:00,0.1558489481127,4.95360644442343,15.7226215557878,17.5351793332568,447.288648208574,1.94671800215512,2
2026-04-01 08:15:00,0.152419429593433,3.2594933332495,14.6960737781209,19.4416737778307,446.859263499184,2.03484546745751,2
2026-04-01 08:30:00,0.155649037005634,3.1062353332887,16.4320151110427,17.880661111006,447.926324389064,2.0110293561676,2
2026-04-01 08:45:00,0.1559017110694,3.49467755546806,16.6636308888158,17.7571679998867,448.699036873794,2.09042800163285,2
2026-04-01 09:00:00,0.151474088852367,3.2204697777139,12.7306997782532,20.7689653333163,444.819224342134,2.14400325398879,2
2026-04-01 09:15:00,0.1519638369983,4.40940022218819,14.0229746671128,19.9425866665947,447.373651724394,2.21770021724477,2
2026-04-01 09:30:00,0.149890199966133,3.16787977772497,11.0686880003002,20.8077519997852,444.83233083919,3.27263890923474,2
2026-04-01 09:45:00,0.151947207365367,3.4872682221328,12.8802875560982,20.4670386666049,444.925509732254,2.28667354708989,2
2026-04-01 10:00:00,0.1525090814419,3.2728208888268,15.250670000606,21.2130722223004,444.281213353207,1.9735739862996,2
2026-04-01 10:15:00,0.149988918476867,3.19460688881607,11.3701582226401,23.1802162219254,442.175385597294,1.97772504165044,2
2026-04-01 10:30:00,0.1523928666282,3.2193053332833,14.9606446671466,20.6015273333794,444.129588089744,2.24549419006897,2
2026-04-01 10:45:00,0.1521746592193,3.86563577768383,14.8475082228395,21.0855448888987,444.203074827907,1.98021153864981,2
2026-04-01 11:00:00,0.152173940706467,4.3648039999482,14.1806953339609,22.100230666515,442.464639044954,1.8729341381138,2
2026-04-01 11:15:00,0.151517659222534,3.29026488882603,14.081318222842,21.340168222212,444.46903563804,2.10276157257407,2
2026-04-01 11:30:00,0.1519649999631,3.29549822215623,14.4214673339442,21.1870953332977,444.478618257417,1.84412589728859,2
2026-04-01 11:45:00,0.1526157999616,3.14403866661716,15.527010667068,20.2909824445844,444.628865351344,1.76082753699779,2
2026-04-01 12:00:00,0.152122577740033,3.1571111110624,14.7388217782808,20.6142628889517,444.510682311657,1.80295354566353,2
2026-04-01 12:15:00,0.152761303666667,3.11855955551243,15.8221780001864,19.969507555718,446.90737762911,2.60368759319331,2
2026-04-01 12:30:00,0.1522831851496,3.18067999995986,15.4815784447863,20.3700137778787,445.247752412534,1.95431056525042,2
2026-04-01 12:45:00,0.151712807368467,2.66201577777557,12.7808206669225,20.2841948888957,446.94311843926,2.16472321416874,2
2026-04-01 13:00:00,0.152902548098,4.50438511107763,13.9434753337563,18.9384977776161,448.81357630017,1.77918796297467,2
2026-04-01 13:15:00,0.171016407437467,3.29970466661387,15.0143411114496,18.0063917775905,449.084906833557,1.7882304045297,2
2026-04-01 13:30:00,0.151638962924667,3.2029544443924,13.7885740003808,19.1056457776547,448.719266855363,1.64944666812984,2
2026-04-01 13:45:00,0.153788555503567,3.63038533327776,14.2471553337747,18.608393555391,447.559516460013,1.59954263427175,2
2026-04-01 14:00:00,0.151062466606833,3.6638413332654,12.6910068893809,19.6159253331233,447.537696860967,1.62038222926659,2
2026-04-01 14:15:00,0.149899688848667,3.64634688881836,10.8628897777322,20.3637773331996,446.932883427187,1.65121463447627,2
2026-04-01 14:30:00,0.1536577184714,3.65302822214173,12.2058711112482,18.4255057775884,447.446092897713,1.69013760789531,2
2026-04-01 14:45:00,0.162978236996133,5.05345977776736,13.5993697783498,16.0344013333802,448.166663637823,1.7231958999541,2
2026-04-01 15:00:00,0.1566196517875,6.2488742222028,13.102180222694,16.5970702220831,448.09569850019,1.76075393294383,2
2026-04-01 15:15:00,0.154168162910934,5.05804333331423,11.9455268887503,16.573105555568,446.0562123797,1.74759692610453,2
2026-04-01 15:30:00,0.153986555507167,5.053500888857,11.8946684442614,17.4075819997561,445.869252802973,1.7644325169117,2
2026-04-01 15:45:00,0.153382888842833,6.1963704444092,11.7747011109436,18.6380324441817,445.929220830353,1.77793103645817,2
2026-04-01 16:00:00,0.154524140678534,5.05054511107767,11.9554617776552,16.4435111109285,445.98732755554,1.78880978116406,2
2026-04-01 16:15:00,0.13671005926,3.67068155550826,11.0288271109767,17.7462042218662,444.86347919657,1.8311425205147,2
2026-04-01 16:30:00,0.1391512333428,3.78842599994603,12.1660526665119,13.8465640000591,445.718163669693,1.87058135434332,2
2026-04-01 16:45:00,0.1347930814757,4.58287244441936,10.4712699998376,17.7930653330835,444.537164692924,1.93456487513551,2
2026-04-01 17:00:00,0.134289585760766,4.9429595555528,11.1585931109149,18.5471431108836,445.007387173733,4.9825227339618,2
2026-04-01 17:15:00,0.170485178692833,6.05078177777767,12.6896155554954,16.4082231109481,446.503403934857,3.35193740656974,2
2026-04-01 17:30:00,0.149494874029367,3.74733888880513,11.2557704443411,19.2742895552806,446.47760484525,2.00174489135231,2
2026-04-01 17:45:00,0.149742799953534,3.58714666657136,11.0754657777923,18.7659273331105,445.720709842429,2.10825392789469,2
2026-04-01 18:00:00,0.163050022227533,3.59305155548436,11.9648039998292,17.9558091108339,446.385590745736,2.9158180107726,2
2026-04-01 18:15:00,0.1551928073519,5.0268711110812,11.6035708887741,15.0262842221306,446.31623883426,2.71784110348828,2
2026-04-01 18:30:00,0.153125896247967,3.07915666661906,10.1701448890753,11.6545011108249,446.6634744138,2.08702829006032,2
2026-04-01 18:45:00,0.1528863999658,3.3086402221795,11.1095537777094,17.4419986663623,446.459858054563,1.74904517149679,2
2026-04-01 19:00:00,0.152622488849734,3.04781399995733,10.9029471112368,13.7822244446577,446.608546926143,1.72553858759971,2
2026-04-01 19:15:00,0.153116725871734,3.0590264443628,9.89921133366314,11.5226393329543,446.83547222943,1.7067708689488,2
2026-04-01 19:30:00,0.1539270592091,2.99323199995576,10.0202586669216,10.2265902219358,447.92689990866,1.61116611389828,2
2026-04-01 19:45:00,0.153207355505867,2.42111999998786,9.40876711142627,9.83685355537806,448.184501120987,1.57720666194713,2
2026-04-01 20:00:00,0.153644170317667,2.28859311112176,9.39338511154321,8.932366444296,456.092247369584,1.56621375751602,2
2026-04-01 20:15:00,0.153131437008734,2.61932533331993,10.4494260000831,12.6373946667466,449.013799058787,1.6332042908647,2
2026-04-01 20:30:00,0.152426088857734,2.12184333334437,9.56869400011737,11.2960144441094,447.954309713767,1.58872157449973,2
2026-04-01 20:45:00,0.154127607365934,2.47581177775667,10.3113126668785,10.2575073333734,455.057047687617,1.99443259035824,2
2026-04-01 21:00:00,0.1528981703242,2.0475071111404,9.43942155577171,11.0643551111448,453.893889151054,2.29233022685492,2
2026-04-01 21:15:00,0.153331977733967,2.00532044444673,10.0520953336088,9.83074933330563,456.162695792614,2.37016517382173,2
2026-04-01 21:30:00,0.154688933281734,2.7141466666428,10.259358666973,7.46959088888339,457.318785559687,2.55113215272099,2
2026-04-01 21:45:00,0.153756096259534,2.2252242222383,9.91517400004124,10.3825780000206,453.157593859884,2.85625467342009,1
2026-04-01 22:00:00,0.152617392576267,2.68100333330926,11.561562888597,17.0175411111492,448.09707850567,1.70403856968881,1
2026-04-01 22:15:00,0.152642748129067,2.68612444439033,11.5984486667271,13.3608786669212,448.979937584,1.89689444017198,2
2026-04-01 22:30:00,0.152361859241534,2.2376344444285,11.0683493332656,15.9875822221961,448.43095019236,1.50526750591013,2
2026-04-01 22:45:00,0.1521488592402,2.16760733332633,11.3585251110896,15.8298213333313,449.06586123961,1.55742726594791,2
2026-04-01 23:00:00,0.1531647258879,2.67424266663673,12.3301262223296,14.2176008891064,450.856717994213,1.72916433024298,2
2026-04-01 23:15:00,0.152742674040634,2.18332422223923,11.396946444151,16.3158186668497,449.415854606487,2.4496341881577,2
2026-04-01 23:30:00,0.1530040962491,2.37042377778843,13.0781966669155,17.9263317776786,450.068765247674,1.68805020951933,2
2026-04-01 23:45:00,0.152265355525934,2.8972439999571,12.7236617781428,19.338857777648,449.558767782164,1.56032341019861,2
2026-04-02 00:00:00,0.1530529407091,2.7946375555014,11.6205179997972,16.9030984445882,448.465270855523,2.11105275866352,2
2026-04-02 00:15:00,0.1530100444129,2.82364933330163,12.486404000168,18.925477555398,450.027417871803,2.25500007376642,2
2026-04-02 00:30:00,0.1526351184932,2.6013162221895,11.3017115554038,16.2286584445743,448.353244800687,1.81056139035689,2
2026-04-02 00:45:00,0.1519247259106,2.434483777751,11.1015204442841,15.9118619999252,448.498006446277,1.65222941067159,2
2026-04-02 01:00:00,0.1523850888547,2.00852111114904,11.3486951107256,18.2808802220476,449.43238541869,1.66666673413047,2
2026-04-02 01:15:00,0.1524508073858,2.28681777776863,11.5555968886246,17.7367546666245,448.773853414727,2.04224763879476,2
2026-04-02 01:30:00,0.1519631777592,2.50974355553583,11.4627342221388,14.8695326667964,452.51716689812,2.40566256058541,2
2026-04-02 01:45:00,0.153551866639567,3.7162853332596,11.2955124446632,11.401258889185,454.37145537025,1.85591074456682,2
2026-04-02 02:00:00,0.154071303661667,3.02009799993213,10.4415986669017,11.9150824446582,453.514323643027,4.25976678341634,2
2026-04-02 02:15:00,0.172502733294333,2.375444444426,11.4893033335723,11.2352560002529,456.347085273987,5.57434366281254,2
2026-04-02 02:30:00,0.1559790592222,4.09272511108657,10.4984120003679,8.5344164443639,456.90116125194,2.78008348277928,2
2026-04-02 02:45:00,0.152995266640834,2.23330044443397,10.2490008891237,12.4490153338471,454.60790225921,2.95573979297712,2
2026-04-02 03:00:00,0.154431851814034,1.92986000000797,10.4392271112515,11.7269144448038,456.03692149605,2.32204679165436,2
2026-04-02 03:15:00,0.155488829589967,4.26292133331486,10.4523593336915,10.5833062224177,456.552277238097,2.54465546608187,2
2026-04-02 03:30:00,0.1679316258911,2.20741955552387,10.1744244449584,7.12560622212146,458.609260530067,2.61149607922906,2
2026-04-02 03:45:00,0.1573783481113,2.16782266665713,10.2383237781799,8.44178466658346,455.528705612404,2.59818592210528,2
2026-04-02 04:00:00,0.158450259217367,3.74451955550057,10.5292244448536,9.961232889041,456.065757468317,2.20091903325136,2
2026-04-02 04:15:00,0.156343503662833,4.13879577775467,10.4812462225836,9.61502288891533,457.899780342694,2.04670861074096,2
2026-04-02 04:30:00,0.157850703665533,2.17994088885024,10.3802228893447,7.80694977767123,456.431948111777,2.05273245870172,2
2026-04-02 04:45:00,0.157283918474767,4.95765422218356,10.2108431116202,7.67308333327146,456.19853142903,2.04387493656954,2
2026-04-02 05:00:00,0.155478185146333,2.53890577770597,10.1285968893301,10.0180551112536,456.19986025839,2.20839829202394,1
2026-04-02 05:15:00,0.155667037011967,2.28072977774893,10.789788889142,11.2739828892054,456.94244812815,2.41558817228823,1
2026-04-02 05:30:00,0.153791214791367,2.6153851110473,10.5194240002168,12.7067933339045,454.157493303447,2.28110429594748,1
2026-04-02 05:45:00,0.154691911077967,2.32858977776504,10.3632544448258,12.1715277781766,454.291168693147,1.85398561289265,1
2026-04-02 06:00:00,0.152896044425267,2.37682511109527,11.1867302223389,14.352795556157,453.785045910437,1.52971598741002,2
2026-04-02 06:15:00,0.1530766740542,2.34849622220963,10.5042402224136,14.8551088895432,453.548257517083,1.52342946718498,2
2026-04-02 06:30:00,0.175943962935934,2.23634977776883,10.1647108893801,8.39651922207047,469.75658183513,1.78498567981928,2
2026-04-02 06:45:00,0.687679442858043,10.8225095551795,13.8772628886903,5.65010377764693,471.415896792966,8.2361795039254,2
2026-04-02 07:00:00,0.1610735629252,2.46163333327073,10.2784748894278,9.40829155553403,457.60755181784,2.51229906600294,2
2026-04-02 07:15:00,0.1745292481176,4.82459955551573,10.155078444957,5.52464800003516,471.96912988059,1.85857881649258,2
2026-04-02 07:30:00,0.167252562927967,4.9033195555201,10.3646057782776,7.56607433326689,459.001439582194,3.60509815596227,2
2026-04-02 07:45:00,0.1738465592249,2.1647351110744,10.1444477783516,6.43353822218026,463.279494235954,1.70006061724178,2
2026-04-02 08:00:00,0.1609409073667,1.99189777778927,9.98136644484297,7.91543688881353,457.173672549274,1.69319828999823,2
2026-04-02 08:15:00,0.157586940706633,2.59529022218207,11.1225886668952,8.06383266661445,458.439687152964,1.84214759669869,2
2026-04-02 08:30:00,0.157280318477234,2.92257888880787,10.8705460002124,8.31218577778332,457.811027766917,1.98077160001095,1
2026-04-02 08:45:00,0.155199911058267,2.55482311111713,12.0327877777755,7.39989666668463,457.90356169903,1.93855776114145,1
2026-04-02 09:00:00,0.150501066630933,4.895614222169,12.0208720001709,9.599880889118,456.281219316993,2.1319528723804,1
2026-04-02 09:15:00,0.178809544434633,5.07296155549683,13.2524517778623,6.57008155549466,456.307884467476,2.1876452019604,1
2026-04-02 09:30:00,0.142963518499367,5.19182577773069,10.517833777903,11.258825778125,451.591984954327,1.75728290906133,1
2026-04-02 09:45:00,0.142465911086667,5.17104799995936,10.2066413334079,10.9204775558345,449.53515925508,1.91443439876473,1
2026-04-02 10:00:00,0.141555007378467,4.95572066663713,9.39366200023895,12.799340222829,447.94503783644,2.0636692767531,1
2026-04-02 10:15:00,0.142787881460367,3.73756755547643,9.96731200012881,9.2044977777265,452.643006341113,2.12218531960209,1
2026-04-02 10:30:00,0.1424051184899,4.7848586666376,9.35643444466471,9.39581977777663,448.47186300847,2.1142572266842,1
2026-04-02 10:45:00,0.139107348136233,5.20330399995809,8.82702866687757,14.2876575562724,445.554732635973,2.0780111175501,1
2026-04-02 11:00:00,0.1358072370246,3.7590059999808,8.5433313333992,11.9557486665444,444.65057198097,2.00426418622561,1
2026-04-02 11:15:00,0.1370343999967,5.11849022219349,8.52279111110827,13.93007533365,444.312016821483,1.99176250002045,2
2026-04-02 11:30:00,0.1328585926477,5.3371551111151,7.87051355555867,15.3735546671557,443.07670851558,2.11139153507716,2
2026-04-02 11:45:00,0.132144711157633,5.78573066670069,7.18116644455547,15.8397384450196,442.813332863693,2.27575865535746,2
2026-04-02 12:00:00,0.1321936889156,5.68071088889906,7.13390066684154,15.2861733339664,443.04772329811,2.38866206886467,2
2026-04-02 12:15:00,0.1289478592573,5.66140688892909,6.85416244446233,18.9400615556832,442.520982018747,2.39296658613634,2
2026-04-02 12:30:00,0.125810177763033,5.56440733338519,6.7263033333213,21.2475753332292,442.42297569047,2.41745074775034,2
2026-04-02 12:45:00,0.1253901481399,5.23217933336067,5.08981688887077,23.3638488890293,442.399803641923,2.50171526898654,2
2026-04-02 13:00:00,0.125750629612667,4.78829599993581,4.67573799997523,23.5483395557923,439.672149671477,2.53128890218184,2
2026-04-02 13:15:00,0.1257521703644,4.72342733320257,4.30367711109613,26.526543777602,437.770048463757,2.5323887171306,2
2026-04-02 13:30:00,0.126556170342733,5.36058799984963,4.5727635555253,28.5259640000007,437.72864613651,2.52055875406837,2
2026-04-02 13:45:00,0.131253945257266,4.78696444415683,4.1872008546854,30.5657308891393,436.218910229341,2.56346330595581,2
2026-04-02 14:00:00,0.130225832421266,3.12319577769123,3.73708599998457,32.5039983421124,435.536740266464,2.6309456193712,2
2026-04-02 14:15:00,0.1297324199196,2.63733799995497,3.4980138973879,31.3483258461833,435.48175225759,2.60305387863894,2
2026-04-02 14:30:00,0.129846125852067,5.99660022217632,3.21721285471737,33.8466161028053,433.094621188314,2.64114958614473,2
2026-04-02 14:45:00,0.1291206004905,1.60525999997597,3.37244969228553,32.0196606840463,434.260130947704,2.67029276088614,2
2026-04-02 15:00:00,0.131146349765967,1.42809533329827,2.0797629743534,34.6262845642193,431.920971841244,2.67126216940883,2
2026-04-02 15:15:00,0.132349853572633,5.54014400007493,3.29430666671393,35.3780014186113,431.609393224354,2.77353396537883,2
2026-04-02 15:30:00,0.131038090539,1.42606377773887,2.1325227179487,34.616730171021,431.005746683734,2.64759014835471,2
2026-04-02 15:45:00,0.130436018247467,1.41092232480893,2.2737484957608,35.2215338800027,430.444531042574,2.6650528521991,2
2026-04-02 16:00:00,0.1347892511694,1.94145039312833,3.9889649743799,34.5249521707203,430.911428265517,2.6510757353398,2
2026-04-02 16:15:00,0.134676699328167,1.88856999997147,3.55014446154717,36.4864397219397,430.940754886623,2.70015238883729,2
2026-04-02 16:30:00,0.1365193333589,2.48445844439753,3.78782022226247,35.1766615554774,432.16579204098,3.13283052561642,2
2026-04-02 16:45:00,0.137553103707533,2.27548244436277,3.97191777782666,32.9662044441887,432.672215202906,2.74918736165553,2
2026-04-02 17:00:00,0.132379924096167,1.39240399996403,3.690716888921,32.5762164441597,432.939875902063,2.5956207735931,2
2026-04-02 17:15:00,0.1414777111595,1.71643399997383,4.82021914279896,31.8452735553433,432.664260398813,2.56530354006702,2
2026-04-02 17:30:00,0.148464377823433,1.5128633333368,7.21422326973443,30.958264666635,433.791361610386,2.61726832550111,2
2026-04-02 17:45:00,0.137443914849633,0.8773262221925,7.06057219030187,29.9712762219324,433.529937917293,2.68170728781479,2
2026-04-02 18:00:00,0.1275099259251,0.679251999987033,6.2823401025333,30.3486198461203,434.336033269633,2.67560097917419,2
2026-04-02 18:15:00,0.125644025086033,0.655977641039599,6.43241599996756,28.396942666536,434.002108264583,2.6006004702569,2
2026-04-02 18:30:00,0.134994208852433,0.681683111123367,8.34805933314657,24.766138221936,435.578704061757,2.8319727868024,2
2026-04-02 18:45:00,0.126165057548267,0.776375777755234,7.38016288879414,27.8474557774937,435.8845275422,3.04725859419096,2
2026-04-02 19:00:00,0.1243274296713,0.906371111092901,8.14197511101411,25.559120221982,436.945598581743,2.59764021922881,2
2026-04-02 19:15:00,0.127701229638867,0.6890311111294,9.571157999877,24.5002246663667,437.776327036283,2.37144541507286,2
2026-04-02 19:30:00,0.127519311120767,0.680646000012433,11.8809695558994,25.912640000021,438.609878098483,2.49282053655654,2
2026-04-02 19:45:00,0.133671859250333,1.00178866660073,14.5335106663976,23.0662737776727,441.66803567553,3.43899088719907,2
2026-04-02 20:00:00,0.1293219851846,0.693506888856667,13.793625333371,24.1108948885984,439.32731100164,3.82076785249605,2
2026-04-02 20:15:00,0.1301472074407,0.825791555549933,14.5030948888017,21.6956948890181,440.94361578109,3.00074749620744,2
2026-04-02 20:30:00,0.1305544222649,0.619864000002167,15.0807515551181,20.7553600005154,445.84419986933,2.51024852492271,2
2026-04-02 20:45:00,0.133444474117067,0.668224444424801,15.5048191107047,19.4986142222698,447.73863019153,2.31711514548562,2
2026-04-02 21:00:00,0.1373638889195,0.800614888884433,15.3994751107911,19.6765051111027,447.23205261,2.37285242482076,2
2026-04-02 21:15:00,0.1356799481852,0.783573111121234,14.2031497776566,20.6772142222704,447.27082046037,2.91112206652322,2
2026-04-02 21:30:00,0.1381580518927,0.9243188888264,14.0833931110552,19.8011802221251,447.578068231117,2.80667474219179,2
2026-04-02 21:45:00,0.137459770397933,0.802890888885667,14.4332128887222,19.9520062221514,447.9215683725,2.46712592130201,2
2026-04-02 22:00:00,0.1364626963315,1.07974822217913,14.6412446666858,20.2131215553657,448.62685850703,2.6727542039155,2
2026-04-02 22:15:00,0.1379107778055,0.9552379999264,13.7790106666787,19.5348055554366,447.647394826494,3.25655444330772,2
2026-04-02 22:30:00,0.130957577842333,2.29252466665773,10.1862213328207,22.2659159999484,447.002919866003,2.71995802711013,2
2026-04-02 22:45:00,0.132432896350133,2.42558599997633,11.0049273329825,21.1758933332189,446.914763021796,2.53149169693759,2
2026-04-02 23:00:00,0.126980177839167,2.46822822219417,8.53366111091013,23.2490895555717,442.822640754403,2.5959557434083,2
2026-04-02 23:15:00,0.127110844514767,1.43036311105886,8.23686999986433,23.5803917778111,442.40875523591,2.62575537846435,2
2026-04-02 23:30:00,0.1279887852495,3.36853999994317,8.55212066657713,23.5830142222384,441.957594827543,2.5753897749056,2
2026-04-02 23:45:00,0.131556037091567,2.93806399996213,10.1832846664456,21.9903695556835,450.304049196146,2.50296367670147,2
2026-04-03 00:00:00,0.129006451920667,3.5452904443913,8.82288866662569,23.7435786667104,444.365946050823,2.55566538685762,2
2026-04-03 00:15:00,0.128188281547967,2.71626888885157,8.48605044438673,24.1407197776857,442.785382942353,2.57563436779552,2
2026-04-03 00:30:00,0.1289065333973,3.07662177772613,9.0249548888919,23.5991508888723,443.13848327969,2.54825506815159,2
2026-04-03 00:45:00,0.132794651902667,2.57340311109533,11.8982171112327,21.2919251111608,448.790610055116,2.43982225017843,2
2026-04-03 01:00:00,0.1291910074709,2.63027044442427,10.2287546668665,23.9562568888748,442.818228670723,2.48029014534771,2
2026-04-03 01:15:00,0.128205488940367,2.59925533331697,8.90462022228089,24.4833488887298,440.94750244822,2.51377770357463,2
2026-04-03 01:30:00,0.1323261185643,3.57461066661583,14.5380897779157,22.804439333409,444.602112781076,2.45523750301697,2
2026-04-03 01:45:00,0.1380867259746,2.9149737777262,11.3253842221385,20.5925044445755,452.398960700876,2.3478830089184,2
2026-04-03 02:00:00,0.147650977729367,2.53320466663783,11.2576611108839,21.2626748888526,453.307044349299,2.40048196276923,2
2026-04-03 02:15:00,0.1475614591757,2.9977993332607,10.6436208892489,23.0511946667918,449.198504843057,2.29782233295912,2
2026-04-03 02:30:00,0.146202540667034,2.9664637777122,10.7760293336113,24.0051622220547,444.258051626737,2.17149234797706,2
2026-04-03 02:45:00,0.1513718147235,1.796828888872,11.5971482219471,20.3665455556493,451.483392648146,2.1682085656474,2
2026-04-03 03:00:00,0.153069392533534,2.41606555554883,11.7585864442032,19.1918777778064,453.38505711144,2.11622996407626,2
2026-04-03 03:15:00,0.154671407373034,2.0500584444787,11.520654888656,16.7612299999082,454.374872685706,2.06487331929927,2
2026-04-03 03:30:00,0.152603777719433,2.2262128889115,11.0563939994939,21.2751502219401,451.240088146653,2.04291413344713,2
2026-04-03 03:45:00,0.1502330369519,2.5730648888464,10.5748897776498,22.1815135557688,453.164089031856,2.0245613219673,2
2026-04-03 04:00:00,0.1536148147493,2.27751400001233,11.3535762219566,19.9880615553816,453.02833229048,1.98956186454699,2
2026-04-03 04:15:00,0.1525729703034,2.4868215555329,12.0389860000386,20.7560866666595,455.05220112427,2.02407835504978,2
2026-04-03 04:30:00,0.1529856962401,2.84891222218273,13.3543106670171,20.5718460000231,454.903797651037,1.91343159908808,2
2026-04-03 04:45:00,0.152280125872433,2.27263533336493,12.2867886670723,21.113151111302,449.404453890143,1.80730455641114,2
2026-04-03 05:00:00,0.152324170334267,2.52247711112053,14.2154820001966,19.7472117780138,455.457632145323,1.71180989523178,2
2026-04-03 05:15:00,0.1520073555233,2.3599122222477,14.0900815557384,19.9184140003065,455.176689788893,1.75298596569251,2
2026-04-03 05:30:00,0.153464059227667,2.4876162222299,14.8391568889663,18.9318884446545,454.54330271322,1.77210231289999,2
2026-04-03 05:45:00,0.155071088853733,2.34906866669537,15.3907648887117,18.1840446668243,454.43682132328,1.83207281118646,2
2026-04-03 06:00:00,0.150696666620734,0.800721333282166,11.5539859997284,20.3449584448259,453.433021150834,1.80140121464582,2
2026-04-03 06:15:00,0.154313274040833,2.10000244449193,13.7957497778629,18.5844100001745,452.773534593083,1.81051988879184,2
2026-04-03 06:30:00,0.152616207385767,1.6836968888834,11.5101908881754,18.9862675555031,452.21212148773,1.84796508549943,2
2026-04-03 06:45:00,0.153124992556334,2.26734288889947,12.4771657777873,18.4003382222074,454.258470413756,1.75250475531128,2
2026-04-03 07:00:00,0.1533540221784,2.243830888902,13.4068135559266,17.1077251113453,454.68254315896,1.79994011530065,2
2026-04-03 07:15:00,0.1551732888649,2.42425977778047,14.0982040001464,18.1390602223561,454.27801649113,1.704455037639,2
2026-04-03 07:30:00,0.152587585145967,2.31559333333747,13.8846397780067,19.0392713335196,454.496186100764,1.72338992186061,2
2026-04-03 07:45:00,0.1534399481125,2.3829113333233,13.8416760002446,17.8720655556336,454.296531556383,1.67955789647684,2
2026-04-03 08:00:00,0.153546474030367,2.57323155555333,12.1840137777228,18.613299555612,454.10931281187,1.81801281943153,2
2026-04-03 08:15:00,0.153586925876033,2.76273577777133,12.1979757777121,18.5147484445469,454.151771820207,1.79909477844478,2
2026-04-03 08:30:00,0.1636837185199,4.23349399994113,13.2043097781635,15.7871864445334,454.419782767857,1.88921642739217,2
2026-04-03 08:45:00,0.154028785137534,3.1590315555117,11.8219075554569,17.1306697779407,453.33500570801,1.92414734483026,2
2026-04-03 09:00:00,0.153431636987267,3.02767911107803,11.5145308887794,16.203750666811,453.317008029606,1.92021207122787,2
2026-04-03 09:15:00,0.152539911070267,3.08672488884357,11.3666559998444,18.8476693332736,452.65428777639,1.9855316116955,2
2026-04-03 09:30:00,0.1459359925667,2.9125386666559,11.3622213329763,19.0373171110933,452.14712160685,1.97181927361674,2
2026-04-03 09:45:00,0.1397613481549,4.18732622214353,11.735192222105,18.3420948890581,451.28377674546,1.96279649318189,2
2026-04-03 10:00:00,0.136226422247933,3.2632195554852,11.3900435552045,20.7854128887783,451.140830223883,2.03403406033273,2
2026-04-03 10:15:00,0.131908770399067,3.3964755554835,10.6982888887279,21.0524324442785,450.851093260457,2.11788496428129,2
2026-04-03 10:30:00,0.130530125948,3.17509199994207,10.2984539997769,21.3118519998812,449.642417377867,2.44103005329616,2
2026-04-03 10:45:00,0.1305007037237,3.36257999993797,10.2488237775784,21.4015348887658,447.700942258877,2.53350484377011,2
2026-04-03 11:00:00,0.1307955555803,3.4873564443606,10.6732686665591,20.9580628888481,449.106812299263,2.60583557007582,2
2026-04-03 11:15:00,0.132872192610767,3.64956422216183,12.2529266668294,20.906765555535,448.302390906623,2.40878070374862,2
2026-04-03 11:30:00,0.132501762983133,3.3107031110879,11.1465417773384,20.6389075554404,447.59719902425,2.49112866385849,2
2026-04-03 11:45:00,0.129886651870467,2.52767866669053,9.35836177759757,22.0153433332654,442.71321329326,2.49434577126262,2
2026-04-03 12:00:00,0.130023881498667,3.3473406666301,9.44411466652926,22.2034613331677,442.691370358314,2.47584537756325,2
2026-04-03 12:15:00,0.131563200013167,3.33450866663643,11.4405957778039,20.7119055555717,448.563960518806,2.46523987022522,2
2026-04-03 12:30:00,0.129932111116767,3.43420333328447,9.44368933320454,21.8862971109413,443.056368616347,2.63056000095915,2
2026-04-03 12:45:00,0.1306861333453,3.66629022216303,11.3136442223348,20.6216760000123,448.333183585003,2.9013309971157,2
2026-04-03 13:00:00,0.132786718514467,4.28509466659147,9.93007377775093,21.3000826665558,443.557224271343,2.79946400883728,2
2026-04-03 13:15:00,0.149557948174367,3.5686428888577,14.1995404445733,19.6075788890374,449.610345484256,2.74221553804485,2
2026-04-03 13:30:00,0.1310448518584,3.4991915555091,11.513381111303,20.341087333489,447.675456599263,2.73843731166048,2
2026-04-03 13:45:00,0.1299201036928,2.48458777780597,11.2295657777509,20.7997413335151,444.618362317187,2.84561343805619,2
2026-04-03 14:00:00,0.1305064444661,3.18100355550953,11.5561939996419,20.7185639999394,446.185273367553,2.88356507565397,2
2026-04-03 14:15:00,0.131341837062167,4.99790977771257,11.7246202218108,20.4710246666249,446.315577318606,2.94768855782811,2
2026-04-03 14:30:00,0.129560985194933,3.46779266660093,9.38788199984776,21.8062733332666,441.95537577693,2.90634301711903,2
2026-04-03 14:45:00,0.143098192607667,3.07345377774383,9.86770244435246,21.8771251108197,442.191584879277,2.86083524357181,2
2026-04-03 15:00:00,0.125266674097367,3.26632399993717,8.52931755549987,23.2395104442344,442.82762573291,2.89917718967658,2
2026-04-03 15:15:00,0.126446874087867,3.1830039999658,8.2530391110225,23.1333526669327,441.408431376633,2.93259374046824,2
2026-04-03 15:30:00,0.126793792606867,4.36535688882334,8.5659604442684,21.9200995557057,442.244014243643,2.93856386969108,2
2026-04-03 15:45:00,0.1235756296451,3.26185022219703,8.09338866663236,22.8389911114757,440.652043578223,2.93433777888305,2
2026-04-03 16:00:00,0.1522055593328,3.71219088885127,10.0270697776971,24.6475671110123,440.734005848407,2.91679581236457,2
2026-04-03 16:15:00,0.130721066687733,3.7521146666201,8.9463059998796,22.6819026669243,441.55256696489,2.83229040000193,2
2026-04-03 16:30:00,0.127955140752767,3.2911371110669,8.67052844439136,23.703411333226,440.852873193653,2.9027227263237,2
2026-04-03 16:45:00,0.125000370391467,3.56063444439127,8.61565644439606,24.7581857775633,441.11944156324,2.90245425518309,2
2026-04-03 17:00:00,0.124843251884866,3.14052977774897,8.58681088879839,23.907736444281,441.410898493393,2.88361700150611,2
2026-04-03 17:15:00,0.1285103629846,3.77061399994757,8.84679577760544,23.1504944446033,441.511789231623,2.77943700173893,2
2026-04-03 17:30:00,0.124228533383866,2.15630533332493,9.0875657774752,22.4743788890333,441.603100849223,2.64650607509729,2
2026-04-03 17:45:00,0.124050740796233,1.23377488885947,7.9638282220964,23.6100835557154,439.81574005309,2.61963476201227,2
2026-04-03 18:00:00,0.119385755804764,3.2554657777509,7.91219333329912,23.7899800002597,441.94398510685,2.70224650715542,2
2026-04-03 18:15:00,0.124608296322667,2.71257044444457,8.33844533325999,24.2539102220584,441.121632643423,2.56778990205604,2
2026-04-03 18:30:00,0.127716622239267,2.7097204444542,9.18863422208266,23.3513635553667,441.012052047363,2.6840904219157,2
2026-04-03 18:45:00,0.1269683037285,2.58614488890507,8.72525488867719,23.4505664442471,440.89358245318,2.64961386140763,2
2026-04-03 19:00:00,0.125939888946,0.703268222175266,8.5670862219921,23.3579015556641,440.154433356427,2.87191181840473,2
2026-04-03 19:15:00,0.1257785630157,3.2308382222136,9.46051844425749,22.8159520001187,444.508435153076,2.48105211447903,2
2026-04-03 19:30:00,0.127097148197267,2.56680955557163,9.78526844419822,22.0527813332274,444.348103423613,2.46283107042778,2
2026-04-03 19:45:00,0.127344185228433,2.46148422223587,8.74099777755972,22.6950731112587,441.620482937787,2.33123405916636,2
2026-04-03 20:00:00,0.127204051904667,2.56206400001533,9.48517133299739,22.1379064444881,444.744695965967,2.23710071719996,2
2026-04-03 20:15:00,0.1266833778078,2.30559733335537,8.74475555532059,22.2370108888941,442.797191964867,2.185489984157,2
2026-04-03 20:30:00,0.1292539630097,2.47473888890763,9.59663022175767,22.0768846667571,444.859059158813,2.08712818937663,2
2026-04-03 20:45:00,0.1289422074498,2.94890555554427,9.99720466627979,22.1480348890687,446.616200387483,2.10013403592872,2
2026-04-03 21:00:00,0.1296162000464,2.88710888887507,9.98884288859966,21.966917555608,446.567967967123,2.16450173034281,2
2026-04-03 21:15:00,0.1281564000446,2.48279866668957,9.6558824440113,21.8832062222521,445.17245751597,2.11065481474633,2
2026-04-03 21:30:00,0.127653459298433,2.8143019999934,9.66603288857516,21.9547464444357,446.580160228803,2.19349876482578,2
2026-04-03 21:45:00,0.133829718548067,2.49796844447437,10.7654635549911,20.8468893330945,446.344589127823,2.21779113102862,2
2026-04-03 22:00:00,0.127720837071967,3.42341755550383,10.3266177775302,21.4175231109867,447.57243449025,2.23326515789454,2
2026-04-03 22:15:00,0.131860259304067,2.1660424444769,10.5246146660721,21.3747682221974,446.971814428769,2.26024238177692,2
2026-04-03 22:30:00,0.133870474103567,2.5721042222514,10.8766377772327,20.7991544442692,446.975331465083,2.15485915331945,2
2026-04-03 22:45:00,0.132285244470467,2.80280133333333,10.7038753328982,20.9200164443611,447.750157142206,2.21308021870503,2
2026-04-03 23:00:00,0.135015266690333,1.71541044443676,10.8408355548834,20.0031506666186,446.569678657453,2.24357790506757,2
2026-04-03 23:15:00,0.1316752666943,3.0020211110901,10.9424988886254,20.8862879998765,448.009029550516,2.23057272795944,2
2026-04-03 23:30:00,0.133217385210133,2.59090422224353,10.7378191107705,20.5122446663975,446.76339344284,2.31296707911356,2
2026-04-03 23:45:00,0.1334623037255,3.31322822214953,11.069752666516,20.5939271109086,448.553454542823,2.2859492168075,2
2026-04-04 00:00:00,0.1336125926269,3.0794646666141,11.6443906662991,20.8998873332033,449.14103663367,2.19441847002275,2
2026-04-04 00:15:00,0.1337010666974,2.83491599996067,11.4591597774781,20.9221368888658,449.935532405736,2.24590782786477,2
2026-04-04 00:30:00,0.1343461926151,2.82632422216253,11.2422317774977,20.6509453331216,451.458956256406,2.1646672467273,2
2026-04-04 00:45:00,0.1415218592588,2.70484977773917,11.3848753331793,19.6126431110002,452.76545713869,2.29296922468685,2
2026-04-04 01:00:00,0.1519506666319,2.19304488891313,11.4885402216286,20.3920242217399,450.95732048126,4.7034725328126,2
2026-04-04 01:15:00,0.153883570337867,2.7919713333127,11.7079559998666,17.2224988889402,453.70784793752,3.4322988041396,2
2026-04-04 01:30:00,0.152800488856967,2.94467911108586,11.8841295552434,20.1197711107006,452.67603942984,3.11906944530448,2
2026-04-04 01:45:00,0.140391244450067,2.50265933334167,11.2193395554967,17.0372466666277,452.304845843813,2.22828031424681,2
2026-04-04 02:00:00,0.144082829624833,2.2181600000182,10.8344688888721,17.595900888854,452.451096172093,2.1581489877869,2
2026-04-04 02:15:00,0.1531057110847,2.5993384444525,10.863515555539,18.9111828886397,453.028960302737,2.64499495885427,2
2026-04-04 02:30:00,0.1546429555271,2.29326000003407,10.4471448889381,15.7672151112786,452.122201941546,3.88501454154685,2
2026-04-04 02:45:00,0.153974348119067,2.6238748888928,11.1923062221926,19.0734471105633,452.77413440301,3.22252867345832,2
2026-04-04 03:00:00,0.1536160740373,2.28670155558943,11.3818764440855,16.6375433333744,451.66697419558,2.2070267170072,2
2026-04-04 03:15:00,0.1540209999681,2.59093000000787,10.8769524445292,16.582699555552,452.87859378141,2.07293595071238,2
2026-04-04 03:30:00,0.1548221629368,2.484076222237,10.6201746666881,15.3799575558925,452.940982864553,1.89856778820926,2
2026-04-04 03:45:00,0.1550777629358,2.3010053333616,10.2279420000363,15.0176313339709,452.5811253693,1.84087187580049,2
2026-04-04 04:00:00,0.155081407369034,2.30904622225203,9.8942542224824,12.6341226671613,453.595787628347,2.04111719006099,2
2026-04-04 04:15:00,0.1604304073689,2.03323022224707,9.8097846669986,9.49369866669082,455.75608114336,2.55213686968598,2
2026-04-04 04:30:00,0.156830274036633,2.47385422223617,10.1618426669876,12.3331288892668,453.656060144937,4.07583588663839,2
2026-04-04 04:45:00,0.1654054073657,2.51083933333526,10.3380413336619,9.56807088887773,454.336552291944,5.31669345620095,2
2026-04-04 05:00:00,0.165634266624333,2.78798822219863,10.4873048893251,8.57308333325423,454.39453863273,5.6517740975256,2
2026-04-04 05:15:00,0.165664966625433,2.54718377777023,10.4530235559423,8.14288488878046,455.145559154253,4.33269447132416,2
2026-04-04 05:30:00,0.161011485145933,2.5102557777789,10.4199257781734,8.08882355544223,455.56327874866,3.41192274238517,2
2026-04-04 05:45:00,0.1619574369888,2.5344951111119,10.2432184448298,9.40674022220529,454.042878276027,2.68919164957462,2
2026-04-04 06:00:00,0.175387999963333,2.74200022217007,10.4720677782526,5.2666713333554,460.930934382593,3.04494977918363,2
2026-04-04 06:15:00,0.1743985592212,2.70419244438607,10.3089440005844,8.51221133321139,461.842289679447,2.34415082004767,2
2026-04-04 06:30:00,0.1733129814358,2.66115155552107,10.2764971116934,8.18512066654146,461.503544830803,2.30213537091483,2
2026-04-04 06:45:00,0.174820577734,2.58014755552513,10.0064511116278,7.44407788878607,473.961709094257,2.10892068503381,1
2026-04-04 07:00:00,0.175043096254433,2.48374555555313,10.0599555559977,7.1981647776767,471.77691823317,2.0714558081681,1
2026-04-04 07:15:00,0.179676792552333,2.43537066667913,9.92263822268724,5.0604446666546,485.02214553891,2.35601288455059,1
2026-04-04 07:30:00,0.176292436994133,2.7264815554661,10.2578733339109,4.29594377780747,479.888878053463,1.89822949145269,1
2026-04-04 07:45:00,0.1756173629204,2.70497044439836,10.1904668894438,4.35852644446104,474.34396899192,1.85754112032373,1
2026-04-04 08:00:00,0.1680498296015,3.18821955554379,9.82311688923831,4.36668800002767,471.523627192873,1.82385224391913,1
2026-04-04 08:15:00,0.165077485153733,3.7515055555272,9.2922917780828,5.28040311114293,471.475177466886,1.86797685000817,1
2026-04-04 08:30:00,0.1397355851886,4.14363711104203,8.92022022241058,6.56379777772543,447.386955199907,2.00311217087397,1
2026-04-04 08:45:00,0.1376227481564,5.21803644439006,8.94791533371973,7.76510844439169,450.481967526526,2.14525176307027,1
2026-04-04 09:00:00,0.1367539963118,3.66067777774317,8.9296775557559,8.88041511087982,448.29761100855,2.09532280685368,1
2026-04-04 09:15:00,0.136017944471166,3.53308355547417,8.83280266693417,11.0156075557284,448.917194108006,2.0861621601951,1
2026-04-04 09:30:00,0.135096566711267,3.36087488884763,8.69241955574007,12.3605277780437,447.714371978293,2.20505323580682,1
2026-04-04 09:45:00,0.134717463007433,4.6697317777403,8.78104977798294,13.3928557783454,446.32017399099,2.1419257750622,1
2026-04-04 10:00:00,0.135193325965067,5.24762355551186,8.92497622233224,15.4198068897687,445.52942585842,2.01875377881388,1
2026-04-04 10:15:00,0.129678037029833,5.10003133329783,8.8605802222839,19.2721317777484,444.64197661534,2.03393657288966,1
2026-04-04 10:30:00,0.128654396295533,5.16289733329397,8.46984977789937,19.8416735554682,443.86782723302,2.04589839245302,1
2026-04-04 10:45:00,0.128505096305733,5.12329311107543,9.25631199991547,19.6172733332314,444.775060265613,2.07549404873501,1
2026-04-04 11:00:00,0.1261784889037,3.61226355551967,8.31684733328931,20.4011059999868,442.391510761673,2.25638991354272,2
2026-04-04 11:15:00,0.133367948188233,5.0768411110817,8.40087955555668,15.6398931117755,443.220579508686,2.33864155695497,2
2026-04-04 11:30:00,0.1332897259644,4.44708866662974,8.6131222222695,14.5109142227058,445.581193106786,2.4876329438533,2
2026-04-04 11:45:00,0.131494170396033,5.60727088882381,7.94084288905743,16.5488700010129,443.809048407427,2.6285881048214,2
2026-04-04 12:00:00,0.129453214819967,7.58414422234009,7.78473800011407,19.3175975559292,444.283304152853,2.62911120503745,2
2026-04-04 12:15:00,0.1274276740395,7.48443800008276,6.26110044443557,23.4058139999253,446.030701012016,2.6929818926214,2
2026-04-04 12:30:00,0.127376340705167,7.30120266672746,5.52000577785574,23.789596000155,443.12320767873,2.74417587976307,2
2026-04-04 12:45:00,0.125631721344467,7.10787266716697,5.43821671790746,22.1424495555069,440.906933031203,2.77089736804384,2
2026-04-04 13:00:00,0.1310672398676,7.2524571114416,5.84997405128387,22.7674588888161,442.389260009646,2.90972402034886,2
2026-04-04 13:15:00,0.127812978883367,6.85717688913613,4.27732066668147,27.2607760340703,439.352645594054,2.87146925767535,2
2026-04-04 13:30:00,0.131324677998067,1.71083044440843,3.38313071787214,30.9819181370557,435.782718895171,2.7931178527335,2
2026-04-04 13:45:00,0.135616638203467,6.3944548893324,5.34754049574937,29.2832486668677,436.961852484587,2.93692576903247,2
2026-04-04 14:00:00,0.132785565540333,2.3340442221997,4.60800205124864,32.5385883760954,436.025483988967,2.82054464220544,2
2026-04-04 14:15:00,0.132190553323633,1.88742044440017,4.53778095729087,33.2355617089327,434.500729356297,2.8661563622036,2
2026-04-04 14:30:00,0.133943368138267,1.9026535554945,4.49777851281844,33.871132786263,434.184531944534,2.80549260312064,2
2026-04-04 14:45:00,0.131999881502967,1.8701148888387,4.07914035901676,33.222759486503,433.428520844413,2.84175690735615,2
2026-04-04 15:00:00,0.127368347055034,1.0830867349914,2.56180741886,35.130439999612,431.02583385742,2.87903964060215,2
2026-04-04 15:15:00,0.1297839117438,1.17058066659383,3.31879504277383,33.623345213245,431.44866760394,2.886460051288,2
2026-04-04 15:30:00,0.130533933946167,1.14590799993187,3.06025133335077,33.5027466148547,431.332863075603,2.94437919889556,2
2026-04-04 15:45:00,0.1337691852038,1.33765799995183,3.10496133335263,33.8354530251594,432.01466734054,2.85219323178082,2
2026-04-04 16:00:00,0.129697793205033,1.1523881708861,2.74406311110856,36.1899702218773,431.296937877613,2.86293000067226,2
2026-04-04 16:15:00,0.138815203737833,1.4806723931327,2.9961773333087,34.738008392735,431.61063967374,2.8555591859403,2
2026-04-04 16:30:00,0.130574889533233,1.04476283755627,2.64676622221233,35.6605900332754,430.584412084343,2.86202091090689,2
2026-04-04 16:45:00,0.132009825953267,1.70055955551713,2.79183755554613,36.86274955569,432.40109742905,2.8870120237673,2
2026-04-04 17:00:00,0.136135407421867,1.5761653332807,2.53003044445543,36.08049811096,430.440524751637,3.24697898378026,2
2026-04-04 17:15:00,0.1367983037307,1.30198594868913,3.4843593333334,34.736627777279,432.620550620846,3.17610284747986,2
2026-04-04 17:30:00,0.1384269370942,1.43794511108937,4.63020384128567,36.3612893335927,432.941885775946,2.79287904514604,2
2026-04-04 17:45:00,0.1404146704231,1.54206599998943,7.13323938077097,33.7249602218914,432.470317012783,2.74914098674324,2
2026-04-04 18:00:00,0.1671221629715,2.6225991110887,8.76996887283669,31.0050675549887,434.830143569696,3.06912854037684,2
2026-04-04 18:15:00,0.151899803682,2.30262350426983,9.63702955541483,29.0910652651343,434.06826916974,3.47004863582069,2
2026-04-04 18:30:00,0.140954192642234,1.66340155554847,10.6016802219749,27.8604978801673,433.269272020107,2.84635850716695,2
2026-04-04 18:45:00,0.150078211123733,2.13885933332803,8.38525841247684,29.40969304268,433.235751485177,3.1435986060744,2
2026-04-04 19:00:00,0.151945037041567,1.20322688888623,9.41003111077973,26.3560257775777,434.04163863175,3.05515786152364,2
2026-04-04 19:15:00,0.1443066148568,1.1884188888938,9.11078288871402,26.8893104446847,433.277944149763,2.92382048071279,2
2026-04-04 19:30:00,0.191874474094133,2.1136937777422,13.4894695559479,21.33906355604,440.73922609031,3.86353588925244,2
2026-04-04 19:45:00,0.203802700045133,1.9668504443919,13.9532962226634,20.4512026669853,442.373859553007,4.80301973538546,2
2026-04-04 20:00:00,0.211643088975433,1.01800755553837,14.9045904447325,18.4580408887689,444.370376735733,6.23671805109878,2
2026-04-04 20:15:00,0.155497844436233,1.29792933332496,10.8569646665175,15.2378586663342,449.40823909384,4.23457577605659,2
2026-04-04 20:30:00,0.147205377771,1.44823333332087,10.6305908887189,14.6031224444385,448.462928133086,2.62053110484802,2
2026-04-04 20:45:00,0.164412255548233,2.0662135555392,10.7266926665404,13.4928844448805,449.966314643897,2.54549753382359,2
2026-04-04 21:00:00,0.155111636983133,1.73795933331396,10.7349379997907,13.7193644450295,449.414163143077,3.34464684150499,2
2026-04-04 21:15:00,0.1738036555153,2.0432715555611,10.0738042223124,9.82144644471273,450.58383579307,3.67220344826242,2
2026-04-04 21:30:00,0.177450240707,2.10679933334607,11.301468444391,8.6045153333352,454.350169982904,3.30386430664489,2
2026-04-04 21:45:00,0.175410622196167,1.93792844447123,10.3908504445265,8.12913466665734,455.430417153787,2.40563704673913,2
2026-04-04 22:00:00,0.1874018295921,2.30444466667197,11.7166297777475,8.77306688889366,454.171733113074,4.31841685911061,2
2026-04-04 22:15:00,0.184980070385333,1.91880400000723,10.2978940001199,7.72524855544751,457.371438967904,3.72370970633315,2
2026-04-04 22:30:00,0.182694748150967,1.88484733338593,10.3322097778752,5.90724422217813,458.269966466547,3.39373557398534,2
2026-04-04 22:45:00,0.177274922186467,1.84532555556513,10.3340071112072,7.69377211102501,454.97532921587,2.73354087469781,2
2026-04-04 23:00:00,0.160964477744634,1.9210355555848,10.1404240000562,6.35903177775223,456.643742350444,2.41726709371457,2
2026-04-04 23:15:00,0.1755158518293,1.82487822223977,8.672404666873,5.91508877772833,460.476666868297,2.13058168537543,1
2026-04-04 23:30:00,0.176596266649767,1.96538400002643,8.7231095557434,6.16024144441149,460.758743180344,1.97000569679831,1
2026-04-04 23:45:00,0.176356540715033,2.03333244447597,8.86749555575364,4.0627257777735,461.76747572963,1.92812896911456,1
2026-04-05 00:00:00,0.1770698962776,1.79046977781913,9.6690757780581,5.81238922222443,464.38920776122,1.82276038830606,1
2026-04-05 00:15:00,0.176233755528733,1.9556664444702,8.8568208891055,4.89065933335776,460.085557925017,1.80641087677533,1
2026-04-05 00:30:00,0.177209133308567,1.901848000024,9.7066215558762,5.1572646666751,470.75810784531,1.69330766363747,1
2026-04-05 00:45:00,0.175983407383867,1.806048888931,8.87677400025457,6.27168577776212,459.046009564317,1.63891341999383,1
2026-04-05 01:00:00,0.1760556444155,2.07324466668923,10.0482337780446,4.06703133333343,460.880089813017,1.62755229566569,1
2026-04-05 01:15:00,0.177586888865533,1.96289777780403,9.71331800037651,4.8525900000101,475.083467259037,1.61604790512499,1
2026-04-05 01:30:00,0.177985444424634,2.06968022223797,10.0621660004581,5.5104994444404,474.510412877844,1.5703720594508,1
2026-04-05 01:45:00,0.1811687999775,2.17794933335253,10.0732780004342,4.84379222223683,474.976313036733,1.56279284547893,1
2026-04-05 02:00:00,0.182076588863667,2.2758715555788,10.0915700004306,4.44909466668467,474.90703422205,1.55487934718428,1
2026-04-05 02:15:00,0.1827695444195,2.20435866668697,10.1163417782124,4.5067102222422,474.65386096113,1.52673426313374,1
2026-04-05 02:30:00,0.182731322198167,2.32406688890007,10.1057671115684,4.62347622224943,474.47089223252,1.50512142350552,1
2026-04-05 02:45:00,0.184303359236267,2.70333399997294,10.1602164449706,5.03549777779153,473.403200408223,1.48621758473307,1
2026-04-05 03:00:00,0.186773359227333,2.7842048888729,10.0950753338585,4.76918511113663,468.75440369827,1.46050793576639,1
2026-04-05 03:15:00,0.186812655520233,2.85698933333407,10.0211746671464,4.50852133334753,474.675365359867,1.45019520520375,1
2026-04-05 03:30:00,0.187722855518967,4.06979355551603,10.174994000504,4.11780088891801,474.860398050587,1.46488817406603,1
2026-04-05 03:45:00,0.188334744407133,4.1165971110733,10.2023017782876,4.11332177780941,475.149475527704,1.49241224886346,1
2026-04-05 04:00:00,0.188204596266967,4.907223333274,10.2592324449337,4.2603673333752,474.753733565527,1.41783843790378,1
2026-04-05 04:15:00,0.188014499967733,3.27215244436014,10.2846891116775,4.36265044448637,475.139888222297,1.431166947907,1
2026-04-05 04:30:00,0.1885636851566,4.1307635555133,10.1915931116261,4.57811722226507,474.712304576174,1.40800842216381,1
2026-04-05 04:45:00,0.187191396267633,2.89352177775654,10.1141368893913,4.36531466668947,474.65570710663,1.41326875923498,1
2026-04-05 05:00:00,0.187838166639767,2.90622244440574,10.0174940004898,5.08104166667957,473.266400416814,1.42188776824239,1
2026-04-05 05:15:00,0.1878388407132,3.4886742221343,10.1612735560834,4.71034855559273,469.562228091937,1.37109022602159,1
2026-04-05 05:30:00,0.1875860184818,5.6036684444097,10.3637397781748,3.73344000002134,466.07521495707,1.39325790246694,1
2026-04-05 05:45:00,0.187649885156567,4.79184533329153,10.1443026671558,4.49222088892937,472.722143612357,1.37756805373438,1
2026-04-05 06:00:00,0.186448262934567,2.79181911105207,10.0672655560484,4.7371651111392,471.90149463003,1.39587069958909,1
2026-04-05 06:15:00,0.190412433306033,2.67443777778673,9.88455888935127,5.7291539999773,471.806294323247,1.38109803701954,1
2026-04-05 06:30:00,0.1804361073768,2.7960435555089,10.106701778355,7.036626333224,461.8948412099,1.32804527786468,1
2026-04-05 06:45:00,0.187257899964767,3.40101955548323,10.0792553338308,3.99377266669771,473.29310202831,1.39778336621332,1
2026-04-05 07:00:00,0.205645185157333,4.97963111105339,10.2023557782742,4.11720333336384,473.082819223147,1.3606779584777,1
2026-04-05 07:15:00,0.1864628629333,2.81224844438237,10.1659317783238,4.4984542222619,473.70997976987,1.37128683397522,1
2026-04-05 07:30:00,0.1865582184889,2.81943622216004,10.1571406672108,4.43797888892677,467.722403861947,1.37848552060757,1
2026-04-05 07:45:00,0.187276433303433,5.24585488885496,10.2909673338376,4.04289577781147,468.671319732421,1.35154752962785,1
2026-04-05 08:00:00,0.187818796259967,5.26900088885483,10.2019904449163,3.93495044446724,475.47667110787,1.33593002476965,1
2026-04-05 08:15:00,0.188997337003533,2.97759666660853,10.3879028894081,4.03270533335087,471.18505078324,1.3795778248828,1
2026-04-05 08:30:00,0.182199499974833,2.54500777776957,10.1100197782721,4.54312733335637,468.40251671019,1.43824745496557,1
2026-04-05 08:45:00,0.1760133999764,2.44216799991557,10.2662246671173,5.6470906666773,461.107058439051,1.85521396644767,1
2026-04-05 09:00:00,0.1753320110889,2.1853051110887,10.6534011114318,6.13406299994853,459.185149810987,1.93697982416108,1
2026-04-05 09:15:00,0.174617229596033,2.47954088881483,10.7031793337494,5.19659133332013,462.862339525827,2.14281216299204,1
2026-04-05 09:30:00,0.178516177736133,6.2105935554078,10.8477291113369,5.31964322223496,459.57284943987,2.31996148192792,1
2026-04-05 09:45:00,0.159406807355133,5.10564933328842,10.6966486670644,7.43038155544673,453.794019717724,2.3089971996674,1
2026-04-05 10:00:00,0.153529185133433,5.11811466662312,10.4379982225554,9.43137422222069,455.51585275144,2.15580018644064,1
2026-04-05 10:15:00,0.1445185629365,5.81397622215037,10.1203286668714,8.03200399986605,453.168066628413,1.98559744015749,1
2026-04-05 10:30:00,0.142317155531167,5.24228866663363,9.65521644459111,9.280924222193,448.17777924759,1.9994558337816,1
2026-04-05 10:45:00,0.136418000008933,3.57221022219636,9.05059933339257,12.3987908891234,445.424802688037,2.0781127352965,1
2026-04-05 11:00:00,0.1353863111626,3.65782377775263,9.49351222207597,9.06544999963062,447.264817089,2.47882719416964,1
2026-04-05 11:15:00,0.1362076000163,5.59630111107087,8.96689644437751,6.45746288876803,446.950756871979,2.58779048095061,1
2026-04-05 11:30:00,0.1351806962905,7.76068777788886,7.97054044464634,8.24012866670089,446.876795281323,2.73398691536379,1
2026-04-05 11:45:00,0.138281180625067,7.42701977749933,7.9165897779162,9.83966111121797,450.26302461353,2.74883555665647,1
2026-04-05 12:00:00,0.1372279510091,6.88742733319996,7.44238977788053,12.2952417782666,451.014636740749,2.92582136724105,1
2026-04-05 12:15:00,0.134845565819533,6.76381288877943,7.33640844455697,12.4359617777638,447.704865819953,8.52790876936364,1
2026-04-05 12:30:00,0.132992718526833,6.45801088882349,6.67461022225843,17.7260268889868,445.746018971516,7.90525063987466,1
2026-04-05 12:45:00,0.1289792375708,7.27841955571043,5.94607622224194,21.3876435555299,445.823846946196,3.24921112010349,1
2026-04-05 13:00:00,0.132094928757333,7.3162244446088,5.54758066667637,19.3133539993472,448.843323645636,3.62552367619499,1
2026-04-05 13:15:00,0.1344358256534,7.7102595557485,5.57012155558423,20.5220326663761,448.371127070913,5.45339995943272,2
2026-04-05 13:30:00,0.1394173704121,7.60336288914113,5.9900868034637,21.9439944441836,447.938639524923,10.1284756999133,2
2026-04-05 13:45:00,0.1420121704116,7.29101422273943,4.98209982916456,26.2693242219647,441.492452240394,8.10602853697119,2
2026-04-05 14:00:00,0.143712877825334,7.06120200053487,4.36796765817033,25.2641702221867,442.48486261768,8.49415908352451,2
2026-04-05 14:15:00,0.152679659295767,8.27805822287747,5.76954244454293,25.5255257779733,444.547149653083,5.94876763687191,2
2026-04-05 14:30:00,0.140136389746367,2.0995957777147,2.48390682052317,29.0573587007257,437.19543844697,3.18728987382934,2
2026-04-05 14:45:00,0.1342499401249,1.82989099140203,2.20755825643023,27.680964358874,438.748843919297,3.12931151552642,2
2026-04-05 15:00:00,0.1400497493022,1.3159677264697,2.03003647865007,32.3456965473653,433.446323843217,3.06572981490195,2
2026-04-05 15:15:00,0.134664540744634,1.90036422216127,2.89218704278433,32.3823623930997,434.34274463016,3.11585055508079,2
2026-04-05 15:30:00,0.135499814849867,2.1664795554744,3.04790904276647,32.2273421881161,433.742717745394,3.14216478313589,2
2026-04-05 15:45:00,0.1359880274016,1.18869350422887,2.27392017099327,33.1946000510284,432.40687171559,3.02374862808826,2
2026-04-05 16:00:00,0.1352179293458,1.3637891110585,2.25475105985907,32.3352743417777,431.55464606736,3.02343447682072,2
2026-04-05 16:15:00,0.165717318508633,3.18185666659383,4.59855099151747,27.6461081717117,431.83768001993,5.2213095679877,2
2026-04-05 16:30:00,0.137193718552233,2.20779088882927,3.1849853333775,29.7424763940444,431.27529392921,4.12184754253626,2
2026-04-05 16:45:00,0.134483437040434,1.5677408888494,2.6305571966377,32.364875965831,431.69592668913,3.16095235791341,2
2026-04-05 17:00:00,0.135194572121933,1.2217848888428,2.1595072307537,34.7397185125567,430.46749864821,2.99805445538485,2
2026-04-05 17:15:00,0.134160307415033,1.05322222219163,1.819627111093,36.139200611277,431.128924014334,2.91848049188418,2
2026-04-05 17:30:00,0.1511901481305,3.01210022211433,3.8128189060093,31.6081343073227,433.83899760842,3.01768249419467,2
2026-04-05 17:45:00,0.139024511150767,1.4518095555496,2.6660240171013,32.0516871619537,430.78521695236,3.08817192591706,2
2026-04-05 18:00:00,0.132653222242567,1.32584199994114,1.8988896239035,32.871077726358,429.361029592893,2.93987754000641,2
2026-04-05 18:15:00,0.136637822258767,1.44638733332444,2.2629917777513,33.683533555421,428.749939800914,3.03303124526318,2
2026-04-05 18:30:00,0.184679333329333,1.86900599997837,6.1682691109887,29.205494222315,433.057000970643,3.17971879760451,2
2026-04-05 18:45:00,0.172468048144,2.99279044442694,8.09413755518584,25.896006221764,434.338964190043,3.11759993660236,2
2026-04-05 19:00:00,0.1783090555495,3.13517311107864,10.5929955553679,23.7531053329287,439.47690227742,3.03965836641095,2
2026-04-05 19:15:00,0.166773688884067,2.2794219999792,11.220425777784,23.774925333033,439.627968416217,2.97187038661139,2
2026-04-05 19:30:00,0.1624049111839,1.91711311119377,11.3551431115021,19.7950753335603,439.439085712367,2.88038348859328,2
2026-04-05 19:45:00,0.221168807489833,1.2039500000251,12.5609062223522,16.6280859999409,454.581429245053,2.52760392025679,2
2026-04-05 20:00:00,0.147402211104967,1.26857133335433,10.2353124445528,14.8494691108929,447.592313509593,2.42284038775363,2
2026-04-05 20:15:00,0.163684059237233,1.64740466666603,10.9010684443275,13.0270395560286,453.971451200904,3.0614727311856,2
2026-04-05 20:30:00,0.163226318494633,1.5654037778001,11.472565111111,11.5330148892259,448.700415753961,3.57697427097934,2
2026-04-05 20:45:00,0.1487680370605,2.0424119999831,11.3417342220062,13.0294762227391,448.29735044959,4.80599204261084,2
2026-04-05 21:00:00,0.164209248130734,1.6838139999575,11.6835291108339,13.7061631113514,449.602542911997,6.53738365723491,2
2026-04-05 21:15:00,0.1686466332934,2.1663682222009,11.8347853331414,11.7269611115242,451.26600056944,7.63597398881149,2
2026-04-05 21:30:00,0.1845136406853,2.1776924444218,11.9593642220645,10.5958324448272,450.95780431005,8.1730690420121,2
2026-04-05 21:45:00,0.177135011087134,2.11144355556323,10.157689555604,8.86701911107554,450.487250510677,6.04046378369073,2
2026-04-05 22:00:00,0.158236488834,2.13350444445723,10.8522593332382,8.8117566666578,453.096357036194,6.42663830056906,2
2026-04-05 22:15:00,0.171033522213967,2.2467871111222,11.6308679999304,8.14223444443687,455.126808844217,7.29459279680435,2
2026-04-05 22:30:00,0.187565385149667,2.38680444450123,10.4656760002202,6.75627177774713,452.744022403354,7.57278105358143,2
2026-04-05 22:45:00,0.191735814767,1.95668066676117,12.0514673336229,5.54921244444159,453.952499007077,7.52661736878108,2
2026-04-05 23:00:00,0.1784454295935,1.9176600000055,11.588105111083,4.42545222224343,453.976555387517,4.9445642336308,2
2026-04-05 23:15:00,0.176299866621167,2.22429933335863,10.1674657779249,4.35128155556583,453.948359244437,4.22500505796405,2
2026-04-05 23:30:00,0.174213711081667,1.77676288892823,9.815706000138,6.27047711107176,455.039342590487,2.98792730336006,2
2026-04-05 23:45:00,0.1841641592407,1.92497733338307,10.4693420001194,4.63696911111567,454.815372963227,5.5336384396607,2
2026-04-06 00:00:00,0.1764688629352,1.94384733334687,10.5666317780276,5.13285533332503,457.29912549298,3.4119733803755,2
2026-04-06 00:15:00,0.179713655529,1.7511586667161,10.1419088892373,6.37574999997193,462.348878013783,2.89339975145028,2
2026-04-06 00:30:00,0.176243618491634,1.7746066667088,9.4391606669492,5.83265555552713,460.854127108453,3.9583865700095,1
2026-04-06 00:45:00,0.174922455528133,1.9774475555731,10.3088046670186,5.04966688890146,457.223186935667,6.0802339520342,1
2026-04-06 01:00:00,0.185243429669934,2.00533333335397,10.8100395560378,5.68274833332293,469.625635054967,14.948157848141,1
2026-04-06 01:15:00,0.199078940703867,4.18963111107833,11.6802571116799,4.07095066667937,467.510541999607,18.2895125827314,2
2026-04-06 01:30:00,0.188599637058633,1.95416755559373,10.5034782226783,5.7893754444373,474.391752474257,12.3956261995216,2
2026-04-06 01:45:00,0.181671488872433,2.132786444462,10.0934088893289,5.5613134444609,473.982527011927,4.97904251673684,2
2026-04-06 02:00:00,0.184552351828434,2.2715351111356,10.2962544447713,4.45129888889597,466.56563586452,4.11856786501319,1
2026-04-06 02:15:00,0.1924460407591,2.450105777765,11.1705873338593,4.0007675555761,466.299538042504,4.04043972338716,1
2026-04-06 02:30:00,0.1824646555349,2.14150755557847,10.0953417782342,5.46922611111656,474.164531286757,2.74022530983666,1
2026-04-06 02:45:00,0.183396462937633,2.767731555496,10.3108160005094,4.29977355558793,474.72275702193,2.46872382601601,1
2026-04-06 03:00:00,0.182891929611467,2.48700644442537,10.2600100005016,5.2470321111329,473.88499494918,2.12223464408332,1
2026-04-06 03:15:00,0.184596988859967,2.80528288882657,10.2531833338714,4.0800835555902,475.558783516734,2.05299126872196,1
2026-04-06 03:30:00,0.187208914782233,2.61978733333507,10.0540902226688,4.6657822222375,474.820848976824,1.993359755005,1
2026-04-06 03:45:00,0.188518899973133,2.85337888887597,10.0540355560864,5.2663778889145,474.343725207177,1.94000963909579,1
2026-04-06 04:00:00,0.187983381448233,2.9037126666413,10.2754373338705,4.55943977779297,474.268104769153,1.91643460971046,1
2026-04-06 04:15:00,0.188411596269933,2.77596111108597,10.1530946671945,5.1345461111305,474.64458189814,1.88473535141631,1
2026-04-06 04:30:00,0.187445959227767,2.65261688889797,10.1195177782189,4.50142422224083,474.6877351449,1.88865874532901,1
2026-04-06 04:45:00,0.187966522187267,3.60816088880843,10.3283668894186,4.1317882222607,475.37337542329,1.83536571709963,1
2026-04-06 05:00:00,0.185470885151167,2.5112688888945,9.99855311155547,4.63618844445464,474.683333798284,1.83873446590235,1
2026-04-06 05:15:00,0.185605988854267,2.94721333325607,10.2609842227597,4.0930731111498,475.772191434534,1.86625669386344,1
2026-04-06 05:30:00,0.185284996266633,2.7049744444167,10.2671473338915,4.6348933333523,474.47541306206,1.88468199518399,1
2026-04-06 05:45:00,0.182914618491667,2.66771377775967,10.100304667173,4.35565444446214,475.234476693714,1.87125129504785,1
2026-04-06 06:00:00,0.183801255526067,5.21174533330683,10.3591951116061,3.93624933336754,475.51818208234,3.81976291715675,1
2026-04-06 06:15:00,0.183317055526267,2.65392244438137,10.2507975560857,4.062814222256,475.540104592467,6.33639647078458,1
2026-04-06 06:30:00,0.182183818488767,4.2320846666406,10.1824111116066,3.87884777781547,477.128073638057,7.75400748002277,1
2026-04-06 06:45:00,0.182080374041533,2.44776177775213,10.1332560005388,4.27908466669454,476.152324471857,11.0379865351614,1
2026-04-06 07:00:00,0.1822952851558,3.10695955548257,10.1868795560866,4.15063955559024,475.898112072457,10.4418991740134,1
2026-04-06 07:15:00,0.181855629612733,3.12747844436811,10.2545062227721,5.06799722225007,475.902035113067,7.59576824837795,1
2026-04-06 07:30:00,0.177210066639667,2.3235124444063,10.1801933338348,4.23828333334647,474.58096042743,8.63564073743723,1
2026-04-06 07:45:00,0.196743355523967,5.6250415555431,11.7237533338569,3.59287244445061,460.24265966272,4.71591005543169,1
2026-04-06 08:00:00,0.173780911068567,2.5180717777541,10.2483751116211,3.99916622225207,469.329146627694,7.50717472029797,1
2026-04-06 08:15:00,0.1938402258982,3.2083606665976,11.4885451117647,4.12827577778804,469.132630605687,7.09630534968397,1
2026-04-06 08:30:00,0.174868436990533,2.9915795555059,10.1530991116083,4.1236471111231,469.529316698143,4.22162659053561,1
2026-04-06 08:45:00,0.174333318466267,2.88802533328703,10.0752597783349,4.1223702222394,462.781870780433,3.11805485699666,1
2026-04-06 09:00:00,0.158373011078467,3.12075755554679,9.58626733364098,4.28602111115537,451.012551397427,2.4834055923705,1
2026-04-06 09:15:00,0.144876370329833,3.88804999996586,9.15840866700354,4.508314666732,447.183175843567,2.6711325276037,1
2026-04-06 09:30:00,0.139918459248467,3.51782622215256,8.65324133369817,5.85982933337777,446.268170949163,2.8097040773234,1
2026-04-06 09:45:00,0.136268855541733,3.53606355547277,8.60832488917697,7.2316184443374,447.1940709114,3.08224094906685,1
2026-04-06 10:00:00,0.136274240726767,3.71263599992207,8.6559640002287,8.20476555540297,446.4304438965,2.8982874995934,1
2026-04-06 10:15:00,0.1365276999969,5.53817133331003,8.83235422241324,10.0140586667467,447.72794035286,2.92140767231979,1
2026-04-06 10:30:00,0.136141170385967,3.8297859999174,8.63909533357684,8.99645888872185,448.932416967383,3.16472623482473,1
2026-04-06 10:45:00,0.135273814848133,4.34577822217043,8.6768826669156,9.18908533312225,447.814625266429,3.43493720356017,1
2026-04-06 11:00:00,0.1351056296631,6.06647888890426,8.70051022240507,9.47328911092038,447.59722616966,3.58449503168464,1
2026-04-06 11:15:00,0.1353636815181,6.2012344444238,8.86463666686754,12.4960568891973,447.145874669586,3.43134997908606,1
2026-04-06 11:30:00,0.137502766712,6.23159622220483,8.87143911123694,10.722177333248,447.23997506185,3.62727963612481,1
2026-04-06 11:45:00,0.1342009592948,6.1325280000625,8.5180986667858,11.8569499999763,447.52436859608,3.77137113044486,1
2026-04-06 12:00:00,0.133354874091167,6.65637311104509,8.0542231111598,11.7788379998691,445.526963700427,3.94993693991732,1
2026-04-06 12:15:00,0.1328848815009,5.6557555556032,8.07181155565606,13.0519640000284,446.321497803076,3.7532636479999,1
2026-04-06 12:30:00,0.127438385165567,5.34942555561719,7.05881022218523,21.9242751110147,444.393293860223,3.60393971166662,1
2026-04-06 12:45:00,0.126331970342233,5.47561444448693,6.54874933329667,21.8759951109968,441.842046799603,3.88292801393944,2
2026-04-06 13:00:00,0.126277140716267,4.48517755555077,6.72497444446823,21.5634442219928,441.50426161038,3.83489915551994,2
2026-04-06 13:15:00,0.1276396814558,7.3032002224829,6.49473000001073,19.4790417780549,441.422699414136,3.8909950804625,2
2026-04-06 13:30:00,0.1268144888647,6.40452888882543,6.36528066661966,22.1970666664837,442.311081917003,3.93560273246926,2
2026-04-06 13:45:00,0.1253424814541,4.85856244443444,4.53133199998157,23.9248966667753,440.728570638006,3.84889275820432,2
2026-04-06 14:00:00,0.126173577749733,7.24343066682433,5.54884066663287,22.8241575553482,442.393769226186,3.75899537091336,2
2026-04-06 14:15:00,0.125867948697067,6.44484333379997,4.40599627346547,22.4797713330023,440.759465184839,3.64911004149049,2
2026-04-06 14:30:00,0.128215800532066,7.03760422252976,4.8707132478212,22.3852142218868,441.557386957113,3.66503244955006,2
2026-04-06 14:45:00,0.1286269389848,7.13714444503597,4.26944410250927,22.6661737774231,438.502184974066,3.66842377294315,2
2026-04-06 15:00:00,0.1299649481357,3.5631031111972,3.73208119653937,23.1815359996855,441.60387096513,3.63639039472163,2
2026-04-06 15:15:00,0.132281962376733,6.8371351115721,2.72568140168987,27.976933675235,436.737935097154,4.21827690234546,2
2026-04-06 15:30:00,0.1305201018701,7.26514800048713,2.61182719656704,30.3240774532044,434.619494888194,4.10608801693157,2
2026-04-06 15:45:00,0.135474801087733,5.5982064448389,2.37212639314584,34.9284771111027,434.163387203374,3.55270171468788,2
2026-04-06 16:00:00,0.1345854289416,1.90207399995397,3.66359562394153,33.8008376063707,433.044206106657,3.50467223677114,2
2026-04-06 16:15:00,0.130534880305067,1.33365977778173,1.87239695726957,33.957513265529,432.299330137684,3.55479104063567,2
2026-04-06 16:30:00,0.133237192074333,1.3383564444014,3.4269473675143,30.7418494358683,432.534403083167,4.57529100310721,2
2026-04-06 16:45:00,0.135671622225867,1.55808644442583,4.73244391449433,29.4417384616217,434.50556065701,4.00774623408252,2
2026-04-06 17:00:00,0.146918081474967,2.4463237777432,7.24422022222924,25.384265555972,434.47017429082,4.23935893700579,2
2026-04-06 17:15:00,0.132691428966167,1.51722199995947,5.04031160688006,26.7964676924884,432.43636143103,3.62311449337036,2
2026-04-06 17:30:00,0.129328915693867,1.50831270079113,3.2834577094627,26.562391777902,432.09583536221,3.6013038250826,2
2026-04-06 17:45:00,0.1323672574426,2.47480666655813,4.51494297448593,26.840125470493,432.338639583547,3.61115801145348,2
2026-04-06 18:00:00,0.130879055742733,1.44918844437567,3.9895313675462,28.366545111392,431.803943771701,3.46474148390886,2
2026-04-06 18:15:00,0.159736674057067,2.99253422213107,5.06516670087907,27.5896802218523,430.511698376754,2.96635860551324,2
2026-04-06 18:30:00,0.129368121380533,2.07357733330684,2.8422826495767,34.167736666412,429.174036604757,2.73012500187357,2
2026-04-06 18:45:00,0.128682522214867,1.60103311107854,2.86809688888933,36.1482255549247,430.027963192667,2.61261070778042,2
2026-04-06 19:00:00,0.131170571200867,1.45271599996067,3.16311755557757,35.6182502215087,432.12454081456,2.5022017043235,2
2026-04-06 19:15:00,0.126402964789933,0.914874222200132,2.3216129206809,35.2387422216763,432.541191656353,2.44732943001713,2
2026-04-06 19:30:00,0.11955931438689,1.07788666665687,3.25885196823497,34.7617071109656,434.20161150665,2.47375085045605,2
2026-04-06 19:45:00,0.120188313110347,0.9579515555616,4.1743897776859,34.5677440001187,434.48859354406,2.55954194383107,2
2026-04-06 20:00:00,0.119872447861914,1.19447422220893,5.0413122221621,32.893719333136,435.53665407857,2.61571677258388,2
2026-04-06 20:15:00,0.125603963004067,1.0334366666528,5.5774904444093,32.9084715550693,435.695616517116,2.60863011378501,2
2026-04-06 20:30:00,0.1277037481731,1.11303266665283,8.6654279999771,32.6088526663214,435.385971095893,2.68605426168833,2
2026-04-06 20:45:00,0.130159755579534,1.00940222212467,10.3736577777448,31.93382511079,436.39200054099,2.71664281124967,2
2026-04-06 21:00:00,0.129903185204633,1.0169177777613,9.70420622230156,31.2718699998307,438.446016393696,2.66650012674593,2
2026-04-06 21:15:00,0.130177155571967,1.1981171110866,11.9176973335526,30.677186889105,435.82979361429,2.79111025190912,2
2026-04-06 21:30:00,0.128811096336233,0.999446666587234,9.15653711104486,31.2042366664964,439.093034925026,2.83210402617921,2
2026-04-06 21:45:00,0.1288118000394,0.9672035554613,8.69209844433376,32.3315135552597,436.184434975646,2.7548951603272,2
2026-04-06 22:00:00,0.1296599481676,2.97294977766713,8.4244286666543,31.5472311109557,437.227120310176,2.83408490818098,2
2026-04-06 22:15:00,0.1303944741059,1.37606688880437,8.38540244439456,31.2661164443297,439.177638554113,2.835414753397,2
2026-04-06 22:30:00,0.128072170413333,1.68713711103093,6.82013866668096,32.3264428886584,435.989128011906,2.83429303734006,2
2026-04-06 22:45:00,0.137517800002267,2.9877428888239,9.6917537777935,30.673297999992,438.349455553916,2.80790908469878,3
2026-04-06 23:00:00,0.135848259266067,1.42473977769563,7.00040711110723,32.281640888614,439.31850051383,2.69335481029405,3
2026-04-06 23:15:00,0.136028933335567,2.6955704443804,7.47567244444983,32.1027042219794,439.525875238666,2.58033919914467,3
2026-04-06 23:30:00,0.1404225703648,1.30689644435297,9.96914822225406,30.516573111225,438.603526425226,2.55202167811531,3
2026-04-06 23:45:00,0.1425132296109,2.62041888882936,13.2679591113651,30.3855924445948,438.824512085533,2.4678946582837,3
2026-04-07 00:00:00,0.140395659244,2.25976822220563,10.9240433335283,30.525980666861,439.156868420663,2.48522380990458,3
2026-04-07 00:15:00,0.139112666638167,0.947236666576067,9.67261133331187,31.795812444388,439.808369223423,2.3768239559793,3
2026-04-07 00:30:00,0.140419207373733,1.5756162221564,10.9077657779021,30.3535313335263,440.298908062273,2.39610603766679,3
2026-04-07 00:45:00,0.143212888843933,1.00920888885977,13.3173933335269,29.910988444882,439.43618448587,2.3629079717165,3
2026-04-07 01:00:00,0.1462306369772,2.08924733331027,14.3398404446921,29.3972608891661,439.92351661485,2.37446460523149,3
2026-04-07 01:15:00,0.1458997406843,2.5406108888652,12.3815793337229,29.2342851115123,440.517989650236,2.3718199490886,3
2026-04-07 01:30:00,0.146883918455333,1.6307931110477,14.0718460002469,27.6105008885325,440.385588163326,2.48115104697009,3
2026-04-07 01:45:00,0.1473808073525,1.65360466660133,14.2205888890744,26.6852697774755,440.907427366993,2.3334566024622,3
2026-04-07 02:00:00,0.147504081422567,2.1811817777799,12.7285655557846,27.6636326662847,440.42866938971,2.33175206133495,3
2026-04-07 02:15:00,0.149540622162733,2.40133888887667,12.7736153336253,27.4464357773561,440.077310996446,2.33797574785088,3
2026-04-07 02:30:00,0.1482401629021,2.38671622218067,10.9529377779753,27.8743268885203,440.9139287706,2.31577396927082,3
2026-04-07 02:45:00,0.149357785122967,2.6368753332988,11.3314453336195,27.9902068886153,440.874403292306,2.25887836880205,3
2026-04-07 03:00:00,0.149269274013333,2.2242999999903,13.4222922225704,27.6680739996636,439.863943276863,2.3136789272439,3
2026-04-07 03:15:00,0.149989244383567,2.6207068888551,14.7304053336658,27.3571988884724,442.161824405276,2.23777455985463,3
2026-04-07 03:30:00,0.150306392533933,2.55781822219056,14.4994311114647,25.8713786663464,440.77601971568,2.26181342772006,3
2026-04-07 03:45:00,0.1501501777163,2.45163355554447,14.3649064447887,27.313715555148,440.07806954563,2.23893690968486,3
2026-04-07 04:00:00,0.148326222155467,2.47914377776623,13.0194784448566,28.5253986666907,439.806712182606,2.25332785532352,3
2026-04-07 04:15:00,0.148349503645833,2.6743628888461,13.0825462225543,26.0048268885389,440.879134091956,2.31648872293747,3
2026-04-07 04:30:00,0.1481955110517,2.24057266666923,11.3228564445657,26.8776124440448,440.18603814097,2.22929517483422,3
2026-04-07 04:45:00,0.149880348088934,2.6017377777563,12.4297737780128,24.8008928886698,441.38611355634,2.23630613009957,3
2026-04-07 05:00:00,0.1488959777163,2.3844959999778,11.4153944446028,26.1458877773761,441.362385925653,2.18241147427457,3
2026-04-07 05:15:00,0.146648925868167,2.4003468888582,9.73225400021684,27.5500126662324,440.62135365133,2.24756823861605,3
2026-04-07 05:30:00,0.1469575036424,2.6150968888348,10.4744893335306,23.8746602220082,441.83246333331,2.30833777488572,3
2026-04-07 05:45:00,0.146166355508767,2.79941644438983,9.23822888883596,22.9081284439882,442.223998180726,2.14052489403587,3
2026-04-07 06:00:00,0.146209755507867,2.89822555550493,9.2624375554992,23.9366106663562,442.260712122406,2.1387158976959,2
2026-04-07 06:15:00,0.146298511064333,2.9046893332891,9.10391244437487,25.2136919996199,442.414332686143,2.15142565572758,2
2026-04-07 06:30:00,0.147869607348267,2.97508688883623,10.4205224446182,23.6603004440809,442.33007700174,2.09602955533104,2
2026-04-07 06:45:00,0.150097896239267,3.38025177769693,12.3099528892262,22.5683222219099,442.700311467446,2.12456942062109,2
2026-04-07 07:00:00,0.149319740671967,2.99039333327223,12.1188911113804,22.8057684440602,442.656456104779,2.15566041796709,2
2026-04-07 07:15:00,0.1481862517959,2.99739688882867,10.8564026669094,20.7821517777365,445.150649249163,2.18684411348738,2
2026-04-07 07:30:00,0.147535362905333,3.0198406665973,11.1947973336925,21.6145355555355,443.607185692433,2.11728805402492,2
2026-04-07 07:45:00,0.146890533281333,2.34874822220394,9.46353288894967,20.8226786665997,443.15134887165,2.13792131488784,2
2026-04-07 08:00:00,0.145009577734533,2.33348355553167,9.6482282221656,20.5015495554744,444.696885449087,2.16797369483415,2
2026-04-07 08:15:00,0.143190585147233,2.49689333329633,9.30653222219023,21.2380973331254,443.74867966723,2.33899156420206,2
2026-04-07 08:30:00,0.141744340705,2.53153244440963,9.34995577774673,21.9584062219396,442.825686915453,2.4727820666741,2
2026-04-07 08:45:00,0.142483088853467,5.3853782222362,9.62164244443303,21.7602988886789,443.19661478289,2.36930765724437,2
2026-04-07 09:00:00,0.1417088147888,4.45129666661737,9.41831155556333,23.9620386664377,441.1644665343,2.35254915635893,2
2026-04-07 09:15:00,0.1410024666484,2.6355224444113,8.94834844431057,23.6487886662084,441.390200465496,2.39049333341341,2
2026-04-07 09:30:00,0.1415943407328,3.29938199992667,8.95005466656186,23.5071457771654,441.457007877823,2.45736352529072,2
2026-04-07 09:45:00,0.141386696285733,5.5449453333514,9.085439999808,24.0648755549977,441.15243911169,2.38658101578233,2
2026-04-07 10:00:00,0.140120414788133,3.7160615554914,8.81768733313074,25.541882221993,441.62419662503,2.37732727671634,2
2026-04-07 10:15:00,0.1401420370138,4.8649259999645,8.80221222202307,25.8858764442784,441.160070750126,2.41390900317723,2
2026-04-07 10:30:00,0.136740429645666,4.26740622215767,8.92621533315053,24.676833555258,441.39053369069,2.39909916310096,2
2026-04-07 10:45:00,0.127092955587467,5.14092844438866,7.96155422189464,27.2594520000137,440.015010267393,2.50786246730474,2
2026-04-07 11:00:00,0.123799540760867,3.98134844439804,7.50073888880624,24.533795555239,440.755633908347,2.5867424470235,2
2026-04-07 11:15:00,0.125369925924933,5.61868533333957,8.55216577760607,20.9657773330906,445.27597957115,2.67214284099786,2
2026-04-07 11:30:00,0.126379199990366,5.4215248888995,7.40548022200597,20.77890155544,446.135464879187,2.7380192574724,2
2026-04-07 11:45:00,0.125150007387933,5.718680444466,5.50081444445687,22.8435797778996,445.06812038474,2.78817653988545,2
2026-04-07 12:00:00,0.1249861925745,5.22330044439853,5.06567266664984,27.3729962221723,438.894064582277,2.70041041807186,2
2026-04-07 12:15:00,0.1267541629075,5.2383526665913,4.95368822222487,28.8130199996993,435.543786905327,2.73117811373382,2
2026-04-07 12:30:00,0.126526636959666,4.82656711081884,4.84007977787737,29.1989471111043,435.062789069034,2.80227829438381,2
2026-04-07 12:45:00,0.126324325849933,4.94912044408127,4.63654969232506,29.2195811111767,434.55058177006,2.73319476908007,2
2026-04-07 13:00:00,0.1253474814134,4.4293088884612,4.32271088895077,31.2298958979357,433.84526124008,2.70005111354554,2
2026-04-07 13:15:00,0.126550183981367,4.13225888856267,4.03649622224414,32.5817134534387,433.26881942327,2.72133012419869,2
2026-04-07 13:30:00,0.127203542373533,3.65726333325367,3.13863056408744,33.078776154288,433.04010817424,2.72180201169309,2
2026-04-07 13:45:00,0.1269995765635,5.30692622253606,2.77952801708457,33.775125761025,431.65289275142,2.76482546607407,2
2026-04-07 14:00:00,0.127135284257033,5.63854533335209,2.6798940683991,34.5369329400167,431.4615223236,2.73019770557421,2
2026-04-07 14:15:00,0.1267045406661,5.18999777810543,2.41394923077923,35.8702582814907,431.243989984813,2.74134126616811,2
2026-04-07 14:30:00,0.128526834707233,1.16405172649463,2.46414635900837,34.3831476411853,430.42971800019,2.72234280202457,2
2026-04-07 14:45:00,0.117402672625009,0.998252888912834,1.8795607008856,36.27901066675,430.14484809398,2.77153113210303,2
2026-04-07 15:00:00,0.116384437509141,1.13255996583873,1.73358541881633,34.2567372992126,430.04244833048,2.67481861530908,2
2026-04-07 15:15:00,0.116955290410504,1.01980524785613,0.929290126448511,34.495513008424,429.855103503867,2.71822048963778,2
2026-04-07 15:30:00,0.131401157817933,1.7163287349961,2.58974182908403,33.8302091283417,430.599202888197,2.71319472744465,2
2026-04-07 15:45:00,0.1264730268016,1.45243599998407,0.82646226393907,36.1891195555963,430.269591799913,2.68276336663206,2
2026-04-07 16:00:00,0.127889665553067,1.3566902222052,1.88837858123713,36.0162255001534,429.46172798564,2.76776389988854,2
2026-04-07 16:15:00,0.130356753716567,1.0768993332946,2.43971533336693,37.9088290006921,430.62889724207,2.7279917254681,2
2026-04-07 16:30:00,0.130937942606533,1.48409333331783,2.8655864444699,36.610831055904,430.039393544664,2.68102810560276,2
2026-04-07 16:45:00,0.131797162951,1.3102819999786,2.82349066668823,36.3335697221453,429.789536551117,2.64694946987862,2
2026-04-07 17:00:00,0.1245570518365,1.54625666661527,0.751236446012439,36.4693077778047,430.609138833297,2.61709924524662,2
2026-04-07 17:15:00,0.126196164679233,0.869305418747799,0.805132678909043,38.566014000364,429.21174120415,2.61524713696382,2
2026-04-07 17:30:00,0.128965157000167,0.9899229914103,1.87906694019067,39.2840724445407,429.302308078903,2.60943335787127,2
2026-04-07 17:45:00,0.1298139366138,1.2595334700598,2.7971222222522,37.805093333768,429.52833138689,2.64979848939104,2
2026-04-07 18:00:00,0.1278170140039,0.845063162401999,2.79128222224886,36.678108833885,429.30230368325,2.66274299582386,2
2026-04-07 18:15:00,0.130183637025533,0.925744888902398,3.1180708889065,36.555630389328,429.31559627293,2.65385534169558,2
2026-04-07 18:30:00,0.1286897333639,0.927501470096966,3.17377625642283,35.993893500062,429.922401593893,2.73477475479667,2
2026-04-07 18:45:00,0.131191179632633,0.840836034189333,3.2281935555632,36.505739722687,429.88747857564,2.72688455702893,2
2026-04-07 19:00:00,0.135656600028134,1.67393199998347,5.19267922216603,34.5362488330977,430.482601926586,2.8012247745192,2
2026-04-07 19:15:00,0.1891395963222,2.2232628889148,13.3319297778464,27.1791962221564,435.03033088954,3.22355674687841,2
2026-04-07 19:30:00,0.162151811083467,1.9937231111947,13.4810971115869,26.6771682222047,433.74951252707,2.73850294105805,2
2026-04-07 19:45:00,0.198496555536367,2.70231644453813,12.2628277779441,23.6879875556113,440.474581446837,2.80616470538665,2
2026-04-07 20:00:00,0.165216240766433,0.943947111106567,11.7734473334938,20.5093035556077,449.3602245929,2.53608225782168,2
2026-04-07 20:15:00,0.163686985179367,0.661517111129968,10.881690222055,19.3487126665827,453.717214796373,2.47910857123298,2
2026-04-07 20:30:00,0.150177599942267,0.619696000032567,11.8130377777046,21.4223579999113,451.260283461183,3.54151665207526,2
2026-04-07 20:45:00,0.153965140671433,0.897089333327433,12.8688568886695,15.1943357786417,456.423313983507,4.13085447412748,2
2026-04-07 21:00:00,0.157443118449,0.560718888936368,12.7480506665992,19.7633157778002,451.56556013826,4.65702963891307,2
2026-04-07 21:15:00,0.172973600053234,1.0994108888493,14.1393891108185,14.3741628894047,452.464919371464,10.529708110829,2
2026-04-07 21:30:00,0.2202402407681,1.3921135555909,14.1569968896129,12.9393744449876,453.856832872174,18.3055432527235,2
2026-04-07 21:45:00,0.2244355889292,2.0975766666753,15.8300295559186,10.6432100001651,457.72271491019,16.0617353789223,2
2026-04-07 22:00:00,0.169964392642867,1.6904648888483,12.9376433332294,11.9453362229977,453.920765035081,6.09109567995231,2
2026-04-07 22:15:00,0.2042890073823,2.70318533336873,16.3204446672048,7.3303997777643,458.15496343741,8.32717836301302,2
2026-04-07 22:30:00,0.184621111071033,2.2636102222183,12.6685813333328,8.8283304446571,456.33199693227,9.60706361848777,2
2026-04-07 22:45:00,0.180875029545333,2.3332231111173,12.9953384444954,9.21584377794844,457.16202583723,9.41881064242292,2
2026-04-07 23:00:00,0.224988448176333,2.9494626666619,14.5874337784046,6.978829111043,459.726420882406,13.9454257800726,2
2026-04-07 23:15:00,0.1834344147631,2.5374008889253,12.5830846666589,7.0678679999677,455.69945401006,10.0765422378778,2
2026-04-07 23:30:00,0.198436822200534,2.5672060000444,12.8848006668175,7.15190199996466,455.895991056354,11.623320669369,2
2026-04-07 23:45:00,0.1888526221818,2.69201911116656,12.9318133334495,6.30263222223923,456.968866641487,11.8357739272818,2
2026-04-08 00:00:00,0.188757222186167,2.91607133330783,12.4195866669936,6.4556766666647,458.17508363262,10.1013636588919,2
2026-04-08 00:15:00,0.1710290074667,2.4259231111204,10.5644551111543,6.36762688890953,456.040624569917,6.10761674106409,2
2026-04-08 00:30:00,0.1590489110747,2.5348526666766,11.7812815556578,6.93331022222316,458.255508549187,3.27936582586452,2
2026-04-08 00:45:00,0.1599110147934,2.4690648889052,9.97003844459564,6.80403911108593,455.29354594986,2.98484080526301,2
2026-04-08 01:00:00,0.1599602518269,2.71713044443927,10.5777540001095,6.82775022221193,456.356502913203,2.99134486258335,2
2026-04-08 01:15:00,0.160174555534034,2.72635933332657,10.5278468890182,5.16236555560156,456.07032578654,2.7762325502422,2
2026-04-08 01:30:00,0.1607652740497,2.94302866665464,10.3473797780036,5.08773488893673,455.431926964554,3.39353932166308,2
2026-04-08 01:45:00,0.159878940715867,2.71968155555113,10.1811428891642,6.48472022221526,455.287507079287,3.05750409399657,2
2026-04-08 02:00:00,0.1590092295994,2.97940022221713,10.0482793336666,6.6315433333411,455.18676038699,2.80301661723778,2
2026-04-08 02:15:00,0.1594428814486,2.9151704444319,10.2913200002849,6.0910040000206,455.477567029077,2.38126589469337,2
2026-04-08 02:30:00,0.159939748125034,2.73513377777123,10.078400444771,5.48592800006276,455.751089244957,3.05244817592715,1
2026-04-08 02:45:00,0.1604816888587,2.9158499999694,10.3081435559569,5.5697764444978,455.90344181522,3.14234095673753,1
2026-04-08 03:00:00,0.161005888853267,5.04950555549402,10.3064135559315,5.01674644448443,455.93967293347,3.32596165216895,1
2026-04-08 03:15:00,0.1603800444119,2.93191711108177,10.0661600004166,5.76049755559286,455.592070387214,3.76205583400612,1
2026-04-08 03:30:00,0.159819999969167,2.9963493333088,10.0341851114774,6.53692000002137,455.203878581724,2.8225344211047,1
2026-04-08 03:45:00,0.158690977746434,2.9741233333271,9.63862066708294,6.95920911110847,454.869765047423,3.22191050404358,1
2026-04-08 04:00:00,0.160273392567267,2.84860799999417,9.86307088930701,6.19688911114886,456.123655958924,3.85410918698532,1
2026-04-08 04:15:00,0.1604645036776,2.98995799997164,9.98369844495067,5.54126111119573,456.573719187837,5.57055369181155,1
2026-04-08 04:30:00,0.160737577747734,3.12553088880093,10.1817273338205,4.8694746667597,456.45782185884,3.98148303071162,1
2026-04-08 04:45:00,0.160767111083334,3.11604644436007,10.0726868894103,5.33109955561273,456.123358670694,3.5294647246604,1
2026-04-08 05:00:00,0.161102592559334,4.16151288885117,10.1402960005162,4.75557088897156,456.259829021014,2.33553277512651,1
2026-04-08 05:15:00,0.160249170344534,2.7602357777714,9.89775955599741,5.74456777785853,456.184320505487,2.86018292633388,1
2026-04-08 05:30:00,0.1603065999662,2.83208977770567,10.0798097783193,5.89501133338093,456.44869557303,2.21375797416622,1
2026-04-08 05:45:00,0.161131592555533,4.94360466661483,10.1304504449345,5.37504111117787,456.36539911033,1.69494756829214,1
2026-04-08 06:00:00,0.1603892221934,2.90326777774354,10.0007735560908,6.15848355559687,456.263656297,1.63810343716359,1
2026-04-08 06:15:00,0.1606567407055,3.3452079999092,9.91820688939703,6.06988222230073,456.184850706457,1.61254270785566,1
2026-04-08 06:30:00,0.1600687851516,2.86760377774193,9.8789460005371,6.49999155564516,456.191452796967,1.61685871914108,1
2026-04-08 06:45:00,0.161074414777234,4.17658711106733,10.0929484449607,4.67754022230586,456.169964403817,1.55138575774213,1
2026-04-08 07:00:00,0.160993733296734,4.97340044438023,10.0389722227148,4.85910377787557,456.234977872271,1.48641223489622,1
2026-04-08 07:15:00,0.437045403715499,5.23870311108796,12.9235237776941,3.86152488897986,463.11698686609,1.74562010977484,1
2026-04-08 07:30:00,0.90951785748532,5.24797933332129,13.5109819999163,3.6900611111796,464.367664735777,1.82213537560928,1
2026-04-08 07:45:00,0.161262481441034,4.4006319999706,10.1373373338344,4.26964911118047,456.612706061057,1.53843866251675,1
2026-04-08 08:00:00,0.164172814771467,6.62190844421117,10.1271862225958,3.96994288891337,455.777582207433,1.49860644988271,1
2026-04-08 08:15:00,0.2076210740697,5.6353122221936,11.9414280005396,3.80844777781637,456.228800483994,1.51102113432386,1
2026-04-08 08:30:00,0.1589511407088,2.99114022218417,10.2954200004047,4.33534066672703,455.710876381804,1.74643259697508,1
2026-04-08 08:45:00,0.169727629580033,6.23241377770493,15.8743780007364,5.2060689999553,462.30642988919,2.63747650214604,1
2026-04-08 09:00:00,0.1589725703036,4.83501399993946,14.4600535567164,10.3474540002322,457.692193698447,2.76175071420053,1
2026-04-08 09:15:00,0.1549940295675,2.52624888885293,14.0277468899875,11.9249864449794,456.73937839481,2.77599132264902,1
2026-04-08 09:30:00,0.1545658221643,4.8379888888404,12.6539673336393,11.9426997783078,454.916091628727,2.89288540912319,1
2026-04-08 09:45:00,0.155250051793233,5.31185066663163,12.480092000096,9.575294222325,455.216046644647,2.9965873638057,1
2026-04-08 10:00:00,0.1539577703189,4.19871333328737,12.0037868889987,10.2954406666665,452.839866961417,2.96092032786479,2
2026-04-08 10:15:00,0.165948962980067,6.45851400003704,12.420819555682,12.1629920002108,452.501496683857,3.04112687583836,2
2026-04-08 10:30:00,0.172036325912867,3.0879704443858,12.9957700000402,13.2848575557656,450.472982574007,3.15813552463193,2
2026-04-08 10:45:00,0.612846099572849,5.77046288890326,15.112351333496,14.9496071117678,453.493029633143,4.92490537974284,2
2026-04-08 11:00:00,1.37456349028798,10.8650077776453,14.6848344444949,13.921319777855,450.472589537393,6.99982288669567,2
2026-04-08 11:15:00,0.240228348187867,10.1178039998782,12.6734608888183,10.5585928886496,449.33753199398,3.72296363816278,2
2026-04-08 11:30:00,0.441478092610799,11.7511833331459,12.3419391106136,10.9357024442481,448.443014408403,5.712072240379,2
2026-04-08 11:45:00,0.146368370453233,6.0697075556275,7.9747399999915,15.0743935559078,444.766514729843,3.6172347360701,2
2026-04-08 12:00:00,0.630418846934142,11.3528366665262,11.769592221935,19.9701637781265,448.26232696999,5.86673694161639,2
2026-04-08 12:15:00,0.2137508518926,12.2287339992097,11.6489804440673,18.8194144446252,449.888265317953,3.97835781523091,2
2026-04-08 12:30:00,0.136278249629633,6.77680022212137,6.70996199996733,21.5392471110111,445.959399587789,3.63189806967784,2
2026-04-08 12:45:00,0.139707760757067,6.4779679999229,5.9139346666807,24.039903555713,446.203008852989,3.71878469092108,2
2026-04-08 13:00:00,0.1341835749683,6.19044244434943,4.50226155557927,25.4868355556283,438.83251362106,3.61060869994427,2
2026-04-08 13:15:00,0.132282878651367,6.0530724443702,4.08845755556207,30.0588040851367,437.415195039207,3.62337133774717,2
2026-04-08 13:30:00,0.137197644769,6.06665088882456,4.76772863252204,30.2641414186564,437.261839747091,3.51726301191147,2
2026-04-08 13:45:00,0.1321129236498,5.95431777770976,3.54043964103344,29.807553196766,434.848635557351,3.49500867925471,2
2026-04-08 14:00:00,0.138828894080467,6.03438466658159,4.31179705987504,32.1388691286421,433.396265507301,3.53786505800799,2
2026-04-08 14:15:00,0.139912688890767,5.50724288911556,4.24345769238927,31.6481978977868,432.966958535041,3.4663725443274,2
2026-04-08 14:30:00,0.138435509249734,5.5381055555231,4.27164382911023,32.2071472309744,433.224582453947,3.39824477230834,2
2026-04-08 14:45:00,0.137212268521967,5.29895866695363,4.0044631966382,32.5566634190181,432.709090024551,3.32363779524187,2
2026-04-08 15:00:00,0.1379880182591,2.11068466661323,3.0308980854995,31.6655413505573,431.189886513607,3.27329753195589,2
2026-04-08 15:15:00,0.1358427259179,2.16602822221207,3.05236832483403,32.3622607350231,431.350545751944,3.31124483135807,2
2026-04-08 15:30:00,0.1358767333441,2.3560886153587,3.41134712825617,32.5983147178158,431.519065906361,3.31024759769967,2
2026-04-08 15:45:00,0.135139540777467,2.53780844435923,3.1237449744077,33.1011988372504,430.58755038468,3.25955516038377,2
2026-04-08 16:00:00,0.1411674296526,3.06708466659697,3.8151209231202,32.7397893330877,431.430375593167,3.35642126170005,2
2026-04-08 16:15:00,0.138622370390833,3.0210848888112,3.6868817778341,34.1561195001213,430.928838744883,3.3267475656656,2
2026-04-08 16:30:00,0.141141503716967,2.56568399994244,2.71337333334413,33.8512159442937,429.266456139437,3.3715073377731,2
2026-04-08 16:45:00,0.146505459241,2.86157622214033,2.95103088891403,34.8954792777813,429.273606187206,3.37248348142091,2
2026-04-08 17:00:00,0.1444559259104,2.52700577772754,2.5330972820625,32.019724614949,428.691022482717,3.20046296276954,2
2026-04-08 17:15:00,0.139151162980333,2.27533022215293,2.29955290597827,33.921093158045,428.664189844937,3.18360885004456,2
2026-04-08 17:30:00,0.1416402814944,3.3507237776463,3.6201820000545,35.3801482779747,430.3959499815,3.13745288021534,2
2026-04-08 17:45:00,0.142920585167633,3.18969533322696,3.1137442222698,34.5595010553397,428.88693249742,3.18133868781328,2
2026-04-08 18:00:00,0.1431873481232,1.95156555554833,2.43395912819783,33.055454046678,427.949634844293,3.10491026966577,2
2026-04-08 18:15:00,0.1401442814506,1.7992904444401,2.5642302393553,34.3242208331913,428.07025510438,3.42886169437542,2
2026-04-08 18:30:00,0.138810244429267,2.24305777774017,3.42257977773859,30.9950111617697,422.072564096397,3.61959829631429,2
2026-04-08 18:45:00,0.1602717110969,2.25030777778917,4.75951329904737,31.2610417261754,430.302878564006,3.55208209661083,2
2026-04-08 19:00:00,0.1489305037049,1.75688844446767,4.0052473333383,34.771503721896,430.758098732913,3.37629999050272,2
2026-04-08 19:15:00,0.141749700039267,1.45354466668077,4.91728620627066,34.0483664440373,430.233630011976,3.41172882830313,2
2026-04-08 19:30:00,0.1384525592651,1.3454644444298,5.89077912688763,33.2060364439597,430.867382267853,3.27661145013555,2
2026-04-08 19:45:00,0.1385179185198,0.824401333315167,8.29638511094077,28.7414955554247,435.82024984862,3.30125813697353,2
2026-04-08 20:00:00,0.179138051833067,0.759806666694434,11.1807340005305,20.6359617780227,447.542276535947,3.08370188289476,2
2026-04-08 20:15:00,0.1511745111752,0.648796666724767,9.30547088882472,22.709865555676,450.706494017857,2.79853739068071,2
2026-04-08 20:30:00,0.1500022888297,0.608717111137534,10.2078759998068,21.7386751113331,452.15054155718,2.61720372799588,2
2026-04-08 20:45:00,0.1507753036544,0.582755555599767,11.1471226664353,20.5151595557978,452.392936011064,2.68547420555173,2
2026-04-08 21:00:00,0.153008970328,0.940152888898234,13.9001211110349,14.7941740005045,453.550567199624,3.3857643264031,2
2026-04-08 21:15:00,0.153576918474133,1.25352866667647,12.0283562221484,14.4291040007036,453.591910136227,4.43549986857852,2
2026-04-08 21:30:00,0.155651681440833,1.485771999973,13.6738959998866,13.7367808897656,452.78136796246,4.51701304413704,2
2026-04-08 21:45:00,0.153300081438334,1.50206399996603,12.8708088888733,13.2809315564661,451.95631053902,3.95201313220848,2
2026-04-08 22:00:00,0.1698734741249,2.09285799998067,13.8438622223897,8.72881999998527,457.250991790204,6.35248673782069,2
2026-04-08 22:15:00,0.187456540692033,1.96725911111923,13.4080115558235,9.81351000025559,457.121347336587,5.08674019472934,2
2026-04-08 22:30:00,0.194951814759667,2.15152733336834,13.4892340002988,9.081427111322,458.694861753801,5.66407166748482,2
2026-04-08 22:45:00,0.190788866623467,2.5990731111436,13.9468777781256,7.17350355552703,459.932083959217,6.59704649243007,2
2026-04-08 23:00:00,0.161974111078734,2.14284511109174,12.1302271108633,7.82385755561363,455.933467797964,5.86018905936326,2
2026-04-08 23:15:00,0.160173022192533,2.18998266666533,11.5650933332224,6.74961511110629,456.223759736144,5.54892995643936,2
2026-04-08 23:30:00,0.1601588444096,2.3796211111243,12.4071251110254,6.7885617777937,456.895751463953,8.40564672400415,2
2026-04-08 23:45:00,0.180767911051433,2.46034666669367,12.6588968889761,6.735939777768,456.718379257036,15.4682228317331,2
2026-04-09 00:00:00,0.1787530147608,2.5498740000161,11.0662355557213,6.91523466660909,456.65456094617,12.980904166754,2
2026-04-09 00:15:00,0.202425325910067,2.6830268889483,13.069898667056,5.90529977778336,456.915689997584,12.8540203814761,2
2026-04-09 00:30:00,0.226679900039267,2.9422288889281,12.6974082220866,4.900001111113,457.638575568227,10.380014977773,2
2026-04-09 00:45:00,0.179088977723067,2.57242111111583,10.7513233335447,6.54538777773949,455.77435904968,6.67822177061693,2
2026-04-09 01:00:00,0.217204725964,3.33415088885266,12.3761224447186,4.5214962222351,458.219044938177,16.2391715670799,2
2026-04-09 01:15:00,0.209525866676267,3.28288822217543,12.3102793337865,4.9827793333767,457.380513267397,17.3399354283387,2
2026-04-09 01:30:00,0.268492455563633,3.68003577770933,12.8634373334866,1.43102234094241,460.231313274927,21.0232145417271,2
2026-04-09 01:45:00,0.184425844398633,3.59506199991927,11.3650680004898,3.2972728889499,456.190223136207,11.784660090813,2
2026-04-09 02:00:00,0.175154155589033,2.94078955548797,11.1355368894251,4.04755644451663,456.630104344177,9.11017331259817,2
2026-04-09 02:15:00,0.199364829626767,3.12856688881447,12.1176153339938,4.34882822228633,457.29261317277,11.7895566285352,2
2026-04-09 02:30:00,0.213821622252333,3.6144993332467,12.3174660005222,3.51953444451747,457.979368277067,14.957954021747,2
2026-04-09 02:45:00,0.1850704962444,3.04990533328404,11.2255195561091,4.77686533341066,456.78674566977,17.5367085100835,2
2026-04-09 03:00:00,0.1615079258905,3.09945133324883,10.2794575559726,5.1518771111326,455.763287597834,11.2337135854294,2
2026-04-09 03:15:00,0.1848610740193,4.30729755552376,11.1664306672109,5.492779333356,456.496142927044,14.8446759940911,2
2026-04-09 03:30:00,0.1970363703568,3.22740711106583,11.4204093340077,6.05601866667867,456.9830534395,12.4792986578781,2
2026-04-09 03:45:00,0.173179503732467,3.0375951110621,10.8214035561843,5.08557666670747,456.089624954473,8.8781419809424,2
2026-04-09 04:00:00,0.162697755509967,5.32283866662966,10.2457915560782,3.9760237778211,456.618964641844,5.04151175183017,2
2026-04-09 04:15:00,0.161175059224167,4.1593411110749,10.1658900004495,5.33546133339019,456.0161021561,5.97315125376974,2
2026-04-09 04:30:00,0.168830533315067,5.09559444439329,10.8999895560078,3.80407666675023,456.266201513234,9.84762172501091,2
2026-04-09 04:45:00,0.161179125891767,2.97988666659377,10.0984086671691,4.7890915556049,455.975606735777,7.95046652215448,2
2026-04-09 05:00:00,0.1616949555122,5.01819311105119,10.184955111617,4.14371622228237,456.316729006574,16.3911423596906,2
2026-04-09 05:15:00,0.173102874112667,2.9411999999296,10.894980889609,5.11222644451236,456.133740631204,15.2621626907194,2
2026-04-09 05:30:00,0.1618564592228,4.95144311106066,10.1956455560675,4.5980384445343,456.373035500574,6.85583878025018,2
2026-04-09 05:45:00,0.162662977737967,2.90142311103357,10.1637797783426,5.15019800005827,456.105163935437,5.11850236350082,2
2026-04-09 06:00:00,0.162912007362034,5.13252822215952,10.2793757783143,4.2545128889706,456.368708417907,4.4038550043522,2
2026-04-09 06:15:00,0.161043644404567,4.09533022217753,10.0357140005114,4.6491757778327,456.13403629513,2.45077056606615,2
2026-04-09 06:30:00,0.160803555520067,2.9029773332568,9.94578422274623,5.07601266671537,456.143342434601,2.8886912558585,1
2026-04-09 06:45:00,0.1618083258849,5.29943066663876,10.1728688893765,4.08743622226644,456.288850944164,2.59517473005279,1
2026-04-09 07:00:00,0.160646703671334,3.1708937776888,10.0889862227656,5.0770542222917,456.603033565577,2.13874203549423,1
2026-04-09 07:15:00,0.161202399963034,5.1552357777311,10.0651297782567,4.89487866677843,456.536825852737,2.91212851256768,1
2026-04-09 07:30:00,0.233814622260333,14.0725880004883,13.4728151115135,0.932152197842708,460.727267471,4.71842225858736,1
2026-04-09 07:45:00,0.2417649074148,8.11684555512612,11.9976188889301,0.304915572430071,458.850171571637,11.3913688066417,1
2026-04-09 08:00:00,0.377121400014067,9.198594443905,12.5856511108818,-0.592159097034269,465.095118992226,6.16704385521559,1
2026-04-09 08:15:00,0.161183348105133,6.22058711119413,10.1889060004143,4.0053317778391,455.449422414034,4.81556505431119,1
2026-04-09 08:30:00,0.168433103666067,12.8631817770002,10.3499171114402,3.5124424444847,461.196094173974,4.40993939465278,1
2026-04-09 08:45:00,0.1904210444084,14.0440324447935,13.3627551118725,0.475505293763076,461.54799453938,3.75239446161876,1
2026-04-09 09:00:00,0.178652318552367,7.7165268890199,12.886269111213,3.33186111118516,460.30108642957,2.90074477963959,1
2026-04-09 09:15:00,0.157363318464867,4.17522533329763,12.2771353334118,5.45914000004203,459.247691338457,2.5795774216545,1
2026-04-09 09:30:00,0.1573312443692,4.92784444439283,12.6237562223507,6.39720111113327,458.97438558731,2.76229150904962,1
2026-04-09 09:45:00,0.148396881462267,5.99717044439159,12.478339333475,4.1106704445264,459.02004249154,2.93898399370653,1
2026-04-09 10:00:00,0.1444008518398,5.96162088881449,11.0335317779277,6.52419222212003,455.308493136077,2.84292227640779,1
2026-04-09 10:15:00,0.146888296272033,6.3667308888183,11.0339095556295,7.56914244428749,454.72921606218,2.88692307254775,1
2026-04-09 10:30:00,0.142324414809967,5.1560346666314,10.3308580000559,9.6075533333584,449.9742310466,3.86327123386913,1
2026-04-09 10:45:00,0.1379803778144,5.5920444444446,10.4554675555416,10.4689122221718,446.548128016253,3.63659180956889,1
2026-04-09 11:00:00,0.136227088927933,5.72355822226519,8.91956444428258,10.3688946661415,445.42576867745,3.56500697857502,1
2026-04-09 11:15:00,0.137585477792433,5.46514555558963,8.08178622214951,9.3322548886496,446.947492170406,3.57831069208284,1
2026-04-09 11:30:00,0.138614316253533,7.10562933311463,7.8969966667363,8.97818888869284,448.18435901728,3.74709200135512,1
2026-04-09 11:45:00,0.138871516254833,7.2847786664802,7.18482488899783,11.8498962221714,449.590702288906,3.62058440160372,1
2026-04-09 12:00:00,0.137026521368567,7.00122199993643,6.33543733337416,14.3697326666066,450.027954252846,3.59402072370744,1
2026-04-09 12:15:00,0.135696758412733,6.95929244434137,5.957530888941,17.7975988880296,448.678913777963,3.554141380524,1
2026-04-09 12:30:00,0.133452237560867,6.33179155549559,5.32741849574804,20.9689975550731,446.922979378306,3.55266418157716,1
2026-04-09 12:45:00,0.134680580022567,6.20451933329983,5.1480433846367,23.6587464442706,446.595746068453,3.59039525639448,2
2026-04-09 13:00:00,0.1367743350696,6.23405644447023,4.66857029058814,25.3850066666816,445.216947794839,3.51864725915595,2
2026-04-09 13:15:00,0.137385662152033,6.15912288883829,4.1621567179848,26.745688222433,439.09896667572,3.48582073740836,2
2026-04-09 13:30:00,0.138009276951867,5.82662111102533,3.88229425645097,30.165290974398,436.432671752627,3.49634209162546,2
2026-04-09 13:45:00,0.137447162969967,5.623461555706,3.7910819316871,29.9819089745928,434.122849747057,3.47448149321552,2
2026-04-09 14:00:00,0.136776875227867,5.70425200042213,3.5876880684041,31.0897028721127,434.206528860431,3.51804415612112,2
2026-04-09 14:15:00,0.136057977811933,2.61472266659374,3.33219135049193,30.4424011627484,431.636959873467,3.56608776768268,2
2026-04-09 14:30:00,0.137616659264633,2.55332155546863,3.33021198294163,29.0208375050064,431.974171589567,3.63742515781221,2
2026-04-09 14:45:00,0.142446762974967,3.24588333319966,4.3937242565013,27.613666171986,431.086030337874,3.48935709136995,2
2026-04-09 15:00:00,0.136850111110033,2.11944599989183,2.95956673510593,28.1160232830617,431.662323407784,3.46375001037954,2
2026-04-09 15:15:00,0.135614185195033,1.98588422211683,2.9376185128669,27.9327263942457,431.486001357761,3.56483444446895,2
2026-04-09 15:30:00,0.146371407416433,3.10073444431193,3.94940121374127,28.2687455050553,431.208103814813,3.53192801373686,2
2026-04-09 15:45:00,0.1371633259378,3.0383602221052,3.42351119663617,32.0618879657764,432.279391717511,3.43432508342189,2
2026-04-09 16:00:00,0.1601996147992,2.2951055555057,2.54488887183663,30.7101031109387,430.67614321426,3.49494476533897,2
2026-04-09 16:15:00,0.143347170386567,2.48829533326523,3.00251702564843,29.4126506668137,428.833291139814,3.79437114121935,2
2026-04-09 16:30:00,0.171262199972433,3.25874822210337,3.62784829063147,29.3342017781277,430.39253061176,5.93694560255935,2
2026-04-09 16:45:00,0.1677427184837,2.43268533329413,3.20221977784826,29.6578549915504,430.609885042067,3.7052564163091,2
2026-04-09 17:00:00,0.145590800000067,3.0307822220713,3.00300360688537,30.8336844445217,430.814917689181,3.43568523937152,2
2026-04-09 17:15:00,0.207518199955867,3.62270733326194,4.3272458461826,30.71798283735,429.745688824534,3.85683012223294,2
2026-04-09 17:30:00,0.165595888830767,2.5640948888232,2.20240941881427,31.804184888547,428.75056147089,3.37530131971027,2
2026-04-09 17:45:00,0.161655199961433,2.36159488881767,2.16575733334163,35.094791389197,428.599142376847,3.30726539502859,2
2026-04-09 18:00:00,0.178287985153733,2.88324822212607,3.50292355554973,33.4004082221357,421.113314352839,3.31596465454068,2
2026-04-09 18:15:00,0.180516222218067,1.86303622219237,3.99994822216812,30.596941555085,428.253445194521,3.250796495878,2
2026-04-09 18:30:00,0.165058444433033,2.2689748889092,4.74876088873026,29.157846444043,428.14556342825,3.31524093105058,2
2026-04-09 18:45:00,0.1620841111068,2.61941644444914,5.47512622203666,29.7736868886583,429.997408610214,3.40140837569865,2
2026-04-09 19:00:00,0.1604496888881,1.9271640000157,6.77530196822273,29.137873110805,432.224476246614,3.22866019648937,2
2026-04-09 19:15:00,0.183190870357067,1.5342508889225,9.2239526666061,27.8150404446603,434.139579043297,3.3280564383349,2
2026-04-09 19:30:00,0.188536762953967,1.63673622224157,12.8097639996842,22.9834286662457,436.767316827497,3.52420426920911,2
2026-04-09 19:45:00,0.3394580666875,1.42045200001334,15.1019075558023,12.877557333399,445.83926824556,3.35452209055046,2
2026-04-09 20:00:00,0.3029110296526,2.1805217777332,14.2750280001385,11.3851622226271,464.316412546947,2.92982458835062,2
2026-04-09 20:15:00,0.338272207425067,1.59888288887717,13.9026226667437,12.3974911114297,464.5286088774,2.71592602311713,2
2026-04-09 20:30:00,0.1738586073985,1.5496922222054,11.9056760000589,13.2135662228913,451.534070950607,2.84451624918769,2
2026-04-09 20:45:00,0.453060711365264,4.92947199997803,16.4876486668832,9.38388977802764,464.113408699214,3.95096459340976,2
2026-04-09 21:00:00,0.198238907392033,1.85954977778427,13.4636226666599,9.67783044472726,453.798634760597,3.5337687717469,2
2026-04-09 21:15:00,0.188211329590567,2.13737888892113,12.1033355556195,9.3722568890681,450.882626968314,4.56946058643346,2
2026-04-09 21:30:00,0.264797681546333,2.19228266672284,13.1376408893332,7.75400111097287,460.814875867897,4.3776808406399,2
2026-04-09 21:45:00,0.2094999296673,2.85937911112136,14.6600017780944,8.8352235555592,458.98126164902,5.05448821304374,2
2026-04-09 22:00:00,0.510613997068425,3.3493988888492,14.9807764448302,7.05914066661396,468.803875255277,6.51083943758712,2
2026-04-09 22:15:00,0.166168525954767,1.81779733333593,11.3873939999784,8.26855577780076,456.058839165637,6.01082694179243,2
2026-04-09 22:30:00,0.182553170299,1.9096840000623,11.7003020000993,9.54371511125484,455.766051835641,6.82623073647841,2
2026-04-09 22:45:00,0.157175333305367,1.7767180000035,10.6020506666382,8.42256888884027,457.333236996777,4.23628206227888,2
2026-04-09 23:00:00,0.160298511074033,1.97299377779363,11.0929006666619,9.07993000009744,457.00502832357,4.16053330307295,2
2026-04-09 23:15:00,0.1737292518442,1.86625022228827,12.5637420002136,8.36546400000426,458.126301872476,4.81305204214453,2
2026-04-09 23:30:00,0.1628843110771,1.91948355561174,11.1043044446688,5.82910466664036,458.830168895261,4.08548160686508,2
2026-04-09 23:45:00,0.163151488861567,1.9424235555921,10.4038733335694,6.7904075554706,458.99653234944,3.02781817323551,2
2026-04-10 00:00:00,0.1830718999843,2.25046266668797,10.7779973335617,6.56524177769776,460.703504073904,2.24256457147889,2
2026-04-10 00:15:00,0.1584295851519,2.06297533337667,9.92295511136617,7.5725093332603,457.338301757727,2.56899073206557,2
2026-04-10 00:30:00,0.158794370343,2.2614693333645,10.2746862225376,8.2597335554854,457.102202183804,2.28634711573209,2
2026-04-10 00:45:00,0.161590659229967,2.0806326667119,10.3185680001773,7.16796577772903,458.061361957464,2.18762891852461,2
2026-04-10 01:00:00,0.1824993296092,2.36824377780873,10.2452955558507,5.50581399997243,459.075557853524,2.20856260996959,1
2026-04-10 01:15:00,0.167461762926933,2.63349955556517,10.2690973336927,6.11960711108836,458.30713600985,2.14462035378602,1
2026-04-10 01:30:00,0.160144674041533,2.68413244445407,10.5229748892496,7.60721244437079,458.239307497424,2.29661655097111,1
2026-04-10 01:45:00,0.172095414783233,2.92574644443567,10.2067124449302,5.1381291111557,459.264301492724,2.20539033569671,1
2026-04-10 02:00:00,0.1623118518191,2.83215133334117,10.3910113337598,6.97550755550086,458.218340563354,2.07284363379805,1
2026-04-10 02:15:00,0.159645792559267,2.75867777777303,10.2022575558875,7.42096377767526,457.77352908753,2.02828036201645,1
2026-04-10 02:30:00,0.1883207888617,2.8612086666097,10.3131473338716,4.89230488892703,466.388297202837,2.00154043020857,1
2026-04-10 02:45:00,0.162437814781433,2.89250133332074,10.2998833337759,5.20550755559143,457.873878926201,1.93837941502434,1
2026-04-10 03:00:00,0.165573696263167,2.31169222225333,8.57970311139693,6.5554897777341,458.295195267054,1.92927539435287,1
2026-04-10 03:15:00,0.163288444408267,5.01542288882963,10.335967556004,4.35911066673844,457.830939993754,1.8692971750057,1
2026-04-10 03:30:00,0.166516399960133,2.8269424444465,9.95266000053657,7.04172644438253,458.84091565212,1.92731305410654,1
2026-04-10 03:45:00,0.167246503672933,3.3363215554712,10.2613544449616,4.9000884445132,458.654568858584,1.83110417887896,1
2026-04-10 04:00:00,0.1618339036734,2.6935040000056,9.95718711157034,5.63015600003313,456.910292541214,1.79957830931127,1
2026-04-10 04:15:00,0.1614642888551,2.8405908888379,10.1037180005191,5.5232259999918,457.08601510787,1.7954580841389,1
2026-04-10 04:30:00,0.162576814780167,2.8745151110936,10.1919135560987,5.07687000003767,457.72012012887,1.75330212336565,1
2026-04-10 04:45:00,0.167294637002,3.05770066657917,10.2752064450187,4.8596682222819,458.867089382451,1.67205188279235,1
2026-04-10 05:00:00,0.175152199962333,4.87989866660926,10.2946335560824,4.54241844450074,459.084988295614,1.71576005437086,1
2026-04-10 05:15:00,0.174319888850633,2.80366444441844,10.1494193339097,6.65298577770433,458.728608128437,1.70536448715909,1
2026-04-10 05:30:00,0.174763755518333,4.12222444439927,10.2407291116508,4.5904017778335,459.140934735694,1.76960629334205,1
2026-04-10 05:45:00,0.174069407371467,2.9192362222159,10.1266906671963,5.24426644447933,458.988916405357,1.66057489481572,1
2026-04-10 06:00:00,0.174914222186167,4.1820122221818,10.181666222768,4.8624064445155,458.722664344681,1.63868662059327,1
2026-04-10 06:15:00,0.174182740705667,2.8545646665987,10.1137773338927,4.93898888893233,459.123365995531,1.60615429400184,1
2026-04-10 06:30:00,0.174827829593567,4.88763511106403,10.1549704449715,4.79653377784443,459.018552003547,1.63620187151663,1
2026-04-10 06:45:00,0.223806000020933,5.08037933328266,11.9808286671505,4.19367266673283,460.116576888744,1.65814611885537,1
2026-04-10 07:00:00,0.170946111075667,6.05711822210183,10.2245035560487,4.31503200005037,456.908627542027,1.66900111972751,1
2026-04-10 07:15:00,0.1731063555158,5.815612666591,10.3134371115976,4.11141888893387,458.138383990754,1.72786224373054,1
2026-04-10 07:30:00,0.1622946666314,3.26618999992173,10.0880320005797,5.46808511111953,457.241205028801,1.60949509392224,1
2026-04-10 07:45:00,0.166358348109267,2.63127311112973,8.8066131112942,4.3696180000466,456.821232613554,1.63783085072686,1
2026-04-10 08:00:00,0.1869069888518,2.9639088888326,10.2364713338635,4.06143933335797,463.681197361807,1.63729105685762,1
2026-04-10 08:15:00,0.159356014776867,2.86419888883314,10.1208724449834,4.18331044448357,456.49863755526,1.64592809248006,1
2026-04-10 08:30:00,0.1619175703258,6.80046955537241,10.415011778072,1.05822901079788,458.776013395887,1.78226629140284,1
2026-04-10 08:45:00,0.1608581555137,6.01071844430414,10.6434706669009,2.63101514686534,456.37025377899,2.67115408725271,1
2026-04-10 09:00:00,0.159967718461333,5.91930844435513,12.291088888947,3.8418017778723,457.035363999093,2.64358697634857,1
2026-04-10 09:15:00,0.179545799967233,6.5253197777127,12.9336364446948,5.7542371111363,459.239100486416,2.56756664662379,1
2026-04-10 09:30:00,1.89980530672602,10.2643119997966,14.3366968886742,7.98914777782879,462.310255734086,3.87795556491877,1
2026-04-10 09:45:00,0.140943029660267,5.98304488883203,8.9126473334877,12.7648484449459,447.269953000726,2.73293077140023,1
2026-04-10 10:00:00,0.137843488900133,5.98371377772302,9.41074022208868,7.60833777755213,447.6968289332,2.79488826573809,1
2026-04-10 10:15:00,0.138892259259933,6.17231111106173,8.8068804444299,12.6816764448449,445.069308588647,2.86734560847874,1
2026-04-10 10:30:00,0.134886429664767,5.70927199997416,7.94700488897427,15.4150975561398,444.07855749246,2.87738398487678,1
2026-04-10 10:45:00,0.130237333366933,6.10399088895873,7.97615888872617,17.0314975556335,442.850068609363,2.96857638035938,1
2026-04-10 11:00:00,0.137009555582,6.65281177796196,7.48209155546021,14.2833671111975,444.156603814794,3.07608871368534,1
2026-04-10 11:15:00,0.136400155584233,6.76347911109797,7.2002197778963,13.9284057776913,446.79574959668,3.22037947461428,1
2026-04-10 11:30:00,0.133732029655167,7.0774806665321,6.58697977786693,15.6820537777397,443.682194442883,3.16541552327571,2
2026-04-10 11:45:00,0.135747340770067,6.71885422211263,6.17233555555787,17.7080913330158,448.402821414389,3.26491878247503,2
2026-04-10 12:00:00,0.131450044436067,6.4080511110241,5.8829066666682,21.5413582220192,448.461483016766,3.28876370473088,2
2026-04-10 12:15:00,0.1282267555444,6.39033333324223,4.33644288885537,25.0975668887516,442.645840904664,3.25090638241697,2
2026-04-10 12:30:00,0.126957925911,6.27185977772359,4.2341388888643,26.2830506665047,441.26769101037,3.28124100301886,2
2026-04-10 12:45:00,0.132527125937167,6.47245888876036,4.37898591451677,29.389553811601,438.177669951177,3.34282874797768,2
2026-04-10 13:00:00,0.1352010963331,7.44329111103503,5.89803511121193,28.7637768890867,435.668495238994,3.46775355735345,2
2026-04-10 13:15:00,0.1373025518736,7.25687377776243,5.77381947017413,28.541023555731,436.960861912001,3.57301287900376,2
2026-04-10 13:30:00,0.1343091459165,7.5124082221753,7.02923688894943,26.445449777964,437.298625110784,3.45727762388949,2
2026-04-10 13:45:00,0.135731927111067,7.4625731111007,5.807045470177,25.2402713333267,437.414402374371,3.45558402438403,2
2026-04-10 14:00:00,0.132498068905833,7.1635339999332,3.39442659828863,30.2855830086604,435.038037236777,3.43635554177321,2
2026-04-10 14:15:00,0.1330567037657,5.49502622190623,4.33700470089067,33.2128907514304,433.578316540937,3.42484497106763,2
2026-04-10 14:30:00,0.132881007423967,6.8648920003533,6.13153866682047,30.9927222561557,435.415054124857,3.66609419912266,2
2026-04-10 14:45:00,0.136648622229667,6.9991864448004,6.76871716264457,29.5350716580187,436.050440890364,3.5436820480081,2
2026-04-10 15:00:00,0.136012844473,1.79404311105684,5.5178600000224,28.9003023248657,434.623408070733,3.45617736024993,2
2026-04-10 15:15:00,0.145722992598867,2.43753444437523,6.21325799997297,28.4702179997707,434.03877335447,3.51067331831844,2
2026-04-10 15:30:00,0.145363400019633,2.35067088885483,7.63849982875185,25.461059333455,434.979591035007,3.5840541638624,2
2026-04-10 15:45:00,0.179702681468067,4.49194088872733,9.31067555543378,22.1657684442286,438.261465962767,3.88094139441522,2
2026-04-10 16:00:00,0.1757619185295,4.02413644436616,9.11832866650524,20.917753999994,439.195650623544,3.54888228798504,2
2026-04-10 16:15:00,0.164990748130133,7.30136044479294,7.83586466675571,28.3353504443097,435.10310364706,3.50059732496019,2
2026-04-10 16:30:00,0.179288414803867,3.28505466660983,7.50477466645511,28.6805704441687,435.584279451583,3.45742473143375,2
2026-04-10 16:45:00,0.2539518666235,7.38396644509097,7.52205911115221,30.072210666788,435.03166740507,3.45442746982099,2
2026-04-10 17:00:00,0.143668859267167,2.8083524443791,6.20597270066508,31.3340583755657,434.48948201645,3.6172607260412,2
2026-04-10 17:15:00,0.1777200074046,8.79830400016647,14.3839735557056,23.5539133330163,438.175100581797,3.65129029602169,2
2026-04-10 17:30:00,0.136901833368,1.64435461536123,7.83189123774521,31.2541606665593,432.51160664999,3.78018285931746,2
2026-04-10 17:45:00,0.157592755573467,3.4008697776925,8.07731685694384,29.7735422217513,433.923023817777,3.60002350472387,2
2026-04-10 18:00:00,0.191193014812867,3.73018288879873,8.51954399970333,29.605177999923,435.538604903747,3.61210789358495,2
2026-04-10 18:15:00,0.144583992617467,1.91135399997393,9.79661488863771,28.4012344441193,434.269983383213,3.71865084596366,2
2026-04-10 18:30:00,0.1408769741303,1.47926155556917,9.08340977744716,26.2324346667,434.804843772333,3.54697766041972,2
2026-04-10 18:45:00,0.1459145333632,1.86632666666813,9.6768046662161,24.1858288892427,438.125110122764,3.57418051904917,2
2026-04-10 19:00:00,0.145996151919333,1.8427015555345,9.11309044404343,26.5812717778577,434.94097026538,3.64675897407969,2
2026-04-10 19:15:00,0.152185807423533,3.09355488884037,11.0729359994572,23.9043753333687,439.391533506714,3.67631447820425,2
2026-04-10 19:30:00,0.1548069555539,2.92700244439263,11.212214443826,22.049602000573,440.512213784063,3.69929615384887,2
2026-04-10 19:45:00,0.155143259220767,1.97099355547903,11.0520877772742,23.6832751110367,437.692841756636,4.48826119885317,2
2026-04-10 20:00:00,0.151817792594334,2.39933688890197,11.1497766667864,20.8011504447782,440.909981210646,4.18548130096333,2
2026-04-10 20:15:00,0.151310014813367,2.19410755551463,11.0424213336021,20.0877151114139,440.192808122953,4.34003125294621,2
2026-04-10 20:30:00,0.151971655579267,2.36463999997607,11.3260202222508,17.2376964445299,439.297776121583,4.39840568763998,2
2026-04-10 20:45:00,0.158937768531034,1.92498333327373,10.7334271111828,14.6095468886975,458.63546326619,3.95323963714178,2
2026-04-10 21:00:00,0.1894168370179,2.97486911113457,13.2875657777555,13.7977377779742,461.159228284117,4.1378637428156,2
2026-04-10 21:15:00,0.1517685704437,3.29640888887003,9.42947533342851,22.5896146669413,439.854244046467,4.42469323631265,2
2026-04-10 21:30:00,0.148227644521767,3.95284733329744,10.1348031108441,22.3499351114623,440.498082667337,4.37964724092624,2
2026-04-10 21:45:00,0.161889911101767,2.9094737777131,11.1676444444468,9.90160177779457,458.06103402352,4.07187248859029,2
2026-04-10 22:00:00,0.1592224148252,2.3100697777324,8.73142911117387,9.5533326664086,478.456484964133,4.05418752882971,2
2026-04-10 22:15:00,0.1594099333457,2.16908799994354,8.69344711105906,9.24186666646593,471.75847507759,4.38421417189769,2
2026-04-10 22:30:00,0.160690118539167,2.34962266662177,9.17200155556676,9.13730111099603,477.256120490783,4.39171247789303,2
2026-04-10 22:45:00,0.171511018524467,2.3571024443951,9.75750244468014,8.2817866665117,463.86752809853,6.17050211348422,2
2026-04-10 23:00:00,0.163294240747767,2.01761866662997,9.62508955569487,8.3965177776833,453.956930789964,5.16320106462737,2
2026-04-10 23:15:00,0.1621181036765,2.58926622224923,9.42051977784553,8.81853511110303,458.97738703007,3.70627871991341,2
2026-04-10 23:30:00,0.160008103701,1.81847711111433,9.03901577789626,8.1505766665427,455.163152985254,3.48182376507466,2
2026-04-10 23:45:00,0.1606535037013,2.85355577780317,9.45433000000894,8.6019066666042,455.172724368557,3.53945082007345,2
2026-04-11 00:00:00,0.158881644428734,1.662694666672,9.16794222225943,12.2050528892026,449.581628622544,3.73128846011525,2
2026-04-11 00:15:00,0.162633874077567,2.16964244444643,8.7467608889595,5.7891708888573,465.66836685017,3.5090329664309,2
2026-04-11 00:30:00,0.160343392583633,2.78705422224857,8.89002000008673,6.0980166666273,466.362429134137,3.62442081953595,1
2026-04-11 00:45:00,0.1625472592515,3.19067688889836,8.73732644462644,5.79937666668127,472.828168954093,3.3368366188968,1
2026-04-11 01:00:00,0.1622446073892,3.59804644443387,9.09907844461027,5.19884755555137,471.387145089913,3.40381952055907,1
2026-04-11 01:15:00,0.162397385167767,2.4081000000293,7.06657622232632,5.55766733335486,480.66823742176,3.55345130298095,1
2026-04-11 01:30:00,0.1655692222145,3.19418800000983,8.747938666853,5.8332013333415,476.514423241387,3.48877442428948,1
2026-04-11 01:45:00,0.161018362946667,3.00456933336446,8.7022791112952,5.58277400002617,470.69283045069,3.80689296020415,1
2026-04-11 02:00:00,0.160430488880867,3.43026999999667,9.50697577778521,9.79153777787484,457.966694385084,3.9850271041122,1
2026-04-11 02:15:00,0.1403022222227,2.6356786667011,9.96458444454585,12.166529111438,446.998342688344,4.01378712054454,1
2026-04-11 02:30:00,0.1718004814686,3.90667333332076,10.276206000029,9.35527377778517,458.122393124667,4.79475226374856,1
2026-04-11 02:45:00,0.164993607397033,3.79908333330803,8.83715266697581,5.784880000024,481.610478134323,4.79632320748455,1
2026-04-11 03:00:00,0.1671990555214,3.37189222215566,9.43255444489354,7.34817711099313,477.272121897633,3.57278764254391,1
2026-04-11 03:15:00,0.174220711088033,2.97479266664383,9.95632400051671,4.40390777779391,483.757390184173,4.13027862616852,1
2026-04-11 03:30:00,0.1762447258854,2.3986237777896,9.89311533381338,7.52698222206146,477.62490077122,3.53696315133382,1
2026-04-11 03:45:00,0.1759507851438,2.4976866666684,10.1308733338126,5.29387888889373,479.78972881524,3.27151473410129,1
2026-04-11 04:00:00,0.175946548107,2.66472888885133,10.1387575561264,5.50534022222463,477.20655704199,3.35503035580613,1
2026-04-11 04:15:00,0.180431925893267,2.5293726666736,9.76667000045571,5.35762044443163,536.00166973596,3.11070880184233,1
2026-04-11 04:30:00,0.175544303663867,2.53525533333856,10.0370113337638,5.98174377775336,472.699697536637,3.2525078912763,1
2026-04-11 04:45:00,0.1760567629224,2.48621000000466,10.0370760004705,4.60805511112807,477.592107080023,3.10733985313707,1
2026-04-11 05:00:00,0.175942636997533,2.7050997777576,10.0820362227787,5.23077977778397,477.106149585343,3.12524018967223,1
2026-04-11 05:15:00,0.175935325877833,2.6847297777818,10.1097373337871,3.93405466668627,477.092289462453,3.01742069141922,1
2026-04-11 05:30:00,0.175478074030833,2.6054168887956,10.1666522227743,5.61007155556873,478.942443462207,2.96136728746828,1
2026-04-11 05:45:00,0.174521851811067,2.543789333263,10.067427333861,4.95569355558464,477.037258312487,2.9159220048761,1
2026-04-11 06:00:00,0.176340362921167,4.8750308888463,10.1461657782754,4.4951862222573,478.33987142892,2.86486357589631,1
2026-04-11 06:15:00,0.177295740708867,4.7519926666256,10.0559202226805,5.10562155557027,480.639736565487,2.7572114044705,1
2026-04-11 06:30:00,0.179077718488467,4.71479666663197,10.082065111596,4.80656000003774,482.187017598327,2.70004965086758,1
2026-04-11 06:45:00,0.1792956184913,4.73878022218853,10.1986633338232,4.7727163333817,480.016117411107,2.73545220220935,1
2026-04-11 07:00:00,0.1785617962677,2.18642555549237,10.0508237782933,4.86246900001574,480.413477978593,2.63779222191635,1
2026-04-11 07:15:00,0.176866474036067,2.21404977773157,10.1391300005296,4.15981755558247,479.05083140443,2.6141426443102,1
2026-04-11 07:30:00,0.175214818485034,1.95912333334737,9.87048155600107,5.29446399999717,472.391459889947,2.71768237999779,1
2026-04-11 07:45:00,0.175006307372,4.91456222218203,10.1695948894005,4.24996888891794,473.689327265343,2.6766191600171,1
2026-04-11 08:00:00,0.174128844399167,2.54734755556466,9.98719688930781,4.33573444446324,472.024376537103,2.73310849494206,1
2026-04-11 08:15:00,0.173708270321667,2.6454873333393,10.0429573337713,4.1066448888968,469.8386381612,2.74134634133269,1
2026-04-11 08:30:00,0.166727240704267,3.39757244440076,9.85411844482067,3.7968133333703,465.395298674677,2.77395714287576,1
2026-04-11 08:45:00,0.1627481184878,3.0524251111408,8.21142688901543,4.63813933337533,453.00175008664,3.03277540016784,1
2026-04-11 09:00:00,0.142156029622333,3.8183748888726,10.2038822222509,4.0318882222746,448.035166374243,3.60088750879436,1
2026-04-11 09:15:00,0.1382591407693,3.7968071110807,9.60837444445248,6.97776333328324,445.77150610737,3.48820938079955,1
2026-04-11 09:30:00,0.138145207435467,3.7411893332832,9.49430711112881,10.7834804443693,444.883568191503,3.47073735085592,1
2026-04-11 09:45:00,0.134260481522233,3.488893999958,8.96542866664237,11.1986019999664,444.211068188226,3.38589971749745,1
2026-04-11 10:00:00,0.132872500062733,4.32174111105324,8.49684533331271,13.0130948885616,444.521316439206,3.85931976391448,1
2026-04-11 10:15:00,0.133474574115133,5.69324933333239,8.02555466657513,13.2192782220105,443.45608064716,3.38555189972448,1
2026-04-11 10:30:00,0.131220140780833,5.1768697777662,7.32601488892621,16.5582537784153,441.731433349717,3.26685356036057,1
2026-04-11 10:45:00,0.129869237067167,5.65435422225217,6.8118655555485,17.5063191115701,440.97646296638,3.28340839879764,1
2026-04-11 11:00:00,0.126850785182267,6.71231066659963,6.6763746666534,19.2302288888247,441.383321235627,3.33376902221679,1
2026-04-11 11:15:00,0.127053585180267,6.77459955544246,5.93522066660234,21.2456035553923,441.389487432967,3.24506320902195,1
2026-04-11 11:30:00,0.131238267223933,7.34750355544617,5.83072516234954,19.7310577774388,444.452143445973,3.37627372720563,2
2026-04-11 11:45:00,0.129716052420233,7.06064955547023,5.33719227347277,22.1519508886715,441.21813057644,3.44030528110403,2
2026-04-11 12:00:00,0.128061526465833,6.91533977769343,3.95686757260837,23.9587106666809,439.48393081948,3.56868822267,2
2026-04-11 12:15:00,0.133206114555933,7.00048111103116,3.9016544615465,28.724306427411,435.642554109628,3.96422449385838,2
2026-04-11 12:30:00,0.1363980384983,6.94105266667904,4.05193594877807,30.3513803077967,434.618807671651,3.95175099994542,2
2026-04-11 12:45:00,0.133286178286467,6.7436308888606,3.17208682054634,30.5118259488624,436.148700268597,3.85189963566241,2
2026-04-11 13:00:00,0.135975933822767,7.31067822263497,2.78877405128107,34.747077504363,435.549709298604,4.1033901292867,2
2026-04-11 13:15:00,0.133687482647067,6.4024457782333,3.24644468375984,34.1645587007634,434.48360507213,4.31900934984438,2
2026-04-11 13:30:00,0.134265362965333,7.22563244497,3.77477994871431,33.7874427342697,433.608022949177,4.96633600929723,2
2026-04-11 13:45:00,0.135605096321367,2.46509377772097,3.80384263249373,33.6973653502037,432.975070036164,5.39165334198552,2
2026-04-11 14:00:00,0.137038562993067,6.5180402227464,4.05885875215737,33.025879708885,433.346217132023,4.88889069934868,2
2026-04-11 14:15:00,0.1434855259194,2.82213799994454,5.13453158976077,30.5750259826687,433.982021084603,5.43211438456161,2
2026-04-11 14:30:00,0.152597992616833,2.49288222215957,6.13063955551846,29.1230475551373,434.285814811056,5.6343781017825,2
2026-04-11 14:45:00,0.183713244430133,4.19197599986869,6.76442111105617,27.8433446664303,435.001558944994,5.81474739078748,2
2026-04-11 15:00:00,0.1606357185042,8.2596220005174,7.63943044463083,27.862491333286,434.57528473121,5.38064856314859,2
2026-04-11 15:15:00,0.1471463925634,2.90512022211993,6.69520355558924,27.948993777759,433.21985058314,5.17647655478782,2
2026-04-11 15:30:00,0.151681607413633,3.2664579999184,6.53570000002273,29.0665859999193,433.413241854443,5.14274205777685,2
2026-04-11 15:45:00,0.144369859230467,2.77427911104367,5.86845400001503,29.491009999785,432.412776113904,5.04703679964946,2
2026-04-11 16:00:00,0.144715940726333,2.87591955548667,5.10653999993107,30.4775855550323,432.5045909633,4.91631878429277,2
2026-04-11 16:15:00,0.143991311127733,2.68519377772857,5.55461266654714,30.8729308200977,433.576047937033,5.10430204333542,2
2026-04-11 16:30:00,0.1409232222434,2.06955066663163,6.66865605106531,29.1742243759523,433.092848405303,5.15402018117967,2
2026-04-11 16:45:00,0.1379377037352,2.03661222219217,5.37383177765317,31.2871491108133,432.952573054636,5.18973177387673,2
2026-04-11 17:00:00,0.136950429667233,1.9977277777382,6.02261977762134,31.0025172644773,433.190775550247,4.99297080866206,2
2026-04-11 17:15:00,0.135635892625967,1.80477511110683,6.3180678288978,30.0882787006663,432.96117785246,5.0191062124326,2
2026-04-11 17:30:00,0.135676048187,1.84697777776883,7.00070360658177,28.159659213606,433.157797878727,5.09084262930506,2
2026-04-11 17:45:00,0.138903159297133,2.19343777775,7.00292888876741,28.4752437776483,433.87801431283,4.97677241858896,2
2026-04-11 18:00:00,0.1418676444801,1.76122822220743,8.6998126664364,29.0386757093613,433.213614330163,4.89588399906259,2
2026-04-11 18:15:00,0.161758170388967,2.6419971110489,10.6166139997351,26.578345333059,434.485511793503,4.93394579259106,2
2026-04-11 18:30:00,0.148462600010667,1.86294066669467,11.9019146660192,24.878095333062,433.23916627615,5.02961695140562,2
2026-04-11 18:45:00,0.148172381485133,1.94367333333913,12.1024339990931,23.2532757776907,436.149857417967,5.05689024891608,2
2026-04-11 19:00:00,0.1495232962949,1.4036771111455,13.3939713331722,23.5001511111634,434.649615731503,5.15612850385328,2
2026-04-11 19:15:00,0.1460291296519,0.9817104444662,12.4158806667357,23.604425777675,435.002412682646,4.88665736723034,2
2026-04-11 19:30:00,0.142146040760467,0.938625555534333,13.6386951115322,23.9456495552417,435.57253658597,4.43391044884492,2
2026-04-11 19:45:00,0.1389615740884,0.887829555547133,13.75131688937,26.3520682218327,440.208004013227,4.03258514561712,2
2026-04-11 20:00:00,0.130202199997867,0.915651333328066,13.8857417780671,26.8949511106804,436.49294250152,3.72850708667577,3
2026-04-11 20:15:00,0.129044940771533,1.0442788888442,14.0505844446751,24.8788873329281,437.172490499716,3.47351249880423,3
2026-04-11 20:30:00,0.129068385228667,1.0816531110877,13.9924082223747,24.5109751106071,437.323744779863,3.38054371116061,3
2026-04-11 20:45:00,0.1290877703872,0.923790222187467,14.4269133334998,24.0452682218277,437.61754865482,3.14078475180756,3
2026-04-11 21:00:00,0.129850488910967,0.8867262221888,14.85646644442,21.0730593336524,439.68211396127,3.09398738744035,3
2026-04-11 21:15:00,0.130134281494667,0.8743751110808,14.8528153332515,23.9723602218987,439.50690367019,3.05922001240445,3
2026-04-11 21:30:00,0.131164155562133,1.18628888883387,15.8427951111454,22.1161551109191,440.16421637127,2.96772829542879,3
2026-04-11 21:45:00,0.130211237067167,0.856198222209566,15.5137744443762,20.9549324448621,440.182245012953,3.02231717314145,3
2026-04-11 22:00:00,0.132066948187567,0.926164444440967,14.8400679998778,19.6765857777217,443.772938835103,3.12538296661694,3
2026-04-11 22:15:00,0.1333565333577,1.218419999961,15.1748755555334,19.2367677776797,444.077727468196,3.10625918657766,3
2026-04-11 22:30:00,0.1317611926284,0.916501333304334,13.9286079999533,19.7813464444673,444.10956207156,3.16401234611939,3
2026-04-11 22:45:00,0.1337610148347,3.14353066669253,15.1062713331553,18.909570444328,444.38942741455,3.43544483338265,3
2026-04-11 23:00:00,0.133577933343633,2.94427844446007,13.7071177776353,18.8617382221961,444.399697467703,3.56933079446007,3
2026-04-11 23:15:00,0.133577711131633,3.45659044444783,13.9689402221103,19.0231508888713,444.849116639183,3.37947004465084,2
2026-04-11 23:30:00,0.1318839333587,2.86346333335057,13.6688048888026,19.2841055554447,444.193567939479,3.46449731599256,2
2026-04-11 23:45:00,0.13222664446,2.80954888890363,12.4120208888525,17.9823626666333,444.15778758561,3.60662991419983,2
2026-04-12 00:00:00,0.1320547852085,2.21983244446373,11.9049457775548,16.9973113332837,443.779147612873,3.82555731280513,2
2026-04-12 00:15:00,0.130987562992167,1.02804666660603,11.6168233329995,19.4390544444877,442.911264405173,3.58251498068553,2
2026-04-12 00:30:00,0.131715762983533,2.80754244446133,11.9324399997524,17.6949382221303,444.07554234511,3.49644893062936,2
2026-04-12 00:45:00,0.131006762996367,3.7129139999599,11.2810913329184,18.7967464443169,444.552216421949,3.42989052848448,2
2026-04-12 01:00:00,0.135470488934767,3.4400139999842,11.5001508886106,14.9489399999355,444.33825084577,3.33421153976636,2
2026-04-12 01:15:00,0.131040585207333,3.53308933330223,10.7416671107958,18.0585693333483,443.26346181118,3.47736859601047,2
2026-04-12 01:30:00,0.129663718530467,3.2207104444295,10.706738888697,16.682345333176,443.797446463496,3.31833038402256,2
2026-04-12 01:45:00,0.1340361481761,2.63730777779373,9.0427584443365,16.1799280001635,441.37696143282,3.22223615851257,2
2026-04-12 02:00:00,0.1347844370687,3.53300711106633,10.0205135554591,15.4795244447028,444.215372881563,3.10686622914896,2
2026-04-12 02:15:00,0.133901703746167,2.9660926666677,9.22204022222461,14.7705391116576,443.1661881261,3.10529884510193,2
2026-04-12 02:30:00,0.134014963001433,3.41830822218603,9.43940444441654,15.8806388890866,443.994006941423,3.26211890358969,2
2026-04-12 02:45:00,0.1339399852291,2.64837622223517,8.71540400001851,15.2411766671497,442.456439117836,3.25438587984523,2
2026-04-12 03:00:00,0.134771659301267,3.50672777774003,9.2669711111604,14.5031326670343,444.131086780347,3.37495941621116,2
2026-04-12 03:15:00,0.1368255481747,3.70650422218837,9.27353466678396,12.6680844447676,444.894988126344,3.59812228372983,2
2026-04-12 03:30:00,0.134400911117833,3.00464022222343,9.7004048888043,17.1029048888219,444.403562789423,4.20454137477388,2
2026-04-12 03:45:00,0.134400733350967,3.16410999999286,10.0303066665256,15.6266546668365,444.97624174852,4.14610576281549,2
2026-04-12 04:00:00,0.134309444475267,3.01286311111323,8.81414688887584,15.9812375559106,443.87090774392,3.68401385151135,2
2026-04-12 04:15:00,0.135277155580533,3.13148199999193,9.90257488876573,15.3656933335515,444.810819654693,3.64300157559472,2
2026-04-12 04:30:00,0.1346364296593,3.1654986666694,8.6002248888968,14.1888377782264,443.92033548584,3.59151555068098,2
2026-04-12 04:45:00,0.133947792636633,3.49427577773987,9.28819511114274,15.0634817784053,444.538168041783,3.95064074456344,2
2026-04-12 05:00:00,0.135521429655167,3.68815777774357,9.1948591111672,12.2167484445965,445.728257655227,3.75084381652743,2
2026-04-12 05:15:00,0.137457574095667,3.5957844444203,8.99812733350344,10.7953997779139,445.642743637447,3.5446499174143,2
2026-04-12 05:30:00,0.136306244480333,3.1732555555384,9.23059200011524,13.9018013335438,445.111895491307,3.41061072185934,2
2026-04-12 05:45:00,0.133693414857033,4.05693822214857,9.07604666662154,16.2847453335689,443.03118950948,3.2554369134496,2
2026-04-12 06:00:00,0.1333662667075,3.46128044438154,9.05262333341157,15.9163864447769,444.347760627203,3.30506469371402,2
2026-04-12 06:15:00,0.141039077791333,3.56405733328863,9.02422355573414,11.983902444689,446.40365386954,3.28947556377646,2
2026-04-12 06:30:00,0.159817177790367,3.7341559999628,9.63518444447444,9.25572155553244,458.01465064719,3.28429837032594,2
2026-04-12 06:45:00,0.1605316074057,3.71987844440723,9.12711711126844,8.5309239998311,461.45227147645,3.20519856324014,2
2026-04-12 07:00:00,0.137587522243167,3.57896999997806,8.75656888906067,10.003502444396,446.101569132014,3.23158454154897,2
2026-04-12 07:15:00,0.1416326296389,3.2216157777625,9.13000711120204,10.2105866666183,446.276534307637,3.29698374570044,2
2026-04-12 07:30:00,0.1345135481984,4.64507711108576,9.51799022229294,14.3399368892005,443.739892473597,3.74204528491314,2
2026-04-12 07:45:00,0.1349653185567,3.052656444441,10.0383113332885,15.9820037777861,442.990514110606,4.37894478790486,2
2026-04-12 08:00:00,0.1359610667075,3.57253933329843,10.1921624442675,14.7524335558457,442.82426361995,4.20779093832932,2
2026-04-12 08:15:00,0.132237674109667,3.53163688886787,9.47907044434373,16.0847828890134,442.531677971616,3.87146714956047,2
2026-04-12 08:30:00,0.1270236444707,3.0412884444485,8.13164999987338,16.8718135554183,441.347882196369,3.96633339863385,2
2026-04-12 08:45:00,0.1255460444613,3.01432555556567,8.10391311098454,20.1089611108677,440.36616836934,4.03528609182586,2
2026-04-12 09:00:00,0.1317754000378,4.06287888885344,8.16783355547108,15.2144506669378,442.004716545227,3.89970936571016,2
2026-04-12 09:15:00,0.1286447037342,4.26279955551427,8.37562822209548,17.0918737778804,442.20734994232,4.01794088011062,2
2026-04-12 09:30:00,0.126121133342267,4.1287428888513,8.15978666652545,19.6440931110206,441.866926716233,4.08488752703065,2
2026-04-12 09:45:00,0.1287784518463,3.8765999999676,8.43064199985201,19.59722488886,441.343045167013,4.18240284225449,2
2026-04-12 10:00:00,0.129666911111233,3.45901955555877,8.82274577750153,19.337535999825,440.804628964713,5.00317904046443,2
2026-04-12 10:15:00,0.124925970389233,3.64561688887261,8.06370644426651,19.504835110944,440.057609270153,4.89421344093362,2
2026-04-12 10:30:00,0.1274634057054,3.91165488886544,7.52676911095931,20.5430819998612,440.506548993364,4.6699261913107,2
2026-04-12 10:45:00,0.117196292855942,4.08444177775024,7.05828088880721,20.9985395556028,440.31134412604,4.56383575261802,2
2026-04-12 11:00:00,0.117097201266475,3.94613133318114,5.084238222173,22.5700435555787,437.484309580627,4.63076902839078,2
2026-04-12 11:15:00,0.116957632334436,5.30697822202204,5.32780999994554,22.1977397779197,439.692020474427,4.58573507116858,2
2026-04-12 11:30:00,0.127267292889233,4.66818088877864,5.64270133335227,23.3668393333803,438.97661647846,4.39329285562092,2
2026-04-12 11:45:00,0.123358570358667,7.20443511130974,5.30588599996904,21.9947722222753,439.98735036666,4.3306160607301,2
2026-04-12 12:00:00,0.1288525344842,7.55067244456606,6.27728577766004,20.9655508887896,440.136397853143,4.55879708645367,2
2026-04-12 12:15:00,0.124238696285833,7.07876044457747,4.7015760000146,23.848110888592,436.580490823696,4.56755978009034,2
2026-04-12 12:30:00,0.125049911665866,7.51083533336013,4.94770244440107,22.8372942219497,436.28593531732,4.46398521672588,2
2026-04-12 12:45:00,0.1252559042611,7.56221933336374,4.2115775384138,25.307403452758,435.223082712677,4.42410846438064,2
2026-04-12 13:00:00,0.130869393101033,6.96845000060237,3.38890309393457,28.9327985639593,434.427398440603,4.25456135742565,2
2026-04-12 13:15:00,0.1292585902193,7.72705977785087,2.96107239316303,30.6622067015567,432.930768512887,3.66387771152264,2
2026-04-12 13:30:00,0.133897727781767,7.84531866676481,4.52470519663527,29.738813333511,432.458448206067,3.76265252067981,2
2026-04-12 13:45:00,0.133039337082033,7.4414075559517,3.84503547008987,33.5242906492493,432.41107917588,3.98208400220483,2
2026-04-12 14:00:00,0.1322505991432,5.79795288927913,3.1163287863279,32.7569987350793,432.414258318574,3.69190563579082,2
2026-04-12 14:15:00,0.135147274085667,8.38992555631407,3.53632066665983,34.9340906665107,432.47556756501,3.91996750754177,2
2026-04-12 14:30:00,0.1359054671067,2.40220955544987,3.2158235384623,34.968161829057,432.198733334827,3.92481746829549,2
2026-04-12 14:45:00,0.132170614232967,7.1208988895443,3.0049558290668,37.2214554446707,432.576828331567,3.95920907505601,2
2026-04-12 15:00:00,0.1337752074361,2.7042938887775,3.19272711111994,38.7127262222148,431.84782980379,4.00543381346223,2
2026-04-12 15:15:00,0.131355664828567,1.9900467777028,2.8884533333689,38.4445143895487,430.234675369987,4.07495806526166,2
2026-04-12 15:30:00,0.133988349716733,2.50645499986534,3.35501223936703,38.136543500999,431.247882647717,4.11702020429541,2
2026-04-12 15:45:00,0.128820903722933,2.72529955543516,3.2598368889309,39.2744199998311,430.480169439356,3.97878212407383,2
2026-04-12 16:00:00,0.1234174222129,1.9734017776418,2.21639599999953,40.370033555202,428.45549715955,3.92225390584202,2
2026-04-12 16:15:00,0.117508149067092,1.3583039999476,2.0743362222093,40.5196140001473,423.733750324026,3.80972284678527,2
2026-04-12 16:30:00,0.115996482995888,1.64872666660177,2.2855208888901,40.042458666569,423.144521325268,3.91261424770944,2
2026-04-12 16:45:00,0.115411007288745,1.53281888884323,2.2997708888715,39.042472444624,423.363545782259,3.97093922070377,2
2026-04-12 17:00:00,0.115568157074554,1.40973955550487,2.0026313333089,39.369622222187,423.183067366158,3.82365063713706,2
2026-04-12 17:15:00,0.116024344314204,1.17576999993733,1.9418933333024,39.285638666796,423.78748065953,3.75466604787499,2
2026-04-12 17:30:00,0.131939796022766,1.0694807178627,0.562363337920793,39.2967666669867,428.030470675547,3.76352898869631,2
2026-04-12 17:45:00,0.116313730033728,1.04536288883537,1.95832066664574,40.1560926664647,423.573931534149,3.88037912342857,2
2026-04-12 18:00:00,0.126572274104033,1.5025451111154,3.01434355551216,37.8593166668067,422.777048600459,3.88022837303466,2
2026-04-12 18:15:00,0.1273499926159,1.7901344444101,2.7449684444197,39.130059777948,423.001653690831,3.95844729033396,2
2026-04-12 18:30:00,0.136319370385533,1.46604822221727,3.61359149201,37.6645324446617,428.80017121876,4.03667746923948,2
2026-04-12 18:45:00,0.1351053333807,1.40560577777803,4.796618142838,35.2655095557,430.640303262636,4.01924262243583,2
2026-04-12 19:00:00,0.145373548156867,1.46339733335443,6.88020409519994,33.5349117773267,431.578813174387,4.32296722930305,2
2026-04-12 19:15:00,0.1476551444705,1.2809135555868,9.42507333357706,28.5446026673833,432.781571704267,4.58923110475197,2
2026-04-12 19:30:00,0.1430732222669,0.989153333350766,9.8701866669338,26.8876915556677,432.786118734133,4.31540169424522,2
2026-04-12 19:45:00,0.143106170403767,1.1238275555859,10.7727035556907,24.1122502221423,435.655831103753,4.0258930215716,2
2026-04-12 20:00:00,0.142638722244067,1.20983844447183,13.7838306665338,19.5433540005328,437.435361161373,4.02178914311259,2
2026-04-12 20:15:00,0.147804988895067,1.40827666670397,13.8405448888055,17.7404320001593,436.4151014481,3.72643197878735,2
2026-04-12 20:30:00,0.146727455554167,1.79862133339333,13.0149904443349,13.6621164443487,436.691034676747,3.43197971892784,2
2026-04-12 20:45:00,0.140278629627934,1.666568000042,13.4629204442502,13.3610119998497,437.264574916774,3.04655992376667,2
2026-04-12 21:00:00,0.1411753814822,1.03659711108787,16.1333082220474,14.2446537778491,437.45504159973,3.04378760880585,2
2026-04-12 21:15:00,0.139325200032433,2.3645515555121,17.0655855554016,11.7932377775869,438.026958625344,2.97883838762925,2
2026-04-12 21:30:00,0.138138648177333,1.66698955551594,16.1456826663106,13.9573442222483,437.801436627477,2.98384612031418,2
2026-04-12 21:45:00,0.137318807444033,2.24356622217936,15.3304244441233,11.2949828883486,438.617828165384,3.04245544201528,2
2026-04-12 22:00:00,0.137303800041267,2.3720722221589,15.7440226662935,10.7621208883104,439.04746380903,3.2877757522172,2
2026-04-12 22:15:00,0.137112459308767,2.6188613332961,11.3968911107586,9.55565111064007,439.229234135503,3.20551568894192,2
2026-04-12 22:30:00,0.1385648296632,2.49721777772597,15.942704221754,9.2517153329891,439.967110647954,3.3416722696873,2
2026-04-12 22:45:00,0.138157570411067,2.7187737777412,10.9987397774096,8.94498466631529,439.561780766683,3.47840485797499,2
2026-04-12 23:00:00,0.134177559313433,1.8870548888551,10.882851110855,13.3595451108818,437.8722389663,2.96896179080443,2
2026-04-12 23:15:00,0.135235714856667,1.4165057777073,10.8319471107797,16.2119173328519,438.999885150187,2.73736358954906,2
2026-04-12 23:30:00,0.135805366716367,1.6456748888606,10.948010666422,12.6733022216931,441.01529460532,2.73606023359319,2
2026-04-12 23:45:00,0.136012966717533,1.4256008888233,10.7202588886006,11.6328277772614,442.5071482269,2.84875411957634,2
2026-04-13 00:00:00,0.135521148182,2.0177037777315,8.3985802221766,9.02719399970276,440.041996104213,2.79797166376322,2
2026-04-13 00:15:00,0.135937940799833,2.4160633333343,11.1887471107435,11.6936079995061,440.598229905627,3.02333161576818,2
2026-04-13 00:30:00,0.1341588370865,2.61855844446117,9.3494979999631,12.0828404439422,440.709303947243,2.89597935348476,2
2026-04-13 00:45:00,0.1340501407848,3.1041588888848,9.53318422216737,12.8902282216282,442.629247440483,2.92646777455577,2
2026-04-13 01:00:00,0.134231414860533,2.95846288889717,9.47249999994757,12.7940622216788,443.001560225367,2.88628799386311,2
2026-04-13 01:15:00,0.135861814840533,2.867011333342,8.84144355547657,13.0591560000389,444.344623715623,2.79690509261489,2
2026-04-13 01:30:00,0.1343427111579,2.80328044444827,8.726366222136,14.2640797777833,442.490914847776,2.72442924116904,2
2026-04-13 01:45:00,0.1353019778111,3.03518200001386,10.7644924443186,14.7621111111395,443.705517945353,2.73882802753698,2
2026-04-13 02:00:00,0.134873444472867,3.11664577779313,9.01158577761371,14.6867717777747,442.57992476453,2.4721228331698,2
2026-04-13 02:15:00,0.136113148151033,3.80015666664593,9.32936066653388,12.6113602222685,444.232388350633,2.55984894155232,2
2026-04-13 02:30:00,0.1355124888872,3.81198822220233,8.91877088880194,12.4250371113489,444.28099603377,2.56921530310548,2
2026-04-13 02:45:00,0.136904496292267,3.22569133334373,8.85084933341794,10.3347031110865,444.95214051372,2.52406298164733,2
2026-04-13 03:00:00,0.136982859261833,3.84439177771337,9.48559244441404,13.3276924449187,444.515603275153,2.48048649593284,2
2026-04-13 03:15:00,0.1359514148241,3.309924444436,8.78036822219514,13.6906757781809,443.9501864067,2.47791577848781,2
2026-04-13 03:30:00,0.1358123555606,3.6997908888755,8.92604511107081,14.1950844449479,443.966861270936,2.50704292410331,2
2026-04-13 03:45:00,0.131232518519333,3.72526866662937,8.86596444437454,16.7407873334678,443.54403820479,2.47943706347721,2
2026-04-13 04:00:00,0.1360123037263,3.69353066665303,9.00766288878198,14.6029264447742,443.306628341053,2.4482348793324,2
2026-04-13 04:15:00,0.1316057703788,3.76269377771273,9.04338044429421,17.4182428889682,443.44719099242,2.46483644872722,2
2026-04-13 04:30:00,0.135710955554633,3.69263999997626,9.03033066658641,15.3973620004525,444.032439986153,2.48467254857544,2
2026-04-13 04:45:00,0.130874496297833,3.8281939999258,8.79375711105437,18.3036913334704,443.503110386976,2.50040534217995,2
2026-04-13 05:00:00,0.137892785182867,5.25020866662503,9.33902955555414,15.7751460002956,444.466659032366,2.5175233097336,2
2026-04-13 05:15:00,0.133994955550133,4.7678788888612,9.38124866652414,17.7592693334464,444.889418803596,2.48226562447776,2
2026-04-13 05:30:00,0.1348704888909,3.70859111107897,9.73595288877078,16.2112344446261,444.83335141653,2.46296427905513,2
2026-04-13 05:45:00,0.126593888919833,4.7153097777431,8.80707844422746,21.312421777696,443.151767082967,2.51205099485842,2
2026-04-13 06:00:00,0.131347985203267,3.69901355548167,8.93439488889261,19.2245115554757,443.564877205653,2.49433232356328,2
2026-04-13 06:15:00,0.130798340763733,3.7192131110339,8.96226888890137,19.6682173333201,443.47941135158,2.48424005828111,2
2026-04-13 06:30:00,0.136709570375033,3.6225408888703,8.84016066668221,16.7644175556168,443.77126356804,2.50033660464735,2
2026-04-13 06:45:00,0.1321935999982,3.5969233333081,8.87033488888678,17.0571108889704,443.944794731373,2.53238898746505,2
2026-04-13 07:00:00,0.1316491111178,5.21598488884746,9.12664688883991,19.039688666577,443.90729749142,2.6182844251573,2
2026-04-13 07:15:00,0.136586037028833,3.23880199998753,8.66813888894011,16.6996242224262,443.728895748626,2.49806154247107,2
2026-04-13 07:30:00,0.137701570361333,3.62560933331137,9.05662800009261,16.7874997779492,444.76630666694,2.53194800466167,2
2026-04-13 07:45:00,0.134175533323033,3.51622066664226,9.18187466661484,16.8147555557086,445.883085183233,2.52259488441328,2
2026-04-13 08:00:00,0.1335558444501,3.72222177770373,9.82075466649738,19.7081208888801,445.515084286183,2.45708288841151,2
2026-04-13 08:15:00,0.1339007481509,3.27641799998567,9.49483244431841,18.1513277778432,444.955698628643,2.38115330602944,2
2026-04-13 08:30:00,0.137722740746767,3.69283133331093,10.3611733333009,14.0957633338362,446.36623657149,2.48236520062435,2
2026-04-13 08:45:00,0.138357111123633,3.93130933328297,11.6934033330916,14.5188542225403,446.44136756784,2.75573662992507,2
2026-04-13 09:00:00,0.137968103725967,4.22342533327063,11.6096822219289,13.7974724448026,445.479513683757,2.71777463792761,2
2026-04-13 09:15:00,0.1384434592788,5.45964933332516,11.9564386663962,13.9000840000641,445.64613592275,2.74883611373491,2
2026-04-13 09:30:00,0.1294883407481,3.43463177775443,9.42793311089227,17.6386499999564,443.359396924406,2.66362148871329,2
2026-04-13 09:45:00,0.132890688913,4.67628377774436,10.9822806663487,15.9111519997434,444.999500499176,2.67516961841676,2
2026-04-13 10:00:00,0.127874125941167,4.74745422219873,8.58141355539297,18.2799217775429,443.188547207243,2.65957262178114,2
2026-04-13 10:15:00,0.126207859287866,5.26003155552756,8.69764688869924,20.4317751109779,442.663411968693,2.5201436037507,2
2026-04-13 10:30:00,0.128070696316233,4.69588044441866,8.58887822209174,18.8932495554138,442.682333388046,2.43769035860677,2
2026-04-13 10:45:00,0.124717637078233,3.70508177769967,8.25894666659027,20.4793822221552,442.608726479963,2.5022866749063,2
2026-04-13 11:00:00,0.1245562889302,3.48479555546754,7.9429413332897,20.6519219999998,442.457370777176,2.45646582435451,2
2026-04-13 11:15:00,0.11766808233481,3.4644802221405,8.15066311097377,20.2433217776478,442.326836549533,2.5782007042336,2
2026-04-13 11:30:00,0.117395961544231,5.2329302222223,6.13403111096033,21.91791088888,439.40811859963,2.72618267549746,2
2026-04-13 11:45:00,0.117262498764178,3.7273995555318,7.19965688868487,21.055555110874,440.49945610113,2.87147611359905,2
2026-04-13 12:00:00,0.1244790296225,5.47520377775643,5.3072231111077,22.23040844459,438.801184775874,3.07327121912753,2
2026-04-13 12:15:00,0.124353148138366,5.02061199994971,5.65814022218157,22.0273686667503,440.695192534053,3.00346990568153,2
2026-04-13 12:30:00,0.1248488666597,5.31778999992513,4.9880391110477,25.463861111017,436.84906799103,2.95696483238463,2
2026-04-13 12:45:00,0.1245740296318,5.3277519998648,4.94820599994826,26.111069111042,436.78217898928,2.90499628232671,2
2026-04-13 13:00:00,0.126154807396033,5.19100155538123,3.84946955552973,29.3269222222224,435.732123384963,2.85917162553674,2
2026-04-13 13:15:00,0.127371340707066,4.9486602219757,3.37541288886696,30.8534928723796,434.80128547671,2.83108696106455,2
2026-04-13 13:30:00,0.125755185144,4.20025688860657,4.3269939999929,30.018637556041,435.194156502153,2.84153536140649,2
2026-04-13 13:45:00,0.1263794369991,5.25410933312134,4.29298422216497,30.3513522055466,434.667853815163,2.94227727543973,2
2026-04-13 14:00:00,0.1260200962532,4.04224422192997,3.98098509399437,32.010707760645,434.326674379453,3.01075138776834,2
2026-04-13 14:15:00,0.1249823629196,4.60086288861197,4.14765557266383,31.7089108887393,434.2500179809,3.19670283831213,2
2026-04-13 14:30:00,0.125180585153533,2.58359377775986,4.87309328207646,30.7719082052347,434.66236272327,2.82258490846771,2
2026-04-13 14:45:00,0.125339977737433,4.9178979997083,4.3518706667544,30.1328479835003,434.72764490818,2.87263947103192,2
2026-04-13 15:00:00,0.125834911047767,4.90068488880223,4.66765536760307,28.538509333279,435.37830404477,2.80833389091024,2
2026-04-13 15:15:00,0.126771856892667,7.16874466704514,4.61631181209846,29.2492247011623,435.507202349584,2.80086598986508,2
2026-04-13 15:30:00,0.127909020996133,6.61568377795337,4.43444856415313,29.1560910085927,433.110327435034,2.95650459040021,2
2026-04-13 15:45:00,0.128748046080467,6.71390355551863,3.03876374364326,32.8055484278643,432.370030501634,2.97090840527917,2
2026-04-13 16:00:00,0.128339471155833,6.60371377774196,2.37256750428983,34.480013692379,432.25313598368,3.06974963947354,2
2026-04-13 16:15:00,0.127057110457633,6.58952977784343,2.17315661537007,35.524040444441,432.419742074497,3.1170478700721,2
2026-04-13 16:30:00,0.130415057420933,4.7221455558534,3.6769931111435,37.648944000305,431.978978536374,2.99255324207563,2
2026-04-13 16:45:00,0.130126785168167,5.88360777822883,2.27408719657934,36.034160722355,432.083889668907,2.97714440604245,2
2026-04-13 17:00:00,0.1263266215906,5.78544155589479,1.98458377777073,38.325583111268,432.864791338577,3.02250105607891,2
2026-04-13 17:15:00,0.127848466674367,1.00170666664713,1.58565622223583,39.477365777835,432.42626463252,2.96634594081559,2
2026-04-13 17:30:00,0.128187567516866,1.31167911105273,2.80620533582203,37.3290044441054,432.693994885427,2.95216632286294,2
2026-04-13 17:45:00,0.129082728648133,1.21790088888107,3.0292517460412,37.2093611110854,431.88026254062,3.39615145111987,2
2026-04-13 18:00:00,0.129021586907067,0.959565111098566,4.64792885717567,34.8316487775887,432.12681866553,3.3506923608805,2
2026-04-13 18:15:00,0.137756022275533,1.78544666660817,6.99969876175514,31.551919332998,433.441667308443,3.83399363232126,2
2026-04-13 18:30:00,0.145256300054233,2.33384244438917,7.757561650313,30.9345539999084,433.23612192309,4.30423821331344,2
2026-04-13 18:45:00,0.1316593074107,0.993033333301833,6.37584819022456,31.9242784442247,433.985949584796,3.21182376527999,2
2026-04-13 19:00:00,0.1261468233471,1.03941965810417,6.19851533324666,31.3702784272123,434.0944509906,2.64570500038968,2
2026-04-13 19:15:00,0.119327054323849,0.946486444426567,6.72090577771247,31.1904271110127,433.83852954168,2.61773406867979,2
2026-04-13 19:30:00,0.125061966679767,1.1214288888685,7.40542444434137,30.8325686496667,435.183916298946,2.65464239477733,2
2026-04-13 19:45:00,0.124789014820967,1.07315133329963,8.16367266669587,30.0364957781357,435.838536092069,2.41351555581429,2
2026-04-13 20:00:00,0.1236334222347,0.849153555504634,7.75833466667166,30.518795111354,435.928811916099,2.35459849489855,2
2026-04-13 20:15:00,0.1240813629678,0.981383333282768,8.19396000006767,30.2619753337103,437.303496764896,2.49156886037047,2
2026-04-13 20:30:00,0.124871511142633,0.887517777739368,8.29477844441387,25.5173193329933,439.065504345773,2.60609483259222,2
2026-04-13 20:45:00,0.1260951778011,0.851716444406433,8.59189977770857,28.384123999357,438.006622232219,2.62990104923833,2
2026-04-13 21:00:00,0.1277207037221,0.940308888877501,9.5109037776617,27.725725554989,440.677489760713,2.57941847823272,2
2026-04-13 21:15:00,0.129984170413467,0.876776888809399,10.2086679999021,25.4860219998914,440.83232476566,2.5199972720059,2
2026-04-13 21:30:00,0.129168481538333,1.7373913332829,10.0158675555521,24.2128573331371,442.308796442256,2.39109718805323,2
2026-04-13 21:45:00,0.152123533278334,0.702502222226699,10.6005619996332,20.6149880000204,453.45911976245,2.38954060897616,2
2026-04-13 22:00:00,0.153081570325433,0.65398133334,10.481282444048,21.1656459999121,451.210565275237,2.86414742001771,2
2026-04-13 22:15:00,0.1532469333013,0.7577222222394,10.4312202217553,20.8040453330848,450.28845174358,4.49946859948073,2
2026-04-13 22:30:00,0.153872874036933,0.8218091110685,10.8257857770781,20.5434068887005,451.71419809018,2.98979494053234,2
2026-04-13 22:45:00,0.151673533277933,0.862493999948266,12.0746233329824,21.1095539999471,453.829702924654,2.49752431615909,2
2026-04-13 23:00:00,0.151629807336467,1.82294777775316,12.4402900003346,23.3633806664951,445.49698706947,2.37424213428588,2
2026-04-13 23:15:00,0.1497010739992,3.02337311105717,12.5709086670672,22.8981895556213,447.715298049323,2.66892115682698,2
2026-04-13 23:30:00,0.1428308740846,0.851456888818366,12.5114795554131,22.9660286666388,443.967932288623,2.66857651575135,2
2026-04-13 23:45:00,0.1382870000372,2.85271911109353,12.0400693334245,23.5254379997487,441.86760902472,2.92693053018863,2
2026-04-14 00:00:00,0.133109533394467,2.98039266661723,10.8267195557193,23.31041088884,443.46043774835,3.02065133337886,2
2026-04-14 00:15:00,0.1316815704331,3.01425355549003,9.61436133344676,25.3592599997624,441.53675527855,3.07145523782073,2
2026-04-14 00:30:00,0.1334081482198,2.72785911108723,11.0570417778943,22.7298586668041,448.428651532463,3.19649136670699,2
2026-04-14 00:45:00,0.131189718590433,3.11683511106513,8.67644866656183,24.0473342220534,442.03426922675,3.24394212558004,2
2026-04-14 01:00:00,0.131438563041567,3.06527777773334,8.81372111096646,23.5674128889097,443.18592506888,3.52010885999782,2
2026-04-14 01:15:00,0.139087459295733,2.7581535555271,11.021084666397,21.5306035554816,451.68164680446,3.68510178476806,2
2026-04-14 01:30:00,0.146380659203733,3.06955066660223,11.2536448887028,21.6799100000339,452.734391304326,3.69960501171499,2
2026-04-14 01:45:00,0.140476288891833,1.1964057777372,8.97616288858707,23.5342982222781,445.532244568823,3.46721686071605,2
2026-04-14 02:00:00,0.1465243777193,2.66294066662407,9.1480662219938,23.282759555493,445.626978087793,3.2655219958235,2
2026-04-14 02:15:00,0.151306985123534,2.30003333334307,10.5857793329557,20.1485279998575,449.64620502023,3.10836904104926,2
2026-04-14 02:30:00,0.148412740658234,2.99814799992987,8.82456733331414,24.3890948886401,445.697140417167,3.10961173199362,2
2026-04-14 02:45:00,0.1490817999136,2.5901011110769,10.5165122224372,23.9415846663457,443.543226392803,2.93665146621125,2
2026-04-14 03:00:00,0.152491474033033,2.50525177776673,11.488249555234,20.8678428885811,452.41073330166,2.83575502399067,2
2026-04-14 03:15:00,0.150264992550567,2.23708133334833,9.4209717774931,22.5830575554027,447.385005640554,2.62837473228466,2
2026-04-14 03:30:00,0.1502552740078,2.7761759999421,9.6190144443527,23.6428464439097,442.086086145423,2.35050289502821,2
2026-04-14 03:45:00,0.150311570310134,2.29321888890506,9.21919311083873,23.7284195552917,445.668612806,2.39660331211611,2
2026-04-14 04:00:00,0.149314333258034,3.04571311103397,9.38960511096697,25.0290342218027,442.6473616821,2.35741276935388,2
2026-04-14 04:15:00,0.147933029552234,2.86109111106383,9.15202399989,24.3767319996177,442.093383903383,2.1213845846411,2
2026-04-14 04:30:00,0.1488938443576,2.95117377770917,10.009354222351,24.205131110709,442.20754185299,2.07501850564582,2
2026-04-14 04:45:00,0.1507457554818,2.8614037777076,9.67983088893496,25.4817548884067,441.863184374267,2.0316449100104,2
2026-04-14 05:00:00,0.148884999926133,3.48582333313964,9.10598955540843,27.3716751106114,439.33659549623,2.03527699319802,2
2026-04-14 05:15:00,0.1484660888169,3.16220733326237,9.17353133318084,25.2736051106277,441.820903279293,2.02764487151203,2
2026-04-14 05:30:00,0.149932703625267,3.14024555545543,9.60017155554346,26.235745110621,442.184408936233,2.08593638706574,2
2026-04-14 05:45:00,0.152640888840967,2.58096177775987,12.0550900005224,28.6545973335056,438.800069140876,2.16234928725169,2
2026-04-14 06:00:00,0.1494467480991,2.84143911102717,10.3013600004477,29.3501380001866,439.298479635767,2.40545225815583,2
2026-04-14 06:15:00,0.1499779777341,3.12874933317053,10.3627662226472,28.7107193334462,439.450834409113,2.12884201046303,2
2026-04-14 06:30:00,0.152092385156167,2.7630371110888,11.4493524448578,27.27100688846,441.744855421866,2.02378249158551,2
2026-04-14 06:45:00,0.152132651826067,1.50974177775373,12.2747475558758,27.1532595551297,441.609373325463,2.04193054571335,2
2026-04-14 07:00:00,0.151883274046134,2.46800666668347,13.042078667064,24.121354221852,444.35191241204,2.01196862770561,2
2026-04-14 07:15:00,0.151311140718767,1.13688422218173,12.2266611113602,26.345807999681,443.922282482217,1.90847409331418,2
2026-04-14 07:30:00,0.152531999970467,2.86592555552836,14.1809337780984,26.9965479995789,440.6870267079,1.97801163837892,2
2026-04-14 07:45:00,0.153195592560834,3.56056822215383,15.2470335554371,24.5319244440496,444.430316693067,2.5436898629479,2
2026-04-14 08:00:00,0.1704171037773,3.16393355548937,14.6620595559092,22.5452211106,445.583621108993,2.37279809786175,2
2026-04-14 08:15:00,0.151949585163467,2.49219333335323,12.768934444748,26.3159628885814,443.848955706307,2.22137141436278,3
2026-04-14 08:30:00,0.1526607925673,2.6160264444642,13.3655055558657,27.1233366662407,439.5623945785,2.21928700723787,3
2026-04-14 08:45:00,0.151987377750367,3.13615333327853,13.686523778132,22.8203246661804,444.582809951307,2.15578995376245,3
2026-04-14 09:00:00,0.153305074035,2.8339062222314,15.0574622223799,21.6207875555436,446.565647869023,2.3139705855983,3
2026-04-14 09:15:00,0.1531039258767,3.44256133330086,15.117006889091,21.8616873332035,445.61395350725,2.45479505192241,3
2026-04-14 09:30:00,0.152246170314634,3.6023773332629,13.6522795558433,22.6512624441047,444.108803548216,2.73850299415591,3
2026-04-14 09:45:00,0.152454348084934,3.48450199994366,12.7428746671286,23.5422668884117,443.880723661193,2.75782026874976,3
2026-04-14 10:00:00,0.150138162896133,3.48539577770753,11.1703546671497,23.2431562216957,444.07262880726,2.24842459801192,3
2026-04-14 10:15:00,0.149347836975567,3.11973266662686,11.2086626670771,23.2321068883547,443.971932345833,1.92963347010996,2
2026-04-14 10:30:00,0.146809629582367,3.50802022214267,10.3600637780198,21.2240757776606,446.616660178167,1.96071120732911,2
2026-04-14 10:45:00,0.131298859294767,3.50912466657493,9.36596666645923,22.9720886660897,443.582340312086,1.95802830805507,2
2026-04-14 11:00:00,0.1277600963336,3.7512177776765,9.0595924442239,22.4193411107377,443.526974955724,1.99927561888468,2
2026-04-14 11:15:00,0.127407444497333,3.45073177770407,9.0523731110012,22.410011999632,442.41238361142,2.09287027517545,2
2026-04-14 11:30:00,0.126319007453633,4.54043488883473,9.21249288870536,24.5933659995193,442.84007923188,2.02946061219941,2
2026-04-14 11:45:00,0.1256471778017,5.21415777763357,8.51630888857936,26.6355797774664,438.801380529883,2.04621749672893,2
2026-04-14 12:00:00,0.124879170398967,5.1574051111064,8.73489644422803,24.8754562217637,440.38534974238,2.07127349558229,2
2026-04-14 12:15:00,0.123709718529133,4.40716644427984,7.42644844430677,27.3333751107147,438.463374314283,2.16069386016384,2
2026-04-14 12:30:00,0.125013674096966,5.35718511112683,8.19284355542899,26.314939555085,439.001536893796,2.19374820733464,2
2026-04-14 12:45:00,0.124205718493633,5.72453311105696,6.92450666650046,27.733557555414,436.580155297963,2.2501166519185,2
2026-04-14 13:00:00,0.124444859265733,5.58491311106713,7.19909466648996,27.36068777747,437.34498799059,2.18039268996889,2
2026-04-14 13:15:00,0.1239113037128,5.74502511103256,6.6386075553433,29.625206666927,436.998297933116,2.18237279140681,2
2026-04-14 13:30:00,0.123708051858267,5.7906995554644,6.0234051109306,30.8044713331023,435.923151068903,2.20370884392333,2
2026-04-14 13:45:00,0.116988827963445,3.99385311095803,6.21979155556373,29.579808000303,437.286320506526,2.20538858093733,2
2026-04-14 14:00:00,0.117100490836652,4.06552266652317,6.20033844441329,29.854545555698,437.731778541293,2.222565688799,2
2026-04-14 14:15:00,0.1239906814844,5.1476479998737,6.07390888875956,30.7376579999197,436.683944534393,2.22065263595493,2
2026-04-14 14:30:00,0.1235464370387,4.327031555372,5.67211177777396,30.6147373333034,437.511849217493,2.22394550733582,2
2026-04-14 14:45:00,0.123733562959533,4.10048444431836,6.62140377768956,31.3675519999334,440.46892773855,2.21493389772921,2
2026-04-14 15:00:00,0.127028014804133,5.66318977767926,7.24438244434496,32.1913226664414,438.017977326366,2.19549261100536,2
2026-04-14 15:15:00,0.127531748149233,3.90132777768267,7.9695428889022,31.8119768886253,438.136095729443,2.26551602543603,2
2026-04-14 15:30:00,0.1311287111201,1.21426955546853,8.90894666678193,30.87220311111,441.12752757294,2.02612915217818,2
2026-04-14 15:45:00,0.136501481497967,3.2846551110555,11.6866944445174,30.2647388888524,447.229723226313,1.90362797533888,2
2026-04-14 16:00:00,0.149158274040434,0.973725555477467,12.2706155556003,30.342028444413,442.0126626972,1.77777621968192,2
2026-04-14 16:15:00,0.151313318468667,2.8901906666297,14.3762268893089,28.8490820002541,439.82945088313,1.71567224991885,2
2026-04-14 16:30:00,0.1517688295762,1.70632822216313,14.0829471115522,28.8472668891398,439.93871877377,1.76346661529639,2
2026-04-14 16:45:00,0.152167777725,3.51989711102013,13.1468357782297,28.5286095558477,439.410104063523,1.73709336148744,2
2026-04-14 17:00:00,0.153058792539033,3.0713468888587,14.976022222412,26.2443988885235,440.084190599167,1.66354406834547,3
2026-04-14 17:15:00,0.1367386518503,3.04579644439977,15.6060828889336,26.4279271106015,438.930755665323,1.75906974067965,3
2026-04-14 17:30:00,0.131964666667733,3.0248655555239,13.5280413335899,26.918919999605,438.806294064663,1.87186662909655,3
2026-04-14 17:45:00,0.1285023852002,4.05113666644096,11.2956306669937,26.872022221744,439.203186356526,1.95608438966841,3
2026-04-14 18:00:00,0.142349777785767,3.80891288882087,12.7037584446951,26.6394535551457,439.581798277316,2.07768953031856,3
2026-04-14 18:15:00,0.128552162945867,3.73683844434633,10.2942991112597,27.103030666198,442.41946413763,2.1020659853169,3
2026-04-14 18:30:00,0.1411308518592,5.3582115554214,9.97992088869776,27.3215295554343,438.237629597453,2.13435482586964,3
2026-04-14 18:45:00,0.1262366889098,3.85465355536267,6.8793724442879,30.524455555493,436.532933302103,2.00976105048527,3
2026-04-14 19:00:00,0.1460993925407,5.55241399993543,6.6371886665343,31.675882666584,443.22816349767,2.09349590674883,3
2026-04-14 19:15:00,0.1460617555198,5.94570066671163,7.53336533327483,30.6095146666953,440.168427350117,2.10053943833529,3
2026-04-14 19:30:00,0.1980870962801,5.40042555543939,10.8733153326908,28.3254942223914,445.737027428344,2.21544233798261,2
2026-04-14 19:45:00,0.1476107851527,2.86302999985583,8.13933288899203,30.2659655554597,441.00418804662,2.17222769531023,2
2026-04-14 20:00:00,0.147130111069734,3.2553491109417,8.05728088887494,29.4057208888743,440.8989655618,2.21253736418074,2
2026-04-14 20:15:00,0.147531222169467,2.68265666662353,8.36601533339287,27.2846873329079,441.19453491,2.04835879151513,2
2026-04-14 20:30:00,0.147845518510367,2.775732222184,9.05110200000371,23.141599110487,446.488655017044,1.88650666582588,2
2026-04-14 20:45:00,0.149238066618267,3.4232779998165,9.00189355545301,26.7569942217502,440.97440440313,1.99867967629814,2
2026-04-14 21:00:00,0.1493337406876,2.8623222221771,9.5021155553657,26.4022195552272,441.095962218974,2.08079867317483,2
2026-04-14 21:15:00,0.149192674023667,3.11546822216527,9.61597088865103,22.8606802215327,442.49185047308,2.01482083900694,2
2026-04-14 21:30:00,0.148583511067034,3.08715266661457,8.99434133331497,24.1602462214972,443.040599649064,2.02779983886016,2
2026-04-14 21:45:00,0.151809059253933,3.08252288883527,10.6367155555941,20.1322404441088,451.111490746204,1.80743035927312,2
2026-04-14 22:00:00,0.149079207384033,3.1498791110548,9.88312511093794,24.1961762217359,444.968088966394,1.9256510425472,2
2026-04-14 22:15:00,0.1491631332997,3.22067511105383,9.95140844426584,24.3244175550528,441.256241988427,1.97975173442409,2
2026-04-14 22:30:00,0.149198288873967,3.08430288882987,9.89290977765334,21.1177219998086,445.963445066034,1.9671379087679,2
2026-04-14 22:45:00,0.149334125889734,2.79879711106943,9.7394333331296,23.9549199994658,442.034485377864,2.10982021620968,2
2026-04-14 23:00:00,0.1531325332872,3.70384666651453,13.3189602225533,26.8179026664282,440.521106023843,2.01532298893562,2
2026-04-14 23:15:00,0.1502324221677,3.29930755550097,11.2901922225161,24.0914544440758,440.888150529614,1.9545804808578,2
2026-04-14 23:30:00,0.1501394222103,3.17616422216613,10.51058377767,20.2022166666276,447.579263598077,1.90627829946051,2
2026-04-14 23:45:00,0.149117259210467,3.44896599985203,9.2431857775573,27.8544435556206,440.469891019893,1.95781940430258,2
2026-04-15 00:00:00,0.149092451808934,3.1730055554983,9.7100942221034,22.8154599994177,441.781075433356,1.99824976656295,2
2026-04-15 00:15:00,0.149057488846234,3.41382799991443,9.70613777752161,23.0499968882118,441.841819507826,1.90858634175991,2
2026-04-15 00:30:00,0.149202577734067,4.95410266662663,9.55879866655684,20.6182591110217,445.62558904343,1.83477898973257,2
2026-04-15 00:45:00,0.1493289184628,4.9817711111072,9.31014799988217,22.9242677771674,445.111714621587,1.88099090837861,2
2026-04-15 01:00:00,0.149897792539333,5.01460266662366,9.33173599984584,21.0206106665071,444.854699296581,1.85831969743464,2
2026-04-15 01:15:00,0.146939555505567,4.29536044437233,8.78589599991164,24.5765362218869,442.752977959443,1.9372003225626,2
2026-04-15 01:30:00,0.146825407359633,4.32485622215683,8.7935795554474,21.9572213331063,443.314517437767,1.9684334368929,2
2026-04-15 01:45:00,0.1461701110658,3.11663977771637,8.52665133327803,22.0444235552243,443.34582766082,1.96901458078707,2
2026-04-15 02:00:00,0.153807236985,4.23611999994067,10.5018808889351,18.1892715552546,445.163779842374,1.8596740925663,2
2026-04-15 02:15:00,0.1545316073672,3.08631177768997,10.268901333483,15.4371008887038,446.131585392007,1.81914821825462,2
2026-04-15 02:30:00,0.154031140716133,3.005811999929,9.82540977811014,14.4728188892872,452.670779728447,1.70776738223904,2
2026-04-15 02:45:00,0.155309162930034,3.05756533330173,9.98795244486924,11.8878662225945,454.348509696201,1.64190713834989,2
2026-04-15 03:00:00,0.155936014779967,3.05150266663117,10.0059793337822,9.80815866678263,456.52568907861,1.53898606438089,2
2026-04-15 03:15:00,0.156975925886933,5.01089977772989,10.194493778179,11.2625735559942,454.99671670113,2.11459406344582,2
2026-04-15 03:30:00,0.155318851813134,3.0588528888259,9.83618422264464,9.3697691111439,456.0721596166,7.63678591106458,2
2026-04-15 03:45:00,0.157674740700767,4.32239355552803,10.257384000341,6.79645422216073,456.339231763604,10.8344346381107,2
2026-04-15 04:00:00,0.158351236994334,3.01052999998227,10.3810164448374,7.24536311107876,456.856893320097,14.2275719687385,2
2026-04-15 04:15:00,0.1639019999861,3.0444513333094,10.7045008893139,9.4200135556522,456.773622312981,17.3235954231505,2
2026-04-15 04:30:00,0.1576708073739,2.99113599998144,10.3624400003556,7.33450599997633,456.231995172584,13.1154090991324,2
2026-04-15 04:45:00,0.1567206369979,3.19656422215227,10.0296864449089,9.3971071112145,456.74873384309,8.51147987617168,2
2026-04-15 05:00:00,0.1673070518929,3.5300111110423,10.780019111671,8.65011933330219,456.584857034094,7.34301875714681,2
2026-04-15 05:15:00,0.157969399957967,4.85969844441536,9.99292955599456,6.81647511102383,455.931484638014,3.77588137242966,2
2026-04-15 05:30:00,0.158247511078967,2.98676866664534,10.1332191115278,7.74973888882556,456.117583310544,2.44593087144869,2
2026-04-15 05:45:00,0.1558550814409,3.31501755548893,9.7613524449155,9.149735777828,456.523685548937,1.68868151238981,2
2026-04-15 06:00:00,0.1555754592219,3.05420133330063,10.0585328892527,9.59016511116276,456.13173041255,1.43739845471202,2
2026-04-15 06:15:00,0.184148548193567,14.4285535560589,12.9776020003449,6.517655999877,452.854882303974,1.343378058864,2
2026-04-15 06:30:00,0.172884599972533,10.3415862225685,12.0718380002856,7.76475588887086,453.812654637824,1.39889502321768,2
2026-04-15 06:45:00,0.156128896261667,2.7183224444424,10.0155733336577,8.78371711109993,455.932334232627,1.31300080095784,2
2026-04-15 07:00:00,0.1610600221941,3.46876022213907,10.1249633338018,5.1492915556289,456.010380319967,1.39282308217519,2
2026-04-15 07:15:00,0.160747844412,4.22168666662463,10.1617222226173,4.67901622230796,455.969698109074,1.42488061559504,1
2026-04-15 07:30:00,0.1597946888502,4.29564466662977,9.90805911158926,5.077972000052,455.522328559424,1.40576170748916,1
2026-04-15 07:45:00,0.159997014786434,3.0010553333077,9.88189022269664,5.47861222228593,455.846867835044,1.44753136401011,1
2026-04-15 08:00:00,0.159934288855867,2.4086182222376,9.53349266690674,4.317199777854,454.076542437244,1.4731225710675,1
2026-04-15 08:15:00,0.213396296302867,3.3490177777394,12.7557928892781,6.30877266660654,458.621738277841,1.77682467345229,1
2026-04-15 08:30:00,0.179305355514367,5.16016155551869,11.4473513335896,5.23698755550141,450.072837324857,1.92490396932971,1
2026-04-15 08:45:00,0.157343222166,6.0032679999928,10.6935108890982,10.3199182220567,447.8862457508,2.05144226508162,1
2026-04-15 09:00:00,0.152079562911567,6.02662577781873,10.4455697777354,16.2140906666168,444.80584209652,2.31103391527173,1
2026-04-15 09:15:00,0.151710955501034,6.01583422228426,10.6922871109432,15.2303562221259,447.031032272827,2.37822196151834,1
2026-04-15 09:30:00,0.149673562924334,5.95934466669626,9.84138200001617,19.3564128885305,446.061293956127,2.3221730630436,1
2026-04-15 09:45:00,0.149963229587767,5.66512622227833,10.3931813330446,19.7646611107628,446.63228217945,2.22649565443629,1
2026-04-15 10:00:00,0.148190496262,2.89418666660394,10.0290446665642,20.0829342218756,445.894784838843,2.18474206742056,2
2026-04-15 10:15:00,0.1477835480934,5.63979600004386,8.74956577771323,23.297146666545,444.94004007995,2.20514434754556,2
2026-04-15 10:30:00,0.143478325891067,5.48305911114609,8.71265622205321,25.3422499996657,442.293005524103,2.31215733757835,2
2026-04-15 10:45:00,0.1298206296783,5.6209973333537,8.75917422203987,22.229972666443,441.874358863926,2.3614311686323,2
2026-04-15 11:00:00,0.1257596370585,5.90482622224503,8.6527375553777,21.8052331112776,444.43557465003,2.53749449384495,2
2026-04-15 11:15:00,0.124465244454267,5.80850155557833,6.464665999906,24.3718124445077,441.248970579957,2.63207455983326,2
2026-04-15 11:30:00,0.124213962969667,5.76675800003376,6.25336758966116,22.9439235556683,441.230567855707,2.60317941019772,2
2026-04-15 11:45:00,0.125793970370367,5.76474755559346,5.34932688889333,27.0034922223317,439.731668067163,2.66745220003758,2
2026-04-15 12:00:00,0.127798192573067,5.7501408889434,4.95431533340284,30.8555853335894,437.34295719577,2.5692345454916,2
2026-04-15 12:15:00,0.128706933302833,5.86790000007263,5.00326314535814,30.6298655558844,436.75553271465,2.63740340985223,2
2026-04-15 12:30:00,0.1264013999529,5.57356288891396,4.3330220854872,31.952097333504,434.627821980364,2.65721333999156,2
2026-04-15 12:45:00,0.1251569110528,5.91401555542776,4.01669699146413,33.6104005130627,433.359661850394,2.62313036987929,2
2026-04-15 13:00:00,0.1250619851216,5.99703488874806,3.7463051111344,34.3682628330627,433.07710390545,2.62203836854722,2
2026-04-15 13:15:00,0.125332629574433,5.33722888862773,4.52281825643813,32.976117248179,433.513524024974,2.62471112318147,2
2026-04-15 13:30:00,0.130174125892767,4.55463066640467,3.96089027480713,34.356050568136,432.776214490814,2.70975077183759,2
2026-04-15 13:45:00,0.126071785099167,5.0175071108684,3.87933070091149,35.1445398327907,432.66603961152,2.6099227577727,2
2026-04-15 14:00:00,0.126130659158433,5.0199455553034,3.52136976195323,35.538541777373,432.307475348203,2.61339433587825,2
2026-04-15 14:15:00,0.131023251824133,2.92486666660363,4.70069736760693,35.2850622774367,432.126227556893,2.62381240133286,2
2026-04-15 14:30:00,0.127638191343233,3.0082373332696,3.9143766850718,35.5125731107407,432.273419300566,2.64482906323936,2
2026-04-15 14:45:00,0.125607732112933,2.40104577773807,2.79842135165396,37.088827111247,431.89628822874,2.69091472581107,2
2026-04-15 15:00:00,0.129645518501167,2.4312288888296,3.61440339932397,36.062314277824,431.811599843626,2.64767454933782,2
2026-04-15 15:15:00,0.1250904443549,1.46015911105823,3.46837757388146,35.2614789994027,432.73985780485,2.60561206223447,2
2026-04-15 15:30:00,0.126442129555967,1.4246986665935,3.11723628817237,35.6578399995863,433.57109972319,2.58616977673422,2
2026-04-15 15:45:00,0.129028035144367,1.06734155555027,3.9875196190712,35.4289398882543,433.892132351836,2.6492853370902,2
2026-04-15 16:00:00,0.136760229667933,2.48200399990817,6.749859523804,32.258084888487,432.278137327767,2.68102139927204,2
2026-04-15 16:15:00,0.133235992623367,1.68388266662923,5.86309641269676,33.7826078288613,431.405977460653,2.69801397092699,2
2026-04-15 16:30:00,0.161466948089933,4.4415142219796,6.22544733342911,33.9990673330234,432.355546083263,2.7387947386419,2
2026-04-15 16:45:00,0.131741096296167,1.9039102221629,4.1622235897929,35.6685509442274,431.38048704644,2.64210443627466,2
2026-04-15 17:00:00,0.1328786359103,2.6860833332692,4.18487063741293,35.9295814444687,431.282552040386,2.63233980214845,2
2026-04-15 17:15:00,0.1343584870784,1.84381466657643,3.6853219683092,36.084487444615,431.50163106906,2.66085414782638,2
2026-04-15 17:30:00,0.1355975926395,1.85063199991373,4.05285396831587,35.677452777576,431.61500661246,2.63491467029976,2
2026-04-15 17:45:00,0.131939497155567,1.7964235554943,3.7143308913916,35.8467929443424,431.956142253083,2.62934921557724,2
2026-04-15 18:00:00,0.132458133339467,1.08509088886043,4.52015120634397,35.859300221907,430.254013389667,2.64476890059256,2
2026-04-15 18:15:00,0.133921355581733,1.07019011108563,4.44814425396674,35.8290582219547,430.35647843954,2.67780510785837,2
2026-04-15 18:30:00,0.133704719352,2.27814999993117,4.06457661913206,36.9479024449154,431.467667700484,2.63841021563127,2
2026-04-15 18:45:00,0.129970920205867,2.5700735554968,2.87956511117433,37.6337442908141,432.097866478154,2.66185465572694,2
2026-04-15 19:00:00,0.1241783110663,0.920539777770501,2.3459822222696,35.7218929993036,431.834649966437,2.76537905791713,2
2026-04-15 19:15:00,0.119897580663866,1.28179199989657,2.2904986667349,36.328513777692,433.845228928153,2.69446701828899,2
2026-04-15 19:30:00,0.123438259287467,1.0739077777586,5.5460182221314,33.9013806662774,434.253853148516,2.5559062819843,2
2026-04-15 19:45:00,0.126988029657567,1.13734133332713,6.9031682221258,34.8668937777057,434.392426304443,2.56553832416556,2
2026-04-15 20:00:00,0.131006133374667,1.0873177777678,8.61192022221414,33.615550888663,434.245978013043,2.56339516636591,2
2026-04-15 20:15:00,0.1397841036931,1.14796777777003,9.66497733341053,31.8224984441274,437.098537079793,2.54473163293121,2
2026-04-15 20:30:00,0.1399110962926,0.967824222189768,9.58541422225916,31.632287332863,439.676337249723,2.42499228603949,2
2026-04-15 20:45:00,0.142092607393167,1.13173733332653,12.2937560001477,30.8193313332874,437.235282935293,2.44540858817558,2
2026-04-15 21:00:00,0.140779162948133,1.0908091111064,9.90597466679913,31.4114822219857,440.35705315094,2.41632025156664,2
2026-04-15 21:15:00,0.144496281457833,1.10861155555103,13.2061366670748,30.0346184448834,437.065524990547,2.36162394950736,2
2026-04-15 21:30:00,0.142785629624333,1.04954622221357,13.0578140003351,30.170823333782,437.54199909075,2.34298430532127,3
2026-04-15 21:45:00,0.1448203481178,1.0216906665746,13.6543111114603,29.8353048893647,437.983218401746,2.2867833120556,3
2026-04-15 22:00:00,0.1451771999446,0.965114888890668,13.7720035559522,27.9804531107617,438.633125849549,2.25129819707421,3
2026-04-15 22:15:00,0.148004888825733,0.968471111091767,14.2954415556882,27.2590457774587,439.591929431923,2.23266644892854,3
2026-04-15 22:30:00,0.149896325866467,0.9096944443727,14.6744893334978,25.869533332981,439.81602158376,2.27689162667773,3
2026-04-15 22:45:00,0.150799977716367,0.964507777789235,13.857893778059,25.1272904442454,440.236977139606,2.35965913188264,3
2026-04-15 23:00:00,0.151424281420967,0.9057573333107,14.8627866666568,24.7473284442444,440.840054232629,2.35973539765922,3
2026-04-15 23:15:00,0.151520681423067,1.07490666659483,14.9659031112197,24.731914444265,440.5557729695,2.33863166481227,3
2026-04-15 23:30:00,0.151455859201333,2.14176444441657,14.6736300000952,23.7856442220579,441.174813329556,2.23217623641152,3
2026-04-15 23:45:00,0.150675592540067,2.43520977776227,14.570347333505,21.6876071110662,442.47584489515,2.22143625353942,3
2026-04-16 00:00:00,0.150524903647467,1.60093688882313,13.7597962223065,20.7533768889801,444.325571594224,2.24758186696941,3
2026-04-16 00:15:00,0.148314422160067,2.83400066662666,11.2205808890811,21.6674302221421,444.707900174744,2.18314619876854,3
2026-04-16 00:30:00,0.149985407342467,2.66793199997873,11.5898773334835,20.1687493333367,445.522350254324,2.19174788353472,3
2026-04-16 00:45:00,0.156282140679,2.4119144444596,13.2545106671173,13.2170908891992,448.600389972323,2.14691076853321,2
2026-04-16 01:00:00,0.1554943110972,2.46111666667717,11.2987940001873,13.3815640006258,454.42862028841,2.93837867663231,2
2026-04-16 01:15:00,0.169301385269767,2.82770888886113,12.7665951113368,13.4464277779355,452.190211355577,3.82024832550292,2
2026-04-16 01:30:00,0.1571170592286,2.1280711111266,9.61967844445676,11.2902115559521,452.65691469215,5.05862261241953,2
2026-04-16 01:45:00,0.1572446221891,2.18828800001017,9.78108244453853,10.6684933335017,452.68081509586,7.52375567092741,2
2026-04-16 02:00:00,0.1565189407095,2.45094022222097,9.96723533346287,9.6445462223462,456.322009808424,6.28814564618129,2
2026-04-16 02:15:00,0.162839785169434,3.20239177774624,10.7719413335574,9.51208888876797,451.966983649644,14.5550280069747,2
2026-04-16 02:30:00,0.2284013407167,3.78006622216177,12.479722222414,8.47654977769857,458.727339846574,26.1505702344296,2
2026-04-16 02:45:00,0.2155547555811,3.39380133330043,12.6991668892161,6.54467622214847,458.848788155991,18.3110900776981,2
2026-04-16 03:00:00,0.166438214798167,2.76353911110613,10.647549555855,6.44810533336723,455.315781748024,7.27916545511332,2
2026-04-16 03:15:00,0.158669466633034,2.9067557777697,9.93352711147248,7.0508079999962,455.246525944827,2.57032802196424,2
2026-04-16 03:30:00,0.162546022173834,5.03203622217836,10.7235673336877,5.63898444441656,455.70671717389,3.81336215357585,2
2026-04-16 03:45:00,0.188166896254533,2.8954328888654,11.3211233337168,4.85409755558936,455.593069048637,5.97229053876756,2
2026-04-16 04:00:00,0.164015155517667,3.44260822213973,10.3407933337907,5.4794384444871,455.511881994587,4.39066680250167,2
2026-04-16 04:15:00,0.158781259221534,2.9134179999917,9.95502777816748,7.04704488887696,455.35127494062,4.07765426526662,2
2026-04-16 04:30:00,0.165632377753633,2.94403666665707,10.5065200004096,5.92172622227173,455.456783801564,5.01898144542674,2
2026-04-16 04:45:00,0.156838399964967,2.94406688888617,10.086540444809,7.37127911106956,455.868056712784,3.26837421128433,2
2026-04-16 05:00:00,0.1563978073756,3.05943488887487,10.1641577780959,7.4038806666126,456.612638082711,2.36116051760922,2
2026-04-16 05:15:00,0.1601646444114,2.917034666602,10.1163322226489,5.72149644447817,455.725534071207,3.14799879755296,2
2026-04-16 05:30:00,0.1600555629306,3.07625044436643,10.0691424448679,6.76120511108999,455.736247553194,2.47643841781332,1
2026-04-16 05:45:00,0.159105674036,4.21668666663563,10.1099846670967,6.62258799991557,455.876908146887,2.93961819017839,1
2026-04-16 06:00:00,0.158730888856967,2.99733177775777,9.74846044489244,7.13274577777203,455.42019648317,2.14727473870005,1
2026-04-16 06:15:00,0.161193259223534,4.96608999994513,10.1164951116155,5.19825400006973,456.050259078091,1.4855282336085,1
2026-04-16 06:30:00,0.1608281555218,3.24207066657343,10.0344057783161,5.75586222227927,456.144804878804,1.59762727770585,1
2026-04-16 06:45:00,0.157477466627634,3.37717422214287,9.93725688942407,7.05763955550186,455.632545453997,2.18575038314874,1
2026-04-16 07:00:00,0.160073103678367,3.01194799998027,9.9447813337512,5.47473488896556,456.020524237654,3.37514694846657,1
2026-04-16 07:15:00,0.160205340708167,3.14905022214197,10.0778680004633,5.7978344444804,455.71186134429,3.86446538714252,1
2026-04-16 07:30:00,0.1601657629303,3.10578799991817,10.0910220004409,5.75648577781277,455.23710441741,4.90398865588826,1
2026-04-16 07:45:00,0.182140844375166,5.47100733330379,11.2289400004654,3.45973311114397,456.185261261904,9.61293233069121,1
2026-04-16 08:00:00,0.161984125887433,2.82370533333673,10.2153246669948,3.76164533336047,455.576293975933,3.60658410186719,1
2026-04-16 08:15:00,0.169600414821567,3.14852666664943,10.6498048893725,4.5983784445155,455.66525314017,3.49021256319553,1
2026-04-16 08:30:00,0.160481118481067,5.29513666661629,10.7514517780332,4.14772022228707,456.28212478323,2.17379318801088,1
2026-04-16 08:45:00,0.162592792553933,6.9255422223794,12.1728588890834,7.21977188882383,460.262147636907,2.28720553003625,1
2026-04-16 09:00:00,0.155103118458,6.07816800002386,11.89458266687,10.376983555591,449.354993844527,2.16308945904452,1
2026-04-16 09:15:00,0.152648814760234,6.15177600004243,11.161730666789,14.7391222222556,447.796546311737,2.20569742716398,1
2026-04-16 09:30:00,0.148978562917434,2.41198266660247,10.0885395554841,16.9038519999977,449.614808232647,2.22406527049998,1
2026-04-16 09:45:00,0.146948162924467,5.41330711112432,10.19671577786,14.9363202222345,449.61814055579,2.27296575074545,1
2026-04-16 10:00:00,0.149041222171967,4.6288924444242,9.60479422221317,18.6924068889177,450.81444542021,2.27666730553143,2
2026-04-16 10:15:00,0.146899155510267,5.45195666670712,9.51070644451828,21.0477171109257,450.38274061163,2.26883219088338,2
2026-04-16 10:30:00,0.146006636985333,5.45379866669303,9.09523644436958,22.7293373333034,449.978420635977,2.33559686433952,2
2026-04-16 10:45:00,0.1378303407482,5.63641911113159,8.90870488874678,22.9304482222483,446.562947061403,2.42313948902264,2
2026-04-16 11:00:00,0.128913837071033,5.73085644449746,8.97296911086614,20.8619460000997,445.94499905975,2.57452718237811,2
2026-04-16 11:15:00,0.1283013407471,5.84074244446583,8.16415644431711,19.9219404444227,449.872504893169,2.62580905066982,2
2026-04-16 11:30:00,0.126210503713333,5.49284644442446,7.15868733331083,21.4415224444773,450.03882369129,2.76375315939408,2
2026-04-16 11:45:00,0.124692488865367,5.38307133333676,5.54209666663613,23.387926222334,448.02895816418,2.71989090787424,2
2026-04-16 12:00:00,0.127539333330433,5.55001755555416,6.7310153333392,22.2724726668675,449.908833475333,2.74621500956961,2
2026-04-16 12:15:00,0.128434377764733,5.32506466672303,4.7346053333035,26.341577333582,440.388567101223,2.71740628492495,2
2026-04-16 12:30:00,0.1260670444334,5.41192088881583,4.75013177774346,27.5142184445397,439.749148306497,2.79645120211671,2
2026-04-16 12:45:00,0.1264529703559,5.32685088877383,4.79250955552206,28.0131495555513,439.390191564624,2.8254975447298,2
2026-04-16 13:00:00,0.1285306073622,5.0969366664223,4.58783955555673,30.354833555177,436.894536494584,2.88765121668603,2
2026-04-16 13:15:00,0.128946370295367,5.93436799997239,4.60257044444333,30.6385566664787,436.415431960034,2.85992334450158,2
2026-04-16 13:30:00,0.1279598580641,5.71536022219709,3.92972492307604,34.429882222703,435.214734893877,2.79184528709041,2
2026-04-16 13:45:00,0.1310847441326,3.51969266642967,4.58617647866263,32.2548377609177,434.923379285524,2.79499809709137,2
2026-04-16 14:00:00,0.131189888261967,4.10037577744933,3.9761108205361,33.092991897754,434.319289289317,2.79567850598516,2
2026-04-16 14:15:00,0.1293579577655,4.92953488854367,3.65138905981037,33.286131350745,433.958654224197,2.77552867541327,2
2026-04-16 14:30:00,0.136274671840867,6.07243155545699,6.22472488897007,32.2079588716554,434.695261597374,2.8031391604102,2
2026-04-16 14:45:00,0.133184165742467,5.78513622213989,2.90032111111013,34.9625310600304,432.30888057608,2.72549799960354,2
2026-04-16 15:00:00,0.134628251892834,4.2084033329827,4.21730377784343,37.1597352776114,432.38912087488,2.66406076352553,2
2026-04-16 15:15:00,0.126430325946867,1.12934866668503,1.96644656413777,37.5261656666597,431.093241450484,2.72599360572883,2
2026-04-16 15:30:00,0.1308446900228,4.91673222255353,2.88501259829833,36.430848111214,431.369030984754,2.72012860696706,2
2026-04-16 15:45:00,0.131105303710833,1.6580706666816,3.60509500861433,36.7912283333021,431.11573317115,2.74114852374452,2
2026-04-16 16:00:00,0.134782974259633,1.8357301025189,3.98743041029947,35.0875012133767,430.867324620553,2.68609035537852,2
2026-04-16 16:15:00,0.135558694035733,2.31571377774887,3.90224666669177,36.5342592778477,431.349734747611,2.70802623912228,2
2026-04-16 16:30:00,0.134574828504967,1.9512319999678,3.66593974361943,36.3670391622444,430.56884626292,2.67143989101885,2
2026-04-16 16:45:00,0.1339672518733,2.3194544443972,3.35696488890977,36.679043777737,431.176460356177,2.67413825255583,2
2026-04-16 17:00:00,0.131812718410667,1.576874410215,2.67905200001393,37.023929555485,429.946609400791,2.67140044983238,2
2026-04-16 17:15:00,0.1343141333489,2.22313466662033,3.47766200006117,36.8718391115223,430.665844129377,2.66357733297915,2
2026-04-16 17:30:00,0.137220192624367,1.56625466663877,3.4160671111099,35.0532077903193,429.84246806952,2.67513914614344,2
2026-04-16 17:45:00,0.1326345852038,1.50633933329507,2.66780133333987,38.8535324446217,430.848768578794,2.67927746223027,2
2026-04-16 18:00:00,0.1342341988686,1.81382399996843,3.28862282054856,37.7606422228337,430.555097800994,2.68685247512907,2
2026-04-16 18:15:00,0.1547803481738,1.7432028888997,5.6135260475725,35.6258035552286,431.283566668723,2.75706589803757,2
2026-04-16 18:30:00,0.173395807396467,2.6940522222064,7.6026087933911,34.1308475550643,432.338912303569,2.68838757177993,2
2026-04-16 18:45:00,0.159557692622134,1.4102766667014,9.38231634912861,30.7158166664837,433.30932923786,2.66908565360701,2
2026-04-16 19:00:00,0.145514540784934,1.2036597777766,12.7122240009177,27.7634759998773,434.241547293306,2.74414454781162,2
2026-04-16 19:15:00,0.142572137044434,1.09015733330693,11.6014651116325,28.037827111358,434.542096824383,2.70525690964952,2
2026-04-16 19:30:00,0.1428732666665,0.6922584444062,10.7025760004984,29.713717999843,435.302243658833,2.81650220510191,2
2026-04-16 19:45:00,0.130590051866333,0.614770000007299,11.1939346671269,28.2156982219993,435.928001899457,2.8230764681491,2
2026-04-16 20:00:00,0.128491163002133,0.682612444463666,12.4831035556923,21.924407333659,438.921921192897,2.68877026969208,2
2026-04-16 20:15:00,0.352363692609133,1.16499266674037,15.1217157783791,17.4784882226305,453.37570759489,2.65976696297411,2
2026-04-16 20:30:00,0.374841885198467,5.050298444457,19.7204271112572,14.0905088885724,464.17422942801,2.60865544750838,2
2026-04-16 20:45:00,0.2330938704213,1.3014988888631,15.1731966669342,14.3355659999356,459.919467604117,2.49706898388874,2
2026-04-16 21:00:00,0.172057903712767,0.677987111104067,12.6163728886629,19.5201948890693,455.05166433203,2.95860307726244,2
2026-04-16 21:15:00,0.164711918481533,0.5520160000287,12.5876553331518,20.5174420002075,453.188439540083,3.0323548530384,2
2026-04-16 21:30:00,0.153673785089267,1.01498888886533,13.8868593330294,14.0624942229407,452.993197516973,2.78929359967477,2
2026-04-16 21:45:00,0.2402108259528,1.36383377773543,15.8120777780567,11.2019053330272,457.328253688317,3.01185722201166,2
2026-04-16 22:00:00,0.171001562968167,1.34691288880303,13.3230768887869,11.5491304447363,457.434177006416,3.387835642714,2
2026-04-16 22:15:00,0.154572703613667,1.29488799993767,11.9030279999053,13.2055220008327,455.490002034569,4.033147952159,2
2026-04-16 22:30:00,0.1552072221286,2.11537466666937,13.1738684445912,12.7709164450549,456.617747902076,4.04516672420386,2
2026-04-16 22:45:00,0.166285948123767,1.84218977777307,13.1124004442034,12.3997484450125,457.730764382073,4.81563601081907,2
2026-04-16 23:00:00,0.1554611776928,2.02346577777693,11.8331704442199,14.5023222228693,454.681781722683,4.63687821544982,2
2026-04-16 23:15:00,0.1603883851249,1.61021133336467,10.9457840000776,9.271766889114,463.018142978934,5.42191697783101,2
2026-04-16 23:30:00,0.158007459206667,1.505658222266,12.3263151110542,10.774570667171,461.417727654793,4.88792199872318,2
2026-04-16 23:45:00,0.1561823332991,1.57401377777923,12.0097733333321,11.6884044450873,457.16301954103,4.18363148529657,2
2026-04-17 00:00:00,0.155030792566567,1.65670755561733,10.5721828890234,12.1164835562838,454.191920017977,3.08532623632364,2
2026-04-17 00:15:00,0.157969355519567,2.07317177782387,10.309693111292,10.176856444803,455.627458750084,2.85946024058296,2
2026-04-17 00:30:00,0.157833244426967,2.41995422222897,11.1050902224125,11.3131891116217,456.994244098243,2.30722478079396,2
2026-04-17 00:45:00,0.1561644592393,2.40586822222763,11.720360889013,13.4394320006333,456.039345777424,2.1863672765991,2
2026-04-17 01:00:00,0.158022296281834,2.75128355553843,10.8803120001438,10.298922666878,457.513839318777,2.39951499776718,2
2026-04-17 01:15:00,0.157186340725734,2.22939488890367,10.6729822223543,10.5143177780976,455.039470354584,2.08851047539429,2
2026-04-17 01:30:00,0.157450674051034,2.68878599999467,10.4606391112769,9.6032097779132,456.720680506294,1.98085303933795,2
2026-04-17 01:45:00,0.156764429608534,2.738347555543,11.0586224445749,9.7022633334964,457.918349765174,1.95185339838745,2
2026-04-17 02:00:00,0.157059592570667,2.68297488889033,10.4441555556678,7.60105822219633,457.026301372614,1.96218568357247,2
2026-04-17 02:15:00,0.156719570344734,2.74329466665177,10.3332566668912,9.77116822233046,456.869749594107,1.94512764338117,2
2026-04-17 02:30:00,0.157837207373167,3.0053426666345,10.4856057781532,8.36732311103459,457.183299247197,1.97031568999579,2
2026-04-17 02:45:00,0.1593326073777,3.510431333254,10.6312728892839,6.39127711107613,456.735634490947,1.92960623568432,2
2026-04-17 03:00:00,0.158402896268567,2.9960731111093,9.94037822263077,8.15317111104642,456.751627601367,1.93707549574388,1
2026-04-17 03:15:00,0.1608931777409,2.9304691110757,10.3689275559862,6.32033177772337,456.159913956704,1.86866607864863,1
2026-04-17 03:30:00,0.159118822185767,2.98374355548497,10.1214740005415,7.1018357776499,456.357946932967,1.78989336418656,1
2026-04-17 03:45:00,0.1601893777343,4.95343333327663,10.2385642227721,6.92850999995743,457.496582913764,1.75586212010867,1
2026-04-17 04:00:00,0.161515903671967,2.93169577776234,9.98653400050894,5.845209333322,456.993237785554,1.78778779284866,1
2026-04-17 04:15:00,0.160546488854667,2.98587666659617,10.0487688893779,6.98822755547473,456.24181387169,1.71895171165455,1
2026-04-17 04:30:00,0.1591934888511,2.93368577773647,10.1283088894555,7.3344404443485,456.488272275804,1.7282130711643,1
2026-04-17 04:45:00,0.161465511070967,3.63248577769607,10.1891704449259,5.64101399998753,456.850166606724,1.68215085722545,1
2026-04-17 05:00:00,0.160382562918267,3.52662666657793,10.1414895561149,7.0096551110468,456.928454078864,1.70165113971642,1
2026-04-17 05:15:00,0.1611060518125,2.91794644437564,10.0878586672361,6.46182088881276,456.336623568807,1.69008065022076,1
2026-04-17 05:30:00,0.158886140706967,3.2478104443653,10.4056353337379,6.5779604443869,456.53355262563,1.63162444805507,1
2026-04-17 05:45:00,0.158192074049333,2.7607617777759,10.1487331114533,7.94491822216252,456.231973876027,1.67362326812891,1
2026-04-17 06:00:00,0.161283681445667,4.2926637777442,10.1075442227106,5.66648600001934,455.838817384821,1.68184755136392,1
2026-04-17 06:15:00,0.161707570335034,4.93702377774003,10.1183695560503,5.35352933335797,455.834787585901,1.57179271230017,1
2026-04-17 06:30:00,0.160773644406933,4.89182688884099,10.1306942227251,6.77378711110233,456.474868589994,1.58808614556656,1
2026-04-17 06:45:00,0.160260474041434,2.90095333326647,10.0923660005502,7.20952844438993,456.560292510774,1.64883492049874,1
2026-04-17 07:00:00,0.160918525891867,3.09775399991753,10.0964364449483,4.98734622229387,456.490767072731,1.7149187568025,1
2026-04-17 07:15:00,0.160650362931134,2.9560202221914,10.1479884449338,5.17565200006603,456.370154444964,1.65247762185517,1
2026-04-17 07:30:00,0.160782725889267,3.00940377774437,10.1174668893772,4.83253711118106,456.74646352498,1.63532073794002,1
2026-04-17 07:45:00,0.160516948105167,3.07218933330547,10.2878877781984,4.0140120000399,455.657280887294,1.71933157864182,1
2026-04-17 08:00:00,0.161587703665233,2.8880364444279,10.2384295559872,4.170027111152,456.74598379251,1.77131207416495,1
2026-04-17 08:15:00,0.158860785152134,2.59281400000944,10.191608444856,4.27453622227007,456.784865858103,1.87314256508037,1
2026-04-17 08:30:00,0.1576192888666,2.1708775555153,11.2277033335414,3.50856888897926,459.343906040457,2.20636681383394,1
2026-04-17 08:45:00,0.1557847999455,2.5259733332538,10.8401571113799,7.09570977772833,459.41019632435,2.35181224797747,1
2026-04-17 09:00:00,0.155754511030567,5.16696222219706,10.5323900002342,6.42539555547893,458.20677420322,2.40503091659964,1
2026-04-17 09:15:00,0.1444795111103,4.33290777773953,10.4225022224009,8.51465999989963,456.519286862963,2.48255002907047,1
2026-04-17 09:30:00,0.140102103716433,5.37071955554773,9.49072488889551,13.16118133396,448.306755883106,2.64337977851843,1
2026-04-17 09:45:00,0.136123533352033,5.65735644449369,8.67439333323524,14.2187860003702,444.580096811903,2.8870699481441,1
2026-04-17 10:00:00,0.1360518963192,5.69385444448486,8.44519977771427,14.5373077782371,444.922822812856,2.94652588018896,1
2026-04-17 10:15:00,0.1289509555782,5.68758933332853,7.84913066667491,17.9335766669415,443.998514397103,3.10634367040862,1
2026-04-17 10:30:00,0.127226333346166,5.64420644447393,7.44731377775411,18.324361111276,442.977015945197,3.15706903081088,1
2026-04-17 10:45:00,0.1275261555556,5.81643711115616,7.17216377767644,18.275837777939,443.473397194196,3.2150817839879,1
2026-04-17 11:00:00,0.126793118501933,5.43595933336916,6.69820466668287,21.883228000021,448.734731735096,3.35875507370435,2
2026-04-17 11:15:00,0.125595414798033,5.45749666668704,5.93681755552927,22.8562695556013,447.529525607426,3.36523355465219,2
2026-04-17 11:30:00,0.1261105036948,5.38416155555379,5.44626111107754,24.419920444614,443.56769928245,3.30878455489005,2
2026-04-17 11:45:00,0.1257303629498,6.59835466638603,5.40525555551664,26.8031195555767,440.834659094177,3.42461032947828,2
2026-04-17 12:00:00,0.1289736307524,6.49607599985953,5.19597333331963,25.8184273335483,441.322326123233,3.46585181258394,2
2026-04-17 12:15:00,0.127267007380067,6.09870022210843,4.70896977777677,29.5778739997903,439.616772161904,3.38987461161443,2
2026-04-17 12:30:00,0.129330178264033,6.22662355545469,4.250395777808,32.0396675388427,434.292545828314,3.43440254795221,2
2026-04-17 12:45:00,0.128154052359433,5.73277088885709,3.87588977777887,32.7885067867707,434.531960711874,3.29575078893767,2
2026-04-17 13:00:00,0.128710003345367,5.90450622218353,4.55285488890523,30.1955747006813,436.413690074244,3.34406846201985,2
2026-04-17 13:15:00,0.129542769717733,5.90014888880219,3.90040605129434,33.256532889129,434.75341864815,3.31202948637026,2
2026-04-17 13:30:00,0.1276176745696,5.56679599998596,2.81011781195327,34.6487154532793,432.677473982524,3.33791337359422,2
2026-04-17 13:45:00,0.127818607325233,5.53328688894636,2.47208788033787,36.496380974215,432.34343903296,3.32285423456431,2
2026-04-17 14:00:00,0.129700819870367,5.41362155559856,2.48316355555373,37.358092888869,432.109592680054,3.50095084983847,2
2026-04-17 14:15:00,0.132122653278267,5.1391431114375,4.13472466670737,38.727958555856,432.4834803936,3.62840041915465,2
2026-04-17 14:30:00,0.132555333354567,1.92101822216123,3.91342666670403,39.2335620004323,431.913674271847,3.44106086742918,2
2026-04-17 14:45:00,0.131188071234733,2.04033244442893,3.40491478638296,38.086316778288,431.428958792207,3.31433177188935,2
2026-04-17 15:00:00,0.130889358393567,1.45953733327387,2.06222135045577,37.732718470701,431.09650370616,3.26564134955532,2
2026-04-17 15:15:00,0.1315457948646,5.69107933370003,2.23693227351704,38.218826778359,431.484705714324,3.14284194655215,2
2026-04-17 15:30:00,0.133341870383667,1.95512311107724,3.389155487202,39.618617111443,430.846782522897,3.1860992805283,2
2026-04-17 15:45:00,0.132941996293333,2.10708711106617,3.220046666664,39.8178688892377,430.999850975234,3.26206580082974,2
2026-04-17 16:00:00,0.1309856296233,2.15135444437943,3.637518666684,40.6294528887613,431.598022861877,3.30593888187556,2
2026-04-17 16:15:00,0.132791229646333,2.00206155552547,3.40206533335033,40.481110666637,430.86209123377,3.29399982071086,2
2026-04-17 16:30:00,0.137705133358034,1.4661266666184,2.93767314288183,38.4491535557583,429.77604882283,3.26441863172724,2
2026-04-17 16:45:00,0.1334882074189,1.58479444442887,2.6684655555608,39.6679299998733,430.396252907734,3.28150923870238,2
2026-04-17 17:00:00,0.133043118529767,1.64949044443353,2.8285237777863,39.5418164443804,430.510194759997,3.1080407973194,2
2026-04-17 17:15:00,0.1344338210913,1.76341955551257,3.10159133338053,39.1915531111304,430.254752918994,3.21989804937991,2
2026-04-17 17:30:00,0.139287300013767,2.1145846665915,3.41547504767067,39.1780506668007,430.63916339907,3.2689163348427,2
2026-04-17 17:45:00,0.144471607404433,2.0266964444451,5.20288850788306,36.7484620003593,430.25773257167,3.33232380419804,2
2026-04-17 18:00:00,0.136019838917334,1.43355199999007,6.20957301551739,35.9170715555057,430.209508824739,3.34745158546976,2
2026-04-17 18:15:00,0.135075518530467,1.40449933329353,8.21663088840324,35.4612046103483,430.563708104286,3.30453875102727,3
2026-04-17 18:30:00,0.1363270389143,1.44161844442197,6.54868542813266,35.1780591660916,430.490525975133,3.30797355857098,3
2026-04-17 18:45:00,0.137581348163433,1.4169068888642,8.00511618966696,32.082331499577,430.854287646847,3.1890298032159,3
2026-04-17 19:00:00,0.135652259263533,0.993377111067567,7.32584333290066,32.2364688204824,431.579838760136,3.15975104440646,3
2026-04-17 19:15:00,0.1360949722205,0.914015111087834,8.7905439997348,30.1933744444217,432.468830398863,3.15541784615411,2
2026-04-17 19:30:00,0.1478810055876,1.6455417777729,9.92211999960498,28.8789520000447,433.64202622026,3.28304391268445,3
2026-04-17 19:45:00,0.131913229654433,0.832479333357,8.45623888867447,29.169935333453,435.083837515816,3.31622717422996,2
2026-04-17 20:00:00,0.2298616000425,2.51984088895426,12.9864417777481,24.244847110504,435.981628054593,3.49562418541738,3
2026-04-17 20:15:00,0.139388818553733,0.6646002222494,9.12807799999901,24.4506771111484,438.072011138294,3.5416939794005,2
2026-04-17 20:30:00,0.137232503723567,0.4916355556107,11.3435915554895,22.5502506672717,449.54957621728,3.4509505568524,2
2026-04-17 20:45:00,0.161806274087333,0.558184222274934,11.6638684448503,23.744025333739,451.132517842303,4.5049857665194,2
2026-04-17 21:00:00,0.1680627555784,0.555903333337167,12.383405333184,21.0332846665467,450.82414447067,4.92850237622702,2
2026-04-17 21:15:00,0.164639548124367,0.842495111069234,11.6454531109245,15.177375334036,455.35132960787,5.97423250708003,2
2026-04-17 21:30:00,0.171741148193734,1.14974288882637,11.6956046663028,14.4230651117097,455.803774053873,6.13693151980698,2
2026-04-17 21:45:00,0.162130281396833,1.46482466661827,14.7571288886702,10.6192031114674,460.375795694363,4.52413680523664,2
2026-04-17 22:00:00,0.154356296202267,1.11982711107623,13.8212862219427,13.9082448897328,453.87472708495,3.32853825463565,2
2026-04-17 22:15:00,0.154011792513667,1.1761433332731,14.7133808885818,12.4278473338717,453.882718203313,3.0089479405256,2
2026-04-17 22:30:00,0.1528290517691,1.0822282221341,13.1867464444746,12.3692524450058,453.548725599013,3.05876755488574,2
2026-04-17 22:45:00,0.152483607323,1.18372977771713,12.8513548889155,10.3119857778525,453.2138715538,3.20422557352785,2
2026-04-17 23:00:00,0.1549370814293,1.58957177773553,11.120581333198,8.24599244448646,459.596050824967,3.41110232403724,2
2026-04-17 23:15:00,0.153782059200367,1.60295133336347,11.7277168889807,11.5964522226166,457.98383256791,3.4972646785752,2
2026-04-17 23:30:00,0.1536081110573,1.06644733325273,11.3305097778008,10.9623695558166,451.664454655057,3.21571313361818,2
2026-04-17 23:45:00,0.1565282518199,1.47295511108287,11.7037584444032,7.00689133328774,459.218278761573,3.1806704920896,2
2026-04-18 00:00:00,0.1541330147719,1.608244666661,12.2220139999885,9.6601182225232,456.541845557957,3.03135524311136,2
2026-04-18 00:15:00,0.153766288869534,1.45038488884107,9.84094466667747,8.25640866672367,455.831805880084,2.93404221489512,2
2026-04-18 00:30:00,0.155158029619334,1.79588488889513,11.1537102222771,7.80707644447747,457.351348395167,2.88026556713383,2
2026-04-18 00:45:00,0.155418081460234,1.9922580000332,9.68820933332883,7.64669066662743,456.555031176617,2.81307557221763,2
2026-04-18 01:00:00,0.1584277851606,2.67649799999683,10.6065875558047,7.40008733324593,458.91778405682,2.7673533430145,2
2026-04-18 01:15:00,0.157209962933567,3.06784888888184,10.3861682225053,7.59742288885339,457.031045392467,2.84130658278334,2
2026-04-18 01:30:00,0.161049333306333,2.48057644446733,10.0085342225506,5.75092266663253,456.838787711237,3.50910644156003,2
2026-04-18 01:45:00,0.156616985160934,2.50019600000613,9.93107333351724,7.68010288884183,455.975324342537,3.00764428429564,1
2026-04-18 02:00:00,0.1570184888599,2.99523955555367,10.363416222454,7.51958777775823,456.816401578984,2.63742150043685,1
2026-04-18 02:15:00,0.1604034962598,4.25352933330163,10.421788222597,5.5212206666617,456.28173173269,2.61572846794651,1
2026-04-18 02:30:00,0.160441407376034,3.1229228888094,10.355831555939,5.848228888898,455.872648347744,2.68561171789048,1
2026-04-18 02:45:00,0.160401540711734,2.970534222186,10.3708991115188,6.4616079999911,456.532420533127,4.75405152843663,1
2026-04-18 03:00:00,0.160428903675134,2.98907866664047,10.4115373336311,5.26707488893946,455.567795502504,9.03762609348792,1
2026-04-18 03:15:00,0.164671340699833,2.92398222218747,10.4148222227631,5.77644333332586,455.999718215707,15.3731087215951,1
2026-04-18 03:30:00,0.167531881463367,3.1208024443583,10.6591324449576,5.79647666669673,456.26482551507,14.9778034605949,2
2026-04-18 03:45:00,0.162520022184234,4.98855599994269,10.5637404447689,4.1342891111766,455.58740937188,9.82956055808718,2
2026-04-18 04:00:00,0.160692555526767,2.94187155552614,10.2856380003429,5.48204888894956,455.9397716923,7.0122133315365,2
2026-04-18 04:15:00,0.161964407371334,2.96279555553974,10.0660766671173,5.07567955559776,455.839090373827,7.73153801756537,1
2026-04-18 04:30:00,0.166361051807367,5.01197911106359,10.6197811116113,4.28387422227787,457.093391299294,7.93387087485922,2
2026-04-18 04:45:00,0.173121096339967,2.92988399992904,10.9862397784059,4.94387933340403,456.627894986087,9.37935835422493,2
2026-04-18 05:00:00,0.161669792556233,5.00305422218133,10.153662667114,4.69002133340693,455.97179136655,5.10962483920395,2
2026-04-18 05:15:00,0.161319333293867,3.12253533324833,10.1416935560724,4.71549466671347,457.11542626563,4.7823353068048,2
2026-04-18 05:30:00,0.1626989999635,2.88481222218434,10.2597075560476,4.7054424444826,457.163360860324,5.00826901489325,2
2026-04-18 05:45:00,0.161840296262333,3.10499377769707,10.1758002227914,4.4535368889486,457.017110439747,3.84401378971879,2
2026-04-18 06:00:00,0.1614931555231,2.89279133329887,10.1345617783361,5.43734600000087,457.231176892164,3.57019532868289,1
2026-04-18 06:15:00,0.159842029600234,2.75587599999337,9.85857822266907,6.18455666665093,455.662216609184,3.52376406316068,1
2026-04-18 06:30:00,0.1612431110663,2.90467444440984,10.1736597782977,4.50590933336897,457.028910245084,3.02735132089634,1
2026-04-18 06:45:00,0.160578977736533,2.81411577772297,10.1246884450063,4.71151377781927,457.217868716967,2.64743417459513,1
2026-04-18 07:00:00,0.159718362931267,2.7689151110998,9.92687822267764,5.73073088894226,456.08574337872,2.79406007511467,1
2026-04-18 07:15:00,0.160583822188733,3.33452133324667,10.134430889409,4.64500377786033,456.252742817337,2.96194806314341,1
2026-04-18 07:30:00,0.159812844404367,3.2158862221379,10.1758206670625,4.3258893334171,459.04141010921,2.45519039561091,1
2026-04-18 07:45:00,0.156448970338167,2.21557444447983,9.5718626669752,4.86437044450993,457.223435339553,2.51269671759974,1
2026-04-18 08:00:00,0.156187259224134,2.1972504444665,9.74053800031547,4.79022777784376,457.07591189711,2.40374977894654,1
2026-04-18 08:15:00,0.156450807342967,4.91361111104523,10.1855684450267,4.15529688900127,458.783265850957,2.52922808182218,1
2026-04-18 08:30:00,0.155617822147867,5.01629355550036,9.79853800053814,4.9326315556494,458.05548746112,2.63916588596734,1
2026-04-18 08:45:00,0.144316318523867,6.25173533333056,9.01519355590954,8.15606977750477,448.048026555737,3.21918906187754,1
2026-04-18 09:00:00,0.1393514666864,5.60517577778249,8.58209800011783,11.2735791108403,445.191735298043,3.13985756780183,1
2026-04-18 09:15:00,0.139075711133333,5.80695177781179,8.7761453332962,12.0165077775467,444.668902195383,2.99975205363941,1
2026-04-18 09:30:00,0.137623125961767,5.89604466670877,8.89697022206644,14.0939782226911,444.00797579283,3.00711621056249,1
2026-04-18 09:45:00,0.131051703730733,5.91140133337893,8.30509155542067,16.517695110908,443.478069530633,3.11692575915193,1
2026-04-18 10:00:00,0.1271246148265,5.82868733339096,7.53619777771497,18.6378011107195,442.617725643723,3.13279402477231,1
2026-04-18 10:15:00,0.127697066676333,5.92174688891323,7.06241822223767,19.4340088885565,441.68121554945,3.19238145939991,1
2026-04-18 10:30:00,0.125972600006733,5.60676600006523,7.24254755542531,19.4681633328641,441.326593139703,3.18421729462573,1
2026-04-18 10:45:00,0.125885970362766,5.82526022225786,6.3232986666568,20.1754595553919,442.341644925077,3.248638213132,2
2026-04-18 11:00:00,0.1281850074023,6.0412220000902,6.58654666669343,20.2802506663967,443.657142463717,3.3317242026732,2
2026-04-18 11:15:00,0.124628148128067,5.73366733341116,5.1446091110601,22.1934257778577,440.906424357433,3.43128504825256,2
2026-04-18 11:30:00,0.127395376027133,6.4096922220482,4.4734551110815,23.4757497777077,438.510062407873,3.49280250357625,2
2026-04-18 11:45:00,0.127766718499067,6.50835911102013,4.21691999997457,24.556549111189,438.443162950657,3.57958060487369,2
2026-04-18 12:00:00,0.128110319641333,6.2366879999167,3.9207216922668,28.8215049744284,436.78602649108,3.51131858745524,2
2026-04-18 12:15:00,0.127969937836233,6.24695577767819,3.885236136741,29.793279675257,436.683259741174,3.55218259092238,2
2026-04-18 12:30:00,0.128798782252067,5.95585466658006,3.00912017093917,31.9644191288117,433.480898922014,3.48921360494341,2
2026-04-18 12:45:00,0.1283432050497,6.24479199992289,3.00557046156313,31.607255846768,433.191774247564,3.40966473485065,2
2026-04-18 13:00:00,0.128415464879366,5.94248266663659,3.3177492478797,31.721468855211,432.844819115621,3.4472511136025,2
2026-04-18 13:15:00,0.1286863258575,5.67169733333563,2.8999258290618,33.6332453510027,432.31139175717,3.36042630251117,2
2026-04-18 13:30:00,0.128164866598666,5.51826133341216,2.48460220510507,34.1637482568197,431.867446792821,3.40789070571779,2
2026-04-18 13:45:00,0.128005171444966,5.60260400006066,2.1956772136594,34.8720203930267,431.457919270273,3.2481758646792,2
2026-04-18 14:00:00,0.1323734375812,5.62388311147962,2.86534504273837,34.2506028206397,431.14624601767,3.4258801055226,2
2026-04-18 14:15:00,0.135159903603033,5.64774911147653,4.1306217778013,34.6114150084287,431.59776177997,3.52357007758703,2
2026-04-18 14:30:00,0.140041785196134,6.4477744448369,5.22430400016814,33.1410680000604,431.694284515271,5.36054954011565,2
2026-04-18 14:45:00,0.140386762973733,6.38045066707889,5.02871022232727,32.671879555508,431.598552819007,7.26768944305421,2
2026-04-18 15:00:00,0.1418249037147,6.57939955593799,5.0028950770666,32.5233855555,431.636112433687,4.82726803275101,2
2026-04-18 15:15:00,0.1689998073643,6.94238133342283,5.21390774363301,34.900485055516,431.87333505252,5.04347875123193,2
2026-04-18 15:30:00,0.138328185217067,5.99324111145183,4.52031755564981,35.9693863889767,431.760346698847,4.62345019674434,2
2026-04-18 15:45:00,0.1434057259262,2.9131724443852,4.8454602222787,34.229018833011,430.948531344677,4.34960549277999,2
2026-04-18 16:00:00,0.194330199974133,2.39874155551034,6.1490033333418,32.0416471107344,431.69469234469,3.67123139996845,2
2026-04-18 16:15:00,0.141196759268967,2.18373399994827,5.55006199983994,31.9936659996466,431.542368206464,4.27293342877232,2
2026-04-18 16:30:00,0.137380092602767,2.418902222166,5.18599933328444,32.612055777594,431.166831107347,4.02228257363273,2
2026-04-18 16:45:00,0.137843959271334,2.4878055554963,5.19866555551791,32.399741499769,431.347239343847,4.15148280420982,2
2026-04-18 17:00:00,0.1343903574304,2.02519511108597,4.31111285712947,35.46778477741,431.501609838113,4.23078963110386,2
2026-04-18 17:15:00,0.134926277802467,1.72890622222513,4.4375841586895,35.321372777309,431.117141249163,3.97977383748376,2
2026-04-18 17:30:00,0.136179346324533,1.3955233333031,6.61926536987274,32.3746280850413,431.11717349477,3.75630987187966,2
2026-04-18 17:45:00,0.134515912988967,1.47658599997607,7.21441422203703,30.2276848205884,431.88159833564,3.95129454400966,2
2026-04-18 18:00:00,0.138212642607667,1.69693311111213,13.5062620006371,27.3049733332827,433.19477841183,3.59464517133409,2
2026-04-18 18:15:00,0.145756840781934,1.71444266669617,14.8214137784292,25.404201555417,434.138939353706,3.67823581889667,2
2026-04-18 18:30:00,0.142032122241,1.37464044446797,12.9772380004064,22.3235371110999,435.301336764127,3.71198139262683,2
2026-04-18 18:45:00,0.138961725930867,1.14880177774064,12.2865306665611,21.693844888771,436.2516544759,3.60784487584898,2
2026-04-18 19:00:00,0.135779755579367,1.02928911109717,10.1766546663786,22.10340822225,436.388123689954,3.42171145465775,2
2026-04-18 19:15:00,0.140776814817067,0.891676444422234,13.7690279998757,19.871320666805,440.775150170843,3.50420548716242,2
2026-04-18 19:30:00,0.149073074067833,0.931711333344033,13.1497091111216,20.3371037775644,440.41145289539,3.37977909666189,2
2026-04-18 19:45:00,0.143473948168534,1.35276044442393,14.1450946663039,16.6606248888934,441.339504750126,3.32898833130732,2
2026-04-18 20:00:00,0.140653207440933,1.22391288891877,13.9689188883377,16.8458835557036,441.852858074806,3.34017426912212,2
2026-04-18 20:15:00,0.1400404296652,1.4107591110816,14.2246684438491,13.4443968892863,442.952043375433,3.29493341754809,2
2026-04-18 20:30:00,0.141843348149967,1.65359088888007,12.4220795553212,12.8939655561092,448.597749862053,3.33972239925268,2
2026-04-18 20:45:00,0.160382022225433,1.93404222223447,10.9516537777453,7.22635911108733,452.752186985247,3.19071805879183,2
2026-04-18 21:00:00,0.144960814828167,1.93203111112543,11.1360499999759,8.00825177773667,447.82302244371,3.17319683852203,2
2026-04-18 21:15:00,0.141460007418433,1.67474799998623,10.7473973331209,9.09174244442653,446.99402506982,3.23081302967237,2
2026-04-18 21:30:00,0.142365725931067,1.4915459999876,11.0179991108405,12.6898146671306,448.141531639576,3.63957643202059,2
2026-04-18 21:45:00,0.170302851859267,1.85690311119313,16.0585433330633,9.28858399996591,450.984514537563,4.14096047800897,2
2026-04-18 22:00:00,0.171159266614733,1.74528511118637,13.7180228890001,8.64587755543603,449.34772640493,4.20010579713797,2
2026-04-18 22:15:00,0.161426007388734,1.56076244441657,11.3025822220192,6.16510888886637,450.4408377111,3.87581728543135,2
2026-04-18 22:30:00,0.160006962969534,1.92321822223057,9.24985911129453,5.82183155554013,456.634053096634,3.74507646550819,2
2026-04-18 22:45:00,0.161966362938234,2.71574222224083,10.7444053334012,5.23443022220416,454.85389096417,3.98700128520743,2
2026-04-18 23:00:00,0.160243659255967,3.22460511112013,9.5278635555878,6.82692044437493,454.97350684408,3.92044353612909,2
2026-04-18 23:15:00,0.157824355548967,2.3427946667015,8.0918635556956,5.90821688887286,461.922683134863,3.97422310809789,2
2026-04-18 23:30:00,0.1610878740486,3.22203400000897,9.3852811111407,6.6977279999352,452.10027253152,5.07619721067039,2
2026-04-18 23:45:00,0.161425585158667,3.8056126666368,9.3293695557144,5.728535555518,455.11770120784,4.8036840578172,1
2026-04-19 00:00:00,0.160278799997733,3.48377022221173,9.53395488890844,6.0575013332992,459.260123176337,4.36441030051759,1
2026-04-19 00:15:00,0.1626182888738,3.35181711111633,9.68056355564914,5.06349955556476,461.641714522943,5.13322739206572,1
2026-04-19 00:30:00,0.162777288874633,3.82418422218447,9.90078755575327,5.4594400000047,460.916781340093,5.01092342816015,1
2026-04-19 00:45:00,0.162409607382367,3.45361844444103,9.24183688903501,6.1890844444468,460.456204378557,5.6556181133106,1
2026-04-19 01:00:00,0.161937925903867,3.71439155553973,9.02027711139468,5.78416977780887,474.569890083157,8.64807580547573,1
2026-04-19 01:15:00,0.165982062939367,4.21804422214743,9.4451320002843,5.0495615556008,475.99203986995,8.37267317998632,1
2026-04-19 01:30:00,0.1656030110886,3.85946933325303,9.58753266690297,6.42567333328277,460.7352090349,8.74820921926375,1
2026-04-19 01:45:00,0.164905648124333,3.43763888888813,9.03314688911404,5.940812444433,469.254139034967,7.98081169991912,1
2026-04-19 02:00:00,0.165782581460433,3.74482888881723,9.3538617780862,5.87282022222936,470.3020056805,10.1131753954991,1
2026-04-19 02:15:00,0.1657372333059,3.7922513332935,9.37603933370967,5.40322155557787,472.16438325191,11.4238155179811,1
2026-04-19 02:30:00,0.166503685151867,3.59072199991996,9.39494555593224,4.30985822226764,479.01091195603,5.96462570525963,1
2026-04-19 02:45:00,0.1690607221948,3.72506999992407,9.71634733381414,4.90596600004034,480.028250913706,10.3437110690696,1
2026-04-19 03:00:00,0.176271133282333,2.67945222220013,9.89690755609011,6.0462562222085,476.97233675661,12.932088521641,2
2026-04-19 03:15:00,0.1759580666245,2.60084599995653,10.1269015561286,6.00848999998683,476.256159178,10.7745786583743,2
2026-04-19 03:30:00,0.175710703664567,2.80691799991376,10.1924286672075,5.7521115555433,472.546821736417,7.97813796471881,2
2026-04-19 03:45:00,0.1763146147729,4.1056731110809,10.2153260005572,4.6990737778122,478.217148541993,5.16837519916003,2
2026-04-19 04:00:00,0.178165399955633,4.77372911106053,10.2537137782964,5.1089988889157,480.935636122697,4.99229650419999,2
2026-04-19 04:15:00,0.175672970325767,3.94667066662637,10.1525342227394,5.64023466669103,478.39740243302,5.93524189298401,2
2026-04-19 04:30:00,0.177022362918433,3.1804188887976,10.1578360005374,4.67196666669114,482.102010821157,5.0115815851537,1
2026-04-19 04:45:00,0.175333718473867,4.0935126666354,10.12151733387,5.87096555556153,478.274352097127,5.71018601660613,1
2026-04-19 05:00:00,0.1742894295918,4.7486728888564,10.1662220005244,5.58471333336163,474.290569049587,5.78420447365311,1
2026-04-19 05:15:00,0.177347451815167,2.2213906665867,10.0722208894296,5.75379044444173,479.729799485846,4.45387566793543,1
2026-04-19 05:30:00,0.174420118479267,4.84388999995166,10.1629231116274,4.57995244448104,477.630162177703,4.79771318623658,1
2026-04-19 05:45:00,0.175572755523967,2.69070244435657,10.1749611116641,5.2609204444686,475.09194006801,4.10084313136318,1
2026-04-19 06:00:00,0.175572318485767,2.61941377769023,10.1065408894352,5.3443144444711,477.337118908823,3.47092218466761,1
2026-04-19 06:15:00,0.176265807370734,2.17854066666437,9.92691422270398,4.49127777778371,478.298643385497,3.14612335305195,1
2026-04-19 06:30:00,0.1765253184817,3.95461177775323,10.172975111634,4.31025000004274,478.071451453076,3.00453117903779,1
2026-04-19 06:45:00,0.175401055521067,2.57475622213567,10.1653942227526,4.39412688892027,474.058265785943,3.07890028851625,1
2026-04-19 07:00:00,0.175653651814033,5.16915488886636,10.2052760005055,3.95497244448307,475.379847314053,2.61273069368896,1
2026-04-19 07:15:00,0.1736788444091,2.38661111108127,10.150526000534,5.1410468888989,472.238798111977,2.81347145927501,1
2026-04-19 07:30:00,0.175048088842733,2.9468277777417,10.2876197782475,3.9312662222428,455.36101090862,2.68787250030342,1
2026-04-19 07:45:00,0.165049562926667,3.06118733332556,9.66794622246502,4.1876757778115,450.75730045268,2.74963219249752,1
2026-04-19 08:00:00,0.1610522370029,4.18944755553876,8.80880888910354,5.09183666669067,456.454948340174,2.76825666472418,1
2026-04-19 08:15:00,0.140268814806233,4.05711577769417,9.06139088911093,6.00874200004536,447.497852669913,3.12077280153615,1
2026-04-19 08:30:00,0.142230792582867,6.0977533332174,10.4317157777927,5.3276462221461,447.84278583398,4.15955869945027,1
2026-04-19 08:45:00,0.137046933371267,5.22761088885356,9.61396888880297,11.6129871112002,445.191805953546,3.48198260759465,1
2026-04-19 09:00:00,0.139289259286233,5.28337777773043,9.61516222214694,13.2188931111655,443.7245237135,3.92561954733431,1
2026-04-19 09:15:00,0.138237700037133,5.22331622219053,9.39826244450194,14.8526684447241,442.261710861683,4.38562477037326,1
2026-04-19 09:30:00,0.135926362994333,4.31801933327564,9.158281777674,15.5785073335605,442.584550178113,3.53559649590058,1
2026-04-19 09:45:00,0.1334218704211,5.79267622223236,8.38662066662337,14.5810586671544,443.56625790338,3.2276047035208,1
2026-04-19 10:00:00,0.132482633386733,5.70403333336586,7.85402333336504,15.108035111862,441.543295537597,3.2270069832948,1
2026-04-19 10:15:00,0.1285622963183,5.59616888892537,7.61907466665894,18.4301795560069,441.424406489107,3.249508584731,1
2026-04-19 10:30:00,0.1278108666766,5.13462933331764,7.81154888884894,19.5917166669191,441.690036423507,3.34802390691708,2
2026-04-19 10:45:00,0.132432042170767,5.74886199985581,8.46780511092157,17.8494680005701,440.711163104447,3.4073945935841,2
2026-04-19 11:00:00,0.131220765823433,7.52371177798073,7.01849999998137,16.9949500005313,441.200802928776,3.390688343105,2
2026-04-19 11:15:00,0.1312418695305,8.19658444469773,6.262683333291,17.6525006667758,441.133542868866,3.40773616244321,2
2026-04-19 11:30:00,0.128244674628433,8.13600822248207,6.06968222216897,19.2914415553084,441.062364825246,4.69511980904628,2
2026-04-19 11:45:00,0.134404619982767,7.11176733325347,5.99395738453844,22.303259111096,441.088891326196,4.12665658516961,2
2026-04-19 12:00:00,0.128379936146066,7.0549293333368,3.76283406838763,24.6799231108756,438.025791388134,3.14257544694089,2
2026-04-19 12:15:00,0.128972109348933,6.8202331111294,3.56589967522414,28.9675012309287,435.453507834337,3.09601209685896,2
2026-04-19 12:30:00,0.131881569118767,6.8266544443799,3.17569652993557,30.5959670942194,434.216471541144,3.20184321180449,2
2026-04-19 12:45:00,0.1337701793334,7.45530022255323,3.04128755557817,31.7555370431904,434.207056189777,3.6856319680798,2
2026-04-19 13:00:00,0.1358273566058,7.4020700004948,2.62879003424607,33.5620420687697,434.332434598724,3.66063407664014,2
2026-04-19 13:15:00,0.136435822270367,7.6561662225595,3.52562517949643,36.0935279140297,433.274804713684,3.40191664839441,2
2026-04-19 13:30:00,0.137262185236933,7.72950333404974,3.7127111794875,34.9670040849874,432.55519872202,3.3550804062176,2
2026-04-19 13:45:00,0.134947666668967,2.71114133323937,3.1970075556013,33.4612085634331,432.364849527607,3.30232255414896,2
2026-04-19 14:00:00,0.1356005111262,2.8443128887638,3.29712779488437,35.6463988889353,432.423119513607,3.36279295261037,2
2026-04-19 14:15:00,0.136432326539367,1.53743688886147,2.81082499139393,36.19370155512,431.35116886894,3.25728082298815,2
2026-04-19 14:30:00,0.131836896335433,1.3501437777172,2.00114622217806,38.0007978334077,430.409730912631,3.08286253867052,2
2026-04-19 14:45:00,0.1349714792274,1.4177632221541,2.86854446148563,38.404653722465,430.150706432844,3.1242467027646,2
2026-04-19 15:00:00,0.1332108461875,1.71927622213823,3.04530822218363,38.9496662232391,430.88663502969,3.27844357350769,2
2026-04-19 15:15:00,0.132391525966533,1.4169206666294,1.9685064444653,39.674512444152,429.856540521247,3.3830891460004,2
2026-04-19 15:30:00,0.1368431926252,1.1272831111145,1.98712755551443,38.4957944447403,430.746861321057,3.40445480409629,2
2026-04-19 15:45:00,0.1363885555827,1.55403622217557,3.1853879999832,35.2435934998217,429.107836281427,3.33376948892473,2
2026-04-19 16:00:00,0.1314662037083,1.1984499999581,2.80405577775687,38.148166889921,429.221049310224,3.13077492046001,2
2026-04-19 16:15:00,0.128597633341133,1.30677599992723,2.93410022218993,39.1928686667427,428.49455610582,3.09117570314882,2
2026-04-19 16:30:00,0.129335859280967,1.48500799996254,2.94636466664053,39.6985857774497,423.812616553442,3.09116845558636,2
2026-04-19 16:45:00,0.126111392593166,1.46771444439883,2.91886688886996,38.3879233336856,422.94676613802,3.06120652189168,2
2026-04-19 17:00:00,0.162506296234533,1.64608133326407,3.26133977774087,37.9547953337469,428.21318603711,3.04002181143759,2
2026-04-19 17:15:00,0.125454362985067,1.2961353333032,2.87211644442417,41.2285284439009,423.835941598655,3.09044058494309,2
2026-04-19 17:30:00,0.154326140713767,1.21239599998687,2.26764688884597,40.2234711107249,428.103039320977,3.13293460084215,2
2026-04-19 17:45:00,0.1688244666416,1.306367999972,2.58837333327447,39.6269322216066,427.989807430613,3.11085032289935,2
2026-04-19 18:00:00,0.159915970359567,1.3233428888803,3.12393466661367,38.8095675551433,427.78487021367,3.1532585930831,2
2026-04-19 18:15:00,0.157204777771,1.30829800002863,3.27758466661329,38.6377782222176,423.098029526748,3.14040578370859,2
2026-04-19 18:30:00,0.179941377787367,1.7045811110859,6.11883565073583,35.8514520002397,428.85549256932,3.10681600972497,2
2026-04-19 18:45:00,0.1808376148605,1.93707733332724,10.53156711102,29.294178666557,433.387957979064,3.19306498193159,2
2026-04-19 19:00:00,0.187311214840333,2.0748748888502,11.3406144444465,25.338729777741,432.217749291167,3.20206037481879,2
2026-04-19 19:15:00,0.1724039000078,2.48171911110077,11.4323984442917,27.6395597779197,431.748428693231,3.09689130802019,2
2026-04-19 19:30:00,0.157836570386134,2.50397844441527,12.4036257779329,24.5660448887194,433.54068566321,3.01283834565328,2
2026-04-19 19:45:00,0.161431644465167,2.79929333328367,13.0152446667177,22.8015433329377,436.769289180764,3.01617139836628,2
2026-04-19 20:00:00,0.2027289593041,3.6988428889525,13.5853964445505,14.0981208888901,459.540436080326,2.98386913533264,2
2026-04-19 20:15:00,0.179828659272267,3.46480244455977,12.1507486667653,13.1920033335618,467.031505437933,2.89261976696604,2
2026-04-19 20:30:00,0.169796099979033,3.3822822223456,11.992325111588,13.07596422248,462.9152220103,2.67457243741654,2
2026-04-19 20:45:00,0.167905985172667,2.37305444447943,12.2039737779561,12.7672486668138,464.743645949746,2.61397153223702,2
2026-04-19 21:00:00,0.1667010444425,2.6281813333091,11.3807880000508,12.2935075558928,461.826229470847,2.57097049855443,2
2026-04-19 21:15:00,0.1623559148231,2.32565866666503,11.0401291111974,9.19043977779469,464.13496697426,2.53493579390622,2
2026-04-19 21:30:00,0.1603421259415,2.39023377775393,11.557047110938,11.3547806668978,459.6260340502,2.52598199682609,2
2026-04-19 21:45:00,0.160552496291533,1.816522000001,10.4479231109205,8.75353200010166,460.210112868967,2.43133377206166,2
2026-04-19 22:00:00,0.160001696290467,1.6017055555633,11.059722444275,11.7159333337795,457.815280279577,2.54015543759807,2
2026-04-19 22:15:00,0.160656237025634,1.38886044443847,11.3907875553776,9.1612873334329,448.97892258023,2.43430855262447,2
2026-04-19 22:30:00,0.162010466654433,1.94075622220317,10.2880508889163,7.70351444438594,460.101215872397,2.4091250415057,2
2026-04-19 22:45:00,0.163513599983567,1.90569622222027,11.0869659998633,8.799366000096,453.26762831284,2.39088788948201,2
2026-04-19 23:00:00,0.1649699259135,1.6849975555555,11.3184762220961,8.18092844441174,452.692326368237,2.35663651861254,2
2026-04-19 23:15:00,0.164121237013433,2.38986488892347,11.6829995554081,8.22966911107353,453.084194403034,2.40846661372266,2
2026-04-19 23:30:00,0.1640118555372,1.7489128888782,10.3217757778551,5.6985224444122,454.847845909764,2.37636063420129,2
2026-04-19 23:45:00,0.166115144422833,1.7371966666594,9.7198384445603,7.5987942221132,453.941281524187,2.41322028380288,2
2026-04-20 00:00:00,0.166010348126167,2.03485822223923,9.48064622224454,6.612124444365,456.79729260073,2.34503430160434,1
2026-04-20 00:15:00,0.166215970349433,2.17718733336367,9.62736177781613,7.67875133322307,453.887075802757,2.3474875964993,1
2026-04-20 00:30:00,0.167191970350567,2.4734008889057,10.1155502223309,5.19670422220156,458.15914247755,2.34969854669519,1
2026-04-20 00:45:00,0.172516874045333,2.5150704444538,10.1522948891106,5.56995222217663,460.8580827184,2.37154879399694,1
2026-04-20 01:00:00,0.174172170324633,1.96814444446437,8.76743733354834,6.8265757776789,459.89004011568,2.28924978825867,1
2026-04-20 01:15:00,0.176278696255133,2.8383586666418,10.3996480004269,4.71973133332707,469.018250702633,2.24339806899756,1
2026-04-20 01:30:00,0.175811629590867,2.8210079999149,10.5404486671578,5.10788844445303,463.154530718893,2.25254009163014,1
2026-04-20 01:45:00,0.178307592547567,2.7970362221768,10.4988851115784,3.8560364444598,471.3799074981,2.25186325524804,1
2026-04-20 02:00:00,0.175358903664133,2.55757222223317,10.0923431114558,4.33850555556207,463.17215412811,2.21747583526754,1
2026-04-20 02:15:00,0.1759904740316,2.7179202221763,10.4827911116056,4.78710933335693,466.5707068856,2.23259399338484,1
2026-04-20 02:30:00,0.176088651806933,2.7621411110818,10.2589884449599,4.34792311113647,473.743757127667,2.19586180441915,1
2026-04-20 02:45:00,0.1752552295915,2.71947977775873,10.1490797782186,5.25884888890223,474.24925228032,2.14734303532534,1
2026-04-20 03:00:00,0.178971311070967,2.62490311106403,10.2950033338941,4.36350044446741,483.910002212613,2.12727667250959,1
2026-04-20 03:15:00,0.175020733290367,2.76172022213887,10.3127646671775,4.35581066670464,475.033024029357,2.12744773329608,1
2026-04-20 03:30:00,0.177012644405767,2.37544933327493,10.3506973338419,4.03252555558537,479.71096884455,2.168652842603,1
2026-04-20 03:45:00,0.175333355516,2.35716866664543,10.1825693338488,4.17055844447477,479.424963907443,2.06933036829053,1
2026-04-20 04:00:00,0.179260377742267,4.3799779999824,10.3404395560952,3.87452111114667,482.38741529387,2.10784167231901,1
2026-04-20 04:15:00,0.175486133299567,2.23436888885957,10.1923966671899,4.7614515555776,477.9450788736,2.01716483996809,1
2026-04-20 04:30:00,0.1753203999713,1.91505222223587,9.98516688935187,5.3485102222319,477.520560279057,2.04124146665332,1
2026-04-20 04:45:00,0.177499555518533,2.7637848888055,10.2025853338694,4.26800844447777,480.69199820764,2.00808239569462,1
2026-04-20 05:00:00,0.176611999960433,5.19659511108633,10.2817746671651,3.96102977781324,478.69836357989,1.99473105109314,1
2026-04-20 05:15:00,0.177568896258367,4.76522977774303,10.2165651116214,4.19484377782201,479.077512081006,1.97300772015003,1
2026-04-20 05:30:00,0.1768608888504,2.15230444440693,10.1867728894204,4.26576200002384,478.3317839047,1.93851687408362,1
2026-04-20 05:45:00,0.1790022221841,4.05902533330837,10.2310475560861,3.99231888891741,482.3187739397,1.99818802462812,1
2026-04-20 06:00:00,0.176683577741533,3.92736644441843,10.2642357783085,4.24931733337407,478.86113150274,2.06686490478583,1
2026-04-20 06:15:00,0.1765561777446,3.9267242221949,10.2298860005447,4.6175244444916,477.862702726127,2.0561225929007,1
2026-04-20 06:30:00,0.175643822185967,2.18075599998357,10.0742600004977,4.5581262222488,477.663834104553,2.05598420733378,1
2026-04-20 06:45:00,0.205361592612633,3.9516439999272,11.8241633337994,3.5998144444812,475.332408406124,2.02103099956283,1
2026-04-20 07:00:00,0.175771059214067,4.40624688887123,10.3264715560802,4.01469355559094,473.781301006053,2.03170379210355,1
2026-04-20 07:15:00,0.174923081432933,2.937481999967,10.2460208894378,3.86374666669957,471.90136941783,2.08847254162458,1
2026-04-20 07:30:00,0.170382866634,3.18431644441366,10.0674393337852,3.97989177780334,472.65239549311,2.08012923731932,1
2026-04-20 07:45:00,0.164853492555933,4.17092422219376,9.56591222241057,3.2634031111394,450.490582347653,2.27416858475689,1
2026-04-20 08:00:00,0.163378948097733,4.05222199997056,9.0941115557091,5.03980311111376,454.0413101124,2.25745660418067,1
2026-04-20 08:15:00,0.157975562940067,3.9068384443849,8.79659488906244,5.3609320000314,454.73990938287,2.35520632986245,1
2026-04-20 08:30:00,0.1365436444527,4.22999266660293,8.55783622239414,6.34997644436643,446.819461657119,2.59764124576466,1
2026-04-20 08:45:00,0.1380871370741,6.45705377784787,8.79900222245794,7.4494453333357,450.322805653753,2.99470787838845,1
2026-04-20 09:00:00,0.1969947778027,9.75652111095998,13.1140875554191,7.19759933331507,458.940392030146,3.34479268148137,1
2026-04-20 09:15:00,0.137569859288433,6.35559888886283,8.6293228891181,9.58832711084526,449.179836052836,3.16369510992349,1
2026-04-20 09:30:00,0.132593740777967,5.74272177781019,8.1090153334581,17.1217433339569,444.424640021347,3.41043094140166,1
2026-04-20 09:45:00,0.133123214854433,6.1629993333728,8.53602244461046,14.9322775563933,446.788208490043,3.3215659403257,1
2026-04-20 10:00:00,0.131671318552266,5.78489400002643,8.0996368890271,17.8340684449109,444.090842414874,3.15021025486879,1
2026-04-20 10:15:00,0.126346518503067,5.87521733328912,6.45775866664836,21.5931646667003,441.422608400653,3.14398306570663,1
2026-04-20 10:30:00,0.125371637017867,6.57215799987923,5.08905422215367,22.7652393333173,441.249207802313,3.07888809122733,1
2026-04-20 10:45:00,0.127828439881833,7.81915088904617,7.17571755555244,18.4698144447601,441.644300024533,3.24642611838081,2
2026-04-20 11:00:00,0.134188190339333,8.14205422240323,6.27207777776624,17.9767451113215,442.297130644799,3.21982494396127,2
2026-04-20 11:15:00,0.131667321378333,7.48405333324274,6.12639444443417,16.9458282221422,441.678580026083,3.27568022783009,2
2026-04-20 11:30:00,0.133550025083066,7.15616777769727,5.57243916241957,19.9532233327066,445.057179554359,3.19573057651654,2
2026-04-20 11:45:00,0.1312277635044,6.9985555554805,5.34429694018763,21.9322319997369,445.174069033429,3.39224286036246,2
2026-04-20 12:00:00,0.129197874579733,8.77672022263298,3.79574957265464,25.089741999932,445.422544355786,3.52644247887123,2
2026-04-20 12:15:00,0.130158585681367,8.66890533376357,3.21518847862967,28.6696744785321,437.938562202411,3.38417489264927,2
2026-04-20 12:30:00,0.132904615313467,8.65639044482144,3.37402740171734,29.043994563929,437.909466341524,3.49103702386746,2
2026-04-20 12:45:00,0.132921713292366,8.61994444509241,2.8604290085642,30.0638314530924,437.179085897114,3.62448697718343,2
2026-04-20 13:00:00,0.132079812974033,8.46223400072407,2.5224401880839,32.2214703081733,434.98638137831,3.48798255128288,2
2026-04-20 13:15:00,0.1328108814895,8.58566444519633,4.03203627357163,30.4840498975621,432.533540368824,3.44297992346428,2
2026-04-20 13:30:00,0.133073273375467,1.88602977766687,1.99610307694197,32.0281549406046,432.677305284957,3.53743826503307,2
2026-04-20 13:45:00,0.134753953341167,8.95755022267277,4.65067201716767,27.2655704443287,433.105918206321,3.91870083238691,2
2026-04-20 14:00:00,0.1356121518953,2.1246666665971,3.02241856414247,32.5299164784061,432.581473227887,3.91799182809493,2
2026-04-20 14:15:00,0.1296539623991,1.5203430598082,1.99608200005073,33.5823114871653,431.84390134393,3.51286287551729,2
2026-04-20 14:30:00,0.130018503568433,1.9144657776656,2.01741398293803,33.5195306840937,432.785698107781,3.26490108052672,2
2026-04-20 14:45:00,0.131323466590467,1.70421054696877,2.1280685470122,35.408186222067,431.17776893335,3.14469189461354,2
2026-04-20 15:00:00,0.1313582028334,1.9518842221606,2.24998471797043,31.720165470708,430.843913960814,3.26768246195973,2
2026-04-20 15:15:00,0.135373742600833,1.79523888883994,3.17557897434803,34.1173388199607,429.562068305494,3.15860301740462,2
2026-04-20 15:30:00,0.1313805332672,0.870309316152199,1.90255584612756,38.1907996670074,429.478902184224,3.27115830765212,2
2026-04-20 15:45:00,0.129255289444533,0.7502370768568,1.98813487176873,38.4254939450111,428.944654712701,3.43176058310007,2
2026-04-20 16:00:00,0.1309014148247,1.4636822221644,3.01122977775057,38.176058000682,428.446004005107,3.42166846571862,2
2026-04-20 16:15:00,0.130097837042433,1.32369955551233,2.80812355552157,37.6134264452543,428.39239931099,3.34017029417935,2
2026-04-20 16:30:00,0.130637364813333,1.2353964443725,2.9190722221913,38.500746000997,429.127268975184,3.2794049115813,2
2026-04-20 16:45:00,0.127027674087933,2.08357999987577,2.87253177776053,36.5656773895473,422.676038280678,3.1144799496421,2
2026-04-20 17:00:00,0.176698355488367,2.90392644431353,3.7100504444205,35.9697793893533,428.28954337085,4.02926854987308,2
2026-04-20 17:15:00,0.1788531554788,3.4007551109402,4.2505017777225,36.8084346670583,427.80407670434,3.52374906855063,2
2026-04-20 17:30:00,0.167838762918467,1.71832311106287,3.7704384444184,34.7552835555097,427.833531786477,3.00483966939942,2
2026-04-20 17:45:00,0.1600532592379,1.75258999996993,3.71293377772933,30.7255844439233,422.582435288928,3.00347769354284,2
2026-04-20 18:00:00,0.144776666636133,1.71308866663347,3.36310466662036,30.6160704439293,423.337416729566,3.013776117607,2
2026-04-20 18:15:00,0.136052288885333,1.53006777775227,3.49129365807997,30.0545393328723,423.815632473549,3.06936021032533,2
2026-04-20 18:30:00,0.142074370333867,1.7762682221901,3.6014562221701,30.2610506663323,422.894332583367,3.1012515255212,2
2026-04-20 18:45:00,0.1618789925554,1.80086622218724,3.7609319999571,29.8952479996166,421.866145025364,3.15517450606608,2
2026-04-20 19:00:00,0.1566647851738,2.0507922222071,6.06306822200297,24.955646222301,430.830415140604,3.03903852922785,2
2026-04-20 19:15:00,0.1840539703859,2.23348955549887,6.44137533323314,27.55789266659,431.329638904111,3.15201929853985,2
2026-04-20 19:30:00,0.157738918511333,2.18876822225033,5.84642555533254,27.441447333309,429.307439648157,3.09395454838702,2
2026-04-20 19:45:00,0.184428614818833,2.2991095555478,8.31515977755277,24.0735031111863,434.104920601307,3.05365353772309,2
2026-04-20 20:00:00,0.1950045926235,2.444785999969,10.4048942220548,21.9311195556367,441.7026800849,3.14762360323602,2
2026-04-20 20:15:00,0.2147571815456,3.76145644455093,14.5139593336528,16.1644948892187,452.302918948757,3.06350678129461,2
2026-04-20 20:30:00,0.207765355629233,3.11528377772073,15.5315248886874,13.5534200002692,440.10585852099,3.07081866871678,2
2026-04-20 20:45:00,0.181132514888933,3.92813355564263,13.5613766670881,13.6373688889732,439.730114123657,3.04054176301284,2
2026-04-20 21:00:00,0.197004392578467,4.45973888903966,14.2602746665514,9.17942488886576,495.907049630067,2.78814826960203,2
2026-04-20 21:15:00,0.181446100009,4.7505102223729,14.4404915554123,8.73062933308189,457.826936011937,2.61497695195846,2
2026-04-20 21:30:00,0.1727893185095,4.74971866678863,13.7505162220651,7.94660044422194,459.499638193963,2.58279428648297,2
2026-04-20 21:45:00,0.188115007424033,3.8532691111884,14.4691226665122,8.79561822207943,453.735806390424,2.61508385692316,2
2026-04-20 22:00:00,0.1618771851854,4.20778733337627,12.4482153335215,5.53838999987224,457.828913850617,2.61167074641805,2
2026-04-20 22:15:00,0.1606821851918,4.11451044444544,11.1395395555295,5.45958066654,459.911114804687,2.60478061821639,2
2026-04-20 22:30:00,0.160617822802033,3.93539711109107,10.7135248887583,5.57226911101307,456.801986181507,2.60930156241996,2
2026-04-20 22:45:00,0.162633007419067,3.72422311106817,10.9770519998886,8.50128755527453,453.384055625757,2.73432895310135,2
2026-04-20 23:00:00,0.1613983407533,3.1086566666186,10.3213315555819,7.5394808887211,462.276388099213,2.76814748394393,2
2026-04-20 23:15:00,0.1598133635417,2.49085577772443,10.6463306667817,8.35370955532107,453.742402068024,2.88760238826893,2
2026-04-20 23:30:00,0.163528688879367,2.44885177771613,10.0007846667526,4.41787266657127,465.117522864547,2.79067512230266,2
2026-04-20 23:45:00,0.162990837033334,2.6758982221764,9.76604422236843,4.92715955546173,464.641896074207,2.78504203944368,1
2026-04-21 00:00:00,0.1620110963001,3.32803777780364,9.55115777783963,5.79741844430006,464.791997891793,2.77773017308699,1
2026-04-21 00:15:00,0.162139170376233,3.1346491110716,8.6392724445191,4.38784822211097,465.060839445714,2.80360836750697,1
2026-04-21 00:30:00,0.163271707424967,3.2289982222485,9.80971266661489,4.97974666655723,466.522882576917,9.96436671250812,1
2026-04-21 00:45:00,0.187444459275233,4.54866622228767,11.4967948886896,7.7663224442169,465.05969772948,18.9767234850634,1
2026-04-21 01:00:00,0.189227081494867,5.33746288889461,11.6619004444065,4.65675933318833,476.601294301133,12.8407515016827,2
2026-04-21 01:15:00,0.176792203717667,4.50944977777507,10.0292522223171,5.21459844432963,481.53050931889,7.61369038238628,2
2026-04-21 01:30:00,0.165618488885734,3.8154286666762,9.53611466675677,5.90513511102183,529.026840459924,4.52585832135075,2
2026-04-21 01:45:00,0.172605514826433,4.96277711104894,10.4435677780634,7.12283888873381,477.270893732306,9.43080539110757,1
2026-04-21 02:00:00,0.167252025917,4.22226288882927,9.55899622247033,6.0598837776734,505.08313033492,6.94126361688339,1
2026-04-21 02:15:00,0.165660140741567,4.1496693332549,8.96003555584137,6.326722888821,498.405040626407,5.29067806651314,1
2026-04-21 02:30:00,0.167327933320233,5.04732977775876,8.9638095557988,5.25843955554103,521.624609789623,3.77317495195108,1
2026-04-21 02:45:00,0.1697188518313,4.1093791110368,9.65417800034263,5.4231882222354,529.698859354524,5.7973346392903,1
2026-04-21 03:00:00,0.196455488888067,4.50458733329187,10.730584666905,5.34968777780303,530.098346545427,7.25210455487208,2
2026-04-21 03:15:00,0.257651322289833,4.86972022219013,11.8044531109769,5.687393111107,528.774297676583,11.3938800440376,2
2026-04-21 03:30:00,0.205365429652033,4.40606111107603,10.8028688890731,5.40132044446677,497.860919594354,8.57485467088042,2
2026-04-21 03:45:00,0.194773955540167,4.43902955548906,10.5546142226869,5.39803822224257,486.373545032787,9.63094041152914,2
2026-04-21 04:00:00,0.168760140698733,3.7757753333009,8.89429955586294,5.1983837778011,526.203784359317,5.54492524964793,1
2026-04-21 04:15:00,0.173370740731,3.7320586665986,9.69860422261097,5.18114444445847,529.40375339711,8.45671416850292,1
2026-04-21 04:30:00,0.173852311088,3.73446799993106,9.71375066710253,4.72986488891747,526.69062397999,7.87025087105964,1
2026-04-21 04:45:00,0.186676096253867,5.18600288885506,10.2632293337008,4.82583044446984,529.39984024787,11.3979086895344,1
2026-04-21 05:00:00,0.172313359222433,4.6935342221983,9.3256955559185,4.62835355557927,526.137286628367,7.22968727494861,1
2026-04-21 05:15:00,0.171985885154567,3.67775999992156,9.38085688927017,4.03344866669174,526.768942327667,6.6060387395604,1
2026-04-21 05:30:00,0.178996188852533,4.08733733326427,9.9583453338126,3.98715777779901,528.196591109757,8.28590600497477,1
2026-04-21 05:45:00,0.1740155221885,5.0318222221832,9.77409711155648,4.15769955558964,526.81020235084,7.04063702550064,1
2026-04-21 06:00:00,0.1742478147864,5.8730766665659,9.91460977824227,3.93192000002541,527.509401139394,6.35722678209341,1
2026-04-21 06:15:00,0.178607555519267,5.30695733330126,10.3064488894392,3.89464844447191,529.67480003305,6.81857499958111,1
2026-04-21 06:30:00,0.187346422189467,10.2230031114187,10.4094137782149,3.75189377779834,506.448257876746,6.03885125348745,1
2026-04-21 06:45:00,0.187195533290967,6.90523644429604,10.5401322226711,3.93702577781204,528.566992636637,7.1907504832773,1
2026-04-21 07:00:00,0.1939993999622,7.04453755510304,10.4529628892709,4.12943511113114,521.566494011153,8.4778342762005,1
2026-04-21 07:15:00,0.168562629601133,5.73647555552256,9.03270911130374,4.89338155555773,524.687999648357,3.39493273556291,1
2026-04-21 07:30:00,0.2029499778023,10.909176221228,10.7247933335469,5.03959999999443,492.491098732507,6.57143802134318,1
2026-04-21 07:45:00,0.1849244222018,5.96665022219696,10.1308206668851,4.8464313333367,474.747739843203,6.22073675164649,1
2026-04-21 08:00:00,0.223645563018667,13.9064033324754,12.0392591114522,3.5858526665927,468.567725191354,4.70471873363828,1
2026-04-21 08:15:00,0.178817237016834,7.37872022192127,11.5712486667352,4.2170284443148,454.018208096161,3.59716666784892,1
2026-04-21 08:30:00,0.138209281520733,5.8938859999814,9.50543044444088,6.24373511095633,446.409799037407,2.68057881536508,1
2026-04-21 08:45:00,0.1352539111395,5.78782177775956,8.67916777782423,8.77922666628029,444.208391324983,2.51710537303803,1
2026-04-21 09:00:00,0.1331381592915,6.19106555547553,7.9982088889424,12.5946133332533,442.896734865913,2.44993965463452,1
2026-04-21 09:15:00,0.1327525963238,5.67895266662457,7.64160955570517,10.2950219996401,441.942058761094,2.49824663360814,1
2026-04-21 09:30:00,0.131587766697067,5.9171411109556,7.41435222237473,13.256193555445,441.761065744413,2.53488348076323,1
2026-04-21 09:45:00,0.136901844487167,7.49287977761237,7.80183422231187,10.8043253331794,444.13117538823,2.75566358720896,1
2026-04-21 10:00:00,0.133023525955467,7.53159844454473,8.01254644471503,12.6025902224053,442.109922168624,2.96701021292442,1
2026-04-21 10:15:00,0.133235051879767,7.08628977760977,7.74745577792983,11.8946151110758,442.246818245154,2.75020431704892,1
2026-04-21 10:30:00,0.134204481509867,7.49933711099533,7.21668133343853,12.7172066665103,442.529736467584,2.78261843956361,1
2026-04-21 10:45:00,0.135410479254133,6.814094888762,6.70795022221873,15.6616664448328,440.567450234194,2.72644219821497,1
2026-04-21 11:00:00,0.132800162980433,6.71452644432793,6.5621366666513,17.8963791112762,440.44775502446,2.79779629447832,1
2026-04-21 11:15:00,0.126961881495767,6.67421199989654,6.5919884444376,18.3473791114158,440.53257199402,2.81893627979342,1
2026-04-21 11:30:00,0.126735040753567,6.56964399989077,7.30704555559084,17.9566766669551,440.54516487345,3.40129725048602,1
2026-04-21 11:45:00,0.129953500023833,5.8126586665156,7.2322757778692,18.1135044451415,440.701697600427,2.83357155357302,1
2026-04-21 12:00:00,0.130595211139333,5.92828822206233,7.57103311125577,17.8680268896212,440.858403555567,2.79538523783451,2
2026-04-21 12:15:00,0.1443015407762,6.69167511095409,8.86119488889773,15.0517740005889,441.35661092784,3.16607190253848,2
2026-04-21 12:30:00,0.159485562976067,7.0054293332384,9.73471222217266,15.7731657782731,440.707254375977,4.33892899720421,2
2026-04-21 12:45:00,0.186883659229433,7.51528911099577,10.448955777614,13.6085024446027,441.31683882961,10.8052571160595,2
2026-04-21 13:00:00,0.151510529655,6.766004222093,8.924037333327,13.8796713336289,439.578258584327,6.98485262171243,2
2026-04-21 13:15:00,0.132191094044167,5.8126215554331,6.7919184444224,16.4565135557076,439.44464258114,3.1078583317091,2
2026-04-21 13:30:00,0.131675745907033,5.9353937777363,6.91419644446164,15.4010153334957,438.58292215561,3.01341508536602,2
2026-04-21 13:45:00,0.132893249614233,7.5086528890755,7.25555866664647,13.4911355550786,439.653801515147,3.19402237556675,2
2026-04-21 14:00:00,0.1442865222387,7.8207224445751,8.52544288876447,13.4146739995814,439.190875234343,3.49422209059892,2
2026-04-21 14:15:00,0.160888125927067,7.9965304446176,9.23593222221754,12.8885531108914,438.387107022827,4.31002361965737,2
2026-04-21 14:30:00,0.174326948131934,8.28204555582906,9.78098155556664,13.0342915554568,440.395942648557,5.30362192724054,2
2026-04-21 14:45:00,0.187562466643967,8.59301711149046,9.7164088886994,13.4192717776491,439.52190180981,5.91244580848895,2
2026-04-21 15:00:00,0.159897459296967,8.10143333349943,8.82624733324353,15.5936186669752,438.41098772327,4.63743818570949,2
2026-04-21 15:15:00,0.144748729631767,7.79736555570593,8.03369355551694,15.0956073333958,438.549560031777,3.71740970300117,2
2026-04-21 15:30:00,0.1330991125634,7.54272933348283,7.6568475555719,14.9872097779944,438.566555711967,3.13617932274808,2
2026-04-21 15:45:00,0.133113934789533,7.3046226669487,7.47191822227527,15.2679473335997,438.182382129603,2.88840318068532,2
2026-04-21 16:00:00,0.1505459592679,7.82736577790136,9.13491199995847,14.989754222544,439.549604176407,2.86554069534053,2
2026-04-21 16:15:00,0.134547770410267,4.98357333327854,8.30338555539678,14.6907937778046,439.260471329026,2.99163321194831,2
2026-04-21 16:30:00,0.1524389185413,5.74149888871123,9.38955733316628,13.4598379999547,439.49368729151,3.22092351103222,2
2026-04-21 16:45:00,0.144716944496534,4.5601677777404,9.55154511083197,12.204936666083,441.480659565207,3.1963910328722,2
2026-04-21 17:00:00,0.139956329682167,4.47406288888064,10.0511457776264,11.2182082219486,442.660127674917,2.98037775102447,2
2026-04-21 17:15:00,0.156616455569067,4.4765693333297,10.9680888886716,11.6379337773408,441.488802553447,3.31886581892614,2
2026-04-21 17:30:00,0.162620837060267,4.05670111115033,11.4457737775457,9.94230066619139,439.330511085316,2.87524881479531,2
2026-04-21 17:45:00,0.192300477766367,4.78501977781949,13.6002664444694,8.11806022180683,442.904001074707,2.8797319251457,2
2026-04-21 18:00:00,0.137576144502567,3.22098088891307,8.19438822213371,12.7507531106707,440.608315722193,2.71487297542764,2
2026-04-21 18:15:00,0.135959140756167,3.21114244443887,6.91644355552107,9.58119377737616,440.100278782006,2.91275703056178,2
2026-04-21 18:30:00,0.1584065222344,3.49335111113483,9.5212379998738,12.4906748885647,439.339038812,3.44066814612982,2
2026-04-21 18:45:00,0.154886759276367,3.90171311112333,9.32583377757896,10.872680888436,440.56243296742,3.67926497166256,2
2026-04-21 19:00:00,0.1436685000268,4.38867555552697,9.2836177776766,9.60392799945636,443.91661544359,3.96216927479191,2
2026-04-21 19:15:00,0.158617574077433,4.17615888889116,9.28907911104334,10.020482443845,442.270365476273,3.73719672143777,2
2026-04-21 19:30:00,0.154653662970734,3.03597355557333,8.56691666660841,10.1056484438189,439.528262534076,4.29655967144509,2
2026-04-21 19:45:00,0.1467970666909,3.91698200001313,8.68338533337314,8.76966999971117,444.772869919543,3.74858087617857,2
2026-04-21 20:00:00,0.1411949185287,3.46210377779007,8.80932955566344,7.96113933317413,445.412057390077,4.02235634797973,1
2026-04-21 20:15:00,0.152696007435667,5.57101777773683,9.47290911119094,7.58758755542063,446.868264707876,3.63967774415548,1
2026-04-21 20:30:00,0.174247296317734,4.91456177769617,10.720890444638,7.3390555553502,447.826981347387,3.61417848732101,1
2026-04-21 20:45:00,0.145644881487034,4.08734666664017,9.42336866688854,7.42149355544396,447.197900894217,4.23734083284725,1
2026-04-21 21:00:00,0.138009631495467,3.06505155558693,8.7331517779335,8.53784422203293,444.85489903518,4.20837605517642,1
2026-04-21 21:15:00,0.138001009264934,4.64890999993957,8.85980866687104,9.02821933312089,445.85369012087,3.59626066635725,1
2026-04-21 21:30:00,0.136799796315033,3.9527082221795,8.2709062223805,9.53760422190659,445.295713991626,3.46446441201334,1
2026-04-21 21:45:00,0.1372963963143,3.75408088888076,8.70325866671941,10.244859110755,445.09683400542,3.62770599421568,1
2026-04-21 22:00:00,0.134815374094033,3.36080088889593,8.13794088900783,9.37001111090372,445.854236222443,3.34046488661129,1
2026-04-21 22:15:00,0.1356218926138,3.78968066663833,8.35584911128444,8.28889155533306,446.35051886017,3.1920656248106,1
2026-04-21 22:30:00,0.1355759148387,3.64678844443283,8.32650044468673,8.2807804442714,446.764570184493,3.13244827135566,1
2026-04-21 22:45:00,0.159157303703,4.59159866659893,8.90441933363314,6.75202599993651,461.29752282555,3.26593322993258,1
2026-04-21 23:00:00,0.139292962972667,4.09148888881263,9.73363622239967,9.24378688858152,446.018321246137,3.5610495322994,1
2026-04-21 23:15:00,0.143173444452433,4.21293644437043,9.64568022248437,7.61840955551444,446.70151889338,3.57535187306523,1
2026-04-21 23:30:00,0.160876481480367,4.335373999931,8.69075111131454,5.84792755555906,472.985687774027,3.25666706788272,1
2026-04-21 23:45:00,0.161948592567,5.16731288884776,8.7017448890927,5.48547533333213,479.12194837609,3.01220396903242,1
2026-04-22 00:00:00,0.159355866660467,3.64675888883443,8.71202666692464,7.14249333331057,462.755534228567,3.3033998307554,1
2026-04-22 00:15:00,0.1420602333381,3.57872533329026,8.60547600030757,8.4172771110651,448.67032614286,3.02907311977222,1
2026-04-22 00:30:00,0.1670353036802,5.12809177774639,8.62802311130881,5.4258562222267,497.380010326824,2.87065780596773,1
2026-04-22 00:45:00,0.1652525481366,5.03788622218233,8.76942200027244,6.13411799996704,485.079539456194,2.93249992269595,1
2026-04-22 01:00:00,0.1596345259126,4.64319577774983,8.71559622253303,8.43512133323677,459.489631385487,2.77114077737119,1
2026-04-22 01:15:00,0.143092507392467,5.52083533328663,8.9126411114145,9.5030244444245,448.61721811631,2.64651887430062,1
2026-04-22 01:30:00,0.168988666650133,5.03459066662473,8.84527600032597,7.25732622207537,527.82224358734,2.70953678127052,1
2026-04-22 01:45:00,0.1643113184916,5.03954133330076,9.3175964447962,11.7689791113842,471.202165374917,2.63766740309619,1
2026-04-22 02:00:00,0.147899748133133,5.11541466662926,9.26368200038734,14.2534140002232,448.741414212937,2.54151797731494,1
2026-04-22 02:15:00,0.1374357703477,3.48407822219677,9.00105977807484,17.0501697776489,447.013991202743,2.62552347126991,1
2026-04-22 02:30:00,0.1404867925797,3.9272328888168,9.06552222262151,14.0437737784701,447.781849466803,2.67286110145249,1
2026-04-22 02:45:00,0.1413469851638,4.3432844443929,9.43279200029324,17.0386617779824,449.004281161637,2.72709382226023,1
2026-04-22 03:00:00,0.141963370351,5.18891999995979,9.57898022246867,15.3324648894413,449.35910093701,2.79339994893506,1
2026-04-22 03:15:00,0.167189307380267,4.9550088888658,9.92763444494097,9.2317682221925,459.229713663043,2.63264000164116,1
2026-04-22 03:30:00,0.1726225666316,4.2229199999731,10.034110444988,8.23528066651763,470.88764883553,2.51183093806076,1
2026-04-22 03:45:00,0.142683651846,3.52039155548787,9.7285904448422,16.8505897775834,450.807452212207,3.00007261808776,2
2026-04-22 04:00:00,0.174178803653133,4.96497644441166,10.2242055561041,11.7882628892566,462.10879359071,2.80808876280631,2
2026-04-22 04:15:00,0.154748925887167,4.53671111108293,10.1453466670961,15.8680604446289,451.72285785225,2.97892864428849,2
2026-04-22 04:30:00,0.1544351703318,3.26629022215087,9.956814444899,16.7427755554842,451.70583429268,3.11254502616456,2
2026-04-22 04:45:00,0.155214355513034,4.39957288886313,10.0981688893236,15.0473164449002,452.73519606974,3.0809334552991,2
2026-04-22 05:00:00,0.1546196814442,4.37280177774183,10.0465146669817,18.2746877776596,452.850186696893,3.15120124964567,2
2026-04-22 05:15:00,0.1596974814324,5.14254088885136,10.4832548892503,14.8626864445324,451.230885369113,3.25558234308921,2
2026-04-22 05:30:00,0.138154340729467,3.26450888884507,10.3216564444691,16.5455313333656,451.036973372923,3.30790546594122,2
2026-04-22 05:45:00,0.135897644424667,3.62717777770347,10.588638666638,18.1674102219577,449.146819031373,3.58696514086537,2
2026-04-22 06:00:00,0.132058044437467,4.28319044436857,9.78078599991324,19.3844886666295,444.97491561752,3.53244194751938,2
2026-04-22 06:15:00,0.131596466654167,3.68113866662217,9.29995644434788,19.4151686666623,443.860459804113,3.43651652067978,2
2026-04-22 06:30:00,0.131944466643367,4.34279022215583,8.88857466665374,18.7419313333901,443.735883007673,3.48643080488002,2
2026-04-22 06:45:00,0.129907259233833,5.13801088884413,8.92109600003267,19.5488308889527,443.493664520846,3.47296038578464,2
2026-04-22 07:00:00,0.1288675481236,5.14156333329506,8.84852044443157,19.966095555675,443.41084946488,3.4756795044124,2
2026-04-22 07:15:00,0.1281831036813,4.535552666614,8.53798177778893,20.1601886667499,443.068453135183,3.32334892309759,2
2026-04-22 07:30:00,0.1276281851889,5.1164826666272,8.89672599993367,19.9295357778437,443.181605600196,3.31024419713407,2
2026-04-22 07:45:00,0.127111496318433,5.13596311108159,8.43932511105083,20.6125417779897,442.96253753999,3.26913231950637,2
2026-04-22 08:00:00,0.124983437051833,5.03575511106463,6.71966333340953,21.5087206666824,442.09017887996,3.23834405461304,2
2026-04-22 08:15:00,0.1259057185389,3.71513399991487,7.66510844449333,21.279971111128,443.336632170256,3.37486811094093,2
2026-04-22 08:30:00,0.123722688924867,3.97400888880213,8.06337599999027,21.1037957778073,443.244033766593,3.32810543648249,2
2026-04-22 08:45:00,0.124539951899733,5.06772199996583,7.94084111106854,20.6420099999345,443.010774495196,3.45621192526676,2
2026-04-22 09:00:00,0.118062983313873,4.353397999948,6.06076355552697,21.7601335557833,441.44930321891,3.62020739288558,2
2026-04-22 09:15:00,0.117779980393356,5.16053755552366,5.8068886666451,22.0828442224037,438.932956978984,3.53363080171559,2
2026-04-22 09:30:00,0.117540555887005,5.17911466662959,6.0742097777512,21.945903777872,440.776483246163,3.51293481666547,2
2026-04-22 09:45:00,0.117329844435178,5.72132933339966,5.55626622219736,22.511320666924,439.076775398934,3.49854165046754,2
2026-04-22 10:00:00,0.117245345640707,5.249694666685,5.34378066664303,23.377066889049,437.949744874793,3.41455384185181,2
2026-04-22 10:15:00,0.117010588437401,4.4761493332643,5.50207155548224,21.893200888947,440.4111074633,3.46505001915075,2
2026-04-22 10:30:00,0.123376511115167,5.4980195555595,5.1230966666321,22.568479111202,437.66722353691,3.40897488080454,2
2026-04-22 10:45:00,0.124269755558667,5.35594777770506,4.99172288884323,23.5911911110417,437.362979424533,3.41046447787561,2
2026-04-22 11:00:00,0.124387118513633,5.7351962222928,4.94450444439323,22.5730488888847,437.244211495297,3.5279033178816,2
2026-04-22 11:15:00,0.124247896288533,6.61225911099756,4.88241088882007,22.6483448888293,437.59814801901,3.53181768832864,2
2026-04-22 11:30:00,0.1252407110995,7.54974533338603,4.8356371110426,22.8386275556107,437.22122931081,3.55923507727067,2
2026-04-22 11:45:00,0.1258476546719,7.29936977782717,4.0352614700501,23.545213110886,436.765900769794,3.51218538664672,2
2026-04-22 12:00:00,0.126396778335867,6.5631746665857,3.61033870082137,25.0836486662807,436.823092070894,3.54581980127277,2
2026-04-22 12:15:00,0.127935994814333,7.3403666666021,3.30360789740533,30.086349367798,434.830262267607,3.44386664223011,2
2026-04-22 12:30:00,0.1263780894414,7.73673222229517,3.5576415897307,28.8978947864477,436.275765277607,3.44398137595899,2
2026-04-22 12:45:00,0.129536309945666,7.60049333383984,3.1057375042594,25.962834392749,432.977208018457,3.38572520710781,2
2026-04-22 13:00:00,0.1263191412698,7.98753133358924,3.17668340169253,28.2135995899827,433.274104111351,3.48589924617538,2
2026-04-22 13:15:00,0.131378553278067,8.7037577782101,3.67794540171917,27.3460561196263,434.213666715677,3.41029464562761,2
2026-04-22 13:30:00,0.132955743465933,7.45593711144903,2.66098312825117,32.437497026036,433.757932918071,3.50827468165562,2
2026-04-22 13:45:00,0.1368001418314,7.43060488925893,2.74599989747633,33.2032428892994,433.494325166884,3.59689971541271,2
2026-04-22 14:00:00,0.137639657488434,7.23812955578564,2.4502755897846,36.5191614697904,432.264271918977,3.49011556690209,2
2026-04-22 14:15:00,0.1354093037145,7.0850115562066,3.34797755556417,35.5083822221268,432.74555947652,3.4568929114845,2
2026-04-22 14:30:00,0.1337398296546,7.5617577784023,3.50617711115367,35.6992394446233,432.318784600617,3.47339003599906,2
2026-04-22 14:45:00,0.1382678467245,7.06071600061403,2.25097441028724,38.717947778176,432.584055353413,3.37854951391991,2
2026-04-22 15:00:00,0.1347510926057,1.7516908888155,2.1476448888811,38.4004833893587,430.325763401647,3.326734980515,2
2026-04-22 15:15:00,0.137937735619367,1.67972044435737,1.76836249573707,38.6195517788123,431.310076181727,3.36299292699566,2
2026-04-22 15:30:00,0.1325319517422,1.4289514443865,2.02581622221553,39.341381778256,429.209356833784,4.2190596231943,2
2026-04-22 15:45:00,0.131863696304233,2.0577062221118,2.05222688889687,38.0478342228456,428.83889299976,7.03010428778611,2
2026-04-22 16:00:00,0.1298709148192,1.4164366665785,1.85994488889853,38.5546095560806,429.211546078557,3.50105827754852,2
2026-04-22 16:15:00,0.143660970382533,1.5817377777788,2.34829044444067,34.8138439997923,429.239151437367,3.63441409658042,2
2026-04-22 16:30:00,0.131237881505867,1.43588377770734,1.79858333333526,36.737569389492,429.919375847417,3.43250795755195,2
2026-04-22 16:45:00,0.1310610666803,1.97178999989676,1.98327511110317,38.7190595557293,428.724212570133,3.51469839481473,2
2026-04-22 17:00:00,0.130787303736233,1.2109779999882,1.8373522222051,36.567816667115,423.401021891556,3.706864138387,2
2026-04-22 17:15:00,0.128860903704333,1.44322111104987,2.0044293333264,39.1954057778787,428.561687031543,3.44023602764036,2
2026-04-22 17:30:00,0.124962200037967,1.32587733328077,1.96872733333793,39.2135693335183,423.694530338416,3.28399234821106,2
2026-04-22 17:45:00,0.123534770407433,1.05232555553263,1.80776622220083,38.250163111645,424.220106843817,3.32720101356941,2
2026-04-22 18:00:00,0.125362822260133,1.22090977772793,2.06373911110097,39.590961555365,423.425714182847,3.31809352047976,2
2026-04-22 18:15:00,0.1290391778027,1.1529311111261,2.28118577773657,39.4568304443517,423.25492468454,3.33861370920533,2
2026-04-22 18:30:00,0.129085296326566,1.09173911113693,2.3244093333255,39.2024531110447,423.799048042387,3.4005041115447,2
2026-04-22 18:45:00,0.135173703728233,1.22859933335047,3.04223723807576,36.99928577799,423.778005128787,3.49423466031257,2
2026-04-22 19:00:00,0.139240496329767,1.8814133333279,4.12929793643813,35.526807333585,429.00422184863,3.44802124304894,2
2026-04-22 19:15:00,0.139092637066167,2.32207555554927,4.94021514277147,33.962101777342,429.221022030673,3.47258392068145,2
2026-04-22 19:30:00,0.1457791926051,1.9601802222501,5.87662698399896,33.5353013328687,431.800355367,3.53001488231319,2
2026-04-22 19:45:00,0.134469977807733,1.4283579999804,6.60018844402176,30.7534482221803,431.24242256436,3.57828589921204,2
2026-04-22 20:00:00,0.1340841685623,1.0653999999795,6.22852111074213,30.7774955556003,432.12833197398,3.3612715732387,2
2026-04-22 20:15:00,0.137559914834467,0.9083966666059,7.45016066649536,29.6622117776177,432.968694155933,3.34676771256762,2
2026-04-22 20:30:00,0.132915244431367,0.678500991421867,7.08327066659624,30.984000444212,433.127155699477,3.24238670160785,2
2026-04-22 20:45:00,0.129634003701133,0.633811555548666,9.73934866698139,30.0530980003343,432.951736622197,3.22417638938389,2
2026-04-22 21:00:00,0.126050731075633,0.624876444469867,10.8957904447385,26.299297777818,434.28653794561,3.21196452556998,2
2026-04-22 21:15:00,0.126156164114067,0.730634222255666,10.2645433335566,27.8874626664753,434.656552544943,3.23763799984952,2
2026-04-22 21:30:00,0.124008588916067,1.1328111110909,9.52992555541117,26.730695110782,435.33274192889,3.22441464676016,2
2026-04-22 21:45:00,0.125603415967467,0.795326444446899,9.38580955548231,28.0529826662977,435.002613510036,3.26609589486549,2
2026-04-22 22:00:00,0.125804896299533,1.38361222221913,9.89581999995344,27.4704362218294,436.247047186307,3.20905084238573,2
2026-04-22 22:15:00,0.119002089911374,1.14344244442043,7.79562555546384,25.4771506664304,436.18553104931,3.18185009056248,2
2026-04-22 22:30:00,0.125468622254433,0.870819777763534,10.1162575554144,23.3672006661954,436.069023392976,3.30405502218593,2
2026-04-22 22:45:00,0.1247237556044,0.9621155555117,9.3813091109904,22.4623935552517,438.8532290235,3.16039646552279,2
2026-04-22 23:00:00,0.125008785237433,0.887528888838534,8.7326997775978,22.8338753332047,440.59600813097,3.2662004595478,2
2026-04-22 23:15:00,0.130666274110267,0.889396222171934,10.4716759995156,19.4630408888389,444.609672654229,2.9829050369944,2
2026-04-22 23:30:00,0.130120207470667,1.02699222217653,10.1125831104926,22.4415942222867,445.724041657763,2.97009828936017,2
2026-04-22 23:45:00,0.1396456963238,1.00708222218833,11.0814411108241,14.7223966673831,448.114490868839,2.96474805236305,2
2026-04-23 00:00:00,0.143863540757233,1.05859066660043,11.4000664443088,11.6158711115183,454.70401504206,2.84213867049403,2
2026-04-23 00:15:00,0.155056022181967,1.7962682222593,10.667519555593,12.0622735560236,452.598964579667,2.94109650482459,2
2026-04-23 00:30:00,0.1554769703322,1.3186479999696,11.4413093333299,11.0283866671287,453.050631213837,3.31938232878779,2
2026-04-23 00:45:00,0.170595907369667,1.6711557777726,9.6015982223061,9.52847133348103,451.66044267108,3.10018541976866,2
2026-04-23 01:00:00,0.156360088868067,1.8991253333522,10.4305871111567,9.5593348889842,456.255976140714,2.78756312807296,2
2026-04-23 01:15:00,0.154333192574234,1.6666251110928,9.39912599998087,9.33072888891641,454.156957565407,2.68728195651778,2
2026-04-23 01:30:00,0.1550303481284,1.9289611111232,9.46731999993617,8.45940466666416,456.029646775303,2.73447888344746,2
2026-04-23 01:45:00,0.174270514790867,1.9488837777978,10.4586853335368,6.18176644439213,455.921422987904,2.65200704041652,2
2026-04-23 02:00:00,0.175812125904967,1.94379244447223,9.0586780001974,6.55456066660077,456.334897460627,2.67564029684897,2
2026-04-23 02:15:00,0.1770132296153,2.0069202222336,10.5054977780354,5.19857533332776,461.468551976677,2.72097286723201,2
2026-04-23 02:30:00,0.178290733315733,1.92502111115064,10.065450667013,5.33562433332483,466.26547121286,2.66723099851649,1
2026-04-23 02:45:00,0.181286651836667,2.13318955557034,10.3017317781428,5.60691655555403,462.946079972827,2.4927618188165,1
2026-04-23 03:00:00,0.1823297962782,2.29449733332964,10.206285556017,5.44516833335236,467.947769266864,2.51183918573737,1
2026-04-23 03:15:00,0.1828923666447,2.13671511113653,10.0798428892814,5.22525255555823,473.8701885332,2.63470816168491,1
2026-04-23 03:30:00,0.184557099974433,2.75794088889294,10.099450889328,4.75985111112657,474.093437950537,3.00112495824278,1
2026-04-23 03:45:00,0.184361633312367,2.50138466667937,10.086728667116,5.49401522223386,473.871402201514,3.17042305714123,1
2026-04-23 04:00:00,0.1873271962649,4.96162111106446,10.3572553338438,4.25254577781194,475.093730090677,4.09603974451736,1
2026-04-23 04:15:00,0.1872379370067,2.80064333332487,10.1751126672017,5.2654107777915,473.75324144679,4.28166916811281,1
2026-04-23 04:30:00,0.1870288925663,2.7887686666259,10.2646951116508,5.26035544446546,473.895250477957,3.556318004586,1
2026-04-23 04:45:00,0.1881430036713,2.8129491110887,10.2731386672104,4.71551266667904,474.702355278254,4.26614231606599,1
2026-04-23 05:00:00,0.189049411078767,2.97498355549024,10.2847286672184,4.84547544447147,474.412491126827,4.34535871531718,1
2026-04-23 05:15:00,0.188341337002033,4.0845331110701,10.3146180005389,4.14113955558751,475.2092895536,3.73628427166267,1
2026-04-23 05:30:00,0.188009781446933,2.92616644443864,10.186701333869,4.5479115555675,474.204733158153,3.10923956572325,1
2026-04-23 05:45:00,0.188436848114733,4.32031422219287,10.3068535560856,3.98707222226551,475.93341840148,2.77214194587897,1
2026-04-23 06:00:00,0.187647159226733,2.86061933328017,10.2847282227661,4.06968977781474,475.669718672474,2.5418062188786,1
2026-04-23 06:15:00,0.187644492560733,2.88143444439954,10.2535566672143,4.1131564444739,475.57030281068,2.65664348422613,1
2026-04-23 06:30:00,0.187989559224433,3.2396939999216,10.2955162227525,3.99433955558974,475.55436285619,2.52323876609726,1
2026-04-23 06:45:00,0.1843882110777,2.9400835555018,10.3112291116556,3.9222780000245,473.108309545884,2.46897445824785,1
2026-04-23 07:00:00,0.178583074045733,3.85479333328677,10.3303504448438,3.6881644444612,465.78022921902,2.47404601381516,1
2026-04-23 07:15:00,0.1740754444061,2.3880862222131,10.1960677781764,4.0534997777913,460.500928766317,2.48524105532561,1
2026-04-23 07:30:00,0.174173899949433,2.9044079999359,10.4209502226221,3.73956977780277,459.179802771027,2.61050087632601,1
2026-04-23 07:45:00,0.174898988843433,2.74892311111607,10.2795246669813,3.34122977778057,458.802995898204,2.61453463799826,1
2026-04-23 08:00:00,0.165867259223333,3.3550217777641,9.68928688911488,3.74663733335383,458.438595666417,3.04491964570368,1
2026-04-23 08:15:00,0.142672570376967,5.35782222217986,9.6353677778104,4.39441199999213,446.69385274402,3.10687178632691,1
2026-04-23 08:30:00,0.1377690259425,3.9868353332609,9.2714842224001,8.07936933311933,449.477308163176,3.40259076093165,1
2026-04-23 08:45:00,0.137225211143,6.05829977777559,8.91984200013854,8.29508577759352,447.858155543273,3.60725399924814,1
2026-04-23 09:00:00,0.1352948333743,5.69113466670286,8.5955097778181,14.3194262226406,445.160570395056,3.51647415309981,1
2026-04-23 09:15:00,0.134054755611233,5.73188555556952,7.8236802223424,16.2124024452085,443.034931277723,3.39866532966637,1
2026-04-23 09:30:00,0.131974555589633,5.43747377781683,7.57637355564517,17.7439433339318,442.163419744376,3.44104872082072,1
2026-04-23 09:45:00,0.130299518541133,5.67457844449156,6.91784355557296,18.8119460002969,442.361539094973,3.36651317696927,1
2026-04-23 10:00:00,0.125148600005566,5.45720533336092,6.61872977779966,21.2475877775658,442.402479421207,3.36527860246199,1
2026-04-23 10:15:00,0.117414271542307,5.3322240000494,5.10924511108157,23.086095333494,438.854329872974,3.40281035980035,1
2026-04-23 10:30:00,0.117877594985021,5.74230666673007,5.3208357777564,24.7114431110797,437.668786921633,3.47194470419924,2
2026-04-23 10:45:00,0.1245092518493,4.17052666655558,6.09227311105847,23.439931555636,439.039555472274,3.54675812659139,2
2026-04-23 11:00:00,0.124638888886767,6.11407177760084,5.5212093333354,22.866151111335,440.782932866403,3.60989342922409,2
2026-04-23 11:15:00,0.1249308518435,6.5280546664983,5.31440888881093,23.1069051113477,440.16399181405,3.72392447278301,2
2026-04-23 11:30:00,0.125738096291433,7.44626377780107,5.15141577770193,23.934570888971,439.02636852229,3.75309492458619,2
2026-04-23 11:45:00,0.125675985180067,6.91253177766514,5.090328444348,24.9982275898417,438.177294654004,3.7432860805733,2
2026-04-23 12:00:00,0.126052437600133,7.62515000005347,5.14364829054167,23.7005804443847,438.67348833246,3.83598808961303,2
2026-04-23 12:15:00,0.126844119071,6.5961824443895,4.27865687178203,26.4048762562277,437.571099814541,3.83804858932514,2
2026-04-23 12:30:00,0.126185652404133,7.684047333452,3.74015287180157,28.175047589747,436.985996157837,3.78768988550827,2
2026-04-23 12:45:00,0.1271755834531,7.71259444449607,3.47948447860417,29.9171673676387,437.194920663787,3.90612191071967,2
2026-04-23 13:00:00,0.127494919031733,7.49192000006247,3.07398793163973,32.1727804108444,434.93336655845,4.15921646621022,2
2026-04-23 13:15:00,0.126903518999967,7.34276533353297,2.75069757264933,34.0717929232624,434.1192242301,3.95258916545036,2
2026-04-23 13:30:00,0.1288762101625,7.5878866667755,2.62335100857027,35.2464263075587,433.114646815967,4.01297301134127,2
2026-04-23 13:45:00,0.1309066176242,1.75272822215057,3.34363451279794,33.7551468547767,435.218556232434,4.00853800672683,2
2026-04-23 14:00:00,0.1310553948347,6.91625466714784,3.34494335045294,35.898986923044,433.842313072044,4.08489390913025,2
2026-04-23 14:15:00,0.134586188913167,2.44205999992503,3.58244357266773,36.4182807686577,432.930175970524,4.16494047012157,2
2026-04-23 14:30:00,0.127586103036967,2.14131422215693,2.01925627350234,37.4243197222904,432.619143275517,4.18672571725256,2
2026-04-23 14:45:00,0.1349817738358,2.58242688882657,3.72146170942087,35.457555777297,432.352051318507,4.01240898755076,2
2026-04-23 15:00:00,0.125437462593033,1.50171899141883,1.87196849575997,37.7702523889234,431.822019770884,4.25105246395072,2
2026-04-23 15:15:00,0.125288418722167,1.0192607520807,1.6946654872139,38.7368952232897,431.38643204402,4.24626822666535,2
2026-04-23 15:30:00,0.1299638443343,1.50909377771123,1.70303682052777,39.5848568890107,431.722061107767,4.091253878033,2
2026-04-23 15:45:00,0.1274677520527,1.28652104272397,1.68015304276037,40.742366444558,431.688595499867,3.8936844655606,2
2026-04-23 16:00:00,0.130767333356333,1.81529788880793,2.86166090597747,40.9713304447098,431.715775074497,3.8595010105193,2
2026-04-23 16:15:00,0.1352855869081,1.20544668371013,1.98706705987337,42.8069648885357,431.316514293547,3.69513395964192,2
2026-04-23 16:30:00,0.1278043203063,1.10187382047753,1.80477977779393,39.979863778144,429.883812392957,3.577004150006,2
2026-04-23 16:45:00,0.123584099183533,0.716208803383299,1.88012427348814,39.393477111602,429.691022231237,3.61982810408687,2
2026-04-23 17:00:00,0.129283138362733,1.2270154443443,3.00892957260443,41.4688837777227,430.420924291904,3.55223265222593,2
2026-04-23 17:15:00,0.130965733334,1.3417197776914,3.0043784614777,43.1251502218823,430.559745708584,3.55167258257489,2
2026-04-23 17:30:00,0.130395781500533,1.17266844440593,2.2037991281797,42.957129555073,430.261073436384,3.68686225964268,2
2026-04-23 17:45:00,0.130997940744033,1.17289999994287,2.12224979483446,43.7737133329866,430.4349469693,3.63172852139468,2
2026-04-23 18:00:00,0.135218051886333,1.32002888885883,2.14263312815847,42.0929426663247,430.689262089754,3.46912109996816,3
2026-04-23 18:15:00,0.135333725968467,1.31267977773713,2.1691275555202,42.142339555417,430.439284017337,3.54653724600647,3
2026-04-23 18:30:00,0.1426566814935,1.15231311111647,2.89084666662826,39.611610666426,430.233004963604,3.72214663016798,3
2026-04-23 18:45:00,0.177113148135567,1.76476755556357,4.42047646024337,37.933851999791,431.780188044306,3.90535005895178,3
2026-04-23 19:00:00,0.169122674065433,2.03976777775277,6.37317760306243,36.0674091114554,431.974119438833,3.81555853145455,3
2026-04-23 19:15:00,0.164492437051733,2.59151000000267,8.78611715827717,32.6816846660077,433.20293562787,3.8459686348779,3
2026-04-23 19:30:00,0.161518522244,2.73991733331774,9.27452398382146,30.870518443783,434.117042298839,3.83809713558719,3
2026-04-23 19:45:00,0.163692992617,2.79804488884137,10.1904717776023,27.0449864436553,437.48743465403,3.87481084511817,3
2026-04-23 20:00:00,0.182295333349167,2.42425311108577,13.7879071110891,23.7227804442683,442.21091662419,3.99635098306371,3
2026-04-23 20:15:00,0.214346437114166,1.6812808889474,15.0938362224903,19.7459411118043,445.267800520957,3.83906991367051,3
2026-04-23 20:30:00,0.2971052518777,1.37608755554677,13.737678000262,14.1759937776808,471.070971812279,3.6550722512143,3
2026-04-23 20:45:00,0.3370620963182,1.65548444440777,16.1770382226249,11.1724195558279,470.069165337849,4.38503225971656,2
2026-04-23 21:00:00,0.340829744476867,1.6364044444481,15.8144033333919,10.8275064446041,470.645944232413,5.79972000814672,2
2026-04-23 21:15:00,0.199234892603333,2.40962044450873,16.7847435557033,10.8104573335867,458.80779951085,6.53110203257442,2
2026-04-23 21:30:00,0.1999565074256,1.78574355557077,13.3574668888302,8.68909822223159,455.59588372244,9.67603065995795,2
2026-04-23 21:45:00,0.210972048174166,1.88831333337104,14.0402173338262,8.40602044440674,454.089602244674,20.3675757016687,2
2026-04-23 22:00:00,0.575310901592661,2.01443755555717,15.106379778346,9.5053285557203,459.937904650247,15.5184246538949,2
2026-04-23 22:15:00,0.212140148187267,2.6148313334029,13.4587900000868,8.1011186666094,454.95372741991,15.1279263106452,2
2026-04-23 22:30:00,0.222718340769667,2.39917044452237,13.7956608891907,8.06303666660467,454.744741828867,16.8245559221136,2
2026-04-23 22:45:00,0.196004918477267,2.40164466673967,12.4877557778132,7.9411575555023,455.673127300991,11.0448816445731,2
2026-04-23 23:00:00,0.165388325887733,2.11261133331373,13.5108797777154,9.0902317779767,453.336887266407,5.59388696128238,2
2026-04-23 23:15:00,0.2381795519059,2.1956240000848,12.863790666977,5.70397311103293,457.220153717387,13.686603766533,2
2026-04-23 23:30:00,0.188747399952533,2.06906977786103,11.2433573335549,5.43694999995716,457.482554552387,6.98543309030857,2
2026-04-23 23:45:00,0.174262162919533,1.99012666669106,11.7161755554058,7.21521977772536,454.055894343134,3.87381849686077,2
2026-04-24 00:00:00,0.151671174029967,1.6970026666401,15.8184157775174,12.0627933336191,453.434069392357,4.3556312144376,2
2026-04-24 00:15:00,0.146573896279667,2.04822044445096,15.6320159998322,9.05097111128204,452.058107104573,4.10489125869134,2
2026-04-24 00:30:00,0.150564877755367,2.27318933336383,14.3723693336403,8.34640888884887,454.769078599027,4.07339800797934,2
2026-04-24 00:45:00,0.1643039851592,2.4039091111377,12.5539993331811,8.28400488889863,451.428028515387,4.15751009627742,2
2026-04-24 01:00:00,0.163996418489533,2.45021111113713,12.641239999873,8.01566644443263,452.899315961047,4.07457490707569,2
2026-04-24 01:15:00,0.156400903690133,2.68968244444993,12.9082295556342,8.43280244442193,454.40891816565,4.18836302667649,2
2026-04-24 01:30:00,0.166118799974867,2.02302333335613,11.9092344442714,7.74387711106907,452.461049431464,4.14168948588359,2
2026-04-24 01:45:00,0.166846337009367,2.34217333335967,11.9086004445831,8.52700022222547,451.591215039514,4.37860470195864,2
2026-04-24 02:00:00,0.1762735851418,2.9302337777008,10.7496046670103,3.9862791111297,457.179355194164,5.11742593219081,2
2026-04-24 02:15:00,0.176094585152933,2.5727786666614,10.5842542224795,7.09379755543216,458.565646359417,4.88074922864414,2
2026-04-24 02:30:00,0.176047911076367,2.62723599998087,10.8049166669224,5.51553866663933,457.047065321357,4.42798624417206,2
2026-04-24 02:45:00,0.174844211072833,2.77881266664226,10.653804444911,8.08281933320343,454.13872057393,4.64644517263712,2
2026-04-24 03:00:00,0.175647866626467,4.94273511106403,10.3739235560324,4.73700488892207,471.358705894693,4.92246234839763,2
2026-04-24 03:15:00,0.175607222184067,4.84138133328957,10.2978273338512,4.9562084444909,478.05578222658,4.74580245410478,2
2026-04-24 03:30:00,0.1753328555232,4.1249919999812,10.2440035560717,6.18467044440326,472.379448004703,4.65749514449272,2
2026-04-24 03:45:00,0.175072833300933,2.59356377769097,10.1933568894588,5.4031737777828,473.262817587777,4.54679979111572,1
2026-04-24 04:00:00,0.177173544409733,4.78452399996946,10.221665556097,5.389141555586,474.173900229787,4.21253777025317,1
2026-04-24 04:15:00,0.177982499973667,2.17367511106993,10.256844445,4.8619178889121,477.60180428216,4.12792887800366,1
2026-04-24 04:30:00,0.177670540719967,4.03735199997013,10.2545788894353,5.3801094444635,475.266873435504,4.25267651673226,1
2026-04-24 04:45:00,0.1779603221976,3.82827311107347,10.2799248894294,4.73187211117233,477.092402800097,4.13597464016861,1
2026-04-24 05:00:00,0.182343966637867,4.5945682222022,10.2973893338436,4.3433372222633,480.239919630287,4.05006970151084,1
2026-04-24 05:15:00,0.182924333309433,4.86140266662843,10.3928426671747,6.57645222211573,475.829914562767,3.90651672736243,1
2026-04-24 05:30:00,0.178209296274733,2.28342755550147,10.2407162227997,7.02527477765537,475.075860848114,3.71902491370675,1
2026-04-24 05:45:00,0.180242007381533,2.26629111108497,10.1054657783359,5.56077099997993,475.951494985947,3.31725961002473,1
2026-04-24 06:00:00,0.1839185296001,4.80185044439983,10.248621556055,4.3420856667139,479.764978182217,3.4529791237298,1
2026-04-24 06:15:00,0.185900929599233,3.96101177774417,10.1660473338575,4.96531788891623,480.894762402,3.32537984756503,1
2026-04-24 06:30:00,0.1880243073689,5.70751733324903,10.2393528893527,3.81534622225434,482.4145783087,3.1539581902092,1
2026-04-24 06:45:00,0.185339818483333,4.8147286666246,10.2579226671502,4.02988400004377,478.392561917867,3.0744195189822,1
2026-04-24 07:00:00,0.1825475296003,4.87880066662066,10.2684048893852,4.0361308889308,476.77896009787,3.09149639612258,1
2026-04-24 07:15:00,0.179077555524633,5.4181935555209,10.3007408893805,3.88479466669561,478.188043623534,2.93229036746984,1
2026-04-24 07:30:00,0.1763949444072,3.07574911104527,10.1949457783038,3.94862911114627,474.02280283178,2.97494348966524,1
2026-04-24 07:45:00,0.173139077732967,2.60950755556583,10.1262491114484,3.83828200002921,466.67254377038,2.89605423915237,1
2026-04-24 08:00:00,0.228098274119233,14.3664073332953,13.3062555566907,0.0318197541541405,466.778766799574,3.54102791093159,1
2026-04-24 08:15:00,0.187118914746167,5.5589517777626,11.8653724446372,2.94139542315421,452.06386896217,3.71836577065813,1
2026-04-24 08:30:00,0.166878844403633,6.5211433330946,10.9137584444615,3.14480111414406,449.57410749685,3.73987823155069,1
2026-04-24 08:45:00,0.148035466668667,6.55949199984107,9.48305133345527,5.30898444440317,448.629300349143,3.95287033753475,1
2026-04-24 09:00:00,0.144534844449567,6.1975733331725,9.63250355560294,8.03218666658204,447.796840585527,3.96973627755044,1
2026-04-24 09:15:00,0.141794422239067,6.47182577769997,9.2445480000901,12.9805153336932,447.64633715155,3.93089086392047,1
2026-04-24 09:30:00,0.139733600024833,5.65195577776086,10.1827204445675,13.3216557780108,447.800631342373,3.80843701790627,1
2026-04-24 09:45:00,0.141162937055267,6.29362733334273,9.44164288887174,9.93118755508079,448.47959085734,3.95130899829872,1
2026-04-24 10:00:00,0.133441674116267,5.81366377782516,8.55252377788174,16.3861246671634,445.87117817129,4.43072301138763,1
2026-04-24 10:15:00,0.1285535185308,5.84226133336836,8.88841044447487,18.0124817779228,445.79487918228,4.28490652797272,1
2026-04-24 10:30:00,0.125057955569333,3.90223288885467,8.62646377781564,20.2773011111668,444.630230500997,4.11571794591992,2
2026-04-24 10:45:00,0.129630316818367,3.61025355557377,8.74302622218217,18.9110682219924,442.414800513177,4.19893117189996,2
2026-04-24 11:00:00,0.1348280792307,7.69214377792773,8.640625777776,16.6065133341721,444.599935728847,4.34176169359632,2
2026-04-24 11:15:00,0.135595057021267,7.29308644439433,8.58355888904997,15.7119986675801,444.029451013587,4.33439480031661,2
2026-04-24 11:30:00,0.131376467229533,7.12304844433663,7.68114711104947,20.0011257780041,445.24195524837,4.41485461578912,2
2026-04-24 11:45:00,0.129909074631667,6.94132466655206,6.93100073498204,23.755739333476,445.971356411556,4.54016276761793,2
2026-04-24 12:00:00,0.133791753292567,6.85582688879216,5.09987254705127,28.321771367208,439.99502121478,4.63801022443979,2
2026-04-24 12:15:00,0.134320029015567,6.8748355554668,4.2658399658572,33.056512615519,437.29961955223,4.77025772061968,2
2026-04-24 12:30:00,0.129060467713733,7.91020555563984,3.41342413676957,35.1355249915884,435.93542952223,5.16035648136188,2
2026-04-24 12:45:00,0.138274066741533,8.70026822257734,4.72142511116787,35.5205379993787,435.077436546074,5.59660186510273,2
2026-04-24 13:00:00,0.1305636871195,7.72866155570707,2.8988503248189,37.55988633339,434.441440180987,4.94363930358256,2
2026-04-24 13:15:00,0.129284509939867,7.65913044486727,3.00050965815733,38.2240904448507,433.928010973351,4.93636335028574,2
2026-04-24 13:30:00,0.1348348889279,2.4225128887778,3.98342866668526,36.9904051666463,435.19439039065,5.58474105140756,2
2026-04-24 13:45:00,0.141408303759033,7.81912311175247,4.2529993334061,36.3985735557041,434.746698393641,5.26434183191321,2
2026-04-24 14:00:00,0.134538718565433,7.0243291117565,3.90988488891937,38.7026222229384,433.832956842194,4.74235315111176,2
2026-04-24 14:15:00,0.1351879185373,6.55907777836016,3.754330444491,39.1511726667987,433.577412491284,4.69575854836941,2
2026-04-24 14:30:00,0.139181211118633,6.56625866726747,3.57290935046094,39.4966786668617,433.487267216741,4.3695716959911,2
2026-04-24 14:45:00,0.138874496315534,6.37531422281317,2.91572627356017,40.6029357780557,432.94763151092,3.89058636659295,2
2026-04-24 15:00:00,0.134085962901267,6.68537577779266,2.9686192137323,41.9131339998177,434.016216407794,3.23024264743927,2
2026-04-24 15:15:00,0.134223444397434,6.9691568890497,2.8451050769694,44.0398880006031,433.529694145204,2.90123461163596,3
2026-04-24 15:30:00,0.1344110666203,6.75604866713727,2.69717752140893,44.4983226673014,432.820558813194,2.87753617145669,3
2026-04-24 15:45:00,0.1343217332883,6.81115955612473,2.70509752141193,44.4944160006214,432.753513096444,2.77770679061159,3
2026-04-24 16:00:00,0.135155188038434,1.06887712814337,2.4814415213958,50.96660093534,431.529456710894,2.89652224216925,3
2026-04-24 16:15:00,0.1336235185282,1.33184453837673,2.8804884444042,51.2659848883538,430.767494303244,2.88183240135291,3
2026-04-24 16:30:00,0.133521185197667,1.2845527606011,2.85004044440373,50.7938062481412,430.655477994747,2.83609021890716,3
2026-04-24 16:45:00,0.132218074051333,1.15247866662,2.85555088883796,50.284294870183,430.387380272694,2.91664057124785,3
2026-04-24 17:00:00,0.132345296281633,1.1986113332675,2.884357111071,50.0217569240069,430.584097798254,2.92174983022495,3
2026-04-24 17:15:00,0.135673488908666,1.49573977772624,3.28991488885277,47.5404872556675,430.49257291367,2.98570009012346,3
2026-04-24 17:30:00,0.130757422217866,1.42723155549987,2.92180533328543,48.8493066801314,430.694897269537,2.81517847734898,3
2026-04-24 17:45:00,0.1293541999958,1.4694079999164,2.93940999996306,47.9229284457893,430.529624796633,2.71672402113952,3
2026-04-24 18:00:00,0.1342194592788,1.3191253332557,3.01128044439993,48.1998418406326,430.77623261916,2.73110142837576,3
2026-04-24 18:15:00,0.1378057333641,1.33803044439093,3.01786799996283,48.7957474091573,430.561725194297,3.0524465810333,3
2026-04-24 18:30:00,0.1750338740541,1.22005444438627,3.08812798290104,44.6528815738076,430.283841781034,3.39503804925497,3
2026-04-24 18:45:00,0.168946822208333,1.1188487350113,2.63286543588807,43.798120513509,430.660347022797,3.32801610376868,3
2026-04-24 19:00:00,0.180599251812533,1.5369513332832,5.35388925400814,39.3132604441497,429.764596379247,3.47977882378765,3
2026-04-24 19:15:00,0.174932985165833,1.86498999996397,6.81781926983867,36.0477293337223,429.819684033017,3.30574695526895,3
2026-04-24 19:30:00,0.166441503691167,1.789586222203,5.13352765075477,37.6329680002083,430.310802335887,3.16613803393327,3
2026-04-24 19:45:00,0.161693444444434,1.80693888884947,6.68180777768504,36.25686444475,429.957188283877,3.23608941912187,3
2026-04-24 20:00:00,0.206339096395633,2.21195577774467,13.6715244447536,23.212451999063,451.385509505027,3.556365998725,3
2026-04-24 20:15:00,0.317346163063033,0.773779777767733,13.5372411118489,18.7418602231389,475.463557659446,3.31285790664021,3
2026-04-24 20:30:00,0.495491607206231,0.724267111108166,13.4946762227992,18.8779148897705,471.432869690303,3.75530911891148,3
2026-04-24 20:45:00,0.2482155630428,0.742308000018466,14.270635778626,16.9119717779922,467.521683929876,6.23199781491304,3
2026-04-24 21:00:00,0.206237488920766,0.781365555591466,14.2794053341211,15.1512646665847,464.277047758616,5.13506237210913,3
2026-04-24 21:15:00,0.194572555562233,0.808675555592967,13.8783777782006,14.6092019999276,459.530229785846,5.71521318732053,2
2026-04-24 21:30:00,0.217716214870867,0.922090222238367,15.271378667006,11.2371680000037,464.786890780833,11.9616483958279,2
2026-04-24 21:45:00,0.2259010556249,0.9164075555407,15.467868222531,12.6249064445219,462.184155775396,13.0756470362154,2
2026-04-24 22:00:00,0.2028699814688,1.0674364444221,16.224646222221,11.398944444782,463.935777429287,9.04442195989661,2
2026-04-24 22:15:00,0.2185024296589,0.947183333300733,15.3586982221801,8.5382177778266,468.878123796463,9.12349694368102,2
2026-04-24 22:30:00,0.2297363593065,0.968215333291133,15.5016051112737,10.1698346669155,464.699803990317,10.4251865142601,2
2026-04-24 22:45:00,0.185946136988734,1.5263837777485,14.6402964440454,8.26534266664659,469.332596542746,6.15886960912483,2
2026-04-24 23:00:00,0.208575840749133,1.69391933336743,14.1544551112474,7.08426088884059,474.93232746135,7.1571791508085,2
2026-04-24 23:15:00,0.273495777812867,2.02517822228023,14.5695035561115,6.4599822221295,475.628219992507,9.46957354864108,2
2026-04-24 23:30:00,0.278897429673533,1.94921000007134,14.2766935560873,5.55717266661617,476.477591990237,10.0205375744429,2
2026-04-24 23:45:00,0.2359420407826,1.90313200008297,13.8411980002938,5.1632166666175,471.50251719689,8.67362490097934,2
2026-04-25 00:00:00,0.175561807394033,1.952127999994,12.8374157775472,9.43906800027164,465.333124317,4.40651286779916,2
2026-04-25 00:15:00,0.166955833323567,2.25797000001213,12.2932619998728,7.43638911107533,473.086248445067,3.23368042974868,2
2026-04-25 00:30:00,0.171819929616867,1.79496466663466,10.4079846668931,5.65149355547476,484.025459265527,2.72167268011179,2
2026-04-25 00:45:00,0.176370255505233,2.19454666667517,12.216791333606,6.88258222215523,470.93164622623,4.44119499670178,2
2026-04-25 01:00:00,0.1930131777358,2.40342955556193,12.4391902225898,8.1143519998928,471.61803567262,9.00793834724921,2
2026-04-25 01:15:00,0.209685611137833,2.79702688884096,12.9783122224394,7.25257799986519,474.632072953514,11.8555649912446,2
2026-04-25 01:30:00,0.197021188871033,2.2796168889036,12.0377560005767,6.29255355546306,476.431177261557,8.86176510209597,2
2026-04-25 01:45:00,0.185556255552267,2.1833326666534,11.5044180003701,6.47858266659599,471.326282622617,5.68000136658462,2
2026-04-25 02:00:00,0.175845829582,2.14630777777367,10.7477853336464,7.87264233321333,474.033807674487,4.33225226016206,2
2026-04-25 02:15:00,0.175432729581634,2.16569533332657,10.804321333636,7.79209688877567,474.964929763877,3.35697266406187,2
2026-04-25 02:30:00,0.174884325875067,2.70009777768544,10.9417668893094,8.88826288884853,475.524242838677,3.61513154052328,2
2026-04-25 02:45:00,0.174461385136433,2.46399511105813,10.9125577783111,7.84446766652176,475.2352647644,4.13398604864219,2
2026-04-25 03:00:00,0.177460351809233,2.04617888883203,10.4273413338469,6.7844412221385,484.018746741676,5.27304110122229,2
2026-04-25 03:15:00,0.175854096269267,2.02472599997647,10.5432368893172,4.8344062222098,467.01654456888,3.35520104511303,2
2026-04-25 03:30:00,0.174833229599433,3.97845422220537,10.6151206671052,9.69879377790586,461.43456169139,3.00289454239856,2
2026-04-25 03:45:00,0.1746134370131,2.1191548888568,10.8353908892277,10.5342333336056,458.815258566517,2.80839699632499,2
2026-04-25 04:00:00,0.177731322193967,3.96659599998343,10.4052071116175,6.89277833322547,472.92377013769,2.85243239386208,2
2026-04-25 04:15:00,0.178056677751467,2.2948831111004,10.274697111598,6.3323469999167,471.019334567757,2.86650789931227,1
2026-04-25 04:30:00,0.181947055528567,2.1166571111363,10.2106346670948,7.2933234443257,474.102489985444,2.65223957860039,1
2026-04-25 04:45:00,0.182762099974633,4.8200111110747,10.6042115559495,5.14001222222763,469.289137350864,2.65065215608142,1
2026-04-25 05:00:00,0.183990166642067,2.38205688889307,10.3040957782442,7.00490988875874,467.290178229247,2.65552071088559,1
2026-04-25 05:15:00,0.1857175221946,4.85060422218203,10.520335333796,7.5655537776584,468.029248101617,2.79377661204762,1
2026-04-25 05:30:00,0.185549433303967,2.48990955556984,10.1153777781977,6.3079229999389,472.643835566217,2.50806849464874,1
2026-04-25 05:45:00,0.187058248115967,4.0598553333057,10.30095133383,6.07200822216414,474.79296067651,2.42758399451261,1
2026-04-25 06:00:00,0.187940870340933,3.14726133326537,10.4335640005086,6.78592311101093,468.94622570939,2.39478026507983,1
2026-04-25 06:15:00,0.188944811079167,4.9467959999541,10.4520826671689,6.41761599989672,473.162469548904,2.33415251225224,1
2026-04-25 06:30:00,0.189680003671233,4.90904555550993,10.3292471115955,6.0148135555055,474.678953253304,2.21682501250862,1
2026-04-25 06:45:00,0.188353137009133,2.6148131111207,10.0603242226263,5.92523077772986,473.12759140632,2.31350180451301,1
2026-04-25 07:00:00,0.187499129602067,4.86330044439723,10.3801817782393,5.24870911111849,473.228934791994,2.28493739821433,1
2026-04-25 07:15:00,0.1829039518313,2.37010266664203,10.3728591115977,4.52309977779747,472.072095398187,2.23159290745248,1
2026-04-25 07:30:00,0.177502488861333,2.4173371110918,10.5051288892871,3.53810266667347,462.694456793623,2.29625000010435,1
2026-04-25 07:45:00,0.174628125885167,2.9121468888338,10.5980368892526,3.07193234014486,462.055318287887,2.32897978830887,1
2026-04-25 08:00:00,0.1757739406945,2.99288333325183,10.4693833337516,3.29351044447213,460.67334847631,2.50326587827787,1
2026-04-25 08:15:00,0.161281225888833,3.76347933326047,10.198503333576,4.3187633333584,466.3609189128,2.9526762753921,1
2026-04-25 08:30:00,0.138561444475367,5.90567199997933,9.12838133358104,7.64835177777916,452.311828757777,2.97570088626483,1
2026-04-25 08:45:00,0.1400989370542,6.20812311111503,8.92079111128254,11.9671428889228,448.67855696681,3.12986916883801,1
2026-04-25 09:00:00,0.133532222263233,5.74898844445983,8.46142911120854,16.8447513339585,445.911383433407,3.25617591955813,1
2026-04-25 09:15:00,0.128168066672367,5.6727122222102,8.49229711112581,19.5134517776405,445.972022196743,3.23680581022991,1
2026-04-25 09:30:00,0.1243635999961,5.46797577781646,6.9152066667329,21.581037333381,445.871264566537,3.20825738861419,1
2026-04-25 09:45:00,0.127859822207266,5.5683917777831,7.88560422226343,20.4520857779158,446.613146714493,3.16539534818996,1
2026-04-25 10:00:00,0.132250302550567,5.48115533337993,7.5329073334284,21.772849777874,446.000379906427,3.3365118500475,2
2026-04-25 10:15:00,0.128200044434433,6.0902119999401,6.05667488892887,23.701024444681,442.427046036036,3.31080844373908,2
2026-04-25 10:30:00,0.129939325883133,6.46482555542723,4.89378844453743,30.0254602224383,437.89140844278,3.54615721786558,2
2026-04-25 10:45:00,0.129348771443933,6.50874866653366,5.69834288891467,28.9289820341893,437.653796397523,3.78160669097211,2
2026-04-25 11:00:00,0.137040119646767,6.92298044440363,5.37029666669763,30.44529765794,438.328383331827,3.88842963588026,2
2026-04-25 11:15:00,0.1312199731807,6.897223333262,4.84606695730493,30.946825657674,437.016261383834,3.82605549227851,2
2026-04-25 11:30:00,0.1343887047614,6.8765853333141,3.2527877436326,35.8144944274234,435.726630394301,3.79293460204149,2
2026-04-25 11:45:00,0.133512789075667,6.84114333331803,2.65006594877127,36.7767144446763,434.473769339097,3.86162202115562,2
2026-04-25 12:00:00,0.1350338939985,6.79281244439613,2.649746888923,39.1219233334944,432.995112388554,3.87148590950014,2
2026-04-25 12:15:00,0.131763103695733,6.64450555555033,2.72628266669457,39.2980162223587,432.715686156927,3.94474353041866,2
2026-04-25 12:30:00,0.130846259282467,6.4723715554832,3.69566623930977,42.075070666598,432.599211249517,3.8649457145325,2
2026-04-25 12:45:00,0.1316086889397,6.124797555434,3.66764446154224,41.4685633331991,432.58046494488,3.74240287978097,2
2026-04-25 13:00:00,0.131408259297267,6.31833555552686,3.85120328206153,40.3120128891527,432.08630616722,3.70429610546012,2
2026-04-25 13:15:00,0.1320109376256,6.10409533375393,3.71145617097264,39.6458893337103,431.631003346637,3.6127066651719,2
2026-04-25 13:30:00,0.131799146331633,5.9131991113595,3.79078801710614,41.8104206663566,431.89455791257,3.66432568230002,2
2026-04-25 13:45:00,0.1313329593066,2.17706594862663,3.54338600001907,38.8441935558207,431.263058378217,3.66116371331356,2
2026-04-25 14:00:00,0.1449013111039,2.66950599992173,4.66343176190237,37.558656666617,433.057181277383,4.14713698544846,2
2026-04-25 14:15:00,0.158388029630833,5.58291488915019,4.47831377783167,39.7545139996706,433.137706007986,4.22635703571861,3
2026-04-25 14:30:00,0.147981762957833,3.21882911102483,4.97167857144584,37.0951791110637,432.65104349912,4.06222806044806,3
2026-04-25 14:45:00,0.1463998444561,2.51915639313863,7.57389495212896,34.438191332782,432.857964426449,4.05415160886171,3
2026-04-25 15:00:00,0.156356370397467,3.15799244437107,7.6849913965934,34.1273879995263,432.987278114283,4.15543376254552,3
2026-04-25 15:15:00,0.144232948169833,2.74569022214503,7.30992206316484,34.1407159995163,433.179537590316,4.37704486793713,3
2026-04-25 15:30:00,0.1764838148023,3.18729844437413,6.75188965072003,35.5549122222027,433.22215805148,4.48844905271491,3
2026-04-25 15:45:00,0.1469558888932,2.74803022215184,6.0863413490444,36.71661755558,433.542116370243,4.28551745193566,3
2026-04-25 16:00:00,0.1949680666625,3.44285177771003,8.0714662537135,35.0792808885247,433.533645307973,4.1605759562958,3
2026-04-25 16:15:00,0.163247377785933,2.80922533334164,8.43193488863063,34.133026444096,433.353483277319,4.05018789071734,3
2026-04-25 16:30:00,0.140950492629,2.3460406665735,8.58069933297577,32.400502666481,433.18656408318,4.0006773219816,3
2026-04-25 16:45:00,0.153331488882867,2.3360493333289,11.2691411109175,29.016624888978,433.625474786797,4.05889064798269,3
2026-04-25 17:00:00,0.1443632666787,1.92341111110973,9.11307023901607,30.704283264705,435.44614811457,3.95636711402221,3
2026-04-25 17:15:00,0.1403933370613,2.0752339999626,8.9215417772665,29.6807248204093,433.779183463536,3.92589340508571,3
2026-04-25 17:30:00,0.139568151884067,2.15097199995977,8.14400111080104,25.5644684444207,434.80084776004,3.85354722641166,3
2026-04-25 17:45:00,0.13598347525,2.02638755551427,5.54193437611307,29.979348854817,432.979548835787,3.65765526917412,3
2026-04-25 18:00:00,0.135101151449533,4.37908888915413,5.8723687180526,30.5598674358884,433.116476755164,4.20353403686204,3
2026-04-25 18:15:00,0.146853044454,3.16054066656566,7.91295111073065,27.0218302224953,432.82138197207,4.14081938034316,2
2026-04-25 18:30:00,0.143664755595367,2.67635933327727,8.33320644441055,24.654191111527,438.658413749034,3.67076566509514,2
2026-04-25 18:45:00,0.138317718539933,6.28040355588633,7.50463066693814,26.7528231112977,436.139226365504,3.3257407909383,2
2026-04-25 19:00:00,0.1763656814139,6.07954888886163,14.1702919999746,18.8284380002915,446.33210610508,3.57423629636592,2
2026-04-25 19:15:00,0.184172718521933,4.40674111101753,14.6344671111846,18.7095804449422,442.3016540989,3.8740134450389,2
2026-04-25 19:30:00,0.1929699444906,5.0367379999789,12.5279177777019,15.7521497778055,440.73220755044,5.13459934582484,2
2026-04-25 19:45:00,0.158201766671667,2.52974888885493,10.5291995554234,18.1768293332042,440.548361516693,4.63592877798562,2
2026-04-25 20:00:00,0.136547111156767,1.9138882221751,9.13284622211852,16.2347046662675,444.043692653236,3.1416908587165,2
2026-04-25 20:15:00,0.144868607411533,1.18162066660843,9.39822066657424,14.8924713329839,448.09744081365,3.14767706312094,2
2026-04-25 20:30:00,0.2535804741263,2.3937006666628,12.7948657776006,12.4961473333907,457.331548042887,3.76047939810203,2
2026-04-25 20:45:00,0.1628562518286,1.6000128888745,9.58117577779226,13.8466964447232,460.47463719352,4.29162964293964,2
2026-04-25 21:00:00,0.144862622231033,1.6241502222092,10.2918600000162,13.5452471116691,453.826995497166,4.28851344007586,2
2026-04-25 21:15:00,0.159067903652567,1.94342888891653,10.0794157779933,10.9185742226136,458.744502390873,3.76377921617019,2
2026-04-25 21:30:00,0.173452774044534,1.79513888892093,9.78809888898046,10.5698373336305,461.60024733934,7.58910907694383,2
2026-04-25 21:45:00,0.175544107368767,2.55704755551917,11.2089384446716,10.0151728891028,452.793727152934,11.4361163779613,2
2026-04-25 22:00:00,0.172879881515233,1.90205177779477,11.3230426667991,10.8286522226039,455.751235780264,8.94749449673092,2
2026-04-25 22:15:00,0.154663599981333,1.79424800003487,10.7852606667109,11.0004064448589,455.734836346907,3.43972262732685,2
2026-04-25 22:30:00,0.156462340704334,1.8865657778047,10.5961737778777,11.4488137781993,455.320342177803,3.67867142409435,2
2026-04-25 22:45:00,0.170861333377033,1.98056022223813,11.139463777983,8.5111455555169,457.229036110737,3.75222056039047,2
2026-04-25 23:00:00,0.1714270000379,1.98704000002093,11.0259717779983,9.38020044448833,457.047944125907,3.9947600788802,2
2026-04-25 23:15:00,0.177014103683233,2.1782573333267,10.4828126670555,7.16435133323337,460.28938569302,3.31533986587218,2
2026-04-25 23:30:00,0.166900081453767,2.0535813333506,10.4873673336894,7.93354688880886,459.612242634964,3.59734652685648,2
2026-04-25 23:45:00,0.179627851832167,2.31186755553754,10.4568664449539,7.46016111097397,466.4379843379,3.54651553994808,2
2026-04-26 00:00:00,0.182241114797967,2.38299555555184,10.7187197782169,7.4095111109861,465.241202582574,2.96108773967261,2
2026-04-26 00:15:00,0.181617359239133,2.30015955556443,10.4894826671078,8.06523499988086,459.96887088106,3.21017652296697,2
2026-04-26 00:30:00,0.1863737296117,2.44011711111027,11.0282366671125,7.699768333213,460.94492884905,5.11173329377193,2
2026-04-26 00:45:00,0.179292403677933,2.7271086666189,10.6267006671067,9.19218177777723,459.707907217961,2.90848963758231,2
2026-04-26 01:00:00,0.167366437007733,2.65418511106687,10.6929362226863,8.88463177776496,458.72389433868,3.73159830582161,2
2026-04-26 01:15:00,0.1848679296058,2.7139528888997,10.1711368893731,8.1092447776423,466.895594027607,2.24235786413535,1
2026-04-26 01:30:00,0.185464344416,4.96765244439553,10.5162311115771,7.48247944433869,461.525047108644,2.30289765840708,1
2026-04-26 01:45:00,0.187829611081133,4.218263111079,10.3438604449381,6.17900144440116,473.01555496433,6.08689871288508,1
2026-04-26 02:00:00,0.187406544415767,4.9337731110692,10.4679162226993,7.72467055545852,465.826980339694,2.89678747690752,1
2026-04-26 02:15:00,0.188485181452933,4.274832666637,10.4103766672268,6.83383388880476,469.259101721804,8.00831259405109,1
2026-04-26 02:30:00,0.1885243592285,4.9269373332989,10.3906715560748,6.67984344437283,468.935717524677,3.45026715415752,1
2026-04-26 02:45:00,0.1863577147862,3.13679511104267,10.3866580005304,7.16783144434116,465.460863503967,2.90883172008946,1
2026-04-26 03:00:00,0.1634441703292,4.99734266660979,10.5295104448921,10.2542160002885,457.6021507284,5.5905510162158,1
2026-04-26 03:15:00,0.187311270343867,4.98284911106126,10.4505324449239,7.29985988878919,465.939248251744,3.85024893600371,1
2026-04-26 03:30:00,0.186786514786667,3.2540942221424,10.3164531117045,7.33628211101959,467.345168353714,2.95337582427914,1
2026-04-26 03:45:00,0.187491033304533,4.98511399994396,10.3562637782629,6.68814477771179,466.178930371981,3.4054271455396,1
2026-04-26 04:00:00,0.1884413221931,4.8911582221764,10.3060304449674,6.59043166660796,468.800255380844,2.30783435360054,1
2026-04-26 04:15:00,0.185964899971567,2.85584888887367,10.2974680005797,7.89404011101042,466.727329638317,3.15162484662026,1
2026-04-26 04:30:00,0.187492470340867,4.8796664444072,10.3904064450154,6.65541999992426,469.43831844026,4.95943439657276,1
2026-04-26 04:45:00,0.1852238110819,2.95702711106524,10.3770711116756,7.92473266654056,464.955408829127,2.14896443554279,1
2026-04-26 05:00:00,0.1863881814532,4.74852444441727,10.4023597782853,6.80541333325199,467.11910362406,2.12557434660811,1
2026-04-26 05:15:00,0.187638803672267,4.8708113332826,10.3926366672316,6.70906955547129,467.529429612444,2.34099230658632,1
2026-04-26 05:30:00,0.186374648117467,4.92932888883529,10.387607778338,6.78519866659169,467.312690976064,2.34066753240185,1
2026-04-26 05:45:00,0.186708144417633,4.90274111107466,10.3847106671613,7.51255911101435,464.15782623661,2.16980819618618,1
2026-04-26 06:00:00,0.187167366633967,4.88328155550013,10.2985697783349,6.76180399992639,467.623953567904,3.11031873888902,1
2026-04-26 06:15:00,0.188137462933433,4.89801622216943,10.1972226672032,5.89921244442543,467.663697279197,3.37706001881827,1
2026-04-26 06:30:00,0.187900411079633,3.94916933327614,10.2671411116645,6.07724199995826,467.061680695097,2.40199818934562,1
2026-04-26 06:45:00,0.188381811082767,3.85328733326954,10.2357626672246,6.19732511107016,467.597019650017,3.40931262303926,1
2026-04-26 07:00:00,0.189538507381233,4.85951844440126,10.1860188894183,4.9673258889269,469.495137048874,2.62929365588846,1
2026-04-26 07:15:00,0.188771677753033,2.83077577773037,10.219333333912,5.3811281111049,468.813389557827,2.03503268703613,1
2026-04-26 07:30:00,0.186624729598567,2.78633488886567,10.3112775560686,4.3913715555852,475.002971380874,1.93582013499978,1
2026-04-26 07:45:00,0.178270807378633,2.7519111110479,10.4126444448258,3.86530200001903,465.020969061717,2.06373262907759,1
2026-04-26 08:00:00,0.173370988844433,2.4885264444186,10.5493684448369,1.02285121227755,459.087060295023,2.20962575180652,1
2026-04-26 08:15:00,0.167404959230633,3.6950295557226,10.0084808891182,3.39935488891463,452.308372507133,2.15313670899076,1
2026-04-26 08:30:00,0.141627318481933,6.54093044453806,9.26552888902924,3.9956004444428,444.39250539412,2.76684346688128,1
2026-04-26 08:45:00,0.141420237059467,6.28285777771133,9.03666933362056,6.24834555557257,450.119159750123,3.30115192402047,1
2026-04-26 09:00:00,0.146627125931733,6.5407073334325,9.4491000002245,14.5886444451036,450.103249231827,3.89632480872218,1
2026-04-26 09:15:00,0.134361737031867,5.95112755558929,8.55776244457984,18.6168197776345,448.8685415045,4.03313971990829,1
2026-04-26 09:30:00,0.125997800018933,5.6211271110979,8.30164133339604,20.1054804443895,445.961674396823,4.24471796208673,1
2026-04-26 09:45:00,0.1276136518501,5.60901244444529,7.79848444450047,20.7682295555261,447.099532013623,3.13130157202215,1
2026-04-26 10:00:00,0.126715474069867,5.60585911111159,6.76480844451353,22.08071066675,444.038039120643,3.0470705446584,1
2026-04-26 10:15:00,0.1264901185286,5.6086775555448,6.916042222332,21.9033622224437,444.342374972253,2.89464540221888,2
2026-04-26 10:30:00,0.125605148133567,5.58583577780336,6.19016288906824,24.2593479999594,440.38662004018,3.15697445895599,2
2026-04-26 10:45:00,0.136610466704733,6.54253644418687,8.66516377798024,23.0466288892097,440.270859125957,3.65670444079324,2
2026-04-26 11:00:00,0.128978001698733,6.65978422209543,6.44513717958291,23.3485455558497,445.844124668923,3.61091771407683,2
2026-04-26 11:15:00,0.1307428757623,6.91594533324086,6.85768466675294,22.8585477776618,445.041182730023,3.25219852294859,2
2026-04-26 11:30:00,0.1299646535293,6.920812444345,5.76766673504894,23.863167333529,444.67842985768,3.34818123613166,2
2026-04-26 11:45:00,0.1282439720459,6.6837675555176,4.9719518461443,25.2715228889119,444.20134006731,3.40035825299607,2
2026-04-26 12:00:00,0.1334417087661,6.6600273333024,4.3663618461988,31.871563896772,439.320379218108,3.12965966218502,2
2026-04-26 12:15:00,0.138682670600767,6.80767088886456,3.99933950434477,34.6450526152124,437.291153789584,3.1524840707156,2
2026-04-26 12:30:00,0.134433263164567,7.27513222244184,3.75383569235884,35.617631709241,435.302643269611,3.29021750455427,2
2026-04-26 12:45:00,0.135813629570667,6.66512266663543,2.91101928212724,36.7663525295544,433.519643453091,3.23031569519729,2
2026-04-26 13:00:00,0.139259398853067,7.22613088910233,2.7887539829755,38.3073445557364,433.335847361584,3.02182613553808,2
2026-04-26 13:15:00,0.135885199948367,6.88245066663907,2.48477905988517,40.0626424445623,433.252247456094,2.89020517660276,2
2026-04-26 13:30:00,0.132743674089767,7.14053355572677,3.5959397777973,40.8380220003794,433.036636383127,2.91045044609253,2
2026-04-26 13:45:00,0.136913618797967,6.97179377840607,2.3763536239638,40.5943713332374,432.475280835777,3.07352512669645,2
2026-04-26 14:00:00,0.131345973666033,1.76554311104834,3.23114044444913,40.6531997777901,431.338362832097,3.26896158917304,2
2026-04-26 14:15:00,0.130831116279833,1.53776366658507,3.19761779481496,40.5341415557124,430.970238077837,3.2991663767419,2
2026-04-26 14:30:00,0.1300712906416,1.71467544434993,3.2215513332711,42.4771808885537,431.18927327148,3.40505006099454,2
2026-04-26 14:45:00,0.129321851864467,1.59049433323964,3.1219249059019,43.1713457772017,430.88901946627,3.38331685278201,2
2026-04-26 15:00:00,0.129908353576733,1.22971298282317,3.075102461451,43.518335332807,430.46534172512,3.33725537494319,2
2026-04-26 15:15:00,0.130000592468133,1.305633555481,2.96985311103707,44.5032248269056,430.614451096054,3.35708363003564,3
2026-04-26 15:30:00,0.128380637028833,1.286499999928,2.9640219999334,45.4988927189479,430.526889134974,3.27152821032729,3
2026-04-26 15:45:00,0.130134948141267,1.44988599991483,2.84359288884687,47.1230453973358,430.653190351523,3.07090177108441,3
2026-04-26 16:00:00,0.129494016492033,1.22777899993697,2.81834599995057,47.7420605192565,430.515920576294,2.98158498896116,3
2026-04-26 16:15:00,0.131261866492567,1.32895577770263,2.8151406666181,48.4526963949337,430.55342427822,2.8668433393672,3
2026-04-26 16:30:00,0.132198059252533,1.2290866665904,2.75101111107127,50.2455423624054,430.50445826346,2.6654766991014,3
2026-04-26 16:45:00,0.130448838710233,1.1417543332672,2.7467195555052,48.8332711931129,430.22627038237,2.68647801184824,3
2026-04-26 17:00:00,0.131042437012933,1.13327155551003,2.75011511108183,48.9024986876335,429.879771832251,2.60587834650085,3
2026-04-26 17:15:00,0.130735185203133,1.4723504443889,2.85305488886667,50.1968319301421,429.550927758634,2.59389917314424,3
2026-04-26 17:30:00,0.1330361555236,1.0953219999493,2.7344366666299,51.2720200472882,429.734703341191,2.5405032383361,3
2026-04-26 17:45:00,0.1320056074077,1.26799177772,2.78145644441813,51.9735677454154,429.888280347021,2.56009952929153,3
2026-04-26 18:00:00,0.134330162982266,1.3000693332667,2.91556177775047,49.3847137603286,429.56815432119,2.63022875200802,3
2026-04-26 18:15:00,0.137731481531466,1.28789711104717,2.9733324444059,48.0109746488069,429.695613510563,2.53521538295225,3
2026-04-26 18:30:00,0.142700296322333,1.3375231110384,2.90566577774443,49.4510494010232,429.743646835907,2.59176653535928,3
2026-04-26 18:45:00,0.159783488896733,1.18339333327117,3.0763199999915,44.448386137131,429.417472262667,2.60038297588189,3
2026-04-26 19:00:00,0.156404933345633,1.06402799995167,3.0652744444374,43.8828499318494,428.916043589893,2.73877586733454,3
2026-04-26 19:15:00,0.150881562959333,1.35158999999514,2.90552470081627,42.9485690941187,428.602156483464,2.4936721460516,3
2026-04-26 19:30:00,0.164107555545634,1.46036599999813,3.0124698290148,40.9160241536626,428.861538908647,2.43061249309067,3
2026-04-26 19:45:00,0.350421137101233,1.81456933329084,11.7896095557251,31.3709617766955,434.576882145673,4.03530494541909,3
2026-04-26 20:00:00,0.202446363058333,1.181455777741,12.8792355548781,28.419389999813,435.147733305176,4.16236154436363,3
2026-04-26 20:15:00,0.217372118624133,1.80290888884244,11.8825873337955,21.2281917774443,466.535870459033,3.30457946763425,3
2026-04-26 20:30:00,0.202722418592233,1.6570339999463,11.4673837783448,22.0896577770372,463.065397463289,2.82048202132073,3
2026-04-26 20:45:00,0.174485762968334,0.832204444397567,11.2378719998651,27.313492443623,440.740321227097,3.02848373597306,3
2026-04-26 21:00:00,0.157961162967,1.3282393333539,14.7064824447904,19.9152486674513,438.064908732534,2.92743975596803,3
2026-04-26 21:15:00,0.1499442259313,0.611220888873701,12.9239433335007,24.3990624447877,436.1548413864,3.07376155741782,3
2026-04-26 21:30:00,0.150361033358667,0.851743555583266,14.5068284444545,19.7599808891557,438.115841072077,3.05136936080371,3
2026-04-26 21:45:00,0.141863974075,0.721925555566933,13.563991999943,18.3413148887498,438.829611799674,3.12759028284572,2
2026-04-26 22:00:00,0.137992059277833,0.834837777767767,14.7263293331371,16.1841911109398,441.107304581286,3.0049338520656,2
2026-04-26 22:15:00,0.140901496322867,1.08015466667673,15.7944568887055,14.3611200002163,445.937975664593,2.92817164704491,2
2026-04-26 22:30:00,0.133797348734133,0.560615777805867,15.0267202221168,20.350521333266,444.380810406929,2.96314460716084,2
2026-04-26 22:45:00,0.138097659300533,1.03448488888307,16.4789999997931,15.2348344449729,444.586194610659,3.05231740922588,2
2026-04-26 23:00:00,0.1460394074409,1.27134511110863,15.0064002218804,12.6204226670323,452.819104076733,2.97213153221885,2
2026-04-26 23:15:00,0.160806170359733,1.4954728888761,15.4259415553721,11.3817942226236,461.463564500126,2.94762421626066,2
2026-04-26 23:30:00,0.164921955546467,1.7817268888799,14.6243426663099,8.73432377784813,463.725284703493,2.82547778908406,2
2026-04-26 23:45:00,0.164199614801867,1.4033877777643,15.0195846666731,11.3318940004466,463.63988565257,2.97856581459977,2
2026-04-27 00:00:00,0.169121625911167,1.85607288887653,11.878932888822,8.62893311125947,461.671612861117,5.30983849260103,2
2026-04-27 00:15:00,0.173357003642267,1.70942955556036,12.8546766667305,9.4330297780917,451.69837761585,3.09593525659711,2
2026-04-27 00:30:00,0.183420677741833,1.73379688886333,12.956929777728,9.4239228891701,458.712502639587,6.31545246678532,2
2026-04-27 00:45:00,0.160628622156034,1.63266422221506,11.5640148887435,15.0676455557355,457.581015387396,2.74358144333965,2
2026-04-27 01:00:00,0.156595896218667,1.59844444442153,12.2278131110761,11.3609753338556,458.966240354943,3.11655431368152,2
2026-04-27 01:15:00,0.1766246703108,2.2479106666639,12.1993164448389,7.73737733326386,472.23905893617,3.60200036254792,2
2026-04-27 01:30:00,0.1742703295995,2.1910139999917,11.6570148891838,7.8081769999016,465.253190143343,2.90358420465848,2
2026-04-27 01:45:00,0.1746825592323,2.34728733326297,11.0198364447276,8.54662299998306,457.234214344197,2.65077994338945,2
2026-04-27 02:00:00,0.175457822201333,1.60453288894033,10.2221437779991,7.55671799990047,460.386903603337,4.1762569882287,2
2026-04-27 02:15:00,0.175972699974167,2.15025777773844,10.8334288892403,6.91869133321174,461.28795778107,2.49396860657248,2
2026-04-27 02:30:00,0.1765006147968,1.71976688893524,10.412122889101,7.66971477765974,457.27412614072,2.3224820677267,2
2026-04-27 02:45:00,0.176227325904,2.1175279999651,10.8032908892389,9.89333855572527,459.207824734837,3.68715144301194,2
2026-04-27 03:00:00,0.176473429612,2.0796628888771,10.5787522226439,7.99202088876187,460.66307903788,5.06402577234955,2
2026-04-27 03:15:00,0.1779020518334,2.2494688888701,10.8175606670865,7.77486188876767,465.588702968044,2.18446917101308,2
2026-04-27 03:30:00,0.179428474053967,4.87882799996663,10.6912993337868,7.26845399987043,466.545241960927,8.11755834326918,2
2026-04-27 03:45:00,0.1819591851624,2.88901733327564,10.6251440005033,6.6221389998815,468.223216866344,3.30448008012472,2
2026-04-27 04:00:00,0.181647062940433,2.3270455555364,10.699206667131,6.56530199990397,467.109379556251,4.01669387428693,1
2026-04-27 04:15:00,0.182893796277833,4.93270399996156,10.852060667084,7.6606394443437,466.11882924075,3.58135151486653,1
2026-04-27 04:30:00,0.177622348130733,2.37375311110094,10.7331375559821,9.05374944444586,461.28854314244,4.66136068829739,1
2026-04-27 04:45:00,0.183038633308833,4.06136088887474,10.6901324448909,7.4919591109803,466.233042636894,4.52585906358652,1
2026-04-27 05:00:00,0.1828798851649,2.80672244437944,10.5319266671164,6.71931533323547,466.892581740337,2.2582052320074,1
2026-04-27 05:15:00,0.1921012037026,4.8255613333035,11.2114595561357,5.16518200000083,473.390579822901,12.4551279374923,2
2026-04-27 05:30:00,0.182377899975967,5.7615453332614,10.4457517782066,5.84204699996016,468.830630609897,2.33093397863526,2
2026-04-27 05:45:00,0.183863899978033,4.77977088887013,10.4148920004924,7.2170711110058,473.538516902227,2.14439152562902,1
2026-04-27 06:00:00,0.183249099973233,4.8312751110752,10.3949335561026,6.4814079998847,475.439857820247,6.32311799011746,1
2026-04-27 06:15:00,0.183895766641367,4.88863199995606,10.4028624448966,6.01133933327957,469.25984975634,2.96288659992828,1
2026-04-27 06:30:00,0.221815988924,2.83781466661837,12.021335333771,6.2928591110156,475.052921224134,6.71666059817888,1
2026-04-27 06:45:00,0.183306166644167,4.82547244441453,10.5760417781813,4.80970200000356,466.742581705677,2.45135352119385,1
2026-04-27 07:00:00,0.1785693110932,2.28495844441093,10.2993144449084,5.09440788891363,468.714488821324,2.22601088674513,1
2026-04-27 07:15:00,0.175896318481933,4.96475333330073,10.5363651114948,3.88416666668847,462.60286700644,2.44098975606359,1
2026-04-27 07:30:00,0.175378907376934,2.19393022217663,10.2438355560597,4.739653111127,472.115318792057,2.6900578761786,1
2026-04-27 07:45:00,0.174424429594033,2.39174622218047,10.4507986670936,4.11555111114517,461.467196714057,2.57503988523009,1
2026-04-27 08:00:00,0.1748334443967,2.90433533325917,10.3388933337964,3.89317666669314,465.963828979743,2.38986159972032,1
2026-04-27 08:15:00,0.1660016777475,3.11098133332103,10.3863386667389,2.68319662330886,449.3314163377,2.52986229702619,1
2026-04-27 08:30:00,0.1415208444451,3.50378844442663,10.9617115555057,4.77836044444046,447.99025139545,3.0757910522079,1
2026-04-27 08:45:00,0.138800629683067,5.0767555554821,12.2330446663834,8.76883199964298,446.062890474536,3.32288281725262,1
2026-04-27 09:00:00,0.1354436667305,5.56922866663586,9.26868266651174,12.4401862222867,444.654176071726,3.23833769282524,1
2026-04-27 09:15:00,0.132267266701967,5.76667022226169,8.02911955537947,16.2690364448755,442.69990081467,3.29309411377544,1
2026-04-27 09:30:00,0.127389992613233,5.48834133339796,7.67857888867935,17.661708444646,441.946709660084,3.34493107434362,1
2026-04-27 09:45:00,0.127232259275567,5.56038733339566,7.77490888869757,17.6771224447563,441.925951252464,3.34282500699289,1
2026-04-27 10:00:00,0.132360125953633,5.83764044445526,8.07182377758558,17.3403251114639,442.626253899027,3.47554851261138,1
2026-04-27 10:15:00,0.126909414821467,5.66496088890693,7.91382977756291,19.2155688890168,441.726308328647,5.94935020712792,2
2026-04-27 10:30:00,0.1255847333406,5.84596599997366,7.99655977757164,21.0807413335885,441.298837672663,6.27291308302709,2
2026-04-27 10:45:00,0.126811599995,6.5873526665575,7.49911133314157,21.9131055558017,440.984598312033,5.892435802127,2
2026-04-27 11:00:00,0.124959903689566,6.53886977767877,6.18166022216134,22.4355677778873,441.066433675653,5.75668994206811,2
2026-04-27 11:15:00,0.126069622229833,6.56350288870169,5.86302311113983,22.3341964448217,441.294622404637,5.66002378180779,2
2026-04-27 11:30:00,0.125846740748067,6.54193177760563,5.5784695555553,23.827138666894,439.74528729882,5.76848148448247,2
2026-04-27 11:45:00,0.125011844446,6.49696088865543,5.70587622223367,23.0504293336933,439.28129789474,5.88135293851817,2
2026-04-27 12:00:00,0.1252976444423,6.54871599970466,5.76789711112437,24.4263524445177,438.918004725757,5.87170712034783,2
2026-04-27 12:15:00,0.1251522888926,6.6255542219364,6.38769977766123,24.924465555675,440.236420591991,5.84421905373919,2
2026-04-27 12:30:00,0.1257002376029,6.6297333330364,6.32952888875373,26.176640444409,440.163365424777,6.06556483058819,2
2026-04-27 12:45:00,0.1292883464484,7.54191422221997,6.28535470073781,25.895566444462,439.64650232907,6.11567028528162,2
2026-04-27 13:00:00,0.126402319081467,7.45522444443457,5.5622135896827,25.147112256445,439.304343100074,5.98136404743119,2
2026-04-27 13:15:00,0.125637452412467,7.91506288901867,5.35523117947493,24.5744820342464,438.665863162314,5.67733740957295,2
2026-04-27 13:30:00,0.1266693344546,7.35176555546744,5.1705659999414,26.437200256462,438.146994402234,6.05446181760999,2
2026-04-27 13:45:00,0.129238491698967,6.59392733323617,4.1308347863299,33.19820372657,436.194505224711,6.32523285692926,2
2026-04-27 14:00:00,0.151905548157733,7.86462288883354,6.29827688890627,31.7472328714163,435.42123992449,6.06691650705527,2
2026-04-27 14:15:00,0.1310310997025,7.38642000036453,4.07327854707733,34.2479293673034,433.893674123897,5.7561753632707,2
2026-04-27 14:30:00,0.131945321335867,8.1236886667098,4.3733904786254,31.634282991622,435.23910944488,5.82494267548312,2
2026-04-27 14:45:00,0.127292130415533,7.70846711114537,2.75102988036737,35.5042655721033,433.327660576894,5.82456602395386,2
2026-04-27 15:00:00,0.131760725986233,7.9552782223575,4.32163369235556,36.0731393330947,433.885979894987,5.76674226955652,2
2026-04-27 15:15:00,0.131137504254167,7.8173091114686,3.26200042739223,35.029912255967,432.267740149231,5.7469252091012,2
2026-04-27 15:30:00,0.131149160968067,7.50403711135584,3.03027442737633,37.0079564446817,432.276385131847,5.9821713390545,2
2026-04-27 15:45:00,0.1266158614794,7.34236400032903,2.3980084615436,38.3016504450567,432.482057371774,5.83640416661292,2
2026-04-27 16:00:00,0.1295428722896,7.58606955591047,2.57644690598487,39.9140346670487,432.49560913172,5.70134322314624,2
2026-04-27 16:15:00,0.144104266687667,7.9200537782024,4.39576444450877,39.2967364447663,432.929710939344,6.33467249680869,2
2026-04-27 16:30:00,0.129947955280567,7.35550977845363,3.75627022220813,41.985395555147,432.06469481242,6.46550025666449,2
2026-04-27 16:45:00,0.1311230592932,7.44671666733737,3.86807535041903,42.1659164441553,432.178015904127,7.22899698486921,3
2026-04-27 17:00:00,0.130905977794333,2.41991733321883,3.4371862222374,42.275092666577,431.514088285914,6.28280736483818,3
2026-04-27 17:15:00,0.132990977797667,3.19004066664437,3.66908022224593,42.1017964446207,432.56144595635,6.34469942975415,3
2026-04-27 17:30:00,0.149196496271133,5.89151222257327,4.27217977779553,41.313242000192,433.531021519683,6.60132126780338,3
2026-04-27 17:45:00,0.1604202963024,2.8538413332711,4.022800254,40.6053213331203,433.290819991703,7.11703905716709,3
2026-04-27 18:00:00,0.174906696281833,2.86990799991937,6.62411390468733,36.9440568885127,434.559615621063,6.19460360373602,3
2026-04-27 18:15:00,0.151446111106167,2.3993424444306,7.73379114263116,34.421066444245,434.254510753903,5.54118664965014,3
2026-04-27 18:30:00,0.141166481540267,1.54399711110947,7.73246177745009,34.142968888696,433.723189750696,5.45156046130801,3
2026-04-27 18:45:00,0.1420491593267,1.35097200003723,8.79841866629117,31.615427042502,434.768499639606,5.36083669975277,3
2026-04-27 19:00:00,0.141035359304134,1.50908000001137,9.39454799976679,28.389850444453,435.905738967693,5.30329666594021,3
2026-04-27 19:15:00,0.136541403729667,1.26794199998233,10.7810246663971,24.616425333206,437.508052605523,5.1313005879974,3
2026-04-27 19:30:00,0.1424457667223,1.4893893333783,10.8328831108866,24.704451555651,437.899328773937,5.18979878182228,3
2026-04-27 19:45:00,0.1430386445023,1.81455777780356,10.6290188886119,22.8666577777866,443.13207693372,5.16633724443816,3
2026-04-27 20:00:00,0.154302166650367,2.32095622222447,11.0698586663549,20.5755146671474,441.128863562156,5.07149044367471,3
2026-04-27 20:15:00,0.1506109704077,1.97678888886733,11.549181333253,18.7854126669024,448.476063180557,5.02142064212478,3
2026-04-27 20:30:00,0.143880251848134,1.5434533332917,11.4039335553606,17.9578522223348,447.106043298376,4.88053406735553,2
2026-04-27 20:45:00,0.152168966684934,1.88881999995197,12.9239668888786,16.7950957778129,446.306056350149,4.80327233655937,2
2026-04-27 21:00:00,0.136170511133333,1.5100002221777,11.4700239998282,16.4714291109325,446.399152282249,4.72961444438348,2
2026-04-27 21:15:00,0.138972885224167,1.62878044442487,11.7007777776521,15.7633095553717,446.684006962179,4.77902670315536,2
2026-04-27 21:30:00,0.142949581521133,1.64972022215953,11.8797048887804,14.0553191112564,448.130454538,4.69559365420295,2
2026-04-27 21:45:00,0.138442355611067,1.79361088885437,11.4195851109774,14.3409720000283,446.46071909363,4.62345490090176,2
2026-04-27 22:00:00,0.158818970395867,2.02447333329763,11.3905939999026,10.5036420003161,455.10605403573,4.43946782816731,2
2026-04-27 22:15:00,0.1589893481715,2.0523884444018,11.0373591110104,8.91629422217863,462.55308855791,4.48799771389202,2
2026-04-27 22:30:00,0.158248807431933,2.09873244441873,10.9967540000167,9.1902088888225,464.112835521483,4.47860988572337,2
2026-04-27 22:45:00,0.159341170402367,2.7071433333523,10.3853155556982,8.01227555534311,469.73324773608,4.48861611117027,2
2026-04-27 23:00:00,0.160459881513533,2.67574222224143,9.80196533344284,8.01084066644547,471.11607069489,4.47683840055484,2
2026-04-27 23:15:00,0.158627525957267,3.10899733333014,9.62719422232944,8.2358775553017,472.73620875898,4.39089816362284,2
2026-04-27 23:30:00,0.158839133363867,3.22116933331417,9.88829911123788,8.25758044421534,472.75127385233,4.36750238282598,2
2026-04-27 23:45:00,0.159059888919567,2.95422577778563,9.701154000145,8.31507066645707,468.67308789304,4.37003760829829,2
2026-04-28 00:00:00,0.158408074108333,3.62555466660887,10.3186146667136,11.6225093335652,466.43160107528,4.23406097399617,2
2026-04-28 00:15:00,0.157966859285333,3.52434466662807,9.70180555566168,9.12409666652163,468.23669213174,4.29855383742617,2
2026-04-28 00:30:00,0.1595300074338,3.16111066665717,9.54088555571981,6.06248333324153,474.595477705549,4.43783885655169,2
2026-04-28 00:45:00,0.160686311126867,3.60566933328483,9.5740684447034,5.956256222141,478.214055338763,4.25209367453341,2
2026-04-28 01:00:00,0.161301103723067,3.20283044443423,9.27796622245974,6.5483573332477,479.869512046089,4.21866526237093,1
2026-04-28 01:15:00,0.1606724740993,2.6518782222528,8.74636466689501,6.70032977768774,477.26883156931,4.25261460919266,1
2026-04-28 01:30:00,0.162913296314267,3.61402733327707,9.0838862224349,6.04090244439464,500.465242033703,4.26445781109984,1
2026-04-28 01:45:00,0.163980348166133,3.26140466666233,9.00435222244204,6.2825828888313,536.170492770344,4.38617003720946,1
2026-04-28 02:00:00,0.1626665111283,3.2086782222173,9.07689377791047,8.0909353331599,481.13091715836,4.40693836333234,1
2026-04-28 02:15:00,0.162707466674067,3.79434688884347,9.3354673335187,5.83335555548116,474.187462883113,4.31773995542901,1
2026-04-28 02:30:00,0.162835244439934,4.04337555547743,8.99305866688867,6.5237753333367,474.73073748599,4.27196721423735,1
2026-04-28 02:45:00,0.163300600000933,3.82082355550856,9.34085244462334,5.4405268888788,472.09190411558,4.20987927180762,1
2026-04-28 03:00:00,0.162013740736233,3.74906888881063,9.28671644466227,7.62542422209404,468.670299266193,4.0356410302906,1
2026-04-28 03:15:00,0.1606257111101,3.73854088885287,9.19466355573663,8.173686222063,465.75825806299,3.80665870406083,1
2026-04-28 03:30:00,0.160752007402667,3.72927599995747,9.02171111132547,7.45406955552037,468.08292535921,3.94969471601827,1
2026-04-28 03:45:00,0.160258311111634,3.65414866663923,9.22848800013894,9.1021493332802,460.028385049923,3.99189627074358,1
2026-04-28 04:00:00,0.161276940737467,3.7152902221595,9.17294733353727,7.68698066656401,462.979576815203,4.07275478101935,1
2026-04-28 04:15:00,0.162946807392167,4.3218244443773,8.90017044469811,5.74292733334633,482.433008113346,3.89632136635922,1
2026-04-28 04:30:00,0.161076474061667,4.35942199992153,8.94078822243724,5.72971266667797,481.277340161173,3.93678456294535,1
2026-04-28 04:45:00,0.160856540726767,3.78754222217136,8.8804126669495,5.58088444445713,480.41142198387,3.98590560679297,1
2026-04-28 05:00:00,0.1656246888716,3.78280222217883,8.88432488917357,5.4621082222281,485.238756583347,3.96028406934934,1
2026-04-28 05:15:00,0.1632867481477,5.10516999995603,9.02504177805617,6.22689755550043,483.130173522133,3.6817372502409,1
2026-04-28 05:30:00,0.144816651862467,5.08443444442566,8.84496777794731,15.2833319999743,447.92247959883,3.19703074351657,1
2026-04-28 05:45:00,0.1287112481256,5.16672911106433,8.54459644459647,18.2855251106351,444.036029386546,3.16315357104552,1
2026-04-28 06:00:00,0.1286671148029,5.51863444443653,8.58794822232007,19.5607859996801,445.438242845483,3.06434940036515,1
2026-04-28 06:15:00,0.126290422220067,5.01933755552199,8.1888720000144,20.3732046664462,445.310620653196,3.08501788991045,1
2026-04-28 06:30:00,0.130001974057366,5.43508155554557,8.90544933341443,18.622909777675,445.697764943036,3.08052160464172,2
2026-04-28 06:45:00,0.137436800011833,3.84405933327087,9.43528377793133,13.3676148890741,446.545812806543,2.99351492691382,2
2026-04-28 07:00:00,0.132406799972233,5.25269333329266,10.122703333227,17.2427524441887,444.9304711646,3.0216292964896,2
2026-04-28 07:15:00,0.130352881461433,4.53469755552263,10.6498786665971,18.422079999722,446.136252873123,2.96266016634107,2
2026-04-28 07:30:00,0.132816903684933,5.23008755551246,9.94261288874607,17.492411555435,445.206708763177,3.02548432536206,2
2026-04-28 07:45:00,0.138119133335367,4.6391013333111,10.7482333333275,14.8816995553822,446.267319959663,3.07955068868622,2
2026-04-28 08:00:00,0.135475992577367,5.08345999995656,10.6413744444297,15.7544899997537,445.696136963937,3.03549464532215,2
2026-04-28 08:15:00,0.139531392601667,5.0893462221845,10.803016666709,13.1837408890879,446.266497258823,3.2837949939467,2
2026-04-28 08:30:00,0.133616918494467,5.00021333329653,10.6375479999246,17.0537957776172,445.656856917576,3.18807062437835,2
2026-04-28 08:45:00,0.139053348153334,5.0850733332939,10.7593871111403,12.4751640001717,446.212294370853,3.21832834593891,2
2026-04-28 09:00:00,0.1374011111181,4.06761266660473,9.74974933336531,13.365422000322,445.077855749236,2.94966109965936,2
2026-04-28 09:15:00,0.135977251842667,3.69182377772083,9.79687866659767,16.1848128886964,445.267384676943,2.94679817500857,2
2026-04-28 09:30:00,0.130897599981167,5.07736466662633,10.4868664443415,18.8089746664268,445.87591822788,3.27968870032735,2
2026-04-28 09:45:00,0.134189222208633,5.13878711108853,9.91493599990518,16.942158444508,445.699229981877,6.8007004384992,2
2026-04-28 10:00:00,0.132114192572267,4.9120506666148,10.8132564443709,18.0199862220276,446.53391365894,5.94453994180981,2
2026-04-28 10:15:00,0.137125200006234,5.15140777774999,10.4343335555583,14.6688491112852,445.969622121037,3.18044008769093,2
2026-04-28 10:30:00,0.131376962941433,5.78412311104336,9.85417266653514,18.673709777608,445.63666293248,3.02433586619788,2
2026-04-28 10:45:00,0.131271185166833,5.15541688884953,9.77969422212094,18.0179888887552,445.58150270668,2.90735666412434,2
2026-04-28 11:00:00,0.1281929703538,5.10669422220106,9.117998888905,19.9679439998647,444.829895477383,3.01415389875951,2
2026-04-28 11:15:00,0.1260358666704,5.23226955552293,8.51816688888843,20.7187928886607,442.795804757063,3.21593984726518,2
2026-04-28 11:30:00,0.130189051855133,5.66082799990777,8.98702444446253,20.1388791109287,442.890959701203,3.27798823086843,2
2026-04-28 11:45:00,0.1242992592471,5.43994866663976,6.678709555688,21.4697635556087,442.258319286474,3.19925072478883,2
2026-04-28 12:00:00,0.1245352592442,5.39363177777233,6.48259000012997,22.445994000317,441.198069189084,3.20508600190734,2
2026-04-28 12:15:00,0.127094711120467,5.58100466666266,8.19101444446891,20.3616535556183,441.641298671857,3.2529400237342,2
2026-04-28 12:30:00,0.126955274075533,5.82223088890789,6.78798222234823,21.8760697780662,442.335014346861,3.25874819204133,2
2026-04-28 12:45:00,0.1248529703615,5.63616244447959,5.74346755564457,22.8420671113333,438.7621936885,3.27079166393356,2
2026-04-28 13:00:00,0.124593748140633,4.31185222210148,5.6204573334304,22.5447857780013,438.491593044414,3.19057513909519,2
2026-04-28 13:15:00,0.124261488892167,4.09028911102774,7.37655088891567,21.780963111351,441.11465285384,3.21023422918154,2
2026-04-28 13:30:00,0.126408118513667,7.2174940004408,8.15362488883278,21.8047842223698,439.89446468141,2.80435792099492,2
2026-04-28 13:45:00,0.125250599995233,7.3693002224089,6.886314000076,21.533353111333,440.527077163167,3.16112719847343,2
2026-04-28 14:00:00,0.1253226843353,6.71350844429769,5.4501817948384,23.683793111387,438.696118262354,3.4503398515288,2
2026-04-28 14:15:00,0.125740370938667,7.8603008890185,5.49221384616797,23.8636168890727,439.352896392197,3.48284389371117,2
2026-04-28 14:30:00,0.125696644998733,8.13784577796287,5.2205178461002,22.852650888964,438.73420290379,3.25305426515552,2
2026-04-28 14:45:00,0.1267394450098,6.8850659999551,4.35121495723977,26.8073564783103,437.583435657,3.15061730080051,2
2026-04-28 15:00:00,0.1282901851533,7.6287308889937,4.23401717947574,30.729534923177,436.153860752533,3.13553301122936,2
2026-04-28 15:15:00,0.133490708874867,8.09687866711507,5.42342716243074,31.4567136408973,435.462753236713,3.14308789980508,2
2026-04-28 15:30:00,0.1270501783306,8.80045888936574,4.24047006836433,28.8780680340794,437.79631210218,3.20650141140776,2
2026-04-28 15:45:00,0.128050888820833,7.65640266742674,3.61253611961826,30.0736955898387,435.884060748247,3.37629346874107,2
2026-04-28 16:00:00,0.1321930910561,8.51697244486874,3.41867285471304,35.21004938481,436.825992224947,3.38344314179418,2
2026-04-28 16:15:00,0.130003207874867,8.5938828893209,3.09936829062127,35.4212593502447,435.276342375134,3.39614094769304,2
2026-04-28 16:30:00,0.129401108765,8.4278844449696,2.86726579489257,36.6211453330627,435.317631600211,3.44541263639777,2
2026-04-28 16:45:00,0.127191377122067,8.35954933409774,2.7980171453079,36.7518334999713,434.678947352877,3.47822916306649,2
2026-04-28 17:00:00,0.1262531993545,8.3786642228206,2.77051270086123,37.1709389999437,434.802679233981,3.72200397658782,2
2026-04-28 17:15:00,0.130090444454567,8.3873351117079,3.59837529921044,37.8475758892477,434.133213965277,3.78602772685041,2
2026-04-28 17:30:00,0.145599385214233,3.08971644432507,4.13983422225807,35.574263110921,434.399079218037,3.84266719874982,2
2026-04-28 17:45:00,0.133202822261767,2.80386355545353,3.69558726497673,37.228291944777,433.588449281144,3.83637043352471,2
2026-04-28 18:00:00,0.134790137056967,2.48852755542007,3.71341000002557,36.9657432782273,433.810728877297,3.91102633342868,2
2026-04-28 18:15:00,0.1280553407648,1.92493822215177,3.67317690601496,36.625438110784,432.995944725797,3.86729501284205,2
2026-04-28 18:30:00,0.131851697443767,1.62900199995297,3.3343606666835,36.6215113331333,434.395033491314,3.76164533913436,2
2026-04-28 18:45:00,0.142248896345567,1.96042666663536,4.89120688884547,33.37759955557,435.243315625587,3.77129119348516,2
2026-04-28 19:00:00,0.153700740704433,2.0935731110492,7.27563555532241,30.706455111719,435.491341357197,3.95903036057849,2
2026-04-28 19:15:00,0.169090799983333,2.48064177773624,7.67546244415376,30.278059111799,437.396254048837,3.93212411437228,2
2026-04-28 19:30:00,0.146757725973333,2.1048315555341,9.8632095549293,26.1587811109723,436.782206900423,4.10846865791507,2
2026-04-28 19:45:00,0.151528022220034,2.46934422219987,10.1866375550418,23.0586266674304,439.062556592836,3.86206065358515,2
2026-04-28 20:00:00,0.143714637093867,1.63032422225133,9.6871997774423,21.7654126669579,439.098739022974,3.78907877963367,2
2026-04-28 20:15:00,0.134333807410967,1.2118737777074,8.8635586665782,20.6547491110405,439.214802501906,3.65594982994431,2
2026-04-28 20:30:00,0.171866855532167,2.55927266664736,10.0438291113238,12.7662653335925,455.951510316607,3.51763182202513,2
2026-04-28 20:45:00,0.1573640148135,1.86497088889473,8.23420088899959,13.5233722224702,451.368533890007,3.40441585858155,2
2026-04-28 21:00:00,0.157655511099267,1.4786904444237,9.03747466674802,12.7284142225513,449.087337669994,3.35314945149917,2
2026-04-28 21:15:00,0.144857318514967,1.31189688884533,8.88600511124626,12.5578077780302,447.659369808091,3.27335976318889,2
2026-04-28 21:30:00,0.164758466640833,2.3478595555913,8.51063955572274,7.79023911094004,460.304180319787,3.17009684567385,2
2026-04-28 21:45:00,0.1718120073889,2.22175355558213,8.70446200018093,5.60677266662406,472.257197891817,3.13548147829749,2
2026-04-28 22:00:00,0.176453562925,2.01260155556896,8.86804088906953,7.61232511105167,459.302691372137,3.17985223620295,2
2026-04-28 22:15:00,0.159234311058934,1.7151411110987,11.0599080001376,10.10047777803,453.34301836404,3.22459024536911,2
2026-04-28 22:30:00,0.155409807360467,1.74433355554696,10.31247266678,10.2552313336356,451.73418941708,3.13754873753435,2
2026-04-28 22:45:00,0.155670481431767,1.42513022218097,10.5672913334194,10.2754235558493,451.84164942188,3.07015803325598,2
2026-04-28 23:00:00,0.164334236988767,1.82909111112156,9.67223288901243,8.52843799993723,453.811411399727,3.13047392909961,2
2026-04-28 23:15:00,0.175900459222467,2.5267822222289,10.3282295559352,7.8964699998567,459.348353568037,3.28427781604561,1
2026-04-28 23:30:00,0.176235096249267,2.9151753333071,10.3733375559662,3.72204688891621,468.26468524613,2.98934731911409,1
2026-04-28 23:45:00,0.1756964740287,2.53840688889266,10.1221686670943,4.53688355557241,479.268808729413,2.99126277633837,1
2026-04-29 00:00:00,0.1777605777366,2.42118711113167,9.70713155592758,4.17001800000374,481.360668233736,3.08851490276729,1
2026-04-29 00:15:00,0.175333422185733,1.95896777778943,10.0555466671326,5.37241044445653,477.045113804233,2.91563896912039,1
2026-04-29 00:30:00,0.1757986666289,2.1549617777698,10.0925513338415,4.44282133335304,478.175142889623,2.96138030269869,1
2026-04-29 00:45:00,0.175142011080434,1.9780711111272,10.1110868892791,5.11215022222027,470.48022614336,2.80357157956948,1
2026-04-29 01:00:00,0.175524422188434,2.17580111109003,10.095359333858,4.99750755557597,476.663294355047,2.76275604448997,1
2026-04-29 01:15:00,0.1791978962645,2.22639088884243,10.1242046672,4.10839800001947,484.075592235643,2.52920041238236,1
2026-04-29 01:30:00,0.180179085155134,2.61390666657934,10.1270622227454,4.30643866668871,498.23254188949,2.50883671015769,1
2026-04-29 01:45:00,0.179384699968367,5.21006688886486,10.3009631116023,3.87317044447614,480.470117533603,2.40660999556602,1
2026-04-29 02:00:00,0.178412388859,2.27447711107653,10.1946042227292,4.173603111135,481.13847071658,2.47735474485266,1
2026-04-29 02:15:00,0.180632040708433,3.3484622221497,10.1800313338472,4.10370688891674,483.018407801683,2.47840164704033,1
2026-04-29 02:30:00,0.180292529602167,3.16025866658974,10.2056548893968,3.99672777780787,484.08165541885,2.30276182061056,1
2026-04-29 02:45:00,0.179774122195,2.41665066664377,10.2304773338445,3.97445977778681,483.145178696437,2.46308609529147,1
2026-04-29 03:00:00,0.181079551823133,4.11554711109507,10.1373257782722,3.88505333335171,486.264826611563,2.37306458507588,1
2026-04-29 03:15:00,0.181327418488434,4.12676288886893,10.1739015560546,3.85797222223714,491.542712689727,2.34585136463723,1
2026-04-29 03:30:00,0.1861607962667,5.17887755552066,10.2164537782815,3.86016355558014,490.33198670667,2.27808840147042,1
2026-04-29 03:45:00,0.185501951822167,4.04064244441507,10.1209604449305,3.91235355558294,497.195426832797,2.24047766629971,1
2026-04-29 04:00:00,0.185983218486934,5.15350066663363,10.1924406671468,3.81415177780081,497.400422170907,2.19794282210786,1
2026-04-29 04:15:00,0.188587707374134,5.96307066656017,10.1719266671209,3.63539622224874,490.507048367047,2.16265821069285,1
2026-04-29 04:30:00,0.186131351815667,5.06799133332303,10.1902133337712,3.75404311112077,492.75008435678,2.24364834738161,1
2026-04-29 04:45:00,0.1880034629241,4.83432022217243,10.0997131115654,3.98870266670131,530.94510202449,2.23307398884418,1
2026-04-29 05:00:00,0.1882311221845,5.11719222218723,10.1733364449208,3.80441155558037,503.61392484997,2.17863295333781,1
2026-04-29 05:15:00,0.1893762110739,5.13494066662903,10.2358777782685,3.83430244447474,485.421107254944,2.25164522247841,1
2026-04-29 05:30:00,0.1884239888495,5.15315688885687,10.1266555559963,3.76200688890744,495.15711204769,2.23053815077212,1
2026-04-29 05:45:00,0.188787011071367,4.0611568888491,10.0741837782594,3.92828555558821,497.16646148352,2.15101445354428,1
2026-04-29 06:00:00,0.189147699962567,2.80215533327614,10.1043842227413,3.97539066669601,497.85041038203,2.18619113206585,1
2026-04-29 06:15:00,0.188894899962567,2.86170999998324,10.0852177782832,3.93126800001241,496.62077102662,2.20802579859438,1
2026-04-29 06:30:00,0.188969299962967,2.87606933329427,10.1494828894137,3.91174533335137,495.80031010398,2.20254818921567,1
2026-04-29 06:45:00,0.200318792567167,22.3766771115507,11.3765288893858,3.31680555553541,526.077756186027,2.57431395571733,1
2026-04-29 07:00:00,0.185647262930933,5.78290733324643,10.2746646671202,3.66646200001187,482.771484870297,2.13361783992829,1
2026-04-29 07:15:00,0.180875796265867,5.25643311109006,10.2067913337926,3.75848888889357,483.576155607933,2.11275957349188,1
2026-04-29 07:30:00,0.1795919962636,2.32566977775333,10.091181111602,3.90837555556091,492.84669985342,2.15155240520802,1
2026-04-29 07:45:00,0.179810685141267,2.5395048889054,9.72114800037588,4.03092844444577,524.93045982874,2.26315241662729,1
2026-04-29 08:00:00,0.174333459232067,3.47151799992833,11.0206851113835,2.76976157484549,511.692456250724,2.74762353908578,1
2026-04-29 08:15:00,0.173019003684733,6.23702555545847,13.0565600002152,3.78688466671257,497.988055282143,3.34508957261637,1
2026-04-29 08:30:00,0.160797214803167,3.89253599992473,11.2278153334662,7.7373155554273,450.840132238964,3.27183322734441,1
2026-04-29 08:45:00,0.140389296310733,6.08250444433303,9.47067711122104,10.4270368891249,447.629222741566,3.40345231321371,1
2026-04-29 09:00:00,0.138982096315367,6.16457844431507,9.17845311129314,13.5650342226245,446.32244437919,3.45186972871009,1
2026-04-29 09:15:00,0.136126822257433,5.81466311110233,9.39246555563343,15.5798837777253,446.734481355056,3.64865270806847,1
2026-04-29 09:30:00,0.1267682074194,5.53610533333349,9.009487555618,19.3683575554375,445.75885903339,3.56096997230445,1
2026-04-29 09:45:00,0.130827177791267,5.92598511111983,8.96088311112297,17.9067935556256,446.49725619004,3.49978102193382,1
2026-04-29 10:00:00,0.126742407403433,5.66623911109799,7.93076488895243,19.9267991110093,446.874563817953,3.68247244342376,2
2026-04-29 10:15:00,0.124745177782267,5.52009022223776,6.26191822225996,22.8553951110317,441.488057323783,3.69790352570219,2
2026-04-29 10:30:00,0.125934555531033,5.74094733318923,6.0807833333717,26.9183417774763,439.365806937966,3.77969520197849,2
2026-04-29 10:45:00,0.1275675110696,5.67641822200916,6.19084977788623,27.6272224443964,440.64453965455,3.81986579695718,2
2026-04-29 11:00:00,0.1257541999867,7.49576022229323,6.30989447876514,22.6256480002187,443.533127814907,3.95098045637211,2
2026-04-29 11:15:00,0.1270507635298,6.91877466652377,7.9799100513,21.0490360002658,445.14492384219,3.93967474727062,2
2026-04-29 11:30:00,0.153070466705434,6.93009777767543,8.09409222225207,24.6131102220993,444.727548340544,3.94764409697609,2
2026-04-29 11:45:00,0.128431119060533,7.98897622232247,5.7112200683977,25.5672638118664,441.35775723585,3.92700647478164,2
2026-04-29 12:00:00,0.1300035458122,6.82650799995009,4.8784978461835,29.79491136725,439.403859411767,4.01919741972668,2
2026-04-29 12:15:00,0.130988949196233,6.77840644439576,4.39316825645547,31.35809128237,436.931172729137,3.99971698196682,2
2026-04-29 12:30:00,0.134109419859567,6.72054399989249,3.40634152141474,35.1956998290974,435.595084859791,3.90801542646364,2
2026-04-29 12:45:00,0.1308923714172,7.63165733360337,3.84141981198697,34.5803053845954,435.109376960387,3.87462978759734,2
2026-04-29 13:00:00,0.1335564073345,7.4545297780362,3.01670964107677,36.332192666359,434.265382730774,3.80659804803374,2
2026-04-29 13:15:00,0.132227866589633,6.62667577782886,2.75062297442003,37.796765889016,434.010798119617,3.74818961802951,2
2026-04-29 13:30:00,0.132510770305467,7.18460355577967,2.79107052997993,39.317083111344,434.487040721334,3.62458241065991,2
2026-04-29 13:45:00,0.1338674073458,7.06964777801107,2.77018852997147,39.9786551112997,434.800524717517,3.55101948328994,2
2026-04-29 14:00:00,0.132028155489467,7.1091228891208,2.74704652997153,40.9475968888734,434.57876548401,4.46893509177362,2
2026-04-29 14:15:00,0.129488903595267,6.86624844490613,2.275894700888,41.8320582219033,433.434505559457,3.54588336476134,2
2026-04-29 14:30:00,0.1339010700354,7.01050000057757,2.43935314533813,41.9094584441324,433.20872724331,3.66437878766664,2
2026-04-29 14:45:00,0.127063740521567,1.05463174354967,1.95359111115807,40.5243673336843,430.74148790473,3.56376705389543,2
2026-04-29 15:00:00,0.127574647778733,1.37531410253963,1.79089227353517,41.5339482219907,432.272806918447,3.60403377281359,2
2026-04-29 15:15:00,0.1339420768411,1.6021299999224,2.4250064102647,42.175045999667,432.410503916447,3.57713470428778,2
2026-04-29 15:30:00,0.123727796519733,1.18989907688543,2.36926569232177,42.4690702217597,431.77597002577,3.56788851204145,2
2026-04-29 15:45:00,0.127643804498333,0.8909547691674,2.28318625642007,43.4066431110444,431.029173216387,3.39057765248525,3
2026-04-29 16:00:00,0.127869200578167,0.907070769146666,2.35150548718377,42.7822477773147,430.552317015853,3.47052729915909,3
2026-04-29 16:15:00,0.128531100914333,1.12524190592047,2.69165567519507,43.7810868886904,430.464173929407,3.49473030521057,3
2026-04-29 16:30:00,0.136752000030733,1.32732155550194,3.18991223927563,43.7688688888297,430.668461330137,4.30217575973913,3
2026-04-29 16:45:00,0.128656992606033,1.18121255547263,3.07470823923337,44.6823814366656,430.42371665308,3.66651382086978,3
2026-04-29 17:00:00,0.1302272222246,1.13396711108913,3.0177004614922,44.8775698000531,430.301079076627,3.66468721765415,3
2026-04-29 17:15:00,0.1370839481809,1.39876644440427,3.30125466664253,43.312475555729,430.550274820924,3.69363240085894,3
2026-04-29 17:30:00,0.140321648165767,1.3001579999879,3.5989719999997,40.0092006664096,430.520121614457,3.69015425975117,3
2026-04-29 17:45:00,0.140328107440633,1.3101699999942,3.3729836068274,37.170120222718,430.129624358484,3.61714064034917,3
2026-04-29 18:00:00,0.1396443185166,1.61848266661564,3.5352813333361,39.859763333468,430.570600919597,3.67939267031471,3
2026-04-29 18:15:00,0.142385525917833,1.65108599996467,3.71893355553047,38.2043755556373,430.46813377369,3.71394138926975,3
2026-04-29 18:30:00,0.157947081465267,1.4684037777559,3.06016859828913,38.375229555575,430.718371150617,3.59125558629314,3
2026-04-29 18:45:00,0.165037022204967,1.4402535555391,4.21105457139437,37.754896888875,430.577539331337,3.63300770827735,3
2026-04-29 19:00:00,0.166808925930767,1.66663799999883,5.52617953964723,35.0364331105663,431.99164494028,3.61967591794817,3
2026-04-29 19:15:00,0.1696752666569,2.08011844442797,6.27641825385936,35.3353495553154,432.641157751013,3.67131078759303,3
2026-04-29 19:30:00,0.185633318547933,2.68739111108614,9.68119242835119,31.016735110568,433.6618047168,3.64850807297074,3
2026-04-29 19:45:00,0.172975740773967,2.7993328888675,11.2568593332059,28.9793408890397,434.82144660838,3.64827026357249,3
2026-04-29 20:00:00,0.187017977832867,2.80188422219254,12.5926848892511,21.3299260009906,444.637222645434,3.87470017991431,3
2026-04-29 20:15:00,0.216932322286467,3.64451422229567,13.0753455558139,13.8652824442302,472.120329374803,3.40237003708,2
2026-04-29 20:30:00,0.218404548193967,3.5897282223348,13.0741580001301,11.6786331112164,498.703973945323,3.18389066109001,2
2026-04-29 20:45:00,0.204271418534367,3.21142711116413,13.2969728889242,12.139050000256,469.90962403652,3.18672067673195,2
2026-04-29 21:00:00,0.1780545370256,1.74113400003347,12.4082042228979,9.5840031111809,466.481148298263,3.08388633237984,2
2026-04-29 21:15:00,0.1989286110599,2.29275488886827,13.3605791112405,9.92222044471132,465.96696946324,3.09411690156026,2
2026-04-29 21:30:00,0.161916755569233,1.59863888888297,11.7233879999155,11.2986171115773,458.72481001544,3.09210517203993,2
2026-04-29 21:45:00,0.161199999999267,1.60040844444107,11.769759999905,10.1892706670827,453.694119066007,3.51902098832673,2
2026-04-29 22:00:00,0.1645343999853,1.73450622220407,12.4312428889261,7.65191266662044,455.450523035264,3.0127324408325,2
2026-04-29 22:15:00,0.162202770362733,2.33206666668866,11.1003044443996,7.2374726666397,455.336543964584,3.01434484255126,2
2026-04-29 22:30:00,0.164284592577367,2.39654400002293,10.5630282221327,6.54692022221713,459.629461324557,2.91422788977282,2
2026-04-29 22:45:00,0.165625255531433,1.94201088887817,11.0774873333411,5.69237444444156,458.991487035957,2.96068750774147,2
2026-04-29 23:00:00,0.1697590481249,2.21457399999706,10.0140615556829,3.76237777782234,465.809364053214,2.93248076372153,2
2026-04-29 23:15:00,0.167902899974867,1.9346386666441,8.95752133346206,4.2780348888815,463.45166896064,2.92384076047802,2
2026-04-29 23:30:00,0.172440925911967,1.87855222218773,9.10674622234969,3.818515111103,486.465822405557,2.81736929587259,1
2026-04-29 23:45:00,0.174192059224233,2.26704688891233,10.1055642223842,4.35440844441787,464.8323474532,2.82740038281452,1
2026-04-30 00:00:00,0.1666608444293,2.26731688892446,11.0814411110943,5.92557733333393,455.07491056253,2.92529082923098,1
2026-04-30 00:15:00,0.1651279370167,2.02418111113327,9.48807222227646,4.7644851111087,456.05683954015,2.96477666330889,1
2026-04-30 00:30:00,0.1722973407081,2.27700622224587,9.4392668890751,3.4492193333207,469.429242718037,2.82944063828724,1
2026-04-30 00:45:00,0.1775782295795,2.5026291111304,9.35216844471897,3.33422311108994,470.652877546303,2.83140635786183,1
2026-04-30 01:00:00,0.180141629587734,2.75718666666703,10.3698077781199,3.2577622222098,474.886837689347,2.90577343036146,1
2026-04-30 01:15:00,0.1798725925516,2.93600999997773,10.4486726670826,3.6291737777892,474.202448810833,2.8654551917997,1
2026-04-30 01:30:00,0.1775249555146,2.68093066666167,10.5809571114259,3.2165066666559,470.961747891643,2.88494963332013,1
2026-04-30 01:45:00,0.176700659215533,2.83912177770696,10.5571560004607,3.78458866670397,469.78295443735,2.81668719845766,1
2026-04-30 02:00:00,0.178009703658867,2.8285777777513,10.2322788893853,4.24885644445007,480.132007482303,2.82041238966595,1
2026-04-30 02:15:00,0.178541540697233,2.33143355558743,9.5055702226214,4.59673355555417,481.254793030433,2.75771903520338,1
2026-04-30 02:30:00,0.1775811851439,2.73812799995023,10.2945373338449,4.28058444446514,481.45375470149,2.90555204821028,1
2026-04-30 02:45:00,0.1795280295849,4.93001911106196,10.3807764449822,4.04489200002928,484.78660549286,2.81724852776666,1
2026-04-30 03:00:00,0.179744266624134,2.70677888889176,10.1114268893006,3.97458888890181,485.205255308643,2.84122468451534,1
2026-04-30 03:15:00,0.178190199956767,2.84767111109216,10.1883342226893,3.92069377779934,483.162201701903,2.86251702810782,1
2026-04-30 03:30:00,0.178900733293567,2.64496777770817,10.2389506672061,4.00361577780697,484.92086118388,2.7762675542007,1
2026-04-30 03:45:00,0.1797202221817,2.51212333333316,10.0499042226643,4.13136377778361,484.728473426363,2.76568257784585,1
2026-04-30 04:00:00,0.1809055406989,5.18450266663853,10.2197153338234,3.81067022225294,533.496178581386,2.73163588920801,1
2026-04-30 04:15:00,0.180763607368434,5.4512046666208,10.2218442227069,3.80828600003211,500.197884790503,2.72104855726124,1
2026-04-30 04:30:00,0.180155185146867,5.20008822219499,10.2109408893872,3.87962777781184,487.17256979241,2.69552914468206,1
2026-04-30 04:45:00,0.1791483851501,2.38452555554717,9.98181911158941,4.06959200000251,497.953242612563,2.67092250816069,1
2026-04-30 05:00:00,0.1804718295986,5.24657533330539,10.1733322227282,3.88881844446774,499.058551457087,2.68119600595968,1
2026-04-30 05:15:00,0.179880377747,3.25606244437787,10.3072044449525,3.81889977780131,496.592021042237,2.69073271047474,1
2026-04-30 05:30:00,0.178642555524567,2.4330431110415,10.3191633338973,4.0014662222509,484.832211905353,2.80485151239171,1
2026-04-30 05:45:00,0.174530911075,2.61858977774087,10.2468697782745,5.57173844445313,470.572964576433,3.02956106692057,1
2026-04-30 06:00:00,0.174725585144967,2.69904333329253,10.226230222764,5.26663333336143,474.088676227187,2.92324900572397,1
2026-04-30 06:15:00,0.182173666619867,6.42331066645727,10.2944242226453,3.65403266670341,494.619119860283,2.85875895168567,1
2026-04-30 06:30:00,0.182333333284567,6.58938555542051,10.289610444859,3.70925600005117,488.67844598699,2.82977835025778,1
2026-04-30 06:45:00,0.177533618470933,5.28795977775136,10.3153973338307,3.70599266669314,481.235297409873,2.6918679005772,1
2026-04-30 07:00:00,0.221599085220566,5.5153135555535,11.7975500001813,3.30787955556277,483.748449283563,2.83970842877629,1
2026-04-30 07:15:00,0.180352103657367,5.44554311108289,10.6530500005804,3.67764977779691,480.16927520836,2.67662665506062,1
2026-04-30 07:30:00,0.167592651810733,5.7605522221969,9.52811888922557,3.84092155558854,473.238848619393,2.70692124597943,1
2026-04-30 07:45:00,0.1617632592193,4.14027088885773,9.1193717779595,4.5873675555691,462.876382436914,2.92074698740341,1
2026-04-30 08:00:00,0.163327437006133,5.87667844442106,9.59656088894254,3.60478733331,459.111877793044,3.23970118963479,1
2026-04-30 08:15:00,0.172634503709134,4.6354408888333,10.2003286668275,5.0113008888454,454.503836770317,3.57363296773114,1
2026-04-30 08:30:00,0.1550591925965,5.4910035555442,9.33530533347204,6.61139488870643,451.24442614905,3.56849141252803,1
2026-04-30 08:45:00,0.1425061889127,6.25413333329504,9.32795466686677,7.56004999988407,450.955738174507,3.69010992142558,1
2026-04-30 09:00:00,0.136875703737233,6.345020666644,9.03048466689476,10.5727231110675,450.641993361857,3.7604006074872,1
2026-04-30 09:15:00,0.1361655778124,5.72716199999093,8.97685555577813,11.2255957778909,449.801215055623,3.67207057391276,1
2026-04-30 09:30:00,0.133062251888533,5.9460271111264,8.45271866687229,14.8689146673095,446.15458766612,3.84757999904584,1
2026-04-30 09:45:00,0.1347974889339,6.453049777677,8.61013955575593,15.6246006672605,447.865188627074,3.79176212840643,1
2026-04-30 10:00:00,0.132430022255533,6.78809399988716,8.45002244459973,16.7284473337213,445.47481911145,3.83603979695195,1
2026-04-30 10:15:00,0.1325643481614,6.9915422220918,8.37071844453509,17.7443608890669,446.79372800839,3.99495531570353,1
2026-04-30 10:30:00,0.128031725922833,6.73719755548467,7.89407777783736,19.4045875556071,444.962209265017,4.07226237200999,2
2026-04-30 10:45:00,0.141994137060333,8.2407122225597,8.79652777787573,17.4820826672041,444.454984071424,4.12702417995882,2
2026-04-30 11:00:00,0.1311081863192,7.60888711129043,7.9938871112022,19.2822991112176,443.996972858854,4.08066129030683,2
2026-04-30 11:15:00,0.1323762769285,8.1369722224477,7.73609955560303,18.7537157781679,443.722540825587,4.26231456816791,2
2026-04-30 11:30:00,0.1296268672321,6.98500088879829,7.67772199993497,19.5656344448221,444.285934298733,4.16963006555494,2
2026-04-30 11:45:00,0.1293176968579,6.91502799989773,6.7007227349718,23.2518562223267,445.091476606773,4.33816574502209,2
2026-04-30 12:00:00,0.1268038524075,7.93210955569134,4.72633162395644,24.4465524445693,439.034703551513,4.28911262318099,2
2026-04-30 12:15:00,0.127460119068933,8.82491044486004,4.7592378461653,24.906466444547,440.169505509834,4.23173151844923,2
2026-04-30 12:30:00,0.130915348651033,8.5790546670589,4.17205251285923,27.5667262562303,440.7266976407,4.08411010786005,2
2026-04-30 12:45:00,0.131353560611967,8.61531711143344,4.16559206840584,29.7132633673114,440.166476887267,4.14434103844757,2
2026-04-30 13:00:00,0.136214893962867,6.74340866664723,3.70968994877244,35.38219013673,436.227193174097,4.02601647207989,2
2026-04-30 13:15:00,0.133897533267467,8.5574486670112,3.18435215390954,36.2982267517367,435.271876697757,4.20550471852588,2
2026-04-30 13:30:00,0.133050711023033,7.3744755558402,3.09105940176454,36.4013998287434,434.128796447887,4.16933415069188,2
2026-04-30 13:45:00,0.133298051775233,7.30053866729007,2.65507217101247,36.984125111219,433.342672845124,3.90563416421458,2
2026-04-30 14:00:00,0.133536325842633,7.29069044508527,2.49544617099637,38.3320156671804,433.039649290227,4.30598266724764,2
2026-04-30 14:15:00,0.130235666572467,1.683291111022,1.97298817096687,38.6594343896194,432.717531004451,4.62160104910362,2
2026-04-30 14:30:00,0.126004500220334,1.1158292649131,1.73571871797497,40.0827184441197,432.443467642557,4.62610031865415,2
2026-04-30 14:45:00,0.128505527124067,1.2847327777334,2.60941928208016,38.8311037782997,431.13955320199,4.66679817879339,2
2026-04-30 15:00:00,0.1239926250812,0.972424871760601,2.29432295728873,38.7866917780613,432.009142529363,4.32298672477926,2
2026-04-30 15:15:00,0.127419459285633,1.05503531621203,2.68855476924807,38.2053058890064,431.053356186021,4.06279049029949,2
2026-04-30 15:30:00,0.1261564187302,0.862000358938434,2.31729270086513,39.0038362232854,430.884638359074,4.05019445898603,2
2026-04-30 15:45:00,0.128924079569033,1.22760806831547,2.80546625640753,38.6395970563197,430.513175922997,4.04614778059589,2
2026-04-30 16:00:00,0.132276429658067,2.0452239999208,3.70105111108346,41.947252443956,431.905721773014,4.12062932070808,2
2026-04-30 16:15:00,0.1290525629987,1.30701466658887,3.13154844436653,43.9260417774703,430.806137591854,4.0476467714372,2
2026-04-30 16:30:00,0.1301478889505,1.12480833328347,3.0330891281475,42.9265133330077,430.61222004388,3.96746701047516,2
2026-04-30 16:45:00,0.1523465407458,1.7514448888507,3.90932757261003,38.988591777822,431.187591861013,4.11794661893448,3
