date,CO,NO,NO2,O3,CO2,PM2_5,AQHI
2026-04-01 00:00:00,0.230252951889767,3.44467022215504,17.9732584442455,12.356635110884,444.453972812454,3.10763269532619,2
2026-04-01 00:15:00,0.168586725946067,3.11408666661684,15.4728802219819,13.5601686665406,442.49546611,3.14391920686039,2
2026-04-01 00:30:00,0.166303159249433,3.13788044439407,16.0634591107274,12.1104157775134,443.152897858207,3.02861693086702,2
2026-04-01 00:45:00,0.1607436962893,2.92313822217184,15.7045486662083,13.1785784440967,445.608819605293,3.10470900667499,2
2026-04-01 01:00:00,0.180191281488467,3.5600137777239,18.0300019995757,12.3706202219594,447.008837812597,3.34401177964211,2
2026-04-01 01:15:00,0.174552207432033,3.31939933327217,14.6595175556164,14.0363715553202,442.539529244243,3.59390363674158,2
2026-04-01 01:30:00,0.162454400002433,2.70815333332953,11.2283591112078,19.3259086666573,440.4855290506,3.56242037171762,2
2026-04-01 01:45:00,0.153921559274334,2.5622773333365,13.3748311112012,18.1533155555433,440.650064407693,3.91595843297223,2
2026-04-01 02:00:00,0.153370790759167,2.34114577779997,12.8365362223216,18.774573555693,440.729996181816,3.92511744562537,2
2026-04-01 02:15:00,0.158922125918167,2.45555111111637,14.74808488884,17.202393333437,440.63384866768,4.00680759691183,2
2026-04-01 02:30:00,0.164701074065034,2.7914393333411,17.0312231108759,15.9164642227028,440.523266970893,4.0385533252072,2
2026-04-01 02:45:00,0.1649615111026,1.96164399991783,15.9472877776694,13.7094397779303,440.450449256377,3.93751957053135,2
2026-04-01 03:00:00,0.156653264801466,1.85370533330107,18.2758395554862,11.8020713331527,440.007285110307,3.95636133834644,2
2026-04-01 03:15:00,0.162291422196233,1.9544184444106,19.4955759996583,8.37805111090634,441.20317813323,3.98181326583994,2
2026-04-01 03:30:00,0.177879311169633,1.6977891110721,20.1969442217229,7.0324999999428,442.750149585517,4.25254579788328,2
2026-04-01 03:45:00,0.1814332518937,1.83427711109827,19.7173866663513,7.3534019998777,443.150438796834,4.64828573122759,2
2026-04-01 04:00:00,0.168020025901334,1.01199177776993,15.2601993328423,10.8747042219163,442.41355619993,4.73217454294646,2
2026-04-01 04:15:00,0.155540894428267,1.12212444441057,13.7139755551115,11.9288884439001,442.079223847913,4.57252927340633,2
2026-04-01 04:30:00,0.157954262926733,1.34430933331423,14.4766199992552,11.1919939996084,442.332641007983,4.45791698073047,2
2026-04-01 04:45:00,0.165645685160134,1.50121622221927,16.4454793328477,10.2644828886603,442.160044897797,4.93762878356995,2
2026-04-01 05:00:00,0.1844654667174,1.9604306666589,18.2216397772777,8.333328444342,444.027507233953,5.04324841937466,2
2026-04-01 05:15:00,0.192202066702867,2.856267111093,18.9642484439663,6.9452717777204,445.045761427767,5.51131619032094,2
2026-04-01 05:30:00,0.1859660222727,2.15449866664447,18.72952333287,7.09945466657403,445.443698067,6.18001376918652,2
2026-04-01 05:45:00,0.189472133378967,2.73408533331726,18.0679846660095,7.08030377772147,445.234429806127,5.98809313252981,2
2026-04-01 06:00:00,0.2260112592875,2.6149684443956,20.1061502220455,6.19820200001117,445.839192586927,6.18877243212132,2
2026-04-01 06:15:00,0.1923393555725,2.94321911107063,17.94242155516,8.50804377767864,444.113132328037,5.87709141842633,2
2026-04-01 06:30:00,0.185943814838667,3.85863444441423,17.6280271109879,11.2282204443612,442.079433061567,5.27870537179878,2
2026-04-01 06:45:00,0.185094829647167,2.84921422214233,16.7501679996642,13.076427111562,441.55329498431,5.15703194168006,2
2026-04-01 07:00:00,0.1900799963001,4.23964355553973,19.0906595551425,10.6956797776868,442.272931451763,5.4416969198088,2
2026-04-01 07:15:00,0.1960132777958,5.2673188888382,20.2196591105513,7.87771088885273,445.683246304847,5.73035271291694,2
2026-04-01 07:30:00,0.220654848167733,8.7979151112929,23.802795555404,5.0438999999751,449.41561288487,6.03807338439772,2
2026-04-01 07:45:00,0.202158055572233,5.1681775555341,21.323671110744,10.6198946665141,444.254686688354,6.0157911529265,2
2026-04-01 08:00:00,0.1803556444749,4.6087075555616,18.3763831108099,17.1704500006927,441.52740087355,4.56168302925331,2
2026-04-01 08:15:00,0.172693540772,4.98681911102153,16.1839480001749,22.6253515558894,438.93666330694,3.65484236531294,2
2026-04-01 08:30:00,0.1822067259623,5.29764399989783,17.763490444891,21.1773553335427,439.629070524574,3.60125875907174,2
2026-04-01 08:45:00,0.171028822246567,5.6069435552862,16.1904555559608,23.3865004450553,437.031689350663,3.42785522996201,3
2026-04-01 09:00:00,0.189127585147133,5.28903866649657,18.2153048888006,22.0164631114797,439.042649499437,3.57383499572743,3
2026-04-01 09:15:00,0.194871855567833,5.5654291110899,19.3743022219971,18.0299206672421,440.40764502629,3.54698765135175,3
2026-04-01 09:30:00,0.171811200034467,5.15511711104533,16.4585677781667,20.43531066609,439.146409842574,2.96132791064414,3
2026-04-01 09:45:00,0.178615674088333,5.55724955549193,17.5319962226391,20.091723332614,439.85695746705,2.79414967175914,3
2026-04-01 10:00:00,0.1610301073596,5.1418466665682,15.4979797782397,21.8600922223793,438.11211139225,2.65039982092073,3
2026-04-01 10:15:00,0.171450792647167,5.11193577757087,12.8793200000586,23.1685093339604,437.9338126468,2.7051191355223,3
2026-04-01 10:30:00,0.1729494740871,4.60692799991273,13.1193797776009,22.9855504447593,439.21749729825,2.64904001949043,3
2026-04-01 10:45:00,0.189446333299233,4.96013222207967,10.9018928886256,25.7578466668113,438.238610119113,2.67397616142362,3
2026-04-01 11:00:00,0.174397762987966,5.65629933324677,13.6648193335977,22.2648084451337,439.032672542977,2.75421670472092,3
2026-04-01 11:15:00,0.162674681438667,4.77285555539984,9.71364999996637,26.2945046674743,436.398209564137,2.72830168419701,3
2026-04-01 11:30:00,0.168936800030633,5.07091377752853,10.3047284441468,25.7811853340317,436.310213235203,2.88931426791205,3
2026-04-01 11:45:00,0.145297488874667,4.5146759998203,8.70128422217127,27.1796286670933,435.817948111586,2.71316604566768,2
2026-04-01 12:00:00,0.158194044381,4.75038622202371,9.43525177768307,27.776286222301,435.75496175568,2.67118201196106,2
2026-04-01 12:15:00,0.1584158517866,4.94094644422734,10.3040635552682,24.8021824454197,436.72200802884,2.71646036363313,2
2026-04-01 12:30:00,0.170565940782867,4.8849564443237,11.29743599953,23.4106415563017,438.346954153187,2.72088080536393,2
2026-04-01 12:45:00,0.156394496237733,3.72684444437303,9.18999355533939,24.8918793342747,435.940774996153,2.67179710283338,2
2026-04-01 13:00:00,0.137748814791633,4.2692588887679,8.0204424444682,27.6883308891823,434.623416857833,2.56282184941272,2
2026-04-01 13:15:00,0.1432584222046,2.13134422217547,7.14193400002556,28.3729740000357,434.104323042723,2.50382252291783,2
2026-04-01 13:30:00,0.141271318509167,3.3773031110442,7.36754755550376,26.8794435559097,434.8094425061,2.54013512383252,2
2026-04-01 13:45:00,0.1450604592365,3.61816066659197,8.90713866642249,25.6327722230553,435.147405295347,2.54244606092151,2
2026-04-01 14:00:00,0.1449001629297,3.50359933327374,7.6008471111031,28.0905635556803,434.454155013754,2.54860180844441,2
2026-04-01 14:15:00,0.151053918470433,3.8765215554906,8.19271577780827,27.2704113334343,434.929464817637,2.43866831368455,2
2026-04-01 14:30:00,0.144858548108267,3.90283822215253,8.03098955556254,26.500884000795,434.653525681093,2.25209751340607,2
2026-04-01 14:45:00,0.137927688831,4.58090888871734,8.349036444305,27.005209555965,434.085214887263,2.25965873982384,2
2026-04-01 15:00:00,0.134973387968633,3.75266999994647,6.65469600015973,29.4353168886383,433.374110047657,2.27072951601232,2
2026-04-01 15:15:00,0.136211980570867,3.87634622216614,5.8489660001983,30.6299377776357,432.623640903894,2.23106584758528,2
2026-04-01 15:30:00,0.135908192551833,3.46058888884857,5.52236888903864,30.709317999824,432.372578547217,2.2416259958032,2
2026-04-01 15:45:00,0.135157202792967,3.86091088882173,7.11314133347,29.0721777776717,433.473830917517,2.2323508632462,2
2026-04-01 16:00:00,0.134403829552867,1.65509933329603,5.17492888888134,28.5193322224487,433.70421224293,2.22500049311396,2
2026-04-01 16:15:00,0.136249487126133,1.65181977773323,5.2332993333869,27.759128889464,433.629369954137,2.23763089237536,2
2026-04-01 16:30:00,0.1376867110711,2.0387631110478,6.5767028889825,27.3744191114577,433.954736096013,2.22701246803468,2
2026-04-01 16:45:00,0.1396051036685,3.86196444438397,7.37779511128357,28.0219851113493,434.731157876986,2.22492906540485,2
2026-04-01 17:00:00,0.149306207344367,4.2635668887621,8.6000871112135,27.327210000093,434.865087955294,2.24660505505264,2
2026-04-01 17:15:00,0.1453914962644,4.1502871110059,8.6904013333537,25.0438786675453,435.982187495836,2.24048134752452,2
2026-04-01 17:30:00,0.170190844477266,4.70271911103013,10.6262631108918,22.528496667384,438.41040340663,2.2828705668465,2
2026-04-01 17:45:00,0.169052388916167,4.90439133327,10.7198159996137,21.545413999906,438.28687920171,2.23679073928179,2
2026-04-01 18:00:00,0.160115392505067,4.43999511105714,10.0735931109733,21.845503777838,438.383099544377,2.21283768019384,2
2026-04-01 18:15:00,0.160971088801567,4.09454133332036,9.56398866649893,20.874196221473,438.128242565817,2.20086087550317,2
2026-04-01 18:30:00,0.1558948369476,2.26462333330777,8.6341884444482,22.8178813338733,436.769148674603,2.19686021221464,2
2026-04-01 18:45:00,0.145737362923533,3.5022984444077,8.74332355547277,22.9208346671687,437.10046893274,2.21554511367895,2
2026-04-01 19:00:00,0.1298579036462,3.64961977773887,7.04059511122537,25.5894777781703,436.774345439183,2.19691737658498,2
2026-04-01 19:15:00,0.124883051833633,3.98351733325844,7.05964288903457,24.9063553332347,436.046323999463,2.18379860289622,2
2026-04-01 19:30:00,0.124935281496467,3.5092688888356,6.52569977796394,25.0795324444497,435.11371892433,2.18532568074847,2
2026-04-01 19:45:00,0.123430688891833,3.3391995554959,6.58216222230623,24.0697544443757,435.745931717727,2.17680269735224,2
2026-04-01 20:00:00,0.137524629660267,3.67796422216677,5.99675977799601,26.4448715560993,434.5302742641,2.20361081499545,2
2026-04-01 20:15:00,0.125056703743866,3.30041799995437,5.50529333344064,27.4929208894396,434.762343231153,2.1518029277247,2
2026-04-01 20:30:00,0.126086170394933,3.6171422221723,6.36968466682944,26.3095304449186,434.685233086507,2.15923441729429,2
2026-04-01 20:45:00,0.142864022187233,3.9326166666207,9.46395555537312,22.152759555214,439.49504832722,2.35406025662195,2
2026-04-01 21:00:00,0.157660323058667,3.04578355556047,9.25307733316207,20.7834331104413,438.066009489047,2.40689463463768,2
2026-04-01 21:15:00,0.158816539711733,3.4830844444094,9.39368066665816,19.6135811109183,437.42740877487,2.16151106136958,2
2026-04-01 21:30:00,0.144543770339933,3.44177422218327,8.99583688889646,20.16895066634,437.2946304692,2.6206117462222,2
2026-04-01 21:45:00,0.140422918478967,4.16826599994634,9.81497844419657,19.792187999725,439.30877536219,2.22068531871617,2
2026-04-01 22:00:00,0.147210148118967,3.9835682221904,10.1743928885752,18.1847086664843,441.15839370811,2.17504151009361,2
2026-04-01 22:15:00,0.159757322209233,5.16848066665656,11.7395675551652,12.4339531109448,443.610837018854,2.17436888854201,2
2026-04-01 22:30:00,0.161623863896033,4.64839822220937,11.8600851107143,13.756960000177,443.348745537396,2.21559920546944,2
2026-04-01 22:45:00,0.1930396036997,4.38834177781553,14.250263555156,12.673454000484,444.30377217899,2.32586786714386,2
2026-04-01 23:00:00,0.186768859264333,4.79593844439827,15.0258704442932,7.95882955554953,447.244727689017,2.56839672928879,2
2026-04-01 23:15:00,0.189443929649834,5.020810888844,14.8486957775006,7.25926133314044,450.13522304424,2.6734971738923,2
2026-04-01 23:30:00,0.160314262978233,4.25195177776906,11.0724391107508,10.8718864442687,445.38194061478,2.92671507104204,2
2026-04-01 23:45:00,0.169488292610133,4.77306466662586,15.07728511106,8.29479666649043,447.287068202407,3.23410639818479,2
2026-04-02 00:00:00,0.159539862983567,4.76653466664247,12.0755495550191,9.12083377758664,446.367846422167,3.96931965406338,2
2026-04-02 00:15:00,0.177418196326333,5.43159066663177,18.7825237772449,6.61403199992154,449.379206133927,5.03738904653842,2
2026-04-02 00:30:00,0.1727076666762,5.2976013332866,16.1053144441735,7.10591111093344,450.26914699032,6.3673592085017,2
2026-04-02 00:45:00,0.148821748148667,3.8090148888914,10.6705577775733,11.4095664443533,444.277458016946,5.13404707751661,2
2026-04-02 01:00:00,0.123682733381933,3.42234577777754,7.2525246667931,18.8792448887057,437.90244195858,2.30013408764844,2
2026-04-02 01:15:00,0.118250902779658,3.54900999999307,7.2177268890455,19.0645191109523,437.21815646867,3.28420155477158,2
2026-04-02 01:30:00,0.123926740773966,3.34965533332973,6.97066466676901,18.964050444134,437.926104861493,2.18388395918759,2
2026-04-02 01:45:00,0.1236119481999,3.19361622221673,7.14887755557724,18.9680079998294,438.094209155473,2.19245064256771,2
2026-04-02 02:00:00,0.135205385226233,4.09927222222226,9.763743555309,13.3516137779604,441.8042207761,2.21232351342867,2
2026-04-02 02:15:00,0.1305099037267,4.01167577779934,8.38801244422248,15.7486762217941,439.415048324636,2.18691090586052,2
2026-04-02 02:30:00,0.132002792619167,1.53418399992003,5.90039955562126,16.4488019994686,438.07967896161,2.2682573431679,2
2026-04-02 02:45:00,0.129768763000367,1.81600088881227,7.89034755544157,15.6448117773855,440.297428555913,2.57273895207725,2
2026-04-02 03:00:00,0.155032662938134,3.30255711113937,10.0592273329998,12.9724893332907,441.04109279813,2.85655945189015,2
2026-04-02 03:15:00,0.148376122268467,3.77051799999193,11.3341046663076,9.1757844442425,445.46535689767,3.27382560094956,2
2026-04-02 03:30:00,0.1261773333767,1.57842911104413,6.81674244445623,18.3772826661674,438.48576994146,2.78809326458655,2
2026-04-02 03:45:00,0.118788412808908,2.24014333332003,4.79637244450343,21.2918024444284,436.159007986503,2.17160698554512,2
2026-04-02 04:00:00,0.118661753248281,2.17884311108977,4.78505000004973,23.2867046660807,435.952080502263,2.1630624888542,2
2026-04-02 04:15:00,0.118705412182334,1.0469993332575,4.46067800002507,21.4421351111151,434.505231334934,2.16640856207394,2
2026-04-02 04:30:00,0.11817850571446,3.32617022222587,5.93608200019386,21.530498888638,434.594626773893,2.17990154343188,2
2026-04-02 04:45:00,0.118896450306018,2.68558488887773,5.09360088895764,21.2415275554417,435.80205172253,2.18994755450388,2
2026-04-02 05:00:00,0.118469670359943,3.07245422221433,7.13235088886274,19.8867335552597,437.897292638393,2.1919547520301,2
2026-04-02 05:15:00,0.128074733362233,2.85779577776823,6.88650888883234,17.5708035551277,438.211799855247,2.1774738573292,2
2026-04-02 05:30:00,0.119562217735381,2.91306000000406,6.99150355551264,18.9406522221764,439.100053696457,2.17616379040585,2
2026-04-02 05:45:00,0.123619888936,3.35090399997317,6.13767622231674,21.855503777617,438.266790426303,2.19256685991343,2
2026-04-02 06:00:00,0.119330841276605,2.05273044439873,4.82837044448826,22.9281497773288,437.530323001397,2.18738625625627,2
2026-04-02 06:15:00,0.118792968764397,2.67148044443876,5.28784133340077,21.6002646665321,436.38809446285,2.18205697474347,2
2026-04-02 06:30:00,0.118895999355604,2.6411091111081,5.50505622227107,20.8006397779224,437.239195855923,2.17456010303542,2
2026-04-02 06:45:00,0.134456503729133,4.0279213333658,8.51051199975894,14.6971973335347,440.858415026847,2.16227800036585,2
2026-04-02 07:00:00,0.244875522204167,4.77057933330487,14.3575677772309,9.42146955572478,448.78972804726,2.18303649026752,2
2026-04-02 07:15:00,0.127256222215733,2.2495077777711,6.83147955549443,19.850609555076,441.369213759409,2.18715050470347,2
2026-04-02 07:30:00,0.142960081499267,3.8041048888854,10.3956479998257,15.2015160002438,443.608614119623,2.19323372451086,2
2026-04-02 07:45:00,0.1519169814639,2.98185844445563,9.24723688868446,17.1139908886493,441.47259968548,2.20565482971604,2
2026-04-02 08:00:00,0.157591340748334,4.62726844444433,11.000841110844,14.2651482223714,444.291391900073,2.2501781580788,2
2026-04-02 08:15:00,0.154981859258467,3.9173308888647,9.5228999995905,17.2856815552932,441.787523472843,2.24597609725132,2
2026-04-02 08:30:00,0.1605942333514,4.98898622218006,12.4347695552615,9.06240199979093,447.903613972276,2.37718669537799,2
2026-04-02 08:45:00,0.1736720704047,7.79010866685024,13.7791877778417,9.35256577762954,448.64225710055,2.38970251867636,2
2026-04-02 09:00:00,0.167458777804967,5.3542639999804,12.0542573328596,17.1333071110987,443.402766805853,2.26802537785532,2
2026-04-02 09:15:00,0.182950214836134,4.41403399996754,12.0409288886043,18.3660784435053,443.409932501686,2.31419468443638,2
2026-04-02 09:30:00,0.700585313552477,5.18197444444934,12.6777617780216,17.1446635555103,446.346808979153,2.24064827817588,2
2026-04-02 09:45:00,0.1563496148079,4.26412177775627,9.76990488843301,18.425247554972,441.101436289263,2.23432499570051,2
2026-04-02 10:00:00,0.1594369666977,3.3075166666521,10.9896019995283,16.7783139999256,443.237338328749,2.23668979086706,2
2026-04-02 10:15:00,0.1545353184773,3.83707133330287,9.60086488882104,21.383905555615,442.835213652257,2.26155939291533,2
2026-04-02 10:30:00,0.139728511078467,4.8828453333022,8.13208066648394,24.2789037774727,439.196836418427,2.2852983067782,2
2026-04-02 10:45:00,0.146969385199234,5.42928822223603,10.5815877775985,20.025219555332,444.517279579159,2.27838381675474,2
2026-04-02 11:00:00,0.155306851873467,4.86737533330077,10.7216468886283,18.9146884444536,446.281883356809,2.2700394188549,2
2026-04-02 11:15:00,0.1382955518374,5.66773488890506,9.54081422220794,19.9057328887249,446.372590292136,2.28818719644861,2
2026-04-02 11:30:00,0.128505177777,3.22347333328333,5.47646088901077,25.569812222243,438.174779968864,2.34630329595133,2
2026-04-02 11:45:00,0.138843725874667,3.32958199992617,7.23332866693313,24.325006888908,437.595367482007,2.41993827932956,2
2026-04-02 12:00:00,0.147770074098434,5.87003511113706,7.88029200017933,23.9611760002943,437.8768928825,2.47027766970496,2
2026-04-02 12:15:00,0.1311390136395,5.56068088876827,4.66517116241517,28.7675291107917,436.138331182653,2.42802816809904,2
2026-04-02 12:30:00,0.125007799966866,2.45271755557103,4.20186911115813,28.4087348886893,436.034649796976,2.43767295812723,2
2026-04-02 12:45:00,0.129292852907467,2.71500288887303,3.19199822222897,30.5136504448863,435.344168444516,2.44274357809441,2
2026-04-02 13:00:00,0.125377807366833,3.3458113331973,3.34338688886213,30.4525157784127,435.253789723256,2.48186274508873,2
2026-04-02 13:15:00,0.1266909406654,2.37971288889207,2.7996572136248,33.2551573847453,438.228317027003,2.49010984124811,2
2026-04-02 13:30:00,0.1269706221334,3.20214999985917,2.6286624443807,35.0904817773474,433.856966936834,2.47843036053921,2
2026-04-02 13:45:00,0.1304744135651,3.75753266644757,3.57476181195124,31.84820666666,434.953586957387,2.54015774164445,2
2026-04-02 14:00:00,0.125633311025566,2.47064644441153,2.57393222216723,34.8688648885934,433.74824781988,2.52589967082891,2
2026-04-02 14:15:00,0.124986622116,3.27245711094327,2.34114377769913,36.9482052217243,433.918930311977,2.54361525285475,2
2026-04-02 14:30:00,0.126410948072766,3.60712399975503,2.72992444438693,34.1733216240117,433.761309600063,2.58696352622946,2
2026-04-02 14:45:00,0.1296749913484,4.27528044418461,3.66996652991313,31.0581757779971,435.615774598403,2.55985965194124,2
2026-04-02 15:00:00,0.1318175184857,3.03126533327747,3.85102733336533,35.059034512128,432.840433355823,2.58728896108667,2
2026-04-02 15:15:00,0.1310473024961,2.96434444438813,2.95935273502257,35.1040075421497,432.153930486414,2.59885269797219,2
2026-04-02 15:30:00,0.125041015307433,3.1261306665896,4.25385702573866,30.9647004447367,435.19690634138,2.60595738028146,2
2026-04-02 15:45:00,0.161493414835,6.30347466664706,11.271497999673,21.1001093332393,447.144929649364,2.62652529809799,2
2026-04-02 16:00:00,0.125297459204633,3.0609675554895,4.14916511116993,30.552982222573,434.89812002221,2.59287152170668,2
2026-04-02 16:15:00,0.1252072739935,1.3883404443964,3.0789256409851,32.0888448891137,433.99838800852,2.58843317956501,2
2026-04-02 16:30:00,0.129477604468133,2.0327731110519,3.22209678627433,31.2552206669611,434.673227758644,2.62294080852099,2
2026-04-02 16:45:00,0.138812248177867,3.46029822211757,7.64633666704177,26.9892828891844,436.9190398609,2.70904832025436,2
2026-04-02 17:00:00,0.1485649889498,2.3781704443904,7.42745533344954,25.5392553340436,440.26786275924,2.8654793879398,2
2026-04-02 17:15:00,0.142202840751867,1.834506222158,5.90453688899854,27.291894000332,436.35227551171,3.08051743787976,2
2026-04-02 17:30:00,0.136318059271833,1.7843793332647,5.6469986667681,27.8631166668183,437.03730107853,3.04513596321784,2
2026-04-02 17:45:00,0.1435112185422,1.73997000001297,6.90502333333588,25.569282000715,439.46897801872,2.85492906636043,2
2026-04-02 18:00:00,0.144834659279033,2.32910999995754,6.58539200014627,26.9722762230153,436.948724153287,2.81927912274259,2
2026-04-02 18:15:00,0.149347777857534,2.7903051110629,8.12756088887671,23.069532889037,442.339399233333,2.94401672402256,2
2026-04-02 18:30:00,0.147062644506733,3.40107977768334,7.65188377827237,27.1424615559433,436.95242031628,3.09512430371121,2
2026-04-02 18:45:00,0.144326877797867,1.97866044438353,6.65573644457543,27.1711988896013,439.36346242429,3.16553851406943,2
2026-04-02 19:00:00,0.141971918561367,1.9979344443873,7.58544511113201,25.8555364449236,442.048759514077,3.01989114386322,2
2026-04-02 19:15:00,0.1681881703661,3.1612839998776,11.6741751113816,21.235647333834,450.449875992547,3.18690129766764,2
2026-04-02 19:30:00,0.162102181503,2.99563466662287,11.306981555735,20.4594782225533,447.944228628597,3.16102728832837,2
2026-04-02 19:45:00,0.189948366642767,4.12109444438573,16.3035360001279,15.1777768889355,449.496254289813,3.61350292116976,2
2026-04-02 20:00:00,0.172143059250867,3.43296177771507,11.9257615555648,21.0912586669803,449.473981117127,3.13641545079693,2
2026-04-02 20:15:00,0.174490999955267,2.87100355558333,12.0491777779726,20.9275611115817,447.943106229383,3.03101390071039,2
2026-04-02 20:30:00,0.1663203703849,2.99033911109526,12.3923835558714,16.7773668891791,442.72123664933,3.1385150612954,2
2026-04-02 20:45:00,0.2001648444465,3.5151722221954,19.3963717777518,6.62602288886376,442.321589551564,3.46761511930131,2
2026-04-02 21:00:00,0.205144392599267,4.58784244442043,21.545410222125,4.68375288883147,444.709804446307,3.44763370148122,2
2026-04-02 21:15:00,0.207181144467033,4.4550608887942,20.7131668887167,4.34677222217513,443.617798270933,3.5914053087646,2
2026-04-02 21:30:00,0.213329903741767,5.304744222155,20.8409064439573,4.46630222213083,449.14806787331,3.64074365937487,2
2026-04-02 21:45:00,0.2066655815266,4.42676755544347,18.6098055554483,4.2993017777323,448.972822294214,3.45327780138321,2
2026-04-02 22:00:00,0.213748629684733,3.92233399994333,18.5154677774163,4.38801488886084,454.565418099883,3.38401440144572,2
2026-04-02 22:15:00,0.2584948889877,4.56932688885413,19.828089999839,4.49182844442424,463.13087738337,3.38645591239301,2
2026-04-02 22:30:00,0.249211855628266,4.9539282221766,19.4730079998713,4.39014444444507,469.576578620393,3.41863130937725,2
2026-04-02 22:45:00,0.15998539633,2.69390866665203,10.1645804443072,19.5368704442557,442.068727156586,3.4644236066266,2
2026-04-02 23:00:00,0.136080888907967,1.5241197777245,8.31766133315808,23.5168737779007,440.240216293454,3.30406470432591,2
2026-04-02 23:15:00,0.128262140725633,1.28908555552317,6.86934533325407,22.8882135556567,440.601414176027,3.21453056722393,2
2026-04-02 23:30:00,0.1340104296641,1.89206066663233,7.96046355537747,17.5966968889607,442.017419871903,3.75414393091967,2
2026-04-02 23:45:00,0.138451422260367,2.0614491110435,8.28970444412068,14.820964000647,441.949361996146,3.4549621764012,2
2026-04-03 00:00:00,0.159751359267,2.82725133331417,11.9291353333777,9.96594644404989,446.88032059946,3.44733467032969,2
2026-04-03 00:15:00,0.175136348183067,3.38374911108407,16.5946944441235,11.8881948888272,445.666078871657,3.54512331960262,2
2026-04-03 00:30:00,0.178844774115034,3.9565868888569,14.3867562224251,13.3123686669182,443.81453405962,3.4610388390395,2
2026-04-03 00:45:00,0.154255563015567,3.12330933331187,10.3542739998209,18.3050784444848,443.202508437356,3.55554117217252,2
2026-04-03 01:00:00,0.155424844495133,3.39191511108807,10.7474199996512,17.0374800001044,443.071504723396,3.68001503062155,2
2026-04-03 01:15:00,0.139519592631067,2.69744266663917,8.76119288875013,21.2932033334191,443.258539867996,3.62983434174083,2
2026-04-03 01:30:00,0.137811037062033,2.85176288889017,8.63009333317657,21.2339915555874,443.575291758753,3.55289253582665,2
2026-04-03 01:45:00,0.1977235222405,3.48504999995623,15.4784922219838,11.9741433331854,447.33256880605,3.91698364212647,2
2026-04-03 02:00:00,0.161746807422567,4.81889444437787,13.3225946669453,13.235507555668,447.636029073607,4.00523751674348,2
2026-04-03 02:15:00,0.145240555587267,2.95457777774767,14.7586046665206,14.1090371112897,444.228344189933,3.85745938244914,2
2026-04-03 02:30:00,0.155771900018233,3.45190599997103,16.1776113328308,13.2226286666707,446.110515927273,3.87539592328363,2
2026-04-03 02:45:00,0.1416895889224,2.6586408888636,10.9253942219524,17.6549933332109,445.506146749093,3.67552647334213,2
2026-04-03 03:00:00,0.140291163001333,3.5988959999654,12.6589980001359,17.0904842221935,444.609342692933,3.81545086211838,2
2026-04-03 03:15:00,0.154180859275,2.315235111048,13.8599762217413,14.323638666932,442.689368245543,4.75670208805571,2
2026-04-03 03:30:00,0.167689851855833,3.4187024444302,17.0200233329215,13.0997151112422,444.227568596327,5.81171086066035,2
2026-04-03 03:45:00,0.1675684777721,2.9990397777513,15.0740695550663,13.0727906670229,443.239257644133,6.16641622189469,2
2026-04-03 04:00:00,0.166520318517667,2.7831622222225,13.2636840001683,15.2731977779775,442.305047882236,5.9150181090009,2
2026-04-03 04:15:00,0.1629281999999,4.76611599994543,15.1327068886847,14.8324033333499,445.059948351306,4.99268370072204,2
2026-04-03 04:30:00,0.167532622228467,2.91152777776423,16.8238517769408,13.3303613335984,443.856649600899,4.62791854008352,2
2026-04-03 04:45:00,0.168601703707734,2.67508244444053,16.0548666659194,11.7550942223627,443.638505901393,4.2486504972294,2
2026-04-03 05:00:00,0.154760848174133,2.27961644439133,14.6253653328085,13.0961060003106,442.510234130146,4.84688493639743,2
2026-04-03 05:15:00,0.154054003721467,2.0115024443756,11.6466293332587,14.9526033334414,441.760133476216,4.59188264548016,2
2026-04-03 05:30:00,0.1457001407758,2.02916066662133,11.6584366664878,16.1174793333166,441.68202376728,4.20361067354064,2
2026-04-03 05:45:00,0.167715733337333,4.46070666666442,15.2597753329943,13.6006453336025,445.166075029719,4.05024773838666,2
2026-04-03 06:00:00,0.1551169296626,1.6892695555347,10.9255495552892,20.6756006665193,442.348010224719,3.9465331310693,2
2026-04-03 06:15:00,0.158385911137267,1.94447399998413,11.0260784442095,21.5012486666913,442.468773145593,3.81012504853714,2
2026-04-03 06:30:00,0.134743659261867,2.2269037777698,8.01589644436297,23.3040677777747,440.607112791266,3.31316469517735,2
2026-04-03 06:45:00,0.1278044222073,1.1820751110472,6.09407155552197,28.4146973330327,438.363827273213,3.27575612820977,2
2026-04-03 07:00:00,0.1276171407778,0.639481777777001,4.7288366666426,30.5459302223647,437.007009694716,3.26739032364806,2
2026-04-03 07:15:00,0.124747925955467,0.950436444371268,5.39026044439261,30.320554222407,437.048494628249,3.36481178812652,2
2026-04-03 07:30:00,0.127406543598133,0.601204666659533,4.5512479999517,29.6818437778497,435.627997043493,3.37185015396982,2
2026-04-03 07:45:00,0.131544736169967,0.658359999983433,4.34602892306397,31.345935777896,435.34842707588,3.49302610864067,2
2026-04-03 08:00:00,0.141403518538,2.1425119999935,7.55987599987667,27.333406888578,438.4715209168,3.47844461408109,2
2026-04-03 08:15:00,0.1292639481403,2.88177799995543,7.77434799992756,26.861950221788,439.21048092181,3.49858686841857,2
2026-04-03 08:30:00,0.132751696274367,2.7038444444306,7.20539333336694,27.1285851106717,438.82827501278,3.4778083520439,2
2026-04-03 08:45:00,0.1377220888811,2.3786037777662,6.84188933335114,28.032627777828,438.714727365256,3.33065940394638,2
2026-04-03 09:00:00,0.1423271407598,2.7370013333157,7.49185266684617,28.5158824444854,438.273291708229,3.29651795075147,2
2026-04-03 09:15:00,0.170433096366033,2.03749688890767,7.05937666673366,28.494399333279,438.083238668239,3.267885981888,2
2026-04-03 09:30:00,0.139737792589733,2.71207822220476,7.17000955572777,30.8640562222317,437.984189515649,3.31564452978129,2
2026-04-03 09:45:00,0.152845725997933,3.2894804443903,7.9795771115189,28.144014888957,438.857050697673,3.22281335209309,2
2026-04-03 10:00:00,0.183851933379133,3.92977266658687,9.22200066690477,26.899212888654,440.79293289728,3.31033511121887,2
2026-04-03 10:15:00,0.1455609926395,4.66043555537644,8.62255044467081,26.779151333403,439.229499322976,3.22728253377956,2
2026-04-03 10:30:00,0.175116548153567,4.17894444429114,8.55713222260577,27.5079002221963,440.03185462667,3.18554699812213,2
2026-04-03 10:45:00,0.151203725974833,3.8128835553973,6.61003266696727,31.058504666814,437.178080309027,3.24849723109887,2
2026-04-03 11:00:00,0.1422724740931,4.01830977760014,6.0007000001881,31.948113778006,437.03639731069,3.27810286263531,2
2026-04-03 11:15:00,0.137098814791033,3.35756333325177,5.80518044462697,33.098813555373,437.01596732463,3.32109784939835,2
2026-04-03 11:30:00,0.141960755559667,4.07757022204021,5.96037733349326,31.853490000128,436.972920972644,3.46002383647061,2
2026-04-03 11:45:00,0.146828125949333,3.29824666664067,6.35312177802567,31.8825226669,437.154927660037,3.28341741318568,2
2026-04-03 12:00:00,0.151568451893,4.00147666650741,6.56082266696673,31.4948964445357,437.179484748237,3.30676710543035,2
2026-04-03 12:15:00,0.143117222225867,4.07676644427967,6.0009568890475,33.1173328889217,436.956020041733,3.43581358610233,2
2026-04-03 12:30:00,0.145607407440667,3.0215339999796,6.78602822248387,30.1773493338407,437.248337539244,3.35794302756358,2
2026-04-03 12:45:00,0.149192063053667,5.0278488886428,8.66929911109837,27.410104444714,438.24716190716,3.46757266682883,2
2026-04-03 13:00:00,0.162859437045767,6.50715311114083,10.8855095552612,24.2405451111867,443.818200135944,3.59816995611401,2
2026-04-03 13:15:00,0.149318740818067,5.69534822222806,10.2112553330133,25.2530520000056,442.827157308807,3.6703736312365,2
2026-04-03 13:30:00,0.161412562972733,5.37768422197343,10.6425193331729,25.304779777764,443.886967160724,3.78723566850795,2
2026-04-03 13:45:00,0.182088481479667,5.9137837776539,12.7292486664177,22.2245595559603,449.391396997323,3.88028910214793,2
2026-04-03 14:00:00,0.188448548205833,6.54909288872173,11.9111484441952,22.885700222358,447.077665993694,3.99581229394262,2
2026-04-03 14:15:00,0.184866581478967,6.24070799958907,10.3180677775815,26.022479333054,442.047635466797,3.85632219855486,2
2026-04-03 14:30:00,0.182902359218833,5.33088488860234,9.30494355554751,26.8693766665913,440.29570184648,3.77603493875513,2
2026-04-03 14:45:00,0.170399711092033,4.21709622206523,9.8081924442869,25.4330453332313,443.03592797406,3.92296937911462,2
2026-04-03 15:00:00,0.190335285210433,5.7825799997057,10.6332448887618,25.3674342220713,445.375663303693,3.70235548249435,2
2026-04-03 15:15:00,0.1701246370171,5.0533168886884,10.0085066668919,25.8983066665823,441.53320092891,3.72963846772155,2
2026-04-03 15:30:00,0.182840703705667,5.34944955543303,11.4109113332287,22.855968444479,446.189800508154,3.67420209215838,2
2026-04-03 15:45:00,0.151235322267634,2.44689044441107,8.91228155553154,24.3419191112707,441.81754154244,3.71184399365837,2
2026-04-03 16:00:00,0.1445723519128,2.05581511105397,7.2735757778981,26.4665013334367,439.340938424513,3.68735662209757,2
2026-04-03 16:15:00,0.152951155600267,2.98186222215187,8.81955688903647,25.4165580002167,442.241930293273,3.70768767815952,2
2026-04-03 16:30:00,0.153213207433234,2.5018375555219,8.62497533317534,23.741475777992,442.059675665964,3.64095552851976,2
2026-04-03 16:45:00,0.146151788961734,2.96796199996784,9.074937333144,23.0955577781757,444.570892274357,3.56020937328796,2
2026-04-03 17:00:00,0.157212296320367,3.7929002221964,10.5349391105982,22.808627777849,444.920663715353,3.75156467129971,2
2026-04-03 17:15:00,0.159599177766733,2.84199622216707,9.81256444395317,23.025437111145,444.5207656286,3.71428621123019,2
2026-04-03 17:30:00,0.275932422255467,6.57122444460914,13.4059011110637,21.2943042229579,456.130547366616,3.78253170052661,2
2026-04-03 17:45:00,0.157884600007067,2.69183266661923,8.87782311103068,24.4619144446947,442.692090073817,3.67107737308114,2
2026-04-03 18:00:00,0.146658637104467,1.99160044443163,8.10405488872624,23.145308222877,442.980969059347,3.52898341869141,2
2026-04-03 18:15:00,0.152630666687633,2.47417666663047,8.9835488885239,21.940406000726,446.627926490853,3.51865229357719,2
2026-04-03 18:30:00,0.144297492653233,1.82854599992813,7.68186955554264,24.4108833336987,441.7043541431,3.42771648757031,2
2026-04-03 18:45:00,0.1443613889417,1.6525397777604,7.26884466656607,24.333581111664,441.41819786642,3.58626112770756,2
2026-04-03 19:00:00,0.1456390037614,1.76947044444007,7.24467955550793,23.645680000639,441.667495657543,3.4328273592528,2
2026-04-03 19:15:00,0.1451540222742,1.72950399997233,7.90719955536524,22.0421706672773,443.399423131553,3.39069092403488,2
2026-04-03 19:30:00,0.158311666661934,2.6978782221807,9.10266688863297,22.9154628892953,442.643613752257,3.50529299784523,2
2026-04-03 19:45:00,0.145350477838034,1.67239044442863,8.1483031108584,23.2579586674317,440.09371974172,3.465048707286,2
2026-04-03 20:00:00,0.169040933362533,3.65023822218817,12.0451053335025,18.7913935554067,444.414414897067,3.30034023561698,2
2026-04-03 20:15:00,0.164390151878467,3.343652888852,12.1544646665372,16.0892906668586,443.63667156118,3.20174064150116,2
2026-04-03 20:30:00,0.1572340111481,2.88597288882613,9.1077579996901,18.5660224444273,442.194087230926,3.06085793776234,2
2026-04-03 20:45:00,0.164323222240867,3.034013999905,8.9662328884004,18.8090037776823,442.328360839673,2.87911064387182,2
2026-04-03 21:00:00,0.157143992641533,4.3402993333257,11.5945928887452,12.6017968890797,446.113260261113,2.97307729451771,2
2026-04-03 21:15:00,0.164778266692033,3.0524115555203,12.0981251110965,12.627684889278,442.48979727729,3.87152233686039,2
2026-04-03 21:30:00,0.158171940762967,2.7595435555107,11.0989506667134,12.038969555657,441.234599753127,2.98451287688072,2
2026-04-03 21:45:00,0.155655059315867,2.3605273332999,10.6404811109436,12.0414171112137,440.770392493397,3.10074670964775,2
2026-04-03 22:00:00,0.138745733382734,1.77031311105267,8.45702311092187,15.4046913338305,439.301953519253,2.95972562481377,2
2026-04-03 22:15:00,0.135262103719633,1.79861599994584,7.46238977763504,16.6113215561114,439.241556542563,2.93260558944846,2
2026-04-03 22:30:00,0.134902570386067,1.6087028888594,7.2597602220866,17.5005811115553,439.095668089673,2.85418961203337,2
2026-04-03 22:45:00,0.133629244458767,1.4726297777174,6.7369997777221,18.2092597782376,439.273654821916,2.82859927254175,2
2026-04-03 23:00:00,0.1302706222361,1.7469788888621,7.25510511104906,19.261567555429,439.91349598739,2.90333699492117,2
2026-04-03 23:15:00,0.1359781778095,1.79792599994107,7.61427111096634,16.8681166672301,439.292704021809,2.76474989568063,2
2026-04-03 23:30:00,0.135851148168667,1.8924817777242,7.4663455555413,17.838768000393,439.361682940593,2.67414260771885,2
2026-04-03 23:45:00,0.135832451876133,1.74492955550077,7.31822022216337,17.6677062226169,438.576465660926,2.63203640397345,2
2026-04-04 00:00:00,0.136338022243167,1.7244897777368,7.04535688882037,16.8317137785868,438.965270179833,2.6687765639088,2
2026-04-04 00:15:00,0.1347951481741,1.79092266660487,6.55497955548226,15.1501151119854,438.990939370123,2.6912421279497,2
2026-04-04 00:30:00,0.134483103759633,1.77792622215573,7.58284799981434,11.5395419998628,441.302973687363,2.75924721949297,2
2026-04-04 00:45:00,0.134277088935733,1.8055544443954,7.83608355538733,14.5789362229005,441.691181841233,2.72393879369854,2
2026-04-04 01:00:00,0.130915496357333,1.58716044441767,6.11835488880896,16.7071820010843,438.500533407877,2.68940315745709,2
2026-04-04 01:15:00,0.132959903739667,1.99187288883793,6.85683266660926,17.0260937785527,439.894670861346,2.68537882735306,2
2026-04-04 01:30:00,0.136569866693,1.6865473332693,7.73303133309567,13.5262060003545,440.593958002493,2.62108055303733,2
2026-04-04 01:45:00,0.134505244468033,1.83607711107573,7.28623577771604,15.2115026673823,439.72943187256,2.59438903894578,2
2026-04-04 02:00:00,0.134901000036967,1.5408913332801,6.58809155547889,16.4660002232181,438.892246044159,2.52033867562605,2
2026-04-04 02:15:00,0.1260719185155,1.69057622218193,5.65883733339979,19.5214255557,439.737768644306,2.42343658845565,2
2026-04-04 02:30:00,0.125156481491433,1.3813539999686,5.06048755554243,18.9129933338131,439.12044391207,2.44551910755714,2
2026-04-04 02:45:00,0.130406555599767,1.52075266662974,5.91099688883816,17.4191920008999,439.101857113176,2.51205854181986,2
2026-04-04 03:00:00,0.125181244445867,1.64621866663467,5.69986688892173,20.394602888765,439.790614781313,2.45394040112627,2
2026-04-04 03:15:00,0.121203230800464,1.05351555553187,4.44893577776573,21.276511999568,439.900475732166,2.45278562255229,2
2026-04-04 03:30:00,0.130783370340867,1.3093553333075,5.38375622218466,21.1768168884707,439.93464879886,2.42622635959799,2
2026-04-04 03:45:00,0.1313467407238,1.57573111107154,5.36832311106446,19.4854791109243,439.991064620066,2.44215423034062,2
2026-04-04 04:00:00,0.146499662985333,1.97966977769927,7.33192399988783,13.4191355559634,440.538157664936,2.51948143697135,2
2026-04-04 04:15:00,0.1441888444803,2.27250888882504,8.6950904441452,9.84639511080687,444.306182429043,2.5675950523775,2
2026-04-04 04:30:00,0.136737003727533,1.8370155555006,7.34868288882913,12.3361313333149,442.217312051903,2.52883693556598,2
2026-04-04 04:45:00,0.138143211137333,2.6944082222244,8.18743733327504,10.0755391107741,444.710386072833,2.56118864671163,2
2026-04-04 05:00:00,0.1353640593077,2.04952666662417,8.36355777766301,10.0360906663749,445.5561030895,2.50722389763611,1
2026-04-04 05:15:00,0.134651862997933,1.8268813332872,7.36804466663323,14.1808062226878,443.125597936783,2.44123010756696,1
2026-04-04 05:30:00,0.125563800001266,2.11716088889623,5.80828911116973,20.1903315555251,440.129552758816,2.40962649573698,1
2026-04-04 05:45:00,0.124546111136533,1.3145411110684,4.72292088888536,18.4976028890873,439.534126428216,2.41761677147793,1
2026-04-04 06:00:00,0.136613162980267,1.7228726666233,5.94161511108986,15.5222917782763,440.139946996513,2.40925658421323,1
2026-04-04 06:15:00,0.1382265296325,1.85040155549967,7.16887155556927,14.0668675557762,442.24239220526,2.42165627142253,1
2026-04-04 06:30:00,0.139434448175733,1.7629251110465,6.13331311108606,14.3889764450475,441.21529217883,2.41578598931723,1
2026-04-04 06:45:00,0.1363031111263,1.64661444440217,5.57023155555205,15.2509037785379,440.071991309556,2.4031043799527,1
2026-04-04 07:00:00,0.144550951857733,4.09548822218414,9.16081888899294,13.3780075558099,446.30517008589,2.43386639227596,1
2026-04-04 07:15:00,0.140743877800967,2.54141177777327,8.09658200012087,11.7997153331606,442.971197101879,2.41819310253357,1
2026-04-04 07:30:00,0.1437580926213,2.38788266659687,8.25953888890084,10.4748213328914,444.003413466626,2.49179865567556,1
2026-04-04 07:45:00,0.171988240800633,6.19146244443656,17.3891266665872,6.28785088882819,450.237642499223,2.72310996372834,1
2026-04-04 08:00:00,0.213290337097333,10.619571999773,20.498051999236,5.13841511110307,458.444817842446,2.83841152229747,2
2026-04-04 08:15:00,0.210271592656967,8.76458422225094,19.7842479995829,5.73516022222727,456.076738001663,3.03571266106191,2
2026-04-04 08:30:00,0.233070796332533,10.6399002219494,20.257337777556,5.89070577778671,465.055123871603,3.36128039859009,2
2026-04-04 08:45:00,0.214640725983033,8.82184044439324,19.5836351110303,5.8197151110977,457.553192591197,3.22271449026975,2
2026-04-04 09:00:00,0.2323121481358,10.6057335550855,18.8195584442971,6.88863488889347,463.978943704736,3.08657677298212,2
2026-04-04 09:15:00,0.2162370481605,8.93362911115684,16.8357042218741,9.0902637777654,460.33490729421,3.29604370297717,2
2026-04-04 09:30:00,0.208619774104767,8.50112177780897,15.7317224436389,10.1619391109921,459.342747835437,3.2310616701269,2
2026-04-04 09:45:00,0.234052681519767,10.9332419995944,19.8430139998577,12.0126424443338,461.60120473697,3.30144458885307,2
2026-04-04 10:00:00,0.265393474153833,16.6645560002584,23.6012875549473,9.83836488926251,469.852606292127,3.63107933708994,2
2026-04-04 10:15:00,0.229446896350967,11.3565715552327,19.467680666534,11.9802911109686,461.24015455244,3.25750636444818,2
2026-04-04 10:30:00,0.2211406741503,10.4179759999002,16.0374791112536,17.2597748892098,459.880931807643,3.29729594732945,2
2026-04-04 10:45:00,0.186606533362033,7.69696577784164,14.056870666891,18.0679764449573,455.150369591473,3.10721001792105,2
2026-04-04 11:00:00,0.151390966721367,5.57662066665291,9.36550311129356,21.881508667054,444.155393484323,2.91876522400509,2
2026-04-04 11:15:00,0.145763648194934,5.66401933331493,9.00352333372251,22.665250222579,442.32524618792,2.91239717795651,2
2026-04-04 11:30:00,0.140148285199367,4.09149666654794,8.42642400049801,23.1064400003327,441.17328386869,2.91015739608062,2
2026-04-04 11:45:00,0.1306916523935,3.3835695555162,5.935035555679,24.3564737777484,440.37080698662,2.71515396952354,2
2026-04-04 12:00:00,0.134905037047433,2.16581533331453,6.06852111115177,24.5067833333853,438.811262587217,2.99039900553815,2
2026-04-04 12:15:00,0.131846792011633,2.9752155555021,4.79294644443303,31.0123188891337,436.571633367517,2.75341699801734,2
2026-04-04 12:30:00,0.127124511031166,1.226177777737,1.84680822217393,37.7126433332917,433.39884661985,3.03094629349651,2
2026-04-04 12:45:00,0.129657015324866,1.41513555552317,2.37648863240874,35.0040377773544,432.97259776832,3.02143236710673,2
2026-04-04 13:00:00,0.127862405078967,1.3724857777795,3.61790764097847,32.302428290525,435.59227740343,3.10601019589167,2
2026-04-04 13:15:00,0.1294299304332,1.63556555552117,3.78972297430193,31.626794444513,436.022131494077,3.06681371979794,2
2026-04-04 13:30:00,0.129233250672067,2.5715691110741,4.28120309400037,31.288694205174,435.919751462367,2.99873276325956,2
2026-04-04 13:45:00,0.128040125845266,1.5572393332979,2.33364844438147,35.3791539992584,433.66173150911,2.84981954061681,2
2026-04-04 14:00:00,0.119967122045593,0.665523111115167,1.3779769719344,37.3096484992623,431.398304990583,2.74704665023338,2
2026-04-04 14:15:00,0.119857226811616,0.973811555571068,1.34702084197739,40.772908667213,432.247721984367,2.83945130162344,2
2026-04-04 14:30:00,0.1248167850951,1.38991311107457,1.67069533331724,41.9551877601967,432.444859030704,2.81246914369986,2
2026-04-04 14:45:00,0.125847705443833,0.789840666641167,1.75108933336724,42.3209417602627,431.11524682254,2.86866081760551,2
2026-04-04 15:00:00,0.125620140662167,1.28004711106347,1.65385933332714,42.7621121022517,432.154864167894,2.97604005025623,2
2026-04-04 15:15:00,0.124834204028667,0.717411111053733,1.63690355559197,42.010708649344,430.621215743247,3.11998999992115,2
2026-04-04 15:30:00,0.1275024148296,0.9356286666716,1.81021422225864,41.2621179832427,431.387713159854,2.96699274955173,2
2026-04-04 15:45:00,0.127393436481433,0.7665728888581,1.58735155557817,41.414525094123,430.785797871504,2.79527157172068,2
2026-04-04 16:00:00,0.125234254723033,0.7624586666287,1.25230012976331,42.4158562045194,430.860683137257,2.80203259154686,2
2026-04-04 16:15:00,0.124574303737867,0.719867333267733,1.21239295287951,39.1075573334697,430.07231421344,2.85032868527363,2
2026-04-04 16:30:00,0.126847532795367,0.960586666674433,1.78926254703904,40.087039777864,431.295474141004,2.80033892270307,2
2026-04-04 16:45:00,0.126501067847867,0.871668564103267,1.82676300859647,39.0517181111373,431.16530854873,2.81302935913722,2
2026-04-04 17:00:00,0.1239798821058,0.909828906001801,1.83408141884914,38.5210876671544,430.636604781977,2.72164657314291,2
2026-04-04 17:15:00,0.1293594433538,1.20814587176323,2.54809124792827,38.0422565003917,431.548472045277,2.70920839541213,2
2026-04-04 17:30:00,0.130092650161567,1.16251302553983,2.56892683766286,37.7860886115677,430.620855305813,2.79390954730616,2
2026-04-04 17:45:00,0.125891874707967,1.00434767517537,2.1621584103196,39.9432931113397,430.69458470786,2.81436266568632,2
2026-04-04 18:00:00,0.131822899775767,1.20077444438587,2.96963533334913,36.3735644441543,430.484021517234,2.92161626225172,2
2026-04-04 18:15:00,0.1293834743785,0.918863658053233,3.59237981202727,34.5430883460987,430.007344483677,3.0144807964195,2
2026-04-04 18:30:00,0.130889929107367,1.02285210253593,4.11484623933163,33.2504422733997,431.00703173019,2.96010385216961,2
2026-04-04 18:45:00,0.1328835843619,1.22417644443673,5.31540022212137,29.8711268891057,431.951183575714,3.05383057310846,2
2026-04-04 19:00:00,0.147183201479034,1.5938888888801,5.77743911100506,29.9655759315377,432.29877712324,3.53035594769912,2
2026-04-04 19:15:00,0.1478573296698,1.95857622220513,6.1885728886926,29.6265639314863,433.091454318703,3.20619027136383,2
2026-04-04 19:30:00,0.1477155629912,2.1998479999705,6.22521288877063,27.7342800000224,433.121519789583,2.94787804415503,2
2026-04-04 19:45:00,0.1443048370811,1.8270104444527,6.7772902220368,26.2016680005076,439.670442984907,2.8459535342579,2
2026-04-04 20:00:00,0.137833303734367,1.66954222222827,6.18546355547833,26.4284213680387,439.16980566437,2.88011414596082,2
2026-04-04 20:15:00,0.205015992659466,3.3439537777537,10.3622406658964,20.7497797783713,459.997540985286,2.8469075979112,2
2026-04-04 20:30:00,0.180653074085933,5.2869471111387,12.2571919998504,14.1974695559843,455.063092576264,3.0220176423723,2
2026-04-04 20:45:00,0.207905070399467,5.8077308889979,15.5861257778623,9.63489911095506,462.019408506344,3.19668601391235,2
2026-04-04 21:00:00,0.244337385229266,6.82776733328776,19.5964255554753,6.52585777774706,469.693847647953,4.39420964386566,2
2026-04-04 21:15:00,0.244949962994233,5.53137244448007,20.7017508888116,6.8112268888675,467.21987335277,4.53026338622929,2
2026-04-04 21:30:00,0.2504996148406,5.02006177787997,18.5355757777697,7.27432977768843,468.325238924137,3.84457746971448,2
2026-04-04 21:45:00,0.433277677600068,7.67741600005585,22.1872671107007,7.11906577773783,475.97473514667,3.6471092978312,2
2026-04-04 22:00:00,0.199639622259367,4.91481844448203,16.6884697776913,9.27698888887034,457.088632105334,3.85942809237687,2
2026-04-04 22:15:00,0.174810237110367,4.65025511113186,15.3900693331383,8.24016911103496,452.964828224377,3.9167437867322,2
2026-04-04 22:30:00,0.223365148183233,6.17220133332341,17.8834080000257,7.02217355551256,462.365967681597,4.64496324431348,2
2026-04-04 22:45:00,0.2361101667224,5.81000311092733,18.9957917778958,6.26967777781183,473.440436907423,3.20883089774517,2
2026-04-04 23:00:00,0.2398501222728,5.4707131109187,19.8389500000586,5.79287711112916,472.148430063933,3.18025106887356,2
2026-04-04 23:15:00,0.3407471278028,6.34902066681477,22.9859951114143,5.00463088887437,478.751041485893,3.20893629052517,2
2026-04-04 23:30:00,0.303204133349734,16.2541573323825,23.3888615560437,5.00979933329607,478.696378936656,3.30611043921384,2
2026-04-04 23:45:00,0.2961950815062,17.2650182213489,23.456366222695,4.78834866664791,489.14876661663,3.68878959621665,2
2026-04-05 00:00:00,0.318202577828567,19.9024273325523,23.5408668893303,4.5562386666487,500.434211771083,3.65145700227969,2
2026-04-05 00:15:00,0.288486555590567,19.730981777178,22.318253999992,4.70692155554824,499.532198651247,3.48688100120302,2
2026-04-05 00:30:00,0.297725222254634,22.253846667465,22.1151991111303,4.81063733334474,499.667750392967,3.68668238440866,2
2026-04-05 00:45:00,0.291466770429134,21.5859891114993,20.5585022222067,5.29099888892464,501.978673247247,3.74368684486585,2
2026-04-05 01:00:00,0.386119611162767,23.4985422229767,22.0606324446473,4.73892822224803,500.016759053314,3.68036065406134,2
2026-04-05 01:15:00,0.268123266746233,16.872261111239,21.1804686664083,5.09994400004531,500.636349618833,3.52510912093459,2
2026-04-05 01:30:00,0.261669192665833,15.9035535559373,20.4993577776027,5.29980911115477,498.519273769397,3.53746536926623,2
2026-04-05 01:45:00,0.269512533407633,16.8147882225263,20.4566557777697,5.39442311116171,499.737405037474,3.45636253777117,2
2026-04-05 02:00:00,0.2588624556159,16.364295333251,19.8997135556544,5.54474955559017,499.205284230807,3.38624211287265,2
2026-04-05 02:15:00,0.248734322277867,15.2268464440386,19.7331728888384,5.37206133336781,487.968172008663,3.22620027265748,2
2026-04-05 02:30:00,0.2347052741046,13.9825733329221,19.986403777476,5.45850155560781,484.476962366153,3.00685640074451,2
2026-04-05 02:45:00,0.233129540773933,14.2170582218079,20.7658648883217,5.05700866670207,481.438867126493,2.92934744216928,2
2026-04-05 03:00:00,0.215228340774366,13.4037135546885,19.320694888549,5.63295111116291,476.97509893616,2.82407000790777,2
2026-04-05 03:15:00,0.2247093407891,14.4382446667963,19.760899333116,5.51502044449361,483.35555158723,2.88740609115804,2
2026-04-05 03:30:00,0.258623018582733,16.366989333391,20.1774097778004,5.5527131111544,496.533656480424,2.86382049078754,2
2026-04-05 03:45:00,0.2301758111481,13.4272806657068,17.8734442222551,5.87810466668136,477.15034427987,2.85227412381444,2
2026-04-05 04:00:00,0.222765018561033,13.3448777767933,18.7832015555337,5.7518146667083,475.89274704566,2.77776866489246,2
2026-04-05 04:15:00,0.216565500027,13.4178168880153,19.730129555074,5.46571866671211,477.145526454603,2.72245473094528,2
2026-04-05 04:30:00,0.199645611145466,13.2802095547701,19.1180633330837,5.61531133336961,478.332764433963,2.68838801086487,2
2026-04-05 04:45:00,0.198601396333366,13.2112584436595,19.1376937774934,5.64932111115027,477.562759640613,2.72312041838274,2
2026-04-05 05:00:00,0.2262401444938,14.1547722214073,19.490995777625,5.69624600004131,482.416171645347,2.736672548698,2
2026-04-05 05:15:00,0.2201803926257,14.3658731111273,19.6737339997017,5.57215266671857,483.682106013327,2.86417564134534,2
2026-04-05 05:30:00,0.2825216297183,24.1956217775273,20.7478237777723,5.24205200002128,496.159957608677,2.97834046898367,2
2026-04-05 05:45:00,0.275748807463267,22.722950222877,20.1533864445117,5.14163733335304,500.06969129665,2.84927715369479,2
2026-04-05 06:00:00,0.288763874166266,24.1940815552566,20.283790889148,5.12423000001887,498.36024749525,2.86438523857874,2
2026-04-05 06:15:00,0.277672340796267,22.5499160006173,19.959088889092,5.14451444446407,502.302027262814,2.91925696783146,2
2026-04-05 06:30:00,0.2733186296859,22.1418851117093,19.9947662223633,5.1315680000304,500.68569661093,2.94173817775955,2
2026-04-05 06:45:00,0.288272955634567,24.689976665922,20.257707333599,5.12178244446923,499.020288481687,3.01499898381864,2
2026-04-05 07:00:00,0.2806716074933,22.725781334164,20.660394000069,4.87862488892633,495.853559789681,3.10485026820032,2
2026-04-05 07:15:00,0.274625622284967,22.6795371117643,20.31012555578,5.0792388889234,491.980476280994,3.13880570838141,2
2026-04-05 07:30:00,0.3001921407906,25.2621884434853,20.514547555772,4.82947222223843,492.101980148134,3.1557629737087,2
2026-04-05 07:45:00,0.343798955557667,35.7448577785927,21.7239308893914,4.33503000002247,496.695257418393,3.42680054741249,2
2026-04-05 08:00:00,0.346685096299333,31.6553400001054,22.9144217782653,4.28285266668897,497.83605665603,3.70810307015274,2
2026-04-05 08:15:00,0.334020940739733,35.6331682226707,21.9649111114993,4.68532488890914,485.61369410269,4.30569812462933,2
2026-04-05 08:30:00,0.320174288896434,24.652642888078,21.6984820001364,4.90653111112964,486.108380098407,4.50773275187986,2
2026-04-05 08:45:00,0.321408414843767,21.5080175563537,21.466244444484,4.99564511114274,489.86957141038,4.90016928154304,2
2026-04-05 09:00:00,0.276782444528767,16.826125111622,19.017418444538,5.78509044446677,503.281399886147,3.67800876792699,2
2026-04-05 09:15:00,0.213778633364533,8.88149711116361,14.5910075554563,8.34396999993543,462.739398072961,3.10489308867705,2
2026-04-05 09:30:00,0.208995855586467,8.39011800008391,15.119611777225,8.6548902222117,464.172122244667,3.11920199513606,2
2026-04-05 09:45:00,0.194453244467667,10.4017744443949,14.7518937776588,11.0034628886305,474.12174705561,3.07922706868692,2
2026-04-05 10:00:00,0.179642600073567,7.83643222245457,12.1049544442778,12.9421566665861,460.572934176353,3.09538868722351,2
2026-04-05 10:15:00,0.162509911166533,6.51397155566777,9.32559600004156,21.2200824446168,451.541651134373,3.21248056585846,2
2026-04-05 10:30:00,0.139612518518,5.04113000001447,7.01227444447333,21.9509953333687,448.29165289414,2.95467305487482,2
2026-04-05 10:45:00,0.129873304802,3.16875177768683,3.76580140169887,25.1832148888857,439.56080946891,2.92082263783378,2
2026-04-05 11:00:00,0.129657087157766,3.03052800001293,3.81822540171723,23.9257271109993,439.854317665527,3.01313085877018,2
2026-04-05 11:15:00,0.1290200386797,1.55171888887313,2.5733164956611,24.762166888624,438.82758122412,3.06526078661119,2
2026-04-05 11:30:00,0.125009651821366,1.36769622221333,2.21149716231063,26.4059104442227,436.807367918307,3.0898269130467,2
2026-04-05 11:45:00,0.119506061976103,0.965709555583001,1.88697294012667,24.647997777422,436.954504114103,3.14263062591174,2
2026-04-05 12:00:00,0.129395481339833,2.15224955552826,2.43832599997417,30.9890685303127,434.45009705621,3.19150058277938,2
2026-04-05 12:15:00,0.127748510979466,1.778744222227,1.9751951110701,31.6829291971637,433.73957696797,3.15140909114514,2
2026-04-05 12:30:00,0.127489888751933,1.33211933330827,1.84938777771797,31.3518360860627,433.681963835817,3.10288038733221,2
2026-04-05 12:45:00,0.129384646603066,2.44333933327556,2.43964752135493,32.2108578638124,433.51189507058,3.07038618229041,2
2026-04-05 13:00:00,0.126336044327133,0.929562888965135,1.25108894902333,35.5668982560724,431.258793419057,3.06087664998773,2
2026-04-05 13:15:00,0.124832549750733,0.866887111199168,1.18676109191476,34.570227230927,431.339213298444,2.98638014378963,2
2026-04-05 13:30:00,0.133708611356667,1.23008577776983,1.9378924102123,34.0596849406636,432.194702331444,3.04954903061288,2
2026-04-05 13:45:00,0.124761416429533,0.821988888917901,1.19162388207772,35.859562324669,430.731038047767,3.02857046075263,2
2026-04-05 14:00:00,0.1308290408817,1.23168461535403,1.63654692306303,35.5684138118057,431.534506620296,2.96727339709664,2
2026-04-05 14:15:00,0.1239864295416,0.941314666741868,1.09265571478398,35.1717809059923,431.036450672467,2.91360498245534,2
2026-04-05 14:30:00,0.127388645450166,1.29193252988423,1.6688891453041,35.1096100854953,431.320048040643,2.88283263256371,2
2026-04-05 14:45:00,0.1244690842566,1.03957639320377,1.12047976515386,34.561994991641,430.797777141774,3.03431822514039,2
2026-04-05 15:00:00,0.126887333900433,0.989954615423434,1.11721097067251,35.3927636408507,430.446772187036,2.93876956563147,2
2026-04-05 15:15:00,0.1276356473495,0.774619401707267,1.18618152499455,34.9910572481397,429.011723136253,2.95095148328607,2
2026-04-05 15:30:00,0.127368800607933,0.805843709431567,1.6108335726538,34.044990906469,430.664781776507,2.96851363643499,2
2026-04-05 15:45:00,0.131095466073233,0.965366871830001,1.55640550427343,37.045102563467,430.576134664723,2.79156413420217,2
2026-04-05 16:00:00,0.118333599996945,0.847344102547967,1.7125456580413,34.783035778005,432.11323536805,2.7724962079012,2
2026-04-05 16:15:00,0.1283226997774,0.954760307736133,1.8930935897589,32.8854666669767,430.869821778667,2.79107574022081,2
2026-04-05 16:30:00,0.131184266716433,1.4245391794446,2.52384788035047,30.5110102910847,430.96406753877,2.84772325604734,2
2026-04-05 16:45:00,0.134543364741733,1.68439150421417,3.2152163590162,28.8558632654477,432.182018336724,2.82889611251405,2
2026-04-05 17:00:00,0.134201876544333,1.75377105976887,3.24474678637403,26.0796538634207,432.89811747173,2.73122545205076,2
2026-04-05 17:15:00,0.135302392350867,1.67947793160427,3.2845831111682,25.10480849573,433.45430547261,2.84489451731188,2
2026-04-05 17:30:00,0.1383365481565,1.65225682047263,3.08127651287837,25.6730738293087,433.48993139273,2.75843504780714,2
2026-04-05 17:45:00,0.141601770397734,2.84094666658314,4.76116222229246,22.8972297778267,435.151863578793,2.83158444677424,2
2026-04-05 18:00:00,0.137444562989167,2.10770329912023,4.46841078639669,23.163701778005,435.185253443023,2.90463909627038,2
2026-04-05 18:15:00,0.1417459481798,1.83470996579523,4.49503776076189,23.682448889275,434.86489950011,3.26093725575561,2
2026-04-05 18:30:00,0.144483192615767,2.00748955554913,5.47444464965739,22.5126926669797,435.12557094083,3.00486082669913,2
2026-04-05 18:45:00,0.140589553038334,2.1602308034306,4.9456766667071,22.0413697779203,435.507778412537,2.89308695282947,2
2026-04-05 19:00:00,0.139626056726534,2.49299458118603,4.72952753850623,22.2150182222105,436.243774408193,2.84568496274459,2
2026-04-05 19:15:00,0.154789014814967,2.90625422220947,6.8674946667261,21.361689333652,436.79194924675,2.95294789398051,2
2026-04-05 19:30:00,0.154917555549834,3.22683755554637,7.31818688884654,17.5470046664769,437.94989396283,3.01506481868841,2
2026-04-05 19:45:00,0.170008014810633,3.75615155547587,9.23501399974357,12.9635671102029,444.224507890313,3.48506344124942,2
2026-04-05 20:00:00,0.163025340780467,3.5832237776988,8.663233333084,13.120750221711,444.89981204415,3.69580102958533,2
2026-04-05 20:15:00,0.199714733368233,7.1073451111151,13.377926888862,10.0968062219071,458.976628328437,3.17355815201924,2
2026-04-05 20:30:00,0.204264385248633,6.36534199999549,12.0792751114157,10.0548913331207,461.998537779643,3.35765184024238,2
2026-04-05 20:45:00,0.217307744490767,7.64512066647491,15.1232962222806,8.41615599985193,461.65348837899,3.41647453794305,2
2026-04-05 21:00:00,0.240870051896533,6.80899177761523,16.5585733334069,7.56787866655909,470.807567192823,3.74650209706448,2
2026-04-05 21:15:00,0.252210118542966,6.69116422206016,17.2652533334218,7.36352999992443,472.31016893489,3.6985995598961,2
2026-04-05 21:30:00,0.326325705590033,7.14242444431946,19.1387142223827,6.83957599998223,477.768323631773,3.76947920383834,2
2026-04-05 21:45:00,0.440765816543446,7.3657428887632,19.6175288892163,6.81554333328706,480.450600976857,3.78470620461313,2
2026-04-05 22:00:00,0.278143970351833,7.1687062220627,19.6306931113163,6.7586388888046,475.031067064203,3.85547171163981,2
2026-04-05 22:15:00,0.250836770389,7.02539422205886,19.3267159999987,7.01927844429986,471.991517774753,3.88221031299479,2
2026-04-05 22:30:00,0.236891874068333,9.04437888898952,21.0787128882812,7.65507022192184,458.490852378279,4.21570376670101,2
2026-04-05 22:45:00,0.2368051629721,7.31665599988553,19.3571839999762,7.25822111091879,460.626055188743,4.28042143368315,2
2026-04-05 23:00:00,0.272254266658367,9.67314222256857,23.0385264449317,6.78894311100597,475.475991275186,4.23815057726084,2
2026-04-05 23:15:00,0.2789669926066,16.5645297767636,23.056352000411,6.8246377777077,477.914472743393,4.1008602471773,2
2026-04-05 23:30:00,0.294785755554333,17.2187057768206,23.2754911116573,6.62259355555416,481.431288126036,4.22527163735902,2
2026-04-05 23:45:00,0.459723650233746,17.5725508883506,23.3333997783647,6.36600844444199,488.52291701248,4.20351770830212,2
2026-04-06 00:00:00,0.309908637072033,17.4983159992759,21.7148484444463,6.47065644445366,489.23100142317,4.01184772393049,2
2026-04-06 00:15:00,0.302030140752766,16.5582319990943,21.253853333287,6.63744066665796,485.988165594899,3.94855826249191,2
2026-04-06 00:30:00,0.282021362980533,15.9092622213007,20.2551391109624,6.70607488883549,484.087070866043,3.90866094406019,2
2026-04-06 00:45:00,0.257841096331666,15.4671648880029,21.3823384441933,6.54810866663176,480.257549881,3.97102016513354,2
2026-04-06 01:00:00,0.2474677259665,15.4675031102097,20.3714184442643,6.78818955551047,479.240181155663,3.90167565014018,2
2026-04-06 01:15:00,0.222408096328167,5.63424577777637,18.5715959999273,7.16142755555473,475.249922998343,3.59599085919691,2
2026-04-06 01:30:00,0.187656496286433,4.82071933328727,13.6534126667439,7.65710622213297,459.325424720114,3.36879210439591,2
2026-04-06 01:45:00,0.214800281502933,7.11117044442301,16.2116555549773,8.40213711092723,463.159032307057,3.65043653228,2
2026-04-06 02:00:00,0.244950125951733,16.0969693322456,19.893348222335,7.37044644442073,478.692848557256,4.17160835350829,2
2026-04-06 02:15:00,0.222093611141066,6.65749511127224,16.6360971109472,7.46484533328431,476.20631830396,3.53808885585861,2
2026-04-06 02:30:00,0.203720818494633,4.62730355555873,15.3800788889475,7.41948733328087,476.468594894177,3.40329774703172,2
2026-04-06 02:45:00,0.2097295740714,6.01315866678484,18.8518588886876,7.11611577776849,475.749379930313,3.33147751051094,2
2026-04-06 03:00:00,0.233041366707767,14.2909148879346,20.4784468886267,6.7306424444288,475.658015367803,3.52650154824593,2
2026-04-06 03:15:00,0.232581096339533,6.80231555564478,19.9045399997464,6.6686600000178,474.872551939276,3.43055392345929,2
2026-04-06 03:30:00,0.2558600704362,7.26986688910028,21.3353779997147,6.29451088889834,478.77154364847,3.51928089783655,2
2026-04-06 03:45:00,0.2551513667574,7.20290777798024,21.155252221978,6.18426511109877,478.232956689569,3.47555011738875,2
2026-04-06 04:00:00,0.2296935593056,12.7106613325631,19.6469439997154,6.4791540000133,479.076313952689,3.32154038439252,2
2026-04-06 04:15:00,0.2095423851978,6.45016800011457,19.62905244407,6.30247488889474,475.203223990673,3.1287901280987,2
2026-04-06 04:30:00,0.207572429644133,7.011884000145,19.986065555117,6.24158866667064,475.516246754803,3.19442499448883,2
2026-04-06 04:45:00,0.233142240786367,13.7503691102758,20.3263524440367,5.86999733335044,484.266354506946,3.22738567363233,2
2026-04-06 05:00:00,0.257004722318666,16.7223855546553,20.3923524441864,6.32567044444314,486.079956424416,3.23671653672044,2
2026-04-06 05:15:00,0.2434401259688,15.2337588880019,20.143789999781,5.68452355556248,492.082572732403,3.24017314881256,2
2026-04-06 05:30:00,0.248388974121567,14.5294162222337,19.777536666635,5.79413444445891,494.103748962373,3.25179431253241,2
2026-04-06 05:45:00,0.266891659321133,14.9368386670187,19.8519442223407,5.77169666669677,496.750777986167,3.25435805252341,2
2026-04-06 06:00:00,0.274156940810333,15.2153037778003,19.936190888972,5.69503555558217,491.922257125383,3.26957895971072,2
2026-04-06 06:15:00,0.261748614882433,16.2638406668013,20.6322379997347,5.50831355557974,499.47102320636,3.27361846023617,2
2026-04-06 06:30:00,0.352823811120433,15.5584708879787,20.1731255556213,5.11864333338153,487.7289002098,3.09604769692151,2
2026-04-06 06:45:00,0.608929182248655,16.5589293328566,20.543281333546,5.19151088894007,496.890150884507,3.01725856299271,2
2026-04-06 07:00:00,0.557825094954641,19.594655999033,21.2010906668144,5.31664911113847,506.262171427547,3.07484299373736,2
2026-04-06 07:15:00,0.342289866691367,21.2771197786533,20.24697488924,5.20521622225183,502.857967338513,3.17326595971682,2
2026-04-06 07:30:00,0.466381855215242,22.5530433339887,20.1037562226937,5.20223266669917,504.946146281203,3.34316500695996,2
2026-04-06 07:45:00,0.349280674104267,24.0725235553687,20.4297413337114,4.9387653333629,501.54046266685,3.31900559775375,2
2026-04-06 08:00:00,0.540856266355641,31.6095751111187,22.7523448892417,4.67005133335707,504.653441804623,3.63925625982183,2
2026-04-06 08:15:00,0.46013900374275,66.9030041465734,29.6852388241713,4.31560933335197,531.69595827242,4.45036443888081,2
2026-04-06 08:30:00,0.5433193092808,93.2965098997865,34.966593589662,4.36982088889091,539.70940564413,5.85523184011586,2
2026-04-06 08:45:00,0.489499289490533,69.1794554647403,32.7602397721701,5.49493866665517,516.42398760468,7.57602446270207,2
2026-04-06 09:00:00,0.522950474386021,63.7278632172518,31.8725837661136,4.946665111072,512.135478398773,7.84109765837793,3
2026-04-06 09:15:00,0.435946732299335,37.4529980010054,24.777430445474,5.8858935555249,498.99927998993,8.02999985220829,3
2026-04-06 09:30:00,0.42444138245834,25.9863066662271,21.7514242224197,6.48395599997736,487.291207842227,8.02722686142649,3
2026-04-06 09:45:00,0.293679096268666,19.837579333539,20.9060877777577,7.95024133306666,478.08495632555,7.3466027109923,3
2026-04-06 10:00:00,0.242447325938167,19.4713440005687,18.921283778026,8.68743044411677,476.40129243326,6.33791994508355,3
2026-04-06 10:15:00,0.271351733268467,24.785633555686,21.6178691113306,8.25988866628963,476.669192031306,6.24347965781989,3
2026-04-06 10:30:00,0.268587799948,23.7869631117183,20.9218413334677,8.39728911060839,471.115660566613,6.10009764101463,3
2026-04-06 10:45:00,0.244161740768467,24.4513380000674,20.524727111128,9.1189724439455,474.67809038281,5.5985858096447,3
2026-04-06 11:00:00,0.2610916295839,20.7831713335683,20.7906735556287,8.86519622182166,468.720420163666,5.37608318458517,3
2026-04-06 11:15:00,0.222040400065733,16.1920266672094,17.7927586664568,10.7158688885201,468.70439226223,5.05326923952684,3
2026-04-06 11:30:00,0.219456414906733,16.1466226670547,17.2490202214765,11.083250444161,468.013864850507,5.41433807984873,3
2026-04-06 11:45:00,0.218375940834933,13.8495306662894,15.0729315551184,11.3640133332056,466.27297832576,5.74629072819585,3
2026-04-06 12:00:00,0.215413437134433,16.044677555891,17.1544773328623,11.4794955555401,468.14873873684,5.99509952570807,2
2026-04-06 12:15:00,0.213137429712,16.2436488890735,17.0338031105332,11.4802562219258,467.179927017827,5.63437209311311,2
2026-04-06 12:30:00,0.201571666735867,9.50490466652459,13.8132137775482,13.6082475553372,460.01482617016,5.52330254555856,2
2026-04-06 12:45:00,0.207016881510533,9.47880444428413,14.6330173328954,13.5579311107021,453.36141142168,5.66843279249178,2
2026-04-06 13:00:00,0.220045066740267,14.486200888385,15.772735110365,12.2069699996519,466.226791266863,6.96632299995601,2
2026-04-06 13:15:00,0.240817307465733,11.471713778856,22.5048328886383,12.9697355554353,453.0253650451,8.39339112813448,2
2026-04-06 13:30:00,0.2335068556228,9.21702755600114,23.6340866665227,14.7459097778501,446.402795663293,7.38262640130242,2
2026-04-06 13:45:00,0.243244755629467,13.3352973325179,25.3079086665737,10.5125977775971,449.308526631963,7.09359886592835,2
2026-04-06 14:00:00,0.237636474135033,14.2973802219132,24.0067079999694,10.3104522221862,453.118747806043,6.86284076773573,2
2026-04-06 14:15:00,0.208765748164933,9.06407711132377,16.4112739998336,12.5892935555609,444.070866883786,6.07000845672797,2
2026-04-06 14:30:00,0.190655296280167,8.54095888936113,14.4503584436245,14.9432195556736,441.95117803514,5.75904788569115,2
2026-04-06 14:45:00,0.191496903681967,8.5544924447765,14.4549006659729,12.6317442223479,443.36039889649,5.93690402472255,2
2026-04-06 15:00:00,0.190111044444667,8.2861817780285,11.4455602220642,19.5916742228439,445.63429218299,5.23502476053963,2
2026-04-06 15:15:00,0.1840241110895,8.18166555578106,11.1578046666956,20.757788000233,445.454682428036,4.9872753398217,2
2026-04-06 15:30:00,0.1837907555328,8.43926844483114,9.30127777789161,22.4980373336347,442.25930696198,4.70667530369335,2
2026-04-06 15:45:00,0.160744518507867,3.62320422207963,6.46493222228237,29.4060037776254,433.894958606483,4.20558942545879,2
2026-04-06 16:00:00,0.161508437016833,3.71617377765193,5.81029497439773,30.167165384595,433.952558302443,3.97514162689246,2
2026-04-06 16:15:00,0.158654318504633,3.26463133324297,6.33283844442823,28.3258037780166,434.415545966237,4.07907356908907,2
2026-04-06 16:30:00,0.1520868147944,2.8166951110397,6.85273866661267,26.9825822223703,434.987554616847,4.16130439975026,2
2026-04-06 16:45:00,0.165393444397467,3.9247751109765,7.47431955578228,26.597174444438,434.352117550483,4.18918604461475,2
2026-04-06 17:00:00,0.162676666643267,3.7053206665874,8.01078088912025,25.6234186670756,438.929796802483,4.29719144541338,2
2026-04-06 17:15:00,0.171626859229467,3.8235819999113,8.35049800031055,25.7753315561453,438.53276341343,4.93329882128129,2
2026-04-06 17:30:00,0.1722130814588,3.814327777691,8.28068177814475,26.0859562227473,437.669671111616,4.59398929455291,2
2026-04-06 17:45:00,0.160936792572267,4.1725219998085,7.98823311156597,25.963698889398,437.775634968184,4.61826113144048,2
2026-04-06 18:00:00,0.156924066636233,4.26722200005346,8.26139666694137,24.1086448890597,439.38456618158,5.00710244233463,2
2026-04-06 18:15:00,0.152021288855333,6.42231044486029,6.85573266679337,29.274539778132,435.182731609777,4.80683209750546,2
2026-04-06 18:30:00,0.1516461036752,3.09456644438477,7.2458697780048,28.2014944447286,434.80023652294,5.62108915808029,2
2026-04-06 18:45:00,0.1460850925933,2.77929911104613,6.87830059848024,27.4954120004936,434.106106610967,5.45614875238625,2
2026-04-06 19:00:00,0.156661044423233,3.4771264443231,8.17686244483898,26.7830437783133,438.074647349923,5.48346264879203,2
2026-04-06 19:15:00,0.154916614767,3.30564999987463,7.31987222237337,27.1618871117053,438.483786189944,5.30448082225544,2
2026-04-06 19:30:00,0.147537818529867,2.48319977772866,7.16242555570524,26.8389275564423,439.041351047907,5.9043185651253,2
2026-04-06 19:45:00,0.150510355597434,3.3616957777617,8.79467955533664,19.9452606665237,446.165784156024,5.57890302141336,2
2026-04-06 20:00:00,0.1529199518972,4.2045439999705,11.4816137776425,15.082657333052,446.090831011157,5.57714176860852,2
2026-04-06 20:15:00,0.152951148183867,3.4304251110864,8.16773422190037,19.5353608889082,444.169956766603,6.56543766369692,2
2026-04-06 20:30:00,0.141966674140267,2.74047244443923,7.96670444404013,16.9654537774607,444.892963945377,6.01204589427048,2
2026-04-06 20:45:00,0.133713608878833,3.1202797777626,8.32203955537633,15.2225062219002,443.68028496806,4.66648655496471,2
2026-04-06 21:00:00,0.131575205153333,1.54282666667407,5.1870948887795,19.7448968886655,436.738284571193,4.09759474329395,2
2026-04-06 21:15:00,0.119597861184663,0.8555735213562,2.70244288889003,26.2373293333784,432.621331500227,3.36019718973386,2
2026-04-06 21:30:00,0.125765551576367,0.601770666605567,2.02143644439853,34.0656622222597,430.472607558397,2.9965085913012,2
2026-04-06 21:45:00,0.118483727571088,0.851335555539,1.58591733324783,36.0580594996913,431.03032024411,2.99898525978985,2
2026-04-06 22:00:00,0.118927106231061,0.7521362221689,1.2604135863311,36.8616264443783,431.0979614414,3.02820403772327,2
2026-04-06 22:15:00,0.119259909628646,0.6932759999434,1.28613189111744,38.1058553333314,431.270528608236,2.99705543485634,2
2026-04-06 22:30:00,0.1242525184543,0.958376666666267,1.20720383443309,38.491183777753,431.292399861256,2.85404592767424,2
2026-04-06 22:45:00,0.1255115554714,1.3574822221741,1.65188999993844,38.2075377780894,431.589326162776,2.82264363628728,2
2026-04-06 23:00:00,0.118176461181423,0.8701871110539,1.14143789213911,39.0846235560103,430.139375358136,2.94301534056846,2
2026-04-06 23:15:00,0.118247283363135,0.958479333275866,1.16507960737064,39.4581042223716,431.228269949263,3.20127714606407,2
2026-04-06 23:30:00,0.118320265704645,0.912052444395266,1.17658942595772,39.2880813335493,431.419231201719,3.28885772723027,2
2026-04-06 23:45:00,0.118747984979363,0.7218819999859,1.20702383135556,41.1585579998446,430.746155969653,3.35006845651528,2
2026-04-07 00:00:00,0.1246018962215,2.66541355555077,2.20422755551333,40.4759093161967,432.20078145117,3.26074747236342,2
2026-04-07 00:15:00,0.125368688826467,3.34126377774864,2.43227377780337,41.4744928206353,431.931121799427,3.26495776713199,2
2026-04-07 00:30:00,0.1259732204503,2.47490733334987,2.2799760854471,42.0819307693327,431.69855340624,3.16828597712759,2
2026-04-07 00:45:00,0.1256417002391,1.23389488881413,1.60342075208637,43.2886136242437,431.453073681113,3.21557523857524,2
2026-04-07 01:00:00,0.126398248395,2.80949444445507,2.327848307687,42.2495763248317,431.967625985637,3.10764779515767,2
2026-04-07 01:15:00,0.125172366910833,2.60394199997277,2.0035427520977,42.6954137434907,431.802485416383,3.16098918794903,2
2026-04-07 01:30:00,0.11847734721833,0.8531388888163,1.11922216178143,42.5788514360177,431.37282878152,3.13615791772633,2
2026-04-07 01:45:00,0.118696285613839,0.920140888808666,1.14322085080829,43.3499089060183,431.466305428354,3.04321020628635,2
2026-04-07 02:00:00,0.123896797157333,2.97911133327583,2.18007608546567,42.7991140851616,432.1999003459,3.047340817653,2
2026-04-07 02:15:00,0.1242044342003,3.14702177771983,2.36652564103687,41.8603171106127,432.084905944176,3.01263467852665,2
2026-04-07 02:30:00,0.1237042860506,1.10165955546127,1.56351755552373,42.2759687174667,431.70130069264,3.01381694694235,3
2026-04-07 02:45:00,0.118756911497512,1.0837684443513,1.56807177774817,41.9268107175374,431.633415335537,2.94667603695067,3
2026-04-07 03:00:00,0.119212558911835,0.7948797777028,1.18555913947042,43.3363538628237,430.796448174,2.88920251046369,3
2026-04-07 03:15:00,0.123772735054633,2.44038066660923,1.8470645299084,41.795138529616,432.134933854337,2.85307430384471,3
2026-04-07 03:30:00,0.124488533918167,2.57686333326563,1.8471941367577,41.6329151621417,432.217252159253,2.85524796364507,3
2026-04-07 03:45:00,0.123570586900866,1.8233439999224,1.85205088888293,41.0020192477893,432.247615475647,2.87132610500544,2
2026-04-07 04:00:00,0.123655498016967,3.07333999993833,2.2411269060052,40.0858533844677,432.155952914847,2.83466959899852,2
2026-04-07 04:15:00,0.11826006382244,1.30100488880213,1.86564955555177,39.1462988205957,432.15886782364,2.84132037994351,2
2026-04-07 04:30:00,0.118549458875788,1.30115266657713,1.8070862393034,39.9424232648643,432.159662340407,2.84970328454452,2
2026-04-07 04:45:00,0.11889271701173,0.813827555487834,1.15855624647053,40.7841459315193,430.7182846259,2.84569926701103,2
2026-04-07 05:00:00,0.1246762376248,1.29070799991243,1.8350142222185,38.7235746668644,431.977223176796,2.83995209962573,2
2026-04-07 05:15:00,0.118675325677947,0.902703555478234,1.61602921365107,40.3076614870933,430.894257953733,2.8415704407287,2
2026-04-07 05:30:00,0.118399361772208,0.963187777693167,1.61755070085017,37.3719951111907,431.887102494767,2.80623570972193,2
2026-04-07 05:45:00,0.118317452515538,1.2973459999176,1.95755244448317,37.8548399999841,432.220099129197,2.88680170328483,2
2026-04-07 06:00:00,0.118407484774292,1.23500155546617,1.88574044447367,36.805696666802,432.469632773667,2.82921540894518,2
2026-04-07 06:15:00,0.11897843541737,0.784845999964234,1.5705711111127,37.0178072776573,431.635116636407,2.86301694284642,2
2026-04-07 06:30:00,0.119302004897628,0.682965777732434,1.68174022227033,37.3369902221793,432.04833751687,2.90517006110531,2
2026-04-07 06:45:00,0.1196316270079,0.930580666649466,2.31182288890203,36.190146388297,431.32594170386,2.87153151925207,2
2026-04-07 07:00:00,0.11991128346967,0.907593777783567,4.1424666495881,31.6142720001123,434.679273015257,2.94327179463954,2
2026-04-07 07:15:00,0.1317144222255,3.2666182221613,8.77035644422992,25.8249175555317,439.672099409567,3.07619504603892,2
2026-04-07 07:30:00,0.132164019936067,1.35958555548983,14.9448457779795,20.6160140004027,442.185822203054,3.06049659205999,2
2026-04-07 07:45:00,0.1679391444499,5.15165088882257,17.7286237770793,18.032096000179,447.847218909933,3.07150043543734,2
2026-04-07 08:00:00,0.1640488740105,5.12137199983057,15.709688000085,24.4375188889313,440.671283372157,3.27903027097465,2
2026-04-07 08:15:00,0.1868493666364,5.23344088878334,18.2986615548645,18.3709840005735,447.928536012096,3.3147585024879,2
2026-04-07 08:30:00,0.182482692591633,5.16485888872763,15.6249295558156,23.5483917778953,440.552461579034,3.3058824819681,2
2026-04-07 08:45:00,0.186388581499033,15.653386889309,18.3016251105904,20.3492755559592,452.9234488912,3.30120638869546,2
2026-04-07 09:00:00,0.149528933319567,4.59191999976117,9.89006444399207,28.7118262223777,437.178516149976,3.26738031806825,2
2026-04-07 09:15:00,0.151136277736967,4.40718599980337,9.00013511101167,29.2301262223117,436.07624262335,3.12092349312196,2
2026-04-07 09:30:00,0.142254409235534,3.60070333328007,6.73892049574757,32.0535323588637,435.173263115477,3.09221087664423,2
2026-04-07 09:45:00,0.145149459262467,5.95974377767146,9.69348111058911,27.9859457781193,436.216994020843,3.22404262227713,2
2026-04-07 10:00:00,0.1554120278119,4.7484188887822,13.3323064445736,24.340449333661,439.229100450627,3.26473010642191,3
2026-04-07 10:15:00,0.181757007417567,6.8889297778772,15.8676960005816,22.5046151113299,439.813684700677,3.47458207190893,3
2026-04-07 10:30:00,0.156643142638333,5.72143666672496,11.2238059994778,26.2586313333499,436.386624131293,3.38447721646756,3
2026-04-07 10:45:00,0.1544519426245,5.8728886665196,10.6089997772572,26.5744073333507,436.244848372087,3.421758833494,3
2026-04-07 11:00:00,0.137254211937733,3.37302688882647,6.9692608889868,30.6777405128547,435.318444826853,3.32621784232715,3
2026-04-07 11:15:00,0.150833346362067,5.33958311091951,8.07676622215534,30.8635282221183,436.680154602337,3.28264245445019,3
2026-04-07 11:30:00,0.128036013046966,3.11888755550213,5.82930953845654,31.562556530024,433.887474224827,3.3262430214354,2
2026-04-07 11:45:00,0.148881281533833,6.00295377781117,7.9509386836153,30.930402512822,435.896945608557,3.53938246483563,2
2026-04-07 12:00:00,0.1331748575297,5.4159882222329,5.45323512949197,34.8283171962354,434.34219251626,3.42314449658073,2
2026-04-07 12:15:00,0.120232051122148,1.15529764097657,1.91733309523237,39.7581670940993,432.368892435821,3.12748151845762,2
2026-04-07 12:30:00,0.118898176536793,1.39049088881077,1.15763081465927,40.661576427361,431.376971037487,3.1388477333307,2
2026-04-07 12:45:00,0.118813975162835,1.2969222221353,1.14808211023333,40.2389335384014,431.51488616783,3.13072374981024,2
2026-04-07 13:00:00,0.118873366998485,1.0388237776928,1.14456849332386,40.4266670940557,431.128986854447,3.17936168482561,2
2026-04-07 13:15:00,0.118464108270084,2.69932133331347,2.38126671794347,40.192501111136,431.656580770893,3.1885867104028,2
2026-04-07 13:30:00,0.118515061199317,2.88003644440833,2.5820573517059,39.0696584444097,431.941329772477,3.10896629099032,2
2026-04-07 13:45:00,0.118336504185364,2.35093933329803,1.9748676068195,40.083677555544,431.611462452917,3.23385233251692,2
2026-04-07 14:00:00,0.128114730460033,0.982178444387034,1.94352343589977,40.5868080000787,431.000886214287,3.24260917315488,2
2026-04-07 14:15:00,0.129809622211,2.08910866660147,3.27922757392413,38.7590293333684,432.129315044197,3.28061306976967,2
2026-04-07 14:30:00,0.128946437005333,2.43154399995363,3.09288670088653,38.8017277779104,431.728238449653,3.30938548018472,2
2026-04-07 14:45:00,0.124848992545666,2.1300177777511,1.7051924957162,42.761943179477,431.232920812853,3.0640644269269,2
2026-04-07 15:00:00,0.119362296488975,0.7321299999663,1.1225580866274,43.2300042905443,430.055421789757,3.11376699702565,2
2026-04-07 15:15:00,0.127196466627466,1.62904466659186,2.10983895728213,40.0914048889961,431.369111218607,3.1149653545584,2
2026-04-07 15:30:00,0.118571699529511,0.863932222208267,1.04941621973674,42.691784154042,430.366423516507,3.02298458008803,2
2026-04-07 15:45:00,0.118363352840939,0.836284444404367,1.02361815698876,43.8948730256943,430.44857843857,3.0623066892017,2
2026-04-07 16:00:00,0.118900348064683,0.828641777760234,1.08668980240744,43.1050816068767,430.336076924553,2.99459682062044,2
2026-04-07 16:15:00,0.129097593405433,2.19623222218207,2.90458822226197,41.0623801197054,431.422840448463,2.963575738797,2
2026-04-07 16:30:00,0.119000913173912,0.820271999987267,1.07349530720324,42.2175653503613,430.3031372049,2.83309484766507,2
2026-04-07 16:45:00,0.124978740646667,1.9511531110786,0.973620579015436,41.5616423761194,431.306632570647,2.80637427732397,2
2026-04-07 17:00:00,0.117892103758059,0.925007111127334,0.932844545055868,41.7093682213853,430.642563718283,2.80924929678629,2
2026-04-07 17:15:00,0.126220644389467,1.18218511105653,0.780020698067694,42.0180588203127,431.56959865285,2.79550271853164,2
2026-04-07 17:30:00,0.116955361380398,0.631787555483601,0.795433122647526,42.4329439998133,429.54305550344,3.01756629921734,2
2026-04-07 17:45:00,0.117404835602535,0.918034444436368,0.867581068758271,42.1711082218877,430.667979465934,3.06233683264045,2
2026-04-07 18:00:00,0.126769143615233,0.8644962221936,0.997336756432303,42.257513453252,429.85046040132,3.04494057928732,2
2026-04-07 18:15:00,0.2310785851637,2.50278533326944,5.2227140000691,39.7017944441983,432.254305197097,3.11679098715077,2
2026-04-07 18:30:00,0.119224023298113,0.5622058290107,1.05850988400814,44.455265282003,429.063099166594,3.16830716121066,2
2026-04-07 18:45:00,0.119119561738687,0.592728700811834,1.0524485877949,44.6767629485544,429.069039116463,3.48028394899617,2
2026-04-07 19:00:00,0.119272471948933,0.5661528888669,1.67130755555713,39.1132624448067,429.48215778854,3.49962153422047,2
2026-04-07 19:15:00,0.118691079072271,0.826823777752,1.73018466667604,38.6242920002581,429.763357905493,3.44751621123363,2
2026-04-07 19:30:00,0.123496737332333,0.781472717926434,2.71363066668837,35.6180071964653,429.63952520857,3.52429145911823,2
2026-04-07 19:45:00,0.119239302196942,0.858783504224634,5.0643599828126,31.7720790427724,431.176912513333,3.47448850057233,2
2026-04-07 20:00:00,0.118746029466852,1.174324410217,4.12845405132621,31.9258467865683,431.719985076377,3.13670294917096,2
2026-04-07 20:15:00,0.119955156818856,0.916384512790567,4.90114133335763,31.1112244448787,433.021058626403,3.0253395287031,2
2026-04-07 20:30:00,0.126049687744733,0.875833760690367,6.37619822212436,29.1171861880463,434.258359190427,3.05624367821951,2
2026-04-07 20:45:00,0.146698957422133,1.78919199998657,11.0292402221263,20.7249068890933,446.445117295303,3.13053938076505,2
2026-04-07 21:00:00,0.157581759274333,3.26633333327037,16.8950337770989,13.5352837780108,447.963301723033,3.34510512410525,2
2026-04-07 21:15:00,0.166514255587367,3.4443782221857,18.802980888517,13.2691742224015,450.263086230783,3.41443071555065,2
2026-04-07 21:30:00,0.206289214854933,3.86310022216074,18.6783868886678,11.7977455555903,459.529649133923,3.41736470823047,2
2026-04-07 21:45:00,0.223603470435133,3.82758088888527,20.5757591108707,10.8740973333237,463.86858550804,3.30120364388341,2
2026-04-07 22:00:00,0.2175922815456,3.85118711110897,19.7867333331175,10.7157902221777,459.503061881743,3.25364253712831,2
2026-04-07 22:15:00,0.2426144074648,5.4181611110319,24.0066615550437,8.4521088888016,471.196881291024,3.34806416426151,2
2026-04-07 22:30:00,0.3639197278174,5.33036511107193,26.5438425297864,7.13138599997717,480.977200149733,3.65181288403378,2
2026-04-07 22:45:00,0.517145082101497,7.00296555573423,29.763312929005,7.3418102221724,483.873283720943,3.72500042335256,2
2026-04-07 23:00:00,0.307333411141733,8.03840088913993,28.6368119348795,7.27119644437813,478.94742337785,4.06776790871524,2
2026-04-07 23:15:00,0.269178770439633,7.7139113335683,28.4375318848407,7.18062599990721,476.92217736311,4.13520637625955,3
2026-04-07 23:30:00,0.260192585235767,4.5703506665994,24.1178464438953,7.0109555554341,461.163942784823,4.76491469501809,3
2026-04-07 23:45:00,0.262970488935034,5.81551755549764,24.3302186660957,6.7744113332224,460.576408529146,4.38292775658605,3
2026-04-08 00:00:00,0.220370977802567,3.63982088883707,19.6072468890468,8.5956562221594,456.7612843809,4.19207789007796,3
2026-04-08 00:15:00,0.214694400026733,3.8945295555051,19.3627408885353,8.81878799990844,455.760909046337,4.20744658559463,3
2026-04-08 00:30:00,0.218083025962234,5.51550399990841,20.2814064439787,7.73866799990117,458.34789991517,4.06748060904741,3
2026-04-08 00:45:00,0.234534237054267,4.88956577773994,20.8125817771113,7.58036888876983,456.731704626213,4.16297249016203,3
2026-04-08 01:00:00,0.2388669000313,4.753583110999,21.888087333108,6.44515999990673,458.075133069093,4.17833068486048,3
2026-04-08 01:15:00,0.252924296363633,5.67327844437544,22.4264639999504,6.82175977769817,459.141551140567,4.28103897429029,3
2026-04-08 01:30:00,0.267129000076066,6.41992400013373,24.001036444076,6.76102555548231,473.941832311213,4.01673846188128,3
2026-04-08 01:45:00,0.265432407466233,15.5410084436197,24.531099999482,6.98058377767744,478.65360499112,4.08622836994958,3
2026-04-08 02:00:00,0.257735466723166,16.8909304437041,24.325210666265,6.8621611110596,481.397848258166,3.97635823501386,3
2026-04-08 02:15:00,0.2400034074463,5.40143177768783,22.450217999936,6.79015488883363,460.599042683173,4.12153133618805,2
2026-04-08 02:30:00,0.235305859276067,5.56594933326557,22.0444406663893,6.55785622212393,459.520778367813,3.98775360995067,2
2026-04-08 02:45:00,0.235712381512267,5.34810244435704,21.4769588883773,6.8648784443587,458.88437597832,4.06156792913277,2
2026-04-08 03:00:00,0.234505325954967,5.4783331110299,21.1506802216427,6.73202088882,460.078527949693,3.95569275614992,2
2026-04-08 03:15:00,0.2335951629966,5.46893577770033,21.635557555342,6.3813986666206,471.000640109106,3.84432305192667,2
2026-04-08 03:30:00,0.241715525966967,7.5563720002186,22.5658493334513,6.19719888888033,468.578892752897,3.78495449764647,2
2026-04-08 03:45:00,0.248307477854467,6.30878911110907,20.9743819992616,6.78378844435643,460.567175256317,3.6919216084783,2
2026-04-08 04:00:00,0.225071022244233,6.85211577783254,22.098353110972,6.58947066661816,455.91628575157,3.7775377921456,2
2026-04-08 04:15:00,0.230642300024367,13.7978051103556,23.749383554911,6.84020600001553,462.993151791683,3.85543197818645,2
2026-04-08 04:30:00,0.217115151905966,13.4604224436046,22.058286888893,6.99298111113883,458.968213134784,3.72097289679809,2
2026-04-08 04:45:00,0.177274903786133,5.31591977770086,18.8001719992797,7.17037044434359,454.512307245417,3.54406553432873,2
2026-04-08 05:00:00,0.254333918580867,14.6229362213856,20.793933555179,6.95105088881366,461.153590153156,3.5477312476046,2
2026-04-08 05:15:00,0.2303608555797,13.3975077769197,21.8105677776343,6.28707533333423,460.005306438127,3.5093600514494,2
2026-04-08 05:30:00,0.260622192652667,16.9599546658162,23.4627048887546,5.78963777774596,466.53430524733,3.6024058854764,2
2026-04-08 05:45:00,0.332117951835633,16.4357955554,24.4064757774463,5.14500244447103,481.834852874084,3.49642818964975,2
2026-04-08 06:00:00,0.354317392569567,16.3336371112737,24.714128221937,5.22191022224172,481.965035083624,3.56609789422627,2
2026-04-08 06:15:00,0.748442487092198,16.7317804447133,24.7504022223403,4.95535088890849,491.276419725221,3.53448982936573,2
2026-04-08 06:30:00,0.780248728112287,30.7847842221817,25.5757593341307,4.64592977780026,498.694142508257,3.64462828668063,2
2026-04-08 06:45:00,0.3868822814964,33.8789477784187,25.198795111529,4.67095400002719,501.67553541328,3.63164120209513,2
2026-04-08 07:00:00,0.559620810078985,39.687026000134,25.589386889677,4.68501511112733,506.96655502607,4.0005008831557,2
2026-04-08 07:15:00,0.838565615126406,51.9677287282198,25.273854667947,3.8507164444659,505.624881943783,4.85720424685482,2
2026-04-08 07:30:00,0.558523317335599,57.1504097487813,30.1258733976187,3.5230835555878,513.076916087897,4.91800196300972,2
2026-04-08 07:45:00,0.54108472089988,74.4157590825639,33.9693916271503,3.56983866669603,518.681584427207,5.16183547315663,3
2026-04-08 08:00:00,0.465308733983449,68.7720791177476,34.8233430299407,4.1132766666934,497.495804323327,5.9508366018484,3
2026-04-08 08:15:00,0.514093889952757,77.3140481170694,37.1753774286885,5.13914022223683,495.05998378673,6.65204370892441,3
2026-04-08 08:30:00,0.489218995727102,73.6591706104027,36.0924901175723,5.5852933333366,494.260743156924,6.75005090077459,3
2026-04-08 08:45:00,0.559147958109969,91.7464123087196,37.4754847720594,5.59646177778973,539.489246465013,7.92354958164141,3
2026-04-08 09:00:00,0.244608370393433,14.6739288892669,17.8350364446228,12.0596953334282,464.256233273987,4.23195510543515,3
2026-04-08 09:15:00,0.201057944459733,6.98667422220604,10.6215295551558,19.2329651111278,444.953824282224,3.7313981040704,3
2026-04-08 09:30:00,0.161543740686367,4.4708711110593,8.41935044482584,21.2540575553347,437.150052614704,3.5710044834141,3
2026-04-08 09:45:00,0.147357192559767,3.28400111110357,7.4636155559051,24.724587111341,435.971657525587,3.67777603673293,3
2026-04-08 10:00:00,0.136130880297434,2.7502444444412,4.95989731634441,29.9675345132837,436.206852821607,3.55626696462769,3
2026-04-08 10:15:00,0.152269414833667,5.82808244434426,7.15620622246716,28.8053586668577,435.64553963833,3.47540465639706,3
2026-04-08 10:30:00,0.1270912740665,2.85759533331593,4.6443916411304,31.4713011110683,435.275110270314,3.6546104561403,3
2026-04-08 10:45:00,0.1265195977083,0.758462444423534,2.06973444444107,34.2645114186524,433.85417096294,3.7313672205098,3
2026-04-08 11:00:00,0.1256164962235,3.07131977775173,2.835734888939,35.6963206664107,433.705964207663,3.86133957441172,3
2026-04-08 11:15:00,0.132664738818967,1.5144424443665,2.34272644438263,36.2644579997757,433.391846675973,3.83021752110654,2
2026-04-08 11:30:00,0.1288382181604,2.9561835555374,2.7812833333507,36.584964944139,433.389465946143,3.78774131290962,2
2026-04-08 11:45:00,0.127257533219633,3.12416111104447,2.67211888885527,36.1510581105687,433.492474455023,3.78972108319324,2
2026-04-08 12:00:00,0.124805170286,3.60838111095894,2.2610608888594,37.3180473888547,433.065927367484,3.65794709521401,2
2026-04-08 12:15:00,0.125632770292933,2.32376844446133,2.2218448888389,38.1898548894086,432.357772883194,3.77309006809488,2
2026-04-08 12:30:00,0.125427925842133,2.26969422224253,2.0205319999545,37.8396526113437,431.916445088594,3.97226907934945,2
2026-04-08 12:45:00,0.125384029564666,2.59973311110773,2.13527866663584,37.755812833578,432.225142366003,4.17697783542528,2
2026-04-08 13:00:00,0.119028461993527,0.7748828888607,1.25246510995558,38.2816508892724,431.842623729326,4.14718637814517,2
2026-04-08 13:15:00,0.125270192507933,2.40786044442327,1.95401755550997,37.0112597221874,432.183479527556,4.19127673121474,2
2026-04-08 13:30:00,0.125510355474533,3.1944948888361,2.2772446666526,37.016902611041,432.19345643499,4.20372539833962,2
2026-04-08 13:45:00,0.125805496205266,2.6117639999754,2.09932622218317,38.4347097778257,431.806670993567,4.09470164322887,2
2026-04-08 14:00:00,0.126135570283633,2.5126666666446,2.10711933330807,38.662503555919,431.945281345177,3.92747834360408,2
2026-04-08 14:15:00,0.125595540639533,2.2046628888744,1.7956315555238,38.781400222295,431.33898612569,3.97734694251835,2
2026-04-08 14:30:00,0.130007136687033,2.76851733321163,2.1734231110907,38.9396655006384,431.741933390247,3.59243157121034,2
2026-04-08 14:45:00,0.1271145258465,2.3923088888639,2.1426268888733,38.047596500581,431.918939113023,3.518879723752,2
2026-04-08 15:00:00,0.125818659177166,2.11866400000863,2.0153264444309,38.1217754452244,431.630416994817,3.46137040241102,2
2026-04-08 15:15:00,0.166699014761666,3.5057855554,4.01595822229823,35.3663222781107,431.46698201634,3.34715056882225,2
2026-04-08 15:30:00,0.136857301872767,2.33578555557013,4.01155555563903,38.0494750562158,431.649579987664,3.27787176449889,2
2026-04-08 15:45:00,0.118233149485198,0.982099333337668,1.07531534003381,38.7625015558087,429.899510219007,3.3446599795317,2
2026-04-08 16:00:00,0.1290176369708,1.37060133326247,1.08401817066694,38.4539865560027,431.263276206097,3.40774043355654,2
2026-04-08 16:15:00,0.123369606275567,1.19245488889947,1.07388488046124,36.921085914836,429.76332725834,3.41191870426396,2
2026-04-08 16:30:00,0.126096495066033,2.29382155552646,1.70196644441887,37.7611937229967,431.3655047805,3.3501778220391,2
2026-04-08 16:45:00,0.1267203172916,1.8181784444151,0.955576182192938,37.0865920003557,431.197869726723,3.36327126842662,2
2026-04-08 17:00:00,0.128467044365067,4.7640755558323,1.93401911109403,37.184350055741,431.617708344967,3.18484326922196,2
2026-04-08 17:15:00,0.131220842692767,2.17952856410693,2.00956682053197,35.0954318119113,431.592864865327,3.13903319375992,2
2026-04-08 17:30:00,0.132666323536833,5.34693866682606,2.1646838120207,35.5936584787037,431.950134870777,3.08161859370522,2
2026-04-08 17:45:00,0.134295937769533,5.75418044441483,2.25821829063337,36.1652115384623,431.93153157891,2.94078331049361,2
2026-04-08 18:00:00,0.131450354937333,4.4485243592479,2.19203885470527,35.008870273713,431.118819553063,3.00277557169816,2
2026-04-08 18:15:00,0.127966951613867,0.973540478628301,1.04447688537972,34.5985288716673,429.416672619396,3.31140763303088,2
2026-04-08 18:30:00,0.128283470670033,1.13227574357633,2.17321422222467,34.0808299147243,429.50631817709,3.29655569865398,2
2026-04-08 18:45:00,0.126304107710067,1.22973451279433,2.45720333335937,33.3096087523527,429.582104225287,3.36621243660745,2
2026-04-08 19:00:00,0.132037600854867,1.21125311110993,3.64696726498423,33.687581914811,428.95590610419,3.45463477358291,2
2026-04-08 19:15:00,0.125983916812033,0.886736290596666,2.85640832477893,31.9336216755334,429.265039528163,3.39512120508424,2
2026-04-08 19:30:00,0.1264097034397,0.909568410243766,3.03447774358117,30.9927330774547,430.154729131373,3.33091116726184,2
2026-04-08 19:45:00,0.134843948177533,1.50402977776613,6.75595777765556,28.2593240002941,431.63523943446,3.40209454405831,2
2026-04-08 20:00:00,0.142257285240067,1.75450488889577,7.35874066639593,20.1234568892053,438.947714586547,3.49221945345655,2
2026-04-08 20:15:00,0.143109796351067,1.2319137777654,7.717615999747,21.4616571113086,442.086482524697,3.98084047381006,2
2026-04-08 20:30:00,0.149173440782667,1.89452088890227,9.65916022243138,19.6242617779617,444.150460451787,3.53187283781633,2
2026-04-08 20:45:00,0.1615723518779,3.07229911110787,13.5186028888724,13.5770684445578,447.963960962387,3.60973863730908,2
2026-04-08 21:00:00,0.1766937703809,4.1630502221858,15.5724782219201,10.8863382218104,451.113398724797,3.52164870253928,2
2026-04-08 21:15:00,0.1859171666504,4.1835640000029,16.5595108885468,9.7987006664454,452.024651111153,3.43392480871614,2
2026-04-08 21:30:00,0.2085443889169,3.96967088889997,17.310097110935,9.29818266658464,461.297536433474,3.80206706700339,2
2026-04-08 21:45:00,0.229594370405933,4.8409088888242,22.121027777655,7.32834577762913,459.368937194227,3.74130317411079,2
2026-04-08 22:00:00,0.2207790518983,4.0368675555773,20.0457397775823,7.63153311105016,461.774775195734,3.89870357344595,2
2026-04-08 22:15:00,0.228571759307867,4.71982199986683,22.399393999657,6.3474082222324,468.55951717187,3.81477537944147,2
2026-04-08 22:30:00,0.2250187111713,4.54579955544923,21.3933833331917,6.33144222224246,467.513794345924,3.72767899654448,2
2026-04-08 22:45:00,0.232607381525467,4.79900111098607,22.4856935554233,6.22196866666253,466.181574763994,3.70442656244106,2
2026-04-08 23:00:00,0.2416888407916,5.72051511105297,22.786435111108,6.18063755555463,468.144003494464,3.74858700451438,2
2026-04-08 23:15:00,0.232331625966533,5.35484266659451,23.211162444094,6.19952511111313,468.787094099014,3.87342632864985,2
2026-04-08 23:30:00,0.223094803760433,6.2301415556606,23.0728331103243,6.3663142222194,468.09388875864,3.81373368803645,2
2026-04-08 23:45:00,0.227730777826333,4.866552888843,23.388213332582,5.9222751111235,468.610459357143,3.79876634029788,2
2026-04-09 00:00:00,0.2355665852236,4.8991222220749,23.3758506663073,5.87667666670586,471.592147592883,4.21094479675851,2
2026-04-09 00:15:00,0.237598940796466,6.22292644453641,23.3043724442873,6.00569711113997,473.435552061576,3.76781516965105,2
2026-04-09 00:30:00,0.226360733397,4.75062311106783,21.7690684443124,5.8262257778135,472.501260102083,3.70239137927216,2
2026-04-09 00:45:00,0.247338151916367,7.02902355573307,23.6685704442847,6.13298777778934,472.862905671367,3.68564001552752,2
2026-04-09 01:00:00,0.2469669889512,14.5815099990352,22.8586857780753,6.16026711112087,472.464708620097,3.63553828474688,2
2026-04-09 01:15:00,0.2297540704183,6.33309066677303,21.8609044443003,6.22098044447063,472.257934492083,3.63912355238117,2
2026-04-09 01:30:00,0.1773865445481,3.43265555552333,17.0887968883142,7.15641977776236,454.71688066362,3.52304705715688,2
2026-04-09 01:45:00,0.160686648168933,3.72508666665534,11.0446475554653,10.8861662218119,451.87212494068,3.33850037902994,2
2026-04-09 02:00:00,0.165851859273867,3.16976377773133,12.1546066664515,10.7612042218093,451.125139573623,3.41333375418932,2
2026-04-09 02:15:00,0.172022055584534,3.66904111108194,14.2523791112915,9.66166399978504,450.063802322727,3.45593007942709,2
2026-04-09 02:30:00,0.1845453630289,5.21670466658533,17.3253313329357,8.27565333323301,453.42963539022,3.44644867984553,2
2026-04-09 02:45:00,0.169453262987967,4.75545044438494,14.2116582222369,9.89267022195254,453.820529673263,3.40234368081485,2
2026-04-09 03:00:00,0.158430222249133,3.4757171110888,13.2282015555736,8.7189248887009,450.577380526103,3.41534743392428,2
2026-04-09 03:15:00,0.152836392592667,2.92324622220017,11.8346251110424,8.0012691109695,453.21048841069,3.47025921092898,2
2026-04-09 03:30:00,0.170564859306,5.14402911104173,18.4026339992835,7.22157644437569,455.397549263866,3.63530323857677,2
2026-04-09 03:45:00,0.195615233428033,6.22068822227027,19.23944577712,7.14894644440987,456.77495051695,3.55046631041506,2
2026-04-09 04:00:00,0.224480374132,13.5502408880585,21.53835866666,6.5138360000388,473.870351033,3.5148534944321,2
2026-04-09 04:15:00,0.223311511170633,14.2278795548199,21.711620888886,6.37000133341117,479.323336193437,3.42258131811273,2
2026-04-09 04:30:00,0.205737292624766,13.4260933326071,21.149244444253,6.32474244450377,474.32612438882,3.37505731091793,2
2026-04-09 04:45:00,0.206154692637066,14.2356688883321,20.8984375552683,6.26614200004926,479.17675596133,3.41869523795928,2
2026-04-09 05:00:00,0.2433665630205,16.443927999934,22.822148889242,6.06843511113297,491.140225049587,3.46298684948643,2
2026-04-09 05:15:00,0.2422204778008,19.2430593327197,22.0074279999903,6.11453444450973,491.287494727744,3.46887329294803,2
2026-04-09 05:30:00,0.249004674119333,21.0180242228233,23.3868217780793,5.8264208889248,492.24354680703,3.40674979763377,2
2026-04-09 05:45:00,0.267754244505266,22.5349786675687,24.077779778092,5.3520557777698,493.611874348127,3.37058851266128,2
2026-04-09 06:00:00,0.270489044489167,19.4074348880897,23.7822873336437,4.25462466668723,496.271654066254,3.48100779499164,2
2026-04-09 06:15:00,0.2629915703986,22.4371197784377,24.030154666966,3.98543488890473,495.624615955104,3.60461386136345,2
2026-04-09 06:30:00,0.267885088930133,22.6070340003663,22.0328008886707,3.70543600001794,492.047081769347,3.41631870523921,2
2026-04-09 06:45:00,0.2834014370812,30.4209942225404,22.4631666667413,3.95370800003157,493.43047174646,3.50826445382515,2
2026-04-09 07:00:00,0.287947859332434,25.7300008879706,22.3740044444723,3.96427244447417,491.735604215367,3.5877566276572,2
2026-04-09 07:15:00,0.314324644494867,36.140274000937,23.2464002227733,3.7611326667032,496.655896777904,3.83368790189966,2
2026-04-09 07:30:00,0.353140303731267,37.2938662232717,22.5586260005877,4.00190311116347,499.607244902587,4.27288310942106,2
2026-04-09 07:45:00,0.3694864333511,47.5296812244174,24.532481334353,3.8809297778163,504.91797496012,4.75057741187764,2
2026-04-09 08:00:00,0.501857975362781,72.0139988780573,31.3684576522109,4.02090822224097,517.649555487057,5.35445914226223,2
2026-04-09 08:15:00,0.571503151922881,36.0136802230663,23.8430268887384,4.94582355557214,501.322940213971,4.27101312831069,2
2026-04-09 08:30:00,0.211646259266767,7.85555555549176,12.3452537776287,9.45108955521487,452.02678975012,3.36580786320078,2
2026-04-09 08:45:00,0.206055696312867,8.4807026667495,12.8780673332381,12.042100000158,457.47525560006,3.45711549866537,2
2026-04-09 09:00:00,0.189095966699333,6.7279768889833,11.6727571110569,13.6269588889617,453.029653126503,3.49363216084093,2
2026-04-09 09:15:00,0.164300307452967,4.58075555548807,9.00964444458049,14.9082044446122,446.430227515066,3.33410258727925,2
2026-04-09 09:30:00,0.1552842037141,4.17199399994727,8.15515000012513,19.1235235555611,444.422916831087,3.33943482033943,2
2026-04-09 09:45:00,0.139294055544667,3.48227911107604,7.2272700000656,20.212456444057,442.319511842563,3.29428987515644,2
2026-04-09 10:00:00,0.133919150668533,3.7085297777449,5.9115600000591,22.1584835554443,441.183370697364,3.3569810589947,2
2026-04-09 10:15:00,0.1315330840221,3.53999377774913,6.0538995555267,20.813724666069,442.79410463111,3.28026058062612,2
2026-04-09 10:30:00,0.1296035988398,2.5320795555878,4.1924631110974,23.4896479997784,437.35677471944,3.41600632871042,2
2026-04-09 10:45:00,0.129175013633433,2.1324326666844,2.93390933327413,26.5711864442993,436.219092712457,3.49697478502461,2
2026-04-09 11:00:00,0.130226893329133,1.32304644440767,2.2378938973717,29.309120359166,435.158648633796,3.51354136736247,2
2026-04-09 11:15:00,0.127392844349,2.3196395555442,2.65051733330243,30.6346860008794,435.08317452427,3.51670727589049,2
2026-04-09 11:30:00,0.1267691851001,2.4980382221925,2.743537555541,31.5061646673327,435.54994754093,3.61462261782315,2
2026-04-09 11:45:00,0.1303194620177,2.2800753333189,2.79986753841773,31.7094395389824,435.557086798933,3.56974821524259,2
2026-04-09 12:00:00,0.131350182246233,2.15358044444177,2.84396842730577,33.2569619831367,434.44919336396,3.67664907613006,2
2026-04-09 12:15:00,0.130726700777133,4.12983111087664,3.90958052989443,31.9679097779577,436.378878876411,3.77579384221612,2
2026-04-09 12:30:00,0.119392172509492,0.765856888932501,1.33525194362963,34.8083909227937,432.240001352593,3.85596789058436,2
2026-04-09 12:45:00,0.133598523071867,3.44117933321527,4.5336170256878,30.3543253333267,434.06075146409,3.89186096682331,2
2026-04-09 13:00:00,0.1320291241511,4.00996488866484,2.986392512839,31.829858188609,433.095041469224,3.63377396801968,2
2026-04-09 13:15:00,0.1278897850754,2.9315791110057,2.3286686666013,35.2167690256863,431.631378794567,3.76380962789,2
2026-04-09 13:30:00,0.1275312221075,2.7079146665729,2.27275111106947,34.5926683890807,431.680376054957,3.7176998154168,2
2026-04-09 13:45:00,0.128896112139966,2.61901933326103,2.50896964100977,32.9440390947144,432.079450208404,3.83583723953901,2
2026-04-09 14:00:00,0.1275897400605,1.31530088882903,1.66659449564943,33.105037607528,431.5907224471,3.69777414458286,2
2026-04-09 14:15:00,0.128974566818733,4.52262666637003,2.5941865812294,33.7099002225804,433.625138687151,3.45198306809986,2
2026-04-09 14:30:00,0.125933827809567,1.95664422222263,1.92191323071923,34.5703060005264,432.142068903734,3.43874296572708,2
2026-04-09 14:45:00,0.1273699726373,0.930205111155434,1.16354130867925,33.318420376724,431.309968685944,3.68263693149185,2
2026-04-09 15:00:00,0.133708837009,5.09962311141876,2.61032314527043,34.322802324994,432.170749240084,3.49256540713434,2
2026-04-09 15:15:00,0.1347051025408,4.57991266698154,2.25649977778653,35.1799136923173,431.68862718898,3.50304862955,2
2026-04-09 15:30:00,0.133486386312467,1.50364097430563,2.0273802563993,34.8022614360397,431.20165944091,3.43202114789773,2
2026-04-09 15:45:00,0.131830077480366,1.19787008547687,1.77549726493797,34.61862283789,430.780968393283,3.39991112378713,2
2026-04-09 16:00:00,0.133062196552933,1.39238044440327,2.11110605126077,32.613470291044,431.814092921444,3.43598687543491,2
2026-04-09 16:15:00,0.1351709309789,4.9072844447186,2.47910061538677,33.5460846671034,432.71966586072,3.26546848928906,2
2026-04-09 16:30:00,0.131686261419267,1.3595082221871,1.91048222222187,33.4019197439354,432.37985966292,3.14061720620884,2
2026-04-09 16:45:00,0.1336598444807,1.34313398291447,2.37411280344107,33.0825874361243,430.956837462557,3.32024557659018,2
2026-04-09 17:00:00,0.135794966116033,1.5124235384403,2.66724868378323,31.6812421882364,431.272827181554,3.82397085698312,2
2026-04-09 17:15:00,0.136540525922367,1.61704329909103,2.8155899487535,29.8196445820547,432.061740921214,3.2473330365791,2
2026-04-09 17:30:00,0.137424051848367,1.89147088884187,3.21289733337317,27.563091915209,431.73149688423,3.32154886045534,2
2026-04-09 17:45:00,0.1354754254773,1.60453088881827,2.81259384617993,30.2362142399464,431.490739815844,3.2146794514798,2
2026-04-09 18:00:00,0.138075340741,2.02621644435613,3.3343739146082,28.612635419706,431.688671484027,3.22381732524915,2
2026-04-09 18:15:00,0.1417686111629,3.08007511109577,6.8515768887805,18.9018611109587,437.580830009903,3.39622101004033,2
2026-04-09 18:30:00,0.148491911147467,4.12909466660927,10.453337110821,15.5645244441612,440.859604731517,3.75431374500495,2
2026-04-09 18:45:00,0.1409180370731,1.91594466665913,7.5704080510528,21.7022020005023,437.61997997465,3.82193577082252,2
2026-04-09 19:00:00,0.176958540728433,3.36812733329533,11.9819855554016,15.6355066665224,442.622686724823,3.76079824419215,2
2026-04-09 19:15:00,0.144266961138233,2.35252066666707,9.73808044431803,18.481491777641,439.587466344147,3.95590811051359,2
2026-04-09 19:30:00,0.135067733364034,2.22409422224367,6.60612355528663,17.7998513330059,438.00823252067,3.62249771906275,2
2026-04-09 19:45:00,0.137069166682067,1.60775369231667,5.6440722221888,20.804726222572,438.601816592777,3.66012289670855,2
2026-04-09 20:00:00,0.141770848198733,1.67495866665637,6.23468066643981,17.5087031108129,438.933618426167,3.70575584790427,2
2026-04-09 20:15:00,0.178500237007967,4.2218071110863,12.6299426664745,12.899715999752,449.09641135725,3.95987942710305,2
2026-04-09 20:30:00,0.183978540744133,4.74755599985737,13.4342142222023,8.88421044423457,447.81784331338,4.19576544203657,2
2026-04-09 20:45:00,0.188923774080533,6.18096866671867,12.8817933334978,9.6538373330996,454.238808129197,4.26027972119663,2
2026-04-09 21:00:00,0.226300718545767,5.8000408889903,15.6127482222509,8.53059511094674,461.56818514904,3.86913169991474,2
2026-04-09 21:15:00,0.485069997326505,7.2006439998741,18.6132335555758,7.50352377765016,465.70430074254,3.86117272427075,2
2026-04-09 21:30:00,0.272898481430067,6.79616644425616,20.6580062223083,7.21741222212933,469.126876960667,4.01950242989729,2
2026-04-09 21:45:00,0.2585926222622,8.66889288913065,23.4493486668117,7.3179199998998,473.392895539283,3.87236275741861,2
2026-04-09 22:00:00,0.2567531037457,7.58464155551374,22.794472889163,7.10770333325706,474.32576368134,3.99339542590076,2
2026-04-09 22:15:00,0.249568325959066,7.26322333329107,22.6026166669003,7.1950599999079,472.996351155937,3.82419124187221,2
2026-04-09 22:30:00,0.246481518549933,6.62517177765851,22.3963448890837,7.24259866653816,468.689947262214,3.81560219883634,2
2026-04-09 22:45:00,0.297329507393333,6.98411288897017,22.9695304447323,6.91639333328223,473.20553678086,3.89797887676362,2
2026-04-09 23:00:00,0.300685077784834,8.05821444476435,24.2286284443313,7.06262422220983,476.26007982199,3.83515905322029,2
2026-04-09 23:15:00,0.262231674110266,8.34771933355611,23.283619555885,7.24292555546994,474.454392809566,3.98413757675721,2
2026-04-09 23:30:00,0.249498266708933,5.56497199985447,22.7120366668663,7.2392048888251,474.829442472757,4.00569299129766,2
2026-04-09 23:45:00,0.251889148180933,5.94998577769884,22.3239597777853,7.36509755547247,473.155983037466,3.77658550147139,2
2026-04-10 00:00:00,0.359923835199333,5.51395199995873,21.8457519998253,7.10522422223383,477.36350703313,3.74827278032721,2
2026-04-10 00:15:00,0.45945355528002,15.7140617768011,23.4240975560687,7.27438244443199,481.25370751811,3.85825053338293,2
2026-04-10 00:30:00,0.284683385190633,7.39248377791451,23.454602889234,6.88880799996617,475.850246548967,4.0542058682443,2
2026-04-10 00:45:00,0.253516585233166,6.64133755551387,22.5684826667843,7.27044088881664,474.62871278974,7.36675207409063,3
2026-04-10 01:00:00,0.220520433384967,4.7153531110971,17.8550577777387,8.43441577762586,470.966868913157,3.69624698412586,2
2026-04-10 01:15:00,0.2009726185375,3.9880444444411,14.7462824442514,9.89470488865734,459.914607874983,3.79913029006341,2
2026-04-10 01:30:00,0.2178523222626,5.05339066661843,19.5255251105287,8.45260533323936,462.735838904036,3.76297827182238,2
2026-04-10 01:45:00,0.216393174117233,5.80403977771827,19.558127999632,8.3045926665182,463.394903422383,3.8684879536088,2
2026-04-10 02:00:00,0.198361859262067,4.17153311102694,18.0815468885449,10.233858222063,455.717205123793,3.65463476835115,2
2026-04-10 02:15:00,0.169571762994033,3.46486244439913,11.9449326663064,14.1696046669721,450.29199022655,3.49277518943491,2
2026-04-10 02:30:00,0.1524103000311,3.21349244439777,7.6683153333743,19.3049093331403,446.913190587313,3.33925606177759,2
2026-04-10 02:45:00,0.157897011156433,3.2804559999557,8.92016311087067,14.9702211107912,448.953518751317,3.49908834435091,2
2026-04-10 03:00:00,0.152002300059733,3.17702111108533,9.41853377736636,14.0151577774648,451.524683236177,3.56252019399537,2
2026-04-10 03:15:00,0.158330411162233,3.29143111104987,11.1642328888369,12.332481777152,452.758906466983,3.41800907805833,2
2026-04-10 03:30:00,0.143644320388,2.85951933329744,9.73986599989822,12.4259411105367,453.308737015503,3.26740706519903,2
2026-04-10 03:45:00,0.139079362979767,2.56503488886217,8.90372711097757,14.6151739999228,452.298436532346,3.15809666649654,2
2026-04-10 04:00:00,0.140228492616,2.90649822220574,10.7764304444521,13.9955582222435,451.53768911092,3.22158224146928,2
2026-04-10 04:15:00,0.151954503715567,3.26690822220527,12.8130937778639,10.412969110807,457.79768593377,3.40261501000386,2
2026-04-10 04:30:00,0.2010249259255,5.41316888878243,19.4818695549113,7.6527535554699,472.202096048053,3.6284088973973,2
2026-04-10 04:45:00,0.223194229691233,5.41173399989677,21.562576666408,7.08252333329924,471.976458731283,3.75580607323889,2
2026-04-10 05:00:00,0.2142396592962,7.31724666685507,21.856664222144,7.02508977773027,474.060853271843,3.48911024240118,2
2026-04-10 05:15:00,0.223049596359133,7.21841666686581,22.0108115555033,6.90606933326267,473.427635293167,3.33237349885468,2
2026-04-10 05:30:00,0.234272792621867,7.47452622245334,22.485165777897,7.02945755550417,473.26395446127,3.29354860771151,2
2026-04-10 05:45:00,0.2252494815367,13.1213317769023,22.044665333346,7.14759066663627,474.265703448916,3.25718245538463,2
2026-04-10 06:00:00,0.259525440804766,16.8880242213489,24.0209831109937,7.11837111107264,482.63878808906,3.20247348697558,2
2026-04-10 06:15:00,0.271034066757767,16.7989264438571,24.4767302218157,7.03456266661651,486.80419089187,3.25915382014255,2
2026-04-10 06:30:00,0.319874940764567,21.5458988899337,24.774397777628,6.68302577775403,501.53721343422,3.35927775063854,2
2026-04-10 06:45:00,0.448898871669547,29.3351940003484,25.1232180003377,6.56634466669187,504.341600648093,3.41862592195331,2
2026-04-10 07:00:00,0.513560058316702,29.7062904445907,25.6112617781137,6.48746200001363,504.98173391539,3.58555884317921,2
2026-04-10 07:15:00,0.451325633837952,34.6461791118847,25.4000091115534,6.03371955558106,504.88437997708,3.62014439617083,2
2026-04-10 07:30:00,0.452086977144876,51.3445887729502,25.32742866724,5.92879844447243,523.553287811066,3.83550294174221,3
2026-04-10 07:45:00,0.509076835293025,63.4661371843169,31.591513741583,5.87202888891636,528.308225046596,3.99389495163049,3
2026-04-10 08:00:00,0.552296170413464,81.3491462093893,34.6448373641922,5.84840066669413,536.441974530047,5.27921035198755,3
2026-04-10 08:15:00,0.494341411879803,71.0838105017357,32.964996326894,5.8929962222414,533.318826677153,5.62920261766614,3
2026-04-10 08:30:00,0.482619173153999,71.7289743512835,35.2790469528074,5.90368444446096,513.953996053437,6.65770826039365,3
2026-04-10 08:45:00,0.422541007839379,58.2045358773085,34.2255667832592,6.00591066668397,490.19454474892,6.52082183820507,3
2026-04-10 09:00:00,0.379454250053567,66.6987977857527,36.0804566054418,6.5370822222282,491.170304339293,7.75609237648449,3
2026-04-10 09:15:00,0.519439147457015,89.0415786520174,41.6530864994096,6.88737888886346,519.135009876193,10.7625197459582,3
2026-04-10 09:30:00,0.3116119407534,25.9924924443044,24.581655554868,9.36579599984133,487.381403767467,6.26460605159415,3
2026-04-10 09:45:00,0.2844740258927,16.0183100006104,22.9559862218764,10.2858851107469,480.062122660077,5.91659520424536,3
2026-04-10 10:00:00,0.238840377813133,19.554377333501,22.1241053329754,11.4545224441661,475.789988578763,5.61365802780324,3
2026-04-10 10:15:00,0.228193022257567,16.345228445203,21.4551702222976,12.5324202220732,469.454006022707,5.51403793552795,3
2026-04-10 10:30:00,0.2413422370437,16.307569334073,21.5667975558603,12.3149562219729,478.2119969024,5.34828314138539,3
2026-04-10 10:45:00,0.2405043037423,16.022722000549,21.7676824444296,13.2175004441684,476.427067398464,5.73970578034253,3
2026-04-10 11:00:00,0.277906748137567,18.254730000384,23.871932666422,12.555144221934,476.765982538887,5.82080801169496,3
2026-04-10 11:15:00,0.2218383704325,14.6990982224162,16.5858886663192,16.1737566668195,463.429029514894,5.07568922391207,3
2026-04-10 11:30:00,0.211749103768667,11.4630208882385,14.409649777503,20.7203515561502,454.054513939443,4.79638745822071,3
2026-04-10 11:45:00,0.1958890444806,8.5422904442944,12.0728559998849,21.5683373338509,450.39603256832,4.83186743676102,3
2026-04-10 12:00:00,0.184446785150867,7.3109251110272,10.0231457777091,23.207405333696,444.196032222567,4.72757776388732,3
2026-04-10 12:15:00,0.1830119777365,7.26003866647006,9.62644400008717,24.514258000334,439.181262176926,4.60019038237001,3
2026-04-10 12:30:00,0.1635141999468,6.72885511092216,8.46480000040664,27.8999613334583,435.060246252747,4.35363401477097,3
2026-04-10 12:45:00,0.143309255576733,4.2100337779891,4.37802492308904,32.979554222785,433.556953645507,3.86977929685087,3
2026-04-10 13:00:00,0.144021337045233,2.77984333330483,6.19145883775243,28.9910411115507,434.102880520667,3.89527793265365,2
2026-04-10 13:15:00,0.139882937049767,2.45902505977503,4.18256521370833,32.2551927523437,432.21089326103,4.02682506099027,2
2026-04-10 13:30:00,0.1510085555383,5.82029022254843,7.53938200030897,28.4125051113853,434.20838939813,4.36443961594419,2
2026-04-10 13:45:00,0.1397100703812,4.2261024447199,4.25498863247827,33.7313010258011,432.937963531427,4.01395524222618,2
2026-04-10 14:00:00,0.141819399998733,6.14988511139833,5.50129400014034,33.1920119315604,432.058022311934,4.78373282448658,2
2026-04-10 14:15:00,0.1450205481295,2.990975555543,5.5315173334395,32.3466337777077,431.625404076824,4.24273370874394,2
2026-04-10 14:30:00,0.141819474061867,2.30235644435507,3.84453644449217,33.18826227315,430.43648577846,4.33594772361069,2
2026-04-10 14:45:00,0.137477903712567,2.24817977767363,2.9188295726797,35.679428999839,430.469686687494,4.29244798190337,2
2026-04-10 15:00:00,0.138327622220033,2.2103753332388,3.0170595555775,36.570190444626,430.586401004334,4.43487385297709,2
2026-04-10 15:15:00,0.149047140768433,3.09138577769123,4.87256688897186,32.765874991128,430.999278390394,5.07477503871943,2
2026-04-10 15:30:00,0.144442866677333,3.4122564444066,4.66256422227634,33.1099281537067,431.776234581017,4.1045561301109,2
2026-04-10 15:45:00,0.151265540767333,3.42175599989386,5.58989622231471,32.2764304955457,431.566282700717,4.45078504733988,2
2026-04-10 16:00:00,0.1565047777848,3.3009171110402,7.40096999948208,29.5141687178577,432.212329526767,5.4807355443346,2
2026-04-10 16:15:00,0.1624099703807,3.1897972136231,8.01805688829055,28.0922692821314,432.750793933257,4.89248085013115,2
2026-04-10 16:30:00,0.162975592602667,3.08744822216093,6.1529813332378,30.389311829077,431.86735676449,4.96849096108355,2
2026-04-10 16:45:00,0.158932666673833,3.55849488884946,8.07359666627155,26.179684888713,432.844302855007,5.01290047921683,2
2026-04-10 17:00:00,0.1838298074171,4.57907355541246,11.2544739996613,25.095380444727,440.676087107567,5.11044353665025,2
2026-04-10 17:15:00,0.178799014825967,4.07432933326026,8.66857933306851,26.0959511109977,435.837137921203,4.41765031919123,2
2026-04-10 17:30:00,0.175733496315967,3.40900066661587,8.23879799955835,27.4093708376783,432.891905422797,4.18730603408996,2
2026-04-10 17:45:00,0.176988200029,3.70234099139323,7.85553733288658,28.7581561710075,432.57465921345,4.09627151856612,2
2026-04-10 18:00:00,0.1808152296381,3.9289142221544,8.31162733293852,27.4811708375863,433.088125501307,4.07257447211239,2
2026-04-10 18:15:00,0.1811537481477,3.23700244437867,8.48225288861048,25.7971268884927,433.730173574107,4.46834143064457,2
2026-04-10 18:30:00,0.1828966370409,3.84484111104426,7.93742022185238,26.9456182220533,432.737036847067,4.2147593358252,2
2026-04-10 18:45:00,0.170680874054233,3.09104844436973,5.29454517950344,32.3061264953847,431.44559087702,4.80181589296657,2
2026-04-10 19:00:00,0.161968399995933,3.58699088878896,7.90884729877462,29.292935606691,433.107202705913,4.63059939743124,2
2026-04-10 19:15:00,0.171415933324833,3.32325158970283,6.87400377731094,29.748352940264,432.27114169513,4.39567538348893,2
2026-04-10 19:30:00,0.174883244442433,3.89185577772746,8.76382666627038,26.2369273330642,434.669871788576,4.6530097254803,2
2026-04-10 19:45:00,0.186118359255133,4.4839753332787,20.1885848886039,17.9495133340808,446.80491760464,5.13335158990889,2
2026-04-10 20:00:00,0.169871133359134,3.76214422217093,21.8407268884149,11.7945951109432,444.07164130959,5.14611799078945,2
2026-04-10 20:15:00,0.173344374038133,5.15477444436684,18.1722406665594,13.4656673334225,445.2042384734,5.20281849617792,2
2026-04-10 20:30:00,0.185320318501767,5.13336022215214,15.5632562224115,18.7584800000142,450.304715184197,4.84243172781739,2
2026-04-10 20:45:00,0.2165772444856,4.3837842221571,22.928323554933,12.4178857777778,448.983309729464,4.85292561938851,2
2026-04-10 21:00:00,0.218883570398633,5.16034888875377,23.960819777578,11.2239062220371,449.20926633137,5.17789516780629,3
2026-04-10 21:15:00,0.220957940767033,8.32977311071513,30.8243498115309,9.06022688846128,448.54462511681,5.5922209798889,3
2026-04-10 21:30:00,0.225017459293666,7.23095755511954,30.2894979830863,8.54545066632367,449.328070857503,5.31331848224918,3
2026-04-10 21:45:00,0.220700755588067,7.11974777738311,28.0957617686763,8.89158288853501,449.63234139554,5.16905248594235,3
2026-04-10 22:00:00,0.278108881500567,8.07055111110058,29.5923216582973,8.22406577756163,460.422277285993,5.96661679452284,3
2026-04-10 22:15:00,0.268788600002767,8.43481933335534,28.448183424452,8.54094688861347,462.900629371203,5.80482754929205,3
2026-04-10 22:30:00,0.246488985179267,5.9176708889051,25.828216889199,8.53712222187883,461.685010631103,5.29862836875946,3
2026-04-10 22:45:00,0.179912062942067,2.45349022221314,13.7573784447268,13.3494155553933,445.930054966977,5.70707814943999,3
2026-04-10 23:00:00,0.155323451863133,2.00678444443297,10.2931017780862,18.2120366664614,442.068180732083,5.05213725413178,3
2026-04-10 23:15:00,0.150751766698667,2.38578355555553,10.5006997780692,19.018686222521,440.70082487227,4.91087363663936,3
2026-04-10 23:30:00,0.151788022232533,2.17475800000917,10.3438164446043,17.503338444393,439.200799923996,4.90414478590248,3
2026-04-10 23:45:00,0.1561802296515,3.15256155558533,10.8641846667729,12.3846275551901,441.405355721173,4.82683367991277,3
2026-04-11 00:00:00,0.167275481534733,3.90161911112933,13.9532226664925,9.12426777741323,443.839881746447,4.94733885694374,3
2026-04-11 00:15:00,0.1867439778145,5.37945044440624,16.3566766662816,6.87834577766363,444.699680262747,6.04864131035664,2
2026-04-11 00:30:00,0.190296229644267,6.77752355553046,18.6863028882266,7.2786364443246,448.3404587737,4.97701894088567,2
2026-04-11 00:45:00,0.208667525975933,7.66330066650094,19.7721791104705,7.70274088865349,457.553298900227,4.81251975199464,2
2026-04-11 01:00:00,0.2251790629976,9.25277044431953,18.3303295553225,7.31238577770406,469.022746262177,4.79163811974839,2
2026-04-11 01:15:00,0.243883866698066,9.66325111133488,21.2079131109058,7.33663999979683,470.298659828843,4.84555390517926,2
2026-04-11 01:30:00,0.245269637072633,9.40762266699153,22.2344982224258,7.14594488869117,472.65867506646,4.92653576639597,2
2026-04-11 01:45:00,0.246937503735366,9.40494044483413,22.1183411113385,7.1036062220317,473.09686664127,5.00620255977217,2
2026-04-11 02:00:00,0.244959629662166,8.32417644434863,22.0890444445792,6.69422088877706,471.38669596633,5.24588551662432,2
2026-04-11 02:15:00,0.183165562996467,4.57253244446357,16.2212497773086,6.48753933333823,442.912783766744,5.3350559414027,2
2026-04-11 02:30:00,0.163643037097967,5.41686088880537,15.7825228885447,7.63670177777007,441.327272005583,5.36965307538622,2
2026-04-11 02:45:00,0.150031422272467,4.9894999999754,11.5821224443177,8.44920466651043,441.46055669273,5.36220958482294,2
2026-04-11 03:00:00,0.149259740803733,4.73601577783103,10.68550199992,6.52736422215657,442.057619758593,5.26393090311209,2
2026-04-11 03:15:00,0.1485333926321,5.5072386666158,11.2024759999015,5.90451933324926,444.938682644716,5.17481693996726,2
2026-04-11 03:30:00,0.1480032963389,5.62610311109174,10.5930428887559,6.5560419999026,444.193608196477,5.03784725899114,2
2026-04-11 03:45:00,0.150743303732933,5.4333186666513,11.5758075555026,6.22280177766343,447.48242757607,4.95382259670139,2
2026-04-11 04:00:00,0.168215048196334,5.90711755569733,17.3830057774301,6.16631311100316,452.005234668927,4.94209737271855,2
2026-04-11 04:15:00,0.164218751875267,6.21219533331171,16.3554782219383,6.19910444436793,452.350999084123,5.06213213567092,2
2026-04-11 04:30:00,0.175833207427667,5.61191977794349,15.9076402219601,6.17566422214369,466.07328551346,5.12199743339915,2
2026-04-11 04:45:00,0.181411770390634,5.9785224445851,17.4714391108212,5.91386022212626,466.115933506793,5.26515037186764,2
2026-04-11 05:00:00,0.206356674114466,13.6414791100927,19.2587166662863,5.48466133327743,453.750211151163,5.98343408755475,2
2026-04-11 05:15:00,0.211904762998467,13.9062999990329,19.5403571107084,5.549182666627,459.58264937416,5.982932036739,2
2026-04-11 05:30:00,0.2453001111342,16.013687111489,20.19750288866,5.1849666666336,475.64460209819,6.36160090114977,2
2026-04-11 05:45:00,0.280349429623734,24.239515556176,22.1808611109443,4.85008999994584,483.577867600826,7.24050838598445,2
2026-04-11 06:00:00,0.251748385194833,16.0506944448007,20.877810221906,5.14463644439786,471.694721158949,6.87748272097267,2
2026-04-11 06:15:00,0.2436387703916,16.0616388893417,20.046732889003,5.56880177774846,478.640641022927,6.68024962018427,2
2026-04-11 06:30:00,0.241004896325567,16.7641744443732,19.836188444415,5.57409844442023,477.7809416335,6.85393188854286,2
2026-04-11 06:45:00,0.243933837043433,16.7388022226307,19.9197808891387,5.56137844442427,485.687587338494,6.86302536816776,2
2026-04-11 07:00:00,0.255016918562667,20.3738535550217,20.106287778043,5.1375891110894,488.319708419517,6.94013925549427,2
2026-04-11 07:15:00,0.246221177790667,16.645831333773,20.198341333444,4.78812377775147,483.910314454807,7.48828965346193,2
2026-04-11 07:30:00,0.2298437111599,17.6709793322919,19.595285555448,5.47656844438817,458.199613934619,9.11939011791708,2
2026-04-11 07:45:00,0.2269434296917,17.2596593329633,19.6902106665317,5.30821311104343,460.556890368136,9.27318927273453,2
2026-04-11 08:00:00,0.231321155616667,19.8793433331183,20.0619944442297,4.79184488884756,462.609204781603,9.39276440010248,2
2026-04-11 08:15:00,0.222434866739033,16.7776873332983,19.5837882222537,5.27602333328293,461.677270687606,8.66618175974683,2
2026-04-11 08:30:00,0.2117479593052,10.2425404440871,17.8179757771671,5.11893488879623,459.064373020926,8.34937521428395,2
2026-04-11 08:45:00,0.195559044449567,8.54743333339103,14.6976108885665,5.9454835554737,451.000708693236,7.88652159689375,2
2026-04-11 09:00:00,0.173695311135767,6.0327751112098,10.6974017777889,15.3283471114351,444.829028628193,7.62444532066794,2
2026-04-11 09:15:00,0.172309925969367,6.26098777785223,11.0762871112495,14.0045468891292,444.452277574277,7.2341287799729,2
2026-04-11 09:30:00,0.166656303739634,5.95622488888624,10.9342857777915,15.0998466670723,444.12279130497,6.94163104200338,2
2026-04-11 09:45:00,0.1541864444886,5.06527133331334,8.82099177769417,20.4101286671215,442.194146299196,6.62233018519144,2
2026-04-11 10:00:00,0.1596780814962,5.66883733333544,9.64548399992776,20.130085333671,442.148031869496,6.72612913956364,2
2026-04-11 10:15:00,0.163703170419267,6.13549377784136,10.0171026664949,18.6459435558684,442.602316980616,6.45809651658065,2
2026-04-11 10:30:00,0.162965814845167,5.48865133331884,9.42141799998726,20.3501500004008,442.26628563112,6.1744861519283,2
2026-04-11 10:45:00,0.157031037040267,5.87274533324606,8.46643066680747,22.1717384444643,438.02309633364,5.9114557602936,2
2026-04-11 11:00:00,0.176123866635267,5.4714826665055,8.84405777779801,22.1600415555127,439.218557626163,5.89256118324481,2
2026-04-11 11:15:00,0.150541533347867,4.01363644439504,7.86845400028127,22.860303999952,436.249400805266,5.49374614430728,2
2026-04-11 11:30:00,0.1529192666846,6.90672844450377,8.58043311125674,20.778561555569,441.809076356614,5.5492680635939,2
2026-04-11 11:45:00,0.186350162945467,7.58495155550817,13.8574524449792,12.1264431109787,446.110449112794,6.74262022315574,2
2026-04-11 12:00:00,0.189202474061867,9.0198011109601,14.2025728891446,11.5370104443332,446.96793924751,7.34260562545479,2
2026-04-11 12:15:00,0.188474992588867,8.6148028886777,12.4098286667791,13.4000884444201,446.75752249133,7.97785177489833,2
2026-04-11 12:30:00,0.164393792613333,7.11180555547137,10.104249333255,20.280738444993,442.841516564847,6.40810234697738,2
2026-04-11 12:45:00,0.1607355777721,7.03296799985421,9.93907044437717,20.4975737780427,442.47487460392,6.43259583735463,2
2026-04-11 13:00:00,0.1840856518313,8.1783677776573,12.7360882224867,16.2299437780932,446.000709334867,6.70778695701292,2
2026-04-11 13:15:00,0.1831121629486,8.62147711092766,14.3012388889738,12.5685257777807,447.281537485253,6.79345709827012,2
2026-04-11 13:30:00,0.1783190296164,8.6271908888083,13.2865233337548,16.8548086670032,448.37010447652,6.48372396151063,2
2026-04-11 13:45:00,0.1553482666376,6.52158088850124,8.76452800034784,23.5061480000883,438.05131545921,6.13419386060157,2
2026-04-11 14:00:00,0.141143885205767,5.92826333301577,6.01462933348537,28.0828791113023,434.928708191474,5.55208139420307,2
2026-04-11 14:15:00,0.140500955565667,5.492747999846,5.49393088896863,31.0773897778357,434.521526947274,5.65659137489376,2
2026-04-11 14:30:00,0.1533707592349,6.67122311066458,8.23601444476934,26.1853142225013,435.130729299907,5.80603672417685,2
2026-04-11 14:45:00,0.166965111170767,9.0578242223315,18.7455517776567,11.5322975552407,444.628651623827,6.17660733522441,2
2026-04-11 15:00:00,0.183269074052967,7.59690888834047,10.3509271110415,23.0803928889,441.29190962824,5.84158118108381,2
2026-04-11 15:15:00,0.183763911076734,6.49071555515877,7.76361377782167,28.4552851108147,436.120847984127,5.23739699661125,2
2026-04-11 15:30:00,0.160641525929267,4.97856222202733,6.98801022231527,29.2819357776133,434.34713482378,4.88067786661853,2
2026-04-11 15:45:00,0.154311511101767,3.0297202221524,6.62839577781174,29.3565866664617,434.188187106293,4.93986462449651,2
2026-04-11 16:00:00,0.163673362935933,3.23016422214617,5.22377533336323,32.2704797776397,435.699075517164,4.57237340291725,2
2026-04-11 16:15:00,0.159401896292533,4.76306822203487,5.40146000001954,32.767089999786,434.344060600467,4.53272186627818,2
2026-04-11 16:30:00,0.164393096270033,3.31688133325037,5.16145133334377,34.660137777711,436.278882072697,4.98525972968942,2
2026-04-11 16:45:00,0.154393718509633,2.6393437777453,5.11501511115777,32.530487555591,435.620546192494,5.54808318110966,2
2026-04-11 17:00:00,0.155801007404767,5.30053088861923,7.28572111131764,30.7520022226877,436.72769721716,4.32704151012418,2
2026-04-11 17:15:00,0.182266155536833,5.18027022203077,6.40238244442101,31.1011608890234,436.84395481848,4.36643036676541,2
2026-04-11 17:30:00,0.149399977787467,2.54504333330417,5.08240380954606,31.6588237773347,434.591770929321,4.40887674778542,2
2026-04-11 17:45:00,0.1482631185366,2.41643777776423,6.06874003183703,30.6126913338323,436.34127160945,4.07492030922589,2
2026-04-11 18:00:00,0.153242414818333,3.665073555447,7.2475862224535,28.6083720001147,436.758122448077,4.11580692748758,2
2026-04-11 18:15:00,0.142460170412733,2.56046111108354,5.4660562222757,30.5354182223057,435.944026900767,3.87477929365711,2
2026-04-11 18:30:00,0.146620792625867,3.05992533323857,6.46597555566587,27.503050222439,434.713414019343,4.03253958507029,2
2026-04-11 18:45:00,0.1447107815333,2.85327266658697,6.8872902223237,26.35184400047,437.852476575777,4.22236207448327,2
2026-04-11 19:00:00,0.153407007414067,3.97336399999217,9.92184488865776,20.5711846663787,439.200789532373,4.59114531295527,2
2026-04-11 19:15:00,0.150148681538934,2.8700755555245,10.5352182221737,19.481701555423,439.632795861313,4.7976286773142,2
2026-04-11 19:30:00,0.150251711172434,3.15722511107113,10.5243866665434,18.5276879997423,439.339123388293,4.59259737042521,2
2026-04-11 19:45:00,0.1480619556257,3.12383399995604,11.60414422216,18.7000391108863,439.685904929206,4.8494630278121,2
2026-04-11 20:00:00,0.141961444496467,1.471780444465,6.85960933326457,24.090796000252,436.453334816693,4.46251417311964,2
2026-04-11 20:15:00,0.167238525933367,5.19766111110707,17.5512993332095,14.381055556087,442.13081412,6.53539305291708,2
2026-04-11 20:30:00,0.1565890037651,5.111839333319,22.0342760000891,7.92936533301796,443.161695303023,7.37073799249656,2
2026-04-11 20:45:00,0.161396444469734,4.40100644450596,18.4469002216487,11.8665662225261,441.94982777882,5.67194592614787,2
2026-04-11 21:00:00,0.177986703663333,3.8456551110432,11.6653982221,19.7310975560173,443.166859839503,5.09989198440409,2
2026-04-11 21:15:00,0.155769059273934,3.80258555556323,9.01079600006627,20.9151486667833,439.634818218879,5.42702238524691,2
2026-04-11 21:30:00,0.166969851846533,4.0161904444262,10.1801675552345,19.9593328893017,439.36645678091,5.63514413982618,2
2026-04-11 21:45:00,0.162598074089834,4.3327268889399,11.4829148885495,16.6982980003654,442.223291965947,6.74686284595563,2
2026-04-11 22:00:00,0.170010451875133,4.40629133337537,12.1148324442852,16.2272837780664,440.719665152646,7.77672195307539,2
2026-04-11 22:15:00,0.177899607393,4.54347777782087,12.9112031110129,12.9295131115276,442.21594746959,8.40633979729552,2
2026-04-11 22:30:00,0.2075678740745,5.83402666663744,16.0167275544699,8.60006244422966,450.512445007013,9.02099565942379,2
2026-04-11 22:45:00,0.217073185243233,7.62339777779485,17.1821259995154,7.82567066655003,451.495963737077,9.07719236018844,2
2026-04-11 23:00:00,0.212377711134167,6.38370444442201,16.9102308883552,7.97547266653934,448.980018585777,9.4114181373522,2
2026-04-11 23:15:00,0.203318700020167,6.62129688880808,16.9758299994748,6.62585288878623,454.65706911644,9.26584148271209,2
2026-04-11 23:30:00,0.2135240481926,6.30200355553771,18.9629122220447,5.3321366665731,464.85441463048,9.23577546463856,2
2026-04-11 23:45:00,0.2157673518891,6.61388933326651,17.952158888632,5.0068162221526,470.21474024237,9.22358137688659,2
2026-04-12 00:00:00,0.225332381525167,7.50258111104222,19.223635777679,5.1437873332576,468.2168753118,9.55905606606876,2
2026-04-12 00:15:00,0.220206337074033,6.64286422214054,17.9086328887127,4.37507422217103,475.862404802446,9.62075516804706,2
2026-04-12 00:30:00,0.22304413338,6.1750984444943,19.016334444363,3.96987644439313,473.911769995983,9.58294155963857,2
2026-04-12 00:45:00,0.2287728630017,6.84938333339591,18.5639819999477,4.14578666662724,471.17729796355,10.2428869657573,2
2026-04-12 01:00:00,0.189081900000633,4.99948266670119,14.5100828885958,7.99986755539777,455.388817982793,11.6917250883397,2
2026-04-12 01:15:00,0.1809180518396,5.0547768889343,13.8254844442356,8.6683955552356,445.762349825937,12.4255558723496,2
2026-04-12 01:30:00,0.190661600016933,5.28626355560733,15.5583057773191,8.64448333307603,446.026336631314,12.8021839347928,2
2026-04-12 01:45:00,0.2029044296232,6.35908288877154,16.867373777222,5.9507606665808,451.44155397639,12.6807102111275,2
2026-04-12 02:00:00,0.212268992630467,6.31990044446837,18.9795673328946,4.83854822218193,446.505311256633,12.1252919890974,2
2026-04-12 02:15:00,0.2107062334004,6.75561333332592,18.9738879995643,4.84799555548923,451.748924009013,12.8881091832285,2
2026-04-12 02:30:00,0.202030551889167,6.19362999999444,18.8602351106037,4.92331377773582,452.502119574837,12.2155578537164,2
2026-04-12 02:45:00,0.2125685555834,6.24557088887871,18.8828057773347,4.3534424443933,466.021957690313,12.1738112599583,2
2026-04-12 03:00:00,0.216913462986933,6.44000933337358,18.987102888499,4.42665222217704,466.747696402156,12.3326596948798,2
2026-04-12 03:15:00,0.213739925957367,6.68422644438508,19.0896059995464,4.5452744443923,466.563196626593,12.3007636104988,2
2026-04-12 03:30:00,0.2133049481832,6.46377911105738,19.0732437772963,4.34364888883667,470.291464044683,12.4465868090895,2
2026-04-12 03:45:00,0.2163250444782,7.84857711124718,19.6060424440687,4.19307688883967,469.268283856226,12.4584227387697,2
2026-04-12 04:00:00,0.194890555598133,5.85356222218861,18.8638808882663,4.8293177777098,454.344803175286,13.3413805067176,2
2026-04-12 04:15:00,0.188783896306,5.9043977777846,18.412154666043,4.63472466662783,451.838209926117,13.7253130329069,2
2026-04-12 04:30:00,0.219574981505233,7.35711644441345,19.3995411106227,4.39485511106127,466.242232085263,13.6975523826485,2
2026-04-12 04:45:00,0.2298668926368,8.50994355577835,20.8450364441376,4.0296766666346,468.918000924306,13.5048611380868,2
2026-04-12 05:00:00,0.225485474106133,8.11553844460522,19.490700888545,4.2421306666165,466.852991870159,13.5166591684438,2
2026-04-12 05:15:00,0.220011214836133,7.78168044459862,19.1292875551683,4.41731533328374,466.914505348466,14.1613825980974,2
2026-04-12 05:30:00,0.199517944487733,5.8404139999738,18.6111175550403,4.6599591110648,453.38786383986,14.4425595899219,2
2026-04-12 05:45:00,0.199649700030067,5.71985977779363,16.3294553328763,4.70159666662083,453.165614203507,14.5699086025378,2
2026-04-12 06:00:00,0.1849743222143,5.39844155555993,15.1437153329617,5.10348933326833,454.165632388213,14.5040976329437,2
2026-04-12 06:15:00,0.182350874082267,5.03365111114476,15.3576008886132,5.5001706665999,453.639863153177,14.5338023269762,2
2026-04-12 06:30:00,0.184693637034267,5.93755533329441,14.3965548881561,5.09038355547356,455.580442535357,14.7676295677196,2
2026-04-12 06:45:00,0.180954266699133,6.59469955552364,14.3030875549934,5.34402222211893,452.763946994267,14.5891026369937,2
2026-04-12 07:00:00,0.192281644442133,9.21918688859371,18.837827999741,4.97030755545847,458.854922077783,14.9741615504341,2
2026-04-12 07:15:00,0.1609998000392,4.58256066664933,11.5133271111481,10.0099026660016,448.245223152524,14.2398983002655,2
2026-04-12 07:30:00,0.142938192670067,3.07694311115293,7.88575022223305,14.9199728894306,440.206074824123,13.2475156162628,2
2026-04-12 07:45:00,0.135897129647533,2.24349822218053,6.8446846666173,17.067077111601,438.53803895174,12.3183794843624,2
2026-04-12 08:00:00,0.133858862971534,2.69792244446747,6.34377377771774,15.3432086672215,438.81523334239,11.9082443966585,2
2026-04-12 08:15:00,0.136174055576933,2.8550264444805,6.70842488887374,14.1028560001029,440.13732965068,11.7515547923463,2
2026-04-12 08:30:00,0.135018248161833,2.82157688893333,6.60235577780967,15.6648040006204,439.863969302283,11.4180492780226,2
2026-04-12 08:45:00,0.134997811112,2.63312488893126,6.18621622223917,21.2831726667678,439.40389249923,10.7123849435786,2
2026-04-12 09:00:00,0.134630788902767,2.83361333337413,6.65527266667534,16.7460693336564,440.409530961643,10.7373271152921,2
2026-04-12 09:15:00,0.143802914886733,3.7812000000172,7.71545977773971,15.1903855561922,441.508223325587,11.2963080212235,2
2026-04-12 09:30:00,0.179613451827033,4.4113933333641,9.9600859996512,12.4934722220497,440.868753456513,11.5170917918281,2
2026-04-12 09:45:00,0.147822570423734,4.72253577773147,8.11197022225557,12.1972768886446,444.405094120137,11.4719782438361,2
2026-04-12 10:00:00,0.143089266713833,3.88056355557184,7.19272955566587,13.3644699996234,442.704117207263,11.2267073322111,2
2026-04-12 10:15:00,0.1472899889265,3.88143666668534,7.4689613334014,14.1217508888431,441.576049373603,11.3896145660326,2
2026-04-12 10:30:00,0.149053207441933,4.6211620000143,7.95211955567037,15.6677735560317,441.703402586363,10.9527562990769,2
2026-04-12 10:45:00,0.139143711137033,2.71037400008566,5.5701191110603,21.1360791111405,438.420359236416,10.0712439336521,2
2026-04-12 11:00:00,0.148475244480767,3.71536533336376,7.60637333333851,19.8234724445807,439.666905098146,13.1700065308961,2
2026-04-12 11:15:00,0.147693855632434,5.53042666666577,8.39127644425047,20.1701811114227,441.13398788821,11.5345984954635,2
2026-04-12 11:30:00,0.151002337092667,5.59605422216953,11.6251053330113,14.7340660000666,441.74496587133,10.5765513369578,2
2026-04-12 11:45:00,0.143772663050767,4.59759266661104,8.32522911088571,19.8980773331637,440.59255742819,11.7840339921749,2
2026-04-12 12:00:00,0.1335011407831,2.94786911103507,6.5468802224874,27.486473999914,436.392099952383,14.3033795795672,2
2026-04-12 12:15:00,0.133202805175733,1.66807622218874,5.92068533337386,25.0853053335273,436.468158667987,14.5038542821743,2
2026-04-12 12:30:00,0.1420233741223,5.48042777772123,7.64516400019221,22.55555377796,437.622360344727,14.4086907553271,2
2026-04-12 12:45:00,0.132790738499,2.39219822223043,5.61839600003347,29.3369611111346,435.685538156577,12.0313488758143,2
2026-04-12 13:00:00,0.135718285216733,3.05826711106793,7.0305851113548,26.2534606670736,438.301610467897,11.0468189462477,2
2026-04-12 13:15:00,0.1296693378446,2.00407799999247,3.74254430761943,31.549874666635,435.479602924683,11.0748158844817,2
2026-04-12 13:30:00,0.1305889600599,1.9157106666612,2.6567966153145,30.6163997782123,434.497260095723,10.9444125485191,2
2026-04-12 13:45:00,0.131851708892233,2.10440666664447,3.95312203417667,32.178340016753,434.298528672366,10.9910981256332,2
2026-04-12 14:00:00,0.131898162999567,3.1213479999383,5.02356312822617,31.693924888483,434.432954591263,10.8813937277785,2
2026-04-12 14:15:00,0.1319304644375,3.49930977774483,4.7950142221964,31.1687937773994,434.439929024926,9.84963605808111,2
2026-04-12 14:30:00,0.1424914000145,5.15982599977147,6.61410511137126,30.2598644441703,434.42407787784,8.46949763587335,2
2026-04-12 14:45:00,0.1515216814744,5.113000222007,6.38033822231734,31.158663555099,434.137216330487,8.1444692057818,3
2026-04-12 15:00:00,0.156104577782667,6.89457822157734,9.1765973332789,27.4590311108757,434.940319474077,8.36660380927407,3
2026-04-12 15:15:00,0.1465359185615,5.44604733309743,7.9617971114064,27.5388091113907,436.094790562114,8.11728955669838,3
2026-04-12 15:30:00,0.136241870399667,5.7914206662928,5.14855933343787,32.5411686665887,433.86012155455,6.88398652757715,3
2026-04-12 15:45:00,0.1650625629398,7.92587866654954,6.0484111111694,32.11277044425,434.068957622103,6.69999826754152,2
2026-04-12 16:00:00,0.145104051851,7.5325033332285,7.13374977804163,30.2219334869973,434.631370859984,7.14765386463501,2
2026-04-12 16:15:00,0.141520337051833,6.4189144448071,4.7429508889045,32.8479698286934,433.401477345747,7.14599543048076,2
2026-04-12 16:30:00,0.132909792618233,5.9015604448157,3.98818044446497,36.692543777906,433.455376160644,6.53611612100584,3
2026-04-12 16:45:00,0.1338734963278,1.7334135555012,3.66307422223627,34.03855199964,433.16022873538,6.85503155217785,3
2026-04-12 17:00:00,0.131124029653667,1.96590044435857,3.8329557777952,37.614235333405,433.461711485064,5.75764127137153,3
2026-04-12 17:15:00,0.1395444815083,7.07467400031856,4.5778002222347,36.9537637780544,433.637755796597,5.60715404221281,3
2026-04-12 17:30:00,0.130129821101233,1.74895444438013,3.79773177779366,36.8292687217324,433.29018282697,5.74577627852165,3
2026-04-12 17:45:00,0.130028924836567,1.6450324443998,3.56932311111973,36.3412539993207,432.9277076116,6.11371919479186,3
2026-04-12 18:00:00,0.135401133336067,1.70400133329633,4.79234977777127,30.2712058287373,434.329427260396,7.593001324529,2
2026-04-12 18:15:00,0.146239703714333,2.57753999997574,7.6269900000098,20.575824666696,438.694450415636,8.77042314510782,2
2026-04-12 18:30:00,0.146265118535667,2.9620002222214,7.27630644425243,16.873218888996,438.600757827499,8.61535602338732,2
2026-04-12 18:45:00,0.145805133362133,2.76566511106504,7.64023377782234,20.34161066665,438.432028181713,8.21164386388213,2
2026-04-12 19:00:00,0.144863962978,2.67552466663273,7.3031295556398,22.083440222395,437.606295690167,7.74494636340021,2
2026-04-12 19:15:00,0.147783718555667,3.05024888884877,8.15170688865864,19.0461366667177,439.536438860893,6.92289863527198,2
2026-04-12 19:30:00,0.158725611130434,5.19273200001037,12.31581422172,13.6486855557194,440.20068878247,7.85587087871721,2
2026-04-12 19:45:00,0.172471644431167,5.43589755547953,10.2058635550112,12.6059066666745,439.96097832783,8.17112127877608,2
2026-04-12 20:00:00,0.169955303717967,5.85669711108764,10.481097777265,12.103953999758,439.55177437232,8.24967971474727,2
2026-04-12 20:15:00,0.185838555560133,6.07291444435012,12.4918137774411,11.545283999984,439.463165815597,7.76868166869088,2
2026-04-12 20:30:00,0.185456281458233,5.7517126666255,11.8208059997904,13.1910713332492,439.950746155727,7.3793020285853,2
2026-04-12 20:45:00,0.168938874090867,4.9405386666449,10.1363915552442,15.3088482224302,439.19379032084,7.50245586969431,2
2026-04-12 21:00:00,0.162619992614833,5.11224888886417,9.37598622204533,19.766511777964,439.350099419956,6.92090934435928,2
2026-04-12 21:15:00,0.143952892606967,2.59011555552087,6.75871333339574,22.8194482225587,437.110466488317,8.34739912329728,2
2026-04-12 21:30:00,0.139508314839234,2.01290288886033,6.4023595555819,22.205069333636,437.46467724446,6.47856067373772,2
2026-04-12 21:45:00,0.140353518551033,2.36749822217603,6.4484037778497,25.6370360005453,436.87859013757,5.99772798981122,2
2026-04-12 22:00:00,0.1390520148487,1.88754088885253,6.4464277777665,22.6926284449133,437.5071907535,5.80589678579478,2
2026-04-12 22:15:00,0.142429496364134,5.15016711098614,8.08428311120104,21.5717506669253,440.355245042397,5.94940001285389,2
2026-04-12 22:30:00,0.144828422242533,2.83109555552357,7.00294644459593,21.887948000107,437.390767163697,5.22686253722683,2
2026-04-12 22:45:00,0.128963524205933,1.75122377775373,3.96618777776313,27.717954888766,436.475251702753,4.55547730419107,2
2026-04-12 23:00:00,0.1264483766199,1.63790777774093,3.3742991794705,25.8636062220357,435.936509701906,4.6408643784596,2
2026-04-12 23:15:00,0.1285204204939,1.4933111110945,4.0831296581396,25.2526711109637,435.548711779643,4.78181956685896,2
2026-04-12 23:30:00,0.139162803718067,1.8368495555079,5.15819422229303,27.4354822225656,435.047665587086,4.73949284225721,2
2026-04-12 23:45:00,0.134339938499267,2.47121199997126,5.04218200007714,27.926510888391,434.48604239764,4.75145125827318,2
2026-04-13 00:00:00,0.127829100860667,1.2583373333369,3.51813965811193,28.1785131109657,434.18182798852,4.47425230061846,2
2026-04-13 00:15:00,0.1251987856953,1.22702511109937,3.0455133332978,28.2043675554797,435.006973964097,4.38895707835556,2
2026-04-13 00:30:00,0.127088178904667,1.2140564444618,3.64990244444037,27.156680444343,435.055102112303,4.65143493199769,2
2026-04-13 00:45:00,0.117911321920683,1.41709088884283,3.19456199998583,23.7604546662153,434.576214312883,4.57723942586754,2
2026-04-13 01:00:00,0.118456517388659,1.20982088887253,2.97542955552373,22.7510848886737,435.912853936467,4.67746915938142,2
2026-04-13 01:15:00,0.1270590102487,1.41636866666417,3.97095799996683,19.9272046662803,438.482238441073,4.82184085558029,2
2026-04-13 01:30:00,0.118221349304976,1.40066422221203,3.39003244442906,22.043357777785,437.160909113066,4.96338467030855,2
2026-04-13 01:45:00,0.125697645009633,1.20299998288574,4.105619555548,20.5525804443163,436.7207116704,5.12961470708659,2
2026-04-13 02:00:00,0.126736027912767,1.5086946666573,3.8320188888596,20.1730333332736,437.450811684227,5.2355631888421,2
2026-04-13 02:15:00,0.129351144436734,2.07592711111643,5.5192402221463,18.8541631106553,438.761949947737,5.21982457058996,2
2026-04-13 02:30:00,0.130873003688867,2.07764733332547,6.34389866653953,18.742945555088,438.838161132393,5.11866900278471,2
2026-04-13 02:45:00,0.1317793592473,1.52203444441224,5.7809833332606,20.429212666688,438.35025859235,5.08191836300486,2
2026-04-13 03:00:00,0.138243551887,3.05047044445313,9.0556593332906,11.6140664439202,440.760157896296,4.82682980289505,2
2026-04-13 03:15:00,0.137658374114533,2.69529377773717,7.0779755553927,13.1500235551994,439.77777358515,5.04890395716294,2
2026-04-13 03:30:00,0.1415308000428,2.71987333329064,8.50226866657944,11.3439086661639,440.229534986696,5.65271245478325,2
2026-04-13 03:45:00,0.136852818555834,2.71216155551947,7.41712955540761,11.4539717771114,440.62454523192,5.50513654618782,2
2026-04-13 04:00:00,0.1347376037473,2.77437533331193,6.7286237776831,11.6483662216071,440.05707900318,5.75100303069257,2
2026-04-13 04:15:00,0.1339836310908,2.50691111110027,5.15032866668533,12.6960277776572,440.23627377551,4.89041073786421,2
2026-04-13 04:30:00,0.1329223592822,2.72782933333516,5.39526200003936,10.9519824441153,440.838739249436,4.8860927266824,2
2026-04-13 04:45:00,0.1320776555744,2.67087355557676,5.2413462222512,12.1210673329861,440.777333628313,5.44197173959122,2
2026-04-13 05:00:00,0.1329449370454,2.58709311108467,4.35240999999353,12.0808673330063,439.694255254796,6.0756068369473,1
2026-04-13 05:15:00,0.134502085204733,3.3377222222086,6.3948364444819,9.82931666621429,441.742727842539,5.64369905326087,1
2026-04-13 05:30:00,0.136779366686167,4.55435022216427,8.89678200001191,9.25347844401588,446.915490202363,6.0158179537962,1
2026-04-13 05:45:00,0.1389144926194,3.70959066664987,7.92070755547131,9.81495377728606,441.555626860226,6.49084038496766,1
2026-04-13 06:00:00,0.203422874064367,5.22142844448933,12.1253966662285,6.67862533320931,444.968833729187,6.37709966886317,1
2026-04-13 06:15:00,0.177474525969567,4.78567600008033,11.08959577754,9.45164711048422,447.164239837246,6.5033180483306,1
2026-04-13 06:30:00,0.142547666724867,2.9890102222421,8.83548999966844,12.0447944443966,441.128677128993,5.68490925157329,1
2026-04-13 06:45:00,0.1416393741433,3.4131631111449,8.55525066645151,14.8685688892027,441.844474406383,4.80347565408635,1
2026-04-13 07:00:00,0.1448122852484,3.71859711112487,9.62857799993247,13.2107155557365,444.909943427293,4.36629024335189,1
2026-04-13 07:15:00,0.145403588967333,3.26980266669417,9.14410422205683,13.6654497780294,441.067194660213,4.10283244051026,2
2026-04-13 07:30:00,0.162687377795067,4.4814135555799,11.2502828885694,18.8268944446687,442.857184096447,4.00484426697105,2
2026-04-13 07:45:00,0.1473773408196,4.47840488888587,9.7405395554161,18.1234335556693,442.698706734953,3.65417642600725,2
2026-04-13 08:00:00,0.14700410377,3.8812106666808,9.94126222217709,17.2009231111759,441.995707604,3.55131222884704,2
2026-04-13 08:15:00,0.154528288931667,6.1136319999828,15.184925555585,12.7694771111664,443.607275044217,3.51672695664788,2
2026-04-13 08:30:00,0.164036037081734,6.04962911107564,18.1825722219099,13.5762031112124,443.514755543337,3.61598727210655,2
2026-04-13 08:45:00,0.1526916889199,6.18406044444429,17.7632291107868,11.9310206665239,443.344312478797,3.62384824851381,2
2026-04-13 09:00:00,0.154127237072134,6.92156533342566,18.6486202217499,11.0259413332596,444.949043623041,3.5576577363136,2
2026-04-13 09:15:00,0.1554628000397,4.8104815555145,11.7338011108629,18.9975819998722,444.035855392633,3.66999883104481,2
2026-04-13 09:30:00,0.339242829650934,6.59953222232811,13.7263464446423,19.9359582227385,447.000023715054,4.31585608981616,2
2026-04-13 09:45:00,0.631037784190019,6.84464955563854,14.5408059999352,17.6583640001655,447.284588127547,4.01995937892392,2
2026-04-13 10:00:00,0.1949692000293,8.02870444447207,16.8293484440943,11.4504117778391,449.417415376697,3.36213770217564,2
2026-04-13 10:15:00,0.173685770426567,8.03786888904953,14.2200617775919,12.4064695557711,446.47150190621,3.06165964845679,2
2026-04-13 10:30:00,0.164297218553167,7.70174244469387,13.2809275552871,12.4606577779492,446.007074419546,2.98905195117744,2
2026-04-13 10:45:00,0.165833274127234,7.4057302223344,13.0723215554217,14.0259582223911,444.642780810187,3.09181719888813,2
2026-04-13 11:00:00,0.176250466690233,8.1667486668506,14.4336771107929,12.3074086668199,447.301668138316,3.37092909368898,2
2026-04-13 11:15:00,0.184405503693967,7.96713600020104,15.9496122221888,13.1411731111547,447.988631488653,3.34927306129666,2
2026-04-13 11:30:00,0.156601233375567,7.11023133340624,12.6133817777482,14.0393108890512,444.372297483897,3.13864609192987,2
2026-04-13 11:45:00,0.1698693556172,7.74170866680726,15.1493202222177,11.1937304443467,445.667932092743,3.06283849027537,2
2026-04-13 12:00:00,0.202094870390733,8.68961155579294,19.2550279997923,8.9351057776405,451.148691355493,2.94192267285541,2
2026-04-13 12:15:00,0.213100733345833,9.1270882223694,17.7695131109488,11.0457304445159,449.94611793043,2.91880977401068,2
2026-04-13 12:30:00,0.210396770367666,8.98448888903104,19.392327777569,7.43079177767827,448.641432107953,3.01015466604444,2
2026-04-13 12:45:00,0.192558622235,8.42910022230146,17.8098428887259,11.7587273333722,445.710522552363,2.96362466023973,2
2026-04-13 13:00:00,0.1716258074603,7.81155155580017,15.575417333502,12.5500120000056,445.572014446833,3.22004113430399,2
2026-04-13 13:15:00,0.1604012185495,7.37605244455034,13.8599939999403,13.7369002224699,444.115415994653,3.11921936182309,2
2026-04-13 13:30:00,0.217411844472433,7.19456622229681,14.1545762222831,15.2373913334226,445.952565818004,2.97417960121524,2
2026-04-13 13:45:00,0.225686896363867,10.2962188887236,15.558228444083,13.6431259999119,446.75103967415,3.23876351183322,2
2026-04-13 14:00:00,0.309383029619534,11.4912784442364,14.758113555177,16.8682437779482,448.57086076939,3.15854601782077,2
2026-04-13 14:15:00,0.2173317407742,9.1542184443593,13.8019655559624,18.6920315558194,447.413883412933,3.1555792217822,2
2026-04-13 14:30:00,0.203659422238066,7.83558022228109,16.2076968888227,15.1003931110556,445.966658651704,3.15070505553188,2
2026-04-13 14:45:00,0.231408703767867,10.9884659999039,20.017537555528,12.7356853332707,450.521582261243,3.16061320123769,2
2026-04-13 15:00:00,0.222419703760667,7.29171755569157,14.9880484440273,17.7668397778873,446.431981435337,3.2272391048884,2
2026-04-13 15:15:00,0.215844192627533,6.80361911103411,14.4389606663461,15.9669439999918,446.49667233114,3.468742254588,2
2026-04-13 15:30:00,0.214155511142066,6.84322355556767,14.8054017774433,19.4814657781114,447.296706818174,3.52760078858417,2
2026-04-13 15:45:00,0.172220859279733,6.3599824445146,16.3542577778577,14.9431862222127,445.509533906713,3.74635090514476,2
2026-04-13 16:00:00,0.194391118511267,7.21926355563667,18.8625895555233,12.5479866667098,445.903590266687,3.95551804739096,2
2026-04-13 16:15:00,0.2182981926246,10.2078306663268,18.348567555549,15.0820159998125,447.282734818977,5.00074959435765,2
2026-04-13 16:30:00,0.229983911171067,11.8169233329869,21.3470148881803,10.7204686666568,451.849478378743,4.57021829349118,2
2026-04-13 16:45:00,0.188971892588933,6.07787044430173,18.9407291104376,12.3570157778522,444.78225243435,4.48351902155921,2
2026-04-13 17:00:00,0.214795622255966,6.97134399996401,15.8968728887751,15.439130666486,448.640680147813,4.21296054396653,2
2026-04-13 17:15:00,0.131926059562067,5.5339035553381,4.79470888891917,30.878947333588,435.47693917129,2.67566150377066,2
2026-04-13 17:30:00,0.141585040777367,5.8715273330845,7.8124291114334,27.5573091113466,436.875923171524,2.68652086698983,2
2026-04-13 17:45:00,0.1360373852466,5.93077577743013,5.37729888896583,31.927275111031,434.75213518323,2.79999030853614,2
2026-04-13 18:00:00,0.1312234410058,5.98770044438786,2.6894175555873,38.4245718893044,432.581240901757,3.10483045469103,2
2026-04-13 18:15:00,0.1260057554905,4.88011422193137,2.18433222222874,39.9503524447224,432.117120350743,3.19526402955934,2
2026-04-13 18:30:00,0.125666429556733,2.94252466650753,2.20445622222687,39.659331778179,432.397272827273,3.33972075793719,2
2026-04-13 18:45:00,0.129390177747767,3.72716777752703,3.06178555560853,36.8409432218117,432.241565621414,3.45147515431745,2
2026-04-13 19:00:00,0.130055725832533,2.56979177774293,2.916115555522,35.4412286105193,432.219493926507,3.51724597011826,2
2026-04-13 19:15:00,0.1249579258515,2.69894333328097,3.4941488205379,34.3947829016387,432.383873868134,3.37175985689253,2
2026-04-13 19:30:00,0.124757814737966,3.02610422214247,3.30053000005813,35.832739333019,432.183864589563,3.2270229030994,2
2026-04-13 19:45:00,0.124500470290966,2.45103955552463,2.6086991110553,36.434505332945,431.529898774313,3.2077476463463,2
2026-04-13 20:00:00,0.1291364233111,2.52035199996957,3.49659977779347,35.319374221555,431.822102356717,3.22814863982916,2
2026-04-13 20:15:00,0.1248062130511,0.892504444469368,2.33443422221283,35.2068949440873,431.176918659687,3.12372485059998,2
2026-04-13 20:30:00,0.1256363309629,1.14330444441967,2.47726933333043,34.7738153885013,432.053789545354,3.0114255162305,2
2026-04-13 20:45:00,0.129905212469267,1.52758377774026,4.56058670088253,32.987698803616,433.911069903944,2.99524662802497,2
2026-04-13 21:00:00,0.128985156114567,1.44564088889067,5.11674634431787,33.0236347008213,438.226064616107,2.85952993443051,2
2026-04-13 21:15:00,0.1283050592348,1.1408373333356,3.77378825644987,35.656288888215,431.782051225466,2.65115005472923,2
2026-04-13 21:30:00,0.127728111660333,1.17720133332953,3.65768736754236,34.393873846083,432.26871145854,2.59661427565026,2
2026-04-13 21:45:00,0.1275598751692,0.969326888890934,3.6411237961015,34.559159401494,433.367333145497,2.6044965440939,2
2026-04-13 22:00:00,0.12007609237047,1.0061762221606,2.64429808180516,36.234753554935,433.182513922873,2.63271255847875,2
2026-04-13 22:15:00,0.119593818675338,0.925047111074467,2.13281938338,38.300931777473,433.14676175247,2.55112180137957,2
2026-04-13 22:30:00,0.119605486931193,0.902348888847666,2.1594776056067,38.0855248886667,433.150693220287,2.55284328047644,2
2026-04-13 22:45:00,0.119484588203916,0.786517777765834,2.16285068497693,37.833078444396,432.194073237757,2.55271026235303,2
2026-04-13 23:00:00,0.1245129703163,2.6341811110616,4.61507912944393,34.2401622902643,433.47697009323,2.56587976207165,2
2026-04-13 23:15:00,0.136832925953567,1.59203088881803,6.83942577773166,31.006103999672,435.063615145007,2.79768478186449,2
2026-04-13 23:30:00,0.126961851757433,1.61681666661756,3.7627080183342,34.5104704441703,433.85647825345,2.74079390806327,2
2026-04-13 23:45:00,0.123797370303267,1.21476133329673,3.57631424055406,34.30286251252,433.702533161213,2.59408203160216,2
2026-04-14 00:00:00,0.124505236986133,1.1438306666321,5.31442183147143,31.8955397777837,434.928814883644,2.64024096944614,2
2026-04-14 00:15:00,0.127375659183267,1.26412111107003,5.36343261781037,31.7265411110327,435.09660667609,2.64877194219119,2
2026-04-14 00:30:00,0.1240993703457,1.19610355552293,5.46862104271583,31.5211206666577,435.184565500844,2.58366763089496,2
2026-04-14 00:45:00,0.119537798868125,0.893408222196634,4.821966666669,34.0451229571803,433.68608246609,2.56369482796981,2
2026-04-14 01:00:00,0.119440405618029,0.789281999994535,2.82491628815807,36.1316722214046,433.398177310977,2.54974032316725,2
2026-04-14 01:15:00,0.118771639392368,1.152283777736,3.18006114529707,35.6051122215527,433.981831546626,2.53025011072496,2
2026-04-14 01:30:00,0.119251741122401,0.693833914518001,1.30187130455403,38.0659866665057,433.564417816077,2.53709315750372,2
2026-04-14 01:45:00,0.119009207950263,1.0918839144713,1.79129999997213,37.5813013332023,433.55967049676,2.54516865412928,2
2026-04-14 02:00:00,0.119147357614625,0.805321111094034,3.0429687008511,35.8804619992193,433.106243559206,2.58111697498034,2
2026-04-14 02:15:00,0.119341045446683,0.729845555546668,2.20894203417873,36.6608297770953,432.828025763503,2.76484521756545,2
2026-04-14 02:30:00,0.119057497052791,1.2272895554918,2.60597270086816,35.9862584992797,433.474630995233,3.12015505876924,2
2026-04-14 02:45:00,0.119060387588885,0.7336146667044,3.0773780342066,34.467012734833,432.24327331793,3.42564000784029,2
2026-04-14 03:00:00,0.118770293598027,1.12539422217583,3.1362622564134,35.718766110447,432.796447956783,3.86702729533355,2
2026-04-14 03:15:00,0.118815356818394,0.846206888860833,2.64371670085726,36.204388721444,432.404681154893,4.61529528374103,2
2026-04-14 03:30:00,0.119300434055653,0.675085692265466,1.26704942942723,39.8762890939693,432.57838038838,4.95850484677432,2
2026-04-14 03:45:00,0.118827234770491,0.956918136680434,1.6381782221933,40.863086427086,432.592998953253,5.01565739629863,2
2026-04-14 04:00:00,0.118612399520133,1.06930422214753,1.8532978119587,37.0158233335567,432.702462362156,5.09491845445068,2
2026-04-14 04:15:00,0.118753639656157,0.600599470073567,1.22930064678764,37.7492848890053,432.334040131653,5.10572359149098,2
2026-04-14 04:30:00,0.118659041976885,0.9956172477939,1.53604422219683,37.158062666762,433.14880430266,4.85000409098095,2
2026-04-14 04:45:00,0.11917074168406,0.586717555541667,1.2857184652841,37.9284360000257,433.153374199277,4.57408255286451,2
2026-04-14 05:00:00,0.118866298169386,0.632882444416734,2.1253209230896,38.170656444264,433.47940982839,4.24367586421736,2
2026-04-14 05:15:00,0.119184880388174,0.6552177777342,2.29548136754453,37.936867332982,433.482343421093,3.75203550979372,2
2026-04-14 05:30:00,0.119918239795026,0.725219999983067,4.4148931111081,35.2516933330664,433.330548359446,3.83362338634795,2
2026-04-14 05:45:00,0.126870405141333,0.7933384444456,6.7880839999139,31.4455695551787,434.757525243263,3.98846314138822,2
2026-04-14 06:00:00,0.129068034763567,0.991097777698766,7.36365866654496,30.5681275556523,436.541468949633,4.10361280568149,2
2026-04-14 06:15:00,0.1525914815374,1.23782377775927,11.8563851111671,25.5401902222983,435.839636981353,4.67766562921026,2
2026-04-14 06:30:00,0.1541926963442,2.16952955555127,17.6292122218932,19.903331555918,442.20805914022,5.69318095626831,2
2026-04-14 06:45:00,0.160401422210267,2.2968217777983,17.9666855553276,23.944901777578,440.040888927733,4.55317191007229,2
2026-04-14 07:00:00,0.165689670345234,3.156847777754,11.2398388888078,30.4516148883864,437.720154772457,3.89701103477077,2
2026-04-14 07:15:00,0.1630023074331,4.82161888878339,13.0700742223122,28.999697111153,437.16440364317,3.99092346034838,3
2026-04-14 07:30:00,0.169302211087267,1.64082111106623,9.55043577766043,30.754634666427,437.20240860384,3.86481045679278,3
2026-04-14 07:45:00,0.1559073889623,1.71091533329773,8.91598511080227,30.711506444632,437.639926991426,3.65981646585966,3
2026-04-14 08:00:00,0.165053466688933,1.94713400003363,11.6022813333458,27.984829333364,438.895470309546,3.95494434823271,3
2026-04-14 08:15:00,0.179837081477467,4.50919599991623,11.7228035556137,29.506729999977,439.152885413963,3.75484090376269,3
2026-04-14 08:30:00,0.176486748170867,2.3605282222459,13.2624415557515,27.2562586663307,439.33902929073,3.51819030380021,3
2026-04-14 08:45:00,0.167508081470967,4.987191110838,16.6716448883467,24.2245753329993,439.060190634537,3.5190252326553,3
2026-04-14 09:00:00,0.164939237048,4.74837599983943,15.7103119996016,24.736511333194,438.342793080366,3.39725552509776,3
2026-04-14 09:15:00,0.167076748193667,4.73044355542793,12.1030128888476,29.0402684447594,437.676271742043,3.23637391818047,3
2026-04-14 09:30:00,0.215162485199933,4.6272966665367,12.0453980001157,29.177070222326,438.57776371639,3.10250222207103,3
2026-04-14 09:45:00,0.323570103715634,5.59513888881557,12.4499708890273,26.8697148883937,440.978631455863,3.15797116167946,3
2026-04-14 10:00:00,0.236345992635533,5.13251999976137,14.1361295556184,26.7804988884457,439.540724776813,3.34678092663385,3
2026-04-14 10:15:00,0.2042500407526,4.82660933314014,13.2405904445713,26.687122888403,439.686219266553,3.14109000121651,3
2026-04-14 10:30:00,0.226132070368567,5.21037088856687,15.6204375555815,23.994626221749,439.73354209487,3.11642834319451,3
2026-04-14 10:45:00,0.239084625987367,5.88189888899353,16.966541333545,21.2073826666036,441.743351198956,3.11579917928822,3
2026-04-14 11:00:00,0.236408477816733,9.42599000001188,15.5342973336421,24.069059999641,440.559552378513,2.95662032094667,3
2026-04-14 11:15:00,0.1959631000013,5.96599422211903,14.1033622227034,24.6107446661663,440.139412239273,2.87158282317753,3
2026-04-14 11:30:00,0.1612262518748,5.66271044436237,11.6351177780292,25.7103964444873,438.920446371556,2.88308460080058,3
2026-04-14 11:45:00,0.163727725938867,6.385517777825,11.4831626666785,27.0789562223124,438.845945668773,2.88063120091125,3
2026-04-14 12:00:00,0.166591888943367,5.07731444421397,9.4488333330741,29.9759231116323,438.481855368253,2.7123166017749,3
2026-04-14 12:15:00,0.166884177816833,6.20235822227936,9.4689364439763,30.3875995555313,438.583540428336,2.64258714627002,3
2026-04-14 12:30:00,0.210369518492667,7.7198702222228,10.0602166665469,29.956691777562,439.11695449203,2.52708890435841,3
2026-04-14 12:45:00,0.209347340744234,7.87895488887054,11.3328473332123,27.483011999562,439.453178098993,2.49794301556899,3
2026-04-14 13:00:00,0.1784261481736,7.86273133349014,10.6900719997806,28.8312793332347,439.1377488643,2.46822635788235,3
2026-04-14 13:15:00,0.196749955536833,7.69829355554581,10.0030315552405,29.9069122220147,438.033720256153,2.52254953913594,3
2026-04-14 13:30:00,0.171811703670333,7.47786688894438,9.08482711084023,31.669383777633,438.461781763863,2.53178683439544,3
2026-04-14 13:45:00,0.1585013528128,5.8108944444981,4.70918822229933,38.38227577795,435.729555699577,2.40910085689814,3
2026-04-14 14:00:00,0.148358148117134,5.92240533323679,4.61709711114407,38.158599999863,434.561008621304,2.44551784807689,3
2026-04-14 14:15:00,0.140133276354534,5.86084977765369,4.4869193333331,39.905622666243,435.021974053673,2.43654331666506,3
2026-04-14 14:30:00,0.139779370363933,3.95714155538053,4.4609355556084,39.2206146664597,435.040168535797,2.42791858896715,3
2026-04-14 14:45:00,0.1416742148268,4.0743395553649,5.89746133337647,34.1594986662973,435.12933709587,2.43194255655063,3
2026-04-14 15:00:00,0.129772459217033,2.92985533330926,2.96895866669227,39.994751999652,434.457194037503,2.45930973086171,3
2026-04-14 15:15:00,0.1297882888236,5.74718066656246,3.3946415555709,39.0014562222343,434.083468313727,2.46284981661378,2
2026-04-14 15:30:00,0.134563038709433,4.97012199983844,4.6298764445044,38.9049077775413,434.299159959807,2.48067056465876,2
2026-04-14 15:45:00,0.127489929293633,4.29622288870554,3.1985088889411,38.945269333277,433.819707185523,2.48859248889187,2
2026-04-14 16:00:00,0.119144983981525,3.820283999822,2.77336177783913,40.570727333022,433.343755417127,2.5063745850183,2
2026-04-14 16:15:00,0.1260201332967,3.8321913331573,2.75224577781447,41.0314064444657,432.991850184223,2.51966424366059,2
2026-04-14 16:30:00,0.119181450247669,4.09286422204617,2.66299000000217,40.9017879998373,433.60159492219,2.52102137129006,2
2026-04-14 16:45:00,0.124237540691833,3.67608266650343,2.70599888890103,41.231532888862,434.13767883456,2.51838400287846,2
2026-04-14 17:00:00,0.11901357935732,4.05190711093957,2.5023955213786,43.0395319316777,433.649880622084,2.51260380529432,2
2026-04-14 17:15:00,0.119160288394232,3.21864466663013,2.50513400004003,43.2846675387961,433.00181753877,2.51088108070378,2
2026-04-14 17:30:00,0.119580287332131,3.00508333329603,2.62374610263227,42.924780512837,433.21888727599,2.49904512055868,2
2026-04-14 17:45:00,0.120089039968568,1.3249028887776,1.93646750427653,42.9760884274764,433.204716159986,2.47548594740887,3
2026-04-14 18:00:00,0.119665393968064,2.91580044440327,2.6625487350397,42.7304738464014,433.595684455403,2.45421059186566,3
2026-04-14 18:15:00,0.137613971543133,2.91322088886407,3.2699211966283,42.9392207525054,433.67936522451,2.4420473036761,3
2026-04-14 18:30:00,0.119622209185316,2.7541659999328,2.45169408545134,42.6012033507077,433.31066480876,2.46300566939875,3
2026-04-14 18:45:00,0.11996195217814,2.13179822214607,1.96945379489273,42.796040239567,433.48532613466,2.55824626010764,3
2026-04-14 19:00:00,0.119586839352689,2.60281088884323,2.07301239316663,43.111852171337,432.95252531047,2.51861635250823,3
2026-04-14 19:15:00,0.119920879376385,0.578673247799233,1.30023011278135,43.8094557264301,432.54333152358,2.50361777586569,3
2026-04-14 19:30:00,0.119468684141843,2.65053911109033,2.42013052991617,42.6626756922067,432.928098893397,2.52105762265807,3
2026-04-14 19:45:00,0.120177849512323,0.940678444309666,1.80549454701757,42.776875179665,432.825987172457,2.56987918795763,3
2026-04-14 20:00:00,0.119644666885018,2.4540644443623,2.4178122564094,41.1092600000143,433.23829899755,2.4912119454675,3
2026-04-14 20:15:00,0.125666828476233,1.38202155544563,2.65049504763257,39.3469095554203,433.464792171046,3.11473334348137,3
2026-04-14 20:30:00,0.125591355554733,0.694229110999334,2.0552664102566,43.4282782566514,433.148583948143,3.28372903805308,3
2026-04-14 20:45:00,0.128435107127933,0.948695999884734,2.452699555561,40.5165019997154,433.931091017747,2.72998093725259,3
2026-04-14 21:00:00,0.119830965027763,2.2339997776828,2.71668857147907,38.0886346662297,433.962799938617,2.46701977047668,3
2026-04-14 21:15:00,0.119511309474635,2.78688444438083,3.01919976192923,37.0617751106314,433.86990653663,2.44201139184227,2
2026-04-14 21:30:00,0.139425844483533,3.67946666656856,7.65761933292046,32.0776864442064,435.592149582583,2.48903958454244,2
2026-04-14 21:45:00,0.1464481629632,4.6682455553628,11.2121993332624,31.0625991107627,436.197224618507,2.49374748999091,2
2026-04-14 22:00:00,0.130835866640967,6.05538866655459,3.80613599996057,38.742025777817,433.52033189516,2.6547452938517,2
2026-04-14 22:15:00,0.119405500164502,3.50625911107007,2.78875333344057,42.3241751626556,432.8778471082,2.65432621909795,2
2026-04-14 22:30:00,0.119727611136773,2.69810022216027,2.1145576410397,43.1853588378751,432.94385567866,2.60356904135087,2
2026-04-14 22:45:00,0.119895344965418,0.684817333274267,1.55153687178093,43.8853571281187,431.649466855786,2.50626115923951,2
2026-04-14 23:00:00,0.119333989158324,1.21051066656477,2.14040511112997,40.2002664443617,432.94871806959,2.49279122463247,2
2026-04-14 23:15:00,0.119264683268907,0.998043110996967,1.83361533340973,37.6975737774057,433.768403144483,2.46667002414131,2
2026-04-14 23:30:00,0.119068573898045,2.41787044438797,2.39029866673443,38.3036208889133,433.302338111613,2.48339920351032,2
2026-04-14 23:45:00,0.119302160492627,0.835841555446567,1.79173135042923,40.901533657903,431.852715314589,2.54228038941158,2
2026-04-15 00:00:00,0.124407263268267,4.5425571109243,3.37219914552407,40.0165120509667,432.732451955403,2.64631041745904,2
2026-04-15 00:15:00,0.1261072723913,4.1550579998946,3.16659994892923,42.3399954872773,432.41130013421,2.67319163720066,2
2026-04-15 00:30:00,0.128288917990333,3.35341133325077,2.5787078461739,42.005531128082,431.858859555876,2.73624565899411,2
2026-04-15 00:45:00,0.129431350468333,3.8411473332403,3.14305266673863,41.609047179172,431.853225818443,2.64650092004916,2
2026-04-15 01:00:00,0.129372340215667,1.19253622211727,2.0836193504488,41.5504871620243,431.572514355956,2.65276484538861,2
2026-04-15 01:15:00,0.130836227969933,3.78139933324957,2.97391596588987,42.292692393103,431.802099116283,2.66753656147261,2
2026-04-15 01:30:00,0.130732881523967,4.35798333313693,3.0658143932156,42.2688214529066,431.963461564353,2.65327954663398,2
2026-04-15 01:45:00,0.1311307493275,3.84470133324243,2.98890075223777,42.046431537989,431.949495233233,2.57272276723166,2
2026-04-15 02:00:00,0.1307466644312,2.36891830760943,2.02321632479007,42.5387896237106,431.685406761299,2.65529557751519,2
2026-04-15 02:15:00,0.130139121975867,1.29068777768067,2.01447699147327,41.6446419312363,431.561177094479,2.62186576867186,3
2026-04-15 02:30:00,0.1309773487686,3.00732164094397,2.45927647867106,41.7164387346393,431.775410560952,2.6412081937049,3
2026-04-15 02:45:00,0.139232408016467,5.1682495553964,3.1265332649632,41.629280255887,431.969598629486,2.59884141065258,3
2026-04-15 03:00:00,0.1406830143029,3.81328333325903,3.0379427864213,40.26536545278,431.621928418326,2.59005469301867,3
2026-04-15 03:15:00,0.140309194354267,4.36339266647067,3.0845137948994,40.5804802561653,431.701088512703,2.55834247003858,3
2026-04-15 03:30:00,0.134991201185433,3.57657155547523,3.05013022230003,39.7527321536957,431.961296365616,2.56714424275909,3
2026-04-15 03:45:00,0.131670702040933,3.73264133325476,2.96910545309097,41.3068164954893,432.06777343224,2.56065000186272,3
2026-04-15 04:00:00,0.139819404034333,3.7505053332573,3.1498400685025,41.4443592646634,431.659258413313,2.53670471737189,3
2026-04-15 04:15:00,0.1388959299519,3.6078733332452,3.1389970599287,40.5842559313997,431.036698922133,2.55125566078631,3
2026-04-15 04:30:00,0.139012729957834,2.6449353332468,2.2543176068547,39.9516757093237,431.37741503639,2.58360489203035,3
2026-04-15 04:45:00,0.1308587875106,3.82923377768203,3.62179911126516,36.537264889023,432.45099323753,2.58110521590966,2
2026-04-15 05:00:00,0.142857052815967,2.28874933327717,5.4357257778272,33.960938666358,434.481620122073,2.56238209543506,2
2026-04-15 05:15:00,0.125763251862033,3.39626066657833,5.48408441034087,30.794029555697,435.30446565082,2.55307723314452,2
2026-04-15 05:30:00,0.1246391333439,1.3437113332411,5.12463888892904,28.796780222906,435.292027553686,2.56713818436342,2
2026-04-15 05:45:00,0.125645385154867,1.62677199990883,5.6370267179859,28.6549937783957,436.01690914255,2.57653697550951,2
2026-04-15 06:00:00,0.124625429653367,3.48879844436687,6.10691399996504,29.819535111752,436.54199434908,2.53211560576994,2
2026-04-15 06:15:00,0.125181192629267,1.50394933324337,6.20427755554317,26.7041255558453,436.525046649846,2.55359073563167,2
2026-04-15 06:30:00,0.163156803670433,4.41509266660873,18.7594026659014,12.6076191110134,446.513353129977,3.0299135200053,2
2026-04-15 06:45:00,0.201972733378766,7.3372546667114,22.702135333187,5.79426177766773,451.582733185927,3.90038575208929,2
2026-04-15 07:00:00,0.229433429641367,8.71046955554674,22.700820666682,5.7061179999795,459.31584703962,3.97755508493172,2
2026-04-15 07:15:00,0.240316899983033,9.0516675555188,22.8650995554557,5.67229333333213,460.980835162053,3.37188260364021,2
2026-04-15 07:30:00,0.182102185225633,5.5337611110509,19.3462846662203,9.56683133327863,452.466967860993,2.93405886729336,2
2026-04-15 07:45:00,0.158378711073467,4.18595111103727,10.5946171108067,20.259427333353,444.557931447751,2.85546037086002,2
2026-04-15 08:00:00,0.203525774115566,6.3072442223004,20.221503332849,9.06417088882343,451.781006607953,3.72026954864372,2
2026-04-15 08:15:00,0.198909900007666,8.36662688904427,20.8751951106747,8.3056922219832,452.870805313064,3.44548059677559,2
2026-04-15 08:30:00,0.199112688907133,7.4405455555704,20.17236622191,8.71712088862586,453.30682345523,3.50219701099929,2
2026-04-15 08:45:00,0.168714188898567,6.35201711110806,12.0077702217327,19.7344026664336,445.44295411925,3.17904294053773,2
2026-04-15 09:00:00,0.124772436468,5.15153266649937,3.28260133338813,36.432305944569,433.219690183587,2.57290176954509,2
2026-04-15 09:15:00,0.127051928799067,4.2873377775786,3.06958711118613,37.8819100001127,432.82787346109,2.54940438382944,2
2026-04-15 09:30:00,0.126509720255,4.9281726664682,3.10543800006223,39.6359850426817,432.585792775306,2.57512331643894,2
2026-04-15 09:45:00,0.130465538502833,4.059226444295,2.91114611977327,39.9956887007697,432.218417399013,2.53862870260556,2
2026-04-15 10:00:00,0.131302488366433,4.20072999981013,2.93391278644166,39.8870482563743,432.345001959813,2.54384829877938,2
2026-04-15 10:15:00,0.1301718763876,3.8956297777049,3.15785866684473,38.5979112480444,432.344964418813,2.57972571475836,2
2026-04-15 10:30:00,0.12793393051,3.9761995554537,3.0471948206776,39.8610787692863,432.272700334256,2.6187789162857,2
2026-04-15 10:45:00,0.1420525254715,5.59632577779136,4.39177911107983,37.4018335557571,433.517793213613,2.62125554186522,2
2026-04-15 11:00:00,0.11915494574483,3.4034555554939,2.92923822227537,37.958587111139,432.653077417246,2.64516501730403,2
2026-04-15 11:15:00,0.1291845823191,5.74568622227356,3.29970222231023,38.0960740001527,433.774272300113,2.71429457484843,2
2026-04-15 11:30:00,0.118807798337647,3.56875044439713,2.8826821881394,39.9865691453444,432.621730393867,2.62679849277695,2
2026-04-15 11:45:00,0.118472181850487,3.68125911105577,3.07501466678687,37.9854807349991,433.170965352007,2.65509633048091,2
2026-04-15 12:00:00,0.120107200797582,3.86984155538227,3.2016668889803,38.0610706664781,433.319328680543,2.6535853668251,2
2026-04-15 12:15:00,0.119597590938602,3.080281777754,2.36090266673234,42.652204649657,432.820398471607,2.59755725124395,2
2026-04-15 12:30:00,0.11921360168052,1.48865888881823,1.8070462734857,42.2070475725613,432.200388439507,2.67858221016241,2
2026-04-15 12:45:00,0.118408325278392,3.51489799994717,2.81798504285663,40.4148563932854,432.509229061083,2.71080756376452,2
2026-04-15 13:00:00,0.119001401025564,2.98393911107383,2.63911415388597,40.4118890257484,432.253894012773,2.71820301379307,2
2026-04-15 13:15:00,0.119234745684301,3.21095333329107,2.6450590769938,41.873528102543,432.133713467193,2.710418781711,2
2026-04-15 13:30:00,0.118694288631925,3.518655999953,2.94400748728613,40.0107839659944,432.17770571586,2.68054615645969,2
2026-04-15 13:45:00,0.117929327383237,5.79825911097886,3.12724764098787,38.672874017252,432.970274056243,2.67118405190193,2
2026-04-15 14:00:00,0.118998480952214,3.3374855555185,2.68302487189057,41.211520923168,432.42756571299,2.62656489574413,2
2026-04-15 14:15:00,0.119605164332075,3.2370248888384,3.16668586332647,39.056988444454,432.609949929893,2.69362732967483,2
2026-04-15 14:30:00,0.1264238375689,2.69209688886013,2.6733369743832,41.217867367573,432.015821406183,2.63201306325494,2
2026-04-15 14:45:00,0.145466145283667,2.58346083755757,2.9674333504665,41.118989401842,432.198358433317,2.66518442040754,2
2026-04-15 15:00:00,0.119127964011103,3.0623264444103,2.83483914537296,40.1867484958467,432.101984421676,2.60221818068386,2
2026-04-15 15:15:00,0.118513861514072,2.94481999996826,2.56193921371193,41.0474705641563,432.048938900596,2.62519370021796,2
2026-04-15 15:30:00,0.118966235409655,1.39862311103347,1.75349323077307,42.415151811683,431.80274722062,2.61833818266598,2
2026-04-15 15:45:00,0.119346619025531,1.00706102557453,1.14388128699921,42.4599124614493,431.321421354616,2.72856574390969,2
2026-04-15 16:00:00,0.119422930779422,0.776301042694033,1.15083471210475,42.423705059749,430.157407380053,2.64229456779282,2
2026-04-15 16:15:00,0.11936912128968,0.802936512782166,1.14437182801073,43.2178893332297,429.94865645055,2.68561737998577,2
2026-04-15 16:30:00,0.118812313977178,1.19394147000807,1.71776485469793,41.937153846055,431.597009913053,2.72179683285016,2
2026-04-15 16:45:00,0.118940789683786,0.920375111067199,1.10259497988616,41.8870970427137,430.399384105426,2.66751506586474,2
2026-04-15 17:00:00,0.118626703570273,1.30459924778507,1.67284087179537,41.3467377776907,431.429982994566,2.66586649449372,2
2026-04-15 17:15:00,0.118716545163397,1.36510844436907,1.94584822222917,40.49173437619,431.469399693167,2.73994141576459,2
2026-04-15 17:30:00,0.119424957355737,0.780436803386134,1.1480400330014,43.404470598129,430.827244445637,2.66480136454875,2
2026-04-15 17:45:00,0.119030364867272,0.957586888855133,1.572065230767,41.7607966494857,430.370762746913,2.66280913114176,2
2026-04-15 18:00:00,0.118967355839076,0.9616836922769,1.09698494332795,42.5320925297687,430.469888082776,2.63756761221291,2
2026-04-15 18:15:00,0.119384252621806,0.833903042692534,1.13643181625112,41.8790777606037,430.067396691336,2.6026479232575,2
2026-04-15 18:30:00,0.118904586010634,1.21584844435977,1.98889940171833,40.6954440514163,431.56408630199,2.60480447731057,2
2026-04-15 18:45:00,0.118997485183356,1.11255977768783,2.07902119660967,38.7843979487793,432.28230608811,2.59551749151579,2
2026-04-15 19:00:00,0.119209665591306,1.2445213332463,2.0593968376317,38.999875572914,432.258519182163,2.60003288628431,2
2026-04-15 19:15:00,0.120075375887411,0.757886598245634,1.58634288888723,39.573434837753,430.10697569709,2.63613701896441,2
2026-04-15 19:30:00,0.1189146122496,2.18383244438723,2.17360400004833,38.2393256239444,433.013277000803,2.63770399728136,2
2026-04-15 19:45:00,0.119180399639621,0.704991333269067,1.91583155558677,38.5187780682954,431.880765768753,2.59859482326879,2
2026-04-15 20:00:00,0.119593034366671,0.824975111107034,2.45432355559077,36.3606027772597,431.71246769769,2.66041699701397,2
2026-04-15 20:15:00,0.119643063549112,0.8806657777782,2.77640444445387,35.826709721701,431.786521767636,2.90477184988725,2
2026-04-15 20:30:00,0.119861873430247,1.0208995555465,3.43979955557723,33.702875401682,431.47619188896,3.46199458796765,2
2026-04-15 20:45:00,0.11900201499753,1.02297644441597,5.00126644444223,27.5510404445204,434.954501540263,2.75289973859626,2
2026-04-15 21:00:00,0.142434022246933,1.7990462221721,11.119142666376,21.7669026668637,445.307283104067,2.83259053059365,2
2026-04-15 21:15:00,0.168711525906667,2.9315495555156,11.0438066662256,22.0618944445657,444.234377079103,2.86344765276261,2
2026-04-15 21:30:00,0.1863788592583,3.62165755549716,16.5131648889504,16.211843333617,447.677694756923,2.99558952140757,2
2026-04-15 21:45:00,0.162805662936134,4.4175544444091,18.0937444436936,12.9544591108814,447.868996637986,2.99427705073486,2
2026-04-15 22:00:00,0.1642537184967,4.91808488885239,18.4771462214502,10.7999268885733,449.772625743579,2.98882306193202,2
2026-04-15 22:15:00,0.1613900147822,4.32707933329906,17.7871799994584,11.1662977775607,448.477841123847,2.93475609698912,2
2026-04-15 22:30:00,0.1625864147942,4.04740111106347,13.645704888791,11.3182946664987,445.60839396467,2.92335804731393,2
2026-04-15 22:45:00,0.1609483184751,2.89771622214454,16.1698564438836,9.7074486662986,447.36615523636,3.00259217324407,2
2026-04-15 23:00:00,0.1724655666732,4.80050911109849,18.9379048882345,9.61349933306601,450.145357625107,3.07473409424571,2
2026-04-15 23:15:00,0.174555677788667,4.47148977773849,19.3254931103086,9.37055688862071,450.846121738733,3.1596677176535,2
2026-04-15 23:30:00,0.2076615222363,3.71771711102704,21.2758468884827,8.5014655552943,450.726324582123,3.19013281706057,2
2026-04-15 23:45:00,0.172126177812033,5.5461651110257,20.3813397771543,8.22721577753774,452.214242943103,3.13248201581716,2
2026-04-16 00:00:00,0.174264637034733,3.02584088888027,18.2427686660562,7.47446844432633,450.616482010403,3.13863358959636,2
2026-04-16 00:15:00,0.1760650259349,4.46351111109799,16.3573622219109,7.61799444431877,450.44149481611,3.02956940541295,2
2026-04-16 00:30:00,0.177526170385933,4.19669333330043,15.6346897777178,7.7844204443194,449.661397769003,2.90531016119176,2
2026-04-16 00:45:00,0.177715396300967,2.83098466664827,15.5315148887596,7.61323177758094,447.309774698463,2.88610060317295,2
2026-04-16 01:00:00,0.157165974062767,3.27011555552044,16.4274146664891,7.63675622204414,448.065976627897,2.85025575036212,2
2026-04-16 01:15:00,0.1594485814695,2.69107244440404,12.1919057775391,8.9357159997638,447.213183046806,2.99583975480383,2
2026-04-16 01:30:00,0.159694288869133,3.71328755552374,11.4363208887582,9.40656799972417,446.77821857434,2.73923814508092,2
2026-04-16 01:45:00,0.1519172148338,2.45157066658874,10.0557484443858,9.98444533291316,444.997464865393,2.71709022935432,2
2026-04-16 02:00:00,0.142348114804433,3.2244757777357,10.6935408887884,10.128044666276,446.274690941093,2.65147116652176,2
2026-04-16 02:15:00,0.1462218851784,3.50574511109096,15.3956226666123,8.51605577759273,447.94595483695,2.701828330955,2
2026-04-16 02:30:00,0.1489075561028,3.8797586666077,18.7942842215528,7.64565466651853,450.185729414747,2.83609590583654,2
2026-04-16 02:45:00,0.160467266659467,11.3941457770921,20.4577304440193,6.84542111100797,451.089690730923,2.84205864887623,2
2026-04-16 03:00:00,0.165852174034067,4.73667333326883,18.521129555308,7.59330488875204,452.29684777077,2.77788225830534,2
2026-04-16 03:15:00,0.1659924962542,6.096324888875,17.5140444443652,7.64989999983994,452.762632925883,2.71383733158246,2
2026-04-16 03:30:00,0.170507155566067,4.5081373332734,17.1867824442198,7.8039195553528,452.318745218997,2.70659898675964,2
2026-04-16 03:45:00,0.1797937704085,4.65954088880047,19.0252731105743,6.85428244440197,458.787699436257,2.74402800608547,2
2026-04-16 04:00:00,0.177159688919767,4.6837233332714,19.009312888294,6.86229822216717,458.588094347277,2.76179735290114,2
2026-04-16 04:15:00,0.186988585236867,7.01824533346636,19.3460273329073,6.7159893332747,457.143471846847,2.80083739276603,2
2026-04-16 04:30:00,0.1845318000549,5.7396697777442,18.7610388886395,6.71766533326783,459.557907401653,2.83960422441583,2
2026-04-16 04:45:00,0.1674940295922,6.23097755555243,16.9294137776463,7.12706266656061,457.226079283024,2.80323769660334,2
2026-04-16 05:00:00,0.1721238185266,6.76009666643613,18.5841931107159,6.39627399988203,458.591491755883,2.8207306460745,2
2026-04-16 05:15:00,0.1752786592763,6.25113155554102,18.0225371109176,5.63854155543267,458.975166260837,2.82522775138494,2
2026-04-16 05:30:00,0.1782022852086,4.26276688884166,13.4178868889391,6.48394266649417,453.329524426713,2.79858458319859,2
2026-04-16 05:45:00,0.1635819147853,3.99671599994407,12.3631544443725,7.7850757776217,451.329486390193,2.74634288666656,2
2026-04-16 06:00:00,0.1747521259439,6.39887399996037,18.2625857776262,7.03425711104897,454.47771617392,2.74903195155213,2
2026-04-16 06:15:00,0.173086288896033,9.81715511047101,18.6961719995762,6.73414000000223,459.381700625196,2.72813100449233,2
2026-04-16 06:30:00,0.2079498000561,14.0749842215823,19.9344284440507,5.90652999998056,464.908476224906,2.81438674717644,2
2026-04-16 06:45:00,0.228825525938367,14.0628182222617,20.898075777329,5.7151822221904,464.622980383603,2.83628548856418,2
2026-04-16 07:00:00,0.244205663042267,16.20663555535,20.1298382218813,6.05536911104704,468.561965425889,2.86696105483268,2
2026-04-16 07:15:00,0.2503109704428,14.751062889076,20.435900666324,6.02774711102903,467.63878874861,2.98142189152481,2
2026-04-16 07:30:00,0.226006940755833,12.6934726659382,19.42236911104,6.28179133332287,466.393139553653,3.09466307060255,2
2026-04-16 07:45:00,0.224643422237167,13.206053111301,19.6762697778127,6.1693853333181,468.384016116749,3.70679124138163,2
2026-04-16 08:00:00,0.2051857334005,9.96394155552916,18.7834344446046,6.5669982222004,464.578023560306,3.17460788335557,2
2026-04-16 08:15:00,0.200694500038833,8.036801777956,16.7424086667116,7.55388844438903,461.456100687473,3.03952956708971,2
2026-04-16 08:30:00,0.223425870381067,8.62025022229504,17.8615562219353,8.9128071109076,460.798534530026,3.18970201256174,2
2026-04-16 08:45:00,0.219527977806333,8.3926148889276,18.7780562221173,9.14355599973223,459.704024643043,3.4889015173648,2
2026-04-16 09:00:00,0.1801754889206,6.25310800004299,13.7118322216622,12.4534222222366,450.06476501817,3.65671177974023,2
2026-04-16 09:15:00,0.211196322277,10.0834453329252,19.011748888598,11.1925600002326,458.539342699473,4.47548920894989,2
2026-04-16 09:30:00,0.2200894889233,10.7543797774764,21.8868173330933,11.1818133334112,459.75074383921,5.58431576545231,2
2026-04-16 09:45:00,0.193609570372233,7.80152977793497,16.7224748891787,18.2002068894084,451.918700953706,5.68108448822261,2
2026-04-16 10:00:00,0.186293399957433,6.96996355560726,14.385432444933,20.3947835554098,449.855787550373,5.6131527011209,2
2026-04-16 10:15:00,0.1936703592637,7.78548577789127,18.5277233332364,14.8613724447655,452.32406809345,5.76440131036036,2
2026-04-16 10:30:00,0.185465725896233,7.31719155560284,13.7806033336846,20.302737333306,450.563831617843,5.61389603626426,2
2026-04-16 10:45:00,0.1686377592774,5.92666777779043,11.7761604441527,20.1662511113945,449.12550882256,5.17927019256045,2
2026-04-16 11:00:00,0.169862166681633,6.93698511121507,12.3259488888029,20.3945442222832,450.315249863257,4.25252021367556,2
2026-04-16 11:15:00,0.160815803702267,5.81771711116833,9.75123177746421,27.837562666952,438.01987159993,3.86974959645959,2
2026-04-16 11:30:00,0.140591667896534,4.79865199983467,5.83976844462257,33.5021942906273,434.2982131464,3.57982169974737,2
2026-04-16 11:45:00,0.141940853682367,5.94912288876873,6.24533800016237,32.3748172479217,434.93627455384,3.79257483925689,2
2026-04-16 12:00:00,0.141425238866767,4.19230666648904,7.1713424447902,31.1051380000027,436.805861787293,3.6942260509542,2
2026-04-16 12:15:00,0.1600533777991,5.7743451110119,7.11474444466084,32.07575799989,436.131304859304,3.56902558451956,2
2026-04-16 12:30:00,0.130572929293233,3.8997388887098,3.67947822228177,35.2779198885943,433.65879290366,3.54752913509167,2
2026-04-16 12:45:00,0.124414133282867,4.28985911092634,4.83028453001733,31.6407214873877,435.178833813894,3.4654012664127,2
2026-04-16 13:00:00,0.140846246287367,3.98208733315214,6.00978733352377,32.1488973333667,434.25338416972,3.45667752175374,2
2026-04-16 13:15:00,0.130327416763633,5.79481666651889,4.72928013682893,33.447940598571,433.37232078418,3.34515003294933,2
2026-04-16 13:30:00,0.136982347669533,4.34539933312424,5.0617795556437,35.6773977519207,432.30611217739,3.15641350053642,2
2026-04-16 13:45:00,0.1306919777342,5.24232177756417,4.5280704787167,35.216707362987,432.471240877937,3.22870944406628,2
2026-04-16 14:00:00,0.1279845862637,5.57059044447913,2.60781222222746,36.4827128892047,432.22592114794,2.9452369751639,2
2026-04-16 14:15:00,0.128840022145367,3.5124986664578,2.5434017777727,39.2882628889787,433.173514144017,2.8640027050584,2
2026-04-16 14:30:00,0.124838874037367,4.61771622199533,2.54362022223103,39.0911444443951,432.619070169151,2.79268181762791,2
2026-04-16 14:45:00,0.125875807319267,4.4016555553327,2.20255577776553,39.085690444653,431.981641795307,2.80416714438743,2
2026-04-16 15:00:00,0.1253270369668,5.11442688870567,2.2526271111156,38.2226286668047,432.00330947381,2.75767538259953,2
2026-04-16 15:15:00,0.125407399938233,2.41545444438833,2.07488400000103,40.8324651108237,432.086201488623,2.74786166727477,2
2026-04-16 15:30:00,0.1248878517819,2.12189622221186,1.87475676921274,40.7931311108744,431.516702605737,2.91495424713915,2
2026-04-16 15:45:00,0.1244369629089,2.347476444436,2.05118543587144,40.9750734185647,431.592836413103,2.98014961701984,2
2026-04-16 16:00:00,0.1239210369821,2.0295468888468,1.82765032476843,39.250863555879,431.64510162235,3.13142242618232,2
2026-04-16 16:15:00,0.125408490619633,0.809747777754934,1.23229613793602,41.9719656408957,430.648787755344,3.15030904008277,2
2026-04-16 16:30:00,0.132249296290967,2.74392022218607,4.48196196834894,37.3549148892977,432.243155906997,3.44698823091556,2
2026-04-16 16:45:00,0.132031644447867,1.7608944443873,3.5952301905315,36.6586346671233,431.133688803253,3.42174120159728,2
2026-04-16 17:00:00,0.1307383669376,1.66911505977884,3.3268313333678,39.3993820000414,430.997357912543,3.40158348957144,2
2026-04-16 17:15:00,0.127107244415567,1.00209924781903,2.0128072845063,38.6340362224934,431.11924073421,3.22949150824627,2
2026-04-16 17:30:00,0.127788644424233,1.21752341877073,2.6057012137181,39.0899737780207,431.188872510733,3.39157027006348,2
2026-04-16 17:45:00,0.126242933336567,1.12932666664577,2.95301877173357,37.7590248892354,430.693419057773,3.47065489366086,2
2026-04-16 18:00:00,0.140076070398967,2.36639244440773,5.23816488891938,34.6740588884447,432.371331403937,3.28802986133787,2
2026-04-16 18:15:00,0.1332170963064,1.93823466661177,3.71764415878607,37.3634917781927,431.173449872126,3.32164037013878,2
2026-04-16 18:30:00,0.130902429642433,1.59549381192133,3.12555196828826,39.0100193335694,430.967629617616,3.31875710904124,2
2026-04-16 18:45:00,0.128057003441233,1.3323902222118,3.32881828817287,36.1450911108624,430.826285380753,3.26327274966906,2
2026-04-16 19:00:00,0.131127255554,1.43212711108543,3.51712847619757,36.073730444261,430.575533889359,3.18284330721367,2
2026-04-16 19:15:00,0.166063718471467,3.1728871110097,7.7817293015147,31.936577555112,432.92372515782,3.14756919229394,2
2026-04-16 19:30:00,0.134956462985067,1.1047751110801,6.03176752378792,33.2406751791903,430.714770156043,3.10278718342001,2
2026-04-16 19:45:00,0.142844614862267,1.9587708888803,7.09605974587876,32.2582628372226,431.65644441169,3.12197457636233,2
2026-04-16 20:00:00,0.1367118259323,1.48218034185307,6.4482901904115,30.7680677947713,432.562513708174,3.12012682000048,2
2026-04-16 20:15:00,0.143547133380634,1.8886175555812,7.2889510792212,30.4300128374297,432.618885247377,3.80286263680042,2
2026-04-16 20:30:00,0.1511324259488,2.22583777778417,8.09254888856013,27.3753321711783,434.56453503555,3.39658200923354,2
2026-04-16 20:45:00,0.1573570444229,2.7736133333069,12.0533828885997,21.1919095558017,447.984138828824,3.53767835655779,2
2026-04-16 21:00:00,0.1738593814828,3.76249399990823,16.4080957775575,14.9838435557042,449.356007736303,4.27184862624213,2
2026-04-16 21:15:00,0.149978066709834,2.18027377783487,10.9410348882397,25.6655322223916,441.110506577674,3.61968321980956,2
2026-04-16 21:30:00,0.1534248370698,2.33658088893813,10.9016031108778,22.233288000277,443.733772602364,3.58202296550563,2
2026-04-16 21:45:00,0.159648822247667,3.10769355546367,14.0425684446737,19.626898666587,448.950134180397,3.36600295081786,2
2026-04-16 22:00:00,0.1597552963118,3.06061311103363,14.366352222442,19.8796237778814,449.01093125925,3.15706085200342,2
2026-04-16 22:15:00,0.173400281482033,4.4904533333227,16.9256437778835,17.7094764445198,450.24297973733,3.37503272532751,2
2026-04-16 22:30:00,0.173687477790133,3.6379637777365,17.3733044440008,13.4848260001974,448.978390145986,3.42083704001651,2
2026-04-16 22:45:00,0.162446911150133,3.19466199996247,15.7300828885914,13.4149913334958,448.5643290418,3.27715856628002,2
2026-04-16 23:00:00,0.1596428185564,3.73378644441863,17.324654221619,12.6717222220427,449.8466252553,3.31412304154103,2
2026-04-16 23:15:00,0.157444177818533,2.79577911108633,15.4775991106147,13.1081195554475,449.326270884686,3.32050523583997,2
2026-04-16 23:30:00,0.158046470409167,2.84084933330077,12.6274124443217,13.5185913332103,448.27516259168,3.3461792805735,2
2026-04-16 23:45:00,0.157968418533633,2.78154733329687,12.2238966665227,13.2370571110315,448.448946433993,3.71624497077262,2
2026-04-17 00:00:00,0.148280055577467,2.48305666658847,14.1766439994438,11.7495171105545,448.83757487305,3.33001301319366,2
2026-04-17 00:15:00,0.1455900148294,2.63194044433617,14.7990077772311,11.1864637773295,449.05174532007,3.32766940036784,2
2026-04-17 00:30:00,0.145520042609933,2.59862355546454,11.5386171108757,12.096457110632,449.15820439234,3.26031347847959,2
2026-04-17 00:45:00,0.1542365148124,2.55755177768687,13.0877059998552,11.9951964439054,448.47792174546,3.27132749867047,2
2026-04-17 01:00:00,0.147845385202867,4.302374888857,17.3599177772729,10.7798619995785,453.232356096246,3.218299802589,2
2026-04-17 01:15:00,0.1456049667066,3.63175177774456,17.8655417772516,9.46574222193517,451.259273132837,3.19822184011168,2
2026-04-17 01:30:00,0.146510911140467,2.9173539999201,16.0588731107069,10.5943086663017,451.732776507696,3.16922239305823,2
2026-04-17 01:45:00,0.147852177800333,3.70983822221176,17.8969057772044,8.96078577757604,451.846116542773,3.24400132554168,2
2026-04-17 02:00:00,0.148057466688567,3.88761266664946,17.9450404438788,8.86526044424994,451.95159101076,3.21841633877964,2
2026-04-17 02:15:00,0.146727111140934,2.5787622221333,15.9225106663196,10.6560911107586,451.633939585573,3.18763215390387,2
2026-04-17 02:30:00,0.145623570415333,3.00554866661927,14.8941333330992,10.9072566663063,451.79054389654,3.15436444302702,2
2026-04-17 02:45:00,0.147894148180133,2.5124162221392,16.1844351108429,10.0410846663716,451.577866400203,3.21426242776397,2
2026-04-17 03:00:00,0.147594703742567,3.74015444443559,17.2775133330664,8.42918199986369,451.521918774456,3.27440290698068,2
2026-04-17 03:15:00,0.1484866667011,4.91065577771236,17.8630902219213,8.07633399990769,454.58028049789,3.17348815936684,2
2026-04-17 03:30:00,0.148174414853667,2.638920222144,16.0345531107896,8.68599866647604,451.01633544948,3.28377486046859,2
2026-04-17 03:45:00,0.147623763016133,3.39211466663773,12.1248335552842,10.1597566663207,452.16754645965,3.18588677695068,2
2026-04-17 04:00:00,0.146457177837367,2.52232555547034,12.0446355553044,10.4466037773257,450.775084161543,3.13686338683073,2
2026-04-17 04:15:00,0.149314240787967,2.47344711104317,14.91272155539,9.11373488867763,450.726889428373,3.16854457694508,2
2026-04-17 04:30:00,0.1496924704163,4.10208688884756,15.0391408886315,8.64944511096677,452.72605141477,3.17090398642465,2
2026-04-17 04:45:00,0.149700507440467,4.32390844441409,16.6959937771915,8.9063193331572,453.224222842607,3.13202923219805,2
2026-04-17 05:00:00,0.1515444407569,3.78971755553926,18.0150377771738,8.19010844433073,451.870770079623,3.25107054724407,2
2026-04-17 05:15:00,0.150645144464967,4.50652666661526,17.2954997774471,8.39173244433923,454.221215820577,3.14801484718309,2
2026-04-17 05:30:00,0.154354314811,6.05366044442219,18.2534135552861,7.02105599996306,455.16716924133,3.1741040526328,2
2026-04-17 05:45:00,0.1632522999758,4.9088031110474,17.9908377773798,6.7176568888614,455.269446970676,3.22268962713252,2
2026-04-17 06:00:00,0.169351488843867,5.37499911103333,18.4155357771224,6.51970955553543,455.466521486903,3.1873118023165,2
2026-04-17 06:15:00,0.177633014850933,6.48430866666673,19.4852671105563,6.15868622219157,455.01963827625,3.17528097388455,2
2026-04-17 06:30:00,0.174755833351667,6.17044933334606,18.3837748885992,6.71436622219082,456.679989675833,3.2853582619571,2
2026-04-17 06:45:00,0.171571377776034,6.20764355556626,18.6803119996497,6.71192955553902,456.423684260357,3.19442492798648,2
2026-04-17 07:00:00,0.176952962975133,7.71951377781237,19.0846333330513,6.62195133334713,456.944858675213,3.1671263999162,2
2026-04-17 07:15:00,0.188100451875367,7.48037511106217,19.0340239997207,6.53279177774683,456.703457727513,3.29328194439267,2
2026-04-17 07:30:00,0.208202422256666,8.46802133343947,19.6018188888157,7.18579599998263,459.070680822883,3.48643717451918,2
2026-04-17 07:45:00,0.224346655551933,10.2195131107537,20.000015555382,7.20630866672112,467.061448767109,3.48093863913726,2
2026-04-17 08:00:00,0.220788581495833,8.620757555659,19.9529155554007,8.53315399995716,463.26376743457,3.6217882034463,2
2026-04-17 08:15:00,0.2156040704021,8.48532177789657,19.8337382219373,9.55349622207843,462.194033280303,3.73002951364399,2
2026-04-17 08:30:00,0.166994622257634,5.11651222214533,11.2838139997129,21.7172711112539,443.576607825887,3.75254562098373,2
2026-04-17 08:45:00,0.168754259275833,6.88600333336777,12.0259731108804,21.134135777854,444.223401619147,3.97117974699867,2
2026-04-17 09:00:00,0.165780537013867,6.01871466665196,16.2236019998487,19.8562333335026,449.626063780016,4.21613604225115,2
2026-04-17 09:15:00,0.158512122241667,5.90082288889353,12.5280200001395,21.5085593336634,449.430412472723,4.06909118867693,2
2026-04-17 09:30:00,0.176543288951634,7.573602000227,19.9458644439737,13.0549628888855,451.09154596406,4.39369919776645,2
2026-04-17 09:45:00,0.1825059630148,7.68666000023357,18.6948946663394,15.2132284446221,452.001901631163,4.26794958536939,2
2026-04-17 10:00:00,0.1673593407756,9.55396422207596,16.601707333302,18.1416035558613,455.484647211054,4.10019438319076,2
2026-04-17 10:15:00,0.2803078074503,11.9270293332717,13.5197215556146,22.6324104443782,449.569271991333,4.20815361908658,2
2026-04-17 10:30:00,0.424602025974299,10.7987826665195,11.6762844441472,24.1882828891062,444.52033165718,4.13155670412289,2
2026-04-17 10:45:00,0.168777525953034,9.05914444442924,11.0855606662994,23.8497495560213,448.950229575417,4.02028968122112,2
2026-04-17 11:00:00,0.159393355607933,6.88911511123117,10.4459093329865,22.1873737780488,444.918432958914,4.27018684199298,2
2026-04-17 11:15:00,0.149158598227333,5.4842940000691,9.19707644422914,26.4518382227273,441.757460457484,4.21672853763372,2
2026-04-17 11:30:00,0.151320579731867,5.68079844449973,9.13694622206214,27.2817253337036,439.02045972354,4.15365964497022,2
2026-04-17 11:45:00,0.1464344981919,5.68047177783533,7.28670688910784,29.759258222282,435.97353481608,4.01089883018576,2
2026-04-17 12:00:00,0.137399968538533,4.35428088865804,5.89122823943133,32.2550052137423,437.159414687727,4.03988381432248,2
2026-04-17 12:15:00,0.13769662966,5.54097399976556,7.95521644441801,28.2186064443797,436.08050628321,3.89156000605743,2
2026-04-17 12:30:00,0.138230459267434,3.0844535554991,7.11717577823137,28.3314907523984,435.44413819355,3.85368970362661,2
2026-04-17 12:45:00,0.139302403731467,5.26887777771567,9.45174844416913,22.782093555686,442.370328648994,4.00122797368555,2
2026-04-17 13:00:00,0.1451364963238,3.0340717776866,9.80733222166059,26.3777180001763,440.85966000898,4.09122950899038,2
2026-04-17 13:15:00,0.132099133327434,1.17889066665867,5.7229192856987,34.2427962217023,433.564053529453,4.16174209543562,2
2026-04-17 13:30:00,0.1439450592977,1.6075962222287,6.16154063485847,32.0346979995213,434.144852030807,4.2959313780071,2
2026-04-17 13:45:00,0.1313047258951,1.50691511108247,5.34322265324877,33.89499777749,433.622473048903,4.26449283666055,2
2026-04-17 14:00:00,0.125337585175767,0.967104222224967,4.7438044127492,33.474651179496,433.751945695853,4.47092760864213,2
2026-04-17 14:15:00,0.129983370342,1.4223359999746,5.17472952381847,33.8684829571623,433.782157703843,4.2190960499263,2
2026-04-17 14:30:00,0.129899718485767,1.50618622220693,4.6112404786571,33.546043401711,434.252088317197,4.39408959032752,2
2026-04-17 14:45:00,0.130241614768667,2.19365355549817,4.21837914535177,34.3879459996013,433.330445078317,4.34120558942113,2
2026-04-17 15:00:00,0.133397444480133,2.48466866661053,4.409128666743,35.2367879992113,432.820247311883,4.38900587069364,2
2026-04-17 15:15:00,0.130963851851733,1.579647555516,4.02199422227143,35.7793831108417,432.5796196455,4.61037280113071,2
2026-04-17 15:30:00,0.1295528222231,2.3732168888448,3.1809266667287,38.3396202223457,431.84970277459,4.31279674340573,2
2026-04-17 15:45:00,0.130874940735033,2.71614288884553,4.0850948889647,36.3214332774777,432.269270789804,4.11727388509194,2
2026-04-17 16:00:00,0.132946081517567,3.19532244433126,4.5587688890173,35.8047139440793,432.724105106067,4.16328114769586,2
2026-04-17 16:15:00,0.138224174081533,2.8408342221626,4.39216088896387,35.785640499919,432.499422427794,4.14785298202519,2
2026-04-17 16:30:00,0.128864844442667,1.99377177772547,2.12917288891814,37.539059000662,431.501662455934,3.80546679248944,2
2026-04-17 16:45:00,0.1264576552865,0.895907999993,1.21044831761555,40.581780000329,430.732731515977,3.72080600310022,2
2026-04-17 17:00:00,0.130757933363233,1.44245266663253,3.05756222229233,39.274083333645,430.975090300394,3.77715227392545,2
2026-04-17 17:15:00,0.130763622207067,5.21396977792923,2.66166876927857,37.7066415003327,431.999120546014,3.53581309031194,2
2026-04-17 17:30:00,0.1274274739935,4.29455600025827,1.99042988033497,38.1446847780144,431.601602355247,3.5848647398563,2
2026-04-17 17:45:00,0.132187874076567,2.86412066662983,4.02980844449193,37.0526134446464,431.359231356387,3.67643656949326,2
2026-04-17 18:00:00,0.127925615372267,1.0861036922748,2.14020307939843,37.355061555896,430.923404637627,4.32478921556038,2
2026-04-17 18:15:00,0.1300578703805,1.5581308033862,3.47435641276813,37.2567066673154,431.161218558656,4.13668222921421,2
2026-04-17 18:30:00,0.11880706110546,0.982749999975933,1.58079302565437,36.9168657780657,430.631706216657,3.75375092482862,2
2026-04-17 18:45:00,0.127730674071,1.02431933331287,1.86251962395907,37.1630960007287,430.55972647489,3.48361577138983,2
2026-04-17 19:00:00,0.119628707973552,0.831732700866966,2.61060603420083,36.2983799443137,429.670051650973,4.07403004739615,2
2026-04-17 19:15:00,0.128818822238233,1.20982921366937,3.5499173675329,35.6516163242483,430.280863146113,3.71407576886087,2
2026-04-17 19:30:00,0.1267133191077,0.866872333323133,3.4572342564249,35.0856319697067,430.008806914526,3.73398488247373,2
2026-04-17 19:45:00,0.133741208874133,1.3893055555049,6.3788628888398,30.72001035885,433.002415369847,3.74430284226434,2
2026-04-17 20:00:00,0.132939368108433,1.0303706666276,6.2535591109909,27.9585409915797,441.050945449717,4.22071785937773,2
2026-04-17 20:15:00,0.155532659258667,2.65143800002167,9.2383399997259,22.5917951116084,447.412465701777,5.56601100511124,2
2026-04-17 20:30:00,0.207903763015833,4.73995511107213,12.2162015555008,18.9183671111689,460.421007209174,3.75197358925578,2
2026-04-17 20:45:00,0.290062277784967,7.50881977791838,20.8478166661717,9.90393666641701,468.642117244387,3.84991748641297,2
2026-04-17 21:00:00,0.256705851840533,5.43198266668817,19.4052253329423,10.3108684443235,467.150999992627,4.03385107241656,2
2026-04-17 21:15:00,0.224376096327567,7.00318155543628,19.6396366665219,12.8382384443469,470.536003724423,4.3126579770488,2
2026-04-17 21:30:00,0.205133707441733,4.49337311110484,17.3648342222023,13.4927960000984,462.449983828147,4.06064698133699,2
2026-04-17 21:45:00,0.184175899987833,3.72436399997523,16.3686480000831,14.5629433333889,460.149854587537,4.17941499407599,2
2026-04-17 22:00:00,0.176767851856434,4.3717304444158,16.3370526666285,14.708891333439,452.227626635183,4.20460058082889,2
2026-04-17 22:15:00,0.156254348191834,2.90703799993517,8.9268948886908,16.6925331109729,448.328668273157,3.58215447487397,2
2026-04-17 22:30:00,0.1486898074553,3.4478559999506,9.23276933329653,14.0761506661613,448.538153288083,3.64412533015407,2
2026-04-17 22:45:00,0.139654270384867,2.22711088882917,7.05796177771941,16.7866631104956,446.516369300823,3.43817097966999,2
2026-04-17 23:00:00,0.138179542598233,2.07122244437873,6.55199866661014,16.6878873327643,446.654891305186,3.41984281372202,2
2026-04-17 23:15:00,0.140522433350733,2.90559600001623,7.20867555550478,16.8235853329016,446.603836830696,3.47599597215687,2
2026-04-17 23:30:00,0.1390732074186,2.19098599994017,7.17664022207947,14.9517115550053,447.374774356083,3.4710084301048,2
2026-04-17 23:45:00,0.134752387054567,2.0113779999681,6.3330719999646,17.3423251104773,446.411530434523,3.44182550078817,2
2026-04-18 00:00:00,0.134458724100133,2.70834711111073,6.87406022212378,17.1508622216829,446.480234496106,3.35827063852068,2
2026-04-18 00:15:00,0.131181598136833,2.43414177774023,7.03438222218317,17.3322862216203,446.494284441877,3.27774938427315,2
2026-04-18 00:30:00,0.137488731514033,2.34895577771417,10.3296464443609,14.056584666219,448.093067622003,3.31488064664298,2
2026-04-18 00:45:00,0.141908435200267,2.7175628888088,12.1089806665139,12.1057795549112,450.53354961121,3.44748727148421,2
2026-04-18 01:00:00,0.155424050038534,3.45816644441267,13.1252264445662,11.0086275551574,451.72393093598,3.46336048644321,2
2026-04-18 01:15:00,0.1614811926465,5.03779599995346,15.2570706664047,11.1466042218363,454.931639809356,3.5648145539317,2
2026-04-18 01:30:00,0.1604590222453,4.54056377773087,14.0480144444753,11.9686179994354,452.711602735656,3.44393858562603,2
2026-04-18 01:45:00,0.163064159267067,3.158692444394,13.3963484444677,11.7131633327611,449.289973721863,3.46961515597123,2
2026-04-18 02:00:00,0.170410696354434,4.63918511108329,18.7719806659687,8.79802688865287,453.597538168706,3.50957514960229,2
2026-04-18 02:15:00,0.1916693259827,4.98926711105906,18.8862064438246,8.9697982219904,456.4404426249,3.40216442218805,2
2026-04-18 02:30:00,0.198141140812633,5.07347444438323,20.029655554667,7.85128933316276,459.00246917051,3.40263687606052,2
2026-04-18 02:45:00,0.207941618579266,4.83636977772373,20.7254113327417,7.59151911094223,459.259181267727,3.35937399743577,2
2026-04-18 03:00:00,0.1680317370354,5.33175244436846,19.0746493326215,7.84610755547213,458.268953383773,3.33215170141739,2
2026-04-18 03:15:00,0.2110322630242,5.9195646666395,19.6809924442243,9.03296244425816,461.48295810051,3.19946000276753,2
2026-04-18 03:30:00,0.155484938880466,4.33770222217803,13.026390888875,11.8208413328366,456.14306399065,3.22188572559392,2
2026-04-18 03:45:00,0.171878822252767,5.35645022213193,18.1514771108159,8.9324633331761,459.233616843977,3.25181671691172,2
2026-04-18 04:00:00,0.157830299975433,4.72075977771483,17.7364028886151,9.57285488862093,456.128990454827,3.1823761888279,2
2026-04-18 04:15:00,0.195586255637,5.2546886665707,20.3215071105013,7.9114946665052,462.226887411723,3.20395158939134,2
2026-04-18 04:30:00,0.202611607459433,6.67983066678829,20.9150564441026,7.50204199988863,467.47095331162,3.2894707911204,2
2026-04-18 04:45:00,0.164188055522567,5.38218955547339,18.8687511104045,7.75711733319883,455.33158117989,3.23534406223669,2
2026-04-18 05:00:00,0.152229933335467,4.81614622215693,17.9073291107796,9.50324799972213,455.365809569043,3.13332603811331,2
2026-04-18 05:15:00,0.161065162949733,4.6937555554873,14.9265551109224,11.1543877773031,455.586467210236,3.11793290461191,2
2026-04-18 05:30:00,0.144685357434667,3.93095466663483,11.8746275552079,13.3716468889829,452.748769305387,3.05846673937233,2
2026-04-18 05:45:00,0.145102927812233,3.94152866662537,11.7757653330409,12.3848677775198,451.012126517653,3.01326485498256,2
2026-04-18 06:00:00,0.144770388776033,4.35977177774207,12.0728131108176,12.3083873330383,451.68935042411,3.02252134602328,2
2026-04-18 06:15:00,0.1451848889302,3.79211111108086,12.1004688886063,11.8730317774883,450.691861796153,3.07388268555259,2
2026-04-18 06:30:00,0.144247014843267,3.98644244440096,13.1087839997641,11.311536221466,451.37113411456,3.09329839101978,2
2026-04-18 06:45:00,0.144103188911767,4.1367091110614,13.0917571109054,11.4344675549442,451.77274622772,3.05355044526178,2
2026-04-18 07:00:00,0.1610340222074,6.17536088887152,18.1721599997146,10.1906488885864,454.864032612586,3.26326682053898,2
2026-04-18 07:15:00,0.177607244522733,6.82255511109853,19.7881726662317,8.44054599985936,455.816127525357,3.501316113776,2
2026-04-18 07:30:00,0.1919153519554,7.90216844454967,20.0760066662663,8.16632688882513,456.420835946503,3.37082529717936,2
2026-04-18 07:45:00,0.2014495371094,7.9795933334918,20.4467275552613,9.39954044431639,460.244859387077,3.43098052475097,2
2026-04-18 08:00:00,0.2021059852171,6.2759708889236,19.2379897776187,10.3901873330166,458.719081242484,3.46320819173035,2
2026-04-18 08:15:00,0.196306892620867,7.91952533344684,19.3738368885996,11.6714875552732,458.494973605,3.63024712053891,2
2026-04-18 08:30:00,0.187163981521033,7.5239660000432,18.3794673332173,13.7054806666952,451.02983699431,3.98421319505255,2
2026-04-18 08:45:00,0.1612189222576,5.39975888886063,10.9613455555871,20.8660315557627,448.422095585957,4.0064107376613,2
2026-04-18 09:00:00,0.173349155605267,6.94345111125343,13.7685611111135,17.0134684447414,449.709476305303,4.87959665206806,2
2026-04-18 09:15:00,0.163554288902233,5.67725977774517,12.4492006662481,14.9173382219626,448.80866232608,4.57107950951074,2
2026-04-18 09:30:00,0.158869611148133,5.86063844446286,11.492696666484,19.2169997779238,448.522748730994,4.39230016416482,2
2026-04-18 09:45:00,0.1599064444936,4.39793777771324,10.0273655555451,20.934090666759,448.558528893017,3.84555767707658,2
2026-04-18 10:00:00,0.159930222261567,5.83942355554476,10.2295188887948,21.6988980001497,448.06295632208,4.04923336706749,2
2026-04-18 10:15:00,0.151604648184167,5.78655777755103,8.26200200033357,27.8835364448103,435.49714432664,3.67168736028767,2
2026-04-18 10:30:00,0.137552118517767,2.69579511108563,6.15083400019926,30.1628138636183,435.133730805763,3.25757527556646,2
2026-04-18 10:45:00,0.1455571963369,4.61677688855487,8.85864088892047,27.5961275557764,434.60652687326,3.62573252315745,2
2026-04-18 11:00:00,0.1529518741119,5.59116311097746,10.3368211106875,24.540710222533,440.5851727635,3.8305611398771,2
2026-04-18 11:15:00,0.148391281531467,5.1189584441294,8.72689311126611,27.7253013335127,435.802489245987,3.72110478172507,2
2026-04-18 11:30:00,0.146206011136567,5.58857022191647,8.3900608891757,27.9657617779223,435.04248164337,3.59053371330426,2
2026-04-18 11:45:00,0.135503916265467,2.84982333326066,6.23589311133416,30.337000017403,434.031334630354,3.50978745460267,2
2026-04-18 12:00:00,0.1465907555804,4.42581511089693,9.42809844433264,27.089713333571,439.560580840787,4.01142495350066,2
2026-04-18 12:15:00,0.146519677801767,4.57042111098367,9.66409333325347,22.4477144443967,440.609602676917,4.24159858927905,2
2026-04-18 12:30:00,0.145510711122834,5.53046733287817,8.50660866721957,27.4912200002513,434.83384901602,3.82571481048262,2
2026-04-18 12:45:00,0.1419443777803,6.03938555540022,7.30962977822247,30.3750795556457,433.900512669214,3.89014611614982,2
2026-04-18 13:00:00,0.1424798481512,5.51317000023293,7.16891244477427,29.6722853336877,433.585681343587,5.0210184854324,2
2026-04-18 13:15:00,0.151694000005333,6.19708977799113,9.89308155529851,25.854064444989,439.35773843586,4.14690541071469,2
2026-04-18 13:30:00,0.1543283852021,5.12820688909986,11.3571164439279,21.3896206666687,445.46274011648,4.13735687566031,2
2026-04-18 13:45:00,0.178929274023334,7.20621422233013,11.1145686665969,23.4210206668236,440.61875758637,4.25588341108914,2
2026-04-18 14:00:00,0.1498125259199,2.8368544443749,8.36923866655775,26.3518248894053,439.937781376654,4.43396385944137,2
2026-04-18 14:15:00,0.151555355552333,3.19650733324643,8.57789466637581,26.1996275559643,439.679612296097,4.67375507674662,2
2026-04-18 14:30:00,0.167696962913167,6.31988111137443,8.78185333377995,25.651690667191,437.732228853383,3.90679320219369,2
2026-04-18 14:45:00,0.172865429576833,6.37292266701472,10.0835373332945,22.867719778024,446.09095214572,4.30087048941538,2
2026-04-18 15:00:00,0.1627416073984,6.69613911092806,11.7199131107614,24.0667375557333,440.538812122393,4.1381318437186,2
2026-04-18 15:15:00,0.153174792599167,3.4281491109946,10.354483554986,22.640912444689,443.255921907237,4.22085071558467,2
2026-04-18 15:30:00,0.166728992556234,3.92236799990936,9.63455733301364,25.5520164448906,442.567156704293,3.99687616307631,2
2026-04-18 15:45:00,0.171580422185867,3.9639024443456,9.09606511088995,25.6993504449466,442.479521814897,3.81972334367759,2
2026-04-18 16:00:00,0.200967266726333,3.70107266660157,11.7960946661905,22.2659904451336,454.216534509797,4.62819973660583,2
2026-04-18 16:15:00,0.178541111129467,4.11235911107049,10.837580665989,24.1294786672573,445.91724445605,4.88321373439496,2
2026-04-18 16:30:00,0.160612688875833,3.8744997777304,10.8820671105241,24.1029660003447,444.815630084094,5.11823649495813,2
2026-04-18 16:45:00,0.196447740795367,4.4272168888197,10.066978221584,24.1382975558099,446.698888869414,4.96779550879593,2
2026-04-18 17:00:00,0.168015370387733,3.7684068888799,10.050033110507,22.5018028895434,454.127055896644,4.79485085646045,2
2026-04-18 17:15:00,0.1719004666806,3.71174599998363,9.96137444377467,23.8391684446427,451.359537605174,4.4988985739801,2
2026-04-18 17:30:00,0.1722723629548,4.8750071111042,13.1526851115067,19.4474633338319,454.463039495638,4.81055981309797,2
2026-04-18 17:45:00,0.1814828741148,3.67383733330816,11.5722288882801,22.203908223037,455.38528758408,4.7392455893099,2
2026-04-18 18:00:00,0.176396066674967,3.94719555551556,9.29925666621117,25.6778962224273,444.182190150087,4.03924027620123,2
2026-04-18 18:15:00,0.164092970343133,3.00576822216587,9.47809666626872,22.753924000764,447.835719785834,4.15028024718337,2
2026-04-18 18:30:00,0.203566429677433,6.52908955542146,13.2204279999813,16.0111124444354,452.673303937257,4.30836463769486,2
2026-04-18 18:45:00,0.1977606963163,5.99952044435757,11.4726988885084,19.0336393334724,449.962129977354,4.12334350061099,2
2026-04-18 19:00:00,0.1564911703527,3.4441902221369,8.48998999990194,22.4917780005133,445.30946189993,3.4608668126636,2
2026-04-18 19:15:00,0.2162769481863,5.13317488869486,17.8505891110724,11.7893362220619,447.531073009097,4.40160886824695,2
2026-04-18 19:30:00,0.220081733382433,4.397524666568,18.4952284443289,10.5689431106351,450.888646434557,4.59010084432992,2
2026-04-18 19:45:00,0.231020466689467,5.37693555546453,18.2970504444164,9.47617111086274,451.31497279821,7.22592483770212,2
2026-04-18 20:00:00,0.2311855259558,5.98681688904446,18.3550688889152,9.09507644430156,456.275909909427,5.21963020381159,2
2026-04-18 20:15:00,0.280685948185634,6.77899866651943,23.5363846662307,7.39013933323483,460.01092877768,5.31991175477517,2
2026-04-18 20:30:00,0.225249540798,5.44784199993573,18.3526046666581,7.41963533330723,453.32736951984,4.97343590580043,2
2026-04-18 20:45:00,0.219732577841366,5.50693199994943,17.7781377777699,7.46399088880147,453.178483756973,4.65940799957192,2
2026-04-18 21:00:00,0.222782759327766,7.03766200000473,18.042600888954,7.62523311087893,460.441292754896,4.43741712007009,2
2026-04-18 21:15:00,0.211731162977433,7.0549117775856,17.0991408886458,11.6657331107046,450.602006179497,4.20155967563124,2
2026-04-18 21:30:00,0.208457333340933,8.03639022206677,17.7483351104146,11.4169217772399,448.003265457323,4.24755908576065,2
2026-04-18 21:45:00,0.2110147926107,7.81211399971377,18.7835699997678,10.4113846662424,447.741430079323,4.26414369403871,2
2026-04-18 22:00:00,0.208066577786,7.89288644423694,19.1636088884226,10.6348024439974,447.486638741794,4.03951895194021,2
2026-04-18 22:15:00,0.175412192552,5.47593755551816,12.6935935551337,13.977726888463,447.860512683497,3.57004621309738,2
2026-04-18 22:30:00,0.147105444458234,2.76877555552203,7.22727533332917,20.9949182224153,440.856318609717,3.29830438553113,2
2026-04-18 22:45:00,0.1549997000296,4.48208644443807,11.6247791107678,16.0076279997439,443.755121814944,3.72538306650647,2
2026-04-18 23:00:00,0.1522638518754,3.93476755553953,11.8310266664503,15.8315971108876,444.64680771048,3.68154014221631,2
2026-04-18 23:15:00,0.155060700033434,6.32798644481453,12.2285859993685,14.7563335553219,445.753273730577,3.69323181717669,2
2026-04-18 23:30:00,0.159443303713533,3.837861111105,9.80607911077486,19.0856637777377,444.739010824747,3.4933291231555,2
2026-04-18 23:45:00,0.1488899074301,3.40023333330207,8.16969355540817,17.9584837775727,442.892142511607,3.43732869460233,2
2026-04-19 00:00:00,0.147819951886267,3.2646708888592,8.2686035552014,18.575313110865,445.558096400617,3.54537537200254,2
2026-04-19 00:15:00,0.1573047074285,4.69907844436947,12.1427057775914,15.5334695554968,446.565404176301,3.49483716841185,2
2026-04-19 00:30:00,0.143174192627567,2.9374653333216,8.214907777524,18.5826942218227,445.042454243713,3.42193387612609,2
2026-04-19 00:45:00,0.1502926740962,4.04065422219977,10.643598888892,15.57928222192,445.114677165497,3.43870528080226,2
2026-04-19 01:00:00,0.152196177809767,4.5678664444549,11.2723926665793,13.9314680000654,446.941459662187,3.61823652627576,2
2026-04-19 01:15:00,0.156456074108467,4.69715866667853,11.5006348888047,14.3920357778528,447.49812010462,3.49298850116779,2
2026-04-19 01:30:00,0.1556941037378,5.3032146666642,11.4369333334175,13.7182193330994,449.146930782543,3.48207829488769,2
2026-04-19 01:45:00,0.160711585214433,5.75172311111297,11.7619231111357,14.0216284444828,450.236713176787,4.04228328946924,2
2026-04-19 02:00:00,0.201329329673967,7.94012266657787,13.6720657775818,12.4615988884152,459.54626035608,3.43817033735589,2
2026-04-19 02:15:00,0.1849601851705,7.32051933337743,15.840240666295,11.2425004440558,461.051638388867,3.57347859666699,2
2026-04-19 02:30:00,0.214489070401933,6.70516400001069,18.6649659997396,10.1296024440815,473.167807977447,3.50226569271987,2
2026-04-19 02:45:00,0.214891051880767,7.6580173332758,18.7964364437779,8.9817917775364,469.60513766285,3.46711018607144,2
2026-04-19 03:00:00,0.186901140712766,6.77247066665744,16.9258437776468,9.3639086664255,460.760907696623,3.46555734114564,2
2026-04-19 03:15:00,0.187768374077533,5.74067844448184,17.6195668886793,9.63301533307216,470.419627885837,3.39646002955392,2
2026-04-19 03:30:00,0.177804303749367,5.16630933331794,16.9671442218781,9.5465422220169,460.24706838988,3.39410645590215,2
2026-04-19 03:45:00,0.1946395555313,5.4341131110721,18.9244511103789,8.43881977766006,464.599888133823,3.46869553042149,2
2026-04-19 04:00:00,0.220968466704267,6.35271977766414,19.714199333055,7.81977977766293,469.210072862387,3.62027795517561,2
2026-04-19 04:15:00,0.243105792618266,8.10251688906675,22.640736000149,7.4369435554802,471.373622664817,3.67046041297407,2
2026-04-19 04:30:00,0.228874696331267,13.6519319991627,23.463180666159,7.69118688879671,475.326905425143,3.70216287261956,2
2026-04-19 04:45:00,0.239993648190967,15.9273713332007,24.3291215550277,7.6269335554603,480.950138391193,4.00462774089821,2
2026-04-19 05:00:00,0.238227996325,17.4437884438937,24.647040888572,7.6190808888288,488.2163716094,4.03924645426666,2
2026-04-19 05:15:00,0.244370051870966,17.431759777224,25.6477795554653,7.42988111105344,490.17245783789,4.05855377533553,2
2026-04-19 05:30:00,0.229510881534766,14.4765797769478,23.59169266596,6.80975644448967,480.16945427272,3.91269875646439,2
2026-04-19 05:45:00,0.2142815111353,7.47155822239707,22.7806179993363,6.4405695555599,474.063545237503,4.0103899404358,2
2026-04-19 06:00:00,0.200524625933866,5.3761279999442,22.0263942218087,6.20491822223456,471.730121682427,4.12202406620124,2
2026-04-19 06:15:00,0.2232886926524,4.98816022217807,21.5235099997897,5.90446088888433,470.326098209563,4.01449896539387,2
2026-04-19 06:30:00,0.222556214873833,5.8764055555305,21.6954148886287,5.9740060000024,471.48377323525,4.13276701469096,2
2026-04-19 06:45:00,0.2216366667239,12.1166682213994,22.085023333346,4.89827822221817,471.5192738438,4.3206030757644,2
2026-04-19 07:00:00,0.232209348190433,13.5650113322924,22.239115555605,5.09655577779664,471.50516006789,4.40601235395704,2
2026-04-19 07:15:00,0.256560703792766,10.6841766665732,21.931167332701,4.89384111109921,474.497022758616,4.38247056540728,2
2026-04-19 07:30:00,0.252607600059966,11.5767853329136,22.9847048890027,4.9070464444153,464.57731365302,4.40025197572119,2
2026-04-19 07:45:00,0.2331085000353,10.9460642220047,21.8935364436707,5.69940866661853,472.08350937203,4.19523502035168,2
2026-04-19 08:00:00,0.217381844500933,8.74115155556484,21.444816221671,7.35971911109265,459.77616787528,4.49192477572177,2
2026-04-19 08:15:00,0.210496888947,8.5008508888854,20.0699586663947,7.97596333333383,462.101653476353,4.46336162224901,2
2026-04-19 08:30:00,0.1827496221781,6.12640422215004,16.0100324443764,13.8514119999464,459.09211640278,4.17621660270633,2
2026-04-19 08:45:00,0.1509863556061,4.24199955554427,9.5307917776818,20.663356222614,443.902451547693,3.649174794381,2
2026-04-19 09:00:00,0.153172281517733,4.6008468888666,8.64019755556763,19.7203839999813,444.512778353896,3.59042390319818,2
2026-04-19 09:15:00,0.164653385181567,4.72986444442034,9.68057022221777,20.7183404444093,443.965689866423,3.48486516492704,2
2026-04-19 09:30:00,0.151382996294533,4.17611777762677,8.44231511147261,24.7543146672723,436.46852477004,3.74581113053653,2
2026-04-19 09:45:00,0.145022540759133,3.65080311108273,7.34670777791494,21.426714444356,435.797440989467,3.72727538570451,2
2026-04-19 10:00:00,0.133290792615467,4.77746644426154,6.74528244476346,28.011368222398,436.12707413182,3.72089945365064,2
2026-04-19 10:15:00,0.138539674078467,1.9721673332992,6.92324800010514,24.4414088893267,436.04858600724,4.46230780177003,2
2026-04-19 10:30:00,0.132904471844734,2.84754333327497,4.1313386666588,28.9009217776357,434.948639268327,4.37735696264912,2
2026-04-19 10:45:00,0.131656678614333,1.6491108888375,3.24829199993293,28.715393555401,433.568547753483,4.17250714755999,2
2026-04-19 11:00:00,0.138577933344734,2.06887955551263,6.91662066676031,22.2022328887814,436.286573741723,4.52007440651905,2
2026-04-19 11:15:00,0.151045155543567,2.96920088879883,7.34197933347377,22.957100222109,435.962141882547,4.5109677894259,2
2026-04-19 11:30:00,0.139795800035333,7.1289680003218,4.77108405130987,30.3720568893647,434.382360964594,4.2679140172556,2
2026-04-19 11:45:00,0.131411666694267,1.4307966666379,3.41426112819656,30.264303880242,434.76761855008,4.6239231931724,2
2026-04-19 12:00:00,0.132967804462867,1.65139066664753,3.60021358975997,34.399545298844,432.89919130664,4.71821175575793,2
2026-04-19 12:15:00,0.131273976632267,2.11805177777383,2.83031075213953,35.0941190595463,432.361554066104,4.26478341861525,2
2026-04-19 12:30:00,0.1360330632923,5.42807822254566,4.06411211966557,34.3520301370254,433.468730220044,4.09613107323269,2
2026-04-19 12:45:00,0.135155428529233,5.28598022259876,4.19034292308477,34.779574068212,432.213984909837,4.16805319691334,2
2026-04-19 13:00:00,0.134965533649267,2.13394799996017,3.9022560171122,34.853001316104,432.340290171844,4.08027494402159,2
2026-04-19 13:15:00,0.137151112562633,5.50661888900789,3.97978169233887,35.66700210222,432.35593266223,3.8195238078194,2
2026-04-19 13:30:00,0.130896703096867,1.3613806666444,1.98410311109717,36.0780136576217,431.363805428294,3.74558694143909,2
2026-04-19 13:45:00,0.132176631878666,4.9267253336903,2.3366562222144,37.2188064446127,431.66505643907,3.67098555448916,2
2026-04-19 14:00:00,0.1324387686076,5.1684468893091,1.89444329915877,39.1969624449141,431.630107041744,3.53385000349186,2
2026-04-19 14:15:00,0.132270874052733,5.32669377820073,1.940655965823,38.9687457786131,431.616340650167,3.57649986546842,2
2026-04-19 14:30:00,0.131642788588433,5.70439311152179,2.06222388036837,39.082469556076,431.744707046484,3.35616179115518,2
2026-04-19 14:45:00,0.131813214815133,5.67055755560016,3.39649733335037,41.360811555405,432.25089009891,3.21632204013035,2
2026-04-19 15:00:00,0.1327991991495,4.12854355580667,2.88342801711404,40.005171111295,431.658712150597,3.12130310651393,2
2026-04-19 15:15:00,0.1322631554619,5.7444771113798,1.75073362394623,40.9314533330486,432.35432667298,3.0632985859169,2
2026-04-19 15:30:00,0.130006955445533,1.90788955548473,0.672560523502011,41.7510382221094,431.377048349516,3.05859847176125,2
2026-04-19 15:45:00,0.125727970320133,1.46057599994833,0.687410037537091,40.034513555298,430.83689420394,2.99870560212661,2
2026-04-19 16:00:00,0.127765483235,0.6077242050977,0.806436822844544,40.5497202217783,429.20671821212,3.13153798958841,2
2026-04-19 16:15:00,0.1313917159892,1.68715511106274,1.9269806837551,39.723677555279,429.454933802967,3.16328255395568,2
2026-04-19 16:30:00,0.129596748736333,0.6109062050858,0.725690228287697,39.8527131107963,428.207670241814,3.1405519998244,2
2026-04-19 16:45:00,0.1314673153752,1.4405064444054,2.09346029058204,36.330012884677,428.390732955617,3.27688204845249,2
2026-04-19 17:00:00,0.1350823703707,1.37127177776373,3.20738177777993,34.2276711237,428.988230673577,3.94118583579683,2
2026-04-19 17:15:00,0.135753555553067,1.35576649577257,3.8299102222452,31.4024471452994,428.09712613489,4.92152706392204,2
2026-04-19 17:30:00,0.1373012592622,1.36297955556717,4.27086199995213,30.3650294359077,428.203704210773,4.05624385433269,2
2026-04-19 17:45:00,0.133930533337667,1.6201302222174,5.71572437598803,28.3066339831413,428.570656561967,3.56805992034836,2
2026-04-19 18:00:00,0.1402050148362,1.79374022220773,5.8834151110014,27.9454297780286,428.393195153794,3.65114910460659,2
2026-04-19 18:15:00,0.147931207409467,2.23656600000047,7.01178355559287,25.405590000333,431.892887223371,3.44840766670312,2
2026-04-19 18:30:00,0.1614035703811,2.39198533331017,5.8773231110477,28.2140590597737,430.866367081234,3.52242154024447,2
2026-04-19 18:45:00,0.1426443481697,2.2979191623186,3.21529235898717,31.567962802952,434.16599991106,3.50132035119962,2
2026-04-19 19:00:00,0.133255755569867,1.50103541876453,2.54230709404363,32.0177900165593,428.768496525657,3.20422139078974,2
2026-04-19 19:15:00,0.133007644460833,1.82634933326183,2.6445998119936,29.452135094464,428.631625188384,3.14710306244938,2
2026-04-19 19:30:00,0.135710407380234,1.801464222172,2.78671415387073,30.4476847867037,429.506859581523,2.86633180598276,2
2026-04-19 19:45:00,0.1479669703426,2.5431131110871,7.49942355564934,25.8346947184976,433.930052313554,3.31207480490204,2
2026-04-19 20:00:00,0.216361592632466,13.7725413324402,19.6124688885827,12.6591802217423,446.453118335766,3.68614099027118,2
2026-04-19 20:15:00,0.208284055579033,8.47423333318724,13.2680499998628,13.4398182221847,451.850368295537,3.60337672072518,2
2026-04-19 20:30:00,0.193972985224867,6.34895888899819,10.9765571108877,16.1417024442965,451.80596999219,3.49374441567805,2
2026-04-19 20:45:00,0.216599992621533,6.3774831111786,12.4660066665459,14.2852724447122,456.642312911203,3.59830226051038,2
2026-04-19 21:00:00,0.215724618553666,5.52043622226246,13.5575066667641,12.8770704445608,458.160102710347,3.63497986526398,2
2026-04-19 21:15:00,0.2543226963,6.18119600014463,16.3945351112304,9.62392244419688,470.674521406366,4.09158356708159,2
2026-04-19 21:30:00,0.2487060444747,7.32327866656703,21.0502373335016,8.35318444430963,472.014245833366,3.97889035538865,2
2026-04-19 21:45:00,0.2538298148438,7.17608244427023,23.2135846664557,8.07092355547196,474.540180603077,4.09349621826348,2
2026-04-19 22:00:00,0.242694481508766,5.04566666679676,19.3993206668153,7.9006306665481,464.90645665702,4.47852676476265,2
2026-04-19 22:15:00,0.242303237053666,5.3224864445889,20.3973864443757,7.8357591109769,459.932388234113,4.34610110841095,2
2026-04-19 22:30:00,0.2031108815078,3.6361446666507,16.9690093335387,12.0064586666924,446.57765890047,3.98735684862928,2
2026-04-19 22:45:00,0.176510692558767,3.6106144444365,16.0790604441645,12.3761991107488,445.660581308657,3.94538307678043,2
2026-04-19 23:00:00,0.1758598222256,5.9164964443445,16.4538526661271,8.2233504443011,445.40122250521,4.37683877390095,2
2026-04-19 23:15:00,0.229345940760933,5.8788586666634,17.115839333089,7.52965377777713,454.927440730714,4.36089953317901,2
2026-04-19 23:30:00,0.190039811137067,7.63874844439186,17.6080568883226,7.48207288876419,455.309615593927,4.20897120829376,2
2026-04-19 23:45:00,0.1844960777699,7.75217733329423,17.3470855551716,7.86798599983809,455.54546163794,4.31907504295284,2
2026-04-20 00:00:00,0.2102451667245,8.9693353332555,18.2865066662592,8.13461533304002,460.483474987137,4.58048509722387,2
2026-04-20 00:15:00,0.237501555564,9.72218755603836,21.5653046664698,7.74450622194017,458.459931211713,4.66510596089875,2
2026-04-20 00:30:00,0.249960022225533,18.4434655542537,24.0944835551447,7.75257022205797,462.55427705783,4.85420474100989,2
2026-04-20 00:45:00,0.297625851828534,10.3240304449078,24.1594831106807,6.87853399995853,463.000333978463,5.59834141850027,2
2026-04-20 01:00:00,0.2948594222001,14.3409682218942,23.4968402221253,6.75892666662543,472.289715425937,5.33883226979167,2
2026-04-20 01:15:00,0.297535966670167,13.7052215553276,23.1562204448587,6.6020517777548,477.307919169043,5.24050008020774,2
2026-04-20 01:30:00,0.3041148481427,17.8362982210241,23.979371333199,6.52827155553436,477.246712694603,5.36093023951376,2
2026-04-20 01:45:00,0.271037985177767,10.3950955558518,24.077156221784,6.62456155547447,474.021059765753,5.62775803361542,2
2026-04-20 02:00:00,0.258957000041166,9.35244000040261,23.015959555882,6.53202844437937,473.301763529883,5.54261099862234,2
2026-04-20 02:15:00,0.2526470740952,9.06768466688768,23.486975999994,6.5571264443916,473.502570163776,5.48698820207491,2
2026-04-20 02:30:00,0.2579664444841,9.29886244486554,23.9317293330846,6.4052862221455,473.423728397653,5.34139721383137,3
2026-04-20 02:45:00,0.2583001630041,15.8379195546393,23.097226444751,6.5423159999444,473.565945664183,4.88883195747101,3
2026-04-20 03:00:00,0.247188296329633,15.7873268878897,21.6462773333553,6.66560911104306,473.76487334923,4.77038961408182,3
2026-04-20 03:15:00,0.238186177814533,7.76749644442405,19.6934106664777,7.26669133329766,474.184237326613,4.90265262253462,3
2026-04-20 03:30:00,0.218375540791767,6.54251244450354,16.4169697775033,8.07881622205562,461.990703670007,5.16592937101572,3
2026-04-20 03:45:00,0.1962714741003,5.91018177780757,15.2233257769821,8.55955488871053,459.46643161771,5.47549423625906,2
2026-04-20 04:00:00,0.195509959292234,6.50892400001511,14.5872586662134,9.0523308887316,459.643202305077,5.44697684506424,2
2026-04-20 04:15:00,0.188723885189334,5.84702755557393,13.4213571110583,9.93160711088303,458.96327698841,5.7835089454747,2
2026-04-20 04:30:00,0.221519263022367,7.57808222235375,15.5848644436043,9.15863244431664,460.70102485195,6.05516878804486,2
2026-04-20 04:45:00,0.226683755571766,8.12850755556842,16.099758443821,8.09243555525513,460.693728830396,5.85973985179547,2
2026-04-20 05:00:00,0.22688398151,7.43047866655822,16.0451042219257,7.97370511096037,469.867109201447,5.75141415771233,2
2026-04-20 05:15:00,0.234462366698033,11.2055351106975,19.8151355553903,7.31896599993463,470.32417814468,5.6384730318931,2
2026-04-20 05:30:00,0.235365944480533,16.0519611100233,19.7716333332777,7.33709400001069,475.444015996973,5.50358382852287,2
2026-04-20 05:45:00,0.242829703737633,15.5356884434566,19.9039962221157,6.93323711106363,476.741046995393,5.2819037071931,2
2026-04-20 06:00:00,0.247747044493066,16.1155526656695,20.3196497776874,6.82912111107636,478.220503099723,5.03227308158425,2
2026-04-20 06:15:00,0.260072607470767,23.206607556062,21.6528737776523,6.3353897777088,496.816500262997,4.98508787758407,2
2026-04-20 06:30:00,0.2609328667332,16.9967215554193,21.347291777462,6.1214546666294,485.964414946856,4.88187119131424,2
2026-04-20 06:45:00,0.2502077592936,16.8847848887183,20.3417142220437,6.1326397777295,486.44782188386,4.47784107631947,2
2026-04-20 07:00:00,0.170311863018834,6.6330068888641,13.7949548886287,7.9314835553732,455.735426692327,3.59797902793382,2
2026-04-20 07:15:00,0.224788874110867,11.1723331110555,15.2881537771047,8.57337333325747,462.895025804143,3.48878123804593,2
2026-04-20 07:30:00,0.162161374131933,6.48016644445773,12.9964739998247,8.86782977760086,455.47872198,3.3716541420578,2
2026-04-20 07:45:00,0.1500882185731,4.22670088889004,10.925145777734,9.39653911090467,453.478299867757,3.31697971852841,2
2026-04-20 08:00:00,0.145760333396167,6.90924999990064,8.99365577750468,13.534534666068,450.16794915895,3.26819841527277,2
2026-04-20 08:15:00,0.196663222202266,10.9387755553889,18.9114677776343,9.62990066639143,459.629342959047,3.63400656971737,2
2026-04-20 08:30:00,0.203269429621333,9.28244422205644,16.1072288874426,11.0755331105695,454.091095310813,3.67220477470479,2
2026-04-20 08:45:00,0.1826563110645,6.70671488889307,11.5132315553255,14.3384895549672,450.00805626087,3.45068073213812,2
2026-04-20 09:00:00,0.1545429926319,7.1530691111461,9.00489533337163,17.87307466645,445.507615085726,3.34696383007079,2
2026-04-20 09:15:00,0.1321396421569,6.07776444439743,4.07307994872337,27.3332228887587,433.960980595607,3.21064989701283,2
2026-04-20 09:30:00,0.1364146222231,6.46221422233639,7.60081066676947,21.0085886667007,441.170165843236,3.61773229221698,2
2026-04-20 09:45:00,0.135218552164,6.71511822228156,7.24512377777807,19.2062957773102,444.789306147623,3.38806202919229,2
2026-04-20 10:00:00,0.1328747920303,5.88566777800313,6.50776355560554,21.8143375551647,443.848627644343,3.31561985579726,2
2026-04-20 10:15:00,0.134936381772033,6.01020911113173,5.49178947013711,27.465584957259,436.682038481754,3.53508699676229,2
2026-04-20 10:30:00,0.1361477755302,6.2594111111446,6.90597777799857,23.6253822221104,438.425244955634,3.56918594053911,2
2026-04-20 10:45:00,0.136048519695167,5.93232911124,5.7450955214784,29.3910066325157,437.274559474577,3.59338426570487,2
2026-04-20 11:00:00,0.135616991502633,5.86628333339803,5.0170308718519,31.9030821199137,434.045219630071,3.58810846793148,2
2026-04-20 11:15:00,0.135091760699,5.79785533367606,5.03623729921684,30.3235457434483,434.401852853684,3.5332621619605,2
2026-04-20 11:30:00,0.138222634487034,5.35514911147703,5.73826871806054,28.3786547524107,437.413459283484,3.61783511761784,2
2026-04-20 11:45:00,0.1370443493133,6.00305622265016,4.70135454702787,32.2911446840327,434.013318880764,3.55070235661835,2
2026-04-20 12:00:00,0.1350495367705,2.6498002222369,4.72426435898496,31.8573661368563,433.570878453604,3.79025123497715,2
2026-04-20 12:15:00,0.134901490069633,1.91644311107297,3.77038054701277,33.154746393319,433.06218374261,3.78734801264679,2
2026-04-20 12:30:00,0.1344458441809,1.95088488885547,3.44118182906893,33.1332589401343,432.324691909297,4.03166484097382,2
2026-04-20 12:45:00,0.134821658329967,1.52554644441993,3.15734618805457,33.187358188144,431.39461827752,3.74510536555395,2
2026-04-20 13:00:00,0.133129520145167,1.49368311107063,3.27322347009757,34.02963599951,431.60026417628,4.01828045655305,2
2026-04-20 13:15:00,0.1345679830955,2.0085886666182,4.24183446154894,31.8952764958014,432.45410290868,3.73427111654409,2
2026-04-20 13:30:00,0.134530764984833,1.5935888889169,2.82700059830257,33.6560172479407,431.063655766157,3.55638468573512,2
2026-04-20 13:45:00,0.1348624209835,2.0119592820212,3.17287928207667,34.8415360341248,430.807063931763,3.42125375040375,2
2026-04-20 14:00:00,0.132055146327,1.5719512221745,2.4688242222339,33.2048755381803,428.884144523267,3.53589255816627,2
2026-04-20 14:15:00,0.132095300155867,1.50167188883767,2.54054136752763,32.3068636578687,428.732608282736,3.55636673955897,2
2026-04-20 14:30:00,0.1320109181108,1.60611644439877,2.6401303077144,30.4073089234493,429.145881487753,3.37657440392163,2
2026-04-20 14:45:00,0.133561251875834,1.85642466657593,2.6114923761062,30.2084572824097,430.433838609364,3.50223456071424,2
2026-04-20 15:00:00,0.1325095111109,1.75434577772707,2.57048894022567,31.0584894016624,429.849335099434,3.41679146542176,2
2026-04-20 15:15:00,0.1346063561313,1.49546663244457,2.35763256414037,32.2165512136307,428.831530551747,3.41859228246284,2
2026-04-20 15:30:00,0.131610155562967,1.7790877777073,2.86913377781913,28.9746635393221,428.59311503279,3.49983918292683,2
2026-04-20 15:45:00,0.132319616809667,1.7381146666113,2.941314871828,29.5998168724014,428.60197077347,3.47883829142657,2
2026-04-20 16:00:00,0.1310773777796,1.68988577770813,2.66758121370647,29.6399199661197,428.314925465021,3.40203506482227,2
2026-04-20 16:15:00,0.128881474076767,1.50952729909987,2.43822114532607,29.8897679830576,424.340651420701,3.25799972586426,2
2026-04-20 16:30:00,0.1298277703627,1.75462777770097,2.951427880395,28.70795053077,428.721900476607,3.16994759333841,2
2026-04-20 16:45:00,0.1318101777737,1.40705685466137,2.51345020517613,30.697083538564,427.905831481497,3.13276624071468,2
2026-04-20 17:00:00,0.1304177999664,1.66512174353697,3.03479663253907,28.948424752792,429.158290858977,2.93186765246813,2
2026-04-20 17:15:00,0.135245114772167,1.45766933328,2.79567950432513,31.6818055214227,428.026887003387,2.67681720988141,2
2026-04-20 17:30:00,0.135864272039433,1.5825651110505,3.1167571624542,29.9037234191214,429.629180058824,2.69901168471072,2
2026-04-20 17:45:00,0.139498792642733,2.21297466663713,3.9717582051714,26.343224444468,432.072605787803,2.73442964287939,2
2026-04-20 18:00:00,0.136660605523734,1.4416388888548,2.81227458124323,31.462602598453,429.241911397174,2.66691618173651,2
2026-04-20 18:15:00,0.136402807359267,1.31824649570927,2.57413666670307,31.129890649336,428.021197823981,2.61603190919261,2
2026-04-20 18:30:00,0.1357608000502,1.87821733329697,3.55405415389423,28.1537387191487,428.490286332741,2.83966388482964,2
2026-04-20 18:45:00,0.152907533321267,2.2008753332947,5.13532658128816,26.5763255558977,431.747092049027,2.83190003348417,2
2026-04-20 19:00:00,0.133964851893067,1.34073791450427,2.89011570941133,29.7980810257886,427.903675052277,2.89798298892613,2
2026-04-20 19:15:00,0.151335985169733,1.78347911113513,6.58980644453764,25.0475491111783,433.798045465591,3.06673125556685,2
2026-04-20 19:30:00,0.174804051853767,2.26734266663047,10.5464924444147,19.8087271117155,443.00339395511,3.29590768521178,2
2026-04-20 19:45:00,0.1751991148498,2.94160711105067,13.9878975554489,14.6277140004217,440.360454559327,3.39156099527429,2
2026-04-20 20:00:00,0.157374503700533,1.73336822222767,9.39866377795516,23.7238873335953,441.360489614801,3.33361018901268,2
2026-04-20 20:15:00,0.1621521703732,1.7382471111128,9.33581355569119,22.3810000005447,438.872742027284,4.75845951200392,2
2026-04-20 20:30:00,0.175667170393367,3.63366155544477,13.4255155557613,13.6029273331787,439.983943401927,3.7584663637209,2
2026-04-20 20:45:00,0.176826592593667,3.97162288874821,13.4047546668774,12.7721275552462,440.46099030942,3.42158647456671,2
2026-04-20 21:00:00,0.195135444463033,4.10053955537547,12.9230275556459,12.7714455552607,442.423829268777,4.05315720484176,2
2026-04-20 21:15:00,0.200687377799733,5.4132428885649,14.8571175553074,10.715030888492,442.158123454614,3.84538565055982,2
2026-04-20 21:30:00,0.224631037067166,6.75128711055694,19.5282048888539,9.5685084442045,445.634636852537,3.96860905682862,2
2026-04-20 21:45:00,0.2314667185446,6.06944466634697,19.1413880002353,9.61538244417527,448.74276844513,4.30045871115991,2
2026-04-20 22:00:00,0.231184748174266,6.77767844398177,20.1657413333913,9.33783133310777,447.010953108327,4.71029153776805,2
2026-04-20 22:15:00,0.274627800032367,8.41202422180598,23.0503033333889,9.44632044412457,451.737881455147,4.64951496487229,2
2026-04-20 22:30:00,0.232999585192133,7.02242533298394,21.5279126665119,9.20035088857354,448.342390691617,4.44352355413526,2
2026-04-20 22:45:00,0.229907355558667,6.59060466637317,18.6500188889092,9.1858928885475,448.930229147223,4.26995606420472,2
2026-04-20 23:00:00,0.234039318516966,7.4508397776641,18.4319588890157,8.88180955520386,454.701874484037,4.1521222766373,2
2026-04-20 23:15:00,0.228559681506233,7.18281266674433,18.3971833333763,9.3075339997293,453.054167711057,4.20882342786044,2
2026-04-20 23:30:00,0.226683000009433,6.3057102222576,17.5082215555893,9.71900044420653,451.834709848707,4.02275429901617,2
2026-04-20 23:45:00,0.2103046370611,6.46442288852584,16.07257599984,10.2114759997828,446.835547255247,4.05817062127669,2
2026-04-21 00:00:00,0.2151559481581,7.94031088825624,18.0121513330569,9.5253957775171,446.20005525795,3.92836747695102,2
2026-04-21 00:15:00,0.215900940756733,6.70770711064164,17.8669268887964,9.41447399972549,446.10445074782,4.13420870091825,2
2026-04-21 00:30:00,0.212827918555633,8.59125111051068,20.810156666535,8.71333222206949,449.409345295593,4.06560607496271,2
2026-04-21 00:45:00,0.214547414858233,9.54451533300149,20.737548222065,8.17342399991106,449.403618196287,4.03738269861145,2
2026-04-21 01:00:00,0.214230370408733,9.15970111068846,19.1574497777342,8.21091199992552,449.62076006673,4.18847600088544,2
2026-04-21 01:15:00,0.2102556963313,8.88639311045294,18.1130582218073,8.40428666660706,450.912019463213,4.79677635885922,2
2026-04-21 01:30:00,0.204983185203833,8.30295533275394,16.9717857775576,8.54967599991473,449.953559539117,4.2918163003059,2
2026-04-21 01:45:00,0.187849577772467,6.87744777741287,13.2080008887412,9.4649373331118,449.959096595854,4.02013600220589,2
2026-04-21 02:00:00,0.171945674092067,6.63758066629831,11.9893395552843,10.5230497775718,448.284059079324,3.82676573984511,2
2026-04-21 02:15:00,0.170775496333167,7.12846044414551,11.8073457773904,10.6611815554009,450.420342605977,3.96302230916874,2
2026-04-21 02:30:00,0.166475366705733,6.88517600002304,10.8813899998505,11.2336857775796,455.52990323289,3.86449526211069,2
2026-04-21 02:45:00,0.198230592639266,12.8699899989603,19.2472033329013,9.3597155552694,459.273014461593,4.29449701421855,2
2026-04-21 03:00:00,0.241849118544866,19.0643713331914,23.0273453333643,8.01525444428473,477.775305282173,4.84295512535332,2
2026-04-21 03:15:00,0.2256637889257,12.6973051108629,19.9192095550859,8.34112733311133,467.890844920823,4.35896733260435,2
2026-04-21 03:30:00,0.2349908000349,17.5015577763318,21.5580015555578,7.91714488877407,469.854110910203,4.51170797397812,2
2026-04-21 03:45:00,0.2408337481754,17.9831026652346,22.5381064447178,7.33110644435023,468.771917943497,4.63099480551442,2
2026-04-21 04:00:00,0.225546170406767,11.8126880007851,20.8366515549312,7.29566466656867,458.212920346473,4.51278004155643,2
2026-04-21 04:15:00,0.2193906111504,8.3664982224572,19.1199893329752,8.04907466654365,466.004122870263,4.21889599246561,2
2026-04-21 04:30:00,0.215380440783833,8.59511511132867,18.7379217774025,7.84722422213439,461.85059315064,4.09705671884474,2
2026-04-21 04:45:00,0.2118965741091,8.63841822257783,17.5555846663245,8.11643066649733,457.2470867974,4.07209286267912,2
2026-04-21 05:00:00,0.218483111139233,8.45208777802047,17.2516595551738,7.85879977767527,469.481221576023,4.02236211354131,2
2026-04-21 05:15:00,0.215319007438,8.94464533344274,16.6415448884458,7.93547711101653,473.688333244533,3.99651823745549,2
2026-04-21 05:30:00,0.2215648407858,9.09161866675088,16.6617006663813,7.78794111103047,474.777434494666,4.03062312190946,2
2026-04-21 05:45:00,0.228264529685933,9.72599044461251,18.1058813332476,7.76744888881917,475.232258510033,3.97631081422659,2
2026-04-21 06:00:00,0.2373191926251,17.6436766652903,19.1051835556373,7.73387911106683,478.289097833463,4.0483638704362,2
2026-04-21 06:15:00,0.244689125935166,10.5241197782433,17.5499151109161,7.5758599999372,475.326212655,4.28653562129094,2
2026-04-21 06:30:00,0.249259955573133,10.2170388893937,17.5492306663797,7.4234224444057,474.300715321653,4.48739965212295,2
2026-04-21 06:45:00,0.2651807555458,17.933489554226,19.840568666713,7.41956177777457,474.991531696889,4.75699368660983,2
2026-04-21 07:00:00,0.301735762961,24.3325528892983,22.2265404445373,6.60094711107196,481.626353142606,5.44380620176567,2
2026-04-21 07:15:00,0.43057170922627,82.7441482548648,25.897190223361,6.34740977773966,511.931167111016,7.77383703110647,2
2026-04-21 07:30:00,0.440968658879768,75.1645690936413,25.9084191128507,6.05832355549483,514.475420449343,7.55669363263375,2
2026-04-21 07:45:00,0.360056855609834,48.3064283053208,24.6605835565787,6.17797311106323,493.906675748847,6.19880383517919,2
2026-04-21 08:00:00,0.312484829648933,23.2268482229773,24.0080804447437,5.7431013332885,478.357949851083,5.83417703119111,2
2026-04-21 08:15:00,0.314092207432833,29.130069778566,24.426734667508,6.09665422218986,480.106644206339,5.82759260219051,2
2026-04-21 08:30:00,0.359889437085633,52.4823952652145,25.231662444943,6.45098599997732,486.703429498693,7.05682102514669,2
2026-04-21 08:45:00,0.3572079648525,50.7905465503103,25.0443055562803,6.51098577774262,483.13325761633,7.27451186843313,3
2026-04-21 09:00:00,0.399504708038978,53.6142862799375,25.2390502227897,6.64487666663743,485.83461653329,7.0581059202003,3
2026-04-21 09:15:00,0.3186148851798,32.5144966668187,24.3216495561793,6.80740333326609,475.020189028933,6.7019734502974,3
2026-04-21 09:30:00,0.320340314828633,35.936282444999,22.8357768892893,6.6947784444105,480.932384887769,6.09954011417192,3
2026-04-21 09:45:00,0.303771096296733,25.8689673333388,22.4003031111037,6.91549155552759,478.525924739277,5.82007515666004,3
2026-04-21 10:00:00,0.218125451879833,11.9134455546636,14.9671104436034,9.2637819998461,456.337065125243,4.51264322667304,3
2026-04-21 10:15:00,0.214090933356233,12.0167057773659,16.3495733323826,9.47353155538353,458.25502375745,5.16373886430638,3
2026-04-21 10:30:00,0.2191030445257,15.3321977780405,17.6925033326945,9.38935266648966,466.318799311453,6.48991058363843,3
2026-04-21 10:45:00,0.180781985153967,8.0379115556356,10.1691180000737,22.7050288892076,450.855777403606,5.51913104894783,3
2026-04-21 11:00:00,0.157106940717534,6.9139464442971,8.95516311143704,26.610796667056,439.410353895844,5.29318833302934,2
2026-04-21 11:15:00,0.152671333312333,6.65767733325753,8.3265920004327,27.1012057780187,436.084571954571,5.6938507748685,2
2026-04-21 11:30:00,0.1522294888911,6.8795019998605,8.2913924446644,27.4633866668457,434.587227613307,5.62728163772127,2
2026-04-21 11:45:00,0.1613915036826,6.94771488901963,9.55486777789041,25.5046644442383,436.110501605454,5.77898301972379,2
2026-04-21 12:00:00,0.1844439110823,8.31774555537256,9.8313071111719,26.0864644441383,440.465198034687,5.87603034579163,2
2026-04-21 12:15:00,0.159174340707233,7.4289897779187,9.16858177781234,27.628074889006,437.04854636068,6.01860149805079,2
2026-04-21 12:30:00,0.1492307777875,7.48143044429087,8.06839355572611,30.0780766666437,434.722486988654,5.87564731370352,2
2026-04-21 12:45:00,0.1501221185241,6.6539166668737,7.79816844485903,28.9706068889564,434.207170935257,5.90877921577088,2
2026-04-21 13:00:00,0.161732007389667,6.66939044458503,8.34022422260047,27.1502677779366,434.276490011543,5.77097000749836,2
2026-04-21 13:15:00,0.174638496236267,7.15344577775467,9.92787688883281,25.4676244441713,436.53989035344,5.87370428981927,2
2026-04-21 13:30:00,0.187122133298,7.77556200010073,14.2157262216446,21.0825482225656,450.267274505593,6.12937247360454,2
2026-04-21 13:45:00,0.194486370382867,7.86364333338753,18.3033986665246,16.0748064442586,449.327752970883,6.61739880662857,2
2026-04-21 14:00:00,0.2156832074183,10.9554824437153,20.376819110579,12.3274571109629,450.176585733253,7.22778462794008,2
2026-04-21 14:15:00,0.253704140768333,13.5993328881984,21.39592355521,13.1110937775946,454.246114280887,7.22641387989669,3
2026-04-21 14:30:00,0.184372503680933,8.41398488889856,11.1391764443989,22.7064711113,447.761886245997,6.71053804125703,3
2026-04-21 14:45:00,0.183829259205134,8.73311666700373,11.4534793333632,22.1212840001156,444.054134245713,6.9095522570512,3
2026-04-21 15:00:00,0.181580377733567,8.330333778017,10.5993906666407,22.2663953333227,443.21048596625,6.61716590618632,3
2026-04-21 15:15:00,0.1726329480886,8.2269362225228,10.0197357778133,23.2149844445393,440.148003261583,6.76340647080312,3
2026-04-21 15:30:00,0.164041918509367,7.43865911156733,10.0138537777232,21.1233515554197,444.331351614873,6.64991385988868,2
2026-04-21 15:45:00,0.1878386147687,8.11882866682712,13.0706220003778,20.706135111431,449.632377791646,6.62586203351255,2
2026-04-21 16:00:00,0.191775014836067,8.16519866687093,10.6097206666359,24.3396662224233,440.419760241997,6.79058812849342,3
2026-04-21 16:15:00,0.185477503658234,8.19360622240412,12.6689022224481,20.931608444444,448.256605428806,6.83272973595646,3
2026-04-21 16:30:00,0.189307711082733,8.82650066712713,13.6726964443297,20.474764000516,450.899531235503,6.84379439982808,3
2026-04-21 16:45:00,0.189467392553133,9.13257133388442,15.4831846658597,13.2367879999487,451.0806885294,6.06070557759394,2
2026-04-21 17:00:00,0.188845133300567,5.10601244434697,10.357094221591,19.7603215559449,448.62358285316,5.63950187479297,2
2026-04-21 17:15:00,0.1966454740868,5.04489622208644,9.50752844389458,20.836476667377,446.865413961867,5.58909658574227,2
2026-04-21 17:30:00,0.1800420814207,4.53963333326407,9.76163022175021,20.0638397782983,447.581162751023,4.83871580531949,2
2026-04-21 17:45:00,0.2029228666852,5.85701933317204,9.92923644387898,17.8446624443364,446.974249520456,5.05647736017506,2
2026-04-21 18:00:00,0.1825153629047,5.4843426666245,10.2370417771448,15.7600646666163,447.58156568535,4.55622380359101,2
2026-04-21 18:15:00,0.1784930962719,7.93146466710769,9.33792888900548,21.525954222297,442.245266848117,4.79406885501348,2
2026-04-21 18:30:00,0.159685703697733,3.4332113332798,7.98594844462625,25.2361962228113,438.587430156907,4.9228639346318,2
2026-04-21 18:45:00,0.176704192564133,4.19528955539216,8.54588511123442,24.62702133388,440.323854942513,4.9657746124469,2
2026-04-21 19:00:00,0.174560562966033,3.7837828888352,8.64889111091908,24.1740486669303,439.30463146037,5.45712630210729,2
2026-04-21 19:15:00,0.2055627407887,3.4698451110333,10.6143564439436,21.9875535559073,441.626506888627,6.32737995356816,2
2026-04-21 19:30:00,0.2041462815239,4.2206813332667,13.1600468889515,20.31842577828,443.7985293318,6.27609891330593,2
2026-04-21 19:45:00,0.192818288915033,4.1339784443917,12.0939271111371,20.3486548890873,442.556937539843,5.42118671435545,2
2026-04-21 20:00:00,0.159657577774367,3.83028022209736,9.1504895552756,23.9284557778647,437.269472706734,4.85888731906323,2
2026-04-21 20:15:00,0.167596185159033,3.726865111058,12.7842624446214,18.6648520003707,440.98668539618,5.84395094875202,2
2026-04-21 20:30:00,0.226392425989,5.78295355555369,18.0241742220548,10.5713979997538,440.879429096863,5.74059669334877,2
2026-04-21 20:45:00,0.220502392665933,6.8248177777099,17.8997522215825,9.11500177759004,439.56046479986,6.09688035822715,2
2026-04-21 21:00:00,0.207481074083033,7.3268048888068,16.4031715551247,10.7310004442779,439.171150053,6.06364005629382,2
2026-04-21 21:15:00,0.1835913925808,4.73108711105787,12.2749506665196,18.5561506668597,440.71183673585,5.27599280118063,2
2026-04-21 21:30:00,0.2226327667411,10.4497640007637,19.8664048885953,10.254945999718,442.890319219507,6.00530209128547,2
2026-04-21 21:45:00,0.2141234407359,9.19598533380146,15.7331815547768,10.2708999996731,442.55656640754,6.53986455416955,2
2026-04-21 22:00:00,0.1880556147717,8.57788222266283,14.8701304435484,10.7698924441701,442.621374147607,6.22073120214486,2
2026-04-21 22:15:00,0.187047185152667,8.4743504448926,16.4366451105326,9.70638644402007,440.776513368837,5.82928012810289,2
2026-04-21 22:30:00,0.189954666633367,8.49831311155966,13.8950771103946,13.1744662221188,440.266965446337,5.17792339478258,2
2026-04-21 22:45:00,0.144504707460033,4.43830711112403,7.85141533297754,18.250374444153,437.892479158137,4.65821684113284,2
2026-04-21 23:00:00,0.1486936704056,5.20258666663887,9.25288599980997,14.9849700004597,437.879710375573,4.68414139867779,2
2026-04-21 23:15:00,0.1558577926164,4.40828755553076,9.49746999971833,16.9556726664587,439.04384705424,5.00610314931908,2
2026-04-21 23:30:00,0.179321548117,6.4543799999093,13.6100988887018,13.2622502220989,440.66292502323,5.03561663268035,2
2026-04-21 23:45:00,0.166795977769333,5.3462148888609,8.7584015556974,19.778160444311,438.244634976767,4.68955718795222,2
2026-04-22 00:00:00,0.1729609703473,4.22565311101387,9.10052044420961,18.3662340002767,438.168434606053,4.79270626980642,2
2026-04-22 00:15:00,0.146643418538467,4.68990733331967,7.41701977775317,16.5437546666708,436.796584348383,4.79312035206422,2
2026-04-22 00:30:00,0.146220703752334,5.30820044438607,8.13835511098294,14.5229613333338,439.399240135853,5.05934355818925,2
2026-04-22 00:45:00,0.147224833381933,4.30795577776479,8.1179955554052,13.4605571104951,438.383324727377,5.03029305297103,2
2026-04-22 01:00:00,0.147384848198033,5.68712733326804,8.228760000002,14.0490011109357,440.027674258826,5.20852290532586,2
2026-04-22 01:15:00,0.146784363007467,5.09842288888217,9.01321533309034,14.3194326668146,439.17857359726,5.45512391325035,2
2026-04-22 01:30:00,0.1488602222537,6.63012066650564,12.1162048885591,9.16878222164326,445.206092991653,5.68802230597602,2
2026-04-22 01:45:00,0.140853326005034,4.95184733327877,8.58778999974721,13.1532157772034,441.599347992307,5.63933728691939,2
2026-04-22 02:00:00,0.1417644037714,4.74505911110693,7.67527533300041,13.2822431105556,438.77521397961,5.81823499448854,2
2026-04-22 02:15:00,0.141110229695067,5.9621226665197,8.24225155539475,12.9116164438116,442.442886577043,5.91857690686131,2
2026-04-22 02:30:00,0.147690518582767,5.38915133326507,9.18128911088497,10.3818984436278,443.991558018433,5.79140196334216,2
2026-04-22 02:45:00,0.145504614869634,4.47385644443527,8.8674182219917,10.6951835546739,440.80782002153,5.93935110981591,2
2026-04-22 03:00:00,0.1400031629991,5.02213777771521,8.54069866648781,8.44226577747447,445.436700620903,6.16185600097004,2
2026-04-22 03:15:00,0.150118500061434,5.37095599992834,9.3441897775398,10.0418959993822,444.396991174247,6.73093191962562,2
2026-04-22 03:30:00,0.156957166718367,6.49251666651737,11.9499442219352,7.17047511086076,446.881378013563,7.33175832932995,2
2026-04-22 03:45:00,0.154216407459267,5.65336622220129,12.1916773330985,7.43125088863046,443.942660997763,7.86414403994152,2
2026-04-22 04:00:00,0.153410596339667,5.92820088878983,12.3428853332084,7.27383266639647,446.233752190917,7.9811464422844,2
2026-04-22 04:15:00,0.1461657630113,4.78337999996439,9.40898777762572,9.58635488828996,441.05742813232,8.53418211477164,2
2026-04-22 04:30:00,0.147341944479933,5.15654066660434,10.7680326666348,8.95490711058732,445.990973131893,8.55772345935564,2
2026-04-22 04:45:00,0.149229322266067,5.54040022212404,11.596410221864,7.65979422196056,446.4305818319,7.83157843906524,2
2026-04-22 05:00:00,0.139731155589167,5.14545466658807,10.5229395554779,8.79314266624406,445.75403824802,8.5271707463334,2
2026-04-22 05:15:00,0.137783077376467,5.12576333325621,10.2323913332831,7.936306888566,445.93511287229,8.31355572268924,2
2026-04-22 05:30:00,0.130963474077367,4.19976311108887,6.53128133338747,13.2857511105603,442.179309008696,5.34834596414634,2
2026-04-22 05:45:00,0.123756681444433,2.8996375555927,3.71365622215959,22.8116931109086,434.283342118157,3.70752321281659,2
2026-04-22 06:00:00,0.124009651824,3.1606031111445,5.1903382221588,20.0726679994639,435.023945678747,3.56093162591205,2
2026-04-22 06:15:00,0.116856540312132,2.665152666716,3.7015042221332,22.1603815552653,433.896202619847,3.69891697793789,2
2026-04-22 06:30:00,0.123990333291933,2.88725000002,3.10314088884096,23.3347506664426,433.44355514644,3.78633444492509,2
2026-04-22 06:45:00,0.123755651825866,3.35818266666103,3.86503999995117,22.517957999868,434.667147336477,3.8074965876541,2
2026-04-22 07:00:00,0.126311466606566,2.55594577773747,2.91659644440906,28.9676946668747,432.96406864453,4.11885440214471,2
2026-04-22 07:15:00,0.1271818739952,3.40757644426847,3.1368708888354,29.4228606673373,432.908157632314,4.33191848492932,2
2026-04-22 07:30:00,0.127190273981266,3.2099917776569,3.1937895555029,29.258484222671,432.833402119717,4.23896345043538,2
2026-04-22 07:45:00,0.1242175851453,2.91676733328477,3.70437044438697,27.1452606665453,432.08417346039,4.47476622693354,2
2026-04-22 08:00:00,0.1261280888124,2.8107159999551,3.6919375555227,28.3823262221193,433.20359424704,4.29465732316214,2
2026-04-22 08:15:00,0.130770615293166,3.7733713330776,3.63818822218514,30.0119186668736,433.356322887597,4.43714953765311,2
2026-04-22 08:30:00,0.130396230097567,3.81182377751723,4.39528210259514,28.2786664441537,433.969980911133,4.3642849691973,2
2026-04-22 08:45:00,0.125377814763467,2.1797673333155,2.61059558967084,31.4303308889053,433.011150191037,4.48142351130894,2
2026-04-22 09:00:00,0.124588755518366,1.4458626665919,2.3848639999084,30.202732000295,433.365779854317,4.51751708352351,2
2026-04-22 09:15:00,0.124516155503366,1.805016444376,2.67953311100743,28.0080624442773,432.755706697623,4.50947487112208,2
2026-04-22 09:30:00,0.124715274018566,1.96357533327423,2.7750154870821,28.0792095554773,433.256975877373,4.51430303929554,2
2026-04-22 09:45:00,0.1245968888453,2.38028733333033,3.3919992648739,27.498095777607,432.351812766897,4.36158113119395,2
2026-04-22 10:00:00,0.1240852523983,2.96393199993593,4.41915882051817,25.654322221977,432.167781268307,4.3487803345615,2
2026-04-22 10:15:00,0.124027911074966,2.32049822218317,3.3310730426807,27.502927777765,432.259853785563,4.34476850793647,2
2026-04-22 10:30:00,0.124013355526366,3.31366644433407,4.43757977782037,27.0771606665944,432.479422188763,4.35897819502177,2
2026-04-22 10:45:00,0.1268662369523,2.94959466661177,3.50679644440653,29.4126180001866,433.517624157876,4.35201411651882,2
2026-04-22 11:00:00,0.127838005037733,2.60937599998696,3.07509119652577,29.922069983823,433.617776832237,4.42501120227207,2
2026-04-22 11:15:00,0.126333881431,3.15681644437517,2.86795046154857,31.2986022057497,432.849393090117,4.26707234350299,2
2026-04-22 11:30:00,0.127169484264966,4.3846522220698,3.15026697437483,30.665311983569,432.755317024003,4.34815995264486,2
2026-04-22 11:45:00,0.127996476848233,6.46239488852214,2.87385229063577,32.0241515388077,432.719817512314,4.45418423411003,2
2026-04-22 12:00:00,0.1265650740069,4.39008777763937,2.44115931623337,33.0200328722173,433.1312756357,4.25186485085722,2
2026-04-22 12:15:00,0.1262366164392,3.56103888884263,2.28170805126386,34.6660614186137,432.59725586689,4.43976958005147,2
2026-04-22 12:30:00,0.126180392521366,3.3771544443794,2.0751646495462,33.02407169264,432.85583335184,4.53458096490928,2
2026-04-22 12:45:00,0.127461673998133,5.4312037779957,2.2171422221803,34.2554440514637,432.150302071467,4.34243205272672,2
2026-04-22 13:00:00,0.126089814732866,1.83464777775247,1.59541599995993,34.1221313335414,432.064894037527,4.40182131231854,2
2026-04-22 13:15:00,0.126805262042866,6.6047562223962,2.3471095384334,33.1468796414213,433.078342424524,4.34245883958502,2
2026-04-22 13:30:00,0.127364273446433,6.3600180003706,2.27493615383107,34.1309285131494,432.480233077643,4.41564794908828,2
2026-04-22 13:45:00,0.1265343178848,5.750522222597,2.2168733845931,31.4379596589803,434.63663772187,4.18820156250085,2
2026-04-22 14:00:00,0.1276697731536,6.83679866674913,2.93019078632523,31.6226083426754,434.80527104831,4.15340978642253,2
2026-04-22 14:15:00,0.1281026141428,6.42787177815643,2.6838727691853,31.014346342557,434.565500983097,4.07505505068953,2
2026-04-22 14:30:00,0.126261596565866,6.8294557781665,3.1368711965525,29.727318923112,436.667570177537,3.82007355430695,2
2026-04-22 14:45:00,0.127418215904766,6.01362644471613,2.93739644442367,30.321253453379,434.048689887977,3.75534760911137,2
2026-04-22 15:00:00,0.1267404415359,1.50230311107087,2.03948694011283,29.707532786956,433.722275198444,3.82912714907219,2
2026-04-22 15:15:00,0.1256273646543,6.01405000030556,3.01791304270887,29.037183231115,434.589863585824,3.58082087266152,2
2026-04-22 15:30:00,0.125997308243,5.70812777796803,3.18296369227323,28.7263852310341,435.261925752334,3.50211952937746,2
2026-04-22 15:45:00,0.133356327361067,6.2892673333848,4.909536034245,27.8523795042723,436.614895978351,3.75131189849241,2
2026-04-22 16:00:00,0.133338499141033,5.92311955591586,3.6779295042728,29.5592702565094,433.322437546664,3.71330157269024,2
2026-04-22 16:15:00,0.128280080846267,6.19144933331859,3.5907242051204,29.1688054530497,434.186990612984,3.60522281994345,2
2026-04-22 16:30:00,0.139349965822467,7.22361777767647,7.95115044421631,17.1426462217985,446.103874561673,3.63320656641983,2
2026-04-22 16:45:00,0.130557165232033,6.34024755567703,3.8126376239251,26.735278803237,434.999945329854,3.51309139430025,2
2026-04-22 17:00:00,0.1367674718258,6.3765622222094,4.99468232483714,27.962926957141,436.237658872501,3.58492487104981,2
2026-04-22 17:15:00,0.135823797744767,5.5105444448548,4.16310912818837,31.99246941922,433.691134796607,3.70117489004242,2
2026-04-22 17:30:00,0.1377978023066,7.21039022285023,3.74250037610347,31.8601527523314,433.737916073474,3.50306420568244,2
2026-04-22 17:45:00,0.1374543407649,7.13496955617603,3.9350254871737,32.1677944619081,433.296650907941,3.66494858059269,2
2026-04-22 18:00:00,0.134444712261567,1.87630977773263,2.9186478461539,32.9423021028924,432.578519759887,3.96963753076955,2
2026-04-22 18:15:00,0.1400067552723,2.1242544443966,5.59458304272983,30.4200189913357,433.051402761974,4.5699376239691,2
2026-04-22 18:30:00,0.140401059274667,1.89327355553757,5.78406037598054,28.5750705472893,432.2394722811,4.42676804554228,2
2026-04-22 18:45:00,0.1466319481458,2.35300755552234,6.41186644427167,28.9047051113124,431.865729047687,4.33255940582237,2
2026-04-22 19:00:00,0.141986877805567,1.892151777773,5.58953348704873,29.254936000068,432.37164184114,4.38468475631686,2
2026-04-22 19:15:00,0.142306151898267,2.16096555552803,7.01717259802321,26.5174606667096,433.387012509357,4.43913716588198,2
2026-04-22 19:30:00,0.142623781224567,2.223837555508,6.06472170938697,29.2866141027673,433.673876933467,4.4103863540519,2
2026-04-22 19:45:00,0.143382637063733,2.1190675555333,6.3363762732875,27.4247353336353,432.90886362296,4.34686168450969,2
2026-04-22 20:00:00,0.154996666678467,2.81746933331087,7.00699488858681,27.8481166667734,432.8428209033,4.25313639642134,2
2026-04-22 20:15:00,0.167495296262433,3.6489199999582,8.67819755540774,24.763542666921,440.139881137026,4.22564376552373,2
2026-04-22 20:30:00,0.1496049851943,2.9877564444512,8.17897599963378,24.241858666903,439.476459971474,4.6591287591819,2
2026-04-22 20:45:00,0.150038303724633,2.9932568888924,8.56167977737427,22.969827555751,441.08883932786,4.50866882581655,2
2026-04-22 21:00:00,0.1674578221869,3.71667088882617,10.7669651107244,21.8087062225107,441.915924440477,4.48279704428895,2
2026-04-22 21:15:00,0.175222770305733,4.45385244436347,12.9110688890227,18.766815555765,445.47279198864,4.66238360639024,2
2026-04-22 21:30:00,0.191522266674333,4.24197133326776,12.4308926667011,20.0921393336633,444.583843962746,4.56374425252896,2
2026-04-22 21:45:00,0.187442229614233,5.89482688883243,15.4795195553787,14.1237615555281,442.245703975317,4.8188187883102,2
2026-04-22 22:00:00,0.172417244390867,4.60553066660207,12.978719333113,14.3025686667613,443.085276896597,4.59256427349352,2
2026-04-22 22:15:00,0.157741666679934,4.6399466666187,13.819715111047,12.6274962222588,440.476474853036,4.78253521182803,2
2026-04-22 22:30:00,0.1733993036956,6.35571177773904,17.2665599994782,9.29406266616276,440.739217404396,4.9244344779836,2
2026-04-22 22:45:00,0.1618014518909,5.0120033332508,13.0903840000136,10.870923110749,439.520511254317,4.79839700629224,2
2026-04-22 23:00:00,0.1561767296702,5.36223244437056,14.3544979998065,10.6140322216307,440.021141341717,4.72599752801702,2
2026-04-22 23:15:00,0.1577537333431,4.81419355549687,11.5485188886732,11.6710686665439,439.489441524513,4.847806969256,2
2026-04-22 23:30:00,0.150926581508467,4.36439288887373,11.8633904443268,11.4993151106626,440.17413872161,4.94448970177935,2
2026-04-22 23:45:00,0.155264263002867,5.1910286666604,12.0902939997146,11.1101228885001,440.694544619216,5.17351267432567,2
2026-04-23 00:00:00,0.1403940778449,3.6550793333056,7.51252333291983,13.4489668884573,438.42919892265,5.0502929236533,2
2026-04-23 00:15:00,0.1392763111745,3.25277355552733,6.58665733310411,14.6431002222438,438.412224818873,5.30696582367411,2
2026-04-23 00:30:00,0.1443342741329,4.16709466665033,7.89091466623877,12.0862288884109,439.593752429323,5.36509460821226,2
2026-04-23 00:45:00,0.138337192625767,3.60709177775367,7.8077328885719,11.9785273329821,440.23971775668,5.46893010514494,2
2026-04-23 01:00:00,0.136304931111067,4.20243133330783,7.49696133308214,10.3801122215797,441.64072701227,5.3519207398236,2
2026-04-23 01:15:00,0.133465568134667,3.1720231110964,5.98037133320233,14.0051399998914,438.257685192566,5.24883826855813,2
2026-04-23 01:30:00,0.1344021496124,3.32528488886577,6.37667888876124,12.2815328882187,440.086354497713,5.22951417537113,2
2026-04-23 01:45:00,0.1344393977566,3.26557577780693,6.87240733324985,10.89401488799,441.097395310263,5.4631594718846,2
2026-04-23 02:00:00,0.1380177185566,3.23784977780583,7.33966111100228,10.8630624436468,440.982473253517,5.45584094932673,2
2026-04-23 02:15:00,0.135309312578134,3.3701806666332,6.74459155545211,12.2189115550908,439.837962342393,5.41911155614906,2
2026-04-23 02:30:00,0.135408534804267,3.25691488885824,6.7049339998948,12.6663328883024,439.888728756993,5.75344187372919,2
2026-04-23 02:45:00,0.138818503752,3.4966020000178,8.09861111092161,10.4250862215497,442.74822198808,5.69217410954666,1
2026-04-23 03:00:00,0.171487022242567,5.6647811110796,13.6159824443036,8.92384888847603,446.751429499263,5.7222279281883,2
2026-04-23 03:15:00,0.167637111159834,4.82116088889923,10.4001451109418,10.3874455547288,444.999404131693,5.50382678321428,2
2026-04-23 03:30:00,0.139188214847067,3.5863148889054,8.07476933323951,11.1218315547646,444.5273812849,5.3187154283932,2
2026-04-23 03:45:00,0.1494609630343,3.83288200001107,8.96293711084743,10.2070628882716,445.110559559403,5.28777473951959,2
2026-04-23 04:00:00,0.151322459323167,3.71286866668573,8.51049933312157,10.0657015549446,443.313340204376,5.44500658111094,2
2026-04-23 04:15:00,0.157861688945367,4.74043155554993,10.7612331110341,10.5525853325463,444.64355161969,5.73008386950539,2
2026-04-23 04:30:00,0.157727237092533,4.56060066666467,9.86873488881277,10.2128475548559,445.38032490526,5.56523149520132,2
2026-04-23 04:45:00,0.171700014847433,5.56288622218444,12.1672042221951,11.02847155518,445.654661397576,5.6217676486317,2
2026-04-23 05:00:00,0.151773148201067,4.22678222223677,8.47432311115003,14.3355991112833,441.386877354233,5.32732767729826,2
2026-04-23 05:15:00,0.143067614886033,4.1617100000252,7.99428888880271,13.479116666414,442.277261241546,5.61046361136656,2
2026-04-23 05:30:00,0.145755192691167,4.29724511111391,8.59372622196408,14.3115964446918,442.810378176247,5.47266983043185,2
2026-04-23 05:45:00,0.152998474112033,5.69143377774504,10.1516764443403,15.5600631114178,442.954224286616,5.57682640687869,2
2026-04-23 06:00:00,0.1507955482084,3.92129488889194,10.1052971110846,13.7223400002449,442.639412325043,5.68788422182541,2
2026-04-23 06:15:00,0.153813307449833,6.16901533333406,11.7587675553647,14.0678951112822,443.943103591803,5.73738891557336,2
2026-04-23 06:30:00,0.158151362997733,6.47141355560613,13.9786624447856,10.9179657776658,446.408981244493,5.69795674295923,2
2026-04-23 06:45:00,0.159262740774833,6.7671782223642,13.5268811113091,11.3253735555522,447.60408872371,5.64779778829998,2
2026-04-23 07:00:00,0.167857955609567,7.76932511120407,17.8686791109251,9.41532733305796,448.2827634777,5.67742143082059,2
2026-04-23 07:15:00,0.168867963032367,8.07618466681334,18.6553575554315,8.77439088878219,449.028870134847,5.86548788488069,2
2026-04-23 07:30:00,0.174027014894767,8.3852633337503,19.1672015553716,8.728535999885,450.59288262587,6.11579707278118,2
2026-04-23 07:45:00,0.172485363046267,8.26298977812523,18.8241355554398,9.34410933315186,450.993067484593,7.28123263308016,2
2026-04-23 08:00:00,0.166844525981133,7.4506880000894,14.3266397779529,13.105606444629,446.02173222272,6.00431629059378,2
2026-04-23 08:15:00,0.1879359555561,8.07638466681597,16.4306386666068,13.3326537778845,451.180412125716,6.0279996820042,2
2026-04-23 08:30:00,0.1480090000901,5.4312995554569,9.20165977771674,25.045708222609,439.711608639294,5.64267276712645,2
2026-04-23 08:45:00,0.147725133414433,5.5432111109549,8.63566933334207,26.132525333906,440.2113726428,5.71741118603206,2
2026-04-23 09:00:00,0.152912148187,6.17035844442423,10.2961904443431,21.41420422255,444.640117331123,5.69742220170045,2
2026-04-23 09:15:00,0.1505753667577,5.71860866666029,9.79671488875068,22.11048266702,441.842498512084,5.62712426834819,2
2026-04-23 09:30:00,0.159878670437167,7.3867913335349,12.8444235553294,15.8804744446665,448.130585219317,5.6610557378853,2
2026-04-23 09:45:00,0.153598800040567,6.63753933337447,9.12941177796644,22.1963231113825,442.81957157205,6.71198440455588,2
2026-04-23 10:00:00,0.153109311181867,6.35021711107173,9.5415279999054,20.7067628892758,448.328296610707,6.85112003176678,2
2026-04-23 10:15:00,0.145336718604267,6.57870022208246,8.98691644451058,23.3736935559474,444.126271143557,6.199690890766,2
2026-04-23 10:30:00,0.138785340780567,6.7170557775519,8.43124177792648,23.0569317781227,443.442276621563,6.26274259389554,2
2026-04-23 10:45:00,0.146353944528767,6.8144262221258,8.98950022198708,21.5732235559636,448.418548027427,5.98975185972462,2
2026-04-23 11:00:00,0.136368168144233,6.7950119997594,8.06986000008857,24.567079555784,443.134617623826,5.93564905695638,2
2026-04-23 11:15:00,0.149109733393967,6.74604022210537,9.08067333353647,24.6456631116079,441.958377016127,11.5867530510439,2
2026-04-23 11:30:00,0.134976590359333,5.7340686663327,7.29838511142936,27.795059555644,440.215845230194,5.65164670379955,2
2026-04-23 11:45:00,0.137499688931333,7.13691177760876,7.65319688909673,27.703561778087,440.992385675787,5.71045699317686,2
2026-04-23 12:00:00,0.139788385231567,6.74043266650473,8.83006022249931,25.558640666864,442.982154829617,5.91848006730869,2
2026-04-23 12:15:00,0.147876314892,6.45569155545083,8.97789777820474,27.0960384445703,439.24104213692,5.58832217520796,2
2026-04-23 12:30:00,0.1454005037551,7.3929797777973,7.59268044485357,28.9518193334834,436.39702987423,5.59701730833481,2
2026-04-23 12:45:00,0.1335612952154,6.64987555591977,4.89659355559767,33.8322421364874,433.530510980894,5.29443226187599,2
2026-04-23 13:00:00,0.130243427311033,6.10161133370653,3.48164880338697,34.29172988017,433.228642712774,5.59042866550024,2
2026-04-23 13:15:00,0.127723274009833,6.5656068892586,2.58562933330087,36.492685499712,433.363480070381,6.00731835418268,2
2026-04-23 13:30:00,0.1272708295766,6.45603844481406,2.96972355552723,36.007747110867,433.284666336727,6.14287648150953,2
2026-04-23 13:45:00,0.1294906238994,6.08691088926133,3.53772340167737,34.5837804441437,434.485658227134,5.84177992823984,2
2026-04-23 14:00:00,0.1300514581257,6.80359933368873,4.55447644453697,35.5454728888077,435.604609337404,5.64551674859264,2
2026-04-23 14:15:00,0.1309966285007,6.66071577814167,4.6976793334027,36.21014288891,434.87458483511,5.68806362138612,2
2026-04-23 14:30:00,0.131880332203667,5.42580177811046,4.62950177783813,36.3769121665367,433.72490474787,5.57293084119274,2
2026-04-23 14:45:00,0.1258195549123,5.66911222248836,2.3484288888905,40.0887740003014,433.233536636454,5.43713485172522,2
2026-04-23 15:00:00,0.126212717865667,1.2557088888305,1.63012666664884,39.6494140000787,432.263156498927,5.5263867873099,2
2026-04-23 15:15:00,0.1248757845562,1.32420622217197,1.71621755553887,39.043378221954,432.753049818917,5.42336849347879,2
2026-04-23 15:30:00,0.130019287722633,5.12720800032613,2.6226910085546,39.5441326668267,432.054480355704,5.31706102814998,2
2026-04-23 15:45:00,0.131152101423267,5.69723666667289,4.2816128718402,40.6793108721414,433.134410060407,5.29442476467993,2
2026-04-23 16:00:00,0.125082248961333,5.82545755561349,2.54104644446887,38.8951666665337,432.612035211521,4.95367499367958,2
2026-04-23 16:15:00,0.1466191037404,5.69098711144669,4.5545868889349,40.8757837779034,433.616736629641,5.09896425547174,3
2026-04-23 16:30:00,0.1441471926301,5.27644533370786,4.37488222226677,39.7227908890627,433.767301459004,4.747463663368,3
2026-04-23 16:45:00,0.230727918499533,4.7065311110992,5.6717933333855,39.297532444313,434.202841165477,4.80574704909096,3
2026-04-23 17:00:00,0.1951846295921,8.97939577885359,6.25765088890527,35.5993448890221,433.3169332219,4.69184839510031,3
2026-04-23 17:15:00,0.412221244428199,9.72970444545982,6.6194273333874,35.2304351110717,435.248857233234,4.80092233420567,3
2026-04-23 17:30:00,0.143622937068533,7.5788248891812,4.79914935053757,34.880484888587,433.191713461557,4.42569818522595,3
2026-04-23 17:45:00,0.132569599994033,2.41638311102887,3.58583512823156,38.8561424449183,432.01628932518,4.79343338528863,3
2026-04-23 18:00:00,0.135485222224267,2.28757266663617,4.48512311119229,35.365771110819,432.12694242534,4.93392412556434,3
2026-04-23 18:15:00,0.144880188640267,2.55356733330087,5.41975244450914,32.9630788885353,432.339867935247,5.12554268768517,3
2026-04-23 18:30:00,0.140290610855367,1.983397111066,6.68083799989517,33.0845831447917,432.000218133533,5.25695552681789,3
2026-04-23 18:45:00,0.1308324000391,0.985824444416233,2.98806796826697,37.3559733339037,430.807850726417,5.31815934076914,3
2026-04-23 19:00:00,0.132285074098067,1.08941044441933,3.78409469841136,35.724488222132,430.531007079477,5.48135194786322,3
2026-04-23 19:15:00,0.134448921970033,1.2021678802895,5.97155352377123,33.1354139309857,431.07760419367,5.77646615413146,3
2026-04-23 19:30:00,0.1458659704237,1.97917244441723,10.3057822218307,27.0249862221783,432.352873771083,5.74478488973726,3
2026-04-23 19:45:00,0.145875855612934,2.1244502222212,8.69274022178971,27.9227846666417,432.862952594787,5.84777479425222,2
2026-04-23 20:00:00,0.1455527296903,2.01738088886967,8.23682022190683,28.5762597777344,432.929069390373,5.80113203997768,2
2026-04-23 20:15:00,0.160460377770467,3.73214533328993,12.186452444329,24.1034591110633,441.029939472113,5.9932401484617,2
2026-04-23 20:30:00,0.205472548213933,3.77470155547623,14.1348880004164,21.1546860005767,449.858961745653,6.42455314213034,2
2026-04-23 20:45:00,0.208592185238366,3.87445111102797,14.7694922227225,20.4532095562221,450.071992515203,7.21870673688114,3
2026-04-23 21:00:00,0.2035229556318,4.2215573332523,13.4538804445452,21.5003988897599,449.319938663263,6.83415043176846,3
2026-04-23 21:15:00,0.183454444435867,4.04211866657353,12.8562413333284,20.778826667448,451.42036164355,6.61117127378969,3
2026-04-23 21:30:00,0.190162303696667,4.7966519998939,14.5932995555648,19.975960000542,450.443450452517,6.34275741889448,3
2026-04-23 21:45:00,0.176912125854667,3.80816377770796,13.4895564446714,19.961826889448,450.89070091201,6.44718055293927,3
2026-04-23 22:00:00,0.2058758592899,6.41833911103854,16.1345446668242,16.0540753331897,449.017359659853,6.46396213310999,3
2026-04-23 22:15:00,0.189992792579533,5.70561911109373,13.1447095556146,17.4078024445561,450.136570120837,6.0469059341379,3
2026-04-23 22:30:00,0.162121744447367,5.18518577774787,12.2083566665888,15.8595702225201,449.000441470624,6.00883181170623,2
2026-04-23 22:45:00,0.1737303037202,5.84328866671804,13.283699999844,14.9402280001103,451.26332668825,5.82702311810632,2
2026-04-23 23:00:00,0.168750963004533,5.8650280000124,12.982958222088,14.2379108890932,450.02850257088,5.95335554174676,2
2026-04-23 23:15:00,0.1765127777759,6.07603688890543,15.7454353332073,13.7090973334838,449.93715742012,6.31276697023806,2
2026-04-23 23:30:00,0.188762503718333,6.83180755555526,17.7581973327979,12.9861786663471,450.781834683024,6.38112274206756,2
2026-04-23 23:45:00,0.199497125946,7.2032484443594,18.9952762217668,11.661585777326,454.178104692844,6.36044921113979,2
2026-04-24 00:00:00,0.189965622219033,7.40601599985197,18.7131395550097,10.4917331107399,455.565166822816,6.2257726346478,2
2026-04-24 00:15:00,0.186353074082333,7.24597977780787,16.6189697771339,9.87910733304816,450.142765497944,6.17664971936087,2
2026-04-24 00:30:00,0.1790402296031,6.60834955548087,13.580804666713,8.90962266646473,450.41773133801,5.83708663629926,2
2026-04-24 00:45:00,0.161122763023633,4.84926955557023,12.6334666664624,10.2351868885531,451.746604928683,5.38170015807418,2
2026-04-24 01:00:00,0.1469638704407,3.5586531111415,8.91873133308887,11.4467199995,451.54627336424,5.09858484252809,2
2026-04-24 01:15:00,0.140120955606833,3.52403533335767,8.55111844424721,11.6863931105774,452.068629695206,5.18642595308441,2
2026-04-24 01:30:00,0.137948337078867,3.52655066668793,8.76320355541764,11.0808248885043,452.00953045969,5.15418927057907,2
2026-04-24 01:45:00,0.139515729666467,3.6549068888952,10.5623957777738,10.4201028886445,452.65942546504,5.22412371260134,2
2026-04-24 02:00:00,0.142454948184167,3.81298377779093,10.5431459999753,9.63362622199033,452.236636132446,5.13155041685586,2
2026-04-24 02:15:00,0.143585925945267,3.8725195555598,11.5218617776012,8.99815155531843,452.219018026066,5.19622778285324,2
2026-04-24 02:30:00,0.142062296322933,4.3478051110295,10.8087282221871,9.3383662220084,448.474960381786,5.4030670099985,2
2026-04-24 02:45:00,0.163226866731933,4.90415688888109,18.2320379994625,8.01852488877586,450.262335268627,5.47654530368926,2
2026-04-24 03:00:00,0.177339866747734,5.83115444442871,18.8821146660166,7.63457066658932,455.127717597633,5.42602266178515,2
2026-04-24 03:15:00,0.176816688957434,6.2636257779149,18.7260979994262,7.50918799991269,455.93705449085,5.41106474902196,2
2026-04-24 03:30:00,0.173222288937,6.09764311102311,18.0484582219115,7.8354788887398,455.811528750833,5.43028450548016,2
2026-04-24 03:45:00,0.172667959318034,5.11132577775237,17.6922044440778,7.46359066659849,452.747067359426,5.3277672065033,2
2026-04-24 04:00:00,0.167791544497867,4.63608022222906,14.2624168888913,7.78969955539596,450.904215566916,5.4370269038212,2
2026-04-24 04:15:00,0.1560113037237,4.86351622218747,13.1512175554995,7.89600888870867,452.452576565846,5.23272698831624,2
2026-04-24 04:30:00,0.155024811124267,5.77673288897564,13.8703324446569,7.82099688872073,452.73017607833,5.16096752132421,2
2026-04-24 04:45:00,0.1731250481337,6.97040511123217,17.6940971109889,7.62632199989547,468.23430877891,5.41816789539608,2
2026-04-24 05:00:00,0.182761251883333,13.1737464435573,18.5982166664352,7.45760733332189,470.66443198857,5.22290735154541,2
2026-04-24 05:15:00,0.253231555600366,17.5221442213975,20.257449111209,6.97171911112537,483.48721453588,5.29101508249326,2
2026-04-24 05:30:00,0.199933462969067,14.4542682215901,19.2366786664153,6.31496711114457,483.136540674073,5.19678101721761,2
2026-04-24 05:45:00,0.2179011963393,14.2360046659693,19.440057777557,6.14332377782147,483.731598340466,5.12764836181318,2
2026-04-24 06:00:00,0.224930585238367,15.1660486669423,19.6877173332677,6.03496066672517,495.914684783414,5.12080526147976,2
2026-04-24 06:15:00,0.255493488943067,19.563692221656,20.0258159999377,5.83040511114337,500.263496641477,5.00153061711449,2
2026-04-24 06:30:00,0.255217703771833,16.913883777894,19.8850880001923,5.80643488893894,495.860019713337,5.18085592504609,2
2026-04-24 06:45:00,0.237731533391966,15.1834062224977,18.0136671111267,5.91398377780734,486.47987826245,5.15365326564866,2
2026-04-24 07:00:00,0.2845149556289,21.6143466672447,20.657742222337,5.5408017778185,493.235193179697,5.55899588529008,2
2026-04-24 07:15:00,0.261116985235933,15.7015326671133,20.5416168890167,5.93896600004837,484.025772650693,5.33023401040736,2
2026-04-24 07:30:00,0.2472196592902,16.6181184443323,20.276494889013,6.1081182221827,467.332654610583,5.46708348029225,2
2026-04-24 07:45:00,0.228928622248133,15.4369113335146,19.1971744445304,6.49394111105957,465.49453092307,5.42068643833776,2
2026-04-24 08:00:00,0.227198111150233,17.51011066648,20.5824622222363,6.4410062220877,468.265707392,6.34805144268222,2
2026-04-24 08:15:00,0.281783177760133,25.4621355549957,24.364227778067,5.55817866658593,477.085308349823,7.63471650767708,2
2026-04-24 08:30:00,0.229045800048933,14.7358480001932,21.3134246666207,7.48627422215523,467.96628500898,8.05185376473091,2
2026-04-24 08:45:00,0.2177932815162,9.83121399983653,17.7632973333257,13.2147424442674,459.726537312923,7.47610093616544,2
2026-04-24 09:00:00,0.2152594889411,9.70277377767033,17.5450268888866,15.0719071111449,459.66959513136,7.0876212472349,2
2026-04-24 09:15:00,0.170748911118366,6.7861371111808,11.2836228888867,21.3740808893913,450.036004690853,5.91560607342822,2
2026-04-24 09:30:00,0.144245129697933,5.7100028888757,8.63808644442934,22.6972073337403,442.50943351161,5.53844240020041,2
2026-04-24 09:45:00,0.141089285237267,4.10484355543761,8.39739644467798,23.1221962225873,441.36347270773,5.71654283660961,2
2026-04-24 10:00:00,0.1559902889114,6.1118386665136,11.7564355550395,24.0971915559127,441.831206543198,6.37500851470058,2
2026-04-24 10:15:00,0.1377085963417,5.44979288863393,7.8553266665881,27.754980889111,437.74165977497,6.7543985707353,2
2026-04-24 10:30:00,0.135175674127567,3.34529799991527,6.04226769253293,31.0225531108413,434.89657280031,6.92965441200551,2
2026-04-24 10:45:00,0.1342277259747,4.0686846664116,6.5777746668945,29.6924904443333,436.230238322003,6.73966864431025,2
2026-04-24 11:00:00,0.143591037100434,5.49041688871183,9.16620577750944,25.9160580004253,441.01151206867,6.38135376755913,2
2026-04-24 11:15:00,0.1421833741442,6.84438222182014,9.60846266625141,25.9973788890917,438.946890502657,6.33473648070936,2
2026-04-24 11:30:00,0.141447888927367,5.01373933313957,7.13072755591213,30.3303811110377,436.35857400956,6.07823320811089,2
2026-04-24 11:45:00,0.146185703745067,7.01628844403067,7.56825222243921,29.2711668888097,436.82406044116,6.02086008295237,2
2026-04-24 12:00:00,0.147101670420133,6.7285417776639,6.23015022232747,31.951789777538,436.325833512321,5.93613489148249,2
2026-04-24 12:15:00,0.134010533400067,5.77491533297353,4.3030866667115,36.4765898328107,433.68513708584,5.61590597142882,2
2026-04-24 12:30:00,0.132260555593933,5.89207644446426,4.11121533339626,38.1559393335517,432.997391606817,5.5259370015764,2
2026-04-24 12:45:00,0.130652206277667,5.83263044446976,4.2393526667261,37.2431523887984,433.347891991294,5.68456217738368,2
2026-04-24 13:00:00,0.1300508592676,4.52299911135493,3.43501288894977,37.6452313336277,432.601666608421,5.61343114365459,2
2026-04-24 13:15:00,0.139136674091433,6.9393811114576,5.07685511123223,34.9954817775214,434.281767213077,5.96647712060565,2
2026-04-24 13:30:00,0.140928429644433,6.6244351110224,5.13934000007237,34.1886606663164,433.64282814042,5.23352970950907,2
2026-04-24 13:45:00,0.136255731655533,6.66292311104076,4.19301933340623,35.6108137258397,434.56830993457,4.81235476333811,2
2026-04-24 14:00:00,0.1352789322131,6.46433533325523,3.8102760000827,38.3943967779827,434.564343437577,4.52136768604272,2
2026-04-24 14:15:00,0.127404407332833,6.14562488885,2.13609644444487,41.4032691107033,432.98019930336,4.21656372126225,3
2026-04-24 14:30:00,0.127556487666133,5.61680422206823,2.00058911111193,42.6204518971637,432.454700518133,4.21104605622605,3
2026-04-24 14:45:00,0.125729976579567,5.17308999997616,2.08598799999127,42.421011674867,432.15018459288,4.18105759683509,3
2026-04-24 15:00:00,0.133110630753567,5.69002044428992,3.18073400006693,42.6262221535441,432.694685045794,3.78265533886429,3
2026-04-24 15:15:00,0.129645287663567,5.54856599986486,1.9801984444637,43.5806517783157,432.570025810543,3.44224359474846,3
2026-04-24 15:30:00,0.1279032136029,5.6521908887639,2.00025808548573,43.0025404448607,432.42138925751,3.42683662860902,3
2026-04-24 15:45:00,0.127299518464467,5.11008888919503,2.12073562394153,43.7521437783494,432.230203502064,3.59946433477297,3
2026-04-24 16:00:00,0.127299185121867,5.02827088902923,2.21071384617273,43.258449333955,432.51713996896,3.45329946294428,3
2026-04-24 16:15:00,0.1263076358439,1.3481046666301,1.62038312822264,43.1342062226893,431.554918080096,3.54193445354951,3
2026-04-24 16:30:00,0.126755443249166,1.38252066660953,1.53582957268143,43.2190040005327,431.264330561587,3.64924060860959,3
2026-04-24 16:45:00,0.131638511081867,5.74196355589966,3.548423555563,42.8213582221264,431.994190331097,3.61947744584312,3
2026-04-24 17:00:00,0.130580742427767,3.9192911113603,1.80362870088434,42.629076666626,431.631090625577,3.50119154871715,3
2026-04-24 17:15:00,0.128533483172567,1.4876546666211,0.75463236718773,42.065408444024,430.848979221453,3.34236281244627,3
2026-04-24 17:30:00,0.131624733894933,1.77873133322373,1.60558285469217,41.8021322218563,431.316502182243,3.36801772556926,3
2026-04-24 17:45:00,0.128122642776267,1.1027250085128,0.624212759888928,40.2866877773157,430.744322580923,3.48740059722643,3
2026-04-24 18:00:00,0.130475287491667,1.74066454695777,2.62436914531647,42.3890951105714,430.693473662163,3.19439347720836,3
2026-04-24 18:15:00,0.1309473048599,1.6451419999142,2.59448517951533,38.4154935557581,430.583030998041,3.08589019555422,3
2026-04-24 18:30:00,0.132975533300533,1.8895913332476,3.08468711114833,38.1654284446801,430.793921368487,3.09231983553672,3
2026-04-24 18:45:00,0.125841550478667,0.581336068346133,0.788316657898588,38.25555377819,429.347349711927,3.01236480077611,2
2026-04-24 19:00:00,0.128243605725867,0.967399948666934,0.7317086946297,39.6507086665617,430.507754412184,2.81748455829895,2
2026-04-24 19:15:00,0.1335759999659,1.6239131110308,2.45887644445213,39.7020937777677,430.789739611103,3.15280993137888,2
2026-04-24 19:30:00,0.132939333295033,0.9102571110729,2.1206815555812,38.1537860004014,429.788631475914,2.81927791047732,2
2026-04-24 19:45:00,0.135503417610334,1.0593469743323,4.20650333334071,35.437673486897,430.40567782695,3.49029505520902,2
2026-04-24 20:00:00,0.1406474222427,1.89418866663613,7.5808888885674,34.5403373328897,431.252909068533,3.45638929575233,2
2026-04-24 20:15:00,0.142547337074833,1.60082555553603,7.4375351745021,34.363256836994,431.894872554053,3.32618431362066,2
2026-04-24 20:30:00,0.1463133963516,1.59680085468017,7.3205973649441,34.4264684438537,431.638509548794,3.80583554245163,2
2026-04-24 20:45:00,0.151377725942633,2.42599044440707,9.00738822183834,29.9766028376793,432.856659928413,3.58356540686655,2
2026-04-24 21:00:00,0.179104770385933,2.7372493332977,13.4716306670857,21.1543340009633,455.407009597314,3.81663078493544,2
2026-04-24 21:15:00,0.210825807471267,4.63801799999493,19.0310111109327,14.1183651113652,459.16516236458,4.30017843038584,2
2026-04-24 21:30:00,0.216099311181233,2.94749444440807,20.9054464441177,12.4717184445051,455.68175321565,4.90172460634242,2
2026-04-24 21:45:00,0.234740644488866,5.1586844444914,23.7270297776752,10.9457444443658,463.120208761434,5.92920805970056,3
2026-04-24 22:00:00,0.2265644815648,4.93688888891693,23.4290579996858,10.7278693332479,459.79525609585,5.32947610633154,3
2026-04-24 22:15:00,0.224942881539033,4.2708148888074,22.7138962217031,10.8942439996174,456.116343035537,5.30242297058677,3
2026-04-24 22:30:00,0.233836266711633,5.51244888887056,23.0811868883566,10.0833242220832,456.688795616203,5.22734150786529,3
2026-04-24 22:45:00,0.2379028074594,9.67844800080786,25.248087110926,10.5486731108857,456.48684804267,5.1527909346698,3
2026-04-24 23:00:00,0.222481229676266,4.19163666660026,19.8917357775929,11.0086077774016,451.779481517574,5.12842757911601,3
2026-04-24 23:15:00,0.2172342666935,6.75807955539917,20.2524802220469,12.274345777637,449.038648070153,5.01488518593595,3
2026-04-24 23:30:00,0.214484059280266,7.2627211109264,20.9465748886776,11.8577822220432,449.34919715472,4.96851467434,3
2026-04-24 23:45:00,0.205451607427133,6.5673062220927,19.1033820000139,11.7560131108246,451.454534718733,4.90670827573707,3
2026-04-25 00:00:00,0.2127769481776,6.50231866654057,18.9355077777123,11.8068288886186,453.561565568496,4.98518797874305,3
2026-04-25 00:15:00,0.207577096309133,7.19747244432487,18.7899646664048,12.3064951108314,450.60865672626,4.92306995840996,3
2026-04-25 00:30:00,0.210967451870066,7.1696424442069,21.5057126664549,9.91804533306241,450.13442138033,4.80601132813073,3
2026-04-25 00:45:00,0.192535392575866,6.6767471109706,19.2097088888744,11.4570757773197,450.03113758366,4.79054188457102,3
2026-04-25 01:00:00,0.187970822208433,6.44801622209077,17.8592422218634,11.4204446661033,449.74806918414,4.68246894340946,3
2026-04-25 01:15:00,0.173248977777967,5.68203022212096,16.7697524438513,12.0827959996179,449.205891035793,4.67438993007007,3
2026-04-25 01:30:00,0.168988348177667,5.23678022215746,15.9753362219834,13.4194217777505,448.557297912043,4.64105078645693,2
2026-04-25 01:45:00,0.1682021926249,5.20827666661536,15.1649739999995,13.7515777779278,448.83418550252,4.3928094346103,2
2026-04-25 02:00:00,0.166579118552,5.06818733331543,17.3020413326338,12.6929604442631,448.720382546823,4.47086693223845,2
2026-04-25 02:15:00,0.152578855597267,4.23487111109327,16.5386431103153,12.6330828886443,448.412553406066,4.420817543297,2
2026-04-25 02:30:00,0.156549396319433,4.76828644440066,15.2655366660457,12.6212497771883,448.31992139909,4.32614412006599,2
2026-04-25 02:45:00,0.154019581532467,3.83137955554307,11.4482417777559,15.3984142223131,447.647555524673,4.31443405591964,2
2026-04-25 03:00:00,0.151027603771434,3.78069622220957,11.2411388887356,14.5967802223531,448.059591476463,4.19116887948948,2
2026-04-25 03:15:00,0.144867683382533,2.59308444440834,9.85826111103693,17.325032222208,447.824426933013,4.03153494135661,2
2026-04-25 03:30:00,0.139561688910567,2.82199777774487,12.0743355553919,14.3555033334851,448.007612511723,4.14921994120977,2
2026-04-25 03:45:00,0.139536259279667,3.1246113333246,10.8085377775521,14.755354222255,448.64229171728,4.03637211858033,2
2026-04-25 04:00:00,0.131061511092,2.1335033333241,8.05844377769263,17.8673962217139,447.415183694663,3.76649481047322,2
2026-04-25 04:15:00,0.138846070403367,2.79313933331367,7.03458555547253,20.657141555455,447.16420464395,3.57267618245718,2
2026-04-25 04:30:00,0.13011138289,1.69763266664017,5.6212126666506,22.343962000055,445.036455781203,3.56649242807502,2
2026-04-25 04:45:00,0.131831385180367,3.0148813333289,7.38048333317251,20.6440404442003,446.551525042903,3.59436888527448,2
2026-04-25 05:00:00,0.1421732370627,3.2037468888773,13.4042648888932,14.265670666722,449.587572600083,3.64167360993407,2
2026-04-25 05:15:00,0.1426682740997,4.14065422218034,16.1913273329673,12.8666648884889,453.80187294515,3.58970679789901,2
2026-04-25 05:30:00,0.156586144468833,4.73375599994743,18.2080468883559,11.2001539998132,454.473476495177,3.53871917373107,2
2026-04-25 05:45:00,0.161596729672867,4.94232444439876,19.050465554985,10.3495226665398,457.26822843118,3.55828067876122,2
2026-04-25 06:00:00,0.179871377807867,6.26331111113514,21.6828442218327,8.77085466654768,467.284635038207,3.57673244276793,2
2026-04-25 06:15:00,0.187265222254133,12.756437999297,22.3328031105373,8.47424311103374,471.14367915462,3.59208589256207,2
2026-04-25 06:30:00,0.163214518539967,6.20045888887996,20.4918791106483,9.0551033331278,453.220806193586,3.6048890244607,2
2026-04-25 06:45:00,0.1720373000709,5.10374422215276,18.4093786661969,12.1330166664239,454.996531153957,3.75161973320157,2
2026-04-25 07:00:00,0.1748598185968,7.49265133344087,20.2313124439317,10.3302384442608,454.873674240907,3.76305816095662,2
2026-04-25 07:15:00,0.205510996327233,7.9325493333664,20.222332444268,10.1136564442978,459.82669461135,3.78592970976526,2
2026-04-25 07:30:00,0.255885133386767,11.5906744444707,23.0557744442843,9.00583377753777,461.883266222477,3.88223625734848,2
2026-04-25 07:45:00,0.297312525937,32.9692582226874,30.9801913469917,8.33707511098914,472.36539819755,5.52177353819903,2
2026-04-25 08:00:00,0.2857084111057,33.753995111887,31.2567020144516,8.44202111099413,473.58847210121,5.90938655166235,3
2026-04-25 08:15:00,0.233216777873267,17.236697110908,23.2381577777137,9.2019999996382,470.2096796421,4.81580025046227,3
2026-04-25 08:30:00,0.262661570339733,19.912307110824,24.6085937772727,9.490025333087,477.180735399239,5.81626917133985,3
2026-04-25 08:45:00,0.239020288967533,17.3804213332143,23.9203411110923,10.0925497777418,472.309466383416,5.55199398240343,3
2026-04-25 09:00:00,0.2387797185976,15.7175182227701,23.6894095553857,10.5260984443866,467.74772958916,5.42838872954747,3
2026-04-25 09:15:00,0.2188943778464,10.6347993331764,20.0929335553029,15.9388328891101,461.36298384402,5.10936543282975,3
2026-04-25 09:30:00,0.214528600046333,7.18105755555944,19.1837622218523,16.1390326665618,457.942421790254,5.32334212667709,3
2026-04-25 09:45:00,0.176693977705633,5.9757448886366,10.9804884441144,26.5694666666587,442.977851557797,4.98862094555282,3
2026-04-25 10:00:00,0.155271044432767,6.1947391106359,10.5003633328267,26.6564326666807,435.210595074054,4.2848983481629,3
2026-04-25 10:15:00,0.1529610741003,7.8564633333191,11.5388757772118,25.5195997780923,440.09390097982,3.92553415635423,3
2026-04-25 10:30:00,0.1437504852167,5.36582799954087,8.89957311094864,29.1825782223624,433.902791935207,3.98782720497479,3
2026-04-25 10:45:00,0.139922370371434,3.76174355541167,7.07875866705817,30.9895405300087,433.518774279647,4.05788161922191,3
2026-04-25 11:00:00,0.1345016741028,2.04930577774977,5.87651022228747,31.6759155726234,433.278743157464,4.46261633786096,3
2026-04-25 11:15:00,0.134006891466334,2.1700075555371,4.86397728211726,33.2385041367987,432.713280632307,4.47734343534211,3
2026-04-25 11:30:00,0.1331829704044,5.97246666656589,4.50683237613983,37.1253402778704,431.815890598867,4.26167864165443,3
2026-04-25 11:45:00,0.132359278063167,5.77309244432576,4.11719747013173,39.9237246669353,431.654657422117,4.13454131329945,3
2026-04-25 12:00:00,0.131392006283667,5.95570577765589,4.06213947016766,38.8902408893791,431.449141559304,4.30535341496797,3
2026-04-25 12:15:00,0.130392486033167,5.75284733319986,3.78271210262917,40.2326426666667,431.5475341065,4.38310086031424,3
2026-04-25 12:30:00,0.131116891716433,5.40133355548163,1.9778396239499,42.479725743375,431.553077763183,4.33260752998959,2
2026-04-25 12:45:00,0.130194557789967,5.13355777780236,1.9894817777945,43.6083168891727,431.545226033607,4.04852920159362,3
2026-04-25 13:00:00,0.130430735581733,5.45961022215173,2.01231977781027,43.4864591115757,431.67053585999,4.01412363618782,3
2026-04-25 13:15:00,0.130946342984167,5.55708577806866,2.1713826838143,43.678424667242,431.556580961924,3.90732825191532,3
2026-04-25 13:30:00,0.131778754416733,5.75322488875319,2.2308153504578,42.9512144447353,431.533896735727,3.45620254460715,3
2026-04-25 13:45:00,0.126797425592767,5.55702577763033,1.86545422223127,43.8064782227574,431.842954064236,3.01759102479545,3
2026-04-25 14:00:00,0.1264409293068,5.48813911104556,1.88258222226163,43.7584726672137,431.757025610386,3.12108836354928,3
2026-04-25 14:15:00,0.125500896237433,4.62693888918393,0.762949837956121,44.1103260003507,431.310450357003,3.24445519731517,3
2026-04-25 14:30:00,0.125935096239467,5.36575755585383,1.82280800001264,44.1810684446107,431.499722726923,3.18089788776177,3
2026-04-25 14:45:00,0.130579655257233,5.57861400028522,2.31139801717027,43.389592889642,431.43402402485,3.03199040736737,3
2026-04-25 15:00:00,0.1286394370006,1.7056253332774,0.749766315138627,44.014064667194,431.350236376327,3.09548150346992,3
2026-04-25 15:15:00,0.131434418467433,5.65861666704823,3.67068155555064,44.0358368895074,431.36549671355,2.92316329906986,3
2026-04-25 15:30:00,0.130023051554667,1.49480866661177,2.4519048718035,46.8717151269871,430.704105569757,3.11158769323877,3
2026-04-25 15:45:00,0.130185981430967,1.45069364100087,2.06799854699397,46.1255715944156,430.29312584223,3.28149684844517,3
2026-04-25 16:00:00,0.1294947242999,0.8927434700372,1.85033921366123,45.8742295469309,429.744343380854,3.32086723648169,3
2026-04-25 16:15:00,0.129649966603067,0.6498682221657,1.87966565810223,47.4837064751425,429.329826741823,3.44219405510419,3
2026-04-25 16:30:00,0.1294929703066,0.582896102521334,1.81114499144183,46.7468959582728,430.2045340077,3.5374856877366,3
2026-04-25 16:45:00,0.1295653443828,0.679677333274867,1.86105553844023,49.1104795277352,429.216630930607,3.52835452267872,3
2026-04-25 17:00:00,0.130492525858867,0.829450940173367,1.8215798974366,47.4510187717966,429.00650628743,3.97987256721959,3
2026-04-25 17:15:00,0.132587022243833,0.9043815555567,1.85926039314473,45.9788533907494,429.54843536237,4.88606790806283,3
2026-04-25 17:30:00,0.1362471925841,0.8712772307779,2.01286570937983,43.8147456240993,428.933028671307,4.16364916425432,3
2026-04-25 17:45:00,0.129035262908433,0.967835999941999,1.85545288885887,42.664532735166,429.35532702921,3.23374352035694,3
2026-04-25 18:00:00,0.130887210923267,1.0567148888467,1.7691262221911,45.2883272230444,429.20358032534,2.86913958999324,3
2026-04-25 18:15:00,0.127553162998167,0.875583999899302,0.72980834297867,45.8629092089672,429.619886549317,2.81912808894027,3
2026-04-25 18:30:00,0.127617666406633,0.751159136682534,0.765224073177743,42.7422718458927,429.091559630687,2.90765311590574,3
2026-04-25 18:45:00,0.127934453895233,0.558656735016433,1.72935829056607,43.7217867524113,428.891135181537,3.27662833370687,3
2026-04-25 19:00:00,0.130932977779467,0.600148444423233,1.6673547521462,44.662480933476,429.201188330167,3.70154746078503,3
2026-04-25 19:15:00,0.133334514865234,0.711923777764233,2.16554723563396,43.5456961446486,429.442769813623,3.72863439456178,3
2026-04-25 19:30:00,0.1328859074501,0.7610362222146,2.98717801708647,42.7220133331403,429.16249772105,3.62454284191108,3
2026-04-25 19:45:00,0.144252492625067,1.29046466664647,4.22213377783627,41.8356735552877,429.666286056857,4.76069827245868,3
2026-04-25 20:00:00,0.144614066708067,1.17185555555917,6.02022928574946,35.3259542217647,432.79412629994,3.70517912428014,3
2026-04-25 20:15:00,0.1439222740996,1.5729473333436,5.7185870951839,34.6230257774273,430.260935548127,3.52234735645788,3
2026-04-25 20:30:00,0.1384499481614,1.63838483758633,6.98848276898757,29.6710178461827,431.130126625947,3.46452247419474,3
2026-04-25 20:45:00,0.1404596703951,1.81836066663657,7.33536311082058,26.973196359078,433.80312570218,3.42632778600163,3
2026-04-25 21:00:00,0.1691034814598,3.32865333327203,11.9012673332976,22.571560889641,448.715576355323,3.68260965044519,3
2026-04-25 21:15:00,0.196925822245133,5.98362866661634,14.8717482224506,17.4042726667245,453.850656286443,4.40180296224611,2
2026-04-25 21:30:00,0.2123423667649,6.69811666659887,17.5249588886449,13.7571217778731,463.76766648479,3.95135673693467,2
2026-04-25 21:45:00,0.2199783926695,6.56529888880006,18.6226237776615,11.5063402219849,464.734481911523,4.14588186503585,2
2026-04-25 22:00:00,0.2297886704199,4.59697466664279,18.8058522220995,11.7879415555693,464.04552786842,4.6202227074712,2
2026-04-25 22:15:00,0.2268673926618,4.92715266664513,21.1200024440608,10.9119926661716,456.986131608383,4.96834490032633,2
2026-04-25 22:30:00,0.2219415111537,4.73091244435917,20.6967006662352,11.366903555222,455.322838778233,4.89375596905472,2
2026-04-25 22:45:00,0.2691306444705,7.07393266679993,22.723665333297,9.29476533297907,464.885479655727,6.7401357810637,2
2026-04-25 23:00:00,0.308874814844166,8.84739200013541,24.3100139994837,9.05419599975806,468.909435775637,9.39981138209622,2
2026-04-25 23:15:00,0.299493622243866,6.75975311120073,22.049253333532,8.33608444420829,470.91223245548,5.4476517015245,2
2026-04-25 23:30:00,0.268816755540934,8.10746688913343,22.6037777777877,9.2556428885771,469.091170060214,5.7001869896393,3
2026-04-25 23:45:00,0.2682494889017,7.40746044455946,22.7295995552557,9.65223088852958,461.63281800436,5.26319365556582,3
2026-04-26 00:00:00,0.2410640222419,7.31917755567186,22.2988815554816,9.29943399958187,462.328976083273,5.2142784704216,3
2026-04-26 00:15:00,0.234260770421733,7.49024400008091,22.4407693332468,9.60301666622977,461.719144417476,4.98952903869562,3
2026-04-26 00:30:00,0.211053233392133,6.65645622220824,19.4578868882792,12.2631686663213,462.99763193619,4.66378962813249,3
2026-04-26 00:45:00,0.188870725905033,5.6273724444531,14.6326824438585,18.9658471109659,453.525068054473,4.32640107954211,3
2026-04-26 01:00:00,0.162568259276134,4.7680828888958,12.0138788886963,21.0590662225317,450.097556550517,4.13767305225778,3
2026-04-26 01:15:00,0.168919266672533,4.78653533336256,13.1008242219049,18.1328151111922,449.635355942167,4.22196767503579,3
2026-04-26 01:30:00,0.201069755561833,5.69500955551986,18.5991551107913,13.9159211110026,451.520180896203,4.57358670685006,3
2026-04-26 01:45:00,0.167682044455667,4.60748711108527,12.9764226665348,16.7122793332385,449.805570891947,4.2000265620071,3
2026-04-26 02:00:00,0.152071314861,4.28810666663983,10.579989999878,20.681044000307,447.1905542295,3.98907509511436,2
2026-04-26 02:15:00,0.152233863018534,4.4510448888674,11.577065999623,17.5744833334937,446.08846739817,3.8384958094496,2
2026-04-26 02:30:00,0.151802907442,4.20918711109377,10.8691693330293,19.8667768889987,446.08707983486,3.89020527007136,2
2026-04-26 02:45:00,0.154572014865,4.3419386666473,12.0561399995038,14.8344564441687,446.871828262983,3.98660339843515,2
2026-04-26 03:00:00,0.153991896336067,4.377307333344,12.060091111024,14.5217331109436,448.450835107184,3.96247697586203,2
2026-04-26 03:15:00,0.154692570401367,4.90984199997336,13.8301311114445,14.669452666666,450.254529647987,3.8915513070511,2
2026-04-26 03:30:00,0.160448318566633,4.61015088888726,17.9182624438391,12.7607824440404,451.663669698893,4.09640168217796,2
2026-04-26 03:45:00,0.158954833368467,5.11513644439903,17.1440344439992,12.8041759996054,454.618091206157,4.01089243730314,2
2026-04-26 04:00:00,0.1598060333808,5.04818777773406,17.3916691107634,12.8503593329648,454.82860083589,4.11726865903964,2
2026-04-26 04:15:00,0.1570199666957,4.3708133333336,14.6522331107179,12.9359679995698,451.145578761053,3.72189220021697,2
2026-04-26 04:30:00,0.1619423963421,5.1653553332924,17.6887259996193,12.5974133330499,455.079969687967,3.53197684402602,2
2026-04-26 04:45:00,0.170594685251867,5.48371844433843,18.5366544441068,11.906407555418,456.6358366425,3.4295706935802,2
2026-04-26 05:00:00,0.203777329667933,6.14940044432921,20.2007493328417,10.3735686665481,461.730058525157,3.38798323010125,2
2026-04-26 05:15:00,0.196752737021566,5.64259911099383,20.314792888313,9.6092151110061,469.326580830673,3.3594161181595,2
2026-04-26 05:30:00,0.2091552666918,6.39770977777534,21.1976931108136,8.57721355546674,474.13933821368,3.52227750359885,2
2026-04-26 05:45:00,0.222713211173767,6.37957244447147,21.815016888778,8.22512088876941,470.710117682403,3.44722304891855,2
2026-04-26 06:00:00,0.223662207467566,6.44430933340721,22.076113777711,7.83132955543637,473.849563265407,3.52052694398396,2
2026-04-26 06:15:00,0.2561589556332,16.607791777479,24.42891377738,7.75895199986241,484.91862416751,3.59889834847444,2
2026-04-26 06:30:00,0.246808803768667,15.6566866661902,24.182335777355,7.85540733324614,484.609028942337,3.53580825571336,2
2026-04-26 06:45:00,0.251641959334366,16.5943242215797,23.8952986665243,7.64521733327577,484.059794238723,3.61198557935657,2
2026-04-26 07:00:00,0.279415874109133,18.137691999493,24.4655095553163,7.23364733325141,491.084115890133,3.77034720721999,2
2026-04-26 07:15:00,0.262938074155767,19.4923871106073,24.484435777725,7.03027022216097,492.98055364586,4.12893843835151,2
2026-04-26 07:30:00,0.300501170402767,19.7661097771936,23.9639488892577,6.8518182221898,490.942005933987,4.26138409024613,3
2026-04-26 07:45:00,0.315095874107966,23.5524702230803,24.87143622236,7.6301084443845,483.890188876127,4.70850858418692,3
2026-04-26 08:00:00,0.306515851863433,22.6790293343513,24.7528375554784,8.1419795554591,487.6093079668,5.52724589239104,3
2026-04-26 08:15:00,0.294757574055467,19.8467471108203,24.2392637779007,8.73583111094586,491.289915145566,6.43423244380152,3
2026-04-26 08:30:00,0.2515987259496,17.6772933334203,23.6102880001283,8.831303999655,478.836358177946,5.95347293205904,3
2026-04-26 08:45:00,0.240040251864433,16.555925778198,22.35465199919,9.13345577734802,467.919144130023,5.63496973051793,3
2026-04-26 09:00:00,0.2001384149218,8.38200155563386,14.7387462221784,18.9273004449876,464.252912272164,4.8325702095805,3
2026-04-26 09:15:00,0.172627881439367,7.20089333346434,10.3646348887874,25.7328526669576,444.443650279494,4.56175390326331,3
2026-04-26 09:30:00,0.146628096340767,6.161469555578,6.40034490611161,31.6535251108717,436.403461172074,4.39676878262604,3
2026-04-26 09:45:00,0.1379143333665,5.9327062221662,3.85747955561994,38.3260919449067,431.94489990325,4.11598301155197,3
2026-04-26 10:00:00,0.134527207429633,6.19392888881036,4.31089288898157,36.78318872195,432.033191051447,4.41214892770351,3
2026-04-26 10:15:00,0.1367215111048,6.21354266659346,5.76946600014917,32.958733145088,432.32777186865,4.5802499548042,3
2026-04-26 10:30:00,0.1405550148187,5.26025799957324,5.36604294027597,34.5850623759157,431.97833870243,4.82499277585982,3
2026-04-26 10:45:00,0.160044155577333,8.1293608888566,7.82613822210974,31.970590444137,434.53634171061,5.30554586000331,3
2026-04-26 11:00:00,0.142306429644434,6.55514444432136,6.39805555564378,32.8616794356197,432.980968881003,5.32905775436463,3
2026-04-26 11:15:00,0.139418240747767,5.93706911100539,7.48886133328797,32.0898469056237,433.053038961647,5.32713519218714,3
2026-04-26 11:30:00,0.1374649518661,5.87021933323279,5.74465844459194,33.2741057092587,432.093117603277,5.08752571018987,2
2026-04-26 11:45:00,0.1331440888863,5.84561288875643,3.97660622228057,40.125864444496,431.699284612133,4.33338148699062,2
2026-04-26 12:00:00,0.130156847842,5.68566733319433,2.04138895728293,42.9427953676984,431.730293457827,3.82056071564262,3
2026-04-26 12:15:00,0.130360433299634,5.23492133343943,3.29172444450327,41.5226405299547,431.42425646674,3.89037804863754,3
2026-04-26 12:30:00,0.130391870364467,5.99444977761746,3.6265997778323,39.0543762223307,431.59214288714,3.68432894313382,3
2026-04-26 12:45:00,0.1316109888763,5.68890555560429,3.94817355564303,39.9591060000684,431.731879753337,3.82576761421533,3
2026-04-26 13:00:00,0.133279829612367,5.82668333331426,4.19927507948173,37.7634560002447,431.664155761754,3.64419829166901,3
2026-04-26 13:15:00,0.131871492587167,5.48840311142609,3.87635044451084,39.9619584444864,431.61806856873,3.73231762177337,3
2026-04-26 13:30:00,0.133855925916467,5.59362488903223,4.25328244455663,38.3530222222757,432.14801234664,3.55156103888548,3
2026-04-26 13:45:00,0.140339092605833,5.69230533363896,3.85258044452817,39.507907555505,432.224295090477,3.7475342038583,3
2026-04-26 14:00:00,0.142992762970567,6.69444444436346,7.38541993628236,35.0608671113871,432.397005009203,3.84191332982022,3
2026-04-26 14:15:00,0.142668014827033,6.69109444435049,9.4688117772718,31.9897583755184,432.39172347376,3.89535697529503,3
2026-04-26 14:30:00,0.141196592588534,6.42631399996626,7.6027122220542,34.0646888201227,432.242059799373,3.45353757772004,3
2026-04-26 14:45:00,0.140068718509767,6.36085244440753,5.12320847616767,35.6008948337347,432.514502127353,3.42788788326699,3
2026-04-26 15:00:00,0.1393142592728,2.71021022218033,6.28229533318869,35.2147760001564,431.671917002403,3.55548232253157,3
2026-04-26 15:15:00,0.138515081465267,2.31523199996123,3.79146063500126,37.8164540002691,431.328087260747,3.34238975940286,3
2026-04-26 15:30:00,0.134511207341067,5.77748844482113,3.6820946666816,39.4459028892367,431.830297347234,3.00362448790303,3
2026-04-26 15:45:00,0.134542166605867,6.19014866698413,3.67131244448604,39.2294602222264,432.399433581837,2.8580870752103,3
2026-04-26 16:00:00,0.132182177735833,6.07569955550399,3.26907400004137,39.8968024441107,431.929796168813,2.4913774077133,3
2026-04-26 16:15:00,0.1295060814535,6.12806777785936,1.98749488889343,38.3568222216194,431.82289823601,2.42224375732319,3
2026-04-26 16:30:00,0.129089462629767,0.997105888839932,1.7468853333054,39.5905315554204,429.502828664643,2.79101780360635,2
2026-04-26 16:45:00,0.133817251790167,1.43683955550423,1.8521273333141,37.3363748892927,429.38987017874,2.7844411713396,2
2026-04-26 17:00:00,0.133642444417233,1.48257933327633,1.81167555554037,38.35271866691,428.866975666514,2.52533343767701,2
2026-04-26 17:15:00,0.1315503259077,2.0485777776721,2.14495511111534,38.3979626668674,428.41244406489,2.38762124348332,2
2026-04-26 17:30:00,0.132116837019033,7.3736071116217,4.3365951624744,34.147915876191,431.062353503667,2.18106160467128,2
2026-04-26 17:45:00,0.1349125646346,2.60005144432367,3.31655355556054,38.3768926667684,429.403771042567,2.18681444132431,2
2026-04-26 18:00:00,0.1347089776056,2.6661034443345,3.31636666668017,38.5904177778194,429.68949606846,2.31560623788381,2
2026-04-26 18:15:00,0.132728059219667,2.71951933323197,2.80554688892144,37.9106800002394,428.915484904907,2.35746265560464,2
2026-04-26 18:30:00,0.134122644431167,1.4059424443692,1.7327239999763,39.6629768887803,428.995841378547,2.50633770633565,2
2026-04-26 18:45:00,0.134833896289933,1.19976488883163,1.65556266666373,39.2950417776903,428.888283468787,2.54276194688727,2
2026-04-26 19:00:00,0.135033199993634,1.00038666662333,1.75652755553897,40.3997039999457,428.133903539911,2.76227252164066,2
2026-04-26 19:15:00,0.1360647407227,1.1904284444145,2.4246493333308,39.3833886666497,428.447162365694,2.67942170990675,2
2026-04-26 19:30:00,0.135264192578867,1.0209417777564,2.6442993333304,40.319588888986,428.125802433917,2.64435559560123,2
2026-04-26 19:45:00,0.136210459257734,1.19912266665177,3.2024963809728,38.8054284444334,428.702023934421,2.7234575025905,2
2026-04-26 20:00:00,0.168357370378733,2.61374302559807,10.0955582221203,29.090708718052,431.998175845283,2.9857079515877,2
2026-04-26 20:15:00,0.194440896326733,2.18048666659894,13.6073737779311,21.4358211116477,444.170033850913,3.21691129743855,2
2026-04-26 20:30:00,0.191280392607533,3.28314888884,14.017264445039,19.1631173337516,449.363711314421,3.53035936159429,2
2026-04-26 20:45:00,0.2081571666789,4.91453044435117,17.2508760001284,14.8403224444032,449.581902951767,3.5357662734776,2
2026-04-26 21:00:00,0.205590577809933,3.2590853333027,15.83282600047,17.378656444398,450.957273359991,3.71868786801687,2
2026-04-26 21:15:00,0.2121943074541,3.99286400004853,16.0133077779556,14.4200675555046,449.643245780887,4.37472771781383,2
2026-04-26 21:30:00,0.215557874115133,3.27490399995493,19.5039771109903,13.377387333218,449.23390874124,4.04799726510634,2
2026-04-26 21:45:00,0.215729207445633,3.75672044433003,21.7434284440666,12.3452613331505,447.164126197477,4.1885005611015,2
2026-04-26 22:00:00,0.216109533363166,6.1191817774855,24.1399791107216,11.4702348885482,447.740741917047,4.11118066099343,2
2026-04-26 22:15:00,0.214826503736133,5.65181177745053,23.88137311067,10.6742915555565,447.30050389015,3.81864081256911,2
2026-04-26 22:30:00,0.2131233481612,6.8204184441248,22.8552839998086,11.5186015554977,447.614566464824,3.72163869521663,3
2026-04-26 22:45:00,0.212624837065833,4.84924533318583,19.0158964442624,12.9530355554745,448.198471967864,3.88018119667364,3
2026-04-26 23:00:00,0.215858111147633,4.6300744443436,20.8001986662613,12.2516917775989,452.196104608047,4.10534076969795,3
2026-04-26 23:15:00,0.215206355597033,5.4365388887556,21.0499588884537,12.4342206665458,453.138842410114,4.12715597177452,3
2026-04-26 23:30:00,0.2122720889317,3.9947382221465,18.6594868888361,13.2077699999418,455.139121245964,3.96168630518482,3
2026-04-26 23:45:00,0.204283125945533,5.67172311103727,16.9151082220575,14.073208666831,452.26357637048,3.85248845186662,3
2026-04-27 00:00:00,0.1806491184978,3.61455533326363,13.5402631111248,19.9957897782793,451.65360527101,3.75069338103473,3
2026-04-27 00:15:00,0.197151733340967,5.87776222210203,15.5284820002479,16.3684664443923,448.672202717427,3.63400486618565,3
2026-04-27 00:30:00,0.172453125880733,4.87323555549727,13.9919464443084,16.4760619999741,448.981624511097,3.69982362148103,3
2026-04-27 00:45:00,0.177452333302767,5.5048997777351,15.575345555597,14.3520455557537,449.516434707657,3.74505681990139,2
2026-04-27 01:00:00,0.216038770404433,6.30254999986197,18.2954902217284,12.539108888799,448.712067051383,4.00387525168854,2
2026-04-27 01:15:00,0.2126834222568,6.3313326665023,17.0513477774028,12.9179775555226,454.793759622617,4.34591496765178,2
2026-04-27 01:30:00,0.2002225259407,6.86924177767537,16.9179017777153,13.60797244429,450.768624060197,3.98707767207129,2
2026-04-27 01:45:00,0.190341555532567,7.05229355552437,16.8440346663598,13.9302497776536,451.173678963884,3.91119725607697,2
2026-04-27 02:00:00,0.177339962893833,4.50388933330233,13.1481862223498,19.4949011109041,451.78899491732,3.81528225738512,2
2026-04-27 02:15:00,0.1519638148134,3.07809599994547,10.7042766659958,22.7313548891013,442.03468107222,4.00029493678694,2
2026-04-27 02:30:00,0.161140488868067,3.39283377775783,9.4961231106043,25.9489008886954,432.39782188171,4.14538725879362,2
2026-04-27 02:45:00,0.145373503727034,2.22574911110854,10.3916613324068,26.3705057777653,432.552430681093,4.61314820504104,2
2026-04-27 03:00:00,0.146660755570367,2.2596544444677,13.6202395553272,21.728364222363,438.634475362943,4.95220215735711,2
2026-04-27 03:15:00,0.153109933332267,2.91511244440357,15.5780857777156,20.3399331116363,439.629801335287,5.56196359165327,2
2026-04-27 03:30:00,0.156823333342333,3.43718577768046,15.8469562220644,20.5014471115267,440.537191323527,5.56301997984483,2
2026-04-27 03:45:00,0.153810322258033,3.3123342221738,12.1372766667244,19.6305791112183,443.659915959677,4.78689602948499,2
2026-04-27 04:00:00,0.142256644455367,2.28122422220927,8.55771177751594,24.46643251285,440.646218947027,4.37337561367443,2
2026-04-27 04:15:00,0.136419940752834,1.91093977774127,8.14783911086674,22.7325949230883,440.27384310332,4.64253082229984,2
2026-04-27 04:30:00,0.135856277399833,1.67579377773304,7.21192977764764,25.559302700803,437.176120206263,5.03097985564499,2
2026-04-27 04:45:00,0.1355588051753,1.63186244439744,7.0633231109995,26.215198991588,437.592228864487,5.07127163670571,2
2026-04-27 05:00:00,0.135122082923467,1.77617822215924,6.57977688882087,25.4483355552817,437.671862219907,5.18025887120573,2
2026-04-27 05:15:00,0.133443014394667,1.5949279999756,6.34357911103924,25.0381991108104,437.501611231187,5.3244878969849,2
2026-04-27 05:30:00,0.128321913951067,1.3055795555222,5.09476837605547,27.6629302220667,433.910607109837,5.22285338114626,2
2026-04-27 05:45:00,0.1284444797619,1.33979177775983,5.34242837604316,27.273020222094,436.09613454321,5.403562596148,2
2026-04-27 06:00:00,0.132898788468467,1.61828755552387,6.21680622215673,27.5133208887317,433.844627851154,5.51905821597045,2
2026-04-27 06:15:00,0.132630153702733,1.2945744444149,7.17503888866683,29.1794904445207,432.845434342034,5.69139192618684,2
2026-04-27 06:30:00,0.133292783329633,1.58421399997647,9.60787422201223,25.264959777619,435.164085260633,5.96447246459204,2
2026-04-27 06:45:00,0.141157577791367,2.08143111106134,11.2793986663841,22.4831506667977,435.43435640751,6.13240809358903,2
2026-04-27 07:00:00,0.143932503724767,2.0405066666592,14.1423502220878,19.974168667028,436.528637006344,6.51058324654148,2
2026-04-27 07:15:00,0.148516566694334,2.59693199995587,14.5802275554348,19.01694688932,438.717395733263,7.09989459798417,2
2026-04-27 07:30:00,0.1489660074344,4.6154784443767,17.3083533330386,18.4815137777947,438.921554559463,7.05236665302971,2
2026-04-27 07:45:00,0.149831585219567,3.22582733329654,15.2687671110518,16.5523435554193,438.9318757328,7.01890233431836,2
2026-04-27 08:00:00,0.146336025967634,2.42263066662717,11.4229884442227,19.3555051112897,438.49795771371,7.62307692909567,2
2026-04-27 08:15:00,0.150125929661333,5.05750444438521,11.6242337776348,18.8646535554254,439.757474550934,7.63573038888503,2
2026-04-27 08:30:00,0.1507862518765,5.03718533326947,12.9135211114585,18.4744966667967,439.570009515397,7.30336705272842,2
2026-04-27 08:45:00,0.145740877832834,4.5294015554879,10.7551211108548,20.0448575554713,438.87757005698,6.72936884213521,2
2026-04-27 09:00:00,0.1571533852347,6.2915842222219,16.7591535557368,17.6129373337301,440.21040103052,7.47023992247044,2
2026-04-27 09:15:00,0.153285800024567,5.52840511099424,14.6937435557619,18.307284000105,440.200801583437,7.19091733090744,2
2026-04-27 09:30:00,0.1600400296529,5.78669733324334,15.2802084446462,18.1822500003317,440.062779163884,6.25257071293928,2
2026-04-27 09:45:00,0.1493464555796,5.67361155548164,17.1650059999222,18.2479037778883,439.95324184849,5.56963569463524,2
2026-04-27 10:00:00,0.1651626519101,10.453381333314,21.5665995551153,11.9995311108936,447.532464958934,5.79426205963655,3
2026-04-27 10:15:00,0.144911881537734,5.95635222212886,11.411943555514,20.5303462221829,437.66312522471,5.49577810121138,2
2026-04-27 10:30:00,0.138205807448967,4.27107044424504,7.9630042223194,27.4615251113523,434.34412929896,5.4091792738992,2
2026-04-27 10:45:00,0.1424510000311,5.99631066640384,10.0542033329306,24.92533955601,434.618179809047,5.53443916080462,2
2026-04-27 11:00:00,0.142681511145367,5.53692822181287,9.70149444414324,24.767027778199,434.949597208964,5.40859021755209,2
2026-04-27 11:15:00,0.1435883889278,6.00361244418634,10.0345684439914,25.2810093334794,435.136886438637,5.66187916266546,2
2026-04-27 11:30:00,0.136693116710067,4.13866177755614,6.42547302591067,29.9702851109293,434.256072218807,5.47584228175474,2
2026-04-27 11:45:00,0.139455985226,5.27379999969514,7.37206355584313,29.471541777716,433.86470700022,5.4815213640707,2
2026-04-27 12:00:00,0.142166685238667,6.03944422186907,8.79391688868767,27.4705237778907,435.246771173037,5.42665466146206,2
2026-04-27 12:15:00,0.148179522240767,7.10777466601901,9.81852311090661,24.4025608893493,434.882812372754,5.40134862142922,2
2026-04-27 12:30:00,0.137781651881867,6.88047377734354,8.28856555548064,27.9074951114563,434.292241420074,5.30760116533502,2
2026-04-27 12:45:00,0.139468559299367,7.00800177737178,8.24237911119617,28.026641555963,434.678831296753,5.51780489631952,2
2026-04-27 13:00:00,0.134424116708467,6.82894422182517,6.70972377796314,30.3428546666997,433.84787937836,5.44016601498159,2
2026-04-27 13:15:00,0.134824344483867,5.71331755516363,5.2587589573618,33.220998957332,432.823886386874,5.56807066338268,2
2026-04-27 13:30:00,0.1367371137219,6.39720222212676,4.87168711117404,34.7700128884054,432.675034437804,5.62508168554207,2
2026-04-27 13:45:00,0.1355780852298,6.18183466657259,4.75247244451147,35.0229004438081,432.52727268157,5.45535096850843,2
2026-04-27 14:00:00,0.1354332926335,6.23937555545986,4.96464266676393,33.5953117777113,432.469270321,5.5379491690704,2
2026-04-27 14:15:00,0.1367247963403,6.75158311100516,4.96807555565224,33.711824888893,431.906244434337,5.69071324166248,2
2026-04-27 14:30:00,0.1502383555474,9.0293999998841,6.72812977793304,31.7185515553683,438.957670478327,5.68119559347278,2
2026-04-27 14:45:00,0.134485045184267,6.26148999990312,4.78954288894387,35.9194088889517,431.87771764911,5.5903074552963,2
2026-04-27 15:00:00,0.1361183118691,5.86919644444866,4.76778555561863,36.0659711665233,431.84949252307,5.42014081156972,2
2026-04-27 15:15:00,0.133990449430767,6.06816088886346,4.86411244452537,34.3016538461107,431.844922428157,5.5496232564551,2
2026-04-27 15:30:00,0.1310080250719,5.61271355576432,4.23133600010083,35.675316611001,431.727475504514,5.45126945486517,2
2026-04-27 15:45:00,0.131953589185267,5.66734911131636,4.54653022229783,37.2070458894771,431.694248096077,5.39620386046028,2
2026-04-27 16:00:00,0.132368155588833,6.16428311102576,4.65661422229347,38.4793884446874,431.976322779884,5.35583587901856,2
2026-04-27 16:15:00,0.131717823396467,5.97544822220756,4.51888302570657,39.2113864448031,431.908780065047,5.23258446300772,3
2026-04-27 16:30:00,0.131056154977667,5.53081622243699,2.5029023590333,39.3763953335977,431.618932525757,4.95413648629897,3
2026-04-27 16:45:00,0.132143658716367,5.89916644443563,3.8213660171721,38.9960404447,431.649072706214,4.6309307449439,3
2026-04-27 17:00:00,0.132133762410533,6.34146311110016,4.47225165820383,36.151404307587,431.67997471232,4.57898784243679,3
2026-04-27 17:15:00,0.131950303720833,6.35596911111163,4.3706033333979,37.098988222747,431.938796214647,4.39381753646082,3
2026-04-27 17:30:00,0.1378447666849,7.46646977806183,4.13404800005433,36.027392666732,432.361819766227,4.30477410465055,3
2026-04-27 17:45:00,0.134502790760967,7.16693222267147,3.98411317954343,36.6243962180857,431.91547462209,4.38957136631202,3
2026-04-27 18:00:00,0.1328349544436,7.373210000608,4.53766800009657,36.175840000045,431.819430089711,4.54334531959267,3
2026-04-27 18:15:00,0.132575161741533,1.84063822217794,3.89535644450743,35.991001965458,430.654161522533,4.8415753231903,3
2026-04-27 18:30:00,0.133094065159267,1.76138088885897,3.97255800004933,35.9003792475664,430.06426919553,4.71092010934199,3
2026-04-27 18:45:00,0.134667627790567,2.02253599995893,4.21618784620126,35.6446857776504,430.845810909783,4.68149157522796,3
2026-04-27 19:00:00,0.1345596963318,2.05656999992853,4.49162406847543,34.9876597260934,431.078166007333,4.70495809614422,2
2026-04-27 19:15:00,0.1383305941643,1.7655337777768,5.46740406834897,31.1563689058447,431.599755750577,4.82103815524969,2
2026-04-27 19:30:00,0.139928003420867,1.98150622219763,5.22173273505564,32.700313726228,430.788018800303,4.87869942599885,2
2026-04-27 19:45:00,0.134113444771367,1.2806006666212,4.9657833674963,31.8406253162637,431.637336904987,4.52719647065217,2
2026-04-27 20:00:00,0.134495132512667,1.6218733333315,4.61721671795533,32.618027555495,431.988690238287,4.43593669126247,2
2026-04-27 20:15:00,0.1353126236936,1.86425533328957,5.86324933331364,30.5493851624893,432.994088716333,4.76185788568646,2
2026-04-27 20:30:00,0.13314211141,1.56577733329967,5.71521933329964,27.9855766666377,433.468938303833,4.433706754314,2
2026-04-27 20:45:00,0.134571340775,1.42981266662673,7.17908688872164,24.8794401199127,439.56248146839,4.65634898467935,2
2026-04-27 21:00:00,0.1507358962899,2.9749502221916,8.54022022194372,23.83335577802,438.20677765371,4.42490030042695,2
2026-04-27 21:15:00,0.148632311136167,2.95422644438973,8.9985428887408,21.305681777833,444.55451092972,4.75076823745248,2
2026-04-27 21:30:00,0.149350037063233,3.5093195554959,10.9742622221601,16.1810608887258,444.483053377177,5.00664537372418,2
2026-04-27 21:45:00,0.1579592148402,4.62856555545293,12.8486715555893,13.8665013331789,444.553547939414,4.73828354129749,2
2026-04-27 22:00:00,0.151121555574933,3.10929599993207,9.5003695554921,20.0879891111957,444.926388286873,4.43996910350578,2
2026-04-27 22:15:00,0.150682155579967,2.84009311105687,10.8896146668044,19.4359853333767,443.95251160558,4.4033655561539,2
2026-04-27 22:30:00,0.149794759292933,6.32178911143693,11.1222759998204,19.270646000044,442.93109689549,4.41555976463154,2
2026-04-27 22:45:00,0.145329188929667,2.68860822218317,10.2117322220708,19.2733848889943,440.972139544647,4.22279411453031,2
2026-04-27 23:00:00,0.140081881522967,2.28477399994547,7.5983155552621,19.624501777851,440.268786774326,4.16710861950613,2
2026-04-27 23:15:00,0.134712081529467,1.61045799996767,7.29326977758707,21.0852051112843,439.863610463333,4.18096745623468,2
2026-04-27 23:30:00,0.131467254712567,1.6810991110998,5.63443622222187,25.5876935554463,437.067853833637,4.15152983421831,2
2026-04-27 23:45:00,0.131017904277233,1.8427884444379,5.4098457777606,22.1021095554007,436.993619820547,4.24199783482191,2
2026-04-28 00:00:00,0.140440659289567,2.29734711105773,8.26955111086708,20.314469555575,438.290026040057,5.19611628339752,2
2026-04-28 00:15:00,0.1412298555987,5.4557904447398,8.11639622211228,20.304633777697,439.5497655838,5.35236445011512,2
2026-04-28 00:30:00,0.1392196815274,6.70147266707207,7.72297822196985,19.545017333319,439.343202141407,4.10410242549028,2
2026-04-28 00:45:00,0.140536688922767,4.88875977803196,8.47015822206234,21.037849777711,437.414078471274,4.30973800532887,2
2026-04-28 01:00:00,0.1355037662815,2.0318779999267,7.54783911106804,21.696975555363,437.091162807897,4.19156016899174,2
2026-04-28 01:15:00,0.129611017649867,2.26203599994053,5.54954013678977,22.3803359997194,436.595715524047,4.19502261006315,2
2026-04-28 01:30:00,0.134714397749133,4.20934888884966,6.37539488900821,24.4098302219556,435.673628859407,4.28063943364103,2
2026-04-28 01:45:00,0.1356255407774,2.34106466662137,7.17087888866551,19.1099544443247,438.461402139307,4.3649433766329,2
2026-04-28 02:00:00,0.135010716287367,3.36209622219733,7.48173866661934,21.2628104443003,438.241113919243,4.43496275435414,2
2026-04-28 02:15:00,0.130222847275333,4.02800799990366,6.15774276923434,24.3827733329413,436.314358116367,4.42454760004612,2
2026-04-28 02:30:00,0.1279579201904,1.8633019999345,5.2109618803957,22.402665555182,436.217047303601,4.32454043859572,2
2026-04-28 02:45:00,0.1247980717683,1.58969977774807,7.8004488888102,21.5303397778893,437.26617228195,4.37412238796911,2
2026-04-28 03:00:00,0.125848892561433,4.32904577771976,8.85868511087167,21.1247580000103,438.76956363175,4.13586558816156,2
2026-04-28 03:15:00,0.1287757111025,5.33831066654023,11.9072522222245,19.653288222112,439.413508529464,4.11539623730295,2
2026-04-28 03:30:00,0.116370803089456,3.0043906665743,5.44689577776153,23.8358017773007,436.365741853334,4.01883997466555,2
2026-04-28 03:45:00,0.123981985148166,4.5307079999114,6.52543844440744,21.924204221977,436.756452318877,4.07849181776867,2
2026-04-28 04:00:00,0.1237769777475,3.10111511104473,6.04458999995836,21.95239911084,436.827963191654,4.14801856299306,2
2026-04-28 04:15:00,0.117091307735162,1.49151266661597,4.65508688885864,24.8300613330783,435.928277000383,4.1819594180727,2
2026-04-28 04:30:00,0.126567802807433,4.0123857776892,5.63911533334487,25.0594233330823,436.0083380476,4.25379774877826,2
2026-04-28 04:45:00,0.1468514148278,2.71499177774947,9.38242911095376,19.47835755535,437.076932033623,4.2881277286094,2
2026-04-28 05:00:00,0.136372334802333,3.09204466664667,9.61653488850412,20.3130268885123,439.346737656523,4.35259055775363,2
2026-04-28 05:15:00,0.141264851904834,3.51529599995483,9.21422844418192,21.8699384442817,438.5777681241,4.26447218528174,2
2026-04-28 05:30:00,0.138311348179833,3.15399511108187,9.62549888854583,21.612612666397,437.519723260913,3.9705448270052,2
2026-04-28 05:45:00,0.136266929672533,4.45521622205007,9.8111173330764,21.7005366665179,437.77224505373,3.83910979564914,2
2026-04-28 06:00:00,0.137462281516333,3.59047288881314,9.65310177745823,22.0957437774827,438.042510989297,3.83567425507582,2
2026-04-28 06:15:00,0.145998962996134,5.43995155550017,12.4033328890341,19.2020444443817,441.173637605307,4.04635440112941,2
2026-04-28 06:30:00,0.145806281513233,4.65958088882114,12.4329542223081,17.6045986665916,441.83698020571,4.07527859789135,2
2026-04-28 06:45:00,0.146987266724233,4.29478733327947,12.072688444574,19.7465835554531,441.61859286634,4.06956008389475,2
2026-04-28 07:00:00,0.152017570428234,6.45441599998956,19.3003286659322,12.19069555529,441.686338262557,4.78690584344843,2
2026-04-28 07:15:00,0.161423703789767,8.69205977831904,23.2976313335836,8.60544777761422,442.391153607384,5.12026984135716,2
2026-04-28 07:30:00,0.175773818508633,8.20244977797234,20.6451008884866,10.9052908886027,444.72481410113,4.87644107768585,2
2026-04-28 07:45:00,0.190991874054966,8.84641577817593,23.217088666378,9.32756088881286,445.73995677911,5.34064653676309,2
2026-04-28 08:00:00,0.2343012408056,10.7095559999751,21.9438626661507,10.8118315552909,445.6700460639,4.72294818661474,2
2026-04-28 08:15:00,0.179185588865,8.07991577799147,20.1492046661843,11.5435599998615,444.402205131297,4.40681915565623,2
2026-04-28 08:30:00,0.179490477748167,6.41606133338719,17.7014353331609,17.0927057781017,444.242360778087,4.38179183801143,2
2026-04-28 08:45:00,0.182826885142233,6.5242704444723,18.7494139994263,14.4621964446233,443.615285486344,4.25827041886656,2
2026-04-28 09:00:00,0.165975148184433,6.28918466661887,15.5633506667834,17.245465778079,443.899087664427,4.36933590081022,2
2026-04-28 09:15:00,0.160431711135634,5.27150422213941,13.2666108891396,20.1774437778273,442.88840893257,4.17216181461781,2
2026-04-28 09:30:00,0.176503092563633,6.31342022229079,17.8035679998848,17.3012066670073,445.410950903946,4.48914781628457,3
2026-04-28 09:45:00,0.2344992074616,11.6906855555544,24.4029819998017,7.84025111108873,452.249597186813,4.91510829973098,3
2026-04-28 10:00:00,0.185619137030967,7.3770071112114,18.697030888441,14.5573371110806,444.7717961014,4.30334495840673,3
2026-04-28 10:15:00,0.1686806370784,6.72605911121773,15.0976413337065,18.587562222539,444.234449824113,4.19322276699589,3
2026-04-28 10:30:00,0.199478948168833,8.22966600012607,19.417573110758,12.212549555546,447.01842443489,4.36437509824415,3
2026-04-28 10:45:00,0.230062325972833,13.7509842221807,23.7504873330284,8.0757562221979,454.032312664997,5.03214872765393,3
2026-04-28 11:00:00,0.232790266706967,17.7469635557454,24.324014666477,5.97944555555403,460.376157818023,4.88103405218607,3
2026-04-28 11:15:00,0.1657679037754,7.65432955572273,17.7672553333289,15.686142889043,445.04283351032,4.5959173731734,3
2026-04-28 11:30:00,0.179031877770233,8.53697600032984,19.7622586666083,11.3065873334029,447.22698818167,4.81758265304078,3
2026-04-28 11:45:00,0.227840363013367,11.6753826661717,21.1750246659353,7.10814288890277,450.306580124197,5.69300413285458,3
2026-04-28 12:00:00,0.2256935148592,13.1384075552642,20.7937577774563,7.93132022224421,466.83920851813,5.5391083088362,3
2026-04-28 12:15:00,0.1885794963245,8.85799577761787,15.4746244444831,14.7078784444485,456.007727223744,4.9917807426452,3
2026-04-28 12:30:00,0.1884414888938,8.66044822212093,15.1579691105565,13.9140220000687,447.641727632177,5.32469679503478,2
2026-04-28 12:45:00,0.234881311178833,16.965750667208,22.1806437769843,6.76805511113307,459.232308881236,5.85180258756879,2
2026-04-28 13:00:00,0.202232422240333,9.22489488875014,17.7323922220208,11.9132800000321,447.943788194593,5.2867371381962,2
2026-04-28 13:15:00,0.1673101852418,8.3071526666209,13.7477251108138,19.1709420002602,446.380610274723,4.50746947466603,2
2026-04-28 13:30:00,0.147327011166967,6.88887177750877,9.76664022203257,22.422220666902,440.699659228111,4.47780134133298,2
2026-04-28 13:45:00,0.140329729680367,6.72451444418777,8.58924733326997,22.7033293336833,439.515923359584,4.55479865224984,2
2026-04-28 14:00:00,0.140464048177533,6.5596575552089,7.86223177801714,27.0733488895047,437.171682454014,4.53230756970632,2
2026-04-28 14:15:00,0.134245612575933,5.87434777745377,8.42269022251944,25.035492666529,439.845090316444,4.5721595348519,2
2026-04-28 14:30:00,0.1420660704148,6.22234799972153,8.90706511152601,25.8618042224096,441.241061598947,4.6220840895584,2
2026-04-28 14:45:00,0.181724266666033,8.44031533323264,13.580314000086,20.9324057785003,452.31811706752,5.08077191009796,2
2026-04-28 15:00:00,0.148103977834867,7.5886393331937,10.7636306662716,25.3517533331527,441.520088401784,5.26919865016126,2
2026-04-28 15:15:00,0.134580666701133,7.51390866665127,5.3981793333798,32.3104708885723,433.165815230317,5.1153043946867,2
2026-04-28 15:30:00,0.132795887805733,7.476205333272,4.77605177780183,33.9284005295873,433.341218941267,5.00116397532675,2
2026-04-28 15:45:00,0.126487917889133,6.99589022229513,2.6056693333424,36.096224888561,433.27778747319,5.02490651885225,2
2026-04-28 16:00:00,0.126280725300533,7.1357493333146,2.60757577779053,35.7413522217767,433.224384624597,5.17464182667292,2
2026-04-28 16:15:00,0.125894710483866,7.09220377782463,3.3053690427692,34.004072068455,433.310816194694,5.04549773968117,2
2026-04-28 16:30:00,0.12849187343,6.6520642224356,2.9094417094149,34.1502429401834,432.931739541294,4.88995877985442,2
2026-04-28 16:45:00,0.236622274065567,10.0007562230881,7.39658533339387,32.169567828787,435.235306945697,4.68163795436765,2
2026-04-28 17:00:00,0.134865733378233,7.4434446666356,5.2119057778231,33.6666737775084,435.389938604227,4.46356415505502,2
2026-04-28 17:15:00,0.1333526222373,6.42485844437873,4.53285488893583,37.091571444433,434.612815896917,3.97826325443067,2
2026-04-28 17:30:00,0.133282104829933,6.96683377770033,3.9798785299337,34.3510810256963,434.31447928554,3.49733529290468,2
2026-04-28 17:45:00,0.127483350349233,5.98971555558576,3.09094666668773,35.3578689741417,433.022281026464,3.23199461067206,2
2026-04-28 18:00:00,0.128781802191333,6.58915088883146,3.0381908547367,35.0195880851697,432.810763797817,3.51517925927503,2
2026-04-28 18:15:00,0.129926803965267,1.98151488889373,2.60948194874193,36.251921444248,432.672550987294,3.82515233450816,2
2026-04-28 18:30:00,0.126403280850467,5.90480533367936,2.94556105987307,36.8047559998164,433.168055970177,3.91481228970519,2
2026-04-28 18:45:00,0.1305403127715,5.81712022258313,4.2373996582044,34.4717621025723,433.048624347277,4.27549879635696,2
2026-04-28 19:00:00,0.128140014210467,1.5298488888515,3.00148129917763,35.3985116405404,433.067448351717,4.4028880558747,2
2026-04-28 19:15:00,0.129316798832067,1.54479399996263,2.9676338803574,34.657368205168,433.101926767007,4.35189788574149,2
2026-04-28 19:30:00,0.134335772929234,6.00424155588266,5.93508697453587,32.8548378973707,434.851403065667,4.32305773487504,2
2026-04-28 19:45:00,0.129046533276567,5.56881333364956,4.17608921369513,33.655380359251,434.261746851497,4.34941677873962,2
2026-04-28 20:00:00,0.134078299569267,5.09674711141653,5.7310460343055,30.4813644788407,435.76300749152,4.32484653004634,2
2026-04-28 20:15:00,0.1361079681364,5.73913622252423,7.86973755586924,28.2601549232436,437.856942371177,4.25944894680458,2
2026-04-28 20:30:00,0.135389857026267,1.8580133332787,7.229166222249,27.6538659147783,442.0235259191,4.20545143169708,2
2026-04-28 20:45:00,0.130612420498167,5.4151368892073,6.56897358981007,25.8117111453683,442.369530587057,4.14653093566584,2
2026-04-28 21:00:00,0.136441234799233,2.45239199998337,8.18512333336447,23.1190160003353,446.075498126313,4.5512590375128,2
2026-04-28 21:15:00,0.136298671837267,2.04787088884283,8.21482511102578,23.5832546669633,443.76483804163,4.54068784805432,2
2026-04-28 21:30:00,0.148099800070234,2.6164842221641,9.22714622189403,24.4337771454933,443.067898610547,4.61824594531449,2
2026-04-28 21:45:00,0.212184222299933,8.948322889793,13.7544713331395,20.5354486671301,452.74728357111,4.83021238555917,2
2026-04-28 22:00:00,0.158902018547533,7.05400177818347,12.4197128888756,17.1499828889604,449.206868744307,4.6893340791541,2
2026-04-28 22:15:00,0.208465570442733,9.61327777753473,20.1374502219902,9.99490111094093,465.565041695324,4.67356092674251,2
2026-04-28 22:30:00,0.2399722444792,9.47991999985478,20.6584326661032,8.02126155528853,470.751222972117,4.57480042018405,2
2026-04-28 22:45:00,0.228495770410466,8.21238911113874,19.4708328885295,7.69540266652983,474.662739472109,4.77218839327444,2
2026-04-28 23:00:00,0.2178045222622,7.93940822194362,19.9529322216638,6.97692088878216,473.746262698346,4.83645164767916,2
2026-04-28 23:15:00,0.227392111158467,8.43208155530448,20.647513999476,6.76068377771263,474.235589726436,4.77626277972121,2
2026-04-28 23:30:00,0.2483816000251,8.92633199992435,21.637270888948,6.61449666661753,474.146598850163,5.08141024411746,2
2026-04-28 23:45:00,0.253339814840266,7.76089133336487,21.9293135557697,6.3007962221678,476.998875547346,5.10203732963593,2
2026-04-29 00:00:00,0.247797033365266,8.66976822221025,22.324506889082,6.3162522221372,478.023554392426,5.03409781539043,2
2026-04-29 00:15:00,0.2446155000296,8.06027200004032,21.153351777551,6.3275177776931,478.13734810891,5.18622977948453,2
2026-04-29 00:30:00,0.248118892635266,9.22615200027771,20.7247662219263,6.45514044435617,478.441772199856,5.58544857927871,2
2026-04-29 00:45:00,0.2509068666948,16.5690146655701,22.621876000473,6.354965999957,479.921332019286,5.7125491521779,2
2026-04-29 01:00:00,0.259422370381133,15.8249946656612,22.433866667118,6.15168977770296,484.244550932837,6.40052249274502,2
2026-04-29 01:15:00,0.2858508074201,15.7591762212865,22.6542924448093,5.3717199999347,486.117345502897,6.1010200653117,2
2026-04-29 01:30:00,0.2652938074383,16.2451673322958,21.0423271109657,5.54600244440627,484.20197738444,5.75033921005369,2
2026-04-29 01:45:00,0.2624115703911,16.1236277766831,21.339532888788,5.15421155552814,483.781987758123,5.83377651077091,2
2026-04-29 02:00:00,0.261718288913167,16.6893522211728,22.6800311116397,5.08080933330904,488.771749787464,5.91703300256606,2
2026-04-29 02:15:00,0.255039259280833,15.5790793322829,21.3683104442467,5.06172266664164,482.46947010994,5.79046338282101,2
2026-04-29 02:30:00,0.248946522252266,8.76151955587908,21.0547644441007,5.00383688885307,480.64406076257,5.7673722758141,2
2026-04-29 02:45:00,0.242963996332666,14.5455675546078,20.0630719997837,5.36328733333107,478.772434388876,5.61358552506639,2
2026-04-29 03:00:00,0.231428744483467,8.60945111137868,20.3618242218473,5.2786264444358,478.166775265823,5.6953400044223,2
2026-04-29 03:15:00,0.229959011145867,8.19868355570262,20.141200666234,5.27012844443254,477.501201669813,5.61942441725196,2
2026-04-29 03:30:00,0.226486040779433,7.21801000000981,20.255836443933,5.2451842222079,477.784629724736,5.62584872668313,2
2026-04-29 03:45:00,0.227416055596633,12.6131922212972,20.016967999647,5.26989022219837,478.268043301773,5.69572663417994,2
2026-04-29 04:00:00,0.228227614855533,13.6777259989957,19.715891333098,5.61887622222603,481.054543372146,5.7290216797239,2
2026-04-29 04:15:00,0.235011777811233,14.7691306655654,20.0915106664864,5.4837133333497,479.49999734713,6.00815938747464,2
2026-04-29 04:30:00,0.2403971185549,15.3138104433264,20.2422562220327,5.25042933333454,478.634414831006,6.23427397008582,2
2026-04-29 04:45:00,0.246659703753066,15.2875619988922,20.6696215552677,4.75464777777517,478.333896351913,6.264939242957,2
2026-04-29 05:00:00,0.230556600040933,13.7444126657226,18.9918022221687,5.0853373333587,484.149971312166,6.12040371938892,2
2026-04-29 05:15:00,0.2308507778203,14.1270975551707,17.8181173331617,5.6852904444461,492.842678669563,5.78636182780108,2
2026-04-29 05:30:00,0.238935414855133,15.6031931103125,16.6974519998767,5.76684933335083,488.13000013195,5.37186083777633,2
2026-04-29 05:45:00,0.250640655588066,16.9967446665583,17.577162444576,5.81074577778143,499.555018596007,5.31218989464332,2
2026-04-29 06:00:00,0.230857066702467,16.7812317776843,17.1816371112873,5.67907488890683,502.52011188036,5.25226199612955,2
2026-04-29 06:15:00,0.2339819555834,21.311484000295,17.392950889121,5.18034022225967,503.17895782377,5.31661592459588,2
2026-04-29 06:30:00,0.243516640777,22.216641111344,17.4795293335643,4.7121740000205,502.209122311817,5.2139117552723,2
2026-04-29 06:45:00,0.265538133399133,16.987455555578,17.5570348893987,4.99617399998954,504.74294714977,5.03754869138728,2
2026-04-29 07:00:00,0.286926511126167,22.555530444919,18.598051111239,4.60185933331797,491.64050551624,5.08401274760825,2
2026-04-29 07:15:00,0.238287925938567,19.4152017773653,17.0780457779997,5.58120688886344,484.62788270181,4.90591344535456,2
2026-04-29 07:30:00,0.223193229645067,19.2669784442867,16.9245493335549,6.69111355549369,475.9505017903,4.49873791633184,2
2026-04-29 07:45:00,0.223605081503333,17.3884055550667,16.9383773335145,6.78783133326683,473.263706862537,5.513298905556,2
2026-04-29 08:00:00,0.200311148185033,15.1281546669777,15.887519999831,7.2717362221217,461.84376481368,4.65364970612028,2
2026-04-29 08:15:00,0.183250577844167,14.0098782214429,12.2518502221339,7.42579711102296,459.348341671996,4.85958262676048,2
2026-04-29 08:30:00,0.180500688957,10.5597006668207,12.6379944443047,6.97482688873103,461.05287256672,5.10473065899749,2
2026-04-29 08:45:00,0.1714506185792,8.6824006663677,11.4986184446816,7.1932542221093,454.33771859627,5.34482060067769,2
2026-04-29 09:00:00,0.161684803777067,7.89524555545673,11.799928888977,6.95700688874946,453.529903398627,5.58636036777922,2
2026-04-29 09:15:00,0.1378899407894,3.71604844447224,8.06015977785181,19.3508222224276,441.632842350637,5.94950472413102,2
2026-04-29 09:30:00,0.1320633551364,5.14332177774501,7.3403564444614,19.6008284446339,441.65829835159,6.45770586260486,2
2026-04-29 09:45:00,0.129585780056633,6.1671331109662,5.41452622216474,22.7323651110233,441.687949835986,7.13894489180766,2
2026-04-29 10:00:00,0.130809530495433,4.65063577772327,5.14019622223197,23.2657086667,439.186059422537,7.31952490267595,2
2026-04-29 10:15:00,0.1567560148047,6.70689799974244,8.29835177787981,22.739833333364,439.563083946417,6.62214289786487,2
2026-04-29 10:30:00,0.129826108835433,3.9011033333503,3.67201999994603,26.7251484444307,437.313413769217,6.26600632460986,2
2026-04-29 10:45:00,0.1275212597772,4.5411502221779,4.026792888857,29.2888633333987,437.118948973137,6.12800847461467,2
2026-04-29 11:00:00,0.1311675675026,7.3894253333018,4.95904294014263,29.3807075554083,436.519926232487,6.33078008944486,2
2026-04-29 11:15:00,0.141815407439833,7.2749906666695,6.01776022228203,31.522277777883,436.2117497271,6.40386227864962,2
2026-04-29 11:30:00,0.131538198910933,7.20688044439154,4.4827275555541,34.533652170373,433.749923645764,6.17663289938566,2
2026-04-29 11:45:00,0.131076443287767,6.6184406668759,3.05334155555547,35.0932936403137,433.365392246854,6.23329930252762,2
2026-04-29 12:00:00,0.126417088246133,1.92512800001237,2.194667777754,36.4937479996803,434.257547317637,6.06703138487799,2
2026-04-29 12:15:00,0.126247547512633,6.52792555592613,2.77877177777423,36.3217810552607,435.252017635357,6.15989942163488,2
2026-04-29 12:30:00,0.125889021594467,6.45294422244346,2.6503291111001,36.644232444309,435.099576087127,5.95209573183198,2
2026-04-29 12:45:00,0.124852480839567,5.71782777815203,1.96492644442394,38.062168444287,433.332648146134,5.59049766029253,2
2026-04-29 13:00:00,0.1481294296365,7.1249731114314,4.74960666667904,35.0576151109944,433.618039458217,5.56831823693153,2
2026-04-29 13:15:00,0.127192214178967,6.4056791113304,2.37846133331067,37.097104721911,433.750425447321,5.27241830011971,2
2026-04-29 13:30:00,0.126493095657767,6.55553711145843,2.62109022220667,36.855929055382,434.267930067694,5.22325721653066,2
2026-04-29 13:45:00,0.1261353919433,5.6563648892612,2.37404088885467,36.797520388692,434.398987368557,5.14166444748338,2
2026-04-29 14:00:00,0.125446414176567,7.1252793333287,2.60806000000117,37.88683644473,434.23838385863,4.84602795839869,2
2026-04-29 14:15:00,0.1332895248056,5.84395511117717,4.43437977787666,35.011183166769,434.090517065904,4.85244413470241,2
2026-04-29 14:30:00,0.1268521549029,5.45342511131419,2.82317589744984,37.0241172777053,433.420660837907,4.38488262731879,2
2026-04-29 14:45:00,0.125887006738867,5.7290611110989,2.43498147009467,37.7138164999444,433.151525339857,4.17990979405156,2
2026-04-29 15:00:00,0.126908392491967,5.33332044455966,2.32501258121654,38.598915278282,433.011732218407,3.83159618069914,2
2026-04-29 15:15:00,0.1264013623122,5.6004775555434,2.4483181367616,37.9135306115074,432.630908611154,3.98192803850228,2
2026-04-29 15:30:00,0.126262680829867,5.89250200001759,2.50584135044277,38.281918056319,432.49593762969,3.78919900974851,2
2026-04-29 15:45:00,0.126582512161233,5.54422555579823,2.47479068377654,37.6619747223084,432.374609676511,3.60892192301783,2
2026-04-29 16:00:00,0.126492599345867,6.00289977773686,2.50313001710777,37.631582500093,432.412692559397,3.46277807407703,2
2026-04-29 16:15:00,0.127021201056966,5.3855002226551,2.2684171281956,37.115976389242,431.837491991017,3.4794997745182,2
2026-04-29 16:30:00,0.1271526876742,5.94261288899469,2.4443113504388,36.3626326155197,432.11665299092,3.57424271927935,2
2026-04-29 16:45:00,0.1280574038797,5.875115111504,2.00166567523803,38.2728025565543,431.991372041007,3.47515551986503,2
2026-04-29 17:00:00,0.128450356606766,5.78659644491033,2.2078749230696,36.383276115699,431.40897690097,4.0024749372148,2
2026-04-29 17:15:00,0.1278655231222,1.11019196579803,1.89410341882137,36.5103092136343,430.37233929646,3.87342774186509,2
2026-04-29 17:30:00,0.132569677486333,1.78887029052023,2.49751049574837,35.9373822733257,430.83534049454,3.78478349190521,2
2026-04-29 17:45:00,0.1319176962327,1.69290222212766,2.20609064958993,35.768042119932,431.22268881056,3.74471839376741,2
2026-04-29 18:00:00,0.1343071116839,1.97342488882607,3.40170059830923,36.4059685465516,431.051239265843,3.94482587167545,2
2026-04-29 18:15:00,0.1298978395015,1.44682425632957,2.60975671796393,34.957670837541,429.16611986638,4.03694133008569,2
2026-04-29 18:30:00,0.132457059193567,1.36924111104497,3.67917188034473,33.5838381024013,430.041446797267,4.19910386070337,2
2026-04-29 18:45:00,0.1367116534271,1.38804039312304,3.6484322906121,33.108367589678,430.14089152956,4.39237577059384,2
2026-04-29 19:00:00,0.139902166398934,1.68193155556097,5.9168205981469,29.121997111156,432.039383804453,4.24798209256332,2
2026-04-29 19:15:00,0.136942542323567,1.75804288886873,5.93770215365437,29.5139405984903,431.955354137887,4.403212805912,2
2026-04-29 19:30:00,0.1375185182462,1.6847859999942,6.41905993126301,28.8532536069437,432.377842406613,4.50013752501253,2
2026-04-29 19:45:00,0.138158681222067,1.48615239310047,5.62389888872374,32.396036341525,432.54203276012,4.50224676014938,2
2026-04-29 20:00:00,0.1367880222579,1.73918088885507,6.92455348681444,26.94483772659,434.084624856996,4.56981212197125,2
2026-04-29 20:15:00,0.137551481525833,1.77086266663587,7.31288726466711,25.6232136919467,435.270243104683,4.44706248479806,2
2026-04-29 20:30:00,0.139193263005667,1.7644851110944,7.5614297775587,25.0607966669773,440.605562708624,5.00473289880543,2
2026-04-29 20:45:00,0.1364144852247,1.66556733331893,7.5319584954537,23.42350155586,441.76954305498,4.34040573055733,2
2026-04-29 21:00:00,0.1460480629961,2.66056644448553,9.7049684442578,20.8022286671853,444.78443641266,4.37131198961407,2
2026-04-29 21:15:00,0.1725613407451,6.10970777773723,13.5122395555202,13.765244000372,454.067494633697,4.90636614590005,2
2026-04-29 21:30:00,0.190494388940167,6.98274022220286,13.0328739999462,13.807164666856,454.521092490844,4.62264449020055,2
2026-04-29 21:45:00,0.209652114864733,7.65818333336766,14.4051971111452,10.1299175554062,463.849364803773,4.66507524315852,2
2026-04-29 22:00:00,0.225991711163567,8.45727044445283,16.5971848888447,8.9878979998979,467.05713715054,5.02369427831744,2
2026-04-29 22:15:00,0.213514618578733,8.61049555566544,17.7330142220457,7.4221644443704,474.15450250586,4.6499355299444,2
2026-04-29 22:30:00,0.2192254111648,9.74129600046226,19.6425797773047,6.8505059999258,475.18885141012,4.72328800169406,2
2026-04-29 22:45:00,0.213964633387967,8.53613066670884,18.441269110844,6.87330088882356,476.305936808236,4.89157331378287,2
2026-04-29 23:00:00,0.220541181533,7.84331200000677,18.882288888605,6.77205911104506,475.163304403123,4.95386889018417,2
2026-04-29 23:15:00,0.216957418564633,8.53694333339784,18.662469332964,6.27116688885527,472.389439855746,4.81606323008401,2
2026-04-29 23:30:00,0.2164799148682,8.33640377787116,18.5938793330677,6.65445511106076,474.441469205383,4.83220839483685,2
2026-04-29 23:45:00,0.213465914873067,7.43115377770703,19.2324175552636,6.25821488882503,474.03085958962,4.69030606453327,2
2026-04-30 00:00:00,0.2206151370826,7.91894422211591,19.2841706662127,5.808644222199,473.137789129299,4.81546540683415,2
2026-04-30 00:15:00,0.223786229679833,7.75507022200995,19.762983332915,5.46817177773447,474.654278747426,4.98327393199011,2
2026-04-30 00:30:00,0.2341676518906,8.90979200025554,20.634178221885,5.3165453333182,475.131743958403,5.06085810523722,2
2026-04-30 00:45:00,0.243995300031633,16.5466266654286,21.0782728885237,5.3256226666456,477.299807561826,5.03820466187387,2
2026-04-30 01:00:00,0.2370123037409,16.0760537765603,20.255270888502,5.5981284444348,479.089399362696,4.87765213824563,2
2026-04-30 01:15:00,0.2436014592851,16.1938213322087,19.69769222208,5.69646266666467,480.59319259635,4.90031528418052,2
2026-04-30 01:30:00,0.248262044465133,17.3395211102755,19.9196275554514,5.735493999998,485.584543912593,5.10186629785135,2
2026-04-30 01:45:00,0.2838790666896,15.9759802226197,20.1870335555354,5.51398022221057,493.008996306413,5.22027666960302,2
2026-04-30 02:00:00,0.2912812296558,24.1716928895106,21.5334804443563,5.11413355552354,501.23675045536,5.38181525485642,2
2026-04-30 02:15:00,0.2896084148548,24.3029851116477,21.4428468888703,5.13239488885744,495.382669011643,5.12360812016228,2
2026-04-30 02:30:00,0.258789748190767,25.5397244439077,20.0971628891257,5.38101333330593,495.902593847873,5.25964215625421,2
2026-04-30 02:45:00,0.253253251905333,24.2267622219796,20.5766639999567,5.47080466663777,492.241873511067,5.11449080586931,2
2026-04-30 03:00:00,0.235815425951,20.1268846663923,19.909712444379,5.92534399999096,487.804097607856,4.85455968651236,2
2026-04-30 03:15:00,0.232240211141067,17.6789748886373,19.353556444622,6.13242688887266,493.798021048953,4.78123797936898,2
2026-04-30 03:30:00,0.239423948182066,16.6300531107645,18.004273110833,6.10567622222193,485.710803983243,4.73878552188417,2
2026-04-30 03:45:00,0.244934570393567,17.513851999047,17.0027782217477,6.06961844444719,482.917327348186,4.82144603034556,2
2026-04-30 04:00:00,0.2530142518793,16.5570540002347,17.5595342219903,6.01903577777356,489.089994179027,4.83968987474823,2
2026-04-30 04:15:00,0.246196170401533,17.332211776944,18.2215848888394,5.97454244444456,487.56899391907,4.94306666905404,2
2026-04-30 04:30:00,0.237981518548667,16.5808693325914,18.4228788889164,6.04072866666756,487.343061340707,5.03950290020659,2
2026-04-30 04:45:00,0.241926355588833,16.4545362220362,18.7750620001464,5.9967864444365,486.154111433966,4.89965463587148,2
2026-04-30 05:00:00,0.223930937071733,14.2243535547681,18.278274666684,6.05072955553986,486.670518105806,4.85677717364993,2
2026-04-30 05:15:00,0.220087114851467,14.2233028881512,16.3202386660777,6.21142955554443,487.68724157451,4.5999959436162,2
2026-04-30 05:30:00,0.2237835074387,14.3876362212439,15.1785131105922,6.55007733334019,489.814860641293,4.39132211510873,2
2026-04-30 05:45:00,0.226715292629133,13.8031131100668,15.7163953326066,6.37413577778623,479.59908424357,4.37135052112062,2
2026-04-30 06:00:00,0.217640155592933,13.7310728878362,15.4080577771644,6.40231244444429,478.627120499753,4.40670551386496,2
2026-04-30 06:15:00,0.215670600033266,14.038595110129,15.368004443889,6.1594844444436,483.798744535457,4.33473581466098,2
2026-04-30 06:30:00,0.217561703741933,13.7874397767156,15.5809046660227,5.99657622223093,478.007723438373,4.39788188339637,2
2026-04-30 06:45:00,0.2261532852208,14.4828535547925,16.2243311105405,5.85848666668669,483.552518405907,4.59399361490471,2
2026-04-30 07:00:00,0.252569133368867,15.9467624449183,17.860912000248,5.60541911111073,486.36621822409,4.62684520782442,2
2026-04-30 07:15:00,0.2575835185696,20.166239555168,20.1612940002194,5.6730313332995,490.58487627872,4.88469919345859,2
2026-04-30 07:30:00,0.225329422261467,15.7083084447077,19.198832889001,5.95522822219746,484.55013499195,5.10877595969934,2
2026-04-30 07:45:00,0.262420059337433,24.6842435552816,22.035484444332,5.11688533328166,483.201691870756,6.23679736655347,2
2026-04-30 08:00:00,0.286073740729833,24.412778667411,23.9986144450167,4.91633644439863,484.26618731175,7.11062891725272,2
2026-04-30 08:15:00,0.251651659273466,16.303908444934,21.524387110668,5.53312355551313,482.463159051233,7.09186083525082,2
2026-04-30 08:30:00,0.266033977770267,20.8905673332457,21.6718519994153,5.6963673332819,480.0295413335,7.56649757607314,2
2026-04-30 08:45:00,0.307020911140133,24.7413613331154,24.4658544451097,4.94975733330397,480.564356124713,8.76581069009683,2
2026-04-30 09:00:00,0.312891696322533,24.784209110631,24.4060335560817,5.63713733330056,481.36341041042,8.57971809713888,2
2026-04-30 09:15:00,0.306438407416,23.500816445289,22.396090444121,6.67991777768623,493.07409605827,8.07391327806539,2
2026-04-30 09:30:00,0.233349325956333,16.4453124451347,18.3882315553763,8.24623266629676,470.710958749976,5.88871931226466,2
2026-04-30 09:45:00,0.217875459346333,15.9503575561064,17.1780175550538,9.09768844419087,469.27862728961,5.4789931987445,2
2026-04-30 10:00:00,0.181539177784933,8.64919711092983,12.4263648887786,15.5786159999964,457.29603578606,5.05533140814291,2
2026-04-30 10:15:00,0.1464040889797,6.48653577765386,7.17664288887753,20.205276888624,446.681886895506,4.53645747107255,2
2026-04-30 10:30:00,0.145016896366234,6.53179866674403,6.57143755553567,23.6913771109207,445.946673121883,4.35652597784546,2
2026-04-30 10:45:00,0.139392993780634,6.41877822220653,6.19345600006853,25.6362040000727,440.90177428459,4.32020145606468,2
2026-04-30 11:00:00,0.1559985222584,6.9093662223037,8.78692533342549,22.3213208888521,445.675581129429,4.43947719376693,2
2026-04-30 11:15:00,0.204872955621733,9.1119355553754,12.9875166663388,16.6199582220786,454.001151296803,4.45530455708349,2
2026-04-30 11:30:00,0.1431636963477,7.5009571115627,8.27072933363428,22.417620222665,445.310847171556,5.15973667673139,2
2026-04-30 11:45:00,0.143264440781767,2.69779377775883,6.52428422228827,25.6185875557267,438.803734268497,5.53367428517996,2
2026-04-30 12:00:00,0.137362971545633,7.28285288922333,6.5061102223624,26.6777059999683,439.925360312207,5.14494214534371,2
2026-04-30 12:15:00,0.1411101074574,6.7683395559906,5.70919288893893,31.1067687524893,435.79194347812,5.25928955594084,2
2026-04-30 12:30:00,0.1333113396278,1.85817377774417,4.49030099148344,32.6454166837883,434.98911474764,5.35201378733197,2
2026-04-30 12:45:00,0.137463085198367,2.07554311105714,4.5834692991764,32.1425081367467,435.600340333394,5.3515402782008,2
2026-04-30 13:00:00,0.140316200013467,6.45617733333436,5.15721834192824,31.8396804104524,434.684314428224,4.79066892858145,2
2026-04-30 13:15:00,0.136934089478267,6.17219533328983,4.11841752138934,35.5778330937557,433.334438694484,4.71231704415854,2
2026-04-30 13:30:00,0.135657620473033,6.04125577771956,2.53702405131657,37.2096466668777,432.420479465874,4.16679005280617,2
2026-04-30 13:45:00,0.135653973260633,5.97274133373366,3.85968439319067,36.5038139138773,431.91192607095,4.40342462555081,2
2026-04-30 14:00:00,0.133866241927533,6.09951333376636,4.0316189230748,35.180521196377,431.939039942917,4.9053653019299,2
2026-04-30 14:15:00,0.139801177820867,6.39553044463667,4.10003755558384,36.7875499994177,434.400892311167,4.38291162087623,2
2026-04-30 14:30:00,0.1376051703769,7.1672655558974,3.71396890602237,37.1368985556901,433.082680073624,4.45277572080992,2
2026-04-30 14:45:00,0.135578227367533,7.00299577828777,3.54964705984957,37.8599888335811,432.199460425993,4.33570884037034,2
2026-04-30 15:00:00,0.137997422254033,7.00219288885517,4.1860055726605,35.1404377093473,431.968027870257,4.25549083005445,2
2026-04-30 15:15:00,0.135850406290867,6.41835155601183,3.98260979489923,36.1580574403687,431.797264336074,4.1447045117747,2
2026-04-30 15:30:00,0.131260136500567,1.28895922217677,2.2122910598134,40.722094444537,430.275895055393,4.18013117314246,2
2026-04-30 15:45:00,0.131474391474067,2.35189333324157,3.26070401710167,40.0420926668591,431.263775450037,4.14623705401643,2
2026-04-30 16:00:00,0.130969940739667,1.37726555550457,2.2376862392962,42.2655079995027,430.503921966493,4.24203333679132,2
2026-04-30 16:15:00,0.129934725933167,1.37254222216487,2.09745422218777,43.329397110873,430.21897242039,4.50904248577834,2
2026-04-30 16:30:00,0.130884903714967,1.5456104443947,2.27046933328804,42.7607986664576,430.687231881704,4.55080411870885,2
2026-04-30 16:45:00,0.136130585210433,1.9186717776776,2.250940444423,41.145080221914,430.383666923807,4.66475375163965,3
