date,CO,NO,NO2,O3,CO2,PM2_5,AQHI
2026-03-01 00:00:00,0.205875296239167,5.05299199993626,14.0464842226986,7.68896511106381,454.41671952944,6.44648682073441,2
2026-03-01 00:15:00,0.172831807461167,4.11700133328947,11.8809673336403,4.110323777827,457.492477506284,3.0009238621647,2
2026-03-01 00:30:00,0.187494659226933,4.16158933328453,12.2144537780808,2.65772169728702,458.01862187563,3.76823484636081,2
2026-03-01 00:45:00,0.170571555617933,4.92858288884723,12.3842946669157,7.5847102221992,455.89139210718,2.89329096946258,2
2026-03-01 01:00:00,0.188921718480733,4.29691711106743,12.3151866669241,3.39672911117167,457.767114013164,3.77033693145029,2
2026-03-01 01:15:00,0.199910851832067,3.27464644436147,12.7689071115059,3.48023600006117,458.546993029341,3.9149370373564,2
2026-03-01 01:30:00,0.209525437027234,5.0953424443861,13.2262897781299,1.69188561435109,458.249140173934,4.2381672154376,2
2026-03-01 01:45:00,0.1715542963531,6.0902466666498,12.4085073336424,9.3187228888231,450.998312342201,3.05945306935408,2
2026-03-01 02:00:00,0.152865651810234,4.25813444439007,10.5932815556494,19.3937175551834,445.355218893,2.01356471314889,2
2026-03-01 02:15:00,0.153103540698634,5.07830977778889,9.89723244443364,16.5894471110551,446.186954497297,2.07539313944217,2
2026-03-01 02:30:00,0.154798955502067,6.27751822225023,10.8095302225001,11.5684337778477,453.163252039863,2.12521219675483,2
2026-03-01 02:45:00,0.153598577724,6.06312355559776,10.780203333269,15.4491951111266,449.548089902107,2.15983313908159,2
2026-03-01 03:00:00,0.148787740703033,5.97063866671296,10.1863755554874,19.4936197774462,447.123713174307,2.18997429116453,2
2026-03-01 03:15:00,0.1524999110732,5.33039266666709,10.6490082223711,12.9110362223163,448.790130236084,2.20025461733915,2
2026-03-01 03:30:00,0.154643770306334,5.21718155551909,11.405748444559,9.12431955545074,455.050942335853,2.22400397986009,2
2026-03-01 03:45:00,0.151235340697033,5.9241904444904,10.5285617776952,19.7405666664524,448.09458777064,2.16220478207125,2
2026-03-01 04:00:00,0.151586392557534,5.9662113333751,10.1698206665298,19.0826942219277,446.598529180677,2.19138842315435,2
2026-03-01 04:15:00,0.145277451816333,5.35734444445283,9.81268466655604,19.8204599997088,444.896636533567,2.18557454283055,2
2026-03-01 04:30:00,0.149566303671633,5.39090422223076,10.5204319998645,17.515422666422,446.553463139171,2.24652758311814,2
2026-03-01 04:45:00,0.1562222369695,5.12639644440606,12.0880862224918,7.67845199972756,454.94175417047,2.12028523918196,2
2026-03-01 05:00:00,0.153917548084334,5.25549511109112,11.5570088889765,14.5052535555605,451.817373401927,2.19294067310268,2
2026-03-01 05:15:00,0.153399896237567,6.02246444449366,11.2680262222293,18.3985448888895,450.15147407469,2.09673394487075,2
2026-03-01 05:30:00,0.148283170328467,5.29144088888533,9.87486311109131,20.6617002220239,448.283231319041,2.11960670038942,2
2026-03-01 05:45:00,0.152451474026767,5.2580351111358,10.4768806666419,17.1970408888106,447.744749973887,2.17729815723178,2
2026-03-01 06:00:00,0.152662399938967,4.50072644438673,12.4440191117215,15.4083131110933,448.874065009784,2.09898591004181,2
2026-03-01 06:15:00,0.157317829564134,5.32788044442563,10.9184493333226,15.2927906666427,448.213824634481,2.07479447715894,2
2026-03-01 06:30:00,0.153296066607833,5.21819333330096,11.6273468892546,16.8474891111815,448.63087031082,2.05798414835527,2
2026-03-01 06:45:00,0.153107599930534,3.56946444436044,12.8223391117628,15.4197660000576,449.037026908567,2.01374329250142,2
2026-03-01 07:00:00,0.152877851799534,5.9756137778209,12.0193546671042,18.8683768887291,448.311657665564,2.08725454361755,2
2026-03-01 07:15:00,0.1521461332845,5.34568933331713,12.3226737783011,18.6700931108991,448.220494318031,2.16903991571217,2
2026-03-01 07:30:00,0.151478399964633,5.13445999998226,11.0438397779385,18.9236313330803,447.344403977571,2.14367292040672,2
2026-03-01 07:45:00,0.151204896249033,5.31345799999756,10.6845833332721,17.6405179997922,447.315014244881,2.15602618873356,2
2026-03-01 08:00:00,0.149013659227567,5.36184044445276,10.5651388888131,18.9381422219481,448.035784809707,2.16148275251597,2
2026-03-01 08:15:00,0.1481879999731,4.3737871110575,10.5185833332215,18.7157431107935,446.039860123827,2.32432961328746,2
2026-03-01 08:30:00,0.1455825629372,5.58238911110862,9.86279911107994,19.1617919996782,445.168079385603,2.47340514942386,2
2026-03-01 08:45:00,0.140292962972833,5.98315888892763,10.1378771111009,14.5459939999979,447.337308565907,2.57281788885597,2
2026-03-01 09:00:00,0.141780481507233,6.66100911121793,9.92128422216616,12.4348926664442,450.368036812333,2.70121456853604,2
2026-03-01 09:15:00,0.1395848148309,6.27886577785633,8.60063244437071,14.4315764442097,450.02778122093,2.66553862770316,2
2026-03-01 09:30:00,0.140212807428033,5.97976777787643,8.54365755546117,15.954577333342,449.909877447083,2.58006935308503,2
2026-03-01 09:45:00,0.138508274100167,5.92371488893146,8.79752799981887,15.695529333185,448.615867356663,2.56774779732435,2
2026-03-01 10:00:00,0.1338573629773,5.9773422222442,9.69378799988854,16.8696617774586,448.506421094787,2.57955190778677,2
2026-03-01 10:15:00,0.129044148164767,5.52673866670993,9.56532799986857,20.4932431112282,448.372077520817,2.58563913634266,2
2026-03-01 10:30:00,0.129652074088233,5.63195133333939,9.39118977755444,19.7617146666389,448.21925094188,2.63528445732211,2
2026-03-01 10:45:00,0.1339727111317,5.73959177778946,9.25110066639085,17.3206742221988,448.531814188813,2.66368911079429,2
2026-03-01 11:00:00,0.1335069185365,5.90708222222103,9.15066733308068,19.8371544446112,448.912967167927,2.72676877735481,2
2026-03-01 11:15:00,0.163597175947333,29.191430445012,22.1245648886335,9.50256199985077,460.317149311066,3.18117598108934,2
2026-03-01 11:30:00,0.1384856148516,5.85372355554953,10.522835999877,15.4804377778222,450.380563010887,2.69179314218828,2
2026-03-01 11:45:00,0.139316224080167,4.9558564444136,8.60694466640068,19.976198888753,448.283648996093,2.73007236650148,2
2026-03-01 12:00:00,0.128045517389167,5.71399044451813,8.18172355536158,19.9690751109378,448.543651956897,2.69211561456276,2
2026-03-01 12:15:00,0.1361183840915,6.0419286667174,9.35435155548986,15.8737873330764,448.760477223053,2.74254966009371,2
2026-03-01 12:30:00,0.137711558161367,6.39220000006097,10.0589468887375,15.0220426664376,448.746377205177,2.86647853847003,2
2026-03-01 12:45:00,0.1402318629905,6.43007088905077,10.2371066664377,15.1429206664577,448.750829486307,2.88940915130514,2
2026-03-01 13:00:00,0.137295780384933,6.1684577778564,10.291745777557,16.017601555302,448.0730252021,2.76011607755292,2
2026-03-01 13:15:00,0.128326309977333,5.35251422225137,9.6935295554068,19.5566413332624,448.916306179356,2.82415588589527,2
2026-03-01 13:30:00,0.137765680325567,5.99361355561,15.464813333233,18.7608373333461,448.677509861156,2.88267395046428,2
2026-03-01 13:45:00,0.134938088041,5.63612377776787,11.440974666552,18.0832084440995,447.179140560843,2.87540690838947,2
2026-03-01 14:00:00,0.137058445613767,5.67873533331439,10.1877026664231,16.3395006663392,446.95297834231,2.9767626546854,2
2026-03-01 14:15:00,0.140452237077167,5.67313577776976,9.08108466638334,15.7527713329853,447.780865565663,3.02079646505891,2
2026-03-01 14:30:00,0.1327353874532,4.33051799998257,7.66290111089581,18.6189099996279,447.817539878103,3.10997996036395,2
2026-03-01 14:45:00,0.1325098723624,3.3299120000016,7.58247355538744,20.686637110873,446.80869041034,3.01193311468658,2
2026-03-01 15:00:00,0.1501382704309,4.67122733327504,9.19921555539647,20.4665864446413,447.15929410683,3.16994181357755,2
2026-03-01 15:15:00,0.1391945444606,5.57026133333136,10.2783562219224,17.3511924441885,447.045071060384,2.94996783098652,2
2026-03-01 15:30:00,0.1402760703938,5.70555422220369,12.880900222349,15.4271591107523,447.067393259517,2.81754410763885,2
2026-03-01 15:45:00,0.1393301551427,4.05924688882453,11.1295204441859,20.7736415553403,445.980160449383,2.87617723628253,2
2026-03-01 16:00:00,0.1676615073849,6.08252000003336,16.967758666409,18.8669713333075,446.70794976046,3.5968463362542,2
2026-03-01 16:15:00,0.208897285227633,5.59456022215373,20.115828888066,15.4648964453932,449.652192524813,3.64906278551161,2
2026-03-01 16:30:00,0.1837079037503,6.81351844449393,25.128859778057,7.79725799984313,449.904236441327,6.00851576222911,2
2026-03-01 16:45:00,0.1642293592529,7.23738577808573,28.4586274488506,7.25354466658756,450.209090631807,3.26426164851483,2
2026-03-01 17:00:00,0.157133033315233,6.85257977796367,27.6282723392563,7.34346933314242,448.852739785563,3.23032708588288,2
2026-03-01 17:15:00,0.1880583926337,4.15994444441423,24.9438493334377,6.56563111105261,447.43877576113,3.3419734638784,2
2026-03-01 17:30:00,0.2221901185238,4.17321400000887,23.632061111134,7.02661133328776,447.984961214603,3.52075520974523,2
2026-03-01 17:45:00,0.185462540724933,2.08424844447087,21.8277171109287,8.03391533331836,446.089889656807,3.51573093809263,2
2026-03-01 18:00:00,0.1998198814956,1.8914091111945,21.819803333195,6.31180911104101,448.294477888864,3.69529830618217,2
2026-03-01 18:15:00,0.212635455577933,1.98271577785566,21.3600904438617,6.49669377772193,446.921263610883,4.59596696092749,3
2026-03-01 18:30:00,0.211398274085466,2.01973755559013,20.122293332741,7.11468533326187,448.188490906597,4.26340886870696,3
2026-03-01 18:45:00,0.219627533328233,2.33670488890727,19.794637777402,7.51354244451474,450.453797761864,4.66841363996497,3
2026-03-01 19:00:00,0.243107866628833,2.78933111110443,19.627815999657,6.27953933337401,452.628244534111,4.44873536753868,3
2026-03-01 19:15:00,0.223888118485133,3.4213806666562,20.3727719998793,6.24054577780917,452.783253881457,4.88378109246152,2
2026-03-01 19:30:00,0.233902918530767,2.95688844443536,18.3941602226053,6.74109800006287,452.388378313377,5.02776932508621,2
2026-03-01 19:45:00,0.223522059287,3.43311822223063,19.0421873335803,5.88762422222507,453.233411262917,4.96221107838971,2
2026-03-01 20:00:00,0.2283938333795,3.26467288889353,18.8238862224533,6.40519266663461,452.391971716721,4.48541758533019,2
2026-03-01 20:15:00,0.230452318532733,3.5191955555305,16.889175778732,5.24545288886291,453.115524649647,4.26512125356227,2
2026-03-01 20:30:00,0.231323000000133,3.60498355551973,15.2621371114476,6.08021266661354,454.745911188144,5.39256346548353,2
2026-03-01 20:45:00,0.1917138518046,3.1729104443965,14.8162042230584,7.71653333340031,452.756252306951,4.31659003372771,2
2026-03-01 21:00:00,0.229694029660033,3.3025731110948,14.8076951114341,5.22687888885877,459.00813080171,4.33291299375765,2
2026-03-01 21:15:00,0.204550451805967,3.03752111108276,13.9273731116391,7.6430560000665,453.666162394164,4.31037755620599,2
2026-03-01 21:30:00,0.170076111182167,2.86204399998413,13.4819975558652,7.81631822225607,452.419613029004,3.04911588448237,2
2026-03-01 21:45:00,0.166139725937733,3.279995777737,13.3288742227467,8.60910688892962,452.641249358187,2.69539190350557,2
2026-03-01 22:00:00,0.156996029580334,3.29980822216876,14.1562711119823,14.304684444445,450.650021675087,2.2579962305974,2
2026-03-01 22:15:00,0.1578981036642,3.24985333328113,12.522496222416,9.54392888886171,450.293391326767,2.53573267590432,2
2026-03-01 22:30:00,0.1594350962401,3.22188199995727,12.5746677781048,8.08077555551834,452.450210843351,2.61007493305035,2
2026-03-01 22:45:00,0.1582497851433,3.22151177774123,12.4311008891655,9.02281888890592,452.460170630874,2.63051359648628,2
2026-03-01 23:00:00,0.1568733999666,3.3998137777248,13.3117726672212,13.8544397778944,450.98371937192,2.22745736972669,2
2026-03-01 23:15:00,0.155220874057634,2.85467822218143,11.8288215554405,15.4086308887326,447.937924398764,2.16514019098653,2
2026-03-01 23:30:00,0.1553071999726,4.8585806666453,12.4006364445704,12.7314006667587,448.819955451591,2.23366194490768,2
2026-03-01 23:45:00,0.156139481460367,4.9007591110597,11.8863668889477,12.7228828889956,448.811672116234,2.13159669998879,2
2026-03-02 00:00:00,0.156191088852234,3.447291333231,12.5773133335779,10.8981577777506,449.337320229347,2.10085380190492,2
2026-03-02 00:15:00,0.154896281453567,4.1361051110574,12.3981944446087,10.7009597777546,448.932890081958,2.09924524332829,2
2026-03-02 00:30:00,0.154036259228767,2.9921506665771,12.3947022223421,11.8444560000501,448.805615227921,2.13370804763413,2
2026-03-02 00:45:00,0.153872437014734,3.2310808887942,12.1264902223459,11.4604026666652,449.014907139334,2.15345747520525,2
2026-03-02 01:00:00,0.156231703675167,4.8277926666057,11.9399200002038,8.93927688880234,450.259600548437,2.0927679808192,2
2026-03-02 01:15:00,0.154543555515534,4.91079133327659,12.415708666789,12.8384620001003,447.195569196714,2.14036758540589,2
2026-03-02 01:30:00,0.1550273777461,4.8341146666107,12.4505222223425,12.1424642223735,448.323708638034,2.13999796061109,2
2026-03-02 01:45:00,0.156457125899867,4.24642599994443,11.8702124446779,8.90556244437025,454.348253878217,1.9844263119172,2
2026-03-02 02:00:00,0.158768636997,5.1932686666239,11.8594415557573,6.6343077777373,458.749129240924,1.98798793709597,2
2026-03-02 02:15:00,0.1587114814446,3.75925288881707,12.4557257780793,7.07782866664793,459.061358382824,1.9387762329177,2
2026-03-02 02:30:00,0.157946051819067,3.74614577769937,11.5546297781375,8.55289511114429,458.6579437468,2.22914695233411,2
2026-03-02 02:45:00,0.157305177738067,3.73806444435623,12.5529180003784,9.33359933341708,456.55538119963,2.07327835142465,2
2026-03-02 03:00:00,0.1581434147844,4.24536555551113,11.8068775557775,7.2815013332587,458.60009419015,2.26611632155842,2
2026-03-02 03:15:00,0.1582746444134,3.6827986665941,11.1920606669473,6.36238111106943,457.747283481744,2.40512132024078,2
2026-03-02 03:30:00,0.158028607375867,4.86998066660366,11.392329111436,7.40179355549522,458.138138966904,2.36840748418796,2
2026-03-02 03:45:00,0.158105999962367,4.91050888881776,12.3722475558203,7.55582533334083,459.117584036187,2.30475000688104,2
2026-03-02 04:00:00,0.158997925891267,4.84303133327307,11.7974886668892,6.84364155553393,458.617462099904,2.13298764238107,2
2026-03-02 04:15:00,0.1610760814536,3.6811388888034,11.2821993335988,3.28538844453083,458.033302873963,2.40121644562934,1
2026-03-02 04:30:00,0.160155918475467,4.3077066666377,10.7682675557714,6.56801755550293,456.516614496667,2.29457156584457,1
2026-03-02 04:45:00,0.1622265999722,5.01102088883339,10.7350593335086,3.92920155562663,455.840038250797,2.49214628795816,1
2026-03-02 05:00:00,0.159577837001734,3.94028822215657,11.6056660003263,5.64044111107656,457.710768780437,2.04661075204675,1
2026-03-02 05:15:00,0.1611348444166,4.37929466662413,10.8871122224571,2.11834840116836,456.972720183497,2.22127955264683,1
2026-03-02 05:30:00,0.160770311071267,4.95918666662473,10.4867933335835,4.0476444444974,456.117766339687,2.36293859158819,1
2026-03-02 05:45:00,0.158752459221534,5.03763199994743,10.7462946669161,6.20986133329433,456.92909358003,2.1055785064889,1
2026-03-02 06:00:00,0.161440333302734,5.59845711105749,10.71182200019,1.80220220824408,456.438488282717,2.10839689794973,1
2026-03-02 06:15:00,0.158020274039967,4.97168199994483,11.1981840002784,7.36817177775639,458.197173333797,1.97427898103227,1
2026-03-02 06:30:00,0.164648414780133,6.20622199986646,11.4608066669727,4.50949555554594,457.193223966707,3.15885905280346,1
2026-03-02 06:45:00,0.162889118486234,5.01723955551643,10.9585486668998,5.1941111111001,456.51372697006,5.10794013643773,1
2026-03-02 07:00:00,0.165264118482267,6.02694288878543,11.7011000003124,4.52708933332347,457.37380052231,3.86987578253277,1
2026-03-02 07:15:00,0.1625843999626,6.0255553332468,10.8426604446434,6.64974477771739,457.05210376899,2.19636969410709,1
2026-03-02 07:30:00,0.165404199960367,6.24101133322726,11.4901566669231,4.52059066665607,457.490538908603,3.23768508520326,1
2026-03-02 07:45:00,0.179480925940433,6.39236822220229,13.0599202225403,4.4473464444642,457.627130896983,3.1015107722883,1
2026-03-02 08:00:00,0.173946340773767,6.22252333324443,12.053622667013,9.77474700025817,456.37492217161,2.34839989347777,1
2026-03-02 08:15:00,0.193864311086633,6.95899044454317,12.6271400003831,4.32470896934677,467.784997467403,2.54636123713536,1
2026-03-02 08:30:00,0.174242851833167,8.80046622219799,10.9956222224213,6.39868266646606,467.606462006863,2.72503732255952,1
2026-03-02 08:45:00,0.1739752814642,8.85585400002029,10.881916667075,3.58357955555641,463.875719199357,2.68176892382511,1
2026-03-02 09:00:00,0.157001903663767,8.70897777777656,9.94124355614174,5.27794622223314,463.326466074093,2.62074786344585,1
2026-03-02 09:15:00,0.161491792559933,9.98783755593863,10.9243473335424,3.98995399993393,464.15951178547,2.76548518390731,1
2026-03-02 09:30:00,0.163022888883067,8.88797555555439,10.5746673337118,5.5744017777367,461.44643133304,3.70258595901175,1
2026-03-02 09:45:00,0.164907351834433,6.5779771111758,10.211271111388,8.17092022199053,454.989736601163,3.87505282807643,1
2026-03-02 10:00:00,0.231380903742333,12.5713082219518,13.7214562217501,8.83985577751813,463.905945272053,4.27150443221619,1
2026-03-02 10:15:00,0.286099507395567,13.9305773335685,15.8979715552567,8.94455688873543,467.761533740367,4.09178884624866,1
2026-03-02 10:30:00,0.234190844511,14.0135260000011,14.9313555553204,8.70189711105851,467.893497257649,3.73937915360514,2
2026-03-02 10:45:00,0.188938563017834,9.60046666647532,12.0870315555762,11.3402155554794,463.65544052583,3.59280410828996,2
2026-03-02 11:00:00,0.161105764156067,8.0844137776966,9.8490164445485,15.6223700000956,458.235419778137,4.0580346848139,2
2026-03-02 11:15:00,0.168058855624067,9.71706444446205,11.9910697777369,13.0129035555369,460.6256551914,4.51656837426428,2
2026-03-02 11:30:00,0.188600396345733,10.0757428889068,14.4648075555051,12.2502804443192,466.951067165027,4.9390170588907,2
2026-03-02 11:45:00,0.216421666695867,13.8266379999487,17.2797015549402,9.52351577763873,473.91472554752,5.57956644466202,2
2026-03-02 12:00:00,0.226489125951067,15.6504471115735,17.6461246662838,9.64622933313273,474.74699976773,6.50901850196902,2
2026-03-02 12:15:00,0.225920777811367,15.3586555559252,18.1157735552378,9.58596488869127,474.201714249913,6.59897910574272,2
2026-03-02 12:30:00,0.214252222268433,15.6718937781293,18.5929075553313,9.8391777777036,473.955006073173,7.18674202109494,2
2026-03-02 12:45:00,0.215158722255833,15.6682764448075,18.5017873331517,10.0207424443254,473.467747544113,6.85645215915261,2
2026-03-02 13:00:00,0.207198418542333,13.7835940000298,19.2160626667596,9.81005066651427,470.608054043187,7.08565378677995,2
2026-03-02 13:15:00,0.1982892444612,11.0223826665034,16.7193524435762,11.5446555552415,470.427093676934,6.88664891201958,2
2026-03-02 13:30:00,0.190221155545767,9.84997688879899,15.566643554888,11.4726215553609,468.743145592257,6.79972916896513,2
2026-03-02 13:45:00,0.195503740740333,10.9423066667313,18.6112135555586,10.6014211109717,468.77359628569,6.53264433528938,2
2026-03-02 14:00:00,0.170532863033933,8.06952666687914,13.980928666529,12.1242935552709,458.968033270657,6.90666320655653,2
2026-03-02 14:15:00,0.168964255615733,8.01957688904163,13.6660091109358,12.026386888468,456.418260204023,5.56721329602762,2
2026-03-02 14:30:00,0.1625825296957,7.04613755563187,12.1632668889595,14.3117339999898,453.590574852313,5.28833718622012,2
2026-03-02 14:45:00,0.1590236482112,6.3283497778233,11.4181453333718,14.0023497773975,452.94084840856,5.17870339755093,2
2026-03-02 15:00:00,0.183703340736967,9.93845288882645,15.3499302217575,11.4822508885231,461.136957114047,5.46234275221095,2
2026-03-02 15:15:00,0.194399092590033,14.9114568893239,18.8223437776279,10.4872746662253,459.816760164123,5.39165321794626,2
2026-03-02 15:30:00,0.1832428518497,8.12407622241233,15.2795255552657,11.2971253329213,457.932729097526,5.17440677642818,2
2026-03-02 15:45:00,0.185797640700533,8.0716695556181,15.9011582220773,11.9226293329457,458.206772498867,5.70916184195869,2
2026-03-02 16:00:00,0.216148011122133,7.83453044449157,19.924457332994,8.26122222207569,449.776440580207,5.1143670154741,2
2026-03-02 16:15:00,0.211185170401966,8.62093866680756,22.439209999921,5.9499279999331,451.436641730763,4.52509102379329,2
2026-03-02 16:30:00,0.2210213777986,6.29955777786383,21.0145711107803,6.6845942221104,451.265833122787,4.65654962761337,2
2026-03-02 16:45:00,0.194611181527533,5.8307626666251,19.8028962219287,7.34629022206505,450.01393875669,4.73005989764844,2
2026-03-02 17:00:00,0.1961887593037,5.73239355551143,19.3994775552547,7.970076888773,451.533052166583,4.8709410805196,2
2026-03-02 17:15:00,0.245262162958667,5.36639844436637,20.590218443978,6.48638288879994,451.539303783463,7.26481747241305,2
2026-03-02 17:30:00,0.274097570430433,9.4860291112503,25.4374902221253,3.36054887437252,458.707106553737,5.35120364273564,2
2026-03-02 17:45:00,0.251694325923233,4.26269177776353,25.6430995553726,3.71103555552503,462.90600144434,4.1481766978337,2
2026-03-02 18:00:00,0.257807296287567,4.20858422223024,23.8925617777783,2.46119389356906,464.00846880016,4.4306698625735,2
2026-03-02 18:15:00,0.252265374098867,3.3543593332982,21.9066062226223,1.2921832425222,465.542473680926,5.2645515988224,2
2026-03-02 18:30:00,0.245782411139733,3.25785088887133,20.0549713338787,3.63135911112983,464.024505642877,4.67325775832418,2
2026-03-02 18:45:00,0.221022644406066,3.1056713333473,19.4288426666863,6.25850922215684,462.86040339451,4.04204711934459,2
2026-03-02 19:00:00,0.215650692559466,3.39718444445883,20.950473555693,5.97047999999241,462.44619279515,3.71514232484257,2
2026-03-02 19:15:00,0.214932659250833,3.70302599996303,21.5980555559167,5.23867288884794,462.30235523179,3.75172960565918,2
2026-03-02 19:30:00,0.219395340699866,3.3830053333462,19.9075600000993,6.22242511105864,463.482936605023,4.60099647498145,2
2026-03-02 19:45:00,0.219261474020533,3.33722577777356,19.9337546666,5.77752577776274,463.31699830363,5.42513418124943,2
2026-03-02 20:00:00,0.221139103738733,3.50939999998043,19.747436222236,7.21937155550893,462.237125374474,4.35845348964293,2
2026-03-02 20:15:00,0.220823088858766,3.95438866659413,18.5669915558866,3.96315022225856,464.087644068627,4.1889784011751,2
2026-03-02 20:30:00,0.225469107373166,3.93223799994606,19.835625111193,4.39063822224316,462.591615793517,4.41461946759151,2
2026-03-02 20:45:00,0.223954959226433,4.05093711108147,20.042774889312,5.2052079999995,463.576594145937,5.57586981337699,2
2026-03-02 21:00:00,0.213137740767867,4.39405777775677,19.893611333266,5.4138608888366,462.249583699354,4.85872661422408,2
2026-03-02 21:15:00,0.220049537043833,4.03280711104453,20.3373037780916,2.00425208872587,462.90353368289,4.45362486968481,2
2026-03-02 21:30:00,0.222438255596333,4.63019977775733,18.739349333763,1.12894602726853,460.827156086404,6.02965833307534,2
2026-03-02 21:45:00,0.2398159074219,3.89075977770873,17.8109640005927,1.52222971144798,462.257853156124,7.27195558654927,2
2026-03-02 22:00:00,0.223803207437133,3.68395599999303,20.131052444609,6.18369911106093,461.167874125443,5.38050024562216,2
2026-03-02 22:15:00,0.2236233852472,3.64606177770937,17.5535142227331,2.114488635828,464.541402951563,5.06150657048818,2
2026-03-02 22:30:00,0.204916674070934,5.03773555552509,19.8227124442534,0.965608912740894,463.795485420727,4.67543416996989,2
2026-03-02 22:45:00,0.1821731703436,4.18786622220453,18.7988035554177,5.2555319999574,461.097931884637,4.14064378334276,2
2026-03-02 23:00:00,0.208325896266533,4.88367911105316,14.0952444448786,2.83684729617169,461.44653319352,4.36033341073686,2
2026-03-02 23:15:00,0.227047703746733,3.9950739999405,14.5699620001359,1.2546226032769,459.445018707124,5.96352167587812,2
2026-03-02 23:30:00,0.199459770321733,4.33389444440943,14.5040191118727,3.7941464444981,459.389063710233,4.62817240687145,2
2026-03-02 23:45:00,0.184813607355533,6.3792533333157,19.497169333267,1.03912944331891,461.02428837973,3.91721011867471,2
2026-03-03 00:00:00,0.1711870741057,2.40601511109167,12.8903571114284,6.6398153333262,460.757931737706,3.68102270796468,2
2026-03-03 00:15:00,0.1987903407235,5.42002977773773,13.2561493336046,0.757516042173489,460.155844594683,4.88474369322134,2
2026-03-03 00:30:00,0.197859844391366,5.65408311106619,14.546696889636,1.81940473751051,462.789232792694,4.31654545113306,2
2026-03-03 00:45:00,0.192249681442733,4.91634377772933,13.2049008892573,4.60274977779477,461.2484621529,4.27254592220111,2
2026-03-03 01:00:00,0.1776370962262,4.81963111105353,12.4259673335535,3.12115228791832,460.86632929109,5.78010540470529,2
2026-03-03 01:15:00,0.168064348208933,2.31784933332547,12.1319151114276,7.48626466663463,460.654706043934,3.36671416853736,2
2026-03-03 01:30:00,0.159104659209367,4.89413822217406,11.1350235557615,6.53668944438593,459.656714205977,3.44973461664855,2
2026-03-03 01:45:00,0.160491044391167,4.7175937777268,11.8823713334286,5.98262166663844,459.290198744347,3.30899420673309,2
2026-03-03 02:00:00,0.154949429582767,5.23792999997053,10.8806680002252,6.5448919999238,459.27372154041,3.20491477156018,2
2026-03-03 02:15:00,0.1554137036337,5.88509088883509,11.0317151113541,6.44268599989814,460.51967271457,3.18892946469112,2
2026-03-03 02:30:00,0.157508185121567,5.96392399995539,10.2972635557761,6.6977573332167,459.439966194987,3.23182972514372,2
2026-03-03 02:45:00,0.154778103629767,5.81193377776983,10.2465326668856,7.75921488864916,458.92657852474,3.1768828163,1
2026-03-03 03:00:00,0.160442748074767,5.78461088886833,10.841631111402,5.8421571110585,460.292203786356,3.27801949722868,1
2026-03-03 03:15:00,0.160167333251733,5.09345511105123,10.9285622224991,6.50842533326257,459.370212045787,3.22155308286426,1
2026-03-03 03:30:00,0.155078140692667,4.78586888884257,11.1267982224068,6.7472262221166,460.796582994854,3.16073760773792,1
2026-03-03 03:45:00,0.154777014780134,2.30843511105473,11.2539928890595,7.25494244438423,458.891584153054,3.04470085236571,1
2026-03-03 04:00:00,0.154808385146134,3.9228664444131,11.0879675557698,7.35712888876076,460.026712244267,2.98353177170847,1
2026-03-03 04:15:00,0.154218155525467,2.23838844442477,11.2542531112606,8.5059386666265,460.075026682741,2.92315190979502,1
2026-03-03 04:30:00,0.156372311076067,4.7653073332866,11.6686326667806,6.92789422215327,459.187659131921,2.895018923814,1
2026-03-03 04:45:00,0.1550823258828,4.82866133327906,11.8784691112686,7.96065844448393,459.955400895941,3.04326464191555,1
2026-03-03 05:00:00,0.155058881444167,4.8698977777261,11.9163884446231,8.25102800002594,458.115154411267,2.87684683893004,1
2026-03-03 05:15:00,0.154280807374834,2.30326977774357,11.0111902224724,8.00624044434313,459.799200812927,2.85753250035311,1
2026-03-03 05:30:00,0.155122474038234,3.11195711104247,11.0912906668959,7.07237688884473,460.200762441767,2.97990980859525,1
2026-03-03 05:45:00,0.1587396517827,4.83230177773499,17.6790037781089,3.84672888894144,460.51672276953,3.51604636411432,2
2026-03-03 06:00:00,0.1567877999428,4.80638866661746,12.3099011111996,2.4606957022767,460.63867892943,3.21413436291448,1
2026-03-03 06:15:00,0.167556385194167,5.80316266660553,15.5130553338913,4.4052066667196,460.482717395303,4.00942464471982,2
2026-03-03 06:30:00,0.1736507111432,5.2073122222064,12.6749433333591,1.41453531525195,460.567159696713,3.65700923577251,2
2026-03-03 06:45:00,0.1590723110565,6.10570622205183,12.0069784442911,0.684571694708833,459.97260602792,3.21149114750029,1
2026-03-03 07:00:00,0.164555422178234,6.05866222205733,12.134191777722,1.01393352732407,458.540388604887,3.34656692810138,1
2026-03-03 07:15:00,0.171786918544,2.92047088880387,13.8559157785274,4.61504844451113,460.961333688596,4.36927288528689,1
2026-03-03 07:30:00,0.170774992638333,4.16351688885653,12.2628620000949,6.76217911107167,460.102321742207,4.47461014793438,1
2026-03-03 07:45:00,0.212906922276533,4.04361155551317,16.0926082230057,6.75600066661027,463.11428746902,5.95002285520219,2
2026-03-03 08:00:00,0.1740027110608,3.22397422218273,15.1899584450805,10.5478017780089,456.933747948663,5.41692142715926,2
2026-03-03 08:15:00,0.1580160073954,3.33108355550776,12.3061233334547,8.67951755563033,454.422455106297,4.80277142040392,2
2026-03-03 08:30:00,0.156967674076067,3.83381466658793,12.8099182222212,6.88841755554396,455.125870194696,4.41787093082161,2
2026-03-03 08:45:00,0.1548827407526,4.72432088886033,12.9258984444266,7.27481177768672,452.311946881766,4.25850228441594,2
2026-03-03 09:00:00,0.158981770372633,6.61187799984917,13.5642822223155,6.39034355553257,452.124448119376,4.17189326879992,2
2026-03-03 09:15:00,0.142789866664667,5.01705222216393,11.9149017775555,10.9811497780263,446.891479948737,3.74827374923137,2
2026-03-03 09:30:00,0.1400066000076,5.0838135555153,11.3445546664292,14.0288171112682,445.516221009643,3.68994969685882,2
2026-03-03 09:45:00,0.1378774148295,5.05445555550963,11.3455457777271,10.5285675555981,446.35792285281,3.65072502332165,2
2026-03-03 10:00:00,0.145088733363233,4.67762422218733,11.7871686664621,11.5238853334443,446.430675701367,3.64065332312545,2
2026-03-03 10:15:00,0.144838807438567,5.05945866660552,12.564983110818,10.2582748890434,447.71989246386,3.42926769957089,2
2026-03-03 10:30:00,0.139208125967867,5.0498248888396,11.8788377775153,12.7966117779907,446.79833547261,3.05012392008118,2
2026-03-03 10:45:00,0.138992540786067,5.41746711110793,11.8928475552414,14.1180335556319,446.89591873306,2.94194096789784,2
2026-03-03 11:00:00,0.139315274119333,4.64987911105813,12.0331119997332,13.1733988891908,447.334122544496,2.78540176663764,2
2026-03-03 11:15:00,0.1418168815091,6.08941488887083,12.165605333073,11.9399168891401,448.428136993513,2.89604870375922,2
2026-03-03 11:30:00,0.141477259292267,4.7527364443908,14.3730666669481,10.8111617777883,449.133020280093,2.90657309445455,2
2026-03-03 11:45:00,0.1406879111276,5.0626473333009,14.0330213336238,12.9034031113233,446.722271873963,2.7789284170892,2
2026-03-03 12:00:00,0.1390072444501,5.04532333329856,12.0285739997478,16.1803653333981,446.241179360273,2.57304495961269,2
2026-03-03 12:15:00,0.143481237071867,5.1126757777428,12.5585766664596,12.5884657779275,447.169841513293,2.53765153400679,2
2026-03-03 12:30:00,0.144028785221967,4.60411111108066,12.5409342220615,12.6742737778921,447.088337830616,2.93332281367263,2
2026-03-03 12:45:00,0.141810807454,4.0083482221442,12.1963859997359,12.7043120001588,447.229934192793,2.97330921744841,2
2026-03-03 13:00:00,0.1411523037495,4.6972335555149,12.344835333103,11.7512677778254,448.24317178168,2.87007383501323,2
2026-03-03 13:15:00,0.140816118561967,5.13026088883583,12.0931786664226,12.2165884446713,446.067452321486,2.96202283904897,2
2026-03-03 13:30:00,0.139892370415467,3.84419911102297,12.0200533330957,13.0735175558963,446.1815422238,3.34335183689567,2
2026-03-03 13:45:00,0.140477570417367,3.7020446665949,12.4139393331003,13.2087564446799,446.753669208956,2.65217966325643,2
2026-03-03 14:00:00,0.1448527778108,5.12108866661013,17.1744277775786,9.75190311111176,449.274542613479,2.94006646436383,2
2026-03-03 14:15:00,0.1472969555689,5.56076044443746,17.9795126663165,8.89689044441746,449.251183338196,3.29303449283866,2
2026-03-03 14:30:00,0.1479851703829,4.01120822215617,16.911251999832,10.8728999999378,448.404437054763,3.11291783935161,2
2026-03-03 14:45:00,0.146833133331633,5.18428955551056,16.7332166665251,9.96948933327886,449.242985868813,3.02113282916518,2
2026-03-03 15:00:00,0.146621940758867,5.13661533329483,17.4201091109615,10.2922284445738,447.428227606083,2.92203521217775,2
2026-03-03 15:15:00,0.146247607429234,4.91017911108573,18.117124221841,9.5614460000024,447.243292426573,2.81038680724171,2
2026-03-03 15:30:00,0.145921629656834,5.19508999994759,16.8193753331155,9.71665333333257,447.40689235404,2.44309133911382,2
2026-03-03 15:45:00,0.150643659264967,4.36278466663609,18.0637604441577,8.39557377779663,448.809935300007,2.44635768189381,2
2026-03-03 16:00:00,0.161231562946567,4.68453711105637,17.594233555377,8.21472933330133,450.1612916542,2.62666289440252,2
2026-03-03 16:15:00,0.1653544111018,5.25591244439596,15.7395831111721,10.0623546666728,448.15599294433,2.54517131961348,2
2026-03-03 16:30:00,0.146778777794233,4.21634155552286,17.9053744440166,10.6537331112249,447.80838940769,2.63620395948868,2
2026-03-03 16:45:00,0.1733322629679,4.7708857776984,18.0267446665383,8.3155373333857,450.377418017484,2.68219617987033,2
2026-03-03 17:00:00,0.168157448096033,4.34857866662526,17.6131231110265,9.15911600001907,452.62718593053,2.58912464300678,2
2026-03-03 17:15:00,0.1689377851502,4.3800906665976,18.4507924442597,9.03712444445363,453.34687168193,2.71921881422538,2
2026-03-03 17:30:00,0.146040992578067,3.27479133330736,17.8551455555411,10.5311246669289,452.8069106265,2.32015305841226,2
2026-03-03 17:45:00,0.148380155561867,3.48257866662609,18.5654799998726,8.99929400007731,453.40513960079,2.16685779691799,2
2026-03-03 18:00:00,0.141572399986267,3.77600199992153,16.1940655555217,15.865566666718,450.269674840634,1.8933940166723,2
2026-03-03 18:15:00,0.144777466664,3.58988311105766,16.3866804443559,13.7682277782498,450.822399034333,2.24270883242524,2
2026-03-03 18:30:00,0.1416765629543,3.6975575555064,12.6928664446198,13.2692575560735,449.64564511351,3.00032322501855,2
2026-03-03 18:45:00,0.142179762949734,4.13122622214443,14.0581426673362,9.7774008890409,450.543140542536,3.16484963769813,2
2026-03-03 19:00:00,0.1758308925691,5.20613777776053,16.2024631114563,6.47796333328583,457.49523135345,4.92923000669122,2
2026-03-03 19:15:00,0.170149155499433,4.12915688881853,18.2621282221487,5.33446888893709,456.945237577296,4.56472909311299,2
2026-03-03 19:30:00,0.183717392611067,7.47777044443347,19.01119288861,1.7200796453584,457.495806006623,6.4019776690119,2
2026-03-03 19:45:00,0.191369525925634,5.27284911107629,19.3526404442026,3.8809833334192,457.260853879503,7.94573050226765,2
2026-03-03 20:00:00,0.168149344401933,3.6848502221858,16.960414666686,6.66981199998366,457.050179639797,5.31677792669795,2
2026-03-03 20:15:00,0.153536207402933,3.6953346665964,16.7206431112912,9.41643688899047,453.58941758206,3.00039857407829,2
2026-03-03 20:30:00,0.155054496305967,3.49563711103356,13.0413411111701,7.33438577777369,455.51047838589,3.93371106903055,2
2026-03-03 20:45:00,0.1461634296089,4.1883902221692,11.8040991112793,7.71381777767835,456.69944247305,2.81139051906277,2
2026-03-03 21:00:00,0.153811133269634,4.1734564443894,11.7637766668248,7.65955799988172,456.88335318211,3.38533762673292,2
2026-03-03 21:15:00,0.1586463480707,6.44527444439463,17.2921337778643,6.47947577775677,455.31835974598,3.22475367220676,2
2026-03-03 21:30:00,0.1550970443575,3.21743488882236,14.497925556274,7.45785911106626,457.23140926394,2.28415627663038,2
2026-03-03 21:45:00,0.155122614741667,4.49007999997103,12.7229211113057,8.52755777779663,452.79798059669,1.9558425286179,2
2026-03-03 22:00:00,0.153745436984634,3.1530435554911,11.8422397779953,9.9819966666431,452.845810178973,2.32730887890406,2
2026-03-03 22:15:00,0.153345644387767,3.13234177774116,12.3025542222806,9.79191377790234,454.420208989137,2.01871094657734,2
2026-03-03 22:30:00,0.156913385097567,4.2206342221684,12.708714222384,7.95055466673603,458.694392889477,2.45012300493567,2
2026-03-03 22:45:00,0.1612244517614,5.71278022217253,19.2816457776133,-0.321324894857854,457.777399583623,2.91849784108434,2
2026-03-03 23:00:00,0.158055177685467,3.24894911106756,17.6030840000625,6.94541688886813,459.253286680366,3.18788547378966,2
2026-03-03 23:15:00,0.154823873997134,4.06190444438333,17.5935802223521,9.60795377794801,457.01470992104,2.43911187298392,2
2026-03-03 23:30:00,0.151474540707933,3.4928008888556,16.0643411113095,12.6202422227263,455.254088587217,2.59401907804809,2
2026-03-03 23:45:00,0.150414444408167,3.4573784443936,17.845788888887,11.5281964448194,455.073583987653,2.00762798447183,2
2026-03-04 00:00:00,0.1510627110462,4.24336933328126,13.4984384449795,13.1639311115966,454.62323351397,1.74262198999409,2
2026-03-04 00:15:00,0.152613592522667,4.95206111105686,12.6768735557453,12.0511033337406,454.065071789533,1.55963848491237,2
2026-03-04 00:30:00,0.153863355491634,5.01309022218666,12.6782753335103,11.5682113335212,452.594634298206,1.49810972043964,2
2026-03-04 00:45:00,0.154394436985567,4.93664844439456,12.3373557778062,13.819744889115,451.74496887363,1.55795471324266,2
2026-03-04 01:00:00,0.153809422168267,4.95743533330933,11.9146622221913,15.8111377778888,450.662186469843,1.50966347029268,2
2026-03-04 01:15:00,0.154647822167567,4.99523999995703,12.3508464445022,14.29209400021,451.017440640874,1.48640805391291,2
2026-03-04 01:30:00,0.1548433629039,5.00199088885456,12.6383508890981,13.1785126669957,450.330153056093,1.48793456065427,2
2026-03-04 01:45:00,0.154599555511434,5.01693955550083,12.3491468889002,13.5562082224418,450.310059967377,1.4874970123398,2
2026-03-04 02:00:00,0.154023622173233,5.04230777773009,11.786463333233,17.8206424443147,449.244314477963,1.50340852447373,2
2026-03-04 02:15:00,0.154240770319633,4.40439311107779,11.8878126665917,16.9001300001066,449.478358061653,1.47559327720495,2
2026-03-04 02:30:00,0.1534758147766,2.96408622215217,11.7850893331879,15.84787000005,448.688873353897,1.47925911308886,2
2026-03-04 02:45:00,0.153720999964767,2.55553599997407,12.0485997777663,12.651031555865,450.42598685414,1.46955550606353,2
2026-03-04 03:00:00,0.154200229597167,4.94013333328273,11.7101191111998,13.59154311125,450.85709718287,1.47766721089316,2
2026-03-04 03:15:00,0.153761896253567,3.41380888880756,11.8928462223753,9.8961031111402,453.501929445983,1.48142678567368,2
2026-03-04 03:30:00,0.1542424962526,4.205223333302,11.0875153336266,10.7906028890329,454.871858438143,1.48465285838956,2
2026-03-04 03:45:00,0.154716533293634,4.85510599994973,11.2398022224635,12.2668264450101,454.383897459506,1.44013473350532,2
2026-03-04 04:00:00,0.155441185137767,5.08821111105312,10.7205628891546,11.5556337781158,455.346907266194,1.42504906435969,2
2026-03-04 04:15:00,0.1550381999579,2.68311622219243,11.3055877780327,11.2481993336328,456.298057060653,1.41837050034592,2
2026-03-04 04:30:00,0.1560326221805,4.88648888884323,11.0643177780184,12.2355808893878,454.43611852877,1.43890015290258,2
2026-03-04 04:45:00,0.1534548444189,2.4331448888597,11.4889951112435,14.9216811114854,454.06580052827,1.4601278631577,2
2026-03-04 05:00:00,0.153326051823667,4.89844999994246,11.5653077776059,17.7392324444673,452.324729807803,1.44513836482064,2
2026-03-04 05:15:00,0.153195259223934,4.30733355551899,12.1319613333252,14.2507977779012,450.701453073557,1.43196822894473,2
2026-03-04 05:30:00,0.153490985149767,2.72610933326437,12.2062497778642,12.7570577780306,452.067587644097,1.43909937220865,2
2026-03-04 05:45:00,0.154716666605867,4.8583908888376,13.391663778327,9.7660004446238,455.973726643747,1.51226453744553,2
2026-03-04 06:00:00,0.154361318464333,4.08562177773723,12.601863333599,11.2347811115439,455.33258396284,1.42067739927974,2
2026-03-04 06:15:00,0.173875511070567,4.8141873332928,12.3067582225069,11.5579800003598,455.58868456645,1.42648519482952,2
2026-03-04 06:30:00,0.154637770340634,4.8421815554915,11.70250644457,11.9904557782643,454.678562507923,1.4475121676093,2
2026-03-04 06:45:00,0.153943074045867,4.82328333326806,11.6058722223661,13.435172000453,454.41644117146,1.45254535150674,2
2026-03-04 07:00:00,0.153642348116533,4.8520339999391,11.9446064445301,12.532566667052,453.897295898853,1.44745368463907,2
2026-03-04 07:15:00,0.1561250740122,5.92488622218193,16.9278760002476,7.95673822226756,459.746131578044,1.44691188397941,2
2026-03-04 07:30:00,0.159502748088833,6.31390422218193,18.8030071107347,6.5619331110929,460.636383551367,1.44156977350808,2
2026-03-04 07:45:00,0.156013592524767,4.88692288885093,13.4183460005107,6.9825359999933,461.452872465307,1.45152385787122,2
2026-03-04 08:00:00,0.1571143925344,4.22522755552717,12.3944844445449,6.79689088886453,460.759308154053,1.55092416883332,2
2026-03-04 08:15:00,0.155880044419367,4.82179311106976,11.2147155557587,9.19568377789469,459.52612893892,1.45413405953461,2
2026-03-04 08:30:00,0.155157666617,4.89343999995833,12.5926851113537,11.2571724448904,456.191756737713,1.48939773149361,2
2026-03-04 08:45:00,0.153133592562567,4.0718088888245,12.0511926666642,15.0121333333693,451.130297062143,1.52931430827954,2
2026-03-04 09:00:00,0.152682866639234,4.34624111106963,11.2597804443756,15.8266642222367,448.800823847117,1.56323288460332,2
2026-03-04 09:15:00,0.154929866621433,5.02694977772263,11.9166328890255,9.713447555486,449.21186956983,1.50329016821114,2
2026-03-04 09:30:00,0.155146459210734,3.7818148888178,10.6279033335302,9.04541444425823,449.33096145586,1.48377282906633,2
2026-03-04 09:45:00,0.1569701258637,5.5129388888279,11.8187646668998,6.3501786666147,453.187252258083,1.54300240926064,2
2026-03-04 10:00:00,0.158082881397667,6.4097799999393,12.5763908890297,6.12400088890367,457.77697793319,1.82592363618453,2
2026-03-04 10:15:00,0.173163725897867,5.98858733328427,11.6963971112462,8.18405711091003,451.593119191434,1.72978644400143,2
2026-03-04 10:30:00,0.155157325871467,6.15472866661073,11.1099760001981,7.73268955536983,451.49801952333,1.68405666538596,2
2026-03-04 10:45:00,0.155645792527667,4.84110133330423,11.0966960002021,7.11177666653983,451.522801694713,1.66566457403483,2
2026-03-04 11:00:00,0.150591962916533,5.53041399994706,10.4887000001584,7.02478733319906,449.392577563743,1.66242537175508,2
2026-03-04 11:15:00,0.1444105999698,5.25045088885973,10.1599257778683,7.17058511096747,447.901915557377,1.71601280358169,2
2026-03-04 11:30:00,0.1438128370174,6.1500022221343,10.024055777894,10.1929724441482,447.648383084324,1.77828907452311,1
2026-03-04 11:45:00,0.145297525910033,5.16580133331126,11.0311804445962,9.86819511102184,448.653965892887,1.76885603195255,1
2026-03-04 12:00:00,0.1432797111036,4.48393822219319,11.2274037779282,10.6942562220959,448.647583609943,1.76462049978065,1
2026-03-04 12:15:00,0.1427887481425,5.02532022219539,11.464300000112,10.7863104443516,448.311229509283,1.78041231087273,1
2026-03-04 12:30:00,0.1421213629507,3.73434977769417,10.7078342223094,9.50734155547393,448.571335120967,1.74529173492594,1
2026-03-04 12:45:00,0.152983474072433,6.5919573332393,12.0602491112156,7.00966355542296,450.823506453833,1.8780392328429,1
2026-03-04 13:00:00,0.155206681472967,7.33305777783974,15.5125164447223,3.73739044448313,454.174107939996,1.8428352247092,1
2026-03-04 13:15:00,0.148347548141033,6.58801644430617,12.2618422222599,4.8071128889375,454.270096821156,1.79226148628139,1
2026-03-04 13:30:00,0.144600992585433,6.43350866658597,11.8915708889733,6.64485533329236,453.785421977117,1.77275259208593,1
2026-03-04 13:45:00,0.145305237036567,4.977774666645,12.4278877778527,7.00466266659423,454.18813651701,1.78183623918639,1
2026-03-04 14:00:00,0.1423051407411,5.06786177774186,11.9249315556153,8.9189462222387,451.489765071277,5.14031038630131,1
2026-03-04 14:15:00,0.141144748145733,3.8638339999127,11.6514857778328,9.49253488881247,450.28479748621,1.98695324968025,2
2026-03-04 14:30:00,0.1431234222209,6.41706711095797,11.6701757777144,8.49527822225105,451.09208561262,3.49641060922083,2
2026-03-04 14:45:00,0.1423054518317,4.87395022218257,11.2901528890105,10.2198611111902,452.26754176178,1.98455110838997,2
2026-03-04 15:00:00,0.141513303701533,5.97821133323726,11.8214033333369,9.76323577789094,450.064177692703,1.89567215001943,2
2026-03-04 15:15:00,0.1421173629609,6.2107095554607,11.5349346665263,6.8562511109743,449.461960820366,2.0750463246496,2
2026-03-04 15:30:00,0.141044125926534,6.36913311097853,11.468501110977,6.73567888878233,449.51988144802,2.11954436554596,2
2026-03-04 15:45:00,0.140409207420934,4.97536044439493,10.818482888875,10.7982955557758,449.011707872153,2.05151234754142,2
2026-03-04 16:00:00,0.1394746296378,6.00176999990946,10.3868957777431,12.378329556002,446.5625184954,2.1051825468545,2
2026-03-04 16:15:00,0.1403234962855,5.00124466661699,10.5008037777573,11.921833333742,447.881673939926,1.97115669288476,2
2026-03-04 16:30:00,0.143570755544467,5.13217733328506,12.6245662221349,7.60514133326253,451.66095057783,2.12580437501097,2
2026-03-04 16:45:00,0.202269066714033,8.33575799997885,19.4009259998026,1.93617849485829,453.858816109687,2.30286674941218,2
2026-03-04 17:00:00,0.202852981525733,7.86105288864205,19.5067237778443,2.75969552764957,457.353276107243,3.00561469266695,2
2026-03-04 17:15:00,0.165279633312333,4.54457066664556,13.8482677782838,5.754226888905,458.071812776783,2.32493750720936,2
2026-03-04 17:30:00,0.165944311077933,3.8166213332515,17.2056288889596,5.6953466666958,458.56231401878,2.53503128978632,2
2026-03-04 17:45:00,0.193622066657867,3.6652515554775,18.9696735555693,1.66659805554406,460.31167520948,3.28015890284635,2
2026-03-04 18:00:00,0.192467511096234,5.037472222189,18.77144688905,2.26834192750854,460.831946240417,4.85723660824296,2
2026-03-04 18:15:00,0.238888562999867,8.63765844421654,17.8820104450034,1.62125269126951,461.29483287799,4.27605969553573,2
2026-03-04 18:30:00,0.2127638296327,4.12252999994967,17.1295435561732,6.71929399997329,462.010341973347,4.032519983162,2
2026-03-04 18:45:00,0.155317036972933,3.31687088884636,17.2920468885642,15.6980915557401,453.98888966754,2.99720377574486,2
2026-03-04 19:00:00,0.159388673988833,3.32824777774423,18.4836597772852,10.1002273335099,455.065524987403,3.09818992148964,2
2026-03-04 19:15:00,0.157908370282133,4.47461644442113,18.5334784442229,9.31432155573344,456.34688833437,3.57233572936576,2
2026-03-04 19:30:00,0.2653887408124,5.19448133331507,16.6865053340075,5.0777915555734,464.181116174073,5.94535232518024,2
2026-03-04 19:45:00,0.210992192669866,3.94812911103747,14.8835611113236,4.95689777781639,461.672219628383,10.9013966144093,2
2026-03-04 20:00:00,0.211893600072967,4.06641222214307,14.8093826670651,2.91599811270082,460.885924933003,10.0314224185949,2
2026-03-04 20:15:00,0.187608462956333,3.7560835554922,18.727516666264,5.32978333337026,460.16769170924,5.99167595547236,2
2026-03-04 20:30:00,0.1697653925717,3.4424097777161,18.520120444017,6.95181444442332,459.345479937483,3.88251850821156,2
2026-03-04 20:45:00,0.214218125928266,8.19684311073518,17.1069795558156,2.72379237516687,460.444964515347,4.44984772108499,2
2026-03-04 21:00:00,0.2113507334126,5.34709577774,15.9519784451405,3.5813942223201,460.62311716657,4.39256719647954,2
2026-03-04 21:15:00,0.1940283925867,4.68064066664663,17.6635560001016,6.50286200002843,459.942523356853,4.67404353965302,2
2026-03-04 21:30:00,0.169065125910767,4.5085877777551,17.8559073334591,8.0877964444555,459.097531702093,4.98229932759403,2
2026-03-04 21:45:00,0.171764007383833,4.36205666663843,14.0284957782877,5.16371733340666,458.95104466167,4.48203283517786,2
2026-03-04 22:00:00,0.1710302518288,3.56920622213517,15.5597366670846,4.20041488900127,459.167522697503,4.15264218683994,2
2026-03-04 22:15:00,0.1718033703544,3.00484488884227,13.0022837779131,4.82932666674453,458.739870754556,4.28782299880891,2
2026-03-04 22:30:00,0.1771124962384,4.48466288887783,16.3530891112463,6.66559466670016,459.42711787125,5.80907927928492,2
2026-03-04 22:45:00,0.1717111629422,3.09348488881083,14.1435113338751,7.18878088892863,459.053564334667,4.20959480786468,2
2026-03-04 23:00:00,0.154786925849534,3.09622711107039,13.2372100004849,14.000990000626,454.259623435296,3.1887762275696,2
2026-03-04 23:15:00,0.153926755485634,4.96532977772903,12.7422044447905,16.3089046669364,453.797741046267,2.1203496668302,2
2026-03-04 23:30:00,0.153339518467934,3.1101655555142,11.793762666667,15.3704433336368,453.203020792563,2.1997104041604,2
2026-03-04 23:45:00,0.153843414763467,4.9105824443734,11.8139311109735,18.9002939998728,452.444158661387,1.98672951156542,2
2026-03-05 00:00:00,0.153874711069033,4.85356444438143,11.7337155553735,19.8922751109343,452.28150292895,1.93037929928612,2
2026-03-05 00:15:00,0.153260770326933,4.92951199993546,11.7515444442759,20.7066768887472,452.052514897606,1.90659563768775,2
2026-03-05 00:30:00,0.153857444397333,5.2804782222088,11.7146446665128,20.2180353331252,452.025626223773,1.83898924781631,2
2026-03-05 00:45:00,0.153312644402867,4.95118488883646,11.7771913331982,20.5249884442186,453.208165742773,1.83757070093954,2
2026-03-05 01:00:00,0.151001681447333,4.77788644440377,10.7818966665949,21.5180655553605,453.212602212937,1.87486805006316,2
2026-03-05 01:15:00,0.152919962915467,3.48860355547533,11.7443495554468,20.3821868887159,453.326668802383,1.88949947857209,2
2026-03-05 01:30:00,0.153753385146,4.80351955549527,11.7321942220177,20.3093562218955,452.777431487343,1.88136381627915,2
2026-03-05 01:45:00,0.151124222167533,4.81190622214406,11.2226622222733,21.3579399997884,455.015059470607,1.89041110403933,2
2026-03-05 02:00:00,0.151006429555367,5.03089911107,9.92260266668079,23.3260651107291,447.372525484126,1.95473878999947,2
2026-03-05 02:15:00,0.150974748079667,5.0599273333133,9.75836599998239,23.7564371110201,447.250779328963,1.98683370227552,2
2026-03-05 02:30:00,0.1508822443692,4.27097355548593,9.77151177777506,23.7640764444281,447.80114955153,1.97283301917609,2
2026-03-05 02:45:00,0.148132688827533,5.56132688892649,9.26934422223323,25.1241368885792,444.41968292057,2.07790386727585,2
2026-03-05 03:00:00,0.144924540688867,5.26412000003977,9.28189355552737,24.3742433329511,444.33024652031,2.15371008148569,2
2026-03-05 03:15:00,0.142436762922633,5.81744244447236,9.24818888888537,24.1449195553328,444.931462939864,2.18096263854973,2
2026-03-05 03:30:00,0.144542940691867,5.8843473333578,9.25343444446643,24.589586666371,443.805608632334,2.16233076459505,2
2026-03-05 03:45:00,0.148776688816067,5.31852888886283,10.5033424448244,24.0148804443023,445.31389271718,2.06245771970943,2
2026-03-05 04:00:00,0.151217955487634,4.47696511104727,13.45353511145,23.655368000048,447.83571212774,2.0149406267405,2
2026-03-05 04:15:00,0.148945748073433,5.32169599995886,10.7977295559183,23.7409146664127,445.40090549673,2.03337080293569,2
2026-03-05 04:30:00,0.148598599931267,4.45932111104017,10.7141008893182,23.5904899998357,446.0615571218,2.05738734369601,2
2026-03-05 04:45:00,0.149583696240067,3.11369511103784,12.1304724448258,22.6146873334744,449.868328922467,2.01441533966133,2
2026-03-05 05:00:00,0.149829103646467,5.23414933334016,12.0916140004395,23.6015171111996,448.75609899064,2.00038617469842,2
2026-03-05 05:15:00,0.151684014754067,2.6262173332805,14.6123031112242,20.6750884445055,455.23719106496,1.95853038609537,2
2026-03-05 05:30:00,0.150763799941533,4.2111359999375,13.2134253337017,22.0474837778028,450.2361111224,1.97020638313045,2
2026-03-05 05:45:00,0.1498126814291,2.85118444436853,13.3917313336469,23.3686524444738,447.872043765193,1.97757807758724,2
2026-03-05 06:00:00,0.155060162907233,2.6425662221637,13.6671884447541,19.5034273332242,454.551331888693,1.90636766417466,2
2026-03-05 06:15:00,0.1552738443893,4.1677359999441,15.6757228888738,19.1121886665602,454.268607927983,1.87367646820884,2
2026-03-05 06:30:00,0.152817014759567,2.68599533328473,13.5128084448233,21.9104811110201,449.014541972853,1.91089211265652,2
2026-03-05 06:45:00,0.150173125857,5.11876755552463,10.7098824443633,21.0537086667004,456.001324565907,2.24523876561937,2
2026-03-05 07:00:00,0.146434370325467,5.24259666665796,9.12839866658076,23.0564142223071,448.401472125427,2.08572893327792,2
2026-03-05 07:15:00,0.142519125910133,5.93877000007363,9.28237244441087,23.3514424445324,447.42737152327,2.17648893282855,2
2026-03-05 07:30:00,0.142161333306833,4.77658244440264,8.9855068887527,24.2996506667203,446.393018202964,2.25893667592784,2
2026-03-05 07:45:00,0.1434937925559,5.58961555555183,10.2864391114179,23.1854355555551,446.703290987023,2.20278850064249,2
2026-03-05 08:00:00,0.141643962936867,3.9510617777088,9.05645933331727,25.4993142219494,442.66720504527,2.23858491343624,2
2026-03-05 08:15:00,0.142317044409833,3.76268666659137,10.375641778025,25.3799971108664,442.497841524827,2.28462907087592,2
2026-03-05 08:30:00,0.129182903755267,3.6899982221513,9.89475111136126,24.9606479997474,441.340779755167,2.42564896291589,2
2026-03-05 08:45:00,0.1292787704147,5.72506533333043,8.9940471110359,25.191417999845,441.442277132977,2.54162790192618,2
2026-03-05 09:00:00,0.1291187481854,5.82572111116317,9.1229519999508,24.1660442221653,442.750520973003,2.63147280229773,2
2026-03-05 09:15:00,0.128678207442767,5.8052793333655,9.14208511104597,24.1093717778807,443.87233095889,2.76198979518092,2
2026-03-05 09:30:00,0.128830851882967,6.0003722222442,9.1853833333066,25.6722044444256,442.151116233853,2.93916581279286,2
2026-03-05 09:45:00,0.128172518540167,5.79150733338863,9.02984799994473,27.0972453332573,442.054738627723,2.99248313650207,2
2026-03-05 10:00:00,0.129557533344,5.73063111116903,8.6508526666327,29.657186444852,438.280991301433,3.20352909414958,2
2026-03-05 10:15:00,0.129323044457067,5.62535799998637,9.33861066678993,30.520632222645,438.170053009803,3.24622984245941,2
2026-03-05 10:30:00,0.129092174072933,5.8442235554134,10.2509393334821,30.2643191115257,438.233693246593,3.44815094604697,2
2026-03-05 10:45:00,0.128819962962467,4.66677666642117,10.353341777862,30.3039020004387,437.90674288058,3.84600070697462,2
2026-03-05 11:00:00,0.129732037038333,5.50409933316747,11.6674904446204,30.16499466704,437.7360131608,3.95694181069762,2
2026-03-05 11:15:00,0.129825900000533,5.57606777761387,12.3878157780886,29.9248597782127,437.61364825569,4.33114857282887,2
2026-03-05 11:30:00,0.128442481490867,5.2061457775892,11.1329837778397,30.9701524447047,437.376430742944,3.94935940392214,2
2026-03-05 11:45:00,0.2278315667264,6.16040377765703,14.1950482222988,28.01733266668,437.897981862503,4.08782317217414,3
2026-03-05 12:00:00,0.135327370354234,4.2730651109549,13.1599137780815,30.395291555831,436.66332053446,4.31755476989688,3
2026-03-05 12:15:00,0.1284770518633,4.6666875552776,11.7025904446069,30.2620040003247,437.94358740573,4.50515318698793,3
2026-03-05 12:30:00,0.130840229607833,5.4091086664969,10.825496889058,30.1894795557824,437.327515293993,4.14978077454803,3
2026-03-05 12:45:00,0.1293521333212,4.46274911085223,10.4471448889419,29.9290728891717,437.10165393902,4.15983281065253,3
2026-03-05 13:00:00,0.127489325931867,4.3921893330745,9.3153055555399,30.1473180003854,436.805708713277,4.14768496441649,3
2026-03-05 13:15:00,0.128443711112033,3.76499177762863,9.5434488888827,30.3527153336583,436.925245184227,4.09484826119641,3
2026-03-05 13:30:00,0.1302589099592,4.44383044412474,9.7996062222974,28.4863024440684,438.0649923434,4.35353424208888,3
2026-03-05 13:45:00,0.128838443302,4.57095066634873,10.2643864445486,28.5020259997114,437.91638744593,4.10672220826616,3
2026-03-05 14:00:00,0.1272007395955,4.39171799968947,8.2525444442928,30.71795977794,436.032857724834,4.22518184874699,3
2026-03-05 14:15:00,0.1290056729239,4.6130257774706,9.48614288892866,29.054380751848,437.593404666384,4.17018539367095,3
2026-03-05 14:30:00,0.1284649914522,4.55928066637083,9.78750444450186,28.503465777487,438.394929703744,4.04488743917609,3
2026-03-05 14:45:00,0.129742614803433,4.48665311078667,10.0474208889982,28.8413233330864,437.659614325094,4.08463991328264,3
2026-03-05 15:00:00,0.1281004507215,3.6433695554483,9.16955111101653,28.1561746663384,440.791712178834,3.84933913266568,3
2026-03-05 15:15:00,0.127522229627,4.0515728887085,10.1973837778759,28.4935042219207,439.322877766547,3.99104582397965,3
2026-03-05 15:30:00,0.132543766672633,3.72448311096687,9.7135675555625,29.0512795553877,438.509145887277,4.21343696268774,3
2026-03-05 15:45:00,0.1284761629494,3.83440044430146,10.8242851111537,28.8806931109267,439.105932541663,4.13568397376933,3
2026-03-05 16:00:00,0.130590437019833,3.9295077776306,11.0268306667559,28.4019188885974,437.96673537253,4.27070461012984,3
2026-03-05 16:15:00,0.132172999971433,3.16699577769033,12.6090626666664,27.2316893331554,441.068038649103,3.94839352811612,3
2026-03-05 16:30:00,0.165629529614,5.0239428888171,16.6801975549907,20.2830320004437,444.612422967633,4.7845939268328,3
2026-03-05 16:45:00,0.133766814801367,1.02101755549233,16.4913726664168,23.7732713334294,439.323101695587,4.13251791446658,3
2026-03-05 17:00:00,0.161736944414133,1.53654288883194,16.143819777293,23.528661333409,440.295877910147,3.26311131243966,3
2026-03-05 17:15:00,0.149938296229667,1.3786604444036,16.9923926663741,27.4497915549847,440.503177692093,2.95548495687893,3
2026-03-05 17:30:00,0.1514050369616,1.3103795555169,16.8705066664201,27.4781777772753,440.27587398323,2.89935844089465,3
2026-03-05 17:45:00,0.148955629570067,1.43265844440086,17.3830166663977,25.472029999547,441.136947647296,2.88360286586739,3
2026-03-05 18:00:00,0.1456676592217,2.4045088888687,17.3971275551831,22.1137671113329,445.80936616623,3.04421948237845,3
2026-03-05 18:15:00,0.138432437077166,2.4663353333013,16.4408526662003,23.6770331110269,440.110183867756,2.85256636043856,3
2026-03-05 18:30:00,0.159136733361633,3.04265733332613,17.8251764437312,19.819425110964,450.80166146552,3.03115443646638,3
2026-03-05 18:45:00,0.169182722220467,3.1296004444664,18.2028379993268,16.2540908890956,450.480440668066,3.53999815455814,3
2026-03-05 19:00:00,0.167241881498133,3.1826508888979,17.6221888881026,19.6782984444237,451.501321705786,3.31689654778962,3
2026-03-05 19:15:00,0.1609478444267,3.28224155553166,17.0457568882201,20.595278444665,452.01590648221,3.13567416991785,3
2026-03-05 19:30:00,0.1470758222146,3.3510051110962,16.3391006661195,21.1224500001265,450.38015651269,3.1541746061133,3
2026-03-05 19:45:00,0.144047437036233,3.53201311107443,16.7846195550355,20.1729339999729,449.465906771113,3.80807660763585,3
2026-03-05 20:00:00,0.1489903555721,3.64549933329103,17.3467317770931,19.7912042222174,448.360558365697,3.76188475205768,3
2026-03-05 20:15:00,0.143080555569,3.75949066662503,17.9526288881349,19.3256184443564,447.36903865657,3.4026999449332,3
2026-03-05 20:30:00,0.14965448891,3.7465328888644,20.318476888662,13.9435968885904,446.84104458925,3.28657941099777,3
2026-03-05 20:45:00,0.169542270392067,4.66695866662156,18.3085035548355,17.3825004444439,447.424493873053,3.51525571970599,3
2026-03-05 21:00:00,0.144811200014133,3.75654355551039,16.2738433329235,22.5451331112567,442.71718389153,3.47077021363264,3
2026-03-05 21:15:00,0.1384304518631,3.68382066662376,17.3958993327102,21.1143626669124,447.84952262672,3.46249884895341,3
2026-03-05 21:30:00,0.1420448963001,3.57692555554063,19.487556444401,19.0497088889737,448.701992058613,3.38901101914771,3
2026-03-05 21:45:00,0.159798488827033,3.52350133330343,19.2474697774944,14.1728571110464,450.204145660193,3.4053160173142,3
2026-03-05 22:00:00,0.1547276443558,2.96553977777077,17.9589097772921,15.8394762225277,450.377903831777,3.30894670937056,3
2026-03-05 22:15:00,0.155624496217133,2.94604355556343,18.0174571104841,16.2127328891062,449.67272149212,3.21935333311104,3
2026-03-05 22:30:00,0.156539118445867,2.7296955555751,18.4260471105043,13.5259468892233,451.593660297284,3.09542532383744,3
2026-03-05 22:45:00,0.1565973480875,2.81760311113466,18.218127777406,13.8187580003622,451.560232431687,3.07963877468564,3
2026-03-05 23:00:00,0.155566318466034,2.98969466664866,18.0864795552363,14.1080571113539,453.26196872675,3.10172726817701,3
2026-03-05 23:15:00,0.156016925871667,2.5588802222445,18.0988799996883,13.9825955559263,453.2599951902,3.10295056037571,3
2026-03-05 23:30:00,0.154889392530467,1.79437688888163,16.2987664445242,10.834909778142,455.11559065677,3.1754634670816,3
2026-03-05 23:45:00,0.155287540693,2.34137155557177,17.3630217777745,12.4418860004878,454.891573148583,3.08720695435198,2
2026-03-06 00:00:00,0.155475244389733,2.0494126667101,17.7436362222931,10.0763788891625,454.456753059417,2.93981341114719,2
2026-03-06 00:15:00,0.155411296238367,2.26167600001337,16.8768984445033,8.48650622236234,459.885171429954,3.11827829088737,2
2026-03-06 00:30:00,0.155443777721733,2.5189424444302,17.2156628889257,9.80998111123374,457.0686962439,3.15385252811184,2
2026-03-06 00:45:00,0.1548527481009,2.26241311112923,15.2554848893217,12.5302208895471,454.97053710046,2.94968488843249,2
2026-03-06 01:00:00,0.154423111074433,2.75352977778423,17.0863446659569,19.1164000001149,451.922541703834,2.74095150611725,2
2026-03-06 01:15:00,0.1524734518158,2.58372400002596,16.2493813328034,20.7463417780439,452.913275251091,2.46840516420629,2
2026-03-06 01:30:00,0.154955703660234,2.80538088884183,18.1104502219737,13.9781408890929,451.841870197667,2.77544802536989,2
2026-03-06 01:45:00,0.1553606221529,2.39233199996723,13.7182122230672,9.2032364445967,460.70596936656,2.71735534924127,2
2026-03-06 02:00:00,0.155274785137434,1.92878311116294,15.420468889093,11.3103353337596,454.896463217607,2.71852751070854,2
2026-03-06 02:15:00,0.153519999953034,2.3557406666418,12.5085524447058,11.0794171115094,455.732320163447,2.86244866539878,2
2026-03-06 02:30:00,0.153575385132634,2.47508444440507,13.2131504450244,11.9813393337293,455.39496591617,3.01148609299793,2
2026-03-06 02:45:00,0.154830548105334,2.56924399997047,14.9771055560535,12.3507173337176,455.041638876267,2.95550205508916,2
2026-03-06 03:00:00,0.1529009258854,2.35280288887013,12.3703437779735,12.5008528893121,455.099553882924,2.96184630360582,2
2026-03-06 03:15:00,0.152983244410167,2.36770622219063,11.9788588889294,14.2754013337338,454.084156572787,2.79589422920196,2
2026-03-06 03:30:00,0.153609725877367,2.3740957777452,12.42635688915,11.6108586669967,455.088342454437,2.8647068240992,2
2026-03-06 03:45:00,0.154360066614834,2.2849111110864,12.1937142223225,9.5723964445311,457.55175781022,2.9764000079352,2
2026-03-06 04:00:00,0.1546939777227,2.5303913332726,12.3645348890267,8.97587600012897,458.778932828553,2.96119583351936,2
2026-03-06 04:15:00,0.155275340686633,4.14804933330563,12.4081175557379,8.86336800014434,458.85810162519,2.96567464242086,2
2026-03-06 04:30:00,0.153775355518667,2.34355866663613,12.1736604445488,13.5138466671767,454.569877610513,2.88770118370119,2
2026-03-06 04:45:00,0.153853407372567,4.77801266660677,12.1751815556326,13.3570364448632,454.575906126593,2.8379652700045,2
2026-03-06 05:00:00,0.152202170343567,1.98093644444713,11.6089071109844,16.4148671112185,454.11996389155,2.54260968527914,2
2026-03-06 05:15:00,0.155130874024867,2.58660911106637,16.3595562224376,12.4781002226001,455.548651933347,2.66331361133209,2
2026-03-06 05:30:00,0.153642859206434,3.60826377769987,14.0929073336742,17.0522920002695,454.989974998783,2.64225132640766,2
2026-03-06 05:45:00,0.153225903652,3.05566155547957,13.3108606673552,16.188227778074,455.186949025574,2.50971443409262,2
2026-03-06 06:00:00,0.153300399957734,3.90703133327217,12.1581277780035,16.5168262224587,455.103177684887,2.47529108331231,2
2026-03-06 06:15:00,0.156199170317834,2.6329815555081,18.0922806664813,11.9984417781718,455.44924969362,2.6677059526988,2
2026-03-06 06:30:00,0.154874977733467,3.3721122221471,16.1176480001016,14.8327213335288,455.039883849517,2.43583195253114,2
2026-03-06 06:45:00,0.1539378147623,4.82307488883893,13.6788333341891,15.3783993335356,455.20780070274,2.37647516210485,2
2026-03-06 07:00:00,0.1542080592056,4.8049311110743,13.0489806671864,13.7198700003067,455.57257184095,2.38997482181981,2
2026-03-06 07:15:00,0.1578774369767,4.84980222220113,18.3465515555413,9.9834440002109,456.760008785467,2.53405112328895,2
2026-03-06 07:30:00,0.163190444403333,2.53031911107503,18.3306766664303,8.44370822227247,460.592692329997,2.55385074844235,2
2026-03-06 07:45:00,0.1576717480768,4.21825777775973,18.512428221929,7.8421542222326,460.406271941134,2.41788618999495,2
2026-03-06 08:00:00,0.183937451792133,4.90477488886876,18.0820186669346,7.52594177773607,462.349609293771,2.38273914929162,2
2026-03-06 08:15:00,0.154979836971467,3.8824111110538,13.604204889779,12.296073111611,455.525365228146,2.4016560712864,2
2026-03-06 08:30:00,0.153938318454834,4.81692577773513,13.2383857784321,15.8902282224361,454.62836852829,2.50752752669831,2
2026-03-06 08:45:00,0.636575692342421,9.88798133329133,24.415359778487,3.96769555554743,470.903191223183,2.39210381178031,2
2026-03-06 09:00:00,0.211676248152566,7.0095782220995,18.1408268892343,10.6553966668783,456.363136188553,1.9009722713623,2
2026-03-06 09:15:00,0.1533106295856,4.33101422218213,12.501188444692,14.8394464446645,454.45579419796,1.85293394568413,2
2026-03-06 09:30:00,0.157453399965467,5.89064711110216,11.7513782220897,17.2125677777079,452.71228035232,1.93158399670282,2
2026-03-06 09:45:00,0.1567628518014,4.9065744444133,11.8196679999105,17.6100759999548,453.9540057184,1.75906424242903,2
2026-03-06 10:00:00,0.153789155500534,4.86768622219003,13.2894926674048,15.7874955557397,454.567487928487,1.85289069846188,2
2026-03-06 10:15:00,0.157419822154334,4.95699711107766,16.711109778018,11.630118444763,455.015387406153,1.93209759886795,2
2026-03-06 10:30:00,0.157970036957633,4.99500644441113,18.868053110713,7.03524400005266,459.846246948717,2.06441197435445,2
2026-03-06 10:45:00,0.1571687332655,4.35233111107486,17.6688662223995,10.9802946669081,454.688632781017,2.08184840852934,2
2026-03-06 11:00:00,0.155451577700267,4.97708688884203,14.2816342232022,11.1407797780367,454.728886644333,1.95272461099414,2
2026-03-06 11:15:00,0.168436155574067,3.298738888839,16.5786140000709,13.4118822226111,454.291616967753,1.9486199584708,2
2026-03-06 11:30:00,0.1567309554815,4.93405866663223,16.7732406668573,11.3483980004255,454.882696025967,2.05330930073212,2
2026-03-06 11:45:00,0.156398133268433,5.69295799997639,15.2642408893432,12.2331348893699,454.522861869283,1.88339607644553,2
2026-03-06 12:00:00,0.156454066600533,4.91178266662116,15.2129768893846,11.8987913338493,454.73954964536,1.92767862206204,2
2026-03-06 12:15:00,0.156006236960233,5.02488177775999,13.9758362229859,9.9918475555878,450.335344888537,2.03186811663002,2
2026-03-06 12:30:00,0.155277644394033,4.98332733331076,12.5493431112218,11.6894462223545,448.088052764197,2.10853711184453,2
2026-03-06 12:45:00,0.155728407342234,4.96648577777123,13.4965682227954,11.5904451112723,449.376181408857,2.03398784201499,2
2026-03-06 13:00:00,0.1557714962227,5.01045444443679,14.5730268898121,9.60469088891244,449.30621580104,1.916270960887,2
2026-03-06 13:15:00,0.157908066590633,6.14353155553317,17.7244177779134,8.6325184444708,449.24254529256,1.84368920794641,2
2026-03-06 13:30:00,0.157152051792534,5.05298288887686,18.4815753331803,12.8288915557826,449.924655822283,1.63820909945188,2
2026-03-06 13:45:00,0.162104236968467,6.7868382222391,21.758089777427,5.23887333330103,450.764798430816,1.65284306139638,2
2026-03-06 14:00:00,0.194651844447333,7.88463511117484,22.7172006664577,1.34727640557305,451.384537112487,1.97315909980481,2
2026-03-06 14:15:00,0.171490318532,6.1880193333071,21.507915999823,5.24723800000122,451.333599721296,2.46986061120154,2
2026-03-06 14:30:00,0.156950674016467,5.07405599999439,18.1173604444495,12.9253506669261,450.0415495991,1.88570717327852,2
2026-03-06 14:45:00,0.1561947184557,5.00484244441546,14.8324835559004,15.2851966668087,449.86441695943,1.81398095140959,2
2026-03-06 15:00:00,0.157420881410834,5.07578511108382,16.7497420000371,13.3092444446518,450.11968377119,1.69028596345032,2
2026-03-06 15:15:00,0.161066992520033,5.04457399997339,18.8109448888486,8.1070904445024,449.994254347034,1.77210773324754,2
2026-03-06 15:30:00,0.254808992616,8.1131528888741,20.629666000001,6.35896644447358,452.003398416726,1.87888513566473,2
2026-03-06 15:45:00,0.1578380073412,4.55592866664293,17.5134528888256,13.5117377779497,449.995273167937,1.58207883010229,2
2026-03-06 16:00:00,0.2680772223164,4.76095933334022,17.3891506675691,11.5761944443343,451.277671314549,2.76550395970451,2
2026-03-06 16:15:00,0.158306422153033,3.42403399992976,13.4798200004572,13.3617800003603,450.313540699217,2.80280268804323,2
2026-03-06 16:30:00,0.205699422232367,4.80378644442856,17.3566626673671,9.4083251112825,451.038924379993,2.46844238629261,2
2026-03-06 16:45:00,0.157879614733733,5.04404911107852,14.3096397785262,12.5777824447143,449.97553462832,1.86252698769157,2
2026-03-06 17:00:00,0.158788614754633,6.1979144444395,14.9130211114239,14.6481917777936,450.241243220673,1.58953418368979,2
2026-03-06 17:15:00,0.1556078295567,3.34930222214046,15.2069051116071,10.7376377778655,450.27852460726,1.52368793289717,2
2026-03-06 17:30:00,0.1554332740141,3.48207888881447,12.6383297779542,12.6481926669328,450.08740664122,1.87313812652944,2
2026-03-06 17:45:00,0.1802552518017,4.48366533330406,13.2708513336602,10.3438715556452,452.68898801905,2.13698116978803,2
2026-03-06 18:00:00,0.1594229110575,5.07962244442509,16.4682146669241,11.8796835558245,451.416476201353,1.56576063982304,2
2026-03-06 18:15:00,0.172946066613367,2.5094264444315,12.7984020002679,10.7610344446666,454.099028234047,1.95360439411472,2
2026-03-06 18:30:00,0.2493251704331,4.44047933328589,15.69359911199,9.33190044452718,453.574667246143,1.90560584981215,2
2026-03-06 18:45:00,0.2103097777908,7.15330888877117,16.5696422232969,8.62628555559667,454.509118646054,2.08123035135065,2
2026-03-06 19:00:00,0.2078525851591,5.20007888884879,14.3778917783392,14.1619104448668,451.955580463934,1.63571669071635,2
2026-03-06 19:15:00,0.165925511177767,4.9103499999617,12.7140986668937,9.59781355565958,452.271208389287,2.1999960506671,2
2026-03-06 19:30:00,0.156829859197534,4.23015799996543,12.9222788892695,8.74547844450854,455.40109077574,1.65403286651475,2
2026-03-06 19:45:00,0.155682785128634,2.32324688886297,11.7630066667383,8.85682577785433,458.19038295731,1.65419447907253,2
2026-03-06 20:00:00,0.154751281422967,3.46610622214063,12.7255700003761,11.9101837780059,453.322292579997,1.80269211131535,2
2026-03-06 20:15:00,0.153491451816734,2.85418444437203,12.0670897777845,13.957824222448,450.766478635437,1.47960401518259,2
2026-03-06 20:30:00,0.153564296260267,3.0591211110328,12.1679260001429,10.7113480000487,452.774316582603,1.52974891192944,2
2026-03-06 20:45:00,0.2661796741401,5.14149733332906,15.9250188895881,7.22774822228044,456.728381665216,1.76848974862134,2
2026-03-06 21:00:00,0.164635162991933,4.8697957777253,12.6273940001211,8.97920022237078,455.518615375074,2.31110849529172,2
2026-03-06 21:15:00,0.154925733288334,2.43890599996173,12.1685040000733,9.61994311122393,456.508427704207,1.7673695169729,2
2026-03-06 21:30:00,0.153227748121734,4.04210399993343,11.9261162222497,12.6275406669149,450.786670749967,1.58150277005656,2
2026-03-06 21:45:00,0.1537597703352,2.52959799997537,11.7009471111881,10.2244615556088,453.412343333017,1.9159286073297,2
2026-03-06 22:00:00,0.154956948090867,2.71232111104054,12.3803144446203,8.29195577783207,456.862329684483,2.15917471142791,2
2026-03-06 22:15:00,0.173614007361567,4.99432933328226,12.5267737779657,9.06240555561877,454.88771624016,2.17103998391332,2
2026-03-06 22:30:00,0.173897037060133,6.92062822235291,18.97269222205,6.5428493333129,459.555866537497,2.89610458291937,2
2026-03-06 22:45:00,0.158622036974367,4.4113002222005,18.926276221882,5.87726333330433,452.798316842454,1.85528334683952,2
2026-03-06 23:00:00,0.156968118455934,3.7211824443692,15.4346848893119,6.74755933329386,453.174880656044,2.82171275593896,2
2026-03-06 23:15:00,0.2066656740819,6.81050733318946,15.9750940008838,4.59883355560944,461.185208978007,9.86249909710442,2
2026-03-06 23:30:00,0.171438600018333,4.89943288884136,12.8085011113336,5.53448644448017,459.275515136916,6.63249318295647,2
2026-03-06 23:45:00,0.1791030888488,4.82235799995363,12.7457037779562,5.78642844446194,459.210625022737,8.28803812800812,2
2026-03-07 00:00:00,0.195027029596333,5.08255844438909,15.4148826678478,4.86171711115683,460.88822870119,8.42681226349592,2
2026-03-07 00:15:00,0.154673022175533,4.17244644440903,11.7378533334304,9.15314488900977,455.112006426604,1.98102646326722,2
2026-03-07 00:30:00,0.155520622171967,4.85385355550393,11.0346766668871,7.53021911100166,458.897394565087,1.89269926871539,2
2026-03-07 00:45:00,0.1580667480957,3.67782933326264,10.8378393335644,7.13612022217722,458.666320417843,5.7014606728431,2
2026-03-07 01:00:00,0.156087236983434,3.06122933325557,11.1433115558033,7.64035599997219,458.704092176744,2.47630424087278,2
2026-03-07 01:15:00,0.156259866614033,3.44632999992063,11.8277864446345,7.64339577774232,459.049546132634,2.08449176476094,2
2026-03-07 01:30:00,0.157723177723834,4.81798733328786,11.1913817780325,7.62235444440089,458.70003703412,2.18081126857222,2
2026-03-07 01:45:00,0.156581066613134,4.2218264444187,11.0864051113587,7.68678222217915,458.663619610204,2.54035067155673,2
2026-03-07 02:00:00,0.154771562912833,2.860461555484,10.9562573335494,8.84177266669846,458.702949102744,2.31866175966852,2
2026-03-07 02:15:00,0.155340851800534,2.88102688885003,11.9320562223786,11.0840155559048,456.081335918027,1.94545178637788,2
2026-03-07 02:30:00,0.1581675332871,4.7169202221804,11.8041460002088,10.1955342225008,457.253014402933,1.7040004345131,2
2026-03-07 02:45:00,0.156823703657467,2.94200444441496,12.713532000065,10.7332500003056,456.5082096558,1.59079548150481,2
2026-03-07 03:00:00,0.1567906369898,3.05983711107687,12.3238200001309,13.3787124449343,453.95484970895,1.79766767662298,2
2026-03-07 03:15:00,0.157919162906633,3.05303666663,12.7899346667896,10.65119222246,456.751206699816,2.14998447458326,2
2026-03-07 03:30:00,0.157844555492533,2.79270622219696,12.4641713333647,9.5488522224067,458.390715599073,2.45052019906726,2
2026-03-07 03:45:00,0.156170407354133,4.9422744443924,11.1592420001946,9.37717955570176,457.552408456227,1.93537444049926,2
2026-03-07 04:00:00,0.1557678666116,4.86274377771366,11.9214013334493,7.79434022221719,458.9389030633,1.75759693096732,2
2026-03-07 04:15:00,0.155655414760367,4.91515777773273,12.2427297779292,8.83069533346244,456.621561127583,1.41101882341032,2
2026-03-07 04:30:00,0.154183266628633,4.83888422215229,11.234316000222,12.7404722226749,453.750475570767,1.40002087568024,2
2026-03-07 04:45:00,0.1555945925447,4.29237755551236,11.9426213335567,10.6305242225715,455.09054817002,1.46309540305275,2
2026-03-07 05:00:00,0.1563460147505,4.3960562221882,12.6463011112957,9.0102588890561,459.16503688422,1.43468426226971,2
2026-03-07 05:15:00,0.157709748088533,3.3183655554788,12.9597382224343,8.36690688900036,458.975596474873,1.59062256953578,2
2026-03-07 05:30:00,0.157027651786167,3.12446644437723,13.0096635558164,10.7405171114138,456.265643441076,1.65473433219438,2
2026-03-07 05:45:00,0.155515585125767,3.20491044440376,12.7102751113139,11.8555022226006,453.069118202366,1.59020672651788,2
2026-03-07 06:00:00,0.157602451793733,4.84385088882587,12.7253260001029,8.37935977784606,459.149581385607,1.46909900004291,2
2026-03-07 06:15:00,0.154518236959434,2.89594199996563,14.9833931118744,11.0358911115164,455.48342242748,1.49683281528501,2
2026-03-07 06:30:00,0.156896407338834,4.97043666662833,13.316430000343,6.88070200002073,458.141013698193,1.50494402602578,2
2026-03-07 06:45:00,0.156329577725134,2.733507333257,11.188186000239,7.17208755553882,458.096801578843,1.61462449776583,2
2026-03-07 07:00:00,0.1559489777206,4.79390311105547,11.2815346668734,7.20846399998213,458.19686004189,1.47303862634127,2
2026-03-07 07:15:00,0.155358540675533,3.10291799994346,12.5275053334751,8.65147622238966,458.49315689459,1.71351859511005,2
2026-03-07 07:30:00,0.153582392532967,3.9131562221438,15.3861022225841,9.9039677779758,457.615124479397,2.06047981775062,2
2026-03-07 07:45:00,0.145145148141833,5.02837666663396,14.395129111831,10.5314153335725,454.477938073777,2.15252610232291,2
2026-03-07 08:00:00,0.142669770367,3.46381799994383,12.9065764447462,13.0083937783785,452.681703292713,2.09675595913826,2
2026-03-07 08:15:00,0.143014614799267,4.87021199996756,11.9122560000441,8.87973200010216,454.316435675507,1.98358274290505,2
2026-03-07 08:30:00,0.148699185149967,4.8120302221783,11.2934084446318,6.23970466667463,456.973790373943,1.96301238084619,2
2026-03-07 08:45:00,0.148028637013833,4.961528222186,12.7995266667801,6.83301177778826,458.127199296913,2.05883021585033,2
2026-03-07 09:00:00,0.146965429614033,4.9727331110734,12.5146137778534,6.87250177778586,457.20825790181,1.89556682186459,2
2026-03-07 09:15:00,0.1470201629348,4.95698222217753,12.6027851111816,6.95604466667236,456.469660305423,1.85041650554265,2
2026-03-07 09:30:00,0.1438004888744,4.96906822217166,12.5303695555879,8.0727871112294,455.083238383777,1.88075999444141,2
2026-03-07 09:45:00,0.178282655555834,5.1791575555313,16.1643148893358,6.39161799994423,457.235913742123,1.96407946522738,2
2026-03-07 10:00:00,0.160211755561,6.08346177765066,12.7006873332588,6.1786773332912,451.89394539817,1.90672894117263,2
2026-03-07 10:15:00,0.141742792589733,5.0841911110757,12.1726815554301,8.55494866668989,449.800356480076,1.92173484732652,2
2026-03-07 10:30:00,0.142846385173667,4.9532702221613,11.4162277777242,6.76560422213417,449.874099998853,1.97056127270878,2
2026-03-07 10:45:00,0.1439073407288,5.35490911104623,11.1205882221505,5.83708355553347,449.334342559066,2.03040343871657,2
2026-03-07 11:00:00,0.176991566644167,25.4111422216647,18.108139555323,-2.32641187473783,450.19904222114,2.57075925984179,2
2026-03-07 11:15:00,0.166726007402167,11.0270631110977,17.834899777396,-0.437621471421684,454.063971471257,2.33722944288709,2
2026-03-07 11:30:00,0.152981474058033,6.85454177772633,13.3407968888862,2.9519269039998,452.044485294573,2.3259145961754,2
2026-03-07 11:45:00,0.1579225555573,6.15388777766766,12.6544986664879,6.92331755547816,450.074648017257,2.37646391663873,2
2026-03-07 12:00:00,0.146390548160533,6.28306288883963,11.9480179999498,8.66864666666234,446.880895092683,2.13106163749974,2
2026-03-07 12:15:00,0.137054755579667,4.70331466664073,10.3272822220728,10.3949395554752,445.625538520127,2.19143821291315,2
2026-03-07 12:30:00,0.1467695555728,6.06243555543133,11.7346051109921,5.11061999998323,448.710603340887,2.86991154865801,2
2026-03-07 12:45:00,0.146262118546367,6.14428044432866,11.8094571108377,6.04458355547837,448.582711716797,2.40263115773457,1
2026-03-07 13:00:00,0.1434154370641,4.6137419999239,11.7476979998599,7.64712311096023,448.942706342106,2.2201471161104,1
2026-03-07 13:15:00,0.145838214841167,5.06695977772576,12.2440977774996,6.6289842220606,449.135621246473,2.52560885778149,1
2026-03-07 13:30:00,0.141233429650067,6.676450222111,11.2329337775819,11.5693433331355,446.208705417426,2.2417465511579,1
2026-03-07 13:45:00,0.138568600042367,5.13476377774566,12.0440171108247,10.095834666485,445.982696614763,2.23257618749553,2
2026-03-07 14:00:00,0.138308451884167,5.095006888851,11.4275333331001,10.775444222005,446.72763210762,2.2945221193087,2
2026-03-07 14:15:00,0.1381196074404,5.10229199995403,11.7919971108394,11.2584062220224,446.278044172043,2.25050824499001,2
2026-03-07 14:30:00,0.1381177852218,5.1201455555246,11.8430508886629,11.7156802220565,445.565041134753,2.31396525414508,2
2026-03-07 14:45:00,0.1363299407805,5.12651444440753,11.1224377775557,13.5894768888253,445.097551646323,2.30981466901473,2
2026-03-07 15:00:00,0.1382451407879,5.15486333331039,11.880071555327,12.6421339999249,445.231019848813,2.4017870175938,2
2026-03-07 15:15:00,0.137831474117667,5.02936355552969,11.7502206663906,13.7278986665681,445.292221267583,2.32054800758587,2
2026-03-07 15:30:00,0.138957622264567,5.11252755552929,12.5525033332587,12.581865555406,446.079456953133,2.34015628591651,2
2026-03-07 15:45:00,0.136251600037633,3.8979082221871,11.4678895552503,16.2337795554144,445.072634920756,2.2454617080366,2
2026-03-07 16:00:00,0.138113244494533,4.48231066661056,12.1075324442213,12.6104997775615,445.633574504816,2.21033975956478,2
2026-03-07 16:15:00,0.138608340785333,5.15618444442246,14.6640991111397,11.4488217774385,445.466241354293,2.16342534619875,2
2026-03-07 16:30:00,0.136898785232433,3.8549068888251,11.7667255553074,14.1989271109942,444.792936487766,2.23955869818536,2
2026-03-07 16:45:00,0.132703518555433,3.6043717777379,11.3440591107286,16.334887999837,444.195113337383,2.19720271932683,2
2026-03-07 17:00:00,0.136195088937633,3.5893979999559,11.8218175552467,14.5616904444029,444.047763905073,2.30594317758712,2
2026-03-07 17:15:00,0.136784118564767,3.85805199996717,11.6861268885887,14.3722042222277,444.802595485713,2.23221454150055,2
2026-03-07 17:30:00,0.1367140667114,3.75373955551873,12.2692642221011,14.2595557777294,445.25846796775,2.11262925363885,2
2026-03-07 17:45:00,0.138093844486567,5.17522177776039,12.9960260000099,12.761507333144,445.323194129316,2.16289530203705,2
2026-03-07 18:00:00,0.1368640593051,3.41943933331516,12.3841168887939,13.4589037777407,445.363222017113,2.22713267375572,2
2026-03-07 18:15:00,0.138232474113633,3.78135288885243,13.0698253334424,10.7265942219625,446.502374643446,2.11410527348932,2
2026-03-07 18:30:00,0.1371528593011,3.53569866664003,12.0450866665199,14.4919053333112,445.511511371143,2.27831469713602,2
2026-03-07 18:45:00,0.137236237079433,3.89475844437767,11.9674002219461,14.2505591110187,445.268349314526,2.20018768565388,2
2026-03-07 19:00:00,0.1368186593091,3.5666362221956,11.8576533330778,14.4421495555605,445.259624063799,2.14048465213687,2
2026-03-07 19:15:00,0.137685977817367,3.5121946666396,12.8380466667543,12.1274406664699,446.22752721573,2.13615876363494,2
2026-03-07 19:30:00,0.1377332222634,3.6408808888481,13.7908217781263,12.4981728887458,445.5307374469,2.20614976421863,2
2026-03-07 19:45:00,0.138358140780867,4.0567988888455,12.8055628888981,11.0450324442032,446.32265094399,2.25788315103558,2
2026-03-07 20:00:00,0.137204392632933,3.80440533329397,13.0465377779083,14.3325342221883,445.25515014537,2.17188800370353,2
2026-03-07 20:15:00,0.1367281222622,3.75429177773746,12.2670342220533,14.5393148888639,445.034625500573,2.04845385217972,2
2026-03-07 20:30:00,0.1357035407699,3.63631911107817,11.4200166662635,16.0585768887153,444.432341418116,2.01801871612762,2
2026-03-07 20:45:00,0.136336092642867,3.56625888883867,12.0027093330492,13.9542002221821,444.906509634423,2.06915320072809,2
2026-03-07 21:00:00,0.136433803746767,3.6723028888489,11.5065073329932,14.2309231110107,444.81499532099,2.03126900827053,2
2026-03-07 21:15:00,0.137090663002467,3.08809088888977,11.5294546663311,14.5218113333207,444.9101153822,1.96316865717554,2
2026-03-07 21:30:00,0.1379573259659,3.44894755552713,12.2451242220426,12.8281444443834,445.743138293066,1.99953193411739,2
2026-03-07 21:45:00,0.138086240769767,3.79238911107186,14.5299884443906,14.17197622229,445.358771349413,1.88200008327973,2
2026-03-07 22:00:00,0.1385714703929,3.63248000000306,14.8707446664933,13.8549471114136,445.35149966986,2.03804278542665,2
2026-03-07 22:15:00,0.139883262983767,4.05376111107619,14.7761159999473,13.6431351114541,446.14791432266,2.07364621835069,2
2026-03-07 22:30:00,0.1365505851909,3.83128999996983,14.2995006666284,17.3306700000258,446.416142372246,1.78498323357012,2
2026-03-07 22:45:00,0.136506392606267,3.7589771110568,14.320166000108,17.0183788889855,446.56695811121,1.62911412958353,2
2026-03-07 23:00:00,0.142449314825433,4.01506399996167,16.5407788886783,14.6996542222965,447.511748883646,1.5510298346879,2
2026-03-07 23:15:00,0.143309670382767,3.8912759999572,15.903048889026,8.77829355558241,448.175261056197,1.60054907486213,2
2026-03-07 23:30:00,0.1426877296389,4.1156355554837,13.3205626667987,7.71153488882463,449.000409834637,1.52903326810878,2
2026-03-07 23:45:00,0.143374892596667,4.06220399995266,12.5557917777052,7.51817355549187,449.649408504666,1.98394388388558,2
2026-03-08 00:00:00,0.143020288888467,3.5617251110522,12.8960306667726,7.87963022210493,450.649729361297,3.24107485941862,2
2026-03-08 00:15:00,0.1425488185157,3.51861088881803,14.5567613339569,8.27795822224907,449.938957365167,2.70289858326091,2
2026-03-08 00:30:00,0.142717211114033,3.47464488883539,12.2640291109759,7.92394222214753,449.492688309447,2.61117745906877,2
2026-03-08 00:45:00,0.143397748144733,3.53319955550013,12.2909366666158,7.35644244441867,455.093535984207,4.17072745781067,2
2026-03-08 01:00:00,0.1433141259269,3.62146066657453,12.6870426668113,7.81692444440683,454.265001981333,2.97483447800265,2
2026-03-08 01:15:00,0.143145948141233,3.40945377772046,12.3111928888539,7.9292366666773,454.91260351671,2.25342699313975,2
2026-03-08 01:30:00,0.1429171851698,3.30020533329336,11.7442708888654,7.40469111111563,454.971260127023,1.6014231874279,2
2026-03-08 01:45:00,0.143438133306033,4.46735377775,11.2581711111944,7.49111044434059,454.397322923383,1.59317276970964,2
2026-03-08 02:00:00,0.1420319999876,3.3426673332849,10.6730037778478,8.60916888883649,453.25629782516,1.70719407543406,2
2026-03-08 02:15:00,0.143990799982667,3.235510222183,10.805484000066,7.49332022216429,454.352909280787,1.65465380020215,2
2026-03-08 02:30:00,0.144815437021567,3.31349288884293,11.5006191112198,7.09553844442716,455.09830257031,1.64633704713133,2
2026-03-08 02:45:00,0.144034422205733,3.2154766665899,11.0431357779093,7.95563555552332,454.709417535713,1.57407999829309,2
2026-03-08 03:00:00,0.143376540734867,3.05021533330873,10.9120142222927,9.59077266681313,454.845073759237,1.61940766564763,2
2026-03-08 03:15:00,0.144020696273133,3.10921666662853,10.6291486667745,10.6531022224667,453.96615633507,1.49443409275191,1
2026-03-08 03:30:00,0.143573192582567,3.04044733329763,11.6305766667519,9.148972000159,455.369115798477,1.50192950770414,1
2026-03-08 03:45:00,0.143061681475367,3.2000173332993,11.4286082222916,10.5110075557774,453.611767323157,1.5218506197503,1
2026-03-08 04:00:00,0.145067281468667,3.05070733329263,10.4888557778904,9.18096311122659,456.050291421964,1.5061652398901,1
2026-03-08 04:15:00,0.1393901111268,3.3858299999396,11.2101279997985,19.8336095552204,447.287949537303,1.56651925158528,2
2026-03-08 04:30:00,0.151841414762267,3.6434335554754,12.0352995554397,15.2019917777157,447.48619903082,1.55524672054954,2
2026-03-08 04:45:00,0.1548259777288,6.10896977779163,11.9535606664929,16.611127333314,446.784388329703,1.56119599292293,2
2026-03-08 05:00:00,0.153185548119167,4.9755604444252,11.8151806664301,19.1318499999182,446.711319667373,1.63883562410076,2
2026-03-08 05:15:00,0.1507414888562,6.0563697777828,10.2860553332159,20.8841939999097,444.934820044404,1.70400085634525,2
2026-03-08 05:30:00,0.151837748100667,4.94256533329893,11.741368222513,20.1576848888173,448.266479870267,1.67915063781223,2
2026-03-08 05:45:00,0.150651814787067,4.95222844441106,10.0378422221418,22.1882315549987,444.65622373615,1.80276775666854,2
2026-03-08 06:00:00,0.151082355483867,4.91815466665183,10.5942166668511,21.748489555204,443.90446550945,1.9213573716168,2
2026-03-08 06:15:00,0.1495870295676,6.1165260000336,10.5566108889721,23.9402864439584,442.35994129438,1.97031459437707,2
2026-03-08 06:30:00,0.150163340688434,5.27907866667393,13.0183066670869,26.749923332966,444.043749783804,2.07709754993468,2
2026-03-08 06:45:00,0.152146348095733,6.14690800002397,13.7424608894133,26.9454831107431,441.359619498453,2.16821577081004,2
2026-03-08 07:00:00,0.142736148105933,6.28379355558604,9.71612911146727,28.7610291111927,439.787126428103,2.2527150939434,2
2026-03-08 07:15:00,0.142761977746967,6.1256551111412,10.0134720003794,27.8837228885951,438.984085429306,2.27369536100617,2
2026-03-08 07:30:00,0.140264407401967,6.1253140000321,9.5202704444818,26.0989195554218,441.22086124591,2.33076296518973,2
2026-03-08 07:45:00,0.140806555551967,6.2565602222658,9.31150355561211,27.7097571109701,438.88520734991,2.39615552376268,2
2026-03-08 08:00:00,0.141090303699233,6.25953755558207,9.26463311114067,28.784702666864,437.759457326933,2.41157466134516,2
2026-03-08 08:15:00,0.1396184147949,6.14661155558463,9.88484444475657,29.909157333787,438.32461843716,2.43432464847391,2
2026-03-08 08:30:00,0.136654007403567,6.03190066670617,10.0154864447472,27.785893777677,438.17844274551,2.54403264468863,2
2026-03-08 08:45:00,0.128687885208867,5.8570537778131,9.01589955545487,27.7569439999404,437.648103127823,2.5533786670992,2
2026-03-08 09:00:00,0.127941022232367,5.7310715555976,8.613814888672,27.3533160000857,437.86341480311,2.53321564432779,2
2026-03-08 09:15:00,0.130433444454067,5.915531111117,8.93004711099773,27.6911640000361,438.678167585073,2.55254823202987,2
2026-03-08 09:30:00,0.128666503697267,6.04074066668353,7.9228539999071,28.1011460854144,437.80631001646,2.55544979801078,2
2026-03-08 09:45:00,0.1251294889024,5.72804533337773,8.0766824442682,26.5875860853613,439.878006488243,2.55028948609214,2
2026-03-08 10:00:00,0.126932813675733,5.7316166665433,8.14178847838273,27.9209021708957,437.380507071863,2.55567858366261,2
2026-03-08 10:15:00,0.127328124790633,5.5586644444657,8.26015222202333,27.882534615336,437.849965497106,2.55684601768728,2
2026-03-08 10:30:00,0.1269060507127,5.5150362222251,8.7269188886737,27.7414616408944,439.445870204337,2.5873172304081,2
2026-03-08 10:45:00,0.127578791446,4.5714744442221,8.72859866655553,28.3066058630764,436.407353429703,2.64160101175387,2
2026-03-08 11:00:00,0.12932879998,5.3110102220529,9.83583866674524,29.3584840856753,437.006838439237,2.64194836734076,2
2026-03-08 11:15:00,0.129041218514967,4.9405219997606,14.359834444928,29.515463778431,436.922867134577,2.7421765948698,2
2026-03-08 11:30:00,0.128770733313167,5.5763453331556,13.6235702224753,30.2947223763204,436.6908870108,2.74403035727921,2
2026-03-08 11:45:00,0.127893577764633,5.00826844419827,11.6356304445857,30.4293191454797,436.555866764143,2.72339409064364,2
2026-03-08 12:00:00,0.127309911101867,4.97254266640367,9.96656377781857,30.6189163421197,436.806662990793,2.66251665793564,2
2026-03-08 12:15:00,0.126318496288567,4.85940311086847,8.89163866677427,30.8803652822987,436.624331431167,2.52143109821873,2
2026-03-08 12:30:00,0.126496955543167,5.3269771108915,8.62951933342377,30.9805416754407,436.336542540153,2.50218188343302,2
2026-03-08 12:45:00,0.126613266652967,5.0047313331104,6.9319484444008,31.0983685641857,436.123782924254,2.55367396226703,2
2026-03-08 13:00:00,0.127370925911833,5.3437693331611,8.92264822231617,30.3723957270204,436.331166379507,2.49455694104336,3
2026-03-08 13:15:00,0.127396455258867,4.55327622199246,8.84706133336377,30.3556836415284,436.576351859093,2.55790020452205,3
2026-03-08 13:30:00,0.126913837029667,4.62401399976556,7.87310444443323,31.098151675521,436.053660099393,2.53101972309562,3
2026-03-08 13:45:00,0.127925748139267,5.72937844430236,8.60107600004427,31.152946564393,435.935637514453,2.42695060400493,3
2026-03-08 14:00:00,0.128068155548633,5.1719442220318,8.89826000004387,30.2003225304614,435.9383897488,2.4480393639174,3
2026-03-08 14:15:00,0.127738481468733,4.64889977756593,10.5764093333905,30.7959018975957,436.246632420353,2.61507737061907,3
2026-03-08 14:30:00,0.127080629619133,4.7022311108484,8.57474866656719,31.6798782393717,435.67195127145,2.54897166618076,2
2026-03-08 14:45:00,0.127261426760733,3.45661333324217,7.89009694009543,30.5290277269441,435.08327175562,2.56062448810139,2
2026-03-08 15:00:00,0.127154940694767,3.7079682221074,7.32536177770149,28.0671763932587,434.567410205673,2.59920909982798,2
2026-03-08 15:15:00,0.128246378890867,3.611264666557,9.33771155556526,27.7619819487827,435.30582433433,2.72657282539462,2
2026-03-08 15:30:00,0.1285698828878,4.776465333064,12.3545893335964,29.1766253509147,436.128429755783,2.69009949643932,2
2026-03-08 15:45:00,0.129922717348433,5.42425755536713,11.6884086668,30.5955744274347,436.451436474006,2.5221903925775,2
2026-03-08 16:00:00,0.1330193977198,4.85161955532404,13.8638060001194,30.34677145308,435.742528784723,2.57022884556036,3
2026-03-08 16:15:00,0.1436419903541,4.38723333318246,14.5479795552999,30.332585230894,435.590972766976,2.58526984234287,3
2026-03-08 16:30:00,0.147094266663767,4.3111137776235,12.5754671108798,30.855290564225,435.721497140056,2.63418142266838,3
2026-03-08 16:45:00,0.149705148135467,3.03538622214583,14.8878826664163,30.090856153979,435.783426998833,2.67487615248276,3
2026-03-08 17:00:00,0.151567496283533,3.628391333233,15.3871224443653,28.6719115561083,436.123967401523,2.62777690920069,3
2026-03-08 17:15:00,0.151297162951466,1.56530799991963,15.5506942220432,28.8091060005977,435.930752720226,2.60647013178542,3
2026-03-08 17:30:00,0.151777325933533,1.20354755551093,16.9713655560662,28.3883002226523,436.809380044397,2.53127699960152,3
2026-03-08 17:45:00,0.154791511060667,1.09107400000617,16.7080537781665,27.0526277781047,439.66288197453,2.36010328658334,3
2026-03-08 18:00:00,0.1745904222326,1.98935488883054,20.5403048895816,21.8426093335478,440.027858528846,2.58802024748576,3
2026-03-08 18:15:00,0.2166073185207,1.26651400000393,22.8585479999283,13.9482695564003,443.456935458961,2.57663790421564,3
2026-03-08 18:30:00,0.152315192578933,1.7245902221547,18.227079333393,22.6162424444328,438.61508169651,2.37152991559674,3
2026-03-08 18:45:00,0.153396770368767,1.73018066659453,17.6155888888587,23.4309528890374,438.25967727103,2.30576796063822,3
2026-03-08 19:00:00,0.153589037038933,1.96385622215193,17.7213868889347,23.7114477779451,438.20537760934,2.31017868198215,3
2026-03-08 19:15:00,0.152301377769433,2.57437599996227,17.2346639998143,22.6934066667131,438.67421073764,2.46364164969588,3
2026-03-08 19:30:00,0.1534767110737,2.16177222217487,17.0761904441325,21.5127640000596,439.30749021414,2.45091096908185,3
2026-03-08 19:45:00,0.1537380295692,3.02069511108133,17.1015088886578,21.4818953334229,439.585133548743,2.4398400248029,3
2026-03-08 20:00:00,0.149148237047167,3.27723799992577,11.854269555472,30.8535024446304,438.187477341136,2.36601991214243,3
2026-03-08 20:15:00,0.152723496296133,3.3997239999206,15.2081395555008,27.42524577809,439.101588199153,2.32433590106412,3
2026-03-08 20:30:00,0.153284399995167,2.53187044439423,14.9174888888373,27.9283800002833,439.076850861603,2.29927873644696,3
2026-03-08 20:45:00,0.152497037039367,3.20920666661393,14.7770286667701,28.425778000243,439.226590341593,2.30091501205522,3
2026-03-08 21:00:00,0.153482014817633,3.8197108886829,15.7132795555275,26.1543446669413,438.979407266683,2.31910002176618,3
2026-03-08 21:15:00,0.1531420444453,3.8410071109527,15.8638199998986,27.3393693336773,438.37460164353,2.31849049569498,3
2026-03-08 21:30:00,0.153306940743633,3.58339466658026,15.1735273333065,27.3650904447733,438.9803515733,2.28403018485156,3
2026-03-08 21:45:00,0.152867718513667,3.64468288879987,15.1900551110608,28.389938222495,438.523332152706,2.28994207605964,3
2026-03-08 22:00:00,0.1526962666656,4.0716326664694,15.2238002222316,28.558346666899,438.522041467156,2.31258320077811,3
2026-03-08 22:15:00,0.153653762959133,4.1901526664662,15.5541913333219,27.444046666978,438.725508949756,2.30698919803524,3
2026-03-08 22:30:00,0.1531270074066,4.49439666648673,15.3444162222946,28.4396677780317,438.634216632003,2.31297169877929,3
2026-03-08 22:45:00,0.153725540737667,4.3005477776061,15.3664837778677,27.4527433336506,438.561861789523,2.30354665823477,3
2026-03-08 23:00:00,0.153358637030033,5.10434244427687,15.4375735556736,27.498597555855,438.572433563823,2.32116775794281,3
2026-03-08 23:15:00,0.152811755554,4.1944551109316,15.1447475555766,28.6053802224643,438.656454596486,2.34497881316224,3
2026-03-08 23:30:00,0.1526177259237,4.16168488870516,15.1086602222846,28.5980408891403,438.566544241786,2.36735930861592,3
2026-03-08 23:45:00,0.1530924666659,4.15304155536716,15.1764922222343,28.618535111408,438.66966483871,2.3820456653197,3
2026-03-09 00:00:00,0.153794859252967,4.45037555537973,15.797769333368,26.3172822225319,438.68589362274,2.35942480597326,3
2026-03-09 00:15:00,0.152680762959966,5.17462088872733,15.1410537778083,28.7364293336693,438.529540074229,2.40049718516527,3
2026-03-09 00:30:00,0.154493851852033,5.1434544442801,16.2454099999984,26.2750586669865,438.57035240414,2.39702096298173,3
2026-03-09 00:45:00,0.154400607405567,5.1197893331665,15.9876417778502,26.2590200003542,438.74941375474,2.3758114422429,3
2026-03-09 01:00:00,0.155084903706633,3.94159133325566,16.7627004443895,24.7136900002885,439.971172518787,2.36430211506689,3
2026-03-09 01:15:00,0.154097303699333,4.5150886664891,15.942590888888,26.4548968892389,438.646186995426,2.36817352460388,3
2026-03-09 01:30:00,0.153599785179533,5.86480844432863,15.2804977778536,27.6728884448516,438.5851900407,2.38022497227195,3
2026-03-09 01:45:00,0.155554570371633,4.00273466658323,17.5097975554108,22.4999720001637,440.344086757873,2.37895069077651,3
2026-03-09 02:00:00,0.154910829630767,3.6490013332562,16.1127348888478,25.5598433336475,439.348663573023,2.34376763030452,3
2026-03-09 02:15:00,0.154083703700467,4.14477888869816,16.3422115555309,25.6334526669449,438.58327615957,2.31898338318037,3
2026-03-09 02:30:00,0.155009970368833,3.88706155546473,17.27236222204,22.4092188889564,439.52961025108,2.28265097318522,3
2026-03-09 02:45:00,0.1551702740769,3.5692039999309,16.6662782221935,24.4956320003075,439.042105982763,2.28268861868643,3
2026-03-09 03:00:00,0.153360703698667,5.106485333164,15.3079908889201,28.0538106670466,438.573709927213,2.35233439064667,3
2026-03-09 03:15:00,0.1534148148095,5.18004622206136,15.3445815556088,27.646445778149,438.566577849233,2.37856101592012,3
2026-03-09 03:30:00,0.1552476592559,3.8626311110328,16.9514268888211,24.1693977781172,439.51555377539,2.3394600116047,3
2026-03-09 03:45:00,0.1549197703677,4.05679044436214,16.4551091111793,23.3391333334652,439.0887606904,2.24544835695008,3
2026-03-09 04:00:00,0.155645948150167,3.98867466658003,17.3972755553951,21.8005517778867,439.64693383242,2.25534168883417,3
2026-03-09 04:15:00,0.154227577776667,5.1464039998335,15.8105622222264,26.5652237780463,438.556090478223,2.3392068559729,3
2026-03-09 04:30:00,0.153585511107067,4.0448808887131,15.6657488889514,26.3816082225109,438.62060291738,2.29745106916052,3
2026-03-09 04:45:00,0.155563725924167,3.78006999993217,17.4571626663913,20.2728126669289,442.352784812657,2.21373832903793,3
2026-03-09 05:00:00,0.161401185157667,3.94479844440057,21.2410762219074,12.1917493330596,445.741667536531,2.06241836372277,3
2026-03-09 05:15:00,0.241120740720267,3.7774111110758,20.0136531110677,11.0583071106096,447.325040678704,1.90766812051755,3
2026-03-09 05:30:00,0.160924333270267,3.61867688883063,18.6345877774289,13.6618802222617,446.862888076364,1.87148731113425,3
2026-03-09 05:45:00,0.165665340682533,7.12452533352697,22.8479073331937,7.20829477766563,447.980217659887,1.82970571087588,3
2026-03-09 06:00:00,0.162106792533833,4.5395248888276,20.5272051107297,14.3408682224031,446.593256694254,1.92664661538453,3
2026-03-09 06:15:00,0.1614524962396,3.42737311106273,18.5061464439461,14.4954333335199,446.71996388686,1.88265079293937,3
2026-03-09 06:30:00,0.163364896233267,4.71453911106619,20.0627986661684,11.6579444444036,446.888606116614,2.0173796651313,3
2026-03-09 06:45:00,0.1791918073905,5.91697888890039,22.2192555551637,8.06879444434523,447.043041896921,2.14981910159443,3
2026-03-09 07:00:00,0.1646160888079,3.51691266662327,19.8314733329445,6.87782088877424,449.207465019157,2.03404702604744,2
2026-03-09 07:15:00,0.169873614800367,3.78547133324473,19.4148277776295,8.13171755543657,449.05582907014,2.18308664519135,2
2026-03-09 07:30:00,0.1872325259067,3.68848622215616,19.6949584444013,8.23148577764777,449.223373233637,2.45043658365142,2
2026-03-09 07:45:00,0.201465525895533,6.78487711111544,19.332500889094,5.73396144436273,450.421057869794,2.61131263716627,2
2026-03-09 08:00:00,0.2371143629611,8.35587288887034,20.7131073331423,5.71404855551367,450.431533557034,2.77192498977729,2
2026-03-09 08:15:00,0.198444599993267,7.47997844450138,20.044099777492,9.68881333325528,448.097154104954,2.56703552227087,2
2026-03-09 08:30:00,0.1889991036664,6.48315066673173,19.6476644440184,11.9481745556344,447.076428919424,2.12628385949314,2
2026-03-09 08:45:00,0.190219755522333,6.2861124444695,20.12755955513,11.3808785554234,446.672366388451,2.16032473275221,2
2026-03-09 09:00:00,0.1899111629182,6.2250335555988,19.4342479994928,14.5581406671509,446.541450047414,2.10053668516436,2
2026-03-09 09:15:00,0.156505088814767,6.02331977782193,17.5341615553848,19.91657311127,443.093921555347,2.1146887939535,2
2026-03-09 09:30:00,0.1495535481097,5.5762926666911,16.4528131115388,20.5042922223798,441.992509009597,2.25773635060945,2
2026-03-09 09:45:00,0.146825170355333,6.00226111116326,14.4639188895746,22.3914375553808,439.75971764064,2.37205039712424,2
2026-03-09 10:00:00,0.158927525887133,6.40264222232086,17.0577880000701,18.721613778042,446.594031106854,2.55754957902753,2
2026-03-09 10:15:00,0.187699762972667,6.9896053334729,19.533650666204,13.9240026673832,450.41301555168,2.75442877968855,2
2026-03-09 10:30:00,0.172161244452833,6.53631355566764,17.5928966665247,17.1238048890921,449.128939919267,2.64828421560543,2
2026-03-09 10:45:00,0.237153325957533,8.42180955551009,19.9719466662467,16.2279464454083,448.305987353461,2.5888157636857,2
2026-03-09 11:00:00,0.1726290333525,6.3462868889687,19.4479317775988,17.4853453337418,444.677865164654,2.66722119859328,3
2026-03-09 11:15:00,0.1755458555498,6.46886022235117,19.0089488888081,17.9123340006439,445.601544568894,2.74410728236789,3
2026-03-09 11:30:00,0.179846362968233,6.61329577790917,18.9937919994922,17.4178733338449,449.283069100597,2.8703631431031,3
2026-03-09 11:45:00,0.174897714816733,6.4408635556613,17.9340426664264,18.4406868893861,447.568999734077,2.92351675534633,3
2026-03-09 12:00:00,0.164654244442233,6.228927111171,17.7747024443605,19.0263315559486,447.243028364994,2.72122724915903,3
2026-03-09 12:15:00,0.176532448152133,6.35675777788047,18.9443306661338,17.8482060005207,447.402314996714,2.63845054496935,3
2026-03-09 12:30:00,0.149288007396133,6.32406844451143,18.0200335554446,20.5776062224045,443.52949558295,2.47510362419597,3
2026-03-09 12:45:00,0.1473540370124,5.9047000000375,14.6883968893721,26.199438444772,439.74179076602,2.47672013391163,3
2026-03-09 13:00:00,0.148105051841567,5.87171355561393,13.5853075561409,25.3449048892377,440.094923302704,2.47707437300437,3
2026-03-09 13:15:00,0.149215933328733,5.89347133334889,15.8833533338123,24.4572813336064,440.705445614133,2.44331476792247,3
2026-03-09 13:30:00,0.149010637029633,6.016832888944,15.347195111645,26.0845015559643,438.024604109633,2.4262683763748,3
2026-03-09 13:45:00,0.1487250222159,6.08761355544539,14.4356324450073,28.5166468893827,437.254524529566,2.45912350356684,3
2026-03-09 14:00:00,0.149914940722333,6.06273844435919,15.4949235560109,26.4285117781767,437.268714481107,2.48512427503655,3
2026-03-09 14:15:00,0.1385390074376,5.70730911110237,11.6672626669521,27.2200976413197,436.90494519424,2.52858469418865,3
2026-03-09 14:30:00,0.129178857004867,4.6081211108383,9.0269577778083,27.64809519699,436.94050644124,2.51268256524899,3
2026-03-09 14:45:00,0.135114000055867,5.11695888883637,9.54445733328474,26.497843641083,439.130436709796,2.91157427247113,3
2026-03-09 15:00:00,0.150189081473367,5.87617977778746,15.7196397781814,25.8676577780377,439.679590984153,3.89275560044077,3
2026-03-09 15:15:00,0.152856859261533,4.1922759999182,17.361299555511,24.2984746668744,439.321048125567,3.00559019329617,3
2026-03-09 15:30:00,0.1526316592611,5.55671311111686,17.1273715555166,25.348650000195,439.38112325827,2.46040025779673,3
2026-03-09 15:45:00,0.152894059266833,3.7164035554519,17.070003555448,24.659958888993,439.41574507221,2.41843756702081,3
2026-03-09 16:00:00,0.152581051851333,3.884889111026,15.8705782223931,25.603936666941,439.049604798703,2.42639917634797,3
2026-03-09 16:15:00,0.153045170367833,3.73920955534957,15.993210444443,26.096631111362,438.55431542381,2.51578740522642,3
2026-03-09 16:30:00,0.160113807398033,3.42424644436387,16.4178686666494,25.7829557779583,438.60644630592,2.47530116592889,3
2026-03-09 16:45:00,0.154136511112833,4.16736733324394,17.1373248887932,25.2269760001155,438.746894050407,2.38265218476521,3
2026-03-09 17:00:00,0.153555918521267,5.06442222205967,16.9794493333277,25.4910717779429,438.43223980319,2.43414871557589,3
2026-03-09 17:15:00,0.154561355561333,3.9974582221454,16.5977537777525,23.7929322224545,438.92388248694,2.47796143556017,3
2026-03-09 17:30:00,0.154789392592867,3.6754759999217,16.8030497776191,21.955560000128,439.395157504093,2.34908540503982,3
2026-03-09 17:45:00,0.155066422232367,4.82652888882586,17.0937939998041,21.7930788889824,439.190089280777,2.31263337343218,3
2026-03-09 18:00:00,0.1550713111115,3.9347248887977,17.9765668886275,20.3877900001202,440.883653464394,2.31256272726739,3
2026-03-09 18:15:00,0.176508681481767,4.50839377771333,19.0074308887315,18.6197504449556,442.870997944771,2.30292243574731,3
2026-03-09 18:30:00,0.159383399970967,4.1064459999385,19.8798097778998,18.4243440003156,444.899738300677,2.24228181467951,3
2026-03-09 18:45:00,0.1719770296604,3.80743911104083,18.3646844442163,19.3192428892594,443.170067390854,2.25106122235667,3
2026-03-09 19:00:00,0.163480318438534,3.59427377772176,19.9937264439924,12.0160104442916,447.488791048897,2.30577440085463,3
2026-03-09 19:15:00,0.1978996888953,4.26847377771997,20.597594888761,15.4968135559791,446.924630240461,2.27261337573469,3
2026-03-09 19:30:00,0.187396140719967,3.54077044437756,19.6336097773298,15.0235997783041,446.832592208067,2.25488605043226,3
2026-03-09 19:45:00,0.173962733331567,3.48667888883487,19.2079215550696,17.1249640001168,447.002388718441,2.25294264290063,3
2026-03-09 20:00:00,0.174028192598,3.47400622217137,19.1257315551446,16.9715442225167,446.785946782874,1.99998558005386,3
2026-03-09 20:15:00,0.157741592510967,3.8435737777084,17.8893195552108,18.8230208890041,445.735848909757,2.06723778193958,3
2026-03-09 20:30:00,0.1537429925804,3.74140911104697,16.7170168887043,23.3111924445909,439.280254931783,2.21111729481714,3
2026-03-09 20:45:00,0.153009644429333,4.13032799992987,17.4303435553317,19.3360035557369,442.447699900177,2.30717126810411,3
2026-03-09 21:00:00,0.155485940729367,3.6890079999272,16.9045277778342,20.9223037779219,441.827984637573,2.26468384682632,3
2026-03-09 21:15:00,0.154534903690833,5.02682888872663,15.8728713334874,25.5919680001545,439.048263884757,2.21747735898006,3
2026-03-09 21:30:00,0.153995148138367,4.02531244427013,15.4374855557868,26.0566393335769,439.160995815973,2.2054275482325,3
2026-03-09 21:45:00,0.153826622214667,5.88781355557676,15.6903077778261,26.3224566668877,439.34970782239,2.24284913628472,3
2026-03-09 22:00:00,0.153159370363633,5.82531577766213,14.8966253336637,27.4260446669873,439.283956024206,2.22684038165282,3
2026-03-09 22:15:00,0.153509777770467,5.06423533316313,15.4476453334911,26.4094691113186,439.26933460221,2.24221992755477,3
2026-03-09 22:30:00,0.153022037031267,5.13731022204727,15.4916344445901,26.2493804447016,439.22665033282,2.26040806194082,3
2026-03-09 22:45:00,0.1545559036968,5.60755022220829,16.3189175555581,23.6490186668839,439.138129098713,2.75186579739011,3
2026-03-09 23:00:00,0.155206422217467,4.808746444379,17.1883279998371,22.1229708888227,439.409508102903,2.2976392268297,3
2026-03-09 23:15:00,0.154018133324167,3.80129333326267,16.46149644438,23.0724744445732,439.262823229477,2.1430347141356,3
2026-03-09 23:30:00,0.153243533322467,4.90081044438063,17.1805022220154,21.2361248888687,442.113016597933,2.0965571342142,3
2026-03-09 23:45:00,0.155635814752167,5.50044000000109,18.5318051106317,17.672433999923,446.361357095087,2.00646112357752,3
2026-03-10 00:00:00,0.1564902295774,3.70776955548977,18.0993522218268,19.0938775557659,445.679936338674,1.89773652464975,3
2026-03-10 00:15:00,0.158216333292734,3.71884533326633,18.3589299998685,19.238242000387,442.919707007677,1.7894377339358,3
2026-03-10 00:30:00,0.158402703660967,3.6241955554909,16.8785664444386,19.4375528890737,445.807361239317,1.75557544665363,3
2026-03-10 00:45:00,0.161208851807333,3.67328222213887,18.8378453329061,17.174557333413,446.79160039888,1.72892690829968,3
2026-03-10 01:00:00,0.162896162922467,4.4144926666236,18.7464255551596,16.3280940001047,448.111267066467,1.68708703487967,3
2026-03-10 01:15:00,0.161729881445767,3.67942711102436,18.3771922219206,15.2483917779382,447.9138277995,1.61468029061265,3
2026-03-10 01:30:00,0.161644792556767,3.72464511104663,19.5089893328474,12.4720562222658,448.37400945507,1.59336579259921,3
2026-03-10 01:45:00,0.161158622187234,4.5743793332905,18.3745368885811,14.297734888849,448.136626983084,1.60568978166191,3
2026-03-10 02:00:00,0.1615387555086,3.74752822213693,19.2705177773763,12.1952346667325,448.410779477937,1.58627120886942,3
2026-03-10 02:15:00,0.161247540707434,3.76738888882586,17.6612046662203,16.3596106665158,448.15085211489,1.55019796063735,2
2026-03-10 02:30:00,0.1622376073711,3.7687371110462,17.6508859995796,16.1867288887598,448.144213343687,1.51172217783588,2
2026-03-10 02:45:00,0.160183911084967,3.7975397777116,16.9249766664459,16.9296599998053,448.118970374277,1.43764390008028,2
2026-03-10 03:00:00,0.157452281431667,3.5179071110259,13.8909088898148,10.7851862222587,448.833340513397,1.49413244765282,2
2026-03-10 03:15:00,0.1630824666167,5.03152466665286,16.4257908893284,6.27589644431133,450.443769591837,1.49403839384502,2
2026-03-10 03:30:00,0.164606362902167,4.98904800000366,18.8151493334195,5.20420555547663,450.368586377893,1.45865995554237,2
2026-03-10 03:45:00,0.160090555497667,5.00282488886036,15.686308445063,8.1884522221882,449.488066195637,1.3957553162397,2
2026-03-10 04:00:00,0.1572911258943,3.56172199992236,12.3374693335564,7.73918755545256,449.540236610924,1.38477642975024,2
2026-03-10 04:15:00,0.156701296269167,3.52878266657193,12.4503873335801,9.30327133324445,448.558398536724,1.43509044713845,2
2026-03-10 04:30:00,0.157457688858034,3.25097888882677,11.332542222482,7.08107999982356,449.33623532925,1.52946547211266,2
2026-03-10 04:45:00,0.1589664147838,4.9991779999624,12.3525564446094,6.63570466651833,449.819544938737,1.68813644640976,2
2026-03-10 05:00:00,0.157495444404767,5.00095977775963,12.9436768892907,8.92630977775167,449.533041755587,1.5323793768838,2
2026-03-10 05:15:00,0.207107607396933,5.03989644440733,13.9825777780878,6.8540517776586,450.22800966762,1.65619947518186,2
2026-03-10 05:30:00,0.158121548112933,3.2499197777341,12.3792551113256,7.4545059998527,450.367667397887,1.75864279247272,2
2026-03-10 05:45:00,0.1593167332784,4.9590257777542,15.6021657784573,7.86033711112194,449.884577649887,1.72873203247797,2
2026-03-10 06:00:00,0.160367681427934,4.54127244439913,18.3700131111384,10.9944622223146,449.035209988067,1.67342971013716,2
2026-03-10 06:15:00,0.160320814756767,4.98889377775373,17.8508311113185,8.0886948888653,449.661851610847,1.71829174461539,2
2026-03-10 06:30:00,0.1602110369825,4.93829644442163,17.948107777433,15.3982177777215,448.864947505894,2.03468967395444,2
2026-03-10 06:45:00,0.159259355482467,5.20019600001386,18.5091726663226,17.58188755549,446.793266951044,2.14479022583631,2
2026-03-10 07:00:00,0.165808074025467,5.31519533333652,17.2865073333459,18.8947017780146,445.827307279864,2.19068356481096,2
2026-03-10 07:15:00,0.154566636963733,5.33767400001769,17.2708662222476,19.164282222477,444.36627016305,2.23104939355022,2
2026-03-10 07:30:00,0.165505636981267,6.3648435556044,18.5383604440964,17.849991889047,446.175529224597,2.24453600003919,2
2026-03-10 07:45:00,0.153384659189467,6.11626288892063,18.4465524441162,18.2458380002648,445.652277751914,2.18332263996439,2
2026-03-10 08:00:00,0.1530707184506,6.04984844448083,17.7334391108607,20.9919135553952,442.280226162813,2.22948906014061,2
2026-03-10 08:15:00,0.157586718426067,5.6992982222448,19.4459973336093,19.2684260004179,444.59565483777,2.18407589373211,2
2026-03-10 08:30:00,0.158991622149867,5.79584844446166,19.094195555834,20.7096595554241,445.596596471077,2.13827060866197,2
2026-03-10 08:45:00,0.165018748131333,3.83855422218706,21.2272024449149,18.1867040005257,446.208042710993,2.13631573445244,3
2026-03-10 09:00:00,0.172345651912967,6.22817577787443,22.5511591115097,17.1854157783097,448.571332590837,2.21041702793179,3
2026-03-10 09:15:00,0.177581896323933,5.1327968888646,23.2456968889112,16.0420526670143,448.406209252447,2.1815836880267,3
2026-03-10 09:30:00,0.177001577785033,5.75185577780377,22.6253286670694,16.8969735561473,448.92044653433,2.41293914914582,3
2026-03-10 09:45:00,0.175386511154067,6.00608911108989,23.3986144444972,16.0416453336847,448.35439226431,2.32992000615494,3
2026-03-10 10:00:00,0.1992853481598,5.23280288885856,21.5270479999542,15.8328571117878,448.581081088994,2.29610830149484,3
2026-03-10 10:15:00,0.1857561258774,4.412003333287,23.343649333333,15.4057857783299,448.47213809991,2.18604428549569,3
2026-03-10 10:30:00,0.204087674061167,4.21375488885906,23.4625886665963,13.0145057784089,448.543008396964,1.97857232018904,3
2026-03-10 10:45:00,0.187250036997167,3.92205999997089,23.2330073332252,14.3885284449031,448.460313168777,2.2781659790683,3
2026-03-10 11:00:00,0.176662081504667,5.4651333333617,21.1365406667427,16.0783148891239,448.538984957321,2.41030709583868,3
2026-03-10 11:15:00,0.173894444499433,3.78544488884256,20.7900226666382,16.2903295558361,448.193824840187,2.59859765071118,3
2026-03-10 11:30:00,0.1741870296727,5.78729822223843,21.0256175555525,15.9071366669785,448.345858877181,2.22031553005143,3
2026-03-10 11:45:00,0.1768908074346,5.79067288891109,21.0604204444315,15.4812806669387,448.570259290971,3.46161359968967,3
2026-03-10 12:00:00,0.175768533375733,5.80875422220279,20.7027744442848,16.0733493336614,448.287129539854,3.07228364279148,3
2026-03-10 12:15:00,0.163211985122633,5.48294733332046,20.4959795554117,16.5805288891213,448.094216571387,1.96887042322506,3
2026-03-10 12:30:00,0.169391888862767,5.82298599997866,20.7804808888378,16.2564880003461,448.153623916107,2.01978721775017,3
2026-03-10 12:45:00,0.1716440666951,5.85051888889359,21.1684575556392,16.0879426670013,448.222718026824,2.25421459980713,3
2026-03-10 13:00:00,0.176853207436633,5.08429977775813,21.1467824444762,14.5845571114431,448.267377546361,2.51061573636468,3
2026-03-10 13:15:00,0.179069911130833,5.69467488892793,22.0551215554675,13.2980420003287,448.723683562464,2.59868985795816,3
2026-03-10 13:30:00,0.2018389629246,10.0138537781318,25.172025999676,6.41012055554196,449.350352102627,3.00342143605148,3
2026-03-10 13:45:00,0.235558985152833,6.06641644449633,23.9669186666474,8.1070957777193,450.67449930995,3.01396567438019,3
2026-03-10 14:00:00,0.2643593851906,8.87355644431382,24.8027511109353,5.35378411112503,452.55271110741,2.1989596877987,3
2026-03-10 14:15:00,0.2114783555145,6.98590022215497,22.3791211109194,9.82960711111121,450.591389062007,1.92528240190882,3
2026-03-10 14:30:00,0.204485155533567,6.24274955555163,20.42080333296,11.3197317779812,450.220654112227,2.78157944251212,3
2026-03-10 14:45:00,0.219795503687733,7.02233666659813,21.874363777753,9.87872955556171,451.759424949397,2.78839478810331,3
2026-03-10 15:00:00,0.221420459242867,6.09374088889303,21.177047111091,13.0767851117799,450.38460773515,2.82937322292786,3
2026-03-10 15:15:00,0.1793828148193,5.10830355554643,19.3754366663784,16.1823251112843,449.582050616571,2.34226330469347,3
2026-03-10 15:30:00,0.1898101110778,5.30376288891923,20.586139777398,15.207047333616,448.374562198757,2.09975899606407,3
2026-03-10 15:45:00,0.1958843184918,6.2147620000231,20.7280557773323,13.3798776670774,448.522228131867,2.92077417566601,3
2026-03-10 16:00:00,0.1767061852138,5.08304422223269,19.7183933330651,14.4269857779752,449.31399595673,2.48608751148312,3
2026-03-10 16:15:00,0.189563118500666,4.6539173333183,20.1286793329583,15.2901377781711,448.929258693194,2.13057083913136,3
2026-03-10 16:30:00,0.1708725555638,5.06334244443479,19.0327848885013,15.9511622223271,449.222373264224,2.19417008138465,3
2026-03-10 16:45:00,0.170672422233067,5.11378244444879,19.8442155553252,16.1172993335101,449.264021541747,2.21414937386528,3
2026-03-10 17:00:00,0.174682051894,5.09669733333886,19.6863017775482,16.3116137779947,449.535476626584,2.2017956472978,3
2026-03-10 17:15:00,0.173805185218533,5.09582822221873,19.2072819998582,17.4010253337902,448.866241182144,2.25665941543683,3
2026-03-10 17:30:00,0.174254081525933,5.10259133334446,21.086057555107,12.728336666953,449.379517766631,2.13919305254308,3
2026-03-10 17:45:00,0.162991496242534,5.85711044446753,18.8422811108302,17.6349795557898,449.37407414566,2.13769758842846,3
2026-03-10 18:00:00,0.164453918491934,5.08800088887213,18.9064139998052,17.9650353337266,448.759200018907,2.19892811147838,3
2026-03-10 18:15:00,0.164876488874734,5.11193266665023,18.7785835553176,18.0811637781519,448.956052032664,2.23720664218559,3
2026-03-10 18:30:00,0.165413303671967,5.82859399998506,19.9373088888612,17.6684657781457,448.729714814767,2.39813780367921,3
2026-03-10 18:45:00,0.168289414842333,5.0839835555644,19.5391126665863,17.9407995560008,448.529586110754,2.37942647656306,3
2026-03-10 19:00:00,0.1744719555953,5.83259844442979,19.983100000211,17.4078864449609,448.396074757101,2.36308736883837,3
2026-03-10 19:15:00,0.167888355612533,5.09100000000173,18.3215684443263,19.9469644444872,445.370413860717,2.57507931794597,3
2026-03-10 19:30:00,0.169472348215433,5.72035644447723,18.50173866659,19.9188257778995,445.05584773399,2.66125958682497,3
2026-03-10 19:45:00,0.1626593999619,5.04630488889136,18.0617466665773,19.6543260001909,445.731712224763,2.52947312274203,3
2026-03-10 20:00:00,0.155524911054167,4.9886408888786,17.9705057777021,19.5364591114656,446.413168481324,2.07871288571052,3
2026-03-10 20:15:00,0.154690444376467,5.0343193333184,16.4501228889436,23.4271906662976,441.97551442294,1.84235256683624,3
2026-03-10 20:30:00,0.154662799946967,4.92137177777553,16.5240066668226,19.4741542225265,447.151080589914,1.82278794742837,3
2026-03-10 20:45:00,0.154544962917467,4.3882975555093,16.4113840001363,19.5195735558516,446.817694265737,1.83021570159385,3
2026-03-10 21:00:00,0.155345533274767,6.05344533336886,16.9686973333869,23.6466366663929,442.535174925236,1.83568922714136,3
2026-03-10 21:15:00,0.1546715925418,4.90404577775583,16.8586377778561,23.1877544441562,444.563605442156,1.83932282466171,3
2026-03-10 21:30:00,0.154869036992267,6.15572155559917,16.299990444521,23.6193893329558,444.692330635623,1.82005302806852,3
2026-03-10 21:45:00,0.154637636988734,4.8886853333387,16.5991455555676,23.130503777441,444.800972032027,1.75797070411815,3
2026-03-10 22:00:00,0.154853066618634,4.99004622220376,17.5013239998177,18.9081520003568,447.468691830374,1.73440782112888,3
2026-03-10 22:15:00,0.159513074028033,3.96950199992339,17.8354173329626,17.1403724444677,448.82807241867,1.62552201496477,3
2026-03-10 22:30:00,0.1609283925383,4.5371224444097,17.9351622217199,15.3637900000224,449.307486467144,1.53376812256972,3
2026-03-10 22:45:00,0.1601642740303,4.48081088885246,18.014918888422,16.8503871111925,448.861557756884,1.51681503486835,3
2026-03-10 23:00:00,0.1601276740321,3.9095895554711,17.8811071106559,17.0085655556032,448.734199276014,1.49164622676437,3
2026-03-10 23:15:00,0.160288192540567,4.98905977776283,17.7317524442866,15.2911600000065,448.863034125837,1.48638096195325,3
2026-03-10 23:30:00,0.1590033555188,5.03000866661413,12.3971831112509,6.79709577768237,451.312396988661,1.46292038711161,2
2026-03-10 23:45:00,0.157676348105567,4.97739888884743,13.5224335561776,12.2531391113294,451.052753863454,1.43250779173542,2
2026-03-11 00:00:00,0.157192599971667,5.00414844438746,12.457573555725,10.9091873333147,449.890288677844,1.41097378495705,2
2026-03-11 00:15:00,0.157843429598767,4.22269511107173,11.6255742224959,7.50105066643909,450.920799743641,1.42366851854992,2
2026-03-11 00:30:00,0.1567615925574,5.06498999994916,11.125197778027,8.03221777763397,451.88198005319,1.48257699094043,2
2026-03-11 00:45:00,0.158807866637,4.96497911105209,11.5343002224953,5.91793311097347,453.803918847027,1.50277704326859,2
2026-03-11 01:00:00,0.159271096254667,4.9445897777349,12.5111764447707,8.21560311113417,454.643945559417,1.43205973714912,2
2026-03-11 01:15:00,0.156488674044734,3.31568866658587,11.194044666977,8.3744102221453,453.939640833087,1.45377532024443,2
2026-03-11 01:30:00,0.157967518484,4.93548955552883,11.038185333593,7.13253799987706,457.606352275364,1.50633815048484,2
2026-03-11 01:45:00,0.159594237000734,4.95006933326976,11.8547973335618,5.73826222211254,454.869052754767,1.54827448049788,2
2026-03-11 02:00:00,0.1599538221841,4.92973888884997,10.9781513335856,5.57944044438787,457.155502777447,1.50897190988309,2
2026-03-11 02:15:00,0.160278199959433,5.02311355550693,10.2571004448108,4.44684777783743,455.491973059674,1.66317174419304,1
2026-03-11 02:30:00,0.158983133299734,4.77246799996414,11.2429820002705,5.50119888883483,457.481719255687,1.5777616711129,1
2026-03-11 02:45:00,0.1619194666315,5.3913371110633,11.7615053336001,2.11543517066009,457.990568820584,1.66006578832759,1
2026-03-11 03:00:00,0.161820474033067,4.81308266659687,12.4141804447023,5.1988364444358,458.123754051577,1.57429173032037,1
2026-03-11 03:15:00,0.1597261110774,5.75598266659379,10.9946657780148,5.45974511108274,457.168250258187,1.55769696504117,1
2026-03-11 03:30:00,0.1595148296019,4.75355155551534,11.9017871112863,6.0664773332899,458.516165282733,1.54650284863634,1
2026-03-11 03:45:00,0.1590054740323,5.70579355553476,16.6612122224197,15.0587244446116,454.723651888763,1.56575435643095,1
2026-03-11 04:00:00,0.1585446221749,4.91858133326733,12.828938444905,9.89230822250807,457.557544828523,1.45145895185989,1
2026-03-11 04:15:00,0.159947140694967,4.88738688883583,17.2591860003663,11.0267117780176,455.49818199785,1.58401247886873,1
2026-03-11 04:30:00,0.157654311078867,3.51539044437,17.4672544439264,18.3855022223916,455.67962839278,1.50865077123479,2
2026-03-11 04:45:00,0.158448274036733,5.05008311110853,18.8846742218702,17.587254444569,452.32812825321,1.58055360650373,2
2026-03-11 05:00:00,0.155865244405967,4.98595622219689,16.81388377747,19.4220713336784,447.390516786187,1.57882806473883,2
2026-03-11 05:15:00,0.160394140697267,3.68376266662573,20.4622068888623,17.1079433334954,448.630245192121,1.48509332968457,2
2026-03-11 05:30:00,0.161283355513,3.66934111105253,19.4955097775474,16.7268700001249,449.452653937701,1.64624115112613,2
2026-03-11 05:45:00,0.1551063851409,5.90657311113053,17.104913111035,18.9992148891321,447.196345880617,1.66046836450216,2
2026-03-11 06:00:00,0.156251807368633,5.9313200000243,17.2622884441051,18.7507737780049,449.563878858314,1.52631041929825,2
2026-03-11 06:15:00,0.171497096312533,6.18998555556667,19.1611315553263,14.7760627778703,450.85319825025,1.43595694615138,2
2026-03-11 06:30:00,0.163671933276433,6.1652428888902,18.6633591106166,13.7678861111818,451.946339630274,1.46857203124401,2
2026-03-11 06:45:00,0.162587436984234,5.06456711110446,18.9644151105737,13.5101737778254,450.897355676574,1.47653930785419,2
2026-03-11 07:00:00,0.174775266721633,4.51588199996089,19.4229282218657,11.7918988888222,451.228381367697,1.6035415808853,2
2026-03-11 07:15:00,0.168842651862233,6.0174024444541,19.0270944443614,10.7828582223491,452.603354656597,1.83555461905555,2
2026-03-11 07:30:00,0.1684638074047,5.77828088887286,19.3959217775634,13.3430517778974,454.811404633517,1.81042480105468,2
2026-03-11 07:45:00,0.1637348295686,5.93788688887596,20.6837733331566,7.43317533334797,457.076944205764,1.98124377630968,2
2026-03-11 08:00:00,0.161881799950534,5.09972577777673,19.9162173330233,11.7593488889067,452.271349705857,1.91623329908269,2
2026-03-11 08:15:00,0.160082207358567,4.51782999995466,18.6694748884073,14.2841906667597,451.082204140964,1.84268191938415,2
2026-03-11 08:30:00,0.1616073184743,4.99538533329709,16.899677333131,17.3479899999475,450.405340252377,2.92224789500222,2
2026-03-11 08:45:00,0.168886874088867,4.5330779999603,17.8428635548703,15.9728022222066,450.658030325677,4.34474336412049,2
2026-03-11 09:00:00,0.166152599973533,4.5280984444055,17.9433648882281,17.1350313333541,450.666676536787,2.74234512885547,2
2026-03-11 09:15:00,0.166619422196433,5.05097777777319,18.3832066662331,16.8891695556429,450.517030604197,2.77681255730058,2
2026-03-11 09:30:00,0.1605396740263,5.05443488888039,18.609715999581,16.3779020001044,450.5574550485,1.93727356147856,2
2026-03-11 09:45:00,0.162189659199067,6.1854362222399,19.6460362219569,14.2614864446365,449.73321450205,1.86594134489214,2
2026-03-11 10:00:00,0.161410725871234,6.0459155555816,18.8697168884663,15.5747706667783,449.64872745867,1.84453838685075,2
2026-03-11 10:15:00,0.1582028592174,5.02102488888323,18.4324815551698,17.4471111110754,449.450386110814,1.72609591042902,2
2026-03-11 10:30:00,0.1580736888342,4.98691288890409,19.3066073331414,17.951437555901,449.172998589771,2.50060764097088,2
2026-03-11 10:45:00,0.159268511048433,5.06277022222173,18.2326893332222,18.3883008892022,446.747832949943,2.86727492094622,3
2026-03-11 11:00:00,0.158208192533533,5.14104266664783,18.2073973331199,18.7984400003624,446.680141894894,2.15215391682986,3
2026-03-11 11:15:00,0.1581488221677,5.89653799998253,19.8700920002444,18.0588900004539,449.111808052624,2.20554064554792,3
2026-03-11 11:30:00,0.158270799941767,6.06724377780023,20.4128626668527,17.7725246670406,448.875535769724,1.93341158910422,3
2026-03-11 11:45:00,0.155533259211767,6.03449400003313,17.9117866666586,22.5952971106933,444.015061639833,1.65236938714187,3
2026-03-11 12:00:00,0.1550275332862,4.4832195555196,17.4445495554176,20.0387662224387,445.581188766607,1.44233674877995,3
2026-03-11 12:15:00,0.1556586073604,5.08275244442749,18.0355139998836,18.6335440004319,446.278996316864,1.39537144698598,3
2026-03-11 12:30:00,0.1569486888367,5.92765288890976,19.3584386664548,17.843219111605,448.217505798487,1.39885112789801,3
2026-03-11 12:45:00,0.160692362910334,5.21672266665572,20.1569539996884,16.6114453335513,448.233545856784,1.49597641434983,3
2026-03-11 13:00:00,0.1579895110547,5.10630355555416,19.3653795553698,17.8217493337929,448.344312602431,1.45659213890135,3
2026-03-11 13:15:00,0.156894474020567,5.08078733331519,18.4681551109084,18.2116920004446,448.361122424244,1.44679596852457,3
2026-03-11 13:30:00,0.1592435925297,5.07592488887213,18.6896473330634,18.0825593337276,448.489793368151,1.44811414834983,3
2026-03-11 13:45:00,0.157686133272467,5.07544511110689,19.0224193331196,17.894024000425,448.517599895967,1.64347049737877,3
2026-03-11 14:00:00,0.1622125110506,5.81781400002573,20.4610408885835,16.2692524447129,448.45299600911,1.59241593637261,3
2026-03-11 14:15:00,0.174829851899267,5.17663222221709,20.4612206663605,16.1548011113942,448.359035535134,1.46576530622893,3
2026-03-11 14:30:00,0.163992696235067,5.04909466666313,19.4642357774359,16.9005180001249,448.774107113307,2.39668717064148,3
2026-03-11 14:45:00,0.160642274019334,5.04873733333523,19.2859879996779,16.5116455557553,448.946751983484,1.48424140575111,3
2026-03-11 15:00:00,0.160315733275534,4.4576304444093,18.3018988885232,17.4532999999591,448.936295010817,1.51995826231568,3
2026-03-11 15:15:00,0.163739999934567,5.07707866668106,19.6924491108524,14.8315531112759,449.12206637683,1.56028877050469,3
2026-03-11 15:30:00,0.173884970367033,6.41762377780993,22.833242222026,6.993380777793,450.230457909207,1.99754303682606,3
2026-03-11 15:45:00,0.192674362928666,5.18008777781373,22.2112615552047,7.636574444424,449.958411781167,2.29881691292808,3
2026-03-11 16:00:00,0.176788288926,5.03394422224829,21.0043904440704,10.3065568889071,450.12317540064,2.67495097273084,3
2026-03-11 16:15:00,0.2149073629383,5.167847111122,20.8821799996716,10.7272622221088,451.59101343283,2.71373827655021,3
2026-03-11 16:30:00,0.1757332222619,5.02070222221389,19.5426191106261,11.6749104444542,450.857590077957,2.8085139397284,3
2026-03-11 16:45:00,0.227105370379733,7.84025266643723,23.8967162219777,4.2477837777831,454.87304884901,2.78737125220165,2
2026-03-11 17:00:00,0.1845487184974,4.94159200001716,19.576406666283,9.95431599999777,448.596859295184,2.91701413295912,2
2026-03-11 17:15:00,0.220494792592967,4.59163711111163,20.5484486665033,6.35811022218337,451.506285185067,8.82602697565765,2
2026-03-11 17:30:00,0.213555059297033,5.24145488888959,20.5176768886827,5.22124022218044,450.309073016587,3.09294918829265,2
2026-03-11 17:45:00,0.178878140721533,4.41472999997536,19.4076946661587,7.81091377776577,449.966932845768,2.78183621202329,2
2026-03-11 18:00:00,0.2140578703702,3.75013533327176,18.2849662225462,13.2323151118662,452.014190653867,3.34444182613418,2
2026-03-11 18:15:00,0.210872170399266,5.19704777775799,17.8175551116243,7.34554133329414,452.690134010558,4.21463283260764,2
2026-03-11 18:30:00,0.222898466759966,5.15979666669586,19.7914144441313,11.4153339999687,452.01034402592,2.19515334013085,2
2026-03-11 18:45:00,0.1636786740392,4.94837155554589,17.7317942221676,14.5079097777525,449.238060011643,2.15991397971488,2
2026-03-11 19:00:00,0.155963970315067,2.84847399991777,17.1636835557302,11.3720051112603,449.918183928846,2.18685732165652,2
2026-03-11 19:15:00,0.155511088818434,6.06972999999473,14.4766115564111,8.6340146666735,451.610536743704,2.43090459190178,2
2026-03-11 19:30:00,0.156719696238334,5.53451822221279,15.5768133338526,8.39235955557437,451.582349696164,2.35432397700577,2
2026-03-11 19:45:00,0.2058307333254,3.25400999991647,20.146451333382,7.1688197777332,452.275293745437,1.99480815592478,2
2026-03-11 20:00:00,0.1559356888392,4.20763222218389,15.1895811115728,11.6126968891291,451.517918812391,1.83674625518204,2
2026-03-11 20:15:00,0.155947933276134,4.8803831110689,15.4069666671716,9.13161844446447,455.094798989087,1.60049627658197,2
2026-03-11 20:30:00,0.1544299258793,4.40655622218519,14.5631737780728,16.3349840001547,451.387648782347,1.55014419107989,2
2026-03-11 20:45:00,0.1536173258918,3.14228755547863,15.2010133335208,19.1804271110872,450.01178779014,1.54400682903187,2
2026-03-11 21:00:00,0.1530578888412,4.99959755554886,14.2274037783218,19.7441088889797,448.389481447157,1.74033185462193,2
2026-03-11 21:15:00,0.150164814764433,6.2885311111379,9.68298466651928,23.8670753327934,442.37431402258,1.99077268184538,2
2026-03-11 21:30:00,0.143896014811933,6.4729575556345,8.9900084443247,25.7234251108806,443.391010836163,2.26491175804637,2
2026-03-11 21:45:00,0.144111777757,6.4740462222929,9.9184762225277,27.3275468886916,441.270732065553,2.2998608981021,2
2026-03-11 22:00:00,0.1466349703475,6.39470755562853,12.8999513338177,28.1147593331297,440.019927233496,2.2992647915234,2
2026-03-11 22:15:00,0.145960481454133,6.1383888889133,13.4897051116611,29.0146100001299,438.848313017123,2.26512412973626,2
2026-03-11 22:30:00,0.146557140713067,6.31575755559434,14.1187295560451,29.2126228891532,438.860237091266,2.27600806805379,2
2026-03-11 22:45:00,0.1447340370144,6.15151533339186,14.0424024449499,29.3791884447942,439.007212995187,2.28253037248941,2
2026-03-11 23:00:00,0.14530714072,6.0231237778325,14.245520222761,28.9073648889852,438.881098295233,2.27969424061325,2
2026-03-11 23:15:00,0.1467459999614,6.04153688894563,15.5100466670074,27.2415953331155,438.9898267096,2.27958979029506,3
2026-03-11 23:30:00,0.145467259226167,5.4657622220836,14.2123853338056,29.3392953336805,438.914015490096,2.25443316886319,3
2026-03-11 23:45:00,0.146341074030133,4.92591288873447,15.0081502225403,27.7033619998252,439.933470548963,2.24582286358396,3
2026-03-12 00:00:00,0.145944540711733,6.06513688893937,14.7920917779769,29.5703124447986,439.969490516817,2.27732277215737,3
2026-03-12 00:15:00,0.1482242592233,5.7118560000353,16.1912042221438,26.004633999822,440.677180931536,2.23185887772347,3
2026-03-12 00:30:00,0.1490233999637,5.46334577779123,16.716042888763,23.5679537776652,440.291642984346,2.17520211578315,3
2026-03-12 00:45:00,0.146715274037533,5.74953622211179,14.8768155555177,28.9047297779856,439.88722330594,2.23916686010344,3
2026-03-12 01:00:00,0.146080762932067,5.65851422210909,14.8129026667693,29.575205555859,440.114279968803,2.25563589942798,3
2026-03-12 01:15:00,0.146049251824467,4.88285577762213,14.8496697777284,29.3651331115137,439.880300941407,2.25837897301323,3
2026-03-12 01:30:00,0.149289666627133,5.33392599997796,15.4684315558094,26.2897406664717,440.011021031913,2.20866385401416,3
2026-03-12 01:45:00,0.146856755510167,5.68704222212026,14.9935406666352,28.6457702222933,439.898943617813,2.22000867465231,3
2026-03-12 02:00:00,0.148269829591333,2.61398111108673,16.0087286667651,24.4166959999229,440.749318444209,2.14113397394809,3
2026-03-12 02:15:00,0.147294570325,3.59394555538613,15.4797702221226,27.4510286664432,440.05958584696,2.18521494344967,3
2026-03-12 02:30:00,0.148697081442,4.57327266660897,16.1478462222493,25.2245262220606,440.771509868633,2.16764350089136,3
2026-03-12 02:45:00,0.148559725883966,3.68989266659557,16.4905768887488,23.3370819998219,440.409097032263,2.15218154660981,3
2026-03-12 03:00:00,0.148742074031567,4.6487895554986,16.5421622220361,23.1208911109109,440.484274146896,2.14321503586448,3
2026-03-12 03:15:00,0.148513059216967,3.38754533327577,16.4117466665206,23.6004719999256,440.476849020399,2.12529998314826,3
2026-03-12 03:30:00,0.149367703646667,2.76330177773413,16.8921155555914,20.5271493335354,442.56285243668,2.08365138940912,3
2026-03-12 03:45:00,0.1544829629015,3.04833288886687,16.9023373332259,19.3898471114399,444.242010117044,1.89201205164464,3
2026-03-12 04:00:00,0.155471036975134,3.36570822215937,17.4654108887441,21.3504448886617,442.73527388206,1.85906201010979,3
2026-03-12 04:15:00,0.155300822175767,3.54059222217313,18.4268819999024,18.7509704448596,446.347292362147,1.78440250629451,3
2026-03-12 04:30:00,0.155782177725467,3.52324911105673,18.8040151109007,18.6006080004771,447.474115204987,1.78397558916065,3
2026-03-12 04:45:00,0.155555696254767,3.45398111106693,17.9122288884681,18.7550308892728,448.757006024217,1.733895557182,3
2026-03-12 05:00:00,0.1553801777298,3.57713577773257,18.5300819999698,19.6218477782039,445.963293665377,1.70891457940319,3
2026-03-12 05:15:00,0.1556375036555,3.35569222217007,18.127481777671,21.0160048887137,444.76590294558,1.83658086454147,3
2026-03-12 05:30:00,0.156568207362867,3.57784799993817,18.3478908885148,18.248752889204,449.09590731032,1.66919810917578,3
2026-03-12 05:45:00,0.156793118482833,3.22460444439623,17.6499226662999,18.5315840000904,449.572105631947,1.9639140070344,3
2026-03-12 06:00:00,0.159641148104634,3.52905022216176,18.2374866664489,14.730559333363,449.61531473436,1.63146300004213,3
2026-03-12 06:15:00,0.155225762907234,4.9437695555274,16.4705577778396,19.8128455556864,445.864949371807,1.78108746252492,3
2026-03-12 06:30:00,0.155008488822234,3.6927008888077,16.420647111187,20.0390551112249,444.682083492104,1.84070119660274,3
2026-03-12 06:45:00,0.154335555491267,3.53322466659107,16.4448877779103,19.8570542224275,444.716963584867,1.87432822966742,3
2026-03-12 07:00:00,0.1521960666007,5.32343888891119,15.2482568892465,23.6150744442515,442.09162587739,1.99963793708798,3
2026-03-12 07:15:00,0.148523362910867,5.49732888888223,15.7074877779477,26.2289626663834,440.949730932213,2.16527289594967,3
2026-03-12 07:30:00,0.149948074015833,6.00104888893999,16.7783877779084,20.3709200002264,442.914917775587,2.08704269918255,3
2026-03-12 07:45:00,0.148927281438867,5.41363288891913,16.7081722222586,21.7606411109626,441.194151386806,2.11326001733462,3
2026-03-12 08:00:00,0.148555659223567,5.50090688887473,15.8905377778682,25.7837777775556,440.530207666053,2.18079686469625,3
2026-03-12 08:15:00,0.148520274044867,5.47690533334203,15.4789444446547,26.2701384442757,440.555954989243,2.25214436011904,3
2026-03-12 08:30:00,0.149136859224167,3.66307688882367,16.4899117780365,20.4653886667876,443.197979094363,2.19480202180989,3
2026-03-12 08:45:00,0.149235355518967,5.48000777777833,16.2487515557726,21.8053915553309,440.869976424973,2.20174575422932,3
2026-03-12 09:00:00,0.1488747407176,6.16438644447947,15.471117111393,27.3072364441995,438.605436033793,2.32777958066069,3
2026-03-12 09:15:00,0.147006281450333,5.76156511103503,15.1104137781497,27.6749488887415,438.262788836533,2.33778667758079,3
2026-03-12 09:30:00,0.147506740713333,5.76062955548336,15.6832140002844,26.7621502220735,438.9283290468,2.40709236957665,3
2026-03-12 09:45:00,0.146760688864767,5.65901777780009,15.5049946670735,26.3239617776122,440.65636387873,2.37167097209168,3
2026-03-12 10:00:00,0.145631096281967,3.71278866657834,14.0627400004485,26.8542662221137,440.177746201267,2.42560225023716,3
2026-03-12 10:15:00,0.146241140728967,5.66982800004103,15.2252948893075,25.619963333222,441.50692288172,2.41908680369273,3
2026-03-12 10:30:00,0.143818681471067,5.97551200005247,13.16659933378,27.5175311109457,438.64996832017,2.46868629243521,3
2026-03-12 10:45:00,0.2263520444536,7.52609688888027,16.2837451114755,23.6313871111864,438.556320089306,2.45945801620218,3
2026-03-12 11:00:00,0.1454079925711,5.97715555558373,13.0142984448461,27.1573071110831,439.137393324933,2.47051000221635,3
2026-03-12 11:15:00,0.148600414792233,6.0411395555953,15.9736882225326,25.0866766667227,441.272164079373,2.47192059103605,3
2026-03-12 11:30:00,0.1459243777591,5.95536222212756,15.9615428889771,26.943140888791,438.34484126312,2.45409841458691,3
2026-03-12 11:45:00,0.146314585154967,6.03830355561017,15.2956397781609,27.503143999998,438.279892232127,2.47761618150808,3
2026-03-12 12:00:00,0.146536970340867,5.97392266656873,15.1125686670462,27.1795395554617,438.16522115623,2.51844267124233,3
2026-03-12 12:15:00,0.140976266636667,5.82905688894729,10.3562364447747,27.910844222154,438.147784824806,2.51359002128162,3
2026-03-12 12:30:00,0.146129377760267,5.90884466670253,13.32947355591,27.2968912819141,441.056763546503,2.50628900405146,3
2026-03-12 12:45:00,0.1452490370096,5.7615677778387,14.2367637782052,27.8751655042097,437.907819562743,2.51087001597108,3
2026-03-12 13:00:00,0.1458580221946,5.7956880000559,14.7950977782235,28.8972730601153,437.674611096623,2.48486335472627,3
2026-03-12 13:15:00,0.145039859233933,5.8039631111722,14.5210506671398,29.1165090602123,437.441588458407,2.50821632650225,3
2026-03-12 13:30:00,0.1461824666387,5.63528711102273,15.3377446670454,27.9693895044187,437.676677405023,2.51132439357297,3
2026-03-12 13:45:00,0.1461184666408,5.78337733320346,15.3677248892289,28.1139829744807,437.566909930177,2.50332780767659,3
2026-03-12 14:00:00,0.1462108296003,5.82034644431363,15.3941780003051,28.004836307872,437.568890292163,2.50359610069002,3
2026-03-12 14:15:00,0.145992540721533,4.39365066648333,15.4364642222844,27.9251685300497,437.75520633954,2.49980591028709,3
2026-03-12 14:30:00,0.144643948130033,3.94560311093153,15.21746933322,29.5624602228267,437.669012219887,2.47871536012551,3
2026-03-12 14:45:00,0.145052688864733,3.9350831109237,15.4367039998513,28.699603111651,438.807254125257,2.46850827624982,3
2026-03-12 15:00:00,0.145910785161033,3.2517575554854,16.0982291111653,28.5395904448817,438.67950986195,2.41562111373123,3
2026-03-12 15:15:00,0.147120266641533,3.3196815554984,17.1654913334966,26.4982726667016,438.809759934624,2.36069476658829,3
2026-03-12 15:30:00,0.146333437007267,3.32958955547787,15.9892593333135,27.8434848891527,438.634388580984,2.36399984190875,3
2026-03-12 15:45:00,0.1478082221977,3.41310688881747,17.5565653334778,26.0157448889472,439.59318234157,2.38952649536071,3
2026-03-12 16:00:00,0.147662755529133,3.51892999991733,17.4965148889491,25.8717831111652,439.442707009,2.33230678698589,3
2026-03-12 16:15:00,0.1485214666448,3.15933577773867,17.3450286665089,23.8688595555754,439.51400447736,2.53772474924448,3
2026-03-12 16:30:00,0.1484177184958,3.1302004444038,17.7730006666742,23.5448819998851,439.264714670533,2.51196678367103,3
2026-03-12 16:45:00,0.148580829608233,3.08821422218796,17.1184506665386,23.8447175555498,439.416722184857,2.68244893611918,3
2026-03-12 17:00:00,0.1481187555364,1.91856599993516,17.8062144444423,23.3852459999378,439.213001374593,2.39236428061653,3
2026-03-12 17:15:00,0.149024903677367,3.58990244436633,18.3563933335519,23.1629113333015,439.605520521517,2.29646103610751,3
2026-03-12 17:30:00,0.149335837004833,2.43967711107523,17.6285231108454,21.2266853332956,439.6605549346,2.24827349142989,3
2026-03-12 17:45:00,0.1505214962579,3.72110733325393,18.269978221828,18.9359166669284,446.684362748194,2.14003347717296,3
2026-03-12 18:00:00,0.156814392531067,3.63804911105737,20.4441893331884,17.2566120001572,446.728654504894,2.11880266561073,3
2026-03-12 18:15:00,0.155340755476,3.5765839999522,20.1413557780626,18.4618482227066,445.35271123796,2.02309517912627,3
2026-03-12 18:30:00,0.1625900369788,3.72594444441006,21.6205151112135,16.5554562226383,447.932897158147,2.02762788809709,3
2026-03-12 18:45:00,0.1731588889329,3.57705755552583,21.6500506672278,18.5739540006414,445.327808468763,2.10047997819294,3
2026-03-12 19:00:00,0.173926318562534,3.67112066661867,21.9423460008573,18.4636633339764,447.001562094483,2.16162076151441,3
2026-03-12 19:15:00,0.175287748192333,3.83817222217763,22.763812667199,17.419185111671,448.705317154174,2.56367584964149,3
2026-03-12 19:30:00,0.174060155599133,3.63269511107726,22.1198962226328,17.5036815562192,447.963190017304,2.46507539220207,3
2026-03-12 19:45:00,0.1789889185421,3.6061879999764,23.4692977778145,15.6442933338464,448.30695186587,2.57132013542437,3
2026-03-12 20:00:00,0.176484355589567,3.64270488883993,21.3755533334985,15.8840491114727,448.308517253221,2.28563649411884,3
2026-03-12 20:15:00,0.1889900073859,3.56979333325583,21.4636353328673,11.1457188890242,449.531093947347,3.04624500855853,3
2026-03-12 20:30:00,0.189617244419966,3.7141384444012,20.944790888461,8.3721104444059,450.336434793217,4.3433294926141,3
2026-03-12 20:45:00,0.212450214765067,3.69682644438463,22.0663737775433,6.571283555553,450.629405499457,6.11460888738823,3
2026-03-12 21:00:00,0.178292140768233,3.6912493332815,20.8259511110855,16.0184064447668,448.292568461117,2.87760027137702,3
2026-03-12 21:15:00,0.170481088954767,3.63703222217163,20.1354962226633,18.1237955562272,446.630407452263,2.89150421088157,3
2026-03-12 21:30:00,0.174845488916433,3.78505822218666,22.0874346670055,17.2209744451316,448.542170103101,3.37068966155615,3
2026-03-12 21:45:00,0.167890681448867,3.8114664444035,22.4738508887851,16.4681695559343,448.23068384702,3.05913972434299,3
2026-03-12 22:00:00,0.1696575777883,3.4537137777581,20.9086975555975,16.9403311114414,448.263295999531,2.89203797631157,3
2026-03-12 22:15:00,0.170284051860933,3.77078822218553,21.6145835556072,16.5007293337133,448.214230940831,2.42763280900481,3
2026-03-12 22:30:00,0.1726362000084,4.71677999994116,20.9039157777265,16.000412000287,448.229104803914,2.15351747964517,3
2026-03-12 22:45:00,0.167142733274467,3.7707924444078,22.1260975555188,15.3588204447999,448.275153830837,2.15758699412578,3
2026-03-12 23:00:00,0.160093399934333,3.43954288886533,20.5987660002012,17.9890748894774,448.324766536424,1.98515018839593,3
2026-03-12 23:15:00,0.1604830221557,3.82001444439983,19.9059588891952,17.9374266671816,447.875175264621,1.86819948137905,3
2026-03-12 23:30:00,0.1606235332727,3.88230711104323,19.7283675553258,17.1898506669815,448.179264395424,1.73418265209054,3
2026-03-12 23:45:00,0.1602338221723,4.07088444437596,20.1518246663215,16.5742162225174,448.290478035317,1.71414879279214,3
2026-03-13 00:00:00,0.160867644393467,3.696231999936,20.3085877774735,16.5805937780847,448.055314676624,1.65438847391908,3
2026-03-13 00:15:00,0.158000511053,4.69870777775557,19.5042451109682,17.7305635560194,448.181293815761,1.68694954080386,3
2026-03-13 00:30:00,0.1616971110617,5.11537111110409,19.7678837775239,16.2185100002489,448.794118116807,1.50302783011132,3
2026-03-13 00:45:00,0.159622074025034,5.16487333332279,19.9449502218828,16.7570606668557,448.503576248187,1.41158951371148,3
2026-03-13 01:00:00,0.156429599947267,5.10357622220549,18.6295122220801,18.1963200004606,448.227124413407,1.34876609669101,3
2026-03-13 01:15:00,0.156855933280867,4.22029999993046,19.1678128887887,18.1648773338636,447.738799977704,1.38803743431853,3
2026-03-13 01:30:00,0.159533488846,5.12544577776419,19.6920937774296,16.7613666668525,448.79359746161,1.35643769036883,3
2026-03-13 01:45:00,0.162086888839333,5.21697288890326,20.5938279997885,16.0001046669792,448.355552469731,1.35499033196836,3
2026-03-13 02:00:00,0.161531711053267,3.9092197777247,20.6648475554605,16.2475913336801,448.048501880141,1.30746167732773,3
2026-03-13 02:15:00,0.1626264517954,4.4393339999622,20.5844702219208,14.3353306669801,448.305662582167,1.29200871602382,3
2026-03-13 02:30:00,0.1626935851322,5.25950400001133,20.5377195552902,14.8626491113831,448.267857103071,1.27289307365897,3
2026-03-13 02:45:00,0.161160014759067,5.03077799999853,18.8672822218191,14.8446268890614,449.06408555188,1.27146868691989,3
2026-03-13 03:00:00,0.160922059202667,3.5019482221514,18.9791806662116,12.7751171111319,449.244208769214,1.281659206544,3
2026-03-13 03:15:00,0.160683970316567,3.6142619999121,18.8600428883612,13.7789344445226,448.84913010491,1.23939713468921,3
2026-03-13 03:30:00,0.1620619555013,5.05176177775016,18.9936428885994,12.307502889012,449.962874479977,1.26481525915041,3
2026-03-13 03:45:00,0.160003548096534,5.02071999997713,15.5416348895108,10.3202957778503,451.326920787884,1.29837229924124,2
2026-03-13 04:00:00,0.159141955500034,4.94874133329419,15.5244155562221,9.60239355563236,451.045851282927,1.25452489772347,2
2026-03-13 04:15:00,0.160590977733033,5.06554311107432,18.2919224445528,10.9558517779129,450.97866522002,1.26961984174971,2
2026-03-13 04:30:00,0.160155636986734,5.02902399997516,17.5755144446458,10.4491575556258,451.047521403354,1.28959936871965,2
2026-03-13 04:45:00,0.1608033481017,3.48384777770527,18.7289399997167,12.8739715556347,450.732647523754,1.27315953424904,2
2026-03-13 05:00:00,0.160946303659034,5.07865555552392,18.9639279996897,12.4098342223562,450.907002981684,1.26944367694876,2
2026-03-13 05:15:00,0.160937192544733,4.43028688884946,19.022102666323,12.6968097779304,450.838990166754,1.31927069994048,2
2026-03-13 05:30:00,0.161932548090134,6.12471444446147,19.588211555235,7.99688577775647,449.932792080203,1.31018509002599,2
2026-03-13 05:45:00,0.1614292443881,6.08350733332826,19.0691120001521,6.77803822220093,451.167837284237,1.32847015070322,2
2026-03-13 06:00:00,0.161865414757433,5.4097913333521,19.8847502218934,10.3865451111494,449.466910130387,1.29547477345622,2
2026-03-13 06:15:00,0.171377199980967,5.87939244443843,20.5094271107537,4.6247831110327,451.530006083303,1.49008682397509,2
2026-03-13 06:30:00,0.163148244377734,4.98693977778919,19.6811206663173,6.52470199996257,451.346808132063,1.34877441043828,2
2026-03-13 06:45:00,0.1618394592051,5.04624844443529,19.1544386665283,10.10268933336,451.11320070524,1.30085681597498,2
2026-03-13 07:00:00,0.160593377723067,3.49365044439127,17.82269555573,8.76749600003527,451.353042932507,1.3712255997091,2
2026-03-13 07:15:00,0.1613789999448,5.05146888886576,19.2684642221753,7.7530626666407,451.437708184677,1.33055020638158,2
2026-03-13 07:30:00,0.162981014761733,5.02390288883666,16.6702840003925,8.63501422221944,453.279933133304,1.61460038814021,2
2026-03-13 07:45:00,0.170330807416667,5.91932511110843,19.22800400006,6.68096799997163,456.463832529497,1.97063760653969,2
2026-03-13 08:00:00,0.169979585212,6.08424288889346,19.3302817778323,7.5117293333117,453.668210184754,1.83456902147041,2
2026-03-13 08:15:00,0.163577192534867,6.06207511111216,19.2255622223229,7.60006533330454,453.35958148531,1.76346399819196,2
2026-03-13 08:30:00,0.163448044386167,6.10266755556163,19.2663455555256,7.61390777773734,454.168473773257,1.72131013268345,2
2026-03-13 08:45:00,0.1720017481607,6.59891955559837,19.5838039997327,7.67637899995854,454.012698305591,2.13962966219612,2
2026-03-13 09:00:00,0.178506503738333,6.93414822236737,21.146221110911,5.57220966663443,452.096309755234,2.30619713496779,2
2026-03-13 09:15:00,0.177093644467833,7.12279866683614,21.1112213330613,5.78460011109729,451.00174850881,2.00009205607807,2
2026-03-13 09:30:00,0.173000244408467,7.08234666681057,22.247755555102,4.90733944437506,450.841358197647,1.82926850058383,2
2026-03-13 09:45:00,0.170025229580167,6.96199866682137,20.4149808885729,6.79750966661243,450.94405587763,1.81488670235722,2
2026-03-13 10:00:00,0.165605770313234,6.59464733335954,19.7226384441103,8.268152555552,451.04214041933,1.74972503107502,2
2026-03-13 10:15:00,0.162558059201367,5.03360888886609,19.5509384441,8.17203333331147,450.20042037089,1.83876546055597,2
2026-03-13 10:30:00,0.1657122147504,6.7542320001193,20.1077104440863,7.43631588883443,451.654525545934,1.94156549080831,2
2026-03-13 10:45:00,0.885929589007382,10.2219995553901,23.937398445116,5.69241122218723,464.327417326487,1.70513882822876,2
2026-03-13 11:00:00,0.174005466641733,10.0977628891353,20.197541999712,6.53546344433879,453.408025659607,1.81921017952744,2
2026-03-13 11:15:00,0.1647869258638,6.88381288899764,18.2325926668278,10.381514999944,449.634911133957,1.92053538881058,2
2026-03-13 11:30:00,0.1782082222322,11.2522962225374,19.4094602219317,7.40971522204933,457.426185159727,2.19918448934587,2
2026-03-13 11:45:00,0.161734607342067,6.80621888902321,14.8130537782335,8.92480288875542,451.656406500154,2.24647334632266,2
2026-03-13 12:00:00,0.160631436969433,6.87977866678654,15.4493917781098,10.5663492221295,452.392076074307,2.02932615957491,2
2026-03-13 12:15:00,0.161848970300167,7.01166711130694,19.3687766664404,7.34514766652663,449.396595919777,2.08172366719451,2
2026-03-13 12:30:00,0.162828103631367,7.00618244467007,20.1660551107133,6.8200563332189,448.437015501994,2.09074319575631,2
2026-03-13 12:45:00,0.156282807336133,6.3458217778207,14.7927711114551,16.7358543330907,447.943364875054,2.19516269676869,2
2026-03-13 13:00:00,0.150274296242033,6.43925555562747,12.4622695560823,14.8051774443625,448.487355552807,2.2564781898656,2
2026-03-13 13:15:00,0.154259940688567,6.44269955565463,17.3203220000725,13.0541508890021,448.292452834091,2.39274151863261,2
2026-03-13 13:30:00,0.160359859204067,7.10386488910324,18.9840088886097,7.57006988865626,450.512103809867,2.41209492466621,2
2026-03-13 13:45:00,0.155698859199433,6.40874044451534,17.706275111047,12.9709052221272,447.080733110951,2.23251693088898,2
2026-03-13 14:00:00,0.155253399943233,6.4210444445213,17.8463948886664,13.8194581111368,446.672311161928,2.21796435614721,2
2026-03-13 14:15:00,0.155632511054667,6.2579066667165,18.130985333053,13.4364318888704,446.571139135871,2.2207845590849,2
2026-03-13 14:30:00,0.169706303658633,6.83606800018443,20.7947499998607,9.30798855538744,447.916603595344,2.25146883876639,2
2026-03-13 14:45:00,0.158351340679567,6.88455822237924,18.9981306663597,10.5205232221013,448.943269996681,2.34336054786078,2
2026-03-13 15:00:00,0.156815074028133,6.64679888901917,19.0401682218934,10.7521387776448,447.808351646867,2.2914305529923,2
2026-03-13 15:15:00,0.1518183481113,5.95993222226396,16.6306140000836,18.0511433332301,446.504273967164,2.22901222384081,2
2026-03-13 15:30:00,0.1477046370159,6.05524088893673,11.499194000179,18.2770219997655,445.452896767391,2.47138123262643,2
2026-03-13 15:45:00,0.1655455925693,5.42038133337259,10.6466459997723,17.386130666359,444.3031392068,2.46498115738217,2
2026-03-13 16:00:00,0.161916614806,6.1137486667093,10.9361119999226,14.915552222044,445.351239408889,2.43916042574436,2
2026-03-13 16:15:00,0.1492606073675,5.84101311116973,11.3911171110588,14.54861177762,445.53611764856,2.35637215024014,2
2026-03-13 16:30:00,0.1504754370145,6.36285844450407,12.4622924449127,17.0274144443251,447.2620508342,2.32792003278903,2
2026-03-13 16:45:00,0.152591303664333,6.18528200004037,16.1592935556818,15.4569622221302,446.843846280614,2.33838797988098,2
2026-03-13 17:00:00,0.151516074035533,5.26898422226963,16.425659555752,14.978170666653,447.023760364231,2.25110173355879,2
2026-03-13 17:15:00,0.153898081436033,4.54537688884567,17.3861306664644,15.7418855556446,444.912061857268,2.18361243034822,2
2026-03-13 17:30:00,0.158754303631067,3.49522133328537,18.6850602218587,15.3106073336826,446.241086143867,1.97999238369097,2
2026-03-13 17:45:00,0.189489874057567,3.63865355551576,21.0923602216951,8.74810999994383,449.154293374977,1.8944855891632,2
2026-03-13 18:00:00,0.170890992603133,3.32430377774866,19.8376308884862,7.2073022222098,450.505473000167,1.7855154527044,2
2026-03-13 18:15:00,0.174917370406033,3.61654377775006,19.6592504440065,6.4826175554666,450.198735775767,2.30332533616728,2
2026-03-13 18:30:00,0.1768355629905,3.5503284444238,18.656073555552,6.64422111104624,451.037284428957,2.33215293583461,2
2026-03-13 18:45:00,0.1944571703414,3.4437108888442,15.7730037791391,5.4853544444348,449.871604331517,2.73741321367114,2
2026-03-13 19:00:00,0.186478288828433,5.04466133330286,14.8903608900809,3.73489422224597,450.481120634107,2.67154384455311,2
2026-03-13 19:15:00,0.176004162987033,3.42584244435627,15.0208944455864,5.09351911108393,450.216069025803,3.89446331083166,2
2026-03-13 19:30:00,0.2023955333015,3.52396822217397,13.887169555919,6.44089688878424,449.71859070879,4.6431224205836,2
2026-03-13 19:45:00,0.209490918472634,5.0779377777584,14.3201068891966,3.98401911109724,450.22405590551,4.93484221085525,2
2026-03-13 20:00:00,0.201832451827734,5.1066457777319,13.7050293336248,4.33100644440304,449.715283571164,4.13865914102552,2
2026-03-13 20:15:00,0.2371464518179,5.04973222218963,14.1373502224254,0.770347061052492,450.171963835697,5.26747994303997,2
2026-03-13 20:30:00,0.215978740750233,4.54957155552613,13.7716348892026,3.4798775555607,450.656907850951,4.65972983148582,2
2026-03-13 20:45:00,0.2168380814985,3.46339244435733,13.4512942225805,3.5784506666561,450.458669022027,3.94978714229622,2
2026-03-13 21:00:00,0.1985387333248,4.3651551110786,12.8061937779464,4.06299733334067,449.784091876764,3.81297332310873,2
2026-03-13 21:15:00,0.198215696287834,3.3357199999582,12.3862320001405,5.3576537777426,449.697615032327,3.13812852638272,2
2026-03-13 21:30:00,0.196647688877033,4.5768233332952,12.2213526668891,3.4071911111188,449.207615466747,3.25271284680491,2
2026-03-13 21:45:00,0.197966866656467,5.2645213333119,12.3421962224657,3.26745488891207,449.94809525952,3.21625316247552,2
2026-03-13 22:00:00,0.2299751889255,4.81466333331276,12.5356255557847,0.278887945809979,450.397991303614,3.94991324828253,2
2026-03-13 22:15:00,0.2143805259298,5.30164155552806,12.7328228891804,5.0340128888035,450.168464264861,4.21512636675871,1
2026-03-13 22:30:00,0.2351972036783,3.76586199992327,12.2625808890147,4.87168577771784,450.450125825777,4.30186282761323,1
2026-03-13 22:45:00,0.2384355999706,5.5222968888841,12.1507095556559,0.13758415885316,454.818326867837,4.93056010552218,1
2026-03-13 23:00:00,0.235291681483566,5.0190146666556,12.0669404445639,-0.438422431338681,456.848826008244,4.91187390079886,1
2026-03-13 23:15:00,0.229601403741533,5.72936422220786,12.0988662223962,3.59368466665824,453.16893625872,4.34006276852112,1
2026-03-13 23:30:00,0.2131116222287,5.67309577775553,12.7114480003569,-0.589941811385332,451.665958004634,3.84721794908731,1
2026-03-13 23:45:00,0.181708696252567,5.18165288884709,11.5864640001571,3.87345555558164,450.214367555061,2.95249839952384,1
2026-03-14 00:00:00,0.1933669777626,6.15943066654979,11.5246648892878,3.93427333333191,450.719253089507,3.67848427670518,1
2026-03-14 00:15:00,0.1805735258805,5.19083422218963,11.2494251113815,4.36306488889977,449.731297070391,3.31664108847379,1
2026-03-14 00:30:00,0.166860392596,4.27725799996353,11.0558348890844,6.6612342220765,451.28767932719,2.45986989211399,1
2026-03-14 00:45:00,0.1679275925833,5.09614622217339,10.8297104447201,4.38508155557767,453.344773343754,2.48942934328925,1
2026-03-14 01:00:00,0.1714170889351,5.15437733327143,11.0756426670756,3.45477622226914,455.881085888034,3.15993899792929,1
2026-03-14 01:15:00,0.1718079556056,5.42041355552003,11.0589324447691,3.5815368889264,455.275709038907,3.34402446721132,1
2026-03-14 01:30:00,0.173379792614567,5.52347222219719,11.0852400003155,3.72749422222844,450.056944079754,3.81603420977458,1
2026-03-14 01:45:00,0.180085370328633,5.53557399994556,11.1874166669821,3.75275066669424,450.476170905887,3.89747284002226,1
2026-03-14 02:00:00,0.172115822276934,5.55861177771583,11.1288324446342,3.64770755557934,450.480946639717,3.47244658454501,1
2026-03-14 02:15:00,0.171525740792033,5.22783888883166,11.0407013336953,3.8990531111517,449.905080064444,3.08686314666315,1
2026-03-14 02:30:00,0.170247318531734,5.47200622216596,11.078392444675,3.670775999988,451.919451063177,2.82950282005004,1
2026-03-14 02:45:00,0.1661636444089,5.85149311102793,10.7743297780392,3.50697000001137,455.226973862617,2.5711740304027,1
2026-03-14 03:00:00,0.1607649332929,5.10228866662063,10.2769348892272,4.2249355555985,454.721032684637,2.35525664131632,1
2026-03-14 03:15:00,0.159705725884234,5.12884088883526,10.3707973335669,5.2839402221643,455.194570273577,1.79762388885875,1
2026-03-14 03:30:00,0.159035118486167,4.89696088883887,11.2120375558152,6.3595879999527,458.16987189945,1.81387443873306,1
2026-03-14 03:45:00,0.1620153258755,5.08667955550563,10.4245295559313,0.740916659510985,455.71009783152,1.96354578282487,1
2026-03-14 04:00:00,0.162690562914,5.65894666652499,10.5173668891873,-0.343511868240997,455.150654865194,2.19690448012099,1
2026-03-14 04:15:00,0.160718229580967,5.44763955552783,10.3952800002918,-0.394330705628446,455.08949401675,2.0548769505113,1
2026-03-14 04:30:00,0.162189999945967,5.74975222208396,10.4258564446981,-0.917658302141545,455.576078249827,2.17090557556085,1
2026-03-14 04:45:00,0.160994185134034,5.19321111107977,10.217761111473,3.96075933337344,455.868587914704,2.57710232658179,1
2026-03-14 05:00:00,0.162247888837834,5.8718962221,10.2779677781249,3.3583008889273,455.815239762784,2.30170786080661,1
2026-03-14 05:15:00,0.1593316592207,4.0421908888236,10.117937555906,4.50720888895623,455.48148850456,2.46684395464103,1
2026-03-14 05:30:00,0.1596031851417,4.88656577774503,10.3552933336291,5.14516666665284,455.379577397127,2.04600784584454,1
2026-03-14 05:45:00,0.160604888838767,5.78099444433433,10.3370086670262,3.39360155560563,455.451793334327,2.12289730042812,1
2026-03-14 06:00:00,0.160327222170834,5.69902044432423,10.1694602225624,3.46836888891414,455.549947713154,2.40584023301989,1
2026-03-14 06:15:00,0.1599916888399,5.87648977761536,10.2033477781153,3.4351011111324,455.124526160844,2.08891242464261,1
2026-03-14 06:30:00,0.160538755510434,5.62707199991172,10.463652000217,4.3165324444617,455.596056574807,1.8232086073472,1
2026-03-14 06:45:00,0.160816933298667,5.12666533327363,10.5763517780089,3.3855860000827,456.114203230521,1.72281323486939,1
2026-03-14 07:00:00,0.160967229582633,5.62667888879822,10.3961375559318,0.653383065590999,455.404479952577,2.21173756347416,1
2026-03-14 07:15:00,0.160228822176633,5.54019444434726,10.2617142225657,3.3610982222981,455.464128673097,2.48408989884617,1
2026-03-14 07:30:00,0.162487940696467,5.71676111104343,10.7160051113109,5.50988088884583,456.164532459307,3.48784135260679,1
2026-03-14 07:45:00,0.159136955522834,5.86025311107033,12.4986704448005,10.9972822226522,454.860745435177,1.8625401525166,1
2026-03-14 08:00:00,0.156862548120134,4.8074093332615,11.3200257778725,15.6000886667424,453.674553717253,1.51696546826605,1
2026-03-14 08:15:00,0.1564281258816,4.93741155553893,11.0104435555719,16.4054815554542,445.673789166874,1.75836927496862,1
2026-03-14 08:30:00,0.1515287332975,6.12604866667127,9.83634311109884,16.8178418885297,444.574832437104,2.05637849093465,1
2026-03-14 08:45:00,0.1462413703462,6.07689444446697,9.40987533343398,16.2341835553358,446.34378116869,2.29220179877344,1
2026-03-14 09:00:00,0.145256785154233,5.89683466670183,9.3134426668243,14.5003613332902,447.8576405575,2.39154427516147,1
2026-03-14 09:15:00,0.147610199977233,6.10655800006103,8.966786889169,15.0856175553958,448.618102421397,2.4728763312278,2
2026-03-14 09:30:00,0.148936985168667,6.10719977786643,9.00291977789267,19.536430222139,449.933601291157,2.48452121727124,2
2026-03-14 09:45:00,0.149122296282033,6.07657200008417,9.2083408889807,20.223138444326,449.181419717823,2.47885145993376,2
2026-03-14 10:00:00,0.1441673777696,5.68273577783086,9.1764900000734,20.5244053332999,448.098074170043,2.48484759563917,2
2026-03-14 10:15:00,0.142861066652167,5.7116248889609,8.4556566666692,22.2651766667609,447.10958346495,2.48262659571578,2
2026-03-14 10:30:00,0.1436079999828,5.66765511114786,8.96803577768618,21.9046924444075,446.886434761773,2.48890057592965,2
2026-03-14 10:45:00,0.1437660888689,5.68017977781276,8.95853777767951,21.9338595555319,446.602287141987,2.48911855198047,2
2026-03-14 11:00:00,0.148861622214733,6.18447933344527,10.1252157776249,20.7359971110934,448.561624262863,2.48766807544604,2
2026-03-14 11:15:00,0.1429180073928,5.66482288895516,9.89562066659917,22.1116448887907,447.806837058647,2.49047592414443,2
2026-03-14 11:30:00,0.141992592608667,6.09013600006417,12.1591180003524,16.4247139998381,449.457541227743,2.50299747898052,2
2026-03-14 11:45:00,0.136381092608333,5.8748206667233,10.153801555499,16.9034586664844,447.089686843913,2.52003012800235,2
2026-03-14 12:00:00,0.136336807437533,5.84335488894193,10.3156466663923,18.9770777776327,447.176394841453,2.51763997933524,2
2026-03-14 12:15:00,0.134513251879533,5.7475597778312,10.2010435552351,19.2130437776883,446.87967178047,2.52029519848372,2
2026-03-14 12:30:00,0.145292903681767,5.74879600002596,10.6909037775861,17.7825733332075,446.385625827596,2.49424051942007,2
2026-03-14 12:45:00,0.151268651822867,6.02974311114733,13.8955186669587,17.4584184444804,448.10346978729,2.52235396395909,2
2026-03-14 13:00:00,0.145990355533933,5.43292577778477,13.0347271114916,21.008459111109,446.694140208767,2.53215690364114,2
2026-03-14 13:15:00,0.142507355541133,5.4211562222193,9.62004155556836,21.8903657776033,444.122716061124,3.34107337305677,2
2026-03-14 13:30:00,0.130601651908933,5.70863511116273,9.89031555536567,21.0870246666803,445.20166095848,3.02489388110511,2
2026-03-14 13:45:00,0.1301407407896,5.53679444443087,10.66717800021,21.536927111164,443.109539861817,2.50555545665497,2
2026-03-14 14:00:00,0.128919000034133,5.59256066665036,10.3844931112672,21.8215997779463,442.223960875873,2.5370065385854,2
2026-03-14 14:15:00,0.130322466702133,5.5642166666473,12.1915600001946,20.8305604446987,445.572913112257,2.53717131859854,2
2026-03-14 14:30:00,0.1323771778264,5.53296222220456,10.8315828892,22.6743340854567,441.977680112033,2.75970038125253,2
2026-03-14 14:45:00,0.1307036667183,5.54224622221226,10.6432744446621,22.5376234187937,442.117759741246,2.78505617863118,2
2026-03-14 15:00:00,0.1279348222676,4.97325777774073,9.29558977772267,25.8443170597367,440.447476412326,3.03614410913081,2
2026-03-14 15:15:00,0.1306782415906,5.02540777772853,9.31933422203973,22.6485338632207,441.926284352953,2.58618010323576,2
2026-03-14 15:30:00,0.127967562995133,5.4729715555375,9.19834244427904,24.2902031963897,440.35997064745,2.46143064174105,2
2026-03-14 15:45:00,0.1286146815228,5.55624622220556,10.8187226668313,24.1647403075377,440.543219726633,4.08310806238037,2
2026-03-14 16:00:00,0.134083262999867,4.50976999993357,11.8908582224903,26.079949282021,440.369764469693,2.82228115936612,2
2026-03-14 16:15:00,0.1448401259077,4.39685533327463,14.9799380003802,25.7819397264274,440.679448345526,2.61820747145462,2
2026-03-14 16:30:00,0.147246629602233,4.58762222215447,15.7756280002699,26.5079947520987,440.95972301363,2.56993678707393,2
2026-03-14 16:45:00,0.1472635629351,3.76618044436823,16.4785902223379,24.057757418691,440.890237047526,2.93310930780907,2
2026-03-14 17:00:00,0.1481145851643,3.15083622217343,17.2072342218962,21.3325726669014,443.904919648797,3.4620179926505,2
2026-03-14 17:15:00,0.148116985162167,2.72481177774546,17.2860513330225,19.7302062226247,445.19568003369,3.34191852835755,2
2026-03-14 17:30:00,0.172859896285833,2.5092882222306,17.6685562217306,18.6606331116954,446.485979833434,3.92933561633597,2
2026-03-14 17:45:00,0.1564093555009,2.3963086666704,17.8547744438376,16.605706222252,445.79786739797,3.43515327519593,3
2026-03-14 18:00:00,0.1749525703714,3.02588688885196,19.2899982216889,14.7269035558073,444.889221095154,3.05032059562314,3
2026-03-14 18:15:00,0.180851259218167,3.25383888885346,20.3855726662817,14.2701760004279,445.852691274544,3.07996957222806,3
2026-03-14 18:30:00,0.1972536148052,3.26020977776467,21.5337086663923,11.0914888886885,446.244246315317,4.3748573602875,3
2026-03-14 18:45:00,0.230544162966166,3.57717666667137,22.052209333397,9.28370022213424,449.345092119877,4.9092452156208,3
2026-03-14 19:00:00,0.250722948106333,3.24439955556153,21.16923422228,10.5139548887655,448.249931774103,9.52211804147476,3
2026-03-14 19:15:00,0.2919358148512,3.8125544444137,20.9178340002933,6.7606084443829,449.791957773873,15.2950205351149,3
2026-03-14 19:30:00,0.239272459226033,3.25384177778517,20.282793555212,6.68046511108511,450.18182307912,9.74370655191535,3
2026-03-14 19:45:00,0.228922044448567,3.6722211110885,20.4697917777117,9.5400786665942,448.80298134299,9.44289964391341,3
2026-03-14 20:00:00,0.240942511066033,3.61894311109383,20.4860479996997,10.0005624442449,448.399712980263,8.10244577688514,3
2026-03-14 20:15:00,0.2302438888462,4.0191744443999,20.7354451108843,7.00848711106067,449.423800128543,7.38062788047057,3
2026-03-14 20:30:00,0.2270415777506,3.22569977778607,20.419458888568,7.06420088888917,449.834441808523,6.54756919600972,3
2026-03-14 20:45:00,0.234341940697833,3.82032977772819,20.610445333022,6.93003888887317,449.782419019987,6.11160511468544,3
2026-03-14 21:00:00,0.23196601482,3.86928066661206,18.4124084448585,7.1785046666315,450.94636864653,6.08034605459385,3
2026-03-14 21:15:00,0.237696333360166,3.7499373332956,18.4366817781835,5.9489193333062,452.831005264287,5.67120656295331,3
2026-03-14 21:30:00,0.332157977839867,4.57371733330963,16.9306835563365,7.06438955555423,453.790783322237,6.10626399400525,2
2026-03-14 21:45:00,0.292295837057067,3.64423488883446,15.3710026668453,6.70529044444777,452.091260803477,6.17206544699575,2
2026-03-14 22:00:00,0.4165245074852,4.2462426666119,15.4612064445284,5.37402666659683,458.009560628027,10.0480371094533,2
2026-03-14 22:15:00,0.301337948188434,3.66605022213763,15.5427346667967,7.17184577771761,452.161883401903,7.986870390847,2
2026-03-14 22:30:00,0.305709748182467,4.19811711104433,15.8508017780753,6.27007933329707,452.049915836077,6.45819883323851,2
2026-03-14 22:45:00,0.2264965555911,5.43001911109226,19.0554731112947,6.20735711108113,450.92649524607,4.16145777123407,2
2026-03-14 23:00:00,0.235628307419333,3.6606375555335,18.8536986669243,5.45187977774031,452.699210982114,4.48639676478985,2
2026-03-14 23:15:00,0.228995207428067,5.21271799995473,17.410977778379,5.26454044435897,454.517697317107,4.71537849756368,2
2026-03-14 23:30:00,0.234280307358366,3.7566217777152,15.4374680000395,5.35111133326136,462.131094205457,4.85345033256979,2
2026-03-14 23:45:00,0.164278007393667,2.87674266663576,15.3130113344639,8.58821111113361,452.078780266777,2.75122360045935,2
2026-03-15 00:00:00,0.183450140685667,4.28494999997443,13.2318542227086,6.0255331110244,453.745142334734,3.32622892998041,2
2026-03-15 00:15:00,0.1790306444355,3.1366622221889,13.3790608893125,7.25274399985893,454.475344301064,3.3526805849653,2
2026-03-15 00:30:00,0.157533474016134,3.1348786666167,12.9193380003342,9.06646777771615,450.138618497184,2.50680012181023,2
2026-03-15 00:45:00,0.157490896228667,3.53147688880187,13.5554944451264,8.78459244440471,450.06315974361,2.36868357669071,2
2026-03-15 01:00:00,0.156839185123834,3.16475133327614,13.479444222944,9.37000844442144,450.886023798187,2.25237631489374,2
2026-03-15 01:15:00,0.158445585120234,4.1369748888411,12.5949200002484,6.98001933313413,454.95748884933,2.31785917557942,2
2026-03-15 01:30:00,0.159169562920634,4.05549911107967,12.335772000235,5.9048673332769,459.76575733376,2.37284536875579,2
2026-03-15 01:45:00,0.159794977728167,4.89501644438806,12.570387778047,6.2316871110484,460.602330015667,2.08482351127986,2
2026-03-15 02:00:00,0.157789607368767,3.308738888815,12.5224544446617,7.03927555544203,452.842058091454,2.00235959945744,2
2026-03-15 02:15:00,0.1581497184713,4.9331551110741,12.7402382224619,7.64196711107,453.858598177474,1.96275693938494,2
2026-03-15 02:30:00,0.1571425777318,5.01658911106713,12.3685346668081,11.4318526666683,448.1315772039,1.91833920398863,2
2026-03-15 02:45:00,0.159341548105633,4.8403197777248,12.4970973335532,5.92418933327029,460.25258322303,1.92405459832047,2
2026-03-15 03:00:00,0.157361355522034,4.16297044440347,11.9416373335236,7.20655022200386,453.452172583317,1.81576362808568,2
2026-03-15 03:15:00,0.158922185150467,4.926970444389,12.2343704446707,6.0457408888036,457.290318714523,1.80448365938624,2
2026-03-15 03:30:00,0.158674933299267,4.93075177772653,11.9345604446496,7.02113133321356,455.666192382947,1.72181513355377,2
2026-03-15 03:45:00,0.158433355532067,3.65573666659953,11.4355633335851,6.63964577770026,458.502932799007,1.66926496005117,2
2026-03-15 04:00:00,0.158894992556134,4.3241728888539,12.4164231113413,6.10898244434883,451.3380810744,1.70854913072692,1
2026-03-15 04:15:00,0.1582133110824,3.20931466660557,11.5455915558327,6.5072244443294,454.472256436973,1.71781432120439,1
2026-03-15 04:30:00,0.159280577742267,4.94741933328666,11.7394608891699,5.65499955544074,452.810146935131,1.65464060727807,1
2026-03-15 04:45:00,0.159031851820767,4.94446622217473,11.5447680002715,5.70963777765957,452.121920742454,1.86965772452417,1
2026-03-15 05:00:00,0.157708511076,6.12188222220236,11.9762733335344,7.34093555545636,451.64504564847,1.58143568168646,1
2026-03-15 05:15:00,0.158260288849234,4.88607866664803,12.486850000273,7.67298466660693,451.935543210307,1.64636124475449,1
2026-03-15 05:30:00,0.1594158073715,4.91478533328893,11.7497400003093,6.14838022209723,455.768682760883,1.61775750109269,1
2026-03-15 05:45:00,0.159235274012067,4.94923622220506,14.7011660009181,6.47338355546203,453.616886824897,1.70375014316449,1
2026-03-15 06:00:00,0.158504585133134,4.95349199997,13.4205282226846,6.5850199998852,452.64060409815,1.72954599416694,1
2026-03-15 06:15:00,0.159204377740367,6.10910044445386,12.4753551112765,6.06661088878656,451.99250015677,1.70389830604194,1
2026-03-15 06:30:00,0.158137244412467,4.92097777774156,12.1748688889736,7.3741724443557,451.185207538171,1.75953586157948,1
2026-03-15 06:45:00,0.159417518477234,5.49843555555923,12.5519717779744,6.04612244435033,452.559093551284,2.19545474486956,1
2026-03-15 07:00:00,0.157870992546767,6.1462760000292,12.1163302224107,7.79941177768787,451.689060869424,2.04146429250178,1
2026-03-15 07:15:00,0.159050066627767,5.95208911110843,11.1563717780772,5.52560444434997,456.42822359072,2.2301005535526,1
2026-03-15 07:30:00,0.158485466626034,5.32597022222013,11.6386880003066,6.0716028887604,459.1800448068,2.09591483338445,1
2026-03-15 07:45:00,0.155958436965067,5.11214222221013,11.713982222402,8.03786399985453,452.715882284937,2.02346563353296,1
2026-03-15 08:00:00,0.155814377701534,6.44500222225213,11.7757486667951,7.81785822207626,453.11331821761,2.10800118940285,1
2026-03-15 08:15:00,0.149306385139967,5.13350333335433,10.6882388890857,11.3781831111181,448.971532050614,2.28285258061901,1
2026-03-15 08:30:00,0.148238170325033,6.30107355559753,10.4169240001669,11.9306586667011,450.150847949893,2.24746252269173,2
2026-03-15 08:45:00,0.272144029695967,9.63241222245848,15.6404979997831,5.61759877771137,455.6614141957,2.29566469374035,2
2026-03-15 09:00:00,0.157133162909433,6.94493777791757,13.4631126674662,7.56274311082813,451.444172605714,2.34482481593331,2
2026-03-15 09:15:00,0.147608799977567,5.99512533336263,9.5923522222755,15.9591382220652,446.597509341161,2.29318977245707,2
2026-03-15 09:30:00,0.147779303679433,6.176196000035,10.2298004445657,12.6375184444216,446.941684465347,2.28726076049612,2
2026-03-15 09:45:00,0.163334096286033,6.0936004444597,10.4435775555129,13.3950966668407,446.526465518087,2.35186562581808,2
2026-03-15 10:00:00,0.1570057259148,10.7044720004967,12.147202888913,9.94855044409159,458.36345500324,2.43201602602921,2
2026-03-15 10:15:00,0.150814155533767,6.7668968890337,10.8777446667606,11.6652153331487,448.800769802643,2.4949025200177,2
2026-03-15 10:30:00,0.146465659227733,5.76193333335796,9.83129288882704,16.2910164440889,446.32660695468,2.53504610136018,2
2026-03-15 10:45:00,0.147828474057867,6.09371200001327,10.1600368889425,14.5191328887107,447.25010241585,2.47963711840352,2
2026-03-15 11:00:00,0.148471555548067,6.350041777822,10.9598882220953,14.091409333188,446.821529521167,2.44355718009857,2
2026-03-15 11:15:00,0.148837340721167,6.34112888895314,10.7290393332549,15.5833866664452,448.423062433717,2.44746842776084,2
2026-03-15 11:30:00,0.147768170346933,6.0719975556056,11.1742062221279,15.175678222038,447.843550993583,2.45622604915275,2
2026-03-15 11:45:00,0.147655325900733,6.0495471111289,9.8764855555254,18.5182182219864,446.509567244416,2.49452995761977,2
2026-03-15 12:00:00,0.147650792563967,6.0576273333446,10.0744097777484,18.7587628887257,446.227326475913,2.53032236186037,2
2026-03-15 12:15:00,0.147180725905567,5.77469466666366,10.8244162220122,16.9349517776159,446.293983480453,2.5337908987447,2
2026-03-15 12:30:00,0.1472323518364,6.2818946666995,12.549654444751,15.1246886663681,447.991616004,2.6545223567613,2
2026-03-15 12:45:00,0.15034552219,6.29680600008017,13.3388022227346,14.1433488887108,449.535021523283,2.67031146844506,2
2026-03-15 13:00:00,0.1470450518247,5.9633302222491,11.9752188890994,16.0864199997821,447.827700045,2.57757363043387,2
2026-03-15 13:15:00,0.138517414842667,5.72456800000283,10.714192666313,18.9687304441819,444.987470900744,2.78608279847349,2
2026-03-15 13:30:00,0.145957385175767,5.506060444485,10.9638471109867,19.7873522219591,447.212527007473,2.71568066147613,2
2026-03-15 13:45:00,0.143146977761,5.50507666670104,10.0842653332082,20.9024879999417,445.801390694894,3.02919553178882,2
2026-03-15 14:00:00,0.149123585156067,5.5441433333803,15.4466497780422,19.4079813331746,448.14281602662,2.66909745160961,2
2026-03-15 14:15:00,0.149523577750333,5.78642155560793,17.1188419999846,19.432806222361,447.422846287387,2.6306513759407,2
2026-03-15 14:30:00,0.1480758888702,3.08789288880993,17.9263419998121,20.3438844448327,443.9601339775,2.64175403598646,2
2026-03-15 14:45:00,0.1487951851633,3.22273933325167,18.124642444386,21.0643866666427,441.401048250994,2.62329622590197,2
2026-03-15 15:00:00,0.193353377787366,5.295123999939,19.7038835556144,21.4134515556325,442.489368218867,2.35749701174558,2
2026-03-15 15:15:00,0.162317340686967,3.53472355549246,19.9634455560699,24.9652231106789,441.552071804713,2.29749076795817,2
2026-03-15 15:30:00,0.157799170298167,3.22161799998747,19.8564475559911,25.2608239995412,445.333326556707,1.9286542935512,2
2026-03-15 15:45:00,0.155783081437633,2.67955088886757,20.4625195562843,23.3261453329323,444.659615451197,1.89809084663694,3
2026-03-15 16:00:00,0.168058503734933,3.52336533331183,21.2104186674677,20.5650013331794,444.427204465323,1.92769466492811,3
2026-03-15 16:15:00,0.1623647110691,3.36520422221343,20.3228137783885,22.821017332936,444.390388112267,2.79716502415301,3
2026-03-15 16:30:00,0.156861325877767,3.5044297777491,20.3022124450628,23.0182728884829,444.234124696463,1.82510050547975,3
2026-03-15 16:45:00,0.191450688848733,3.80759133327693,23.9110584445883,15.2184968894977,448.294643599191,1.58449235526772,3
2026-03-15 17:00:00,0.158106866613334,3.62845977772836,22.4272828893088,17.8991453339311,448.441730370894,1.60892819893023,3
2026-03-15 17:15:00,0.166914474031034,3.710053999956,23.3263266667174,16.6418980004023,448.230280709594,2.77368228779926,3
2026-03-15 17:30:00,0.1603544295769,3.7087106666224,22.290834222131,16.9424544448223,448.358855809607,2.37503323881147,3
2026-03-15 17:45:00,0.163873985120567,3.91615377772709,21.5942753333645,16.7392237781124,447.928587781604,2.37432356536851,3
2026-03-15 18:00:00,0.161122036972934,3.9266968888414,22.0390895557393,17.7327560004892,447.768779546014,2.02715726586416,3
2026-03-15 18:15:00,0.16688104438,4.15033844442133,24.7252478782006,9.65581111106684,448.891143114977,2.60780776636634,3
2026-03-15 18:30:00,0.174769362948367,3.9587351110934,23.7188176801214,8.07919177775299,449.12876605297,2.52508349655635,3
2026-03-15 18:45:00,0.202858207375633,4.1629651111028,23.7817680709463,6.5842155555586,449.869413392441,3.40195898677612,3
2026-03-15 19:00:00,0.184308814764333,5.98920599997356,21.3570513333839,15.6675628893617,448.062923578094,2.36291370423678,3
2026-03-15 19:15:00,0.174213303755133,3.8377153332679,20.6507731109903,16.3124593336376,447.933760626201,2.36176536302225,3
2026-03-15 19:30:00,0.165316851788,4.0397737777488,24.31454911064,9.69803711107644,448.82926032638,1.76351857955702,3
2026-03-15 19:45:00,0.1655026073435,6.02309511110339,24.436847777423,10.126650444361,448.67715833674,2.1399258175,3
2026-03-15 20:00:00,0.1760788815065,4.11319599996306,22.1916397775723,11.0510033332581,448.449703675247,2.70524048974211,3
2026-03-15 20:15:00,0.160022533280634,3.41851599994826,18.7966528883081,17.2887937778698,448.841819814987,2.03661590546591,3
2026-03-15 20:30:00,0.159130755517933,3.68252733328436,20.1698044441057,16.9572173336284,448.352445217767,1.63188002288337,3
2026-03-15 20:45:00,0.161082177730867,3.39216888883956,19.5149319996284,16.1274733335489,448.864589709137,1.42021019798221,3
2026-03-15 21:00:00,0.1672621851433,4.51443066664483,19.9652777773511,12.8096824445787,449.059005864577,1.92473405202069,3
2026-03-15 21:15:00,0.161970355492034,3.64789533328143,20.2972406662981,13.3470371113404,449.054711252214,1.70629574630315,3
2026-03-15 21:30:00,0.161414436982034,3.59021155546823,18.9587824443104,12.7101920000302,449.052739983057,1.55638593574263,3
2026-03-15 21:45:00,0.159548244389934,3.3287664444111,13.809225778624,7.42066444436747,451.251218351537,1.83686588587751,3
2026-03-15 22:00:00,0.159184985130334,4.98779488887176,13.2067624449793,7.06499888884677,451.40254627424,1.81692829276425,2
2026-03-15 22:15:00,0.162839088832733,4.97288822219703,18.5071660000751,7.9953886666859,450.335672107464,1.44507607826206,2
2026-03-15 22:30:00,0.158989088830033,5.00053777773836,14.6154368899944,8.08827911115917,450.439421493967,1.35797207577413,2
2026-03-15 22:45:00,0.158852503653933,5.50545044442583,13.3977382227827,7.1119313332961,452.284991129537,1.39003654095992,2
2026-03-15 23:00:00,0.1597500962368,4.34975133328506,15.1952546674959,8.58892311112137,451.251263091607,1.35513858226753,2
2026-03-15 23:15:00,0.1601058592023,5.03856266662593,12.7075897780908,6.93300822207733,452.09627609048,1.38413553228691,2
2026-03-15 23:30:00,0.158201496249467,4.32965599995583,13.2005760005307,8.60870177780841,451.542132744207,1.28700661475401,2
2026-03-15 23:45:00,0.1580136888499,4.99487155552833,13.1114486671961,10.1603797778138,451.18117081819,1.29010128601553,2
2026-03-16 00:00:00,0.1585093925462,4.24588111106816,12.7959282225614,7.80900933328977,451.846048761947,1.28335506194006,2
2026-03-16 00:15:00,0.157648333298933,4.99937266661789,11.9361186668635,7.1587206665332,451.044653402024,1.29208107149954,2
2026-03-16 00:30:00,0.1580112740407,4.96272422218506,11.7615724447485,7.61094155543109,453.908615234331,1.31219991473838,2
2026-03-16 00:45:00,0.156673481453,3.70957711102253,12.1071991113319,9.39103733332898,451.13606517802,2.18962539806267,2
2026-03-16 01:00:00,0.157419614773434,5.04314044439012,12.667761333692,10.7275700000936,452.47355660965,1.24489204547626,2
2026-03-16 01:15:00,0.1566634295945,3.52255799990543,12.5621004448165,10.46936177787,452.459649133887,1.38063026028896,2
2026-03-16 01:30:00,0.1574457555208,4.93606533327543,12.3566853336323,10.9002851113303,454.60220088355,1.35133396212927,2
2026-03-16 01:45:00,0.157793229583867,4.98753088883463,13.4448700007595,10.2856773334386,453.624487304834,1.22844798023487,2
2026-03-16 02:00:00,0.158361592557934,4.94775511105343,12.3717560002667,7.02805222211427,458.53798862838,1.31839905214747,2
2026-03-16 02:15:00,0.156630614777634,3.4429395554621,12.6400711115557,11.1563124445265,453.223178360837,1.26272647428884,2
2026-03-16 02:30:00,0.157796311066534,6.03294200001073,13.4324831118895,10.3848306667791,454.95998280759,1.67936001582509,2
2026-03-16 02:45:00,0.158280859218667,5.82370777771936,12.400104889206,8.37606355569203,458.476962276744,1.24041117590121,2
2026-03-16 03:00:00,0.157422866634934,3.77981688880227,12.4363371114612,12.7908800004456,454.558770488533,1.36604843351487,2
2026-03-16 03:15:00,0.1588528592263,4.8650122221511,11.913409111423,8.05337444446716,458.875448321954,1.2806357408195,2
2026-03-16 03:30:00,0.157337029589434,4.20888088883866,12.593566444879,10.8624946669254,455.353527380433,1.25975693727975,2
2026-03-16 03:45:00,0.157264688834767,3.38718622213997,14.2273244455605,13.2902011114897,454.967524156523,1.23715101003826,2
2026-03-16 04:00:00,0.157829733280767,3.17648044439433,13.4236326674564,13.7468688893036,455.475993993393,1.4190620477108,2
2026-03-16 04:15:00,0.1604541703241,4.82567799993946,12.4965826669924,9.76508577794157,458.038528222407,1.25689458589727,2
2026-03-16 04:30:00,0.157569651812067,4.86140999994593,12.6272855559448,13.235223555985,454.959718674577,1.23653641849542,2
2026-03-16 04:45:00,0.163340051801967,6.00589955549323,18.8282317780143,9.52956433354363,456.503878184087,1.25787110505729,2
2026-03-16 05:00:00,0.158673466609467,5.84011111108363,14.4451340012082,11.2993677782334,455.254204802013,1.24317548949963,2
2026-03-16 05:15:00,0.159910125887567,4.21207377773283,12.8158633336617,9.44611222235427,458.020417737507,1.26578053071077,2
2026-03-16 05:30:00,0.164713540678933,6.3407575555247,18.9652435554533,8.88429522227813,458.319294717603,1.25383796634737,2
2026-03-16 05:45:00,0.177092733368133,5.84819888885999,19.1076871109243,7.96165044448657,459.233475392744,1.27703866121953,2
2026-03-16 06:00:00,0.191180118491,5.78602088886216,18.2594928893423,11.1134042225611,455.814191995534,1.33112589673094,2
2026-03-16 06:15:00,0.187999370298833,6.38794333327827,18.0824475559833,1.53493004821156,458.971317581203,1.30756972312034,2
2026-03-16 06:30:00,0.212784296269867,6.60147844433343,19.9640944444417,4.15865533335067,460.09459114699,1.57871630574895,2
2026-03-16 06:45:00,0.169405548116767,4.99274644439452,18.96966177769,9.25661977790031,457.631320254067,1.5162658781985,2
2026-03-16 07:00:00,0.165191385133667,5.77088422218496,18.7958088891299,9.8750840002895,456.089815945253,1.34895626434021,2
2026-03-16 07:15:00,0.162022614762833,4.91308688882609,15.1302551116165,14.7280753334161,455.011608792817,1.37123623369137,2
2026-03-16 07:30:00,0.174077385199633,6.3370208888604,19.030146666563,8.82362100005667,458.15107897902,1.6398374415011,2
2026-03-16 07:45:00,0.168009170304333,5.00353155551822,18.9805377776877,5.75701222221626,459.759136938307,1.6027874602755,2
2026-03-16 08:00:00,0.223345088894467,6.77309555540027,20.267043111108,8.53410733333117,457.41624088168,1.37686861339818,2
2026-03-16 08:15:00,0.207412999989633,6.6409655553917,19.3466233336843,1.36127018191315,459.434209885657,1.49162232064847,2
2026-03-16 08:30:00,0.212574229623667,6.89075577758693,19.8061480000067,3.1812911111634,460.139818750727,1.48289445576306,2
2026-03-16 08:45:00,0.222688540760466,8.15477688855214,20.394538000123,3.56799333335447,460.797733987744,1.8593892524936,2
2026-03-16 09:00:00,0.213958037047467,7.20758066653301,20.3029622222327,1.74039315946595,460.584156081124,1.74603437341338,2
2026-03-16 09:15:00,0.168125029594833,4.39006066662786,19.113270888728,10.233016444709,455.72763345717,1.50672328709195,2
2026-03-16 09:30:00,0.204786459224967,4.90409133329826,15.5848442238137,12.5022664446322,455.93769818453,1.33165389287532,2
2026-03-16 09:45:00,0.1576393332799,4.8552111110477,14.2051786676908,13.4814317780076,454.985880621323,1.38630769621229,2
2026-03-16 10:00:00,0.174949777775867,6.55081333340303,19.9460657776597,5.03799744440547,459.64272156272,1.98004429998413,2
2026-03-16 10:15:00,0.166474044384033,6.46261733332943,20.829391333251,4.356562333305,459.413730284657,1.64076648076549,2
2026-03-16 10:30:00,0.160265296255533,4.98584977774999,18.975375111189,11.4982206668557,455.34411085365,1.51828668565623,2
2026-03-16 10:45:00,0.186832770341567,5.00515733330699,16.0326011117325,12.7815026665751,453.568077638287,1.38346595630336,2
2026-03-16 11:00:00,0.160775836992833,4.94681377772973,15.4519160005551,13.341524222318,454.319496692357,1.37865069607906,2
2026-03-16 11:15:00,0.161481444386433,6.1024195555644,19.4470979998279,7.41569266661237,455.427939957764,1.47336374911461,2
2026-03-16 11:30:00,0.167403229575233,6.92418822239037,21.4312431109883,5.05849299994136,457.614690839494,1.87273657227345,2
2026-03-16 11:45:00,0.182785251800933,5.84574755551089,19.5125426666597,5.51698333329606,461.84380754649,1.87073741074116,2
2026-03-16 12:00:00,0.1926921332991,6.02503222215956,19.2868106667957,3.44797200003353,461.328597991073,4.36387086818462,2
2026-03-16 12:15:00,0.173078703742867,4.90617044441776,19.1779682220893,5.73925955553043,461.420477148514,2.159953610635,2
2026-03-16 12:30:00,0.168380607384167,6.54114000005493,19.1981531108657,5.24386433330503,461.221340335837,1.86690877766729,2
2026-03-16 12:45:00,0.1803134333434,13.8785048893001,21.7591079996824,-1.37017270915267,460.8453531558,2.05532057487199,2
2026-03-16 13:00:00,0.1609314295767,6.3726931111179,19.153255555266,6.0607345554722,458.740801539774,1.6133634403344,2
2026-03-16 13:15:00,0.1557315480865,4.95340133328409,14.6935095567417,8.40810422227724,451.822741589444,1.63665865687814,2
2026-03-16 13:30:00,0.156584533272167,4.93521999998013,15.6248353340661,8.237797333378,451.016914364264,1.65941461270252,2
2026-03-16 13:45:00,0.186687274039567,5.04502799998246,17.7966928892812,9.79407555557318,450.753957202667,1.65017613918594,2
2026-03-16 14:00:00,0.169406029571,7.57490755574904,20.9494575553987,1.29618806207789,452.303590872444,1.5418869746053,2
2026-03-16 14:15:00,0.1723799185464,6.80884733345663,21.8410168883887,0.568845196144258,452.447997701984,2.92463057697668,2
2026-03-16 14:30:00,0.175535763010467,6.97466511127663,21.6224235551003,0.380490622662178,454.502455171884,1.96419905196831,2
2026-03-16 14:45:00,0.173050400038767,6.07225555554493,18.7551802222827,4.9031091110865,453.444723845534,2.58597514076294,2
2026-03-16 15:00:00,0.163745422206167,4.95382911107869,16.5202188892991,6.61647422213873,453.640059079568,2.16904181329325,2
2026-03-16 15:15:00,0.168648207472433,5.48568955554003,15.7706222229485,8.23596155557504,452.486538827594,1.94355589806147,2
2026-03-16 15:30:00,0.176513133365833,6.85074200015317,19.7427086664203,3.7541268889223,455.587750667871,2.36450796957699,2
2026-03-16 15:45:00,0.210077562980233,7.19443377763374,20.185203111053,3.4857463333246,460.863351793624,5.21202047873948,2
2026-03-16 16:00:00,0.173058148189433,4.89269644444299,18.8797548886633,4.94865999995523,459.62504675776,3.70674292824256,2
2026-03-16 16:15:00,0.218343407430033,6.1797739999487,17.7801511115497,4.83355688890494,461.520911974511,3.85093424490473,2
2026-03-16 16:30:00,0.171036970409233,5.94609044440386,15.6637606673536,6.56091777771997,461.091185082081,2.1978997245281,2
2026-03-16 16:45:00,0.211211799972133,5.00807711110753,19.0247453335706,7.50846466664737,463.369168245107,2.90997710588947,2
2026-03-16 17:00:00,0.192364548127567,6.4691686665307,18.7905702222763,2.04652794597256,458.518259739551,3.52832036623306,2
2026-03-16 17:15:00,0.159858155490033,5.92026399995156,13.1676504448766,4.69300044448,460.51002954495,1.90445566732433,2
2026-03-16 17:30:00,0.158096688833,5.38738022221256,12.8084600003383,6.93152244436193,452.268841236947,2.46101587505081,2
2026-03-16 17:45:00,0.158154740668934,5.3803017777701,14.4564831121051,5.80601888883383,452.6522637346,1.89173610251373,2
2026-03-16 18:00:00,0.1830633889281,13.4354562216181,21.6642622220503,-3.40329934919088,455.36828204901,2.4706874894164,2
2026-03-16 18:15:00,0.200272825930567,9.77464555593,21.581256222095,-1.69474063811704,459.847819725483,4.06772732915847,2
2026-03-16 18:30:00,0.197069366668133,6.77009222202607,19.189577333182,-1.32637774429726,460.993085232607,4.07218996202573,2
2026-03-16 18:45:00,0.1559116073493,4.83860177773063,12.6545768892496,6.9614473333181,461.43411242303,1.74744346738868,2
2026-03-16 19:00:00,0.165793763008767,4.73354755549443,12.1937044446145,6.1936416666543,460.03677614403,3.09519383581542,2
2026-03-16 19:15:00,0.197384792550733,4.79746355553483,14.2413073340453,5.27147722221774,462.29266211239,5.32797288646228,2
2026-03-16 19:30:00,0.1596626443683,5.85195444439876,15.1643044450801,5.62506166663827,461.315268528693,2.36049593871216,2
2026-03-16 19:45:00,0.1598064443701,5.82285444439652,13.3263737783431,6.3239987777628,462.77818981196,2.27134583096849,2
2026-03-16 20:00:00,0.159369170312367,2.82960911103194,12.4310326668481,6.16906666665844,461.58078611248,2.1058640323792,2
2026-03-16 20:15:00,0.1608810369647,4.76860355550677,14.2448668898363,3.42226355564244,461.50738301122,2.08953756816834,2
2026-03-16 20:30:00,0.175991777792133,6.5976893332736,17.7624833335063,-0.646119963613009,461.320622766773,3.11955595611676,2
2026-03-16 20:45:00,0.156796696238834,2.44189644438167,12.4492251113514,6.95362288887426,462.323495210463,2.08444331758342,2
2026-03-16 21:00:00,0.156478881439033,4.83731688883079,11.8250251110924,5.86925122221637,460.452006075673,2.29090537323227,2
2026-03-16 21:15:00,0.171849007461367,4.86135466661673,12.5599135556374,7.0565346666731,459.936712898133,3.55684041761471,2
2026-03-16 21:30:00,0.166755988829467,4.87621644440989,12.9609157780667,7.1529535555522,457.79086875626,2.3588372138382,2
2026-03-16 21:45:00,0.174780240688133,3.06838333328976,12.9319404447567,9.86762066685777,454.715874764314,2.26657671027287,2
2026-03-16 22:00:00,0.176531599942033,4.44260888887026,12.7703686668473,5.67051777776096,456.76797642732,3.25689155421302,2
2026-03-16 22:15:00,0.175028155497633,3.58870866658553,13.0921071114187,4.24514488890873,456.122781170974,2.56125521241193,2
2026-03-16 22:30:00,0.174252785140633,4.89138133331323,13.5300871115731,6.8375457777545,454.259780219667,2.47600451964922,2
2026-03-16 22:45:00,0.159861918463833,4.88433266661386,12.5792160000688,2.91340056046603,456.835881115006,1.92275352776104,2
2026-03-16 23:00:00,0.157633274022033,4.20588755551833,12.0617142221949,5.88748977780696,459.441258760567,1.59641027765023,2
2026-03-16 23:15:00,0.15948013328,4.93311533329053,12.7666522223433,6.24858000004223,458.982934197247,1.86284441618472,2
2026-03-16 23:30:00,0.1585920073627,4.97336488885243,11.1936497780207,7.36048755551562,456.998165577967,1.91102469581528,1
2026-03-16 23:45:00,0.159303933286367,4.85755844438939,11.5393113336423,6.51415355552007,457.568890911967,1.88572181861922,1
2026-03-17 00:00:00,0.157941333291767,4.9561735555191,11.3384317780631,7.08698133329659,458.76474341094,1.66249788180005,1
2026-03-17 00:15:00,0.158723659216833,4.83668222217536,11.9842206669989,7.96633266670115,458.36805537708,1.90946795632011,1
2026-03-17 00:30:00,0.1734476480915,3.14528244441086,12.7957997779698,8.9931522222685,452.098939220424,2.73798829777858,1
2026-03-17 00:45:00,0.1690191147937,2.90696644443456,12.4834188889783,8.56651422228567,455.250637065894,3.83899870971885,1
2026-03-17 01:00:00,0.170687274053067,3.15681511105496,11.780848222577,7.2515924443576,455.18888158041,2.41691169162451,1
2026-03-17 01:15:00,0.1707009369959,4.93477311107793,11.4832037781315,7.92662644432706,452.374348885007,1.97953370678128,1
2026-03-17 01:30:00,0.157355903661167,5.51841466661543,11.6866502226139,7.55327555542913,454.841143397717,2.09361732831723,1
2026-03-17 01:45:00,0.1625510369734,4.5189439999807,12.5548680001527,7.62298244439903,455.333916715507,2.17604939768005,1
2026-03-17 02:00:00,0.1687444851649,3.76631688881763,12.8668122224598,8.04387666661823,452.728193500344,2.67106873807935,2
2026-03-17 02:15:00,0.167487544429533,3.49579466662026,13.0976915557939,8.78205511114894,453.49328932589,2.91366155338521,2
2026-03-17 02:30:00,0.166160585165967,4.4229708888417,13.301112666968,9.50784777795391,454.29917776042,2.81399969624947,2
2026-03-17 02:45:00,0.16640477776,6.23310688880123,12.7248737778578,8.20200288891076,454.469362094587,2.97822753637675,2
2026-03-17 03:00:00,0.167088274050933,4.6903373333178,14.7051866672953,8.39177222225193,454.38308216367,3.27036884266592,2
2026-03-17 03:15:00,0.166493496275733,3.44280622218299,13.5949633337293,8.76816577782887,451.384030293723,3.42708120451473,2
2026-03-17 03:30:00,0.166175362935267,4.47686511106916,14.5038535562973,8.0778368888686,451.630630367673,3.1463308739952,2
2026-03-17 03:45:00,0.1578628481314,5.03014155552493,12.7354033334297,7.0032086666161,454.476863819924,2.66708319683759,2
2026-03-17 04:00:00,0.1524179777597,3.45410066661646,13.6387048893313,9.2268575556761,454.12647721961,2.74215306969958,2
2026-03-17 04:15:00,0.1493212666506,3.99620822214593,13.6321680005154,11.0336871113129,453.56270325305,2.49726598573373,2
2026-03-17 04:30:00,0.145885066650733,3.63458111103057,13.8177522229124,11.8694288891093,452.028874540813,2.66072409642704,2
2026-03-17 04:45:00,0.145479629626333,4.64480799998266,12.8968784446273,10.6862535558959,453.109778987263,2.53067187482985,2
2026-03-17 05:00:00,0.144681674071233,3.5142475555005,12.8701286668251,11.522402444783,452.505338540453,2.55534971717842,2
2026-03-17 05:15:00,0.1448731185193,3.55497266658187,12.8264940001455,11.3509993336727,452.817141696233,2.5458327303818,2
2026-03-17 05:30:00,0.147967296293733,4.4775848888646,15.5817495559605,11.2097704447595,454.426359746266,3.24860050569542,2
2026-03-17 05:45:00,0.1469220518497,4.17514466660286,14.4687480008409,11.4622091114742,454.40743367283,2.53916402854965,2
2026-03-17 06:00:00,0.1500153407014,5.00721155551726,14.7332668891692,15.5618711113017,454.49241062606,2.91581554239103,2
2026-03-17 06:15:00,0.1527762740252,3.38927577770536,16.2383353334399,14.9110282224631,455.015127245363,2.6146265454593,2
2026-03-17 06:30:00,0.153802385130067,4.5341153333075,17.0486351112451,11.6125693337247,455.400661387,2.12312838104028,2
2026-03-17 06:45:00,0.1523133406852,3.4577848888514,17.7446731104668,15.2359886668903,454.355752486513,2.17226031921633,2
2026-03-17 07:00:00,0.152475081409834,4.97263177775283,16.6804235552453,17.3663360002076,454.050768083437,2.47816088493077,2
2026-03-17 07:15:00,0.1533063554906,3.55206711104766,17.0620284438479,18.0784711112635,453.281803985453,2.40765270994261,2
2026-03-17 07:30:00,0.153800518447267,5.10385022219179,17.6342555549609,16.9271724447884,453.256748911186,2.29571031689535,2
2026-03-17 07:45:00,0.151616636985033,5.06050355554133,17.6897426660829,16.6807837780305,452.77598401793,2.32341108641621,2
2026-03-17 08:00:00,0.143076785201833,5.02981022220073,16.3202393331307,19.3771533333005,450.63942835901,2.09622888989288,2
2026-03-17 08:15:00,0.144529733337333,4.33058044438023,16.9340368884662,17.1804146667782,450.512371784304,2.06721847857375,2
2026-03-17 08:30:00,0.1424564222369,5.05445755554393,16.6674426663174,18.9777391110532,450.05530278149,1.98752905800142,2
2026-03-17 08:45:00,0.142038414832633,4.7017111110822,16.766904666282,19.032485999974,449.913753682817,2.05193101690221,2
2026-03-17 09:00:00,0.1418674963113,4.68577488886286,16.933528888299,18.4768764444439,449.87722566571,2.24756324127449,2
2026-03-17 09:15:00,0.144088785193067,5.15344977776279,18.7375915549734,14.5019355558612,450.96992742633,2.20351083481408,2
2026-03-17 09:30:00,0.140415177799233,5.06062911110206,15.9257244444191,19.2218768889051,449.730438932943,1.98843323879258,2
2026-03-17 09:45:00,0.142724992589033,5.12381666664183,16.787954888423,17.8874417777012,449.616135048387,1.8130727092661,2
2026-03-17 10:00:00,0.1425359259295,5.58434000000193,17.1755571105029,17.4996942221684,449.821182531207,1.63754982365405,2
2026-03-17 10:15:00,0.142055822220333,5.10011311109716,17.0125926660025,17.5367373333212,449.55076180814,1.84491847163418,2
2026-03-17 10:30:00,0.140027200012233,5.09465733330323,15.3643077777692,17.9851146666877,448.449023739353,1.9745649739155,2
2026-03-17 10:45:00,0.139587088899733,5.03929111109449,16.0731373331414,17.4537322223565,448.00144368702,2.08819525695152,2
2026-03-17 11:00:00,0.1400162888922,3.93116911102916,17.395028221865,15.8651851112178,448.474448683367,2.23160135606025,2
2026-03-17 11:15:00,0.141384437031467,3.75307488883733,17.695476221758,15.6094120002506,450.635610356883,2.22936527295765,2
2026-03-17 11:30:00,0.146093548136667,5.12349333331236,19.2193206661946,10.4410744445351,451.259147930006,1.94199706758461,2
2026-03-17 11:45:00,0.145743266651533,4.08288822216173,18.8613991106139,9.78824888892547,451.808151302857,1.61333271396113,2
2026-03-17 12:00:00,0.145445711108067,4.0169613332679,18.9766082217553,8.3969617778322,452.690676905344,1.62093826871871,2
2026-03-17 12:15:00,0.1452547925935,4.25314799994293,18.6560939994159,12.9228822224745,450.516016068997,2.0536450828477,2
2026-03-17 12:30:00,0.143476851864434,4.49993311106583,18.6331802215883,13.0497457779985,448.539718690133,2.22236099514321,2
2026-03-17 12:45:00,0.143331266679533,4.3741568888368,18.2923524437593,13.0424440002216,447.98918397913,2.35355311577266,2
2026-03-17 13:00:00,0.143412770384267,5.24370844441756,18.2279842217059,11.219742222304,447.704752198993,2.51935619694122,2
2026-03-17 13:15:00,0.141007866672767,4.5799375554953,17.2204086663804,13.528574444792,447.283392482203,2.38410783900286,2
2026-03-17 13:30:00,0.1414796592681,5.12492733330113,15.1067720000947,12.632619333624,447.990112353016,2.15790825342611,2
2026-03-17 13:45:00,0.145516133356167,5.17404288884396,16.7054128886585,10.7931180001003,447.162751750146,2.43574569972648,2
2026-03-17 14:00:00,0.141425733335867,4.25163399995026,17.5440022220877,9.19415577782147,448.7171325726,2.14303572152442,2
2026-03-17 14:15:00,0.1410804740788,4.75453577775066,17.8161459996023,11.4982368890625,447.134400703306,2.61323406511694,2
2026-03-17 14:30:00,0.140469592605134,4.30633866660883,17.5655482220001,10.3534553334262,446.74490055763,2.62299622765203,2
2026-03-17 14:45:00,0.140859740749234,4.4003402221567,16.5837684441682,10.0020857778016,447.304135416033,2.4557119536798,2
2026-03-17 15:00:00,0.1409267037114,4.4162393332649,16.6287246663792,10.3411980001711,448.016372783786,2.12384718735571,2
2026-03-17 15:15:00,0.141770259264734,4.22309844441353,18.1392948882126,10.7584693334007,447.41260889322,2.70108117028531,2
2026-03-17 15:30:00,0.1420751925997,4.26121533329663,18.6848464438146,10.0414035555302,447.88607242872,3.04229647682096,2
2026-03-17 15:45:00,0.1419357703733,4.13017644441676,17.9126802215796,11.8207673336336,447.455476099426,3.18295315680013,2
2026-03-17 16:00:00,0.142302037038767,4.854355555527,18.0640197773576,9.56139200005834,448.296866165076,3.12418259230614,2
2026-03-17 16:15:00,0.1397534296323,4.0825711110871,15.9809611108113,14.2173444448104,446.93587441996,2.9365848514978,2
2026-03-17 16:30:00,0.140999362960934,4.1289279999409,17.7385891107756,10.8828580001236,447.225138773316,2.79723162443253,2
2026-03-17 16:45:00,0.141027651853167,4.15924422218589,17.6631373329743,11.0811688890586,446.841047209613,2.88002203275273,2
2026-03-17 17:00:00,0.142702466662334,4.2095464444088,15.0575128888513,11.917761333632,446.89062135346,2.87967601215436,2
2026-03-17 17:15:00,0.144163681475134,5.17557888883703,15.6773433333088,8.31823199996399,449.508388632186,2.95324443578161,2
2026-03-17 17:30:00,0.1496234814927,5.19274644439816,18.022693333072,7.17970577767746,449.80501351243,3.37503482426587,2
2026-03-17 17:45:00,0.1451360444384,5.19605822218229,18.4987513329297,7.49462755555233,450.854739651006,2.823452887319,2
2026-03-17 18:00:00,0.141439955561367,4.287225555506,18.0232288885259,9.0554748888922,448.23658859232,2.77849998621808,2
2026-03-17 18:15:00,0.140532029637767,5.19391088885176,17.5734622219754,10.0707082221374,446.720488564413,2.71464848210827,2
2026-03-17 18:30:00,0.1416866000027,4.63745733326746,16.9027764442413,6.8443522221643,450.16693992362,2.81612126760372,2
2026-03-17 18:45:00,0.140887466676733,4.85569466663236,17.4007584442984,9.28479955558817,447.961904378253,2.74644003193396,2
2026-03-17 19:00:00,0.139834674083967,4.40935577770986,14.297336000414,9.56466866673877,447.858900403753,2.9108346863615,2
2026-03-17 19:15:00,0.143157977777767,5.15942333329349,17.9767302218253,7.99409533333173,449.697761965996,3.19261822323926,2
2026-03-17 19:30:00,0.141056088894367,4.12620111106546,18.0182155549553,10.9617777777832,446.391235046573,2.99864626220503,2
2026-03-17 19:45:00,0.1387400666814,4.15096777774373,14.8046915556257,13.3018553336209,445.969013641209,2.71931301803134,2
2026-03-17 20:00:00,0.140293200005,4.34518422219543,15.3146162222199,8.7287897778116,449.24287702098,3.17368650506335,2
2026-03-17 20:15:00,0.149178281467567,4.4101713332716,18.345857555119,3.56138266674737,452.31884665933,4.15308438259916,2
2026-03-17 20:30:00,0.144977829617767,3.98405777772453,16.8777657776836,7.76723444440923,452.897005793627,3.94513765291384,2
2026-03-17 20:45:00,0.143032074070634,4.02376733329526,15.1760308890067,11.53851688931,450.172316940666,3.07226197848117,2
2026-03-17 21:00:00,0.141418177784034,4.1080791110815,14.8297044445685,12.6495317782229,447.48630391778,1.87991446613682,2
2026-03-17 21:15:00,0.1405046814877,2.18381666667513,14.3114077777721,13.6147711115962,446.628671062346,1.6087915254719,2
2026-03-17 21:30:00,0.1399378592675,3.7793157777525,14.8892733334573,13.8247288891666,447.420991794146,1.51584079659856,2
2026-03-17 21:45:00,0.1406335481648,4.14779333330153,12.2376853330845,9.66118888905193,449.20702602405,1.99406001737793,2
2026-03-17 22:00:00,0.1428371111135,4.20169933327986,16.4222197775748,8.86021377779156,450.15108403265,1.8194808666542,2
2026-03-17 22:15:00,0.1411359851978,4.08818466663876,16.5126173332234,10.7858420001046,449.288916798326,1.47235627213693,2
2026-03-17 22:30:00,0.1396945333438,3.95367333330426,15.2676204445131,10.9037420001442,448.702348326016,1.49698792697391,2
2026-03-17 22:45:00,0.140201096305767,4.14700644438523,13.316670222449,9.39717755560093,448.938069445383,1.5009871021357,2
2026-03-17 23:00:00,0.1396198963072,3.84549466664116,13.2298188889742,9.39847177785147,448.70625721064,1.52380909268546,2
2026-03-17 23:15:00,0.141354762974133,4.28558577773409,14.0705868892905,7.71551644432616,450.188688647553,1.4910814468065,2
2026-03-17 23:30:00,0.1411773629745,4.81557466663416,14.2085108892745,8.68113555554192,449.3035614611,1.46857757749271,2
2026-03-17 23:45:00,0.140072029640067,4.1371971110787,14.1203351116028,10.9192173334765,448.16864734372,1.49019164618185,2
2026-03-18 00:00:00,0.141489562972567,4.4233399999707,16.2000604442278,7.84298466653816,449.41698156114,1.5073680519117,2
2026-03-18 00:15:00,0.1401302296411,4.23317777773993,14.1722493338076,10.4274000001034,448.455459532387,1.49483128658333,2
2026-03-18 00:30:00,0.140846096307533,4.23214466663586,14.2569848892601,8.94978711113039,449.061538885976,1.48806058470515,2
2026-03-18 00:45:00,0.139714244455733,4.21473311108066,13.2290728890222,10.8423755557233,447.919900646316,1.48295272804607,2
2026-03-18 01:00:00,0.138782303714733,4.05014288886403,11.9023668886214,12.0496348893434,446.286388645987,1.49714550884934,2
2026-03-18 01:15:00,0.139917577786,4.8155577777395,12.4303846664899,10.2678968890357,447.688653919706,1.50694584873284,2
2026-03-18 01:30:00,0.1394097259339,4.04506888885916,12.1921184442914,11.9620953337383,446.915769386683,1.51806269920903,2
2026-03-18 01:45:00,0.1384642666808,3.95861888886316,11.2778913330642,11.2944766670204,446.77348732289,1.50991209082333,2
2026-03-18 02:00:00,0.138441651861033,4.00548755552876,11.697210221937,12.5634028893635,446.05206369765,1.50829780004345,2
2026-03-18 02:15:00,0.138061074088233,3.9826564444208,11.2273953330747,12.8018648893665,446.149387484687,1.50795581429946,2
2026-03-18 02:30:00,0.139421311124033,4.6403357777035,12.1414417774869,11.0640157779747,447.258628157296,1.50803484307303,2
2026-03-18 02:45:00,0.139033481504967,4.14920022218153,11.9762935552804,11.6843568891419,446.798022317,1.52389372130048,2
2026-03-18 03:00:00,0.139746696314333,4.1426626666273,11.8851577774287,10.2004540000979,448.11920097519,1.55908396915469,2
2026-03-18 03:15:00,0.1401330074179,4.3463971110426,12.0316288885277,9.20323333339599,448.786920403316,1.5971763700712,2
2026-03-18 03:30:00,0.1403334740835,4.18746088881957,11.4723973330795,6.98097644436266,449.08499773901,1.65687784154114,2
2026-03-18 03:45:00,0.142249288887033,3.9775006665911,9.70110222213364,3.78283066674483,446.750731897793,2.12873630413894,2
2026-03-18 04:00:00,0.142324755543767,4.0401433332576,10.5753624443584,6.8441953332361,449.00844148932,2.00781984967583,2
2026-03-18 04:15:00,0.141738325933467,3.96127977774939,14.3429917782256,7.91793266657966,449.725599606126,1.78760038726266,2
2026-03-18 04:30:00,0.141611155565,4.30362888885073,12.6635099999665,7.0476048888625,449.956375862673,1.79841637251084,2
2026-03-18 04:45:00,0.144624525913467,5.23042199996186,9.97104377774962,3.91847222231477,447.975662809353,2.42149234446979,2
2026-03-18 05:00:00,0.145611222193567,5.15837399995732,10.1259675556537,5.47765177780703,452.855103397913,2.07581977765678,1
2026-03-18 05:15:00,0.146733370356767,4.8965088888346,11.409257777915,3.4228131112509,455.020878349897,2.71888142103347,1
2026-03-18 05:30:00,0.179316888866034,4.64512577768583,13.5275380000533,3.47263155566404,453.54918806393,2.22805889725884,1
2026-03-18 05:45:00,0.146630777768367,4.11916199996173,12.9299313333995,6.78941777775093,451.549936147126,1.76091874930367,1
2026-03-18 06:00:00,0.1449690814805,4.2547733333104,13.3622857780254,7.30459688878887,450.322776819559,1.7387875082011,1
2026-03-18 06:15:00,0.146028170373167,3.90002088886909,13.5585475558005,7.8554219999165,450.86484600426,1.68551396766073,1
2026-03-18 06:30:00,0.146467711118133,4.46842911107093,15.0666040000422,5.24142444446506,450.91746387584,1.65597621345115,1
2026-03-18 06:45:00,0.147944755539567,4.3947935555169,14.1457500003787,3.51775888894447,450.590757280423,1.99768548866699,1
2026-03-18 07:00:00,0.1501090888618,5.6650757777586,13.2024073334002,1.15005549049288,449.567223555913,1.9412258325494,1
2026-03-18 07:15:00,0.149886511090833,6.41379644421353,12.9950584445627,0.534015256746535,448.320820281969,2.01633475351969,1
2026-03-18 07:30:00,0.1498697703664,5.15769133328849,15.7332428889733,3.46828511115357,451.571051197643,1.783903634804,1
2026-03-18 07:45:00,0.156893970341167,4.41438222218746,16.4739542222163,3.8818906667144,452.444525412607,1.98286018206974,1
2026-03-18 08:00:00,0.160087407393433,4.44270422216916,15.0920020001008,3.62915600002847,451.471358160706,1.64815290541111,1
2026-03-18 08:15:00,0.166920711103267,6.2760391109676,17.1948480001289,1.51287048750365,451.7133179995,1.74666010213759,2
2026-03-18 08:30:00,0.1665155629264,5.5430457777581,15.6338348889566,3.180736222244,451.17914069855,1.96105806515473,2
2026-03-18 08:45:00,0.150936533328267,5.1042935555177,12.9954497778854,4.53332111113206,450.546237085567,1.69646680888352,2
2026-03-18 09:00:00,0.152389837034033,5.18363822221249,15.3253720000943,3.41007022225987,450.417300018973,2.16293687230181,2
2026-03-18 09:15:00,0.159277948148233,6.3134431109706,17.722486888976,3.97403666665087,452.3638875772,1.87766230896418,2
2026-03-18 09:30:00,0.174620792592267,5.37314266663042,15.6564920000289,6.46712111106893,452.52378831838,1.54467851521423,2
2026-03-18 09:45:00,0.2641176074769,5.25536755550533,16.0517304448474,4.50759888888306,453.33786523631,1.60489010976507,2
2026-03-18 10:00:00,0.1514341851941,6.27129644434267,17.1678791113859,5.3078919999614,450.887936056827,1.65695340481924,2
2026-03-18 10:15:00,0.163707711053333,6.40623644426827,17.2249102223651,5.41622911103763,450.331775208783,1.54600113452131,2
2026-03-18 10:30:00,0.145671637029267,5.24618577773226,17.1866922223279,4.9368839999441,449.621505036863,1.49232351895362,2
2026-03-18 10:45:00,0.146088966653067,5.18652399996739,15.2655388890398,5.23051955549027,448.454460504156,1.49652426247416,2
2026-03-18 11:00:00,0.1573563888478,5.15844666662419,14.5268462226423,4.62236044439853,448.32352777929,1.58209658790049,2
2026-03-18 11:15:00,0.1446120851664,6.10472599988203,12.5149659998339,3.7768035555258,447.663229911123,1.72875169077064,2
2026-03-18 11:30:00,0.144647507399367,5.6022288888666,15.9121231111254,3.19021777774413,448.376393507983,1.68634305359674,2
2026-03-18 11:45:00,0.1523545740469,11.4024273324274,14.1369700001982,-0.596428629704057,448.396834449763,1.9371592378478,2
2026-03-18 12:00:00,0.146369207405367,5.63942355552606,13.3541151111173,1.39275065223046,448.619053064563,1.63283234888218,2
2026-03-18 12:15:00,0.143200859261167,4.82367911107919,14.2443531115258,5.18266688885933,448.711881887966,1.61789417818322,2
2026-03-18 12:30:00,0.148282225923467,6.40520666648537,16.5799046666988,3.8231557777145,448.661531543419,2.01011811287051,2
2026-03-18 12:45:00,0.1566303444424,11.8139559991621,17.5197699997767,-0.779089754610427,450.1646795603,2.01211589459451,2
2026-03-18 13:00:00,0.147394544422667,6.3798746664097,17.6885777777177,0.630110124982767,448.175491454663,2.09204392865604,2
2026-03-18 13:15:00,0.1463592555448,5.20079022218333,16.443243777683,5.66803599992417,449.250103673813,2.10562480721124,2
2026-03-18 13:30:00,0.145050366666033,4.1061826665919,14.9630253334377,8.19067111092336,449.362092755586,2.41393380028423,2
2026-03-18 13:45:00,0.143059951875067,4.24241066662003,16.4039815554579,5.97544399997853,449.596194950106,2.52373261370176,2
2026-03-18 14:00:00,0.144018885209167,4.30900511105943,15.7680397777859,5.2519808888727,449.509027705453,2.37715095792209,2
2026-03-18 14:15:00,0.143831774084167,4.27158733327943,16.2005144442807,4.72119711109793,449.37189752835,2.24485548926664,2
2026-03-18 14:30:00,0.1430777851988,4.2461968888373,15.0399322223957,5.47449644439597,449.337261850983,2.23936694387776,2
2026-03-18 14:45:00,0.143509348164,5.17142866661439,15.1056153335657,4.64400622216373,447.998697351797,2.25549802073654,2
2026-03-18 15:00:00,0.141616222259067,4.45460155547413,14.1627031115792,7.43458666642476,448.224752444526,2.23242495602844,2
2026-03-18 15:15:00,0.141461185214633,5.13218177772706,15.165067333486,5.90613577766933,448.2480540872,2.25525637988789,2
2026-03-18 15:30:00,0.141306385208067,4.90212933330733,13.1507286666937,7.95067555532423,447.702322484553,2.21876741138755,2
2026-03-18 15:45:00,0.139932207439533,4.1783826666165,13.8272800003154,6.02863711107686,447.81816411506,2.13225301150106,2
2026-03-18 16:00:00,0.140835214846433,4.8152866666324,14.0372420003199,6.84789155535573,447.121248789153,2.08060275004366,2
2026-03-18 16:15:00,0.1410952815232,6.18595022213176,12.4944328887528,6.62711822204343,446.665958661063,2.18174339142241,2
2026-03-18 16:30:00,0.139548585231733,4.21441244439226,13.7605780002842,5.49420866662224,446.452285302983,2.21037389179021,2
2026-03-18 16:45:00,0.1387506667124,4.1959631110637,12.0940631108652,6.04097022217577,446.80122900583,2.15259470600409,2
2026-03-18 17:00:00,0.139620881528367,4.12227355548523,12.4838524443931,7.00338177762966,446.653511419286,2.27765424873002,2
2026-03-18 17:15:00,0.140136288933833,5.09467511107056,12.1868531108523,6.18497822206326,446.45875452178,2.30015100917352,2
2026-03-18 17:30:00,0.139606548196767,4.17710666661573,11.8955459997089,5.60437933329237,447.014796354173,2.37748987618298,2
2026-03-18 17:45:00,0.1398434741246,4.1620137777203,12.0625042219818,5.9090324443813,446.761304914789,2.51950451263563,2
2026-03-18 18:00:00,0.142675837070833,5.9890355554908,12.508003555408,5.1384724444081,447.149724685666,2.60702482909413,2
2026-03-18 18:15:00,0.1449954444784,6.4250753332063,12.8736491110897,5.58497822214853,447.348535229513,2.64827349252142,2
2026-03-18 18:30:00,0.139394496340767,3.6361266666528,12.2170157776126,8.37309555534048,445.931183971336,2.837750458471,2
2026-03-18 18:45:00,0.1391416963434,4.12886111106503,12.2486171109222,8.12131666643976,446.71140183847,2.96268928583878,2
2026-03-18 19:00:00,0.1430398074127,4.18647488880523,12.9761031110516,4.71601044438993,447.212374826123,2.7590585652004,1
2026-03-18 19:15:00,0.141267296315267,3.80671266664073,14.1534688891924,6.35048022214093,447.957262722383,2.81966307210127,2
2026-03-18 19:30:00,0.139771459288667,3.92486511108093,13.223932666645,5.14863999998493,448.194407589436,2.57826185732997,1
2026-03-18 19:45:00,0.1411955555875,4.1085084443905,14.1370500004319,6.26105355545057,448.504054551953,2.55169407166951,2
2026-03-18 20:00:00,0.140748851878133,4.09918222216963,13.1996528890309,7.1208726665127,448.648169944696,2.46303045753578,2
2026-03-18 20:15:00,0.1400574222475,4.0320946666306,12.0714399997233,8.06384333315439,448.224329942316,2.36398941376067,2
2026-03-18 20:30:00,0.1396752370682,4.1203488888384,12.0703368886061,8.43176133313095,448.750591980593,2.46142637567553,2
2026-03-18 20:45:00,0.138942237072467,4.0699124444092,11.8429864441257,8.49638666644629,448.30492679068,2.49844466896847,2
2026-03-18 21:00:00,0.1395312370638,4.15135399993813,11.9911966663578,8.08693288874142,449.988915044606,2.53351294995946,2
2026-03-18 21:15:00,0.140333014837067,4.86543911108936,12.1553326663849,7.99490577758186,449.32658853584,2.31656284456375,2
2026-03-18 21:30:00,0.139444881508,4.4724239999282,11.4203168886432,8.62323155538019,448.61295158342,2.05491456622914,2
2026-03-18 21:45:00,0.1395993037303,4.15790111106126,11.342875555287,8.22560644426709,449.198399143806,2.04106128938258,2
2026-03-18 22:00:00,0.1398499407665,3.7250848888694,12.2794344442642,7.26008066657596,449.8456442098,2.09653111571014,2
2026-03-18 22:15:00,0.139508940770967,4.06475533330706,11.8808102218905,8.11795133321116,449.63982265379,1.97741112594962,2
2026-03-18 22:30:00,0.139488918536167,3.68446577776836,11.9806411107673,8.26476422207606,449.746216696833,2.07810508376105,2
2026-03-18 22:45:00,0.139396200015367,4.0150557777426,11.4893313331104,8.79000777766296,449.74649936396,1.69557799018011,2
2026-03-18 23:00:00,0.1397314296441,4.13804377773487,11.4354448886183,8.70156355545309,449.85607517154,1.86112073869067,2
2026-03-18 23:15:00,0.138423037050433,3.69088088886296,11.4672437775697,8.42700244429629,449.082822054666,1.82851062776256,2
2026-03-18 23:30:00,0.138634592606833,3.9114499999452,11.3863842220404,9.23892911103942,449.01388582461,1.93152012244898,2
2026-03-18 23:45:00,0.140769903719767,4.33209733325956,11.6028824442469,7.23014533313319,448.299587636283,1.96791120934673,2
2026-03-19 00:00:00,0.138017911119033,3.90026755553266,10.5219355554595,9.78630955557276,447.052700834473,1.97900871537538,2
2026-03-19 00:15:00,0.1404764296448,4.25851622218553,11.7155135552833,8.19839799988423,448.74158106246,1.9541522012574,1
2026-03-19 00:30:00,0.1393774370431,4.78599111108196,11.4445519997848,8.02262822203736,448.6140849959,1.90584797165621,1
2026-03-19 00:45:00,0.139414644458767,4.70022399994046,11.5786804441124,10.7921713335157,447.454770142986,1.94909770971678,2
2026-03-19 01:00:00,0.1403874518622,4.198163111078,12.2628046664608,8.39799755551563,448.89903171378,2.03254991231316,2
2026-03-19 01:15:00,0.140270711121133,3.97456377775726,13.4514206667842,7.78950644436916,449.793556443723,2.06858127964264,2
2026-03-19 01:30:00,0.140500096302233,4.23142933329306,12.750383777757,7.73498577772939,449.74017612998,2.11039759180358,2
2026-03-19 01:45:00,0.140617800008933,4.18275422218486,12.3800268887054,8.40167377780053,449.46594034686,2.11585034799907,2
2026-03-19 02:00:00,0.1404961777843,4.20554444440433,12.699631555512,9.27063777782369,448.94331505659,2.3632161402694,2
2026-03-19 02:15:00,0.140517770377567,4.10865822215286,12.0756902220032,9.5627900000871,448.386981646717,2.02850852872143,2
2026-03-19 02:30:00,0.1410653037102,4.09059688881756,12.1240879997542,9.56022755567031,448.828332324163,1.92572080256519,2
2026-03-19 02:45:00,0.142025192599267,4.81257511107893,12.1982039997856,10.0216528890456,448.838180533766,1.71880847911887,2
2026-03-19 03:00:00,0.141667629633,3.7509504444194,12.478550666525,10.5340884447187,450.400711669416,1.8612207229622,2
2026-03-19 03:15:00,0.142349881485434,4.11170599996396,12.2172477775515,9.1088720001341,450.132056662733,1.80231067432086,2
2026-03-19 03:30:00,0.1430132444399,4.1746026666324,12.4138379998637,7.95565844435746,451.180301525786,2.0233948198124,2
2026-03-19 03:45:00,0.143069355556434,4.180907999969,12.5133795554186,8.26579644440412,451.10106187063,1.98451341581466,2
2026-03-19 04:00:00,0.1430894148168,4.13811466662333,12.3706342220008,8.09966466658852,450.760660469973,1.93560220066238,2
2026-03-19 04:15:00,0.1429425925944,4.10047155549567,12.1805604442003,8.41586177774692,450.61778427433,2.01691759223409,2
2026-03-19 04:30:00,0.1416803037101,3.8177606666424,12.1162933331151,10.8546671113212,449.713217598927,1.89766289091718,2
2026-03-19 04:45:00,0.141087437043834,4.46670844437903,12.1312651109416,11.4419748892241,448.00393619264,1.80003151436422,2
2026-03-19 05:00:00,0.141735822229134,4.09670911108066,12.0527788886216,9.7218882223642,449.436949825043,1.98811970267742,2
2026-03-19 05:15:00,0.142958444445067,4.0908811110753,13.088806889034,8.19584466657192,450.71155787709,1.97900927763011,2
2026-03-19 05:30:00,0.1466856370331,4.18154955548403,17.787810221965,4.74883622228093,451.578004490203,1.90443382307404,2
2026-03-19 05:45:00,0.144145096296534,4.16675822215553,16.4305622220151,7.7500855554559,451.686556124213,1.71045967371106,2
2026-03-19 06:00:00,0.1437409037032,4.17293533329586,14.1563731115807,7.66670888880092,451.634819768133,1.59443606196534,2
2026-03-19 06:15:00,0.143720977778633,4.56185266660153,14.1376531115519,7.34127511102216,450.995750371076,1.59397678958722,2
2026-03-19 06:30:00,0.145234496290867,4.3925613332609,17.5242273330937,6.76426822217316,452.17138078966,1.63004440955014,2
2026-03-19 06:45:00,0.145733837032467,4.16569666659446,17.4479642220533,6.0644288888782,451.587146397563,1.56294346537605,2
2026-03-19 07:00:00,0.145664074076367,4.64670599992726,16.4119231110735,6.20166799996646,451.429972274956,1.53404851819781,2
2026-03-19 07:15:00,0.147149370362533,4.35888599996403,17.567982666492,4.67535000006687,451.607408151113,1.84796851371524,2
2026-03-19 07:30:00,0.147633840736933,4.3066222221547,17.82449822194,4.9202293333851,451.49228125386,2.06361901717511,2
2026-03-19 07:45:00,0.147340548147067,4.38354511104086,17.5841802221373,4.1924162222473,450.24900301364,1.91947418805615,2
2026-03-19 08:00:00,0.150097388860933,4.99996311109612,18.2944762218627,3.31753177780797,450.347746459543,2.27464294368572,2
2026-03-19 08:15:00,0.148777414812033,5.25260955552486,18.2167491107193,3.71776111112563,449.70802768133,2.01047585809212,2
2026-03-19 08:30:00,0.147727422219967,5.25860888885089,18.0947866663167,4.2318537777866,449.65835758308,1.96764036787619,2
2026-03-19 08:45:00,0.145432451858133,5.21260399997499,17.2784040000613,5.03959311113286,449.837016323257,2.06314129894292,2
2026-03-19 09:00:00,0.1729152962884,6.32145999988316,18.3764833331132,1.72942113701089,451.482778191937,2.31356529079149,2
2026-03-19 09:15:00,0.1447425518624,4.4419417777103,17.5638879998943,4.49776555554153,449.599686277506,1.94524497793555,2
2026-03-19 09:30:00,0.1444006777872,4.72823399992836,17.6411795554613,5.05307155556563,450.139790057136,2.12206324884333,2
2026-03-19 09:45:00,0.144161770382767,5.17306755552489,16.6611417778203,5.3074722222202,449.95131652844,2.01119756386084,2
2026-03-19 10:00:00,0.142909533344533,5.12905755552509,15.284444000116,7.44086466654743,449.501442235606,1.9545884264198,2
2026-03-19 10:15:00,0.142456103721633,4.42281977770559,15.0153893335033,7.26955288877946,449.498519189893,1.8786210972503,2
2026-03-19 10:30:00,0.143891155566667,5.14000911107739,17.0854506667489,4.2647540000311,449.59002497272,1.9108924482229,2
2026-03-19 10:45:00,0.143147333344467,5.09853888885263,15.2642197779578,5.68972777775793,450.006835830293,1.89241865187062,2
2026-03-19 11:00:00,0.142967200011633,5.48441488886066,14.3413513337656,7.0110333332428,449.622852154893,1.75754314630565,2
2026-03-19 11:15:00,0.142346533345433,4.89674155553446,13.9665500004651,6.77482444432393,449.373287419163,1.58231539582072,2
2026-03-19 11:30:00,0.1419810889003,6.17432422212923,12.5745237775885,7.38807999985146,449.468191492026,1.56329242371094,2
2026-03-19 11:45:00,0.140967651861733,5.13351866662146,12.2262484441358,7.36517844427739,448.64850060197,1.51998901155567,2
2026-03-19 12:00:00,0.1410099259334,5.097649777741,12.0538346663559,8.01832044430869,448.65404209986,1.53947133518215,2
2026-03-19 12:15:00,0.141022903715433,5.13317466662333,12.2003604441294,7.95904533322036,448.96921545239,1.5408684507632,2
2026-03-19 12:30:00,0.142484207415267,5.07146599995096,12.1401531107703,8.75076822223742,448.55425267523,1.51686962509719,2
2026-03-19 12:45:00,0.1397249407577,4.69207155548356,12.1284406663497,10.2719917778243,448.766391651083,1.50842425290659,2
2026-03-19 13:00:00,0.141641496301667,5.14880044440083,15.182981111231,7.34740622205723,449.643392776256,1.51142076171803,2
2026-03-19 13:15:00,0.140425585194467,4.3304646665963,12.4170168886541,8.33576066659009,449.008393440599,1.49977421834609,2
2026-03-19 13:30:00,0.140118918528967,4.14443066660756,12.3199779997624,9.07646533339119,449.321583943523,1.51130872225065,2
2026-03-19 13:45:00,0.144100474094167,4.42745222214843,12.3752773330065,10.6626804445579,447.762481738507,1.5248116596253,2
2026-03-19 14:00:00,0.140082496313933,4.86677244441476,12.161661333074,10.5925915557199,447.69968403833,1.55593902733547,2
2026-03-19 14:15:00,0.139703511128933,4.68093977771816,11.5858348885913,11.2818328890022,447.483935194723,1.58565788865,2
2026-03-19 14:30:00,0.1395082518681,4.1129528888554,11.9141759997065,10.3144655556568,448.47586658927,1.55121851343546,2
2026-03-19 14:45:00,0.141188696309367,4.76599533326589,15.0567251111375,6.98650977766746,449.513538679373,1.54383583061103,2
2026-03-19 15:00:00,0.141898214823233,4.92006844442283,14.0688835559457,6.67836266652287,449.484251205656,1.55556529068624,2
2026-03-19 15:15:00,0.1419245851919,4.91852844442386,16.3946228887467,7.36856688873576,449.498524033796,1.53531721299831,2
2026-03-19 15:30:00,0.1442026074095,5.47468555551646,16.7079602222536,4.85709044445663,449.774966081956,1.60910665831109,2
2026-03-19 15:45:00,0.147245925913833,6.12040355546326,18.7624979996153,3.44650888890213,449.846986526713,1.61652934568474,2
2026-03-19 16:00:00,0.1418371555639,4.41294555553083,16.5362071108748,7.76176422211966,450.048423868946,1.49532696150063,2
2026-03-19 16:15:00,0.1397003629738,4.16575911107356,13.2649311113651,10.673557333487,448.262376857876,1.48102855829175,2
2026-03-19 16:30:00,0.1406604518603,4.62514311105,13.2406802223088,8.79859488887602,448.849132293033,1.51423010458377,2
2026-03-19 16:45:00,0.140798518526233,4.61615577771666,13.576158444759,8.87270155553459,448.78478191215,1.51732832166106,2
2026-03-19 17:00:00,0.145658222219134,5.2475439999661,18.3124235550893,3.6757397777804,449.761427349316,1.66194194575417,2
2026-03-19 17:15:00,0.1453134740832,5.19458377775053,18.1519284440113,3.94539066669087,449.749488841323,1.96263725235521,2
2026-03-19 17:30:00,0.143928111119134,4.35842222218606,17.5519044442813,5.59020911112759,450.400408012053,2.72899069378765,2
2026-03-19 17:45:00,0.145488940735967,4.46385933331136,17.3507597776287,5.78816088890753,450.29309751652,4.48143881225499,2
2026-03-19 18:00:00,0.1463950592567,4.31353466660013,17.9490213329083,4.54001111112903,449.85077799891,4.42049808869253,2
2026-03-19 18:15:00,0.145924177773567,4.41970888885323,17.7895193329283,5.36961466668933,449.805262493466,3.60041040563814,2
2026-03-19 18:30:00,0.141887748155967,4.21904088886786,15.7113091110574,7.79405666654956,449.043922931376,3.04829178653509,2
2026-03-19 18:45:00,0.1422840296401,4.26066355550903,14.1624660004753,7.52531466651316,448.91146683603,3.34851543069334,2
2026-03-19 19:00:00,0.142237222223133,4.34074399996053,14.2360200004711,7.2115473332333,449.04179862985,3.97496185056738,2
2026-03-19 19:15:00,0.147172566642933,5.6063944444229,18.2190611107747,3.3246308888602,448.896239998133,4.3304113030644,2
2026-03-19 19:30:00,0.161515755529467,14.4612113334122,18.1512299996897,-1.21888390285189,454.297677091837,2.91017332780765,2
2026-03-19 19:45:00,0.145420911094333,3.48364933325803,12.5432071110929,5.84431844448279,455.21865378267,3.81683138808776,2
2026-03-19 20:00:00,0.145219851841767,3.50397377769077,12.3630686666035,6.08192044446813,454.186121325633,2.86042365670193,2
2026-03-19 20:15:00,0.145694874060567,3.68403844435357,13.4266048892035,4.21132200008993,454.685223832913,1.94655414110681,2
2026-03-19 20:30:00,0.146006081470033,3.87943199993583,14.4473864449995,4.48937355563953,452.936688915643,2.20558783178115,2
2026-03-19 20:45:00,0.162008814785833,5.67226777774782,17.7842139999337,0.724508262501994,451.321298100773,4.9893624728028,2
2026-03-19 21:00:00,0.152220662934533,5.76054155552913,17.9693715553647,0.462040034043209,449.991808515026,2.90448160092189,2
2026-03-19 21:15:00,0.152711962956667,4.63638422215989,16.4316637777668,1.05433968724929,450.140188878963,3.22044117746207,2
2026-03-19 21:30:00,0.154606437023767,7.10674355552227,18.0865368887657,0.565509981895675,451.89914731742,2.21921599049694,2
2026-03-19 21:45:00,0.160817029631233,11.9732624436327,18.5221111107893,-1.94240054223321,451.81054918107,2.87669729323654,2
2026-03-19 22:00:00,0.1462846592461,4.90386977771126,11.8710297778272,5.37616466670263,455.492467891616,2.09622128778067,2
2026-03-19 22:15:00,0.144709822212633,3.43336111107143,11.9170311110076,5.3388733334215,453.768390739666,1.50441340905811,2
2026-03-19 22:30:00,0.146585466660133,4.99437844439993,12.4859915554607,4.11725911122934,454.918028346033,5.10830948171106,2
2026-03-19 22:45:00,0.1480617555301,4.5881355555361,13.5367846670088,1.88628833581714,456.732118736416,2.84186191383304,2
2026-03-19 23:00:00,0.147901296280233,3.91671311103047,13.0263302224529,1.76348863175067,456.105296414977,4.10046839684957,2
2026-03-19 23:15:00,0.1465964148016,4.13690733326767,11.8661262223464,5.89776844444586,453.896048985227,4.97300084516799,2
2026-03-19 23:30:00,0.1459208814736,3.38018733328357,11.6572242223094,4.68206355561456,451.846953403493,5.21994502700755,2
2026-03-19 23:45:00,0.1455325703634,3.9704791110195,11.7278471111242,3.65032244451634,450.33555313797,3.63819532471539,1
2026-03-20 00:00:00,,,,,,,1
2026-03-20 00:15:00,,,,,,,1
2026-03-20 00:30:00,,,,,,,1
2026-03-20 00:45:00,,,,,,,
2026-03-20 01:00:00,,,,,,,
2026-03-20 01:15:00,,,,,,,
2026-03-20 01:30:00,,,,,,,
2026-03-20 01:45:00,,,,,,,
2026-03-20 02:00:00,,,,,,,
2026-03-20 02:15:00,,,,,,,
2026-03-20 02:30:00,,,,,,,
2026-03-20 02:45:00,,,,,,,
2026-03-20 03:00:00,,,,,,,
2026-03-20 03:15:00,,,,,,,
2026-03-20 03:30:00,,,,,,,
2026-03-20 03:45:00,,,,,,,
2026-03-20 04:00:00,,,,,,,
2026-03-20 04:15:00,,,,,,,
2026-03-20 04:30:00,,,,,,,
2026-03-20 04:45:00,,,,,,,
2026-03-20 05:00:00,,,,,,,
2026-03-20 05:15:00,,,,,,,
2026-03-20 05:30:00,,,,,,,
2026-03-20 05:45:00,,,,,,,
2026-03-20 06:00:00,,,,,,,
2026-03-20 06:15:00,,,,,,,
2026-03-20 06:30:00,,,,,,,
2026-03-20 06:45:00,,,,,,,
2026-03-20 07:00:00,,,,,,,
2026-03-20 07:15:00,,,,,,,
2026-03-20 07:30:00,,,,,,,
2026-03-20 07:45:00,,,,,,,
2026-03-20 08:00:00,,,,,,,
2026-03-20 08:15:00,,,,,,,
2026-03-20 08:30:00,,,,,,,
2026-03-20 08:45:00,,,,,,,
2026-03-20 09:00:00,,,,,,,
2026-03-20 09:15:00,0.141596125948633,6.16308733323783,12.7715046665735,6.55859711097677,449.53277584236,2.23325485199006,2
2026-03-20 09:30:00,0.139054422255133,5.09724777773083,11.4120666664281,8.50839644419262,445.337640346303,1.94827974396695,2
2026-03-20 09:45:00,0.136301903742367,5.00732599995739,10.8041853331647,11.9411846666806,444.33523741841,1.97183117787393,2
2026-03-20 10:00:00,0.137911422265033,4.51167377770303,11.4095928886078,9.01723577748222,444.967852489336,2.00148020856981,2
2026-03-20 10:15:00,0.138009014853033,5.0239882221602,11.3571771108892,8.22448599964675,445.244546055437,2.08929184866699,2
2026-03-20 10:30:00,0.138898259299867,4.99191999996663,11.3847748886288,8.63089577747695,444.612900867797,2.08599949360469,2
2026-03-20 10:45:00,0.137482088931533,6.2980435554199,9.95801755551219,12.6034446668134,444.031809781753,2.04116729390103,2
2026-03-20 11:00:00,0.134948674119567,5.96935222215657,8.91094444429351,16.9151451112243,442.74112227848,2.0497381307417,2
2026-03-20 11:15:00,0.132335414865233,5.75086644447263,8.45461222195551,15.7830580004544,441.956497445934,2.20311841542854,2
2026-03-20 11:30:00,0.132503770403933,7.01187399984003,7.18457711113234,13.8210660000159,442.79850681366,2.41664518813651,2
2026-03-20 11:45:00,0.133819437061433,7.18951111100594,6.6089346667574,15.0184495554102,442.76192513597,2.66958641186969,2
2026-03-20 12:00:00,0.132038096323633,6.9929422221433,6.38449533336703,16.298564888606,443.422811272723,2.80326686867375,2
2026-03-20 12:15:00,0.130902149283267,6.88933666656457,6.0773379999957,20.2757951108028,446.994244312616,2.90835356854226,2
2026-03-20 12:30:00,0.129741253556933,6.812122444348,5.9314057777523,22.1538008888381,445.82353637673,2.90976111667277,2
2026-03-20 12:45:00,0.130347505406333,7.10417288879694,7.02928288885044,20.6132786666719,447.527966114696,2.96434963068142,2
2026-03-20 13:00:00,0.137886859297,7.37649911105904,8.83862555535174,16.5611479997831,448.081707334707,3.10414595604292,2
2026-03-20 13:15:00,0.1266958113785,6.84382377785593,6.74899494006344,22.3094517778903,445.42188454652,3.04961882040015,2
2026-03-20 13:30:00,0.1250202518337,7.30078244446333,5.74175203413983,23.5047066666253,441.08239031122,3.02942362536038,2
2026-03-20 13:45:00,0.1339961977362,7.1807680000805,7.40487800008454,25.220189777652,439.375018839633,2.789671609286,2
2026-03-20 14:00:00,0.1327707635435,6.7157217778603,6.88969444441544,19.4425082218328,445.082405120693,2.81988479131556,2
2026-03-20 14:15:00,0.125025540711433,7.34524377779683,5.2342467009205,23.2692868888273,440.183846034077,2.74799400989573,2
2026-03-20 14:30:00,0.166257459268567,5.931783555495,12.6018782221286,18.5731995555997,440.355793151127,2.70015764306037,2
2026-03-20 14:45:00,0.133673348714933,3.78354911108427,15.0237855553233,19.0343564440553,440.364765359647,2.83808722437885,2
2026-03-20 15:00:00,0.163354244463433,5.35691866648234,12.4019364441058,20.6810691107604,438.167804731937,2.63096018359612,2
2026-03-20 15:15:00,0.1299089333159,3.14847222214007,8.33554977764593,24.8848448886637,437.05564094885,2.55214843244106,2
2026-03-20 15:30:00,0.130013870622933,3.9745273331279,7.5458122220673,27.676475555279,436.35250131077,2.56217665970378,2
2026-03-20 15:45:00,0.1245366221944,4.1754995553411,6.77793399998373,26.582855333341,439.830124687574,2.59099326617038,2
2026-03-20 16:00:00,0.125420599953933,3.7057673331856,7.05852199990976,26.920698444338,438.70335069282,2.56985551169907,2
2026-03-20 16:15:00,0.1276648517977,3.75894911091827,8.15584288869786,27.658284666446,435.350889905817,2.55918432196559,2
2026-03-20 16:30:00,0.126159325890966,3.3252082221005,8.23633222205053,26.5660379998097,437.7938077313,2.55294486081629,2
2026-03-20 16:45:00,0.1299609036244,3.91493177759647,8.81181311110653,28.7265640000584,435.625754279224,2.56172637403857,2
2026-03-20 17:00:00,0.128551666627633,3.65123866655397,9.71494888894906,27.9002613330067,435.422263580637,2.53526112110508,2
2026-03-20 17:15:00,0.1286911703412,3.34494933321487,11.3733864445855,29.2852293337697,435.890532410194,2.50055124942228,2
2026-03-20 17:30:00,0.128077851862767,1.54634666658733,13.0662037779468,25.181827777579,437.25359878539,2.44857139494773,2
2026-03-20 17:45:00,0.1285482740892,2.67272422215513,14.0400006669463,26.023893110863,437.895360198514,2.43064680444119,2
2026-03-20 18:00:00,0.130334229643,3.58940666660676,15.5615686668741,25.2251413331224,438.785640479323,2.4177017069866,2
2026-03-20 18:15:00,0.149087985181467,1.6428777777233,15.9937240001394,23.154543555656,439.536197090983,2.38214460568427,2
2026-03-20 18:30:00,0.131581251842567,2.7911064443726,15.664930222241,27.3149791108493,439.068374197006,2.41368005356341,2
2026-03-20 18:45:00,0.133639681473967,1.4583624443689,16.0919459998636,24.6017504443117,438.987740817793,2.55232543193935,3
2026-03-20 19:00:00,0.134444059301367,4.15685622218186,17.3004888887208,22.327918888626,439.327673483232,2.37463371654444,3
2026-03-20 19:15:00,0.1356019704194,1.7693959999235,16.6863984442153,23.84299666651,439.262024738092,2.49679425187234,3
2026-03-20 19:30:00,0.144308637020867,1.25830844435573,16.6327522220228,24.8213706664175,439.844146367683,2.23977895885364,3
2026-03-20 19:45:00,0.147462844392133,1.18808755547753,15.9289933331815,25.9773897776509,438.535322380693,2.29047399671214,3
2026-03-20 20:00:00,0.135621200031366,3.5679095554843,14.9929871113141,26.9160426665357,436.472133120076,2.3512151893153,3
2026-03-20 20:15:00,0.134829466710433,3.40601155549676,15.0788688890835,24.9526755555157,438.928195501386,2.36970413061566,3
2026-03-20 20:30:00,0.134738837075933,3.40205444436063,15.2608680001259,25.7705575554223,439.399412105183,2.33315720122601,3
2026-03-20 20:45:00,0.132014062987467,3.61935222213313,13.0704480001033,26.4338855555117,438.39079253933,2.38824077326562,3
2026-03-20 21:00:00,0.1329903407725,3.89906177771746,15.2639095557784,24.424390222105,438.681464816236,2.42521844005988,3
2026-03-20 21:15:00,0.132793000037,2.67502244438986,15.1846331111639,23.0597651107977,439.310133858909,2.46176627456367,3
2026-03-20 21:30:00,0.1341067926373,3.58210444438376,15.1964508890127,25.1415091110197,438.95563334498,2.41804451211148,3
2026-03-20 21:45:00,0.135985496336567,3.86629555550733,15.75010022251,22.6774895552737,439.763596353843,2.43275781007796,3
2026-03-20 22:00:00,0.143709674042633,3.38088044440663,14.7244120002864,22.795175555245,440.954643090443,2.35979425410119,3
2026-03-20 22:15:00,0.1464427703334,1.7355124443754,16.4529502222412,22.1738755553318,439.352510213173,2.31613110407283,3
2026-03-20 22:30:00,0.1518924888169,1.88160355549636,16.1837488888125,24.07719799979,439.13964160912,2.12753896335945,3
2026-03-20 22:45:00,0.152292488812233,2.55371311108207,16.6274535555821,22.7645915551641,439.731777377086,2.07882162507934,3
2026-03-20 23:00:00,0.152049170297133,3.5979542221794,16.0217735557357,24.5892573331354,439.999391238543,2.15356308007353,3
2026-03-20 23:15:00,0.152217703638067,2.46897199996867,15.632278444517,20.5316133335304,442.69345809956,2.49063374224689,3
2026-03-20 23:30:00,0.153755096226133,3.09803088888597,17.3352328886477,18.7348564443074,445.42990046797,2.16991147029035,3
2026-03-20 23:45:00,0.1533777480697,3.12307244441143,16.6046006665509,19.2145508889195,445.088196452947,2.12839583880791,3
2026-03-21 00:00:00,0.152443799925333,3.4803886666358,16.6549364446718,21.1741048889097,443.019601859093,2.16255553402621,3
2026-03-21 00:15:00,0.151960851793533,3.22452644439357,16.5082264446807,21.9863953330404,441.464035511773,2.10253360163164,3
2026-03-21 00:30:00,0.1513891258657,3.03417511107843,15.8650097780835,23.8616511109684,440.926793942517,2.09741146305106,3
2026-03-21 00:45:00,0.150699933287067,3.18859599994227,15.6830366669926,21.8068902220187,442.985990670826,2.14176470679182,3
2026-03-21 01:00:00,0.151709666615067,2.71807822221893,16.2059460000168,19.9785955557507,445.432603215701,2.06750694362008,3
2026-03-21 01:15:00,0.1516546073471,2.8278719999746,16.5272013334201,20.2949771113339,443.96554200906,2.06022470861203,3
2026-03-21 01:30:00,0.153316436972467,2.7368271111025,16.9194366666723,19.7847813335418,443.897136045967,2.00827677908939,3
2026-03-21 01:45:00,0.155335866623133,3.0484348888107,17.4997744441129,18.2612206666025,447.975881851954,1.91729073695663,3
2026-03-21 02:00:00,0.154736955523033,2.9625733332738,16.6005064442858,18.4405768887919,448.485732963987,1.90834881871959,3
2026-03-21 02:15:00,0.1557311555182,2.7011286666596,17.1049428885509,17.9540884443473,448.137704171037,1.88064716339964,3
2026-03-21 02:30:00,0.153678540696533,2.81854488884593,16.5826566667483,19.4369884448351,446.558827967087,1.91392527437139,3
2026-03-21 02:45:00,0.153314288836,3.00835688884073,15.6108180003058,22.0417686663507,441.340346371926,1.95308508611183,3
2026-03-21 03:00:00,0.1534137703149,3.03694599994353,15.7274242225139,20.9182495555902,443.106176120417,1.9236122531542,3
2026-03-21 03:15:00,0.1535293703152,3.06983599993973,15.723739111415,20.1412451112561,443.085599481747,1.97221396839183,3
2026-03-21 03:30:00,0.152273962905833,3.61135133324787,15.7979933336772,20.1373886668368,443.120237754837,1.97056970340061,3
2026-03-21 03:45:00,0.152675829562133,3.681873999915,16.216122666987,20.6741075556626,442.90339329889,1.96667237697748,3
2026-03-21 04:00:00,0.154429281417833,3.3595524443825,16.6226591113074,20.5582084445317,443.15433738812,1.9010463111697,3
2026-03-21 04:15:00,0.154588762901867,3.19461999994223,16.3930337779434,20.6568344446184,443.358332635967,1.89225941485308,3
2026-03-21 04:30:00,0.1546312147556,3.44049666660607,16.176396444687,21.2511811109855,443.34176064432,1.89353706096186,3
2026-03-21 04:45:00,0.154150059207867,3.62582644435667,15.6335977781277,20.2899420000016,443.99082118171,1.90833238753269,3
2026-03-21 05:00:00,0.154128651793167,4.0632282221305,15.9886408892082,19.8316837779006,444.517571537156,1.94692843484739,3
2026-03-21 05:15:00,0.153413274016233,3.47873133327093,15.7485313336652,20.1213817778233,444.331790469323,1.91915555667257,3
2026-03-21 05:30:00,0.154497103643033,4.3517511110447,15.850203555885,20.143532888992,444.471577135307,1.88746615493159,3
2026-03-21 05:45:00,0.154988311048567,3.41558444438547,16.2121542224449,19.5055571113505,445.035120004343,1.84859392908383,2
2026-03-21 06:00:00,0.154887940688267,3.4271564443776,16.1822651111566,19.3929622223529,446.181070330357,1.84577866028422,2
2026-03-21 06:15:00,0.154698103641433,5.01473155552183,15.6498526668695,19.5396464445386,445.87737163983,1.88907401801796,2
2026-03-21 06:30:00,0.153737822164867,5.28146977773992,15.7648157779436,18.8882939999847,446.084942201697,1.98173933200414,2
2026-03-21 06:45:00,0.152546155501433,4.45309288881863,15.4227246669055,19.6696246667264,446.734422221007,1.9875205308774,2
2026-03-21 07:00:00,0.152092844388933,3.99847866656747,13.1256084448097,19.8622582222578,445.390651488097,1.96525026123465,2
2026-03-21 07:15:00,0.151469977724367,3.7810433332431,14.6675460002787,19.6965102222258,444.265430692164,1.98160459630145,2
2026-03-21 07:30:00,0.146658644391967,4.11975577771253,11.215978667055,20.6775482221679,442.637109371423,2.05052977574428,2
2026-03-21 07:45:00,0.142786918477067,5.35957466668913,10.6442135558831,21.5374062220294,442.216925306927,2.11827797547148,2
2026-03-21 08:00:00,0.141549555529533,5.3975586666818,9.75221222231301,24.1698402220486,440.64281047366,2.20838355406978,2
2026-03-21 08:15:00,0.140114362955033,5.99549444449637,9.37960866662731,22.895483999416,441.583429546796,2.30816030467121,2
2026-03-21 08:30:00,0.1404665185051,5.6912902222399,9.12975911090214,21.9827559996644,441.8883221566,2.40019116257346,2
2026-03-21 08:45:00,0.1409132518422,5.6287059999872,9.77665511098714,20.8421460000627,445.17335703331,2.42884012458234,2
2026-03-21 09:00:00,0.129335022257467,5.95169155559744,8.76119533312006,22.1118608888427,441.44946219671,2.53681151041324,2
2026-03-21 09:15:00,0.1410865111037,5.95319755559837,9.61986844444011,21.3008613333884,442.745602257497,2.48405250349724,2
2026-03-21 09:30:00,0.1290362593128,5.78848000002373,9.38852755546133,22.1347975554304,441.21140946345,2.53505239447324,2
2026-03-21 09:45:00,0.126116259287767,5.76495488890706,8.3626408886265,24.0754995553157,440.454033195207,2.51939532927727,2
2026-03-21 10:00:00,0.126129059282,5.81562866671963,8.405492444247,22.5061815555643,441.364160276307,2.55014331773801,2
2026-03-21 10:15:00,0.127173400024033,5.72318400004103,9.17656355540254,22.497353333315,441.155585730933,2.53126105931697,2
2026-03-21 10:30:00,0.126316985213,5.76668555560373,8.74354755536697,24.2726602219953,439.611871067293,2.53844911681055,2
2026-03-21 10:45:00,0.1273141926231,5.88385844445793,9.23063733323874,22.7823666666564,440.964797338256,2.53213036112732,2
2026-03-21 11:00:00,0.1282759926022,5.5692577778153,10.0159266668569,27.3141631964676,439.407898464483,2.536808081025,2
2026-03-21 11:15:00,0.1284580666736,5.56241266670213,9.90818222241157,27.5854868375553,439.688361146846,2.51279642274376,2
2026-03-21 11:30:00,0.129199207389967,5.7888046665604,8.7843937777448,29.266171060157,437.274859129363,2.49264799487668,2
2026-03-21 11:45:00,0.127273037048966,5.78162333338063,8.9661088887539,26.8875350597213,439.66783024794,2.47230572296214,2
2026-03-21 12:00:00,0.1289582592464,5.78782777782536,8.72855977767397,28.1611423930813,437.563011039383,2.46667767950911,2
2026-03-21 12:15:00,0.126675000536233,4.8885902220319,7.61608425625929,29.995838017698,435.649294424093,2.42804126666713,2
2026-03-21 12:30:00,0.125523723631533,5.3838551111005,7.31664666643253,27.857527726429,439.595665743544,2.37834361873482,2
2026-03-21 12:45:00,0.125180984033967,5.52415333333026,7.11091822196686,27.009732837546,438.775905117627,2.3670826123252,2
2026-03-21 13:00:00,0.1253912865971,5.4513173333483,6.89351675192456,28.1056192819914,438.93278297652,2.37249904935298,2
2026-03-21 13:15:00,0.1264657794653,5.68081155542873,7.4903375895249,28.493416837502,436.869908077433,2.40373448140007,2
2026-03-21 13:30:00,0.125461305390733,4.24727533312967,6.75868092298703,30.4256091287387,436.424111913713,2.40690771269134,2
2026-03-21 13:45:00,0.125456133879667,4.10150511092647,6.675163811926,30.5237975731913,435.759666418407,2.39492234020888,2
2026-03-21 14:00:00,0.1259807862936,4.16378199980177,7.46347158959383,28.384057282007,436.280862689977,2.39477468257292,2
2026-03-21 14:15:00,0.127696288898233,5.51284533332373,10.5600815556983,26.2677352819173,438.957336873747,2.40931050018713,2
2026-03-21 14:30:00,0.1269450358826,4.8320186664461,8.73211866652823,28.1332086152977,436.3420688859,2.47530486305607,2
2026-03-21 14:45:00,0.127182854077333,3.9825471109401,7.09482736741343,28.5750510598497,435.571504915547,2.55116914726855,2
2026-03-21 15:00:00,0.127030113385267,3.57756044438776,7.75305044431213,26.964601709317,438.225261919534,2.56996867844875,2
2026-03-21 15:15:00,0.1256449709123,3.67502577766913,7.67855981183549,28.2727432820367,436.197915173117,2.54495616667217,2
2026-03-21 15:30:00,0.1275541692111,3.18501155548076,8.31444399983663,28.602719059801,435.758677437113,2.59222724589555,2
2026-03-21 15:45:00,0.1244878284875,3.1015597777085,7.61502399981343,27.526426615289,438.269024991697,2.61099874915085,2
2026-03-21 16:00:00,0.1244988803427,3.89616444439247,7.9501382220735,26.3698035040837,438.272065158787,2.67937321822013,2
2026-03-21 16:15:00,0.124672088305167,3.03872622217636,7.47607511094643,26.4310719315497,438.533954497291,2.80752449729682,2
2026-03-21 16:30:00,0.126688537885333,3.05556644440933,7.10284866661284,24.3729078629557,439.173756905831,2.96406964765234,2
2026-03-21 16:45:00,0.143139194454534,4.0969097776798,10.0644106664758,26.5395632819614,439.463263945506,3.01205125432921,2
2026-03-21 17:00:00,0.1656974406879,5.22016266655893,14.1845000002294,22.7994671112964,439.957341954664,3.22762557416101,2
2026-03-21 17:15:00,0.138869992583633,4.2833508888341,17.449767999657,18.852628666709,444.942999303154,3.06074486079246,2
2026-03-21 17:30:00,0.1363514259375,3.60420177772973,17.1192639996845,19.9780071115957,441.890957814174,2.82952883675162,2
2026-03-21 17:45:00,0.147296859232667,2.69532355548776,17.5327964443486,24.4448368888343,439.56456649211,2.66775285142865,2
2026-03-21 18:00:00,0.1575170295955,2.27780733328163,17.8366597779145,24.9121628889213,439.050169134073,2.73789758734104,2
2026-03-21 18:15:00,0.166844148153533,1.95906111105656,19.6910435556517,18.4414626671943,444.591820755584,2.74496307042057,2
2026-03-21 18:30:00,0.1807902444047,1.70374977772443,20.621511555302,10.9300453333364,445.219052150727,2.84275570044836,2
2026-03-21 18:45:00,0.188681496331333,1.60753844442627,20.358907777529,12.3623651116021,444.767626311021,3.01724396946499,2
2026-03-21 19:00:00,0.174969918516233,1.5567619999517,19.280514666397,16.5602735559333,444.508834444037,2.99924385046351,3
2026-03-21 19:15:00,0.183141066613433,1.6059328888379,20.346385555253,12.2272473332683,444.532052125494,2.78299430366654,3
2026-03-21 19:30:00,0.174473022223633,1.74935111108813,19.4378797771772,16.0025857779775,444.160156947404,2.5988314731446,3
2026-03-21 19:45:00,0.168814066640467,1.78318288885523,19.3955753329439,15.831679555817,445.786689415707,2.68277678960225,3
2026-03-21 20:00:00,0.1678861110751,2.10267711109936,18.9515644439016,16.9325397779791,446.088315978221,2.63269936795248,3
2026-03-21 20:15:00,0.171408651872533,1.84232288885147,19.406457999925,18.3920988893312,444.656705056144,2.69862423933204,3
2026-03-21 20:30:00,0.166606696283933,2.17415511109616,19.7798491109615,17.0956295559015,445.389856948634,2.63312904362461,3
2026-03-21 20:45:00,0.147054362927933,3.64484288881153,15.8053057776976,26.161718000069,437.808558537603,2.45714579035712,3
2026-03-21 21:00:00,0.145018866632633,3.30759533325263,15.0113022224704,28.1256502226803,437.524992590877,2.46615224820406,3
2026-03-21 21:15:00,0.147653770341333,3.6970466666015,16.2326704442595,25.488722888888,439.26926045791,2.39864260182467,3
2026-03-21 21:30:00,0.147452170346533,3.0392624443884,16.1936217775312,25.360014222087,439.326331886127,2.392905103867,3
2026-03-21 21:45:00,0.145012118486667,3.91760999988036,15.2410835554318,28.1583275559887,437.743738820156,2.38811734915042,3
2026-03-21 22:00:00,0.147607977754967,3.8980397776065,17.0376617776287,25.236425111095,438.44253565825,2.35981436058374,3
2026-03-21 22:15:00,0.1466385629399,3.43964311102426,16.626556444312,25.9728784445398,438.260482428026,2.35562836709962,3
2026-03-21 22:30:00,0.146893770354733,3.2424928888351,16.3083842221134,25.26467466663,439.877533643583,2.34044954463414,3
2026-03-21 22:45:00,0.1449029999821,3.2547782221568,15.0583364443363,28.2803895560147,437.771022977803,2.3307598585154,3
2026-03-21 23:00:00,0.147660111097167,3.288777111057,16.7559808887266,23.5538177778218,440.09189495783,2.3692371743772,3
2026-03-21 23:15:00,0.1470890147963,3.61251177769193,16.3674286665486,25.3094339999703,440.004223185483,2.32926106802459,3
2026-03-21 23:30:00,0.147306074061,2.9836035555114,15.9885751113186,24.4126215555177,440.05839261437,2.31977664626148,3
2026-03-21 23:45:00,0.1472491851668,3.12475022217577,16.5799495554274,23.1019295552987,440.766562749416,2.27163396846533,3
2026-03-22 00:00:00,0.147598251827533,2.8844542221862,16.6747139998531,23.8058786666524,440.505903787053,2.22913404853986,3
2026-03-22 00:15:00,0.1459678370122,3.47205044434616,15.8960179998647,26.2218753333933,437.913580199746,2.2818675997567,3
2026-03-22 00:30:00,0.144914762938067,3.23425444439263,15.2108542221248,28.5439520005502,438.116404282583,2.25109041067174,3
2026-03-22 00:45:00,0.146169829602067,3.35643155547076,15.7314282221037,26.7448135555963,437.577302003293,2.29561791697942,3
2026-03-22 01:00:00,0.144827533303767,3.02586911106976,15.012603777697,29.179960222641,437.7683644331,2.28861493609261,3
2026-03-22 01:15:00,0.144756274044967,3.4311324443452,15.1638399998939,29.0466937783712,437.8262601364,2.22067839303272,3
2026-03-22 01:30:00,0.1493426073459,3.25558199992113,15.863762666516,28.1582060004963,438.266001972336,2.12640260149807,3
2026-03-22 01:45:00,0.1507898147532,3.0621257777255,16.5763179998709,26.2340255555385,438.879009595743,2.08152557174361,3
2026-03-22 02:00:00,0.150873140681233,2.78744911110627,17.2065717776504,25.0359671109445,440.47128974558,2.04056057660085,3
2026-03-22 02:15:00,0.151492674012933,3.049261999952,17.1042548887537,26.2796042221192,441.521432919647,2.06926272694343,3
2026-03-22 02:30:00,0.149421407347733,2.94029644438456,16.1847739998519,26.1288168888718,438.485611880776,2.1029846400527,3
2026-03-22 02:45:00,0.1495021184589,2.8318495555066,16.0807675555429,25.7955239999312,439.354714475,2.12024152742023,3
2026-03-22 03:00:00,0.147708911053833,3.5484346665287,16.4003104443046,25.4419946668087,438.164932737343,2.13132346072099,3
2026-03-22 03:15:00,0.1497593703173,3.4733306665952,16.5774019998998,23.0314044445462,439.897816656683,2.11087616110919,3
2026-03-22 03:30:00,0.148788370321133,3.42531888882457,16.6457344443011,23.0434486667889,440.095621164723,2.12513626048789,3
2026-03-22 03:45:00,0.149034414764267,4.33395577770363,16.611966666555,22.9297135556562,440.158781491326,2.14231988657655,3
2026-03-22 04:00:00,0.150408703643133,3.0921019999447,17.0426182220487,21.9050308887549,440.575755682446,2.11210236739234,3
2026-03-22 04:15:00,0.1511389851216,3.1484819999345,18.0784991108149,19.3312202224865,444.142013354607,2.07921804768966,3
2026-03-22 04:30:00,0.1511305777151,2.99286377774453,17.7701411108699,19.5460120002685,443.90775582682,2.0624822716904,3
2026-03-22 04:45:00,0.151984607341767,3.04895155549217,18.4427577774257,19.1742593336709,445.862515602667,2.0732443717563,3
2026-03-22 05:00:00,0.1516077332686,3.11170822215536,18.4188402219127,19.2135193336362,446.1965747929,2.06305202523246,3
2026-03-22 05:15:00,0.152026348082433,2.96978644440166,18.4466362219066,19.2305835558645,445.838391576023,2.03766263355484,3
2026-03-22 05:30:00,0.153005162905667,3.30721888881143,18.0478660000316,22.6530777775011,441.22979298294,1.93934274588084,3
2026-03-22 05:45:00,0.1534700591988,3.16771822217053,17.8991088887506,21.2328028886968,441.447332211693,1.93298057640835,3
2026-03-22 06:00:00,0.155252370301134,3.01018377773503,19.6485300001817,18.8196708893111,445.523351746344,1.9969394634358,3
2026-03-22 06:15:00,0.155589792532233,2.97277822217583,19.686914222,17.7151817779695,446.595937665381,2.05423785629912,3
2026-03-22 06:30:00,0.153757518452,3.877915333272,18.9858631109389,18.795005778106,445.511692228874,2.03531041843056,3
2026-03-22 06:45:00,0.154767807349733,2.97548177772966,18.4588484439826,17.6694713335728,446.853244644143,2.0202030596229,3
2026-03-22 07:00:00,0.1559258814139,3.30206466660773,18.6711255552527,17.2869837780457,447.036502006607,2.06334562397285,3
2026-03-22 07:15:00,0.154275192530733,3.15752355550007,16.6103937777649,16.6746151110482,446.742136924617,2.04358208433813,3
2026-03-22 07:30:00,0.1512127703208,3.4365582221676,16.1429371111267,18.9559793331225,446.686885003424,2.11571880330624,3
2026-03-22 07:45:00,0.1462219036884,5.8197491111556,12.816671111639,20.5928379999474,443.679531981534,2.42904566568682,3
2026-03-22 08:00:00,0.1417569481508,6.04448311115603,12.2375764449629,23.2472264441734,440.4040014698,2.59658994790309,3
2026-03-22 08:15:00,0.142594214806133,5.86233333334626,11.8741755560112,23.815754000035,440.26843955199,2.54969038998787,3
2026-03-22 08:30:00,0.142554318500733,5.85402977777293,10.7953360003544,24.332981333423,439.720455714007,2.54385615723569,2
2026-03-22 08:45:00,0.1425590073855,5.79597866669816,11.1034846670741,24.289648888896,439.65394186868,2.53789912083023,2
2026-03-22 09:00:00,0.134412607436733,5.960707333377,10.3435753336014,25.9928608892044,439.352960395833,2.5479205723583,2
2026-03-22 09:15:00,0.128603437079633,5.88556333336953,9.75972355559501,24.4434664444297,439.932192478207,2.5604498222539,2
2026-03-22 09:30:00,0.1409591110972,5.95530088893263,10.8907093336919,25.6106680002157,441.147443171533,2.53815920713336,2
2026-03-22 09:45:00,0.1287881037298,5.91670177768653,9.27244622214387,26.6414931114717,437.393822121373,2.57233095107372,2
2026-03-22 10:00:00,0.12738345701,5.91776177779267,9.2563215554796,23.8121182220997,439.76854335577,2.59185428822872,2
2026-03-22 10:15:00,0.126090716246533,5.75412933337987,8.50132355541287,26.93041408564,438.857716847453,2.56328071280936,2
2026-03-22 10:30:00,0.1280710199733,5.93166177778817,9.26760444437897,24.8726850597193,439.09468327781,2.60526304513055,2
2026-03-22 10:45:00,0.131070818834933,6.03193755558163,10.2542737779774,26.7820597266124,439.178875812126,2.56631345505246,2
2026-03-22 11:00:00,0.1293209458693,6.0605106666872,8.47545511110184,29.1812737954427,436.78434901737,2.53454812728475,2
2026-03-22 11:15:00,0.131019885486133,6.03271622224824,8.7239182221904,28.429095060367,436.82089353527,2.41912764037333,2
2026-03-22 11:30:00,0.1296863755109,5.93033444445927,8.66289666669067,29.2467286842647,436.960204926966,2.35534618563399,2
2026-03-22 11:45:00,0.127426701422833,5.75002444448743,8.89043866675583,29.880611060219,436.772054347166,2.43569695778974,2
2026-03-22 12:00:00,0.1289091817628,5.91716466667733,9.3147115557284,29.091234684379,436.90724376458,2.41192109267402,2
2026-03-22 12:15:00,0.129584196573667,5.75571266671183,9.7291075557382,29.370415351017,436.57065221176,2.59899035091441,2
2026-03-22 12:30:00,0.134052517939467,5.9178437777913,8.791085111114,28.777679351024,436.580657386303,2.30897592155605,2
2026-03-22 12:45:00,0.127080560671133,5.85248955541666,8.04559599985846,29.3696849064084,436.0344861464,2.29094445291663,2
2026-03-22 13:00:00,0.128491649550267,5.78270600004876,8.50255888882457,28.489625282485,436.453702442444,2.2938895243756,2
2026-03-22 13:15:00,0.127618448417233,5.8161597776774,8.07951888885133,29.9620763934723,435.884242959287,2.21830187714054,2
2026-03-22 13:30:00,0.1315279595494,5.85663022209103,9.33056177791188,30.0875595046027,435.42156652073,2.18822883126401,2
2026-03-22 13:45:00,0.130343885470367,5.78099711101513,8.5214642222911,30.2525797267117,435.482075739223,2.20828892244838,2
2026-03-22 14:00:00,0.133772433629467,5.3598717775563,11.4421891113057,29.786216615757,435.28593027954,2.32175811322602,2
2026-03-22 14:15:00,0.1292708928812,5.35236777760243,7.8018939999905,30.8864376751347,435.24289707573,2.18227953286338,2
2026-03-22 14:30:00,0.1279791965751,4.8811906664162,9.22259444454488,30.757365282196,435.849481597817,2.20244759886943,2
2026-03-22 14:45:00,0.127492405115333,5.2813006664482,9.33745866680368,30.0914132824207,435.895567165607,2.29550496965845,2
2026-03-22 15:00:00,0.1274860706478,4.11450222208127,7.2493425469969,31.5536541538173,435.47856657527,2.30835792537772,2
2026-03-22 15:15:00,0.130498981754733,4.47243622205573,11.5919744446206,29.2421582398273,435.90224762106,2.35416625726795,2
2026-03-22 15:30:00,0.1290148199206,4.86491311081913,12.3854286669223,29.6624558636284,435.964448688627,2.38312275950179,2
2026-03-22 15:45:00,0.133475931052733,4.51758288872137,12.443738444704,28.554267726974,435.767384649983,2.352759542955,2
2026-03-22 16:00:00,0.1348568680918,4.65000822204297,14.4742282225114,29.67368528244,435.727826441219,2.46643549282041,3
2026-03-22 16:15:00,0.146859110290067,4.6231399998182,14.9316366669219,28.7739466843513,435.76969918268,2.49790309026112,3
2026-03-22 16:30:00,0.145036878648167,4.34240644430149,14.2846262221478,30.3005210600147,434.99256462805,2.56362989420957,3
2026-03-22 16:45:00,0.145500071245033,3.8249802220875,14.9773244445101,28.9461064620823,435.332788017697,2.70512712269631,3
2026-03-22 17:00:00,0.148128645915667,1.43931599993047,16.4658164443479,26.742319111433,435.377211486003,2.61373511139753,3
2026-03-22 17:15:00,0.151556585167467,3.98987111100863,15.9487375554158,28.2415611117376,436.148982628273,2.70463793823419,3
2026-03-22 17:30:00,0.1535298444298,2.9178222221425,17.2466831110796,25.02548666691,438.63936068315,2.63366544260054,3
2026-03-22 17:45:00,0.153308340717233,1.53819288880933,16.9220660000965,26.3785237781337,436.34817842798,2.60184932926537,3
2026-03-22 18:00:00,0.177208177781133,2.54626199996934,16.9583886666065,25.0380931117505,437.404494601863,2.53297663985982,3
2026-03-22 18:15:00,0.159717799992233,1.98165644437867,17.5943757778285,23.5140051112637,439.09403804831,2.80791165914674,3
2026-03-22 18:30:00,0.232713229662333,2.92761111109217,20.309985111188,19.8563973340265,440.124765326131,2.53706049545141,3
2026-03-22 18:45:00,0.196783377766833,2.71535999998127,19.6820302222683,20.3424633338051,440.35734445188,2.3888571997349,3
2026-03-22 19:00:00,0.1880939852056,2.40539244439487,19.1191175551256,17.1766304451229,441.99570713139,2.34070656541969,3
2026-03-22 19:15:00,0.1871879110676,1.49781777770867,19.1578306659815,15.8656486669067,444.304235933054,2.59797468355231,3
2026-03-22 19:30:00,0.175840125915167,1.37787199993817,19.0843788882801,12.982623777916,445.92358275719,2.56869663187804,3
2026-03-22 19:45:00,0.174848392598,1.86879533328907,18.9268564436949,13.1676497778358,446.00161732985,2.50325020807037,3
2026-03-22 20:00:00,0.172833214809933,2.4168308888868,19.0194355548465,13.2604293334957,446.458321758507,2.41409939888652,3
2026-03-22 20:15:00,0.175623888897033,1.8569882221818,19.9550762213187,11.8869226667475,446.195037093107,2.49436334345402,3
2026-03-22 20:30:00,0.1751515037084,1.9437395555233,19.5795033325828,12.0615595555734,447.012107725514,2.71663905317954,3
2026-03-22 20:45:00,0.1852179481169,2.08259444441487,19.7991053324687,11.7383955555023,447.47894602361,3.30273447099392,3
2026-03-22 21:00:00,0.1751723629764,2.8062108888958,19.3482471104886,12.421753555657,447.063054574981,2.85102839891735,3
2026-03-22 21:15:00,0.186044496266033,2.8222213333342,19.4005664440439,10.3905348888195,449.012481692687,3.68647488005617,3
2026-03-22 21:30:00,0.188717970338233,3.21909977775647,19.8264835553027,7.65453733322901,449.890026898924,4.0902884729604,2
2026-03-22 21:45:00,0.1884793703394,3.00888288888693,18.1973784444189,9.4225357776921,449.177220535697,4.17410020798272,2
2026-03-22 22:00:00,0.174104859292234,3.6252237777293,19.1578688886819,10.9036977777294,448.989825933027,3.39637474436038,2
2026-03-22 22:15:00,0.171700659321767,3.27033599996137,17.8798540000721,9.92008644442187,449.027179816684,3.2825131510619,2
2026-03-22 22:30:00,0.174743681514867,3.22110977774007,16.3829331117999,8.27774733329864,449.83196263233,3.35890626987665,2
2026-03-22 22:45:00,0.182816629588967,3.3417851110679,17.1695717783486,8.18218999997764,449.898210623274,3.54467020053581,2
2026-03-22 23:00:00,0.190434474045867,3.21332222217653,15.8498826679019,7.00820333328637,450.594210006024,3.82339817783027,2
2026-03-22 23:15:00,0.190196659232233,3.1877459999586,15.7534393344891,6.74390555549494,450.94416159168,3.79919443618246,2
2026-03-22 23:30:00,0.1689951333852,3.47278444438266,15.0617744455719,9.5582244444566,448.98251812987,2.58555634683575,2
2026-03-22 23:45:00,0.159970755500367,3.57375644437793,15.4434531117023,12.9602720001693,448.48396469842,2.09459639805781,2
2026-03-23 00:00:00,0.156896925894467,3.32533666661687,12.0117766666933,14.9495086664683,447.11516871957,2.24190268093984,2
2026-03-23 00:15:00,0.156457622185534,3.24187666662093,12.8414173337267,13.7988822222191,448.31288353638,2.01196704974416,2
2026-03-23 00:30:00,0.156926933276334,3.6458882221357,13.0359440005302,13.6578306664851,446.521564117127,2.05320543649513,2
2026-03-23 00:45:00,0.155318836966767,4.0348128888085,13.3766935562129,13.6619828887967,446.667027413317,2.03850910127397,2
2026-03-23 01:00:00,0.1549161777197,4.00902088880783,12.1257253334904,12.0453519999101,446.766434066477,2.001668655547,2
2026-03-23 01:15:00,0.157316585132,3.14701111106004,11.885395333443,7.373916444257,448.512588525963,2.15813648393074,2
2026-03-23 01:30:00,0.1612732369918,4.15303755552583,12.4657966668162,5.6749693332394,450.346968868733,2.17659722541956,2
2026-03-23 01:45:00,0.159828792535967,3.93172377771453,13.6205444451102,6.30990799987126,450.56470094889,2.06561219328709,2
2026-03-23 02:00:00,0.1561984518192,3.25666155550883,12.6519975558233,13.404722666783,447.893396239947,1.98438945088457,2
2026-03-23 02:15:00,0.156142814767,5.1923691110925,11.6140662221385,15.0269882221271,445.324648152013,1.97217903631777,2
2026-03-23 02:30:00,0.1561658666014,5.1132437777467,12.1036913333584,10.9200782221419,446.41917478237,2.00634913874122,2
2026-03-23 02:45:00,0.1559054592042,4.36428599994013,12.0382708889624,10.9444819998856,446.147324080407,2.05724595012492,2
2026-03-23 03:00:00,0.156550236978767,5.16774066664056,11.8843855555718,13.3610068888176,446.606045317194,2.00291972556242,2
2026-03-23 03:15:00,0.179493422204234,5.08154688887353,12.8581455557989,10.428741333176,446.331760508677,1.9719137797411,2
2026-03-23 03:30:00,0.1577530814213,5.0652668888547,12.111618222325,13.1090293333454,446.259218766857,1.97882507573852,2
2026-03-23 03:45:00,0.1587171036497,5.01324955551483,12.4115480001315,6.67835466648896,448.973430723137,1.96227799745329,2
2026-03-23 04:00:00,0.158338518483267,4.8490024444382,11.9872020001205,6.1804335554248,450.563914517147,1.91638274370035,2
2026-03-23 04:15:00,0.157305948101167,4.95724644444926,12.2670097778628,13.1343204443335,446.899862378014,1.86169081041853,2
2026-03-23 04:30:00,0.1585060814288,4.38783911107673,12.4755824446188,6.9135548886995,449.033521099687,1.97140897677992,2
2026-03-23 04:45:00,0.158037740693833,4.9553893333137,12.8007851113751,7.4701155554658,450.113608836137,1.85609416779756,2
2026-03-23 05:00:00,0.157801148085,5.05721755552603,13.760220222994,12.1254200000516,447.3250375841,1.8210181066964,2
2026-03-23 05:15:00,0.158850488844767,5.62104022224613,13.7931273341263,10.6107637777813,447.120581940297,1.87991301923813,2
2026-03-23 05:30:00,0.166176548083333,6.93578555565744,13.4190980005544,8.44191099988481,448.829987563727,2.07006691298758,2
2026-03-23 05:45:00,0.159251851797667,6.11696422221716,12.4444624445999,5.27490399985754,449.303012000137,2.45527270259223,2
2026-03-23 06:00:00,0.156603392546967,5.32414377776769,12.9831986671803,14.7070739999947,446.644228063517,2.0006429004186,2
2026-03-23 06:15:00,0.155448459215534,5.35111777776059,11.9684771113268,13.4055279999263,446.608156103244,1.96972479279869,2
2026-03-23 06:30:00,0.1575823999321,6.41220200000323,14.2619535563339,7.07422811092243,448.99710419073,2.27231334318031,2
2026-03-23 06:45:00,0.1576046814214,6.45002377782067,12.7576068893529,13.3148061110019,447.197974054454,2.10541336149846,2
2026-03-23 07:00:00,0.1549796369784,6.09825555558297,11.8935346669195,11.5549435554163,446.860874903031,2.23852924187623,2
2026-03-23 07:15:00,0.1553620221762,6.38347311111934,11.1220093333706,9.97337944431433,446.537706229654,2.49512286676242,2
2026-03-23 07:30:00,0.152519748136933,5.30020977780693,10.5086608886775,17.0258486662799,444.922572682674,2.20251535678881,2
2026-03-23 07:45:00,0.151489651845333,5.98625355559336,10.2824748887849,17.9348475553091,444.87876504488,2.31031408167429,2
2026-03-23 08:00:00,0.154075725921667,6.32460022226073,10.6208868887243,16.0803028887463,444.259970683224,2.27869509279264,2
2026-03-23 08:15:00,0.1521150888882,6.32486888894407,10.4396304443319,15.7406015553317,445.285412905667,2.36413447356329,2
2026-03-23 08:30:00,0.1505650666633,6.2313106667117,9.91314333331268,17.3416044441804,446.396794220003,2.44660499922365,2
2026-03-23 08:45:00,0.1714536222213,5.98238666669553,10.8971791108751,15.5280457776844,445.63610778205,2.4955040451059,2
2026-03-23 09:00:00,0.163441551546567,6.07956977782744,10.6445926664646,16.5142913331308,446.09436173885,2.50071731216386,2
2026-03-23 09:15:00,0.158270711091867,6.26202088898467,10.6223682219902,17.4510775552868,447.045869672634,2.53455885741385,2
2026-03-23 09:30:00,0.151772214798967,6.07542844450567,9.92333577769541,19.8163715554624,445.882258143303,2.5313700810138,2
2026-03-23 09:45:00,0.1385540519172,5.92960400001647,9.40227222205494,21.2361517778865,443.116898765553,2.55337518337246,2
2026-03-23 10:00:00,0.146551207722033,6.4431791112115,12.0494899999536,14.2698866664376,447.820313002517,2.6481245264002,2
2026-03-23 10:15:00,0.134570271804833,5.72738755561676,9.86369755522648,17.2931733330498,443.705706544447,2.58757070889344,2
2026-03-23 10:30:00,0.1355532592767,5.84553333338973,10.2693077774483,17.400409110846,443.95095845389,2.655304029759,2
2026-03-23 10:45:00,0.136149155579433,6.01681200002337,10.6141837773351,16.6092866664737,444.110087779827,2.61329388568511,2
2026-03-23 11:00:00,0.1330833088548,6.06321355557567,9.86596155528607,18.346061333136,443.414174784964,2.67334570809751,2
2026-03-23 11:15:00,0.1356769259531,6.11457800003084,10.9729837773034,16.1449384441973,443.760186001947,2.73382893394775,2
2026-03-23 11:30:00,0.147552003741667,9.10952444429093,12.8810324446018,12.9853617776358,451.926436641,2.65724260175133,2
2026-03-23 11:45:00,0.1327021703958,5.8318926666884,10.2579466662811,19.2487013332613,443.956823995541,2.71740068820506,2
2026-03-23 12:00:00,0.131021970397433,5.78349666670693,10.3640357774296,19.3231584443864,443.355346641124,2.6994196374517,2
2026-03-23 12:15:00,0.1340104000251,5.9715453333534,10.6580297772135,18.2743008886887,442.966616929963,2.67650336843127,2
2026-03-23 12:30:00,0.129653577793366,5.57698755557417,10.1411842218526,19.894245777814,442.356019285587,2.80957234433545,2
2026-03-23 12:45:00,0.123978762957433,5.47565777782027,8.79962711093464,20.8786435554735,441.656982463087,2.70371002286895,2
2026-03-23 13:00:00,0.128965938466933,5.7749964445164,9.98125088856897,19.2067326665683,441.668659031544,2.65523139652938,2
2026-03-23 13:15:00,0.1247788193696,5.59060333334243,8.63047133310504,20.4296802220673,440.237079483797,2.59638271711727,2
2026-03-23 13:30:00,0.124116074057967,5.275936666691,7.99826311079254,20.7540008887138,439.56379414069,2.57551786979554,2
2026-03-23 13:45:00,0.126998586031867,5.59998955561653,9.3552039997731,19.7274113332664,441.34636059148,2.59123426573169,2
2026-03-23 14:00:00,0.130829648440467,5.7400135556098,10.6696159995229,20.2066291111249,442.495851865734,2.69696086698697,2
2026-03-23 14:15:00,0.126173381769867,5.61666755560733,9.32152711097111,21.894318666762,440.222474773511,2.59951462096912,2
2026-03-23 14:30:00,0.130261929920567,5.56211844446823,10.5575619996401,20.3631833332521,441.537419425634,2.66123142847625,2
2026-03-23 14:45:00,0.125248915106233,4.16352911105167,7.97518399983594,22.512735555471,438.26460611351,2.59346734160772,2
2026-03-23 15:00:00,0.1307624188288,5.52568022221743,8.82853955542563,22.5045264443894,438.479926907041,2.58895111621227,2
2026-03-23 15:15:00,0.141159453601633,4.15926466660327,8.67699933322466,22.241997555561,439.257184132267,2.58654186827085,2
2026-03-23 15:30:00,0.144080653045667,4.15143866660397,8.67759377766376,22.3922751111257,439.200247098447,2.60437750913771,2
2026-03-23 15:45:00,0.1466142461445,5.53575977779073,15.7459213334074,19.6119157778166,443.163974806727,2.76799644088245,2
2026-03-23 16:00:00,0.143379752122533,4.19073511105997,10.5058306668599,21.7352764446213,439.689649873277,2.87623805646668,2
2026-03-23 16:15:00,0.145337778051833,5.09836199995864,11.2532948891261,22.9195625299497,440.316696231564,2.66761226625369,2
2026-03-23 16:30:00,0.144161933079333,4.091931777691,11.7191606668549,24.6897727521701,438.672023088126,2.59106530690697,2
2026-03-23 16:45:00,0.1462297638397,4.17906755547193,14.9795586669426,25.5799656411667,438.742833131577,2.79404532641525,2
2026-03-23 17:00:00,0.146586194046233,3.6919459999124,15.9104275558198,23.9824788890611,438.501761220943,2.72331265664403,2
2026-03-23 17:15:00,0.1688731370424,2.65265333327297,17.1373679999636,20.3795044449354,442.929757068803,3.41164270931871,2
2026-03-23 17:30:00,0.206407911070367,3.5955411110449,18.2084579997365,17.9217766674253,446.683542360297,8.19323736273111,2
2026-03-23 17:45:00,0.1671551925849,4.47527711102563,20.7291477776219,13.7319937775877,446.657903525061,3.28511264948757,2
2026-03-23 18:00:00,0.184583496326067,4.4628986666195,18.8152691103952,15.8553908895729,448.44813382807,3.05839503710339,2
2026-03-23 18:15:00,0.166849785159666,3.54535377772597,17.6156293328239,16.9425546666524,448.515257931941,3.68384872821744,2
2026-03-23 18:30:00,0.188616400028733,3.5264026666295,19.6028906660598,11.9489695557648,447.630159893827,7.88047072652001,3
2026-03-23 18:45:00,0.1719163481566,2.776134888858,19.4770271104555,11.3247944443949,447.407740889264,3.68708177603498,3
2026-03-23 19:00:00,0.181180096290167,2.66055111108313,18.4455562215693,11.5045206666736,446.928953784687,3.98406815503728,3
2026-03-23 19:15:00,0.195544444441399,3.0408651110982,18.7757368884348,8.14861955536123,447.914286857303,4.1359337445387,3
2026-03-23 19:30:00,0.1839782963016,2.64103199998373,18.8725517774265,8.29689955532158,447.917640492654,4.69413315125715,3
2026-03-23 19:45:00,0.1922809999756,2.21991355554226,17.7605726664833,8.4745824443139,447.127174840784,5.17336729707401,2
2026-03-23 20:00:00,0.199002033349866,2.6723280000132,18.2623922221969,6.80943733321357,448.494940381884,5.68471664805277,2
2026-03-23 20:15:00,0.1994122148373,2.9973384443886,17.0837964446336,7.24147111094214,448.83655356088,4.3682895785862,2
2026-03-23 20:30:00,0.1812236962564,1.9936980000125,16.3011493333044,8.4001791109011,447.667604333657,3.73556183279568,2
2026-03-23 20:45:00,0.188950744433834,2.46674422223637,14.9007026673612,7.32763533312797,447.823883953507,3.74638284975548,2
2026-03-23 21:00:00,0.180565881442567,2.75954644441747,14.9308411119268,7.54848688862863,447.74082650005,3.17700352219243,2
2026-03-23 21:15:00,0.183913118477934,3.3310497777248,15.3429711123047,6.89570622202246,447.651333583487,3.32228559326093,2
2026-03-23 21:30:00,0.1891146407345,2.934734666631,13.4048340001881,7.1491719997976,447.640140409487,4.14071772529714,2
2026-03-23 21:45:00,0.183362481446833,3.11075511105554,13.6935520006928,6.36940799982866,448.545751190677,3.33013607394589,2
2026-03-23 22:00:00,0.184634555526633,3.0894946666348,13.8731515563213,6.97422955534737,448.182470581127,3.37052046295597,2
2026-03-23 22:15:00,0.1827144370124,2.56573422220763,13.0688235558232,6.55842577767897,448.48065948405,3.03744026499994,2
2026-03-23 22:30:00,0.171394044462667,2.5446217777539,12.8949557779364,6.7154971110272,448.43620709115,3.04266520021148,2
2026-03-23 22:45:00,0.173334555574367,2.90377688886134,12.1968297780483,7.2199055553667,447.573595046637,3.25829963750813,2
2026-03-23 23:00:00,0.154409614741267,4.12281377771633,12.5409746672339,11.480161110964,445.14228778472,2.91761534398279,2
2026-03-23 23:15:00,0.1542813629323,5.25722955558336,12.1123953337209,14.48370199984,446.2930456333,2.59598322751342,2
2026-03-23 23:30:00,0.151372999941467,2.64200577773423,11.8944162224352,8.42767377747053,448.774954790407,2.56761658302725,2
2026-03-23 23:45:00,0.1542094147507,3.40804577771557,11.4413055556568,8.59935999976307,446.16469002714,3.62118493522318,2
2026-03-24 00:00:00,0.1519063777191,2.71002066661633,11.776854666822,8.87688155533387,448.183050185493,2.52551783616615,2
2026-03-24 00:15:00,0.154775044393334,2.843469111033,14.7718140004929,9.52149399979006,447.102593119473,2.56773941509346,2
2026-03-24 00:30:00,0.164996651827033,2.5581653332894,11.9872988889676,7.82360466640353,448.47763836492,2.79225829252091,2
2026-03-24 00:45:00,0.1651587703515,2.63740111106544,12.222726666807,8.24412999979203,448.356792896313,2.94664528883335,2
2026-03-24 01:00:00,0.154202933263167,2.44885555550767,12.4478526669532,7.32545688871316,448.749435014953,2.62438586808576,2
2026-03-24 01:15:00,0.153939074008234,4.18533355551473,11.6172706667123,6.85621666644713,447.335689700353,2.66948135146608,2
2026-03-24 01:30:00,0.1530603258659,3.40810133327467,11.4719748889426,7.15930133306463,447.940960646463,2.61502974098857,2
2026-03-24 01:45:00,0.1543585628994,2.3021126666068,11.5099495556049,6.82050311095699,448.269579398773,2.73018363956501,2
2026-03-24 02:00:00,0.176312155533067,4.1690497777385,12.7380151113176,5.95224822203156,447.887810738053,2.75544231744515,2
2026-03-24 02:15:00,0.166012851823667,5.31318777775196,12.5814415556583,6.94064155528996,448.041191593844,2.65663389301224,2
2026-03-24 02:30:00,0.159669562887834,2.61026999991884,12.3838080001259,6.1801048887362,448.272370276157,2.56811073612652,2
2026-03-24 02:45:00,0.166676518514333,2.63677911105904,17.4298953335065,4.88010644444697,450.76804648435,2.54232672792171,2
2026-03-24 03:00:00,0.172354859302533,2.96104866661504,19.094772444355,4.18427066666874,450.625295591187,2.44952734220966,2
2026-03-24 03:15:00,0.1715566222679,3.25541977769327,17.7404546669443,3.99666333334054,450.334367541453,2.516904661431,2
2026-03-24 03:30:00,0.211715437049734,3.67979488883493,19.8192404447279,3.43998733335177,450.72575146314,2.46459047936546,2
2026-03-24 03:45:00,0.1725621555871,3.458922222181,19.4625215553589,6.02875177768844,449.325420640847,2.43949566114797,2
2026-03-24 04:00:00,0.1617089555219,4.97610555556863,19.4101395551882,9.26714066664097,446.878605056444,3.02454597697065,2
2026-03-24 04:15:00,0.162845088859333,3.538840666621,20.3115479995057,5.2369677776562,448.438028652104,2.36944706476273,2
2026-03-24 04:30:00,0.163042229587133,4.38142733330396,20.0967888884,5.1429548887748,448.26158226996,2.2524823897208,2
2026-03-24 04:45:00,0.158815807367067,3.61550133325717,17.9197366668828,7.44352044437833,447.960726666974,2.30834833953579,2
2026-03-24 05:00:00,0.161176303674967,3.6560611110134,18.4984513331586,14.3730013332191,446.641046381347,2.02523427965708,2
2026-03-24 05:15:00,0.163416051815,3.74389088881203,20.3327564439224,10.6809397777354,446.924918782997,1.98543728355981,2
2026-03-24 05:30:00,0.162426296258933,3.76090933324523,17.9877513328783,15.3330482222649,447.08021561548,1.9457241566346,2
2026-03-24 05:45:00,0.162212488859067,4.5143175555095,16.8707597777287,17.1359348887739,449.18952711284,1.88268133124054,2
2026-03-24 06:00:00,0.162356444417667,3.76200088882086,16.7787186666027,16.6713044442451,449.250640830584,1.85757596102767,2
2026-03-24 06:15:00,0.1632677555133,5.11861066665153,19.0180902217389,14.692596000158,449.07219146678,1.81693471238923,2
2026-03-24 06:30:00,0.1654801332975,6.2713482222631,21.3756451112234,14.9366637780772,447.56161239802,1.68849643713884,2
2026-03-24 06:45:00,0.1575360518188,3.81019999991796,16.9298866666927,19.439006000277,444.44512332446,1.75726822566565,2
2026-03-24 07:00:00,0.163933325893933,5.05782577776416,18.3466857774005,17.019062666725,448.07169320951,1.70803822495156,2
2026-03-24 07:15:00,0.162194607376967,5.0473744444193,16.3734597778426,17.395255999887,448.120697283914,1.48691197311821,2
2026-03-24 07:30:00,0.163080199958267,4.62736377774466,20.4451888883937,11.6886357777339,448.356245277634,1.53350102396374,2
2026-03-24 07:45:00,0.1629207629248,3.81106866658236,19.6092739994646,13.7586100001773,448.050308021477,1.55421755996429,2
2026-03-24 08:00:00,0.1630300666318,4.59452355551416,17.957703555095,15.4734926666637,448.073068121547,1.46545881258789,2
2026-03-24 08:15:00,0.160628866637367,5.0527942222043,15.8821380002101,17.7032795555232,448.04698984935,1.49145685867718,2
2026-03-24 08:30:00,0.163091044410067,5.05562133330993,17.3309573330306,16.5549831109567,448.235598605787,1.47596966962369,2
2026-03-24 08:45:00,0.225650014813267,7.19407888872476,21.6515142221636,10.2634746664581,448.185970102697,1.49774559218653,2
2026-03-24 09:00:00,0.166463185147934,6.75946622234643,22.0266422218633,8.96739877771897,449.929925947114,1.87271961989844,2
2026-03-24 09:15:00,0.162357459232367,5.83664022224446,17.0946259998961,17.0743771109825,447.95551220228,1.59528306942634,2
2026-03-24 09:30:00,0.161284518490834,5.00454444444179,18.0387995554471,14.7496857777919,446.778092680687,1.5378865000824,2
2026-03-24 09:45:00,0.1596782740454,6.14913133334394,18.3315391108182,14.2147822221976,446.68418862139,1.55378848870874,2
2026-03-24 10:00:00,0.1737620369951,10.0745244446882,23.0747437773713,3.60484599994184,453.238442835924,1.65860412334284,2
2026-03-24 10:15:00,0.164215096255567,6.28708377778373,21.239147332995,5.70833733325009,448.898984024274,1.53787044138991,2
2026-03-24 10:30:00,0.1622833555227,5.60735066667873,19.1723406664146,12.3546733333275,447.13099534507,1.49229592184177,2
2026-03-24 10:45:00,0.164167718489934,6.05066533335393,18.4159644444749,12.4581822221744,447.124166586264,1.47540618909814,2
2026-03-24 11:00:00,0.162229318491334,4.9966122222136,19.1825457777096,11.2245491111197,446.875093164207,1.55544870493236,2
2026-03-24 11:15:00,0.164114755520433,6.09965000000327,18.9960479999529,9.69962799997914,446.92936738369,1.80937555751563,2
2026-03-24 11:30:00,0.1586225110727,5.43028111112883,19.0897142217939,10.6771842222401,446.955281739271,1.72714638676048,2
2026-03-24 11:45:00,0.159189540695534,5.03439733333376,19.3449051106092,8.35115311104461,446.763929233291,1.62211092584994,2
2026-03-24 12:00:00,0.168130977788033,5.44872377779446,19.4141004439786,10.1310751111445,448.141663344694,1.75773467164287,2
2026-03-24 12:15:00,0.1875328814428,5.05712222221603,17.7886415555217,14.8447615557861,447.806795952253,2.12579279348275,2
2026-03-24 12:30:00,0.1563820147506,5.15887577776063,15.8721308891437,18.0195506665236,447.119965036607,2.21253122650213,2
2026-03-24 12:45:00,0.1558085332698,5.13972755555033,13.4706304450007,18.6588995552892,447.295533684007,2.26450007790647,2
2026-03-24 13:00:00,0.1421752518826,5.1361357777614,11.8559031109431,17.5516759997942,445.396724332157,2.3006757858291,2
2026-03-24 13:15:00,0.136057607411533,5.14602622220263,12.8633108891561,18.653053555292,445.771769214797,2.2939008833204,2
2026-03-24 13:30:00,0.1355165999909,5.16381266667066,13.383648444671,17.2513022220651,444.92621466855,2.36144745732979,2
2026-03-24 13:45:00,0.1376406222122,6.136216444427,15.0581584445499,15.014659333376,445.032624320297,2.39231400549558,2
2026-03-24 14:00:00,0.240403822255033,7.88394244434567,19.8424635551593,10.476167555405,446.67982179221,2.64808790308555,2
2026-03-24 14:15:00,0.147844588893734,5.21616377778543,17.904781110838,12.9365262222558,445.164375748017,2.67069447194654,2
2026-03-24 14:30:00,0.141373814817167,5.20231911111056,17.5650559996716,14.3935944443106,443.420766405757,2.6291638576411,2
2026-03-24 14:45:00,0.140551292609467,5.22315511110626,16.820519999738,13.1769699998624,442.841821391467,2.65725529626209,2
2026-03-24 15:00:00,0.1416022851922,5.5770017777901,18.4163419995223,12.5954459997909,443.13198074318,2.59679043003568,2
2026-03-24 15:15:00,0.152684496328467,6.3077793333567,15.4653313333786,13.9131362220886,440.66094952134,2.63440745315305,2
2026-03-24 15:30:00,0.141829944472967,6.4602002222917,9.87450644421603,14.1846253332152,438.673282147637,2.67923234574474,2
2026-03-24 15:45:00,0.126246288882767,6.13823200002377,7.30147355530114,18.5193351107943,436.50778553572,2.72603844524668,2
2026-03-24 16:00:00,0.125882148131133,6.12864644446304,7.65898777751248,19.1723431108273,436.50804258527,2.70377075090896,2
2026-03-24 16:15:00,0.114023546158482,6.29961333334767,6.84231222208243,21.0812822218544,435.626962297974,2.56491085818436,2
2026-03-24 16:30:00,0.132380733347167,6.42089488893797,13.8691524445562,17.6287604441208,438.90110632233,2.61357211305844,2
2026-03-24 16:45:00,0.1377557555701,6.5184644445687,11.6384044443911,14.7080788887116,439.757849720861,2.67504723748803,2
2026-03-24 17:00:00,0.124576000002967,6.09331066667187,8.07369577752058,18.5411128886313,436.895487265604,2.52654829024626,2
2026-03-24 17:15:00,0.132364851841067,6.0837686667239,9.12047199966001,16.1567599997143,437.699411998084,2.4694036982122,2
2026-03-24 17:30:00,0.1269146444545,5.61598911114793,10.0114071107833,18.2893364441933,440.185503309337,2.42456697750564,2
2026-03-24 17:45:00,0.1255320444787,6.07458622225373,10.1711024444264,20.5170226665449,441.68698118422,2.32900068940488,2
2026-03-24 18:00:00,0.129847918548033,5.74443488893923,15.2631951113929,19.8321668890324,443.06530692975,2.39941786659611,2
2026-03-24 18:15:00,0.132652903745233,6.0473622222572,14.1507884449132,20.8325786666971,440.242872640833,2.2543190200502,2
2026-03-24 18:30:00,0.138197118555467,5.2778526666299,16.4040317779327,19.8888660000874,443.20649198336,2.22236352356145,2
2026-03-24 18:45:00,0.147249977755133,4.58484155549453,17.99387311092,19.6074382225118,442.177318410967,2.20531962223177,2
2026-03-24 19:00:00,0.1509225480966,4.29443822215193,16.6900131112738,21.5829242222099,440.694096202723,2.16642271733616,2
2026-03-24 19:15:00,0.142389140781733,4.5978282221254,15.4592824448116,25.31763088897,437.66639369419,2.23977691617056,2
2026-03-24 19:30:00,0.145853266711833,5.74295822224456,14.9634448892504,24.455856666784,437.989342830003,2.30212825548946,2
2026-03-24 19:45:00,0.1371729555952,5.61002644429327,13.6425931114445,26.2177084447017,435.594816320663,2.33752296181806,2
2026-03-24 20:00:00,0.136074763006067,4.75377822210123,13.0893020002819,25.7114455556894,437.75353694323,2.31489255317568,2
2026-03-24 20:15:00,0.146387696306833,5.80767111113359,15.8862568893021,23.795121999948,439.390249521677,2.26972753281112,2
2026-03-24 20:30:00,0.149550074044433,4.3362331110415,16.0408426671107,23.5387691111424,438.63130792773,2.20559645717627,3
2026-03-24 20:45:00,0.1526950888242,3.96896288882276,17.0132897778114,19.6808526667957,444.632890002574,2.11843716512189,3
2026-03-24 21:00:00,0.153343118448733,4.1242057776959,16.8904679999172,23.1222435555509,439.132928992637,2.08317702066073,3
2026-03-24 21:15:00,0.154495029558633,4.0340295554692,17.3106064442317,24.7601277778535,444.218464468071,2.0616088874836,3
2026-03-24 21:30:00,0.153778422152233,3.9371979999598,16.7653411110538,23.6540922222538,438.54507352875,2.07314122163636,3
2026-03-24 21:45:00,0.153059288814967,4.09667933324233,16.2341537780548,23.5532760000615,438.575638579933,2.11723688501031,3
2026-03-24 22:00:00,0.151388199949467,4.7296319999165,15.0861206671622,24.233433111162,438.57589384413,2.17089784924675,3
2026-03-24 22:15:00,0.150221511087533,5.40952088873163,15.7558171115343,25.522929555646,436.53865449504,2.24930516462278,3
2026-03-24 22:30:00,0.149703622193367,4.4720815553343,15.1019495559679,25.6053875556873,436.41688273507,2.2445534726639,3
2026-03-24 22:45:00,0.152134711086667,5.4571597776246,15.9395420002298,25.6868622224367,436.75094535173,2.2406350619935,3
2026-03-24 23:00:00,0.1521080740399,5.07866777761117,15.6325493335185,26.23296555586,436.609579496897,2.23127516302397,3
2026-03-24 23:15:00,0.153105251792767,4.35345066644263,16.0775462221084,25.6540451113539,436.59519389556,2.18919233156709,3
2026-03-24 23:30:00,0.153204799930067,4.39371355534654,15.6452824446231,25.8283026669405,436.597666902287,2.20874244439893,3
2026-03-24 23:45:00,0.153388881424233,5.0949168888254,16.3210100001647,23.6932320000895,438.98722222632,2.18036106555727,3
2026-03-25 00:00:00,0.150455762933033,4.4945773332646,15.831300889331,23.0585091112064,439.458746751713,2.22191201446196,3
2026-03-25 00:15:00,0.1507081629504,5.81229866667952,15.6665635560276,23.6486011112953,439.8442134453,2.26337421252046,3
2026-03-25 00:30:00,0.148219066634067,5.76639977780239,14.8272455560681,23.4241946668134,439.937174432723,2.25778103314081,3
2026-03-25 00:45:00,0.149749933304667,6.01305222212836,15.882778000237,25.78164466689,437.139615911813,2.29612717693439,3
2026-03-25 01:00:00,0.150586903690933,5.83656533333822,15.0162393337935,24.7498217777833,438.760311959897,2.32021622256058,3
2026-03-25 01:15:00,0.150797866649033,5.79760644447622,15.9583733338285,22.031577777563,440.087721153214,2.27466359097518,3
2026-03-25 01:30:00,0.1501232814703,3.72623244437047,16.136364000411,21.6090862221727,440.609679849857,2.17418959005808,3
2026-03-25 01:45:00,0.151070362921267,3.23640111103393,16.6492019998789,21.7576222222224,439.878623466813,2.13671701251515,3
2026-03-25 02:00:00,0.152173651790533,4.67522466661226,17.4077548886307,19.2036291113344,443.212391549554,2.05974996640346,3
2026-03-25 02:15:00,0.152329407341633,3.36374666661597,16.8776060001438,19.8149673335369,442.685370222494,1.98367495107517,3
2026-03-25 02:30:00,0.1527389184496,3.3343931110664,16.9714211111598,19.561036889149,443.453708634421,1.92212254474391,3
2026-03-25 02:45:00,0.159579644387767,3.3604155554981,18.0188844439778,16.9011122222307,448.316293071154,1.82784417374156,3
2026-03-25 03:00:00,0.163666377718667,3.44561488884196,19.0259948883378,13.4066853332724,449.097234241234,1.73794810519075,3
2026-03-25 03:15:00,0.155996133291467,3.5082219999526,17.1378759997964,18.8304797779417,448.705150505841,1.73141293226463,3
2026-03-25 03:30:00,0.160297511074433,3.230204222176,17.5185511106989,17.4753868887529,449.069101198754,1.73290762268918,3
2026-03-25 03:45:00,0.1602262369884,5.04843933330739,18.4212224442721,14.192121999957,448.931433124327,1.69623645307131,3
2026-03-25 04:00:00,0.1572940592148,3.08116955550356,14.8839911121752,9.56318111116756,449.40159144412,1.64852983334836,2
2026-03-25 04:15:00,0.157972829591367,3.232661333297,12.712016666947,7.4596715554897,450.94707378955,1.58857738306091,2
2026-03-25 04:30:00,0.157663570328134,3.3822422221679,13.587860222888,9.05017022224078,449.857330436924,1.5619965756472,2
2026-03-25 04:45:00,0.157165259225534,3.32248555549883,13.1848931116943,10.3699528889497,449.957485180874,1.58156003698833,2
2026-03-25 05:00:00,0.158990740698767,3.44101955547557,15.7454995557051,16.7859039999067,449.079373226794,1.72841463979921,2
2026-03-25 05:15:00,0.154169140694167,3.20215688882103,15.5193495557519,18.3976857775869,445.446617088207,1.88570441666689,2
2026-03-25 05:30:00,0.1539946592113,3.52284822214807,16.7467362221817,18.4617497778134,445.643545279124,2.00289028013112,2
2026-03-25 05:45:00,0.154717688829967,5.30552822222786,18.5958431107834,17.2314762224945,446.953061044204,2.15529163663377,2
2026-03-25 06:00:00,0.151353777714,5.30557244448546,16.9299133333589,19.2763582224636,445.693677880974,2.17222699250139,2
2026-03-25 06:15:00,0.156274348075667,5.07958377778126,17.9016377773776,15.4533524447568,447.367855446981,2.14230612874563,2
2026-03-25 06:30:00,0.152767555494567,5.07874644449229,17.5350639997497,17.7914795555443,447.212604786144,2.18813376826453,2
2026-03-25 06:45:00,0.152497636977933,5.15916066670113,17.2858159998412,18.5043695556346,446.4737466261,2.15917913524005,2
2026-03-25 07:00:00,0.161328999935567,3.89096488885753,21.6222704443855,11.53198244438,448.446981671437,1.94528525835733,2
2026-03-25 07:15:00,0.1613019258591,3.5016188888474,20.6323131111382,14.3992262225331,447.06857656013,1.78970101505434,2
2026-03-25 07:30:00,0.160776088826233,3.4762419999469,21.0280984440237,11.4044828888707,447.873559420814,1.78249128619471,2
2026-03-25 07:45:00,0.1682452740833,5.01303400001566,20.9744279996461,8.73651888886607,448.990052251897,1.87753795460469,2
2026-03-25 08:00:00,0.171013022249667,3.04920733325823,19.8052628884253,7.42875533325367,449.439865679833,1.92111963932798,2
2026-03-25 08:15:00,0.170023111159033,4.96397955554919,19.1713153329041,9.62763266665217,449.13181605572,2.30800495623612,2
2026-03-25 08:30:00,0.164114659192934,6.06477822226457,19.7465235551317,11.6414764444651,448.063423412823,2.1629231634406,2
2026-03-25 08:45:00,0.164356140664733,5.0970620000156,19.7960619995294,10.6556022222703,447.209287881994,2.09685081494736,2
2026-03-25 09:00:00,0.1647925999654,4.24112266665126,19.799907777256,7.95078799991267,449.509714092577,2.09056229591555,2
2026-03-25 09:15:00,0.1552861703246,3.19238844436697,19.3020491108289,17.7013308890875,448.987680819467,2.01535443950995,2
2026-03-25 09:30:00,0.1758523185093,3.2344519999401,17.1096422223217,22.0456657777861,443.002787197241,1.82577366996991,2
2026-03-25 09:45:00,0.1532684740329,3.87090644436823,17.2499853332209,20.832119777762,443.345449652554,1.74006016767522,2
2026-03-25 10:00:00,0.1536390369908,5.0869297777736,18.1774828888591,19.5126722225552,444.389993751454,1.71907398441539,2
2026-03-25 10:15:00,0.164234029645467,4.93567555557756,17.3935104444768,22.1745902218477,443.32625981297,1.72652610789102,2
2026-03-25 10:30:00,0.153281688844734,5.03069177777033,17.5132899998435,20.0066231114114,445.078617953654,1.76322240620688,2
2026-03-25 10:45:00,0.153449044401234,4.43840488884966,17.1714879999189,21.3457208888184,442.292538424283,1.73594485335583,2
2026-03-25 11:00:00,0.1535301629208,5.03593355556243,16.9726022220882,20.9771848888941,442.494765155667,1.78599575767152,3
2026-03-25 11:15:00,0.1529254666233,3.37691799994543,16.3870313334165,22.9386097776853,441.762509947947,1.90193195531381,3
2026-03-25 11:30:00,0.153707474020867,5.07823577776463,16.8596637778678,20.3155355557371,443.65362307507,5.7982593701975,3
2026-03-25 11:45:00,0.154409785137534,3.5893848888143,18.0745719996143,18.4480646670021,447.05156037625,3.79206450691914,3
2026-03-25 12:00:00,0.153405829584867,5.03355799999423,16.8352946667941,20.4159342224074,443.569581912304,2.28821689034745,3
2026-03-25 12:15:00,0.1546982295783,3.4942124443763,18.1930715553412,18.5269766670912,445.899284654797,2.80718120051573,3
2026-03-25 12:30:00,0.155901051801267,3.35055511102456,17.0806348887369,18.4706944444687,447.97065493728,3.44195153984253,3
2026-03-25 12:45:00,0.152709377735934,4.99836555553396,14.0721091116704,20.0830733333925,444.896990206247,2.59868023521894,3
2026-03-25 13:00:00,0.152518459212634,5.08843044443896,13.2789511117155,20.2360224444369,444.838242557627,2.54537401757273,3
2026-03-25 13:15:00,0.1519985332621,3.60705422211897,11.7968080005397,20.4660231110509,443.751239590033,2.23033503419838,3
2026-03-25 13:30:00,0.1512264962348,5.20437866665047,10.4792484445628,21.759405999633,441.649804342414,2.25813262580488,3
2026-03-25 13:45:00,0.2441279630012,7.55264155568544,13.6097799999618,21.6915244449113,441.856349969227,2.9691507237173,2
2026-03-25 14:00:00,0.1266696963523,6.01895044447373,8.83649466651257,20.9403711109594,440.237919026563,2.73542583327858,2
2026-03-25 14:15:00,0.126153466708567,6.07643222224856,7.97320155524527,20.2406051112618,441.108701329623,2.55170907541979,2
2026-03-25 14:30:00,0.1253611185652,5.98364733336403,9.1584084442808,20.4956773334245,441.89919339929,2.43348731759398,2
2026-03-25 14:45:00,0.1264301185451,6.1653042222397,7.53365311086917,21.5440931112838,441.050100410377,2.50688867345386,2
2026-03-25 15:00:00,0.1304818193658,6.02358044446917,7.23804333314367,21.8609182223259,439.888969634687,2.52137991409354,2
2026-03-25 15:15:00,0.131697155542933,6.13528955556264,7.92082311087544,22.6926482222315,440.79676171781,2.52679372512014,2
2026-03-25 15:30:00,0.127907081483033,6.05205933340354,7.32320777757647,22.0332733333488,440.446807944897,2.5502590813219,2
2026-03-25 15:45:00,0.126935333348966,5.98867644447467,7.96836355537597,21.6335982225002,443.354093016303,2.54175586851619,2
2026-03-25 16:00:00,0.1288284444801,6.02756355555257,9.2713317776495,22.6738353332164,440.993719268483,2.51333635972878,2
2026-03-25 16:15:00,0.1295184667159,5.97155933336167,11.6303684446297,20.143146889107,444.693132618613,2.460073989094,2
2026-03-25 16:30:00,0.144269474094167,5.98980800004537,12.1696717779403,20.1093324446488,444.259031837864,3.15799544400713,2
2026-03-25 16:45:00,0.1293505926304,5.65782133337893,10.1460746663182,19.7653417777333,442.767176003504,2.54064299909943,2
2026-03-25 17:00:00,0.1605702295816,6.10448266673764,11.4624004443582,20.0976926668055,442.44192071671,2.5253817151371,2
2026-03-25 17:15:00,0.1280763296737,5.81291622222653,9.20595999988413,25.6053517777977,440.401993422393,2.48568039200889,2
2026-03-25 17:30:00,0.146659259232533,5.92265333338307,15.150803556089,26.206057777943,439.624126768267,2.47721447257601,2
2026-03-25 17:45:00,0.147753540714933,4.20076377765137,16.2977826668248,24.9232528889394,440.110917512763,2.4302692140884,2
2026-03-25 18:00:00,0.146777955536233,5.2631408888263,17.3563264443101,22.3180286665087,440.37792212911,2.43420453813035,2
2026-03-25 18:15:00,0.1474081036849,5.20528177771407,16.9204966665728,23.5182755556447,439.869189396616,2.40108879159408,2
2026-03-25 18:30:00,0.147892437014767,3.3110153332694,17.1111995554484,23.556567111259,439.72072327653,2.34473507340568,2
2026-03-25 18:45:00,0.149462429602233,3.39815399992267,17.7559313330916,20.5907033334914,442.10299663908,2.50585161391324,2
2026-03-25 19:00:00,0.1570198369823,3.34862066658957,18.8168757775547,18.6906026669161,445.531972240354,2.45098862293339,2
2026-03-25 19:15:00,0.150031703657433,2.93399355550763,18.2751897773855,18.9565140001782,443.841294935967,2.22676062055036,3
2026-03-25 19:30:00,0.1568998888265,2.9389986666264,20.2746357776875,16.6849497781215,443.423769166798,2.10008066448339,3
2026-03-25 19:45:00,0.149377392544767,3.20097355549453,18.0370719997499,20.3532620001717,442.280295113303,2.15568449560573,3
2026-03-25 20:00:00,0.166219903629333,3.29057244440453,20.2566733329992,13.2103173334075,447.730411553667,1.98599613246616,3
2026-03-25 20:15:00,0.174954088908967,3.4501406666065,19.8317399996574,17.0878371112712,446.582655811594,2.1204420122896,3
2026-03-25 20:30:00,0.169944999988734,3.10247822217586,18.7755873330728,13.3705993332655,448.550828210827,2.54968686426768,3
2026-03-25 20:45:00,0.175576325966433,3.10691733330943,17.951155333436,7.28573533326777,451.098649012767,3.32268904070931,3
2026-03-25 21:00:00,0.176264318537333,3.55020222219253,19.507640666614,7.87606777774607,450.380808567434,3.34021624787191,3
2026-03-25 21:15:00,0.160778525873,3.09493711106983,18.0492171109682,14.7130457778076,448.881959348304,2.50553839991139,3
2026-03-25 21:30:00,0.1628220073618,3.1383028888278,17.2946097779539,13.1681484446404,449.7256069208,2.41917018955666,2
2026-03-25 21:45:00,0.1728963630144,2.74686933333623,14.8394733342992,8.07676111121611,451.923883267194,2.58900214045212,2
2026-03-25 22:00:00,0.161142088834234,3.31849111106213,15.807863556252,8.50244000002391,450.138558085834,2.62973649934631,2
2026-03-25 22:15:00,0.167755251876,3.26576377773197,13.2147606670241,7.92707488887254,451.19912427968,2.37376085962874,2
2026-03-25 22:30:00,0.169018562984233,3.29569199996574,14.9479962233376,6.51360911107123,451.608796740563,2.0767035595677,2
2026-03-25 22:45:00,0.1655743407228,3.29753311105977,13.480255111685,8.20125911111427,451.230666572514,2.02756857732185,2
2026-03-25 23:00:00,0.169050800058467,3.3679708888117,12.8784851112668,6.1847535555087,450.338094675454,2.21276114715864,2
2026-03-25 23:15:00,0.171084207441933,3.53295688880073,13.2989795559721,5.53484066662597,450.272054935427,2.28884024262952,2
2026-03-25 23:30:00,0.177052451905,4.90489066662783,12.4463133334713,5.6408088888157,449.61044585625,3.0461987337674,2
2026-03-25 23:45:00,0.181003999961267,2.9455568888673,12.3507144446057,6.33769533327401,449.775864561764,2.71492288709544,2
2026-03-26 00:00:00,0.181815740683333,3.169524222201,13.1613275559563,6.71127844442814,450.37291940523,2.61308900987644,2
2026-03-26 00:15:00,0.160172333295934,3.2921246666102,12.542806889097,9.4057657777119,449.166799959651,2.03683842072849,2
2026-03-26 00:30:00,0.161349162926567,3.21383799996754,12.3927008890661,7.6339593332276,450.214774709327,2.10208378944059,2
2026-03-26 00:45:00,0.160594192542567,3.26337355550933,12.8618831114294,8.67774000000155,450.089603701964,2.00802289905954,2
2026-03-26 01:00:00,0.157175192567633,3.600642666564,12.4186520001543,11.5234166666684,448.340469629877,1.91809711838916,2
2026-03-26 01:15:00,0.1586039777133,3.3318146666148,14.3445486677404,7.81371088887133,451.19495331778,1.83018142146536,2
2026-03-26 01:30:00,0.158012392553867,4.29943844440893,12.0097984445945,7.310858222087,449.720261079477,1.72941449212371,2
2026-03-26 01:45:00,0.158206481444233,3.9061533332481,12.460374000213,8.51116888885568,449.6040378533,1.55943100150858,2
2026-03-26 02:00:00,0.157885896246,4.97469311109853,13.8389984453403,12.8628373334701,449.38881046351,1.56409795687609,2
2026-03-26 02:15:00,0.1568654370154,4.3643182221733,12.2323573334066,13.2221651109834,448.330637363107,1.60254971037427,2
2026-03-26 02:30:00,0.1571955629158,4.96368377776623,13.8514426673271,14.9561879999923,449.053592327304,1.68873363029863,2
2026-03-26 02:45:00,0.157840896257333,4.2875722221794,15.7446133334937,17.8948199998778,448.857965845467,1.67195799495051,2
2026-03-26 03:00:00,0.1578777184708,4.8813866666646,14.0059153339999,14.4779604444483,449.175292179164,1.64632424377187,2
2026-03-26 03:15:00,0.158438518471167,4.93290644441906,13.0899871115875,8.28076244446654,450.023406225334,1.56776549100914,2
2026-03-26 03:30:00,0.185000163003967,10.298703333639,18.0680608891373,5.22212288880044,448.936835125367,1.48174266174339,2
2026-03-26 03:45:00,0.1572759851437,4.99651799996389,13.1102726672268,14.4431019998786,449.105881361387,1.49690852013506,2
2026-03-26 04:00:00,0.158311985142667,3.85050088880297,12.7157037780693,8.47099599999311,450.056623305287,1.47867970315598,2
2026-03-26 04:15:00,0.157936229587367,4.99185444440953,13.257942667207,9.95831622223198,449.476800747797,1.41323331584643,2
2026-03-26 04:30:00,0.158013125894434,4.97241688884696,12.1317940001303,7.82806399993343,450.162977978607,1.40143443296473,2
2026-03-26 04:45:00,0.160334214781067,4.9263815555277,11.6313700002219,5.66821822212234,449.838297384067,1.35201834778708,2
2026-03-26 05:00:00,0.161128725895634,6.09043511108936,11.8542075556649,4.4793968888596,450.486250308467,1.38658825479977,2
2026-03-26 05:15:00,0.157568585149567,4.2744393333013,11.2119848891759,6.5754979998235,450.60668725523,1.35031940637173,2
2026-03-26 05:30:00,0.159235385153567,3.52237888880003,11.0074248891876,5.4542659999493,451.054732113787,1.89452587297586,2
2026-03-26 05:45:00,0.1577864518138,5.08030511108989,10.6858626668777,6.44128933318247,451.481610900821,2.73870873229029,2
2026-03-26 06:00:00,0.160462074038134,5.88680911106789,10.8033164446931,4.5673682222153,456.481503390477,3.71191667595831,2
2026-03-26 06:15:00,0.227742288857166,5.05605355548616,14.0860782226606,8.0660728889099,457.777189068254,2.59840207013378,2
2026-03-26 06:30:00,0.193997829602167,6.39783888873503,12.7127046669306,1.19298855384095,458.041870032117,3.06989302793894,1
2026-03-26 06:45:00,0.1603491407017,4.9114782221773,11.7120991114013,6.10168999989253,457.95542169062,2.10367776803775,1
2026-03-26 07:00:00,0.161058192548033,5.69968777772983,11.4686124447561,6.87787977774853,458.233087785927,1.84396527611594,1
2026-03-26 07:15:00,0.158915525873834,5.01121044441113,13.5129588895286,12.8736257779979,451.234511024664,1.77508557856249,1
2026-03-26 07:30:00,0.173384466722867,6.2806275555326,13.3724977781543,9.37923077779264,451.73280803866,2.0208374992037,1
2026-03-26 07:45:00,0.163482533279733,6.67765355570513,12.7214544447005,8.40203922218847,454.299606051974,2.05007508799787,1
2026-03-26 08:00:00,0.158038599958734,6.13490644447574,11.580055111267,12.1260056667748,447.025461098207,1.9531359781812,2
2026-03-26 08:15:00,0.1508813925464,5.58622844448699,10.29101377785,15.8031884444688,446.016299313317,2.03412855264558,2
2026-03-26 08:30:00,0.166970977769467,5.9940595555823,10.1913688888936,14.6627720000268,446.680750799197,2.10982997437377,2
2026-03-26 08:45:00,0.169917540763667,7.81727955561817,10.8610133333893,9.65909866644606,454.518128387307,2.25738713664257,2
2026-03-26 09:00:00,0.170854348123933,6.56797222235477,13.199176445169,12.6829315555723,451.832709958804,2.40715018284991,2
2026-03-26 09:15:00,0.1483694888668,6.30537177786187,10.1664106665213,19.462125999638,447.18579142985,2.37159030787865,2
2026-03-26 09:30:00,0.15942152591,6.5046080001068,10.6012988888675,15.1165873332593,447.92308964007,2.33924112152397,2
2026-03-26 09:45:00,0.148995755535167,6.41171555563387,10.514592888782,17.194121333294,448.069647019567,2.38892561559918,2
2026-03-26 10:00:00,0.2677760593373,9.69349377810642,18.6454551113476,14.8927691113996,453.224008978337,2.48228236959222,2
2026-03-26 10:15:00,0.168697651879767,6.22270222226287,15.1379657779217,18.9313202221306,448.97158210836,2.79422381534575,2
2026-03-26 10:30:00,0.161426688873634,5.54986177781573,17.0263799996435,17.7157148887493,450.137786666111,2.50974264201345,2
2026-03-26 10:45:00,0.148120792573233,5.97488133338476,17.0880135550689,19.9488815557238,448.006258564324,2.51050206935978,2
2026-03-26 11:00:00,0.167746688927767,6.037508666716,17.5207519995967,19.5952173335627,446.395588249267,2.82031570385805,2
2026-03-26 11:15:00,0.1638831407439,6.10068933339389,18.3810144440011,18.2378877777341,448.735470268907,2.61563190832077,2
2026-03-26 11:30:00,0.1645286962733,6.1656171111582,20.2337242221773,15.9200064445639,447.744418496301,2.63764712362651,2
2026-03-26 11:45:00,0.173736044422534,6.0352171111622,20.1689713331859,16.6468684446035,448.355787384321,2.51597090025867,2
2026-03-26 12:00:00,0.151880711037834,4.81417955549876,16.4313704442053,21.3271413333427,445.23193921114,2.4940417311662,2
2026-03-26 12:15:00,0.148281696272133,5.65447577778873,15.7901200002581,21.7265999999569,444.01608480444,2.57824303643086,2
2026-03-26 12:30:00,0.161405266712334,6.0376288889219,14.8322797781047,20.3503002221568,445.250083951913,2.73637046846278,3
2026-03-26 12:45:00,0.150140488869733,6.30936355563997,16.8151548886007,18.8165693331445,448.893380981,2.71508267561688,3
2026-03-26 13:00:00,0.142933074083333,6.07256511113367,15.1585028891487,21.2585522222133,444.52527199541,2.7109908718764,3
2026-03-26 13:15:00,0.235791288942733,8.49175311119081,16.682181111707,20.7078306664613,443.352990778067,2.76160156306255,3
2026-03-26 13:30:00,0.247469303761933,5.97937600006926,16.3553204452377,20.6998857779233,448.511700759707,2.84341739733212,3
2026-03-26 13:45:00,0.131126455572733,6.03412088892417,10.5794228892262,22.217991333155,442.015630678777,2.57975030191031,3
2026-03-26 14:00:00,0.135834274132333,5.81981488890456,13.6079448891381,20.674517999954,446.58177512281,2.57094333521803,3
2026-03-26 14:15:00,0.136171214812367,5.93172266671757,16.2693639998237,19.8746602222717,447.040682104597,3.1095752198178,3
2026-03-26 14:30:00,0.133891674096367,5.94116622225093,14.1220937781154,21.0527717778614,442.647402048367,2.90504041943248,3
2026-03-26 14:45:00,0.135158692634633,5.75233288891366,15.8903053333342,20.35729844453,446.19349072717,2.60928344984794,2
2026-03-26 15:00:00,0.133895085221,5.84018533334426,14.746261555901,21.793425555456,442.156534489637,2.61060809414212,2
2026-03-26 15:15:00,0.141601111125267,6.12076866668473,17.5693571106106,17.9114164443963,447.249980654987,2.67185726878558,2
2026-03-26 15:30:00,0.135574351888433,5.93532666671666,16.2749799999624,19.9489124446007,446.090693502777,2.61482345512467,2
2026-03-26 15:45:00,0.136362525943,5.7650364444406,15.9768255558248,20.3630264444977,443.015041257957,2.55347015388915,2
2026-03-26 16:00:00,0.1369518296722,4.6868222221661,16.5161244444488,19.72018666683,445.370596184937,2.585188004802,2
2026-03-26 16:15:00,0.1357095259489,5.12004822218024,15.7085526668563,20.0360326667917,445.070069273601,2.71440512966784,2
2026-03-26 16:30:00,0.133211448188567,5.81566555557883,14.3965835559848,20.7224731113367,442.446859135394,2.67160489098004,2
2026-03-26 16:45:00,0.143254577773867,5.89223333334206,19.6370479995229,14.1588077775394,446.729083280393,2.67429746532445,2
2026-03-26 17:00:00,0.151148666646367,6.24636177782189,21.056632888918,13.4567793329089,446.46012777,2.98255420297339,3
2026-03-26 17:15:00,0.150647629597967,3.51922711107547,18.4829346660835,17.9321197777853,447.286594223947,2.717123531045,3
2026-03-26 17:30:00,0.167092644425533,4.104974222185,17.6216711109334,17.528502000015,446.22419856634,2.68176260067442,3
2026-03-26 17:45:00,0.1532502888353,3.89230288885064,17.7640982217923,16.8669600000782,445.538230856774,2.71998952638105,3
2026-03-26 18:00:00,0.201789781503966,4.53831333332273,20.2866284442663,11.3811933330514,450.474547359346,2.74106515173289,3
2026-03-26 18:15:00,0.1852731777973,4.56022777775377,20.14693822187,10.2193611110756,447.233675153853,2.90193902643729,3
2026-03-26 18:30:00,0.168337125932833,2.8932348888719,18.3224588884047,10.4484542222336,447.191432419404,2.89883387531259,2
2026-03-26 18:45:00,0.1678960370356,2.93464866662783,20.3487197776867,8.27339111109033,449.273242366824,2.99451099644382,2
2026-03-26 19:00:00,0.1636669480978,2.59170688883657,18.0706119997277,10.0663311111446,449.95043450318,2.7722531277893,2
2026-03-26 19:15:00,0.169414948162133,2.28236333334634,17.7581706665217,8.06087333317245,450.582053651124,2.97020407355869,2
2026-03-26 19:30:00,0.1696689703886,2.76586533326357,18.3575708887117,9.06938733315914,449.817929046934,2.83975860961117,2
2026-03-26 19:45:00,0.1770839258878,2.40178155556053,18.8975739996323,6.63842755544864,452.15773728528,3.05137304663001,2
2026-03-26 20:00:00,0.1887389851484,3.1742446666024,19.5943848888483,7.72877266657678,450.986031779661,3.04276688916758,2
2026-03-26 20:15:00,0.184429629593,3.11031111107667,19.1171331112871,6.92558022212547,456.508932532151,2.96264614889411,2
2026-03-26 20:30:00,0.173760222243333,3.2585551110615,19.135250221969,9.7435484444977,449.965929134794,2.76756006432404,2
2026-03-26 20:45:00,0.1903359555186,3.25900044442087,19.2201940001547,6.5814262221534,455.928770630337,2.71579656144961,2
2026-03-26 21:00:00,0.196589940696666,3.53717333325914,16.8473528896212,7.09911488882123,460.957345301757,2.52549850756771,2
2026-03-26 21:15:00,0.168526162986567,3.30933955551173,16.9636206670731,8.72196377776674,453.07488925056,2.12574987317501,2
2026-03-26 21:30:00,0.207814311083934,3.89316066659637,18.1042853337453,6.09895577772963,461.145806197337,2.59017578599471,2
2026-03-26 21:45:00,0.185167866620567,3.2622888888706,13.7561988896089,7.3148720000144,461.23831829526,2.82609699467608,2
2026-03-26 22:00:00,0.173594096332867,3.35864044436917,15.5047602231868,7.66811066666537,458.470193638137,2.63408006264746,2
2026-03-26 22:15:00,0.172268866726267,3.55696999992163,18.0519368891297,7.2180464444211,452.227211904244,2.36390713648044,2
2026-03-26 22:30:00,0.1679099555761,3.26519244438997,14.0100695563555,7.4088957777393,460.69716171138,2.30598474886267,2
2026-03-26 22:45:00,0.1681577333612,4.23873266663293,13.1139460004064,6.9420066665906,459.82430661168,2.34000174216086,2
2026-03-26 23:00:00,0.171043933407533,3.1415053333105,12.9251404447908,7.01782599997133,460.496597525351,2.8874125562849,2
2026-03-26 23:15:00,0.1683289481761,3.14497555551843,12.7173864447196,6.61719866666923,459.009498056697,2.75429327991787,2
2026-03-26 23:30:00,0.167176066652833,4.90131355551033,12.6636706669397,5.22865933329414,458.444394717514,2.4970819229145,2
2026-03-26 23:45:00,0.166814244435433,4.09722888884323,12.1256315558538,5.5804366666003,457.948189004827,2.16171374175941,2
2026-03-27 00:00:00,0.1661667481288,3.08012822217904,12.2078633335567,6.76866644441143,458.948601093107,1.95627727713613,2
2026-03-27 00:15:00,0.161010888837833,4.8747117777138,12.319610889139,5.35464266660864,457.959861015404,2.19581170816209,2
2026-03-27 00:30:00,0.158538525882934,4.91284822217203,12.3514355558703,7.9821246667366,457.660581804587,2.12021822249618,2
2026-03-27 00:45:00,0.156526266616,4.2537991110489,12.3997253335561,15.1575922221966,448.61868276869,1.95305308705355,2
2026-03-27 01:00:00,0.157328874039334,4.14938244438597,12.5697406669676,9.12922111106468,451.552659190214,2.05564768780386,2
2026-03-27 01:15:00,0.158683437001334,4.78240999994007,11.7560497780485,7.24011577769183,459.10602218601,2.2134584082484,2
2026-03-27 01:30:00,0.158357036996767,4.91472888884237,12.3507857781063,7.9603042222914,458.38743192509,2.33117320730364,2
2026-03-27 01:45:00,0.158029977742767,4.9348384444023,11.869571555773,7.4848073332591,457.67703278252,2.25821493262898,2
2026-03-27 02:00:00,0.157286644415467,3.06048555550017,11.7594057780901,7.93550822207226,457.911467328487,2.05855468823088,2
2026-03-27 02:15:00,0.157066992531667,5.4500480000058,12.9385895560916,10.8381386667374,451.695493372334,1.97934728874922,2
2026-03-27 02:30:00,0.157276762908,5.07849044438726,12.4672731113702,10.2122811111222,449.702186344294,2.00769785457627,2
2026-03-27 02:45:00,0.157924792539067,5.35250155554653,12.6132988891912,7.5041597777193,453.535631662053,1.91077238005876,2
2026-03-27 03:00:00,0.158023236986034,4.05244422216857,12.4645057780526,7.01207844430089,459.86905182464,1.92009297977577,2
2026-03-27 03:15:00,0.157736636995267,4.02898244440054,11.9873708890782,7.65791511104469,460.2262088875,1.89415147558065,2
2026-03-27 03:30:00,0.157576296254667,4.1572082221563,12.5065953336515,9.1173006667677,457.094719003267,1.83438838973666,2
2026-03-27 03:45:00,0.1580001258831,4.80012799994457,11.9937960001972,8.0442728889328,459.06468368385,1.86293038010764,2
2026-03-27 04:00:00,0.1566917555077,6.10251288890673,11.817775333511,11.6880451111633,451.126980036383,1.88047609107955,2
2026-03-27 04:15:00,0.158643718491934,2.8937513333174,11.3948095559251,6.93958911110452,458.807284540943,1.75696662220139,2
2026-03-27 04:30:00,0.1576669481131,4.13081111106793,11.7125497780909,7.86595511103223,458.771495805414,1.79331655219606,2
2026-03-27 04:45:00,0.1574190592229,4.6330528888383,11.9203960002571,8.12557622215557,458.494584806417,1.85507088059874,2
2026-03-27 05:00:00,0.1575517925367,5.9732959999935,12.3102571114097,9.21062711124081,456.060999267437,1.94405537286817,2
2026-03-27 05:15:00,0.156706333284967,5.41113444444973,11.383085555835,11.2257717778165,450.896807904703,1.88243930727618,2
2026-03-27 05:30:00,0.155955770311934,5.1339491110825,11.6542168890362,11.0412428889013,449.229943148737,1.92415429800281,2
2026-03-27 05:45:00,0.156919629573767,5.1329633332914,12.158315333521,8.64812466658604,449.011868013464,1.94453006093008,2
2026-03-27 06:00:00,0.156748555503267,5.97697422224983,12.2806020001954,10.3094582222609,449.75818026632,1.93611663388895,2
2026-03-27 06:15:00,0.163288111025434,6.0543206666162,14.5134142230963,5.6508612221594,462.449120338473,1.998684765866,2
2026-03-27 06:30:00,0.158705896228734,5.99909444440446,12.5156808891663,5.90044244437707,460.537211005673,2.00306247346063,2
2026-03-27 06:45:00,0.163540585111467,6.40073688886957,12.7084695558388,5.18338188886057,461.034495297096,2.30713174885376,2
2026-03-27 07:00:00,0.1697997555823,5.82429355552593,12.463412666849,3.77503577779343,460.83527203191,2.47358685257881,2
2026-03-27 07:15:00,0.175004977807467,5.3204853333225,12.2920680002566,5.48550022214141,460.024689138863,2.67544802546007,2
2026-03-27 07:30:00,0.175173511136,6.07945599995469,12.7936313335693,3.5072488888799,463.008619728926,2.42981572425815,2
2026-03-27 07:45:00,0.244800337032,10.0617048887833,15.6803682222137,3.135719681294,469.264022112334,2.81526745974613,2
2026-03-27 08:00:00,0.195500037024066,7.92396177792441,13.4607844441652,5.85604855544697,453.592150553087,2.54280740073029,2
2026-03-27 08:15:00,0.151481629576567,6.68860555564397,10.9999677777405,9.04191899973013,448.560715739903,2.42452716681388,2
2026-03-27 08:30:00,0.173135614788433,6.64333511114737,11.6902684444291,7.29992244420792,447.923333422966,2.71595715746252,2
2026-03-27 08:45:00,0.1703445851682,6.71882111117443,11.7791782222844,8.6622095551889,446.753187921647,2.86656736383057,2
2026-03-27 09:00:00,0.176902511091167,6.94005266680147,12.9560213333439,8.2170446664169,449.796692937103,2.69870154827832,2
2026-03-27 09:15:00,0.1554964481317,9.06473622219683,13.0138177780267,8.43895911078574,455.502919163403,2.73739514736695,2
2026-03-27 09:30:00,0.143003822226067,6.58721200002697,10.2435659998838,12.5143204443532,444.929643466847,2.66875134023275,2
2026-03-27 09:45:00,0.146350496322633,6.21851688888517,10.5230273331805,12.9034275557374,444.486601346127,2.61155529892054,2
2026-03-27 10:00:00,0.152003929649967,9.40917622235149,15.295445777908,9.45522733293496,454.723200733477,2.76248352113756,2
2026-03-27 10:15:00,0.153747744459467,9.98165044459219,18.6372873331655,7.22870799984726,455.01794198741,2.84143021463878,2
2026-03-27 10:30:00,0.1409535259229,6.43632755552257,9.36856377748605,11.5240191107765,444.256903126787,2.8440522466146,2
2026-03-27 10:45:00,0.1403591778134,6.4216877777532,9.43597822194258,13.3938024444019,443.645296934367,2.87757473443306,2
2026-03-27 11:00:00,0.138900948173433,6.0927213333676,10.045496444236,15.464450221906,444.114918644397,2.85429190515315,2
2026-03-27 11:15:00,0.150913025932833,7.16454400013604,18.5353308887853,10.0294642221822,449.676744034714,2.94955936028194,2
2026-03-27 11:30:00,0.150901662963,7.08735977797247,18.8856393330444,9.59927866657332,448.80629762461,3.12727753996252,2
2026-03-27 11:45:00,0.143693544463467,6.51316977781877,13.6257102224327,12.5633764442428,446.68285223749,3.33391133744635,2
2026-03-27 12:00:00,0.136340844453566,6.16391377779123,10.54731999965,16.2669688886456,444.382057833104,3.18341179391083,2
2026-03-27 12:15:00,0.132119355580867,5.5380295555952,10.2649648884786,18.9502615554987,444.567026056544,2.84769487303648,2
2026-03-27 12:30:00,0.1504282259421,9.1691326665271,18.3551188885355,14.3890011110065,450.889824137007,3.02581268555913,2
2026-03-27 12:45:00,0.1698754963231,23.576893111775,22.2998417775992,9.23183911061897,460.252999769267,3.32435653982975,2
2026-03-27 13:00:00,0.139126464855267,6.36639777788224,10.2509759997663,14.6012044441192,444.334053306904,3.04070213168849,2
2026-03-27 13:15:00,0.131471592579467,5.5863115556346,7.36874999980778,18.6488864440509,442.620989817403,2.81803530484377,2
2026-03-27 13:30:00,0.136297614843967,5.97687622226513,8.73454044425638,16.451447332869,442.014535006211,2.80858249140056,2
2026-03-27 13:45:00,0.141794203739033,5.8517033333578,10.45501111071,16.2223115553348,442.679777943211,2.74136520634008,2
2026-03-27 14:00:00,0.147193133371933,6.50682066679303,17.050187777508,14.7842635553536,446.09060453245,2.83218129353894,2
2026-03-27 14:15:00,0.204655981508167,19.4734966663833,24.7270595555603,8.36813466627577,462.223418965083,3.28959158768051,2
2026-03-27 14:30:00,0.1522490759625,6.89713377783694,18.5625504441606,14.0236022220677,445.833368048924,4.4096598353455,2
2026-03-27 14:45:00,0.142374985209367,5.8404271111842,16.6792537776282,15.0851659996455,442.425144057497,3.92503369415195,2
2026-03-27 15:00:00,0.154146320418767,5.61943266669153,11.233602444044,19.2273802223383,442.17247382623,3.33723952376514,2
2026-03-27 15:15:00,0.1322800592602,5.07345266664164,10.3369851110279,21.2016768890327,442.113861627703,3.20890038770089,2
2026-03-27 15:30:00,0.1426558463063,4.2096115555227,14.0273357778581,19.7913913332543,442.312884926874,3.12648403946159,2
2026-03-27 15:45:00,0.145308033354833,5.9682342222382,18.1631457773213,15.5350864442492,443.582194995,3.2706648055283,2
2026-03-27 16:00:00,0.1623161629446,5.83006688894243,18.5803204438529,15.3095542222233,443.550980039047,3.18754633580437,2
2026-03-27 16:15:00,0.139817125917167,5.4190493332927,17.373475777568,18.7456124445788,443.418550345164,3.01324689095258,2
2026-03-27 16:30:00,0.130432606259133,4.45961044435836,14.2983022227051,22.9054908888344,439.59017727406,2.90729531657511,2
2026-03-27 16:45:00,0.1313314056934,5.71955733327633,13.6660308892438,27.001370974287,438.188153987217,2.91361220804701,2
2026-03-27 17:00:00,0.142520499564367,5.02613533306313,15.2194764449877,27.135074752374,437.17988013017,2.9351309714782,2
2026-03-27 17:15:00,0.144185903272733,4.6376624443083,16.1351117782514,25.760120666833,438.579406315986,2.87473909578104,2
2026-03-27 17:30:00,0.1296968606962,4.6844988887799,15.13927355589,25.5341226669583,438.475222026943,2.90552579758512,3
2026-03-27 17:45:00,0.130148685202933,4.69466088877607,16.1012766669933,23.104888888965,439.301197653257,2.99111063785169,3
2026-03-27 18:00:00,0.1483246518513,4.16993999993976,17.826685110658,19.342182000429,444.434350762063,3.06899819248102,3
2026-03-27 18:15:00,0.139355988892,3.96903755550057,17.8615577772594,18.4954799998797,444.728674010216,3.02886755774599,3
2026-03-27 18:30:00,0.155044170381167,3.93437355550203,17.3938524440573,18.1761039999174,444.720013082427,3.11563399507795,3
2026-03-27 18:45:00,0.173357940719033,4.13572466660463,18.2083282215654,17.0080977778663,446.40986287778,3.11670352986241,3
2026-03-27 19:00:00,0.187790007454333,3.72149111112734,18.7856122218745,13.844638890066,446.571494145847,3.39534332502656,3
2026-03-27 19:15:00,0.186551785209333,3.3716606666934,18.9268031106873,12.9157217782466,446.889654002927,3.67836641379514,3
2026-03-27 19:30:00,0.1798053703485,3.4170991111065,17.7460237774643,15.6602728889885,445.431997532344,3.42414042000924,3
2026-03-27 19:45:00,0.1847743851842,2.22200755558497,18.9847304441205,10.4262871111269,447.516607120367,3.46109299625977,3
2026-03-27 20:00:00,0.1736139110798,2.50326466665693,18.1716568887678,8.4023406665319,447.789969621327,2.91273813829547,3
2026-03-27 20:15:00,0.259468400105166,4.45169911110896,18.927097777807,9.50357488876321,449.278004570903,3.06763840097983,2
2026-03-27 20:30:00,0.180085170328933,2.33237133329807,16.4562046669778,7.92614044428211,448.616693824137,4.30654789210215,2
2026-03-27 20:45:00,0.196310355516433,1.96491400000527,16.8391140004731,6.88429177778218,448.583798715581,3.927647620409,2
2026-03-27 21:00:00,0.194444977730933,2.3338251110599,16.0313484456125,8.27627622206884,447.547303657357,3.5332995627788,2
2026-03-27 21:15:00,0.2108953704012,2.3415593333467,15.0356644445267,6.70856488880578,450.014120403893,4.92272776639962,2
2026-03-27 21:30:00,0.188547166633967,2.26581711108517,16.3788682226088,8.50191488874657,447.393619498517,3.50059427639296,2
2026-03-27 21:45:00,0.164684577743433,2.42775066668327,15.7003417777323,13.6253273333741,447.254095205684,3.39114479528452,2
2026-03-27 22:00:00,0.154967703627233,2.68838288885793,17.2901124443289,13.076935777896,447.487261010264,3.21387290393344,2
2026-03-27 22:15:00,0.1701452815014,2.11592488887684,12.565187777679,9.12773711094457,447.72818532666,3.37206136992451,2
2026-03-27 22:30:00,0.170308681507733,2.11764955554683,13.7484740003595,7.22015377769484,449.64087075312,2.94045592919357,2
2026-03-27 22:45:00,0.170004763009667,2.22402599999967,13.7820300003142,7.57132799995558,448.404542371447,2.78624767642467,2
2026-03-27 23:00:00,0.170817192634567,2.5912344444251,13.4639111113055,7.74459844441491,450.135895457891,2.67180760047097,2
2026-03-27 23:15:00,0.174803874122067,2.8708782222005,16.6345897783799,6.80040644440574,450.36591465191,2.59557216149824,2
2026-03-27 23:30:00,0.1815982962367,2.93271977776793,13.3091813336392,7.06781044440644,453.017703716834,2.65789272588221,2
2026-03-27 23:45:00,0.171179940824433,3.28439799996997,12.9185626668241,6.77176733329417,450.528856108241,2.79103701492062,2
2026-03-28 00:00:00,0.167615874099533,3.1299393333015,13.6064088894534,7.79726133335644,451.020162788794,3.6272583703012,2
2026-03-28 00:15:00,0.180497807361633,3.1497575555191,12.5156260003162,6.0808922221673,450.634932795327,4.5505353940285,2
2026-03-28 00:30:00,0.159093762912967,3.3073702221777,12.8831506671167,8.60151488893051,450.647588331634,3.3403137889185,2
2026-03-28 00:45:00,0.172493674160367,3.3745668888002,12.818488666782,5.0787746666598,450.59782718115,3.88635409986753,2
2026-03-28 01:00:00,0.172577851900933,3.11428533329527,12.1046097780593,6.2670079999082,450.605573260594,3.74552246272985,2
2026-03-28 01:15:00,0.158617370338067,3.20372444438007,11.9588813334873,6.70675111099643,450.35160716248,2.85955537697586,2
2026-03-28 01:30:00,0.1695823629969,2.87388422220153,12.1576748891329,5.6648566666168,450.517259473247,3.52373909978671,2
2026-03-28 01:45:00,0.158107177739767,3.19373866662607,11.9852566667778,7.43183377767953,451.069770276241,2.9766600546091,2
2026-03-28 02:00:00,0.158281459220667,5.00522088885063,11.0710068891178,6.24570377765413,449.871082490574,2.87508049496313,2
2026-03-28 02:15:00,0.158887007380433,4.17096688884257,11.7878802223465,6.1622335554434,449.874945341287,2.57614356454356,2
2026-03-28 02:30:00,0.157907592559833,3.1710413332976,11.9567862223562,6.88134133323183,450.50208753441,2.77692033267211,2
2026-03-28 02:45:00,0.157308229596667,4.2762715555211,11.3442835558179,7.27004088871769,449.92076808664,2.37366499033679,2
2026-03-28 03:00:00,0.1593078518198,4.1586899999494,11.3536364446465,5.94475555543677,449.585879602564,2.31966966724877,1
2026-03-28 03:15:00,0.158234488856967,4.1020059999458,11.0432380002177,7.23327088869633,450.05051738295,2.20625057118251,1
2026-03-28 03:30:00,0.157629088859767,3.42779044436607,11.1144424447,7.40359488871793,450.197829580874,2.2918640960124,1
2026-03-28 03:45:00,0.160018822185667,5.01720777773639,10.9773866669129,4.88185488885907,450.215006918784,2.22431659953346,1
2026-03-28 04:00:00,0.158235814781834,5.18893577773976,10.7784100001642,6.67529422206377,450.746237853237,2.32795839312567,1
2026-03-28 04:15:00,0.158384311076167,5.2989722221924,11.0060462224628,6.4896979998535,450.474511638397,2.47758204218419,1
2026-03-28 04:30:00,0.158236837000734,5.32480022218653,10.5394442224382,5.8694211109976,449.599729656484,2.61015300560811,1
2026-03-28 04:45:00,0.156838599974034,3.28010488882017,10.6943091113429,7.9986968886458,450.420721961961,2.42625225068671,1
2026-03-28 05:00:00,0.157753970331,4.97014422221386,10.5961082224078,6.13264999986877,449.534762512447,3.00349371788536,1
2026-03-28 05:15:00,0.157014985154634,4.35774133329723,10.8780511113237,8.54377555537043,449.467455818104,2.36632076975072,1
2026-03-28 05:30:00,0.158832533293,5.16071666662246,10.4434635557656,5.8762719999061,449.26560880426,2.4723110975829,1
2026-03-28 05:45:00,0.1593681333003,4.30667799995736,11.0254253336172,4.9151744443977,450.638901752907,2.43882612471296,1
2026-03-28 06:00:00,0.1597186369939,5.4212086666351,10.3275600002316,3.1921282222533,456.379681008827,2.80642205670489,1
2026-03-28 06:15:00,0.159301385150367,4.3739757777389,10.5480326668953,6.05606199989344,450.596698877857,2.9439089594169,1
2026-03-28 06:30:00,0.160870496257034,5.15770822218333,10.5590906668952,4.7650093333193,450.96358589566,3.68438782884174,1
2026-03-28 06:45:00,0.1594888740336,3.77269311102127,10.4193828891517,4.22688488888604,455.112618068487,4.42875935936369,1
2026-03-28 07:00:00,0.158520222181034,5.17941644439299,10.1628660003442,4.74958733333363,450.883549642141,3.279754047252,1
2026-03-28 07:15:00,0.1583424147735,5.37919577773166,10.0116364447894,5.1223986666576,449.63521975007,2.73775704755422,1
2026-03-28 07:30:00,0.155628933290934,5.8052388888536,10.0282168892388,4.7477737777629,449.416513139193,2.80162947492839,1
2026-03-28 07:45:00,0.167590207372267,6.70328177787797,11.2058660001676,3.67445688890227,452.042106095683,4.2851588319402,1
2026-03-28 08:00:00,0.169116762961667,6.73607311121944,12.2542813335249,3.80654022224357,452.210040798913,4.45084646272052,1
2026-03-28 08:15:00,0.1825563332943,9.2019682224375,13.3452840002628,3.25118911112964,458.989975481493,3.632253359094,1
2026-03-28 08:30:00,0.1796307036751,9.29559222248866,12.6528604443576,3.92184244438887,457.42062520232,3.17135894914924,1
2026-03-28 08:45:00,0.176007135155433,9.16384488907889,11.806843555638,4.4304222222034,456.11243696532,3.18366289378477,1
2026-03-28 09:00:00,0.1739100666552,9.13668911114536,12.0285933332498,4.5080831111001,455.75464257704,3.1774599101674,1
2026-03-28 09:15:00,0.148644022177167,6.5515977777917,10.8894255555837,10.9034046664656,445.030952255207,2.57167212599029,1
2026-03-28 09:30:00,0.150273362931533,6.23213377781257,10.9184411110237,16.0405144444397,445.38878182279,2.5827021569417,1
2026-03-28 09:45:00,0.148146103676133,6.23779555560093,10.9048515554676,17.6674622219138,445.31227417502,2.98202528897319,1
2026-03-28 10:00:00,0.1436450778013,6.41395622227907,11.4738695553859,13.1567148888579,445.28242877142,4.09287071375189,2
2026-03-28 10:15:00,0.205646951914266,8.33709622229227,15.5139602220876,7.65289622214601,448.878726569856,4.24309397313928,2
2026-03-28 10:30:00,0.1412893000162,6.36870422223003,11.6308566664826,9.7178435553925,445.575252754534,4.4200439565321,2
2026-03-28 10:45:00,0.142477929668167,6.44419400002937,10.9113908885783,13.190207111135,443.717988686171,4.42458175938059,2
2026-03-28 11:00:00,0.139627037066767,6.41424666668143,12.2522706667121,15.0361862222643,444.074395800264,4.70188612504957,2
2026-03-28 11:15:00,0.147767129678667,6.3969724444542,12.5557319999759,13.168978666648,445.041122922607,5.03012155250034,2
2026-03-28 11:30:00,0.1641395740702,6.86220355561927,16.8114744441989,8.863570222112,448.047545725934,4.99462031235172,2
2026-03-28 11:45:00,0.1901886814799,8.3803413336142,18.5576573331329,8.06088888895473,449.57874717801,4.93344758776298,2
2026-03-28 12:00:00,0.157255751869633,6.76852022226557,15.0896508889994,10.2592766665438,447.022623354387,4.24446390171842,2
2026-03-28 12:15:00,0.151260329659233,6.26437288888614,12.1467408885971,13.328414000014,445.197191461954,3.84049235804093,2
2026-03-28 12:30:00,0.156000996312133,6.2710053333383,13.7584851113295,13.4972664445475,444.957007262484,3.97400753802975,2
2026-03-28 12:45:00,0.150316262993733,6.6668511111147,18.6393335552716,10.9970819998896,444.958576807121,3.47966657590381,2
2026-03-28 13:00:00,0.134868177810866,6.22880777777763,10.8202031105887,17.076935555386,442.424429336417,3.01027463961866,2
2026-03-28 13:15:00,0.1269133926284,5.88780844448827,9.43149755539624,19.6248815555229,442.785367170664,3.12948388413291,2
2026-03-28 13:30:00,0.125017118531366,5.96531866673503,8.83839199985443,21.566866888966,441.562611987324,3.09340896870939,2
2026-03-28 13:45:00,0.116171266521453,5.86202755560666,7.92836755536234,21.3953684445333,441.389020626554,3.22982059716694,2
2026-03-28 14:00:00,0.128006237060633,5.6050137778187,9.92415999972838,20.7347262223493,442.747835788264,2.96216487017706,2
2026-03-28 14:15:00,0.1299606518817,6.10519711111233,11.7163244445785,20.1435255558506,443.073468282803,3.08128994165091,2
2026-03-28 14:30:00,0.126767948178966,5.2046817777506,8.8996819998477,22.990473332922,439.193677138547,3.13214056336285,2
2026-03-28 14:45:00,0.117098278567742,4.5814871110685,8.2084904443232,21.6961222222694,441.005053356647,3.10351888134005,2
2026-03-28 15:00:00,0.116683231827601,5.67454755560137,7.25117844424403,22.945403999884,438.422022522621,2.93801526831153,2
2026-03-28 15:15:00,0.125665948158467,5.7607388888884,9.00221533314107,21.482767111181,441.383271055824,2.9473018463813,2
2026-03-28 15:30:00,0.1264998666848,6.02271555561867,9.0128371109879,22.446996222142,440.50882814969,2.97016959497494,2
2026-03-28 15:45:00,0.124929488904066,5.7867813333376,8.34147777755736,23.517394666318,440.67575432343,2.99914367995258,2
2026-03-28 16:00:00,0.125390444458233,5.75964177777406,8.3898368887011,23.6839737774,439.033269363337,3.15131648803217,2
2026-03-28 16:15:00,0.124654229647233,4.2472817777263,8.11011222210596,22.3875897774774,439.100096094597,3.13557433430923,2
2026-03-28 16:30:00,0.126090325950767,4.82113399993517,8.89062133321343,24.6563566663947,438.75241580856,3.36934982965411,2
2026-03-28 16:45:00,0.126291651884433,4.45220999992107,9.32170222226104,22.5117719996154,438.680444974583,3.59355442705498,2
2026-03-28 17:00:00,0.1317470370483,4.15341733329517,10.4224977774482,19.7984384442527,442.017303224663,3.7408850028784,2
2026-03-28 17:15:00,0.1306171925957,4.34180799994986,9.87033022200021,20.5157157777633,441.53804906247,4.07163523363993,2
2026-03-28 17:30:00,0.1470062666906,4.7809177777246,16.3599713332478,18.3234875553861,443.796181259881,4.33038820317298,2
2026-03-28 17:45:00,0.171418618512,4.55138177773983,18.5752813325856,17.7031422221332,446.172239650357,4.18983602552893,2
2026-03-28 18:00:00,0.178614925929934,4.39187111105193,18.9479802216817,16.4890491114148,445.154815663353,4.20873061205098,2
2026-03-28 18:15:00,0.172359214787233,3.21102244444347,19.9804404441194,14.6729080004004,445.97647529721,3.85442162343745,2
2026-03-28 18:30:00,0.183672955541333,2.64926511111643,21.3756959996114,9.38746311111533,447.058332322157,4.32179697935354,2
2026-03-28 18:45:00,0.200132822220433,2.88636666669527,21.3335186662827,7.4863462221137,447.50109660337,5.4702114207786,2
2026-03-28 19:00:00,0.209881303720233,3.05027088890163,20.9662499997223,6.94947399996267,447.144856294464,5.88835710666118,2
2026-03-28 19:15:00,0.2183265629671,3.28301288890963,19.966691110792,6.3201068889017,450.104550087677,6.27273030230887,2
2026-03-28 19:30:00,0.2205979555144,3.94413777774443,20.7440795552506,6.1880448888998,450.428572435647,7.39716250438823,2
2026-03-28 19:45:00,0.207851155546834,3.1477373333281,20.4167637776287,6.34889333329851,450.418066916607,6.36909259772028,2
2026-03-28 20:00:00,0.203752814794067,3.0990206666486,17.2425302228651,7.27907311109371,450.431577885701,5.69557532965262,2
2026-03-28 20:15:00,0.226036196298966,3.93278199997356,17.6450620005978,6.13245799998984,451.619670782513,6.24397194790122,2
2026-03-28 20:30:00,0.224649262959367,3.89508022217363,16.8928317786874,5.5517202221713,451.442679304257,6.33599067340718,2
2026-03-28 20:45:00,0.230092733307233,3.30390955555483,16.5311733343179,5.78517911106224,451.800942317377,6.40003917064955,2
2026-03-28 21:00:00,0.226092762992667,3.05445311109423,17.5816733340976,6.91728066673527,450.484940157617,6.42509460142254,2
2026-03-28 21:15:00,0.228303974070166,3.82888799997323,15.1395148891279,5.7640166665917,451.571055096657,7.20269286972574,2
2026-03-28 21:30:00,0.237329003707233,3.84699022216926,15.3534046668539,5.0533837777596,451.173754985944,9.01058018275292,2
2026-03-28 21:45:00,0.2310768740591,3.74906022218143,15.9700911117491,5.92620333328791,451.8392221338,6.90343766339974,2
2026-03-28 22:00:00,0.236423096299,4.0399671110342,14.3339633336005,4.92024244438604,451.561646503187,6.94057790738466,2
2026-03-28 22:15:00,0.224496607438867,3.60156066663766,14.9592375559422,6.74105955552557,452.102720963148,5.51702526791187,2
2026-03-28 22:30:00,0.187107999956933,3.5192619999184,15.2743122235794,8.08832244444024,450.712938450544,4.86209115949448,2
2026-03-28 22:45:00,0.198378829598267,3.35645888884413,13.788221111488,6.0775624444067,450.208915183977,4.72949275581115,2
2026-03-28 23:00:00,0.199943844426834,4.41037977773913,13.591403111411,5.15414222211917,450.22538267947,5.043140087367,2
2026-03-28 23:15:00,0.181355585140033,3.4259626665971,13.1738253336716,6.35698311102893,450.130004448077,4.47377561220622,2
2026-03-28 23:30:00,0.193432170349533,4.3892297777549,13.3897277781534,6.12562155539713,450.524764498354,4.62851871693587,2
2026-03-28 23:45:00,0.1502710147556,5.15707044441376,10.312335111057,20.6894404442714,443.394596025624,2.4048915541909,2
2026-03-29 00:00:00,0.140011325892633,5.51466977778866,8.97285688874557,21.9484028886585,441.911662041374,2.24790738692997,2
2026-03-29 00:15:00,0.141437377762467,5.3963393333527,9.2765568887452,21.4153762219634,441.65091545209,2.29940454482422,2
2026-03-29 00:30:00,0.143304399989933,6.13771133335787,9.6102855555223,20.3932991109773,441.607292299604,2.37679335260627,2
2026-03-29 00:45:00,0.1480263259005,3.78368266660917,10.8053882221857,14.0869233330956,443.913278911064,2.90010843016455,2
2026-03-29 01:00:00,0.148231851838867,5.99366066670286,10.8031466665608,18.0726839998004,444.855999659774,2.6166489409733,2
2026-03-29 01:15:00,0.150001281465333,5.74412177782339,10.6097973332295,18.0165559998274,444.787144481794,2.54190969456839,2
2026-03-29 01:30:00,0.1424478814743,6.2766513333528,9.9286175556191,20.5908377777922,442.095750970967,2.37420529431866,2
2026-03-29 01:45:00,0.141503392586067,5.95952333338476,9.88160422222976,20.4076195555414,442.520201106241,2.38458026721498,2
2026-03-29 02:00:00,0.1433151185098,5.99836600004656,10.8073040002691,19.8175793333736,444.438597122491,2.34803154820319,2
2026-03-29 02:15:00,0.148230444429433,6.01752444447157,13.0817002228002,21.3010164445659,443.86364654932,2.36082044785729,2
2026-03-29 02:30:00,0.149738133316433,6.2559211111612,15.3147531117369,20.0067555557991,444.389860936824,2.33392766672057,2
2026-03-29 02:45:00,0.147702422201533,6.04226022226686,15.000180667317,22.0481362220801,442.40499293866,2.30171982121911,2
2026-03-29 03:00:00,0.1494509851574,5.67421444444329,16.5171686670918,19.6424962225017,443.090752672084,2.25614964115795,2
2026-03-29 03:15:00,0.150632955531067,4.0789693332458,15.4275882223894,18.8668348887864,445.897434325064,2.20549529499443,2
2026-03-29 03:30:00,0.152083940702333,5.53926377779006,16.5527202223531,18.9676213334878,446.103336117067,2.12567180422847,2
2026-03-29 03:45:00,0.158237911039333,4.16533044438133,17.6005275553899,15.6074813334234,446.578800158481,1.97682230160156,2
2026-03-29 04:00:00,0.1594192517793,3.84450777769133,18.9078591111282,10.2519424443779,447.028166997407,1.86235976465637,2
2026-03-29 04:15:00,0.160874985117033,4.4668286666265,19.4883966663939,9.31226799996777,447.75960704062,1.73156433275845,2
2026-03-29 04:30:00,0.160242525869,5.0008082222021,18.9069228887109,12.5362239999215,448.426838730497,1.70760775011762,2
2026-03-29 04:45:00,0.1562959851279,5.23188311108876,15.6272113335562,18.1007939998551,446.224211557357,1.77813802817877,2
2026-03-29 05:00:00,0.158753414754667,4.05506044435356,16.5133968890311,14.6682648887563,446.701203579977,1.75143818627509,2
2026-03-29 05:15:00,0.1578103481045,4.21972533328473,13.4353164450796,8.92677955550914,449.869028160017,1.70169611154448,2
2026-03-29 05:30:00,0.1576364666243,3.31462244435403,12.7597697780714,8.2119357776723,450.667691549707,1.75269246807899,2
2026-03-29 05:45:00,0.1580224888498,4.2674219999685,12.460844222417,7.51725622213797,450.336689490004,2.97034141406939,2
2026-03-29 06:00:00,0.1578779925623,4.18231288884703,12.2648488890988,8.04283911101124,449.826221182617,2.38601635630418,2
2026-03-29 06:15:00,0.159235414756767,5.01519355553113,14.5599562232285,6.03233666656563,450.754144595367,2.35057035197797,2
2026-03-29 06:30:00,0.158462266622767,4.9754964444369,12.5754311113508,6.71037555547876,450.999641901557,2.00467643265822,2
2026-03-29 06:45:00,0.157403859220467,3.2272813332577,11.9558620002072,8.78256466658308,449.150170726717,2.86315937729845,2
2026-03-29 07:00:00,0.168115022226233,4.27456266664496,11.7517946667233,6.90759533315366,449.43330297772,2.77110131388583,2
2026-03-29 07:15:00,0.158313829590667,5.04046399999636,10.7485451112275,6.57637066650723,449.888718245147,2.19799669596047,2
2026-03-29 07:30:00,0.205377185157367,5.08630733330883,13.7581737780442,6.30017711090983,448.903243142007,2.1039364342734,2
2026-03-29 07:45:00,0.1568561629072,5.10524799997493,10.9867024446208,7.1699893330786,448.00410249767,2.21250177842885,2
2026-03-29 08:00:00,0.157661081418767,5.31948555557029,10.4038884445016,9.31414133298627,446.84570788028,2.2126898157763,2
2026-03-29 08:15:00,0.149373711070633,6.18622155558784,11.0830202222373,15.0736366665745,444.651905382341,2.29992191623753,2
2026-03-29 08:30:00,0.150519977732933,6.10728177782497,11.2973486666441,13.3535311109253,445.210615394774,2.33510565134304,2
2026-03-29 08:45:00,0.183328011123567,7.15650755561864,11.9476815554589,15.1917713333721,446.304032889797,2.38685200695823,2
2026-03-29 09:00:00,0.150987192579333,6.34069088896264,10.3715155553774,18.1029551110257,447.612375905511,2.40981353069941,2
2026-03-29 09:15:00,0.148468725923233,6.34396355561434,10.3844362220194,17.7530304442535,446.536871704307,2.48011276357318,2
2026-03-29 09:30:00,0.148728496297433,6.21468377784087,10.5875917776103,18.5793008889056,448.878089737984,2.46615975576552,2
2026-03-29 09:45:00,0.142071948152967,6.1972977778247,9.5125811110489,21.3491682223128,443.68114786625,2.45816521140606,2
2026-03-29 10:00:00,0.1499098740746,6.11244711113897,15.3010277780639,18.8781653333023,448.527764745991,2.50094494030499,2
2026-03-29 10:15:00,0.149938925925667,6.0780537778061,14.0477728893072,18.8268628888303,448.444867366764,2.44727375400577,2
2026-03-29 10:30:00,0.158129377764733,9.14079599996484,17.2308808888552,17.7617584445691,455.397892725337,2.51859947038487,2
2026-03-29 10:45:00,0.1528250740505,5.9997057778262,18.5900195549961,17.1452722223914,446.653260725104,2.33641078469777,2
2026-03-29 11:00:00,0.150871540700167,5.54323911112553,18.2746513329713,18.6095833335254,443.901714596301,2.22430543995202,2
2026-03-29 11:15:00,0.1532999628936,3.93448488883627,19.8211304446772,18.8483846671056,444.085507541957,2.04737221986533,2
2026-03-29 11:30:00,0.154552296227967,5.22494822216826,18.6507540002598,22.8656093332531,441.15527393148,2.04803070116095,2
2026-03-29 11:45:00,0.154026459191033,5.52390777775699,17.6678731109961,23.1220517778015,440.555680683366,4.45931836182337,2
2026-03-29 12:00:00,0.1661694888658,5.45888244443309,18.375980666492,18.7984968892155,442.75676308234,8.69704106521422,2
2026-03-29 12:15:00,0.149002933286,5.26916222225486,16.3425195560027,21.3271835554581,442.326622432027,2.51436826658312,3
2026-03-29 12:30:00,0.147266037004,5.74090555560503,14.5517953339641,21.1609451110229,442.841043835447,2.2900615251798,3
2026-03-29 12:45:00,0.149850333293567,5.54796777779076,16.7139768890622,19.3986351113242,445.203932684648,2.2930300229797,3
2026-03-29 13:00:00,0.148199133301067,5.62383733332836,15.8527513338147,20.1438124445207,443.504305457004,2.31378908546824,3
2026-03-29 13:15:00,0.147105681465933,5.72617888890836,15.2937424449945,20.399020888953,443.507624318807,2.38137981173227,3
2026-03-29 13:30:00,0.151003540709933,6.12838111117206,17.199782888812,18.4944615555633,447.122062128044,2.45396672809922,3
2026-03-29 13:45:00,0.148781037003467,6.107280888928,16.4311097780849,19.5377100001581,445.503244933921,2.34180600911339,3
2026-03-29 14:00:00,0.148276044421567,5.79341111110719,15.7851820005713,20.1822695556114,443.551667249494,2.40434233212518,3
2026-03-29 14:15:00,0.149799244419267,5.99514444448753,16.2646942225748,19.5612573333454,445.861809862264,2.50937067126421,3
2026-03-29 14:30:00,0.146805296284767,5.78876266669073,14.0169802228478,21.9701484441617,443.14543400923,2.3571242282168,3
2026-03-29 14:45:00,0.147564925904,4.47076244438784,14.637432667178,22.465553333055,440.228873748153,2.42980515665274,3
2026-03-29 15:00:00,0.141435792582867,5.97828288891983,11.5615322226482,20.578299999975,443.698088712607,2.83481660373419,2
2026-03-29 15:15:00,0.147232311083833,6.01059688893326,14.88696177823,19.9134031110991,445.511307644227,2.50543720059059,2
2026-03-29 15:30:00,0.1440462147971,5.88033133336129,12.2461928893921,23.0922337775887,439.476410919553,2.46604563547999,2
2026-03-29 15:45:00,0.146794392571167,4.24761955548287,14.7551037782846,22.5491231108207,440.02084390524,2.37016579481256,2
2026-03-29 16:00:00,0.159794999985067,5.87741444443946,12.6157711115869,20.92615199981,442.09560931136,2.48990384272525,2
2026-03-29 16:15:00,0.141052770346033,5.82075266666289,9.11562422201064,21.351174222248,441.36804316611,2.6181281176184,2
2026-03-29 16:30:00,0.146652348124733,5.78723622225136,11.8057451113373,19.0227817775905,446.077239412451,2.54027337663951,2
2026-03-29 16:45:00,0.149808051816367,5.7039651111617,16.2044871113988,19.3023451110284,445.476237644348,2.42273662890645,2
2026-03-29 17:00:00,0.154488703652933,6.2143833333788,18.6671355550867,16.3049177777958,446.647119027784,2.75233932662145,2
2026-03-29 17:15:00,0.1590742888572,7.21698333365107,22.528817555593,7.30737733316833,449.372829326664,2.57600155275866,2
2026-03-29 17:30:00,0.1541129110697,6.2179573333685,21.5047275555303,8.17121133323073,447.739702063717,2.48972434842551,2
2026-03-29 17:45:00,0.155203599970533,3.0931651110373,17.9607959997052,13.5630922221521,446.699097414844,2.33073191423261,2
2026-03-29 18:00:00,0.191899725965767,3.24180488882037,19.9761228884617,11.0311288887919,446.83117139641,2.39735483347108,2
2026-03-29 18:15:00,0.169912948100634,3.60634977772307,19.6921699995444,11.7348675556465,445.769686127357,2.13082634377057,2
2026-03-29 18:30:00,0.162820444372534,4.0575275554781,20.450220221598,8.8065353332387,447.63645927702,2.17200111033762,2
2026-03-29 18:45:00,0.161806274022134,3.68299911106293,19.3010262220602,8.46872511102257,448.983010909723,2.99074792315273,2
2026-03-29 19:00:00,0.174728385201667,3.4796442221809,18.003758222354,7.90103733331591,449.959893833167,3.38852575191604,2
2026-03-29 19:15:00,0.182424511065867,3.54737266661103,18.131717555747,7.79988022217261,450.00295170844,3.7501164117207,2
2026-03-29 19:30:00,0.1956169407135,3.82658888883566,19.7465771110237,7.48132177774011,449.193162991247,5.01110560438213,2
2026-03-29 19:45:00,0.2079547036666,3.64853577772539,18.7370633335483,6.44866888883824,450.620206792454,5.90353425025403,2
2026-03-29 20:00:00,0.2024502221914,3.63071933328833,14.5507697785787,6.46180799990798,450.319649070327,5.65246098611965,2
2026-03-29 20:15:00,0.208496903663067,3.64281288883463,17.2784571118982,5.53218044439077,450.502331530693,5.25126850847178,2
2026-03-29 20:30:00,0.229287485177633,3.90338999997793,15.3287153337729,6.0891677776895,450.089479991234,6.48685774305578,2
2026-03-29 20:45:00,0.2305607481521,4.37320711105963,15.7108162229207,5.81313888877283,449.939848756934,7.15346473559352,2
2026-03-29 21:00:00,0.1696879185751,3.648782444344,14.25252088979,10.84116377787,448.960104615924,4.14267530735031,2
2026-03-29 21:15:00,0.202117999967633,5.09815622220156,13.9115364449166,6.80246911101007,450.007545853364,5.00378171493037,2
2026-03-29 21:30:00,0.193447533296367,3.6155679999262,13.6985460003308,6.25934155544587,449.30939919601,4.3839371809037,2
2026-03-29 21:45:00,0.1825664369866,3.52777822217387,14.0168662229851,6.78979555548547,450.34210476046,4.5500287584521,2
2026-03-29 22:00:00,0.205570851810334,4.39047599996337,14.1746953336679,4.10046155552937,450.150307826167,5.07012744113368,2
2026-03-29 22:15:00,0.187566896262233,5.00918666664757,13.113718444757,5.03083999993854,449.67324116905,4.3728248223511,2
2026-03-29 22:30:00,0.174567355599367,3.10500355549217,12.131960000249,6.17214488881117,449.682338482383,3.60826690267026,2
2026-03-29 22:45:00,0.2130995851796,3.51364155546653,14.1278755559578,3.92682022222274,451.233848556221,4.76748916225536,2
2026-03-29 23:00:00,0.185318903668133,3.27028377771444,12.621239333592,6.11139977772074,450.122601207747,4.32184436077087,2
2026-03-29 23:15:00,0.165277614791334,3.15456155548307,12.6725853334753,5.9868195554973,450.239653564477,3.28905497428863,2
2026-03-29 23:30:00,0.158080792557567,3.63541933325957,11.2531791113981,7.00685666651936,450.634290171287,2.76387006116438,2
2026-03-29 23:45:00,0.163000659217167,4.97301622217783,11.3620617780521,4.45164933330413,450.523686981147,2.75470831917543,2
2026-03-30 00:00:00,0.229496855584733,3.53888333327986,13.2955842223574,4.18794844440897,451.784399279187,4.07783610204648,2
2026-03-30 00:15:00,0.1810521332965,5.03571688885659,11.8038000001738,3.63251622223623,451.282039907664,3.90000486409129,2
2026-03-30 00:30:00,0.202449140726267,3.30334155549757,12.9196882225665,5.45997399996144,452.43316788164,2.68938957600108,2
2026-03-30 00:45:00,0.1676883703788,5.13835755550279,11.015843555729,5.9232288888171,456.192419442317,2.23759891373157,1
2026-03-30 01:00:00,0.171229985225067,5.1080906666153,11.1874324446635,0.820243502273963,456.551123925794,2.47572231843265,1
2026-03-30 01:15:00,0.1682800962856,5.08643577773016,11.179833333519,4.65131911111253,456.570712176134,2.3843307296805,1
2026-03-30 01:30:00,0.1591037555164,4.29550311107233,10.8040842224616,5.80196977769497,457.007342909874,1.98555341744286,1
2026-03-30 01:45:00,0.166138481442534,5.06894577772736,10.8873515557971,3.230840222281,455.717824969307,2.23235096107011,1
2026-03-30 02:00:00,0.162965792556434,5.14162888883016,10.6287102224545,3.68364977781217,456.19316582968,2.11542493871781,1
2026-03-30 02:15:00,0.1609857332956,5.70613755551599,10.6777211113375,3.71421488891167,455.880607111614,2.10341009707061,1
2026-03-30 02:30:00,0.160559237004067,5.14198244438669,10.6387308891172,4.43408733334593,455.757560501937,1.89457461813209,1
2026-03-30 02:45:00,0.158651362926,4.99707622219143,10.6014148890992,6.33574577770223,457.028523793094,1.71067161777127,1
2026-03-30 03:00:00,0.160736659222767,5.68436977769139,10.621059111331,3.359459333373,456.159842397594,1.76794302796137,1
2026-03-30 03:15:00,0.1602610444035,5.65902999991802,10.3825722225101,4.27311622223303,455.455255599797,1.71308343277837,1
2026-03-30 03:30:00,0.160627451816834,5.84544377769019,10.8868400002584,3.2135404444814,457.033578417977,1.61760048600155,1
2026-03-30 03:45:00,0.1578507258832,5.04361244441006,10.5127413335497,7.20520422213689,457.118091668014,1.46740412482499,1
2026-03-30 04:00:00,0.157577740715633,6.08603422221777,11.7431580002739,11.327018000063,450.952799653644,1.36769773743556,1
2026-03-30 04:15:00,0.1573866740396,6.04041333329673,11.1171737780563,8.22335088877203,449.955501898447,1.47883731548816,1
2026-03-30 04:30:00,0.156281792564867,4.99044733331186,11.0933704446893,10.2452086666003,449.899957439754,1.52542566044294,1
2026-03-30 04:45:00,0.157858140713067,4.95771666664176,12.5034293335642,9.13152399996371,449.350146079064,1.56784883489796,1
2026-03-30 05:00:00,0.180416444402067,16.1966280003097,16.3319828893693,5.0961262221477,449.910745847691,1.5676037753826,1
2026-03-30 05:15:00,0.284028266688467,7.76614666663113,15.4977846669074,5.82526166668406,452.445897284544,1.60379098914981,1
2026-03-30 05:30:00,0.1736129110566,10.4689053337292,14.7909555563424,6.27208244427723,449.052361591178,1.57270658419919,1
2026-03-30 05:45:00,0.160597503669167,6.59728088889144,12.4416688890901,7.4888449999468,450.686982757964,1.58474536033637,1
2026-03-30 06:00:00,0.1601669555252,6.32455733329573,12.0709688889871,6.6466883332053,450.941073471234,1.61072382340327,1
2026-03-30 06:15:00,0.1677610296202,6.44041577773276,12.9936900002644,6.94524899996807,452.386747677374,2.1678138264537,2
2026-03-30 06:30:00,0.163646081435367,6.34071777773873,12.002040444656,6.64094855544073,451.916687090871,2.09143919546225,2
2026-03-30 06:45:00,0.162575874025767,6.63803844447494,12.0370168890261,6.6143492221006,451.34554764982,2.27302333218471,2
2026-03-30 07:00:00,0.157225170318767,6.62078000002107,11.1573040001384,10.9895585554829,447.964784692874,1.92884766871038,2
2026-03-30 07:15:00,0.156813651805233,6.60044311114617,10.6775577778881,10.6359812221476,447.80276484908,1.95149670078956,2
2026-03-30 07:30:00,0.152396814782267,6.38725644446957,10.725054000022,13.3629665554453,446.03565111718,2.06376069917058,2
2026-03-30 07:45:00,0.1587169407134,6.65156111118721,11.1567086666873,13.3572957776393,448.015547447704,2.14653607386486,2
2026-03-30 08:00:00,0.194392444447767,7.69320377785898,12.7973786665865,12.857806666912,448.695328175234,2.22446823842334,2
2026-03-30 08:15:00,0.154230585166933,6.47910288894647,10.9175648889051,13.6287526664569,447.648089318427,2.24290069785519,2
2026-03-30 08:30:00,0.218467944458833,7.52697488885198,13.5798613332775,11.9645284442921,449.626018862204,2.31720865266436,2
2026-03-30 08:45:00,0.1674815370564,6.15192066669014,10.518305555405,17.4729175553815,446.34416345268,2.40816862455884,2
2026-03-30 09:00:00,0.1471401259031,6.1241828889292,9.73879977776157,17.8080786664862,447.205458096313,2.44117298853449,2
2026-03-30 09:15:00,0.226417881547933,9.0540528890359,12.7555466665125,18.0370995557877,450.84136094492,2.47856085751169,2
2026-03-30 09:30:00,0.1490673629323,6.03708822230913,9.26529022229224,17.9654462219647,447.801188057033,2.48979084679437,2
2026-03-30 09:45:00,0.149581148130933,6.01588022229693,8.96916422236804,20.3736888888771,447.938755906936,2.49219379125203,2
2026-03-30 10:00:00,0.147133481466433,5.89367755563633,8.8994120001616,20.8361697778157,448.149084197016,2.49039417826669,2
2026-03-30 10:15:00,0.1458515925724,5.69911355559523,9.36704711115624,20.5915006666142,446.813728055797,2.51150143247294,2
2026-03-30 10:30:00,0.145665251832,5.9059531111749,9.14246266656031,20.9335775554669,446.914675159493,2.71381479566077,2
2026-03-30 10:45:00,0.144287874055,5.75540733335696,10.0092233332723,20.4963562220401,445.75422024157,2.67540894064011,2
2026-03-30 11:00:00,0.136591744468133,5.9550431111534,10.1187662220708,20.2668644444387,447.24323905917,2.89788941811468,2
2026-03-30 11:15:00,0.136087755582567,6.15956400011157,10.4069359998152,18.4197444445007,449.605978463453,2.80066901949054,2
2026-03-30 11:30:00,0.141957140777467,6.17496155567793,10.6036991108805,16.5154502221858,450.273686370343,2.81378182666091,2
2026-03-30 11:45:00,0.1445808148281,6.08736200007244,12.1243213335829,16.3807108887534,450.53262776818,2.88315185571018,2
2026-03-30 12:00:00,0.1369026815131,5.79697400002316,13.3758122223842,19.7465455555443,447.912156201823,2.97648606677251,2
2026-03-30 12:15:00,0.152349418563167,6.0242995556204,13.1335760002513,16.7973886666023,452.666384307776,3.46535934723678,2
2026-03-30 12:30:00,0.145952437033267,5.9355226667215,14.5987862223536,16.7059499999978,452.946949373646,3.44943675540238,2
2026-03-30 12:45:00,0.1462442792296,5.9847844445012,11.8941646665398,19.7026184444632,452.915016424933,3.49978711482146,2
2026-03-30 13:00:00,0.1508459055977,7.13058044438073,13.3888162224283,16.214146888786,454.80957121166,3.58858759263096,2
2026-03-30 13:15:00,0.165170124092433,5.9865202222513,13.5954313334603,14.144657333358,452.34712820608,3.57900814870265,2
2026-03-30 13:30:00,0.1538486888481,5.929914222277,17.3118304443644,16.0330613331649,452.56137276161,3.4073469957721,2
2026-03-30 13:45:00,0.1497292962664,5.5420775555408,16.0515226665238,20.592126666868,448.30931618093,3.31933497464052,2
2026-03-30 14:00:00,0.152212777743333,5.66048288893983,17.2426119996476,18.0636435556747,448.52354804058,3.272981912299,2
2026-03-30 14:15:00,0.1511103999772,5.75440555555923,17.8333364439628,18.4152735555989,448.545842531783,3.25485505392844,2
2026-03-30 14:30:00,0.136765100042433,5.5386155555616,14.49624244474,21.057538444573,445.849726414357,3.367496604788,2
2026-03-30 14:45:00,0.132318770413433,5.14868066662753,11.1706033331064,20.5215537775687,447.883777136617,3.22041555699441,2
2026-03-30 15:00:00,0.145239298164067,5.05942066662957,11.0056793327733,20.5968253333434,447.728836145646,3.18875940553377,2
2026-03-30 15:15:00,0.164115651864233,5.9892320000322,11.5521511106807,18.2503766666181,447.485636609866,3.38847584174819,2
2026-03-30 15:30:00,0.181190474137667,7.55749755575394,13.4676322219829,15.3761013335287,450.016591284717,3.33824851517305,2
2026-03-30 15:45:00,0.170432581504967,6.37433866670407,12.5812135553581,14.7680264443107,448.56883242302,3.29331431809731,2
2026-03-30 16:00:00,0.1437405277773,5.7726637777939,10.2211248886791,20.3461842221263,447.005292765733,3.43100976259895,2
2026-03-30 16:15:00,0.146197798159233,5.8006511111222,10.6066764441666,21.0359666666001,446.666807055567,4.24953095106773,2
2026-03-30 16:30:00,0.128532197159733,4.18849511102766,8.5617255553352,23.310615418693,442.217965006443,3.12500586597495,2
2026-03-30 16:45:00,0.146947717956533,4.260587555492,13.7166213335225,20.0664977775943,446.829321790757,3.32701024378433,2
2026-03-30 17:00:00,0.194112122228833,5.91306377777783,17.8607420000596,16.5882235558685,448.679011890097,3.81750442134281,2
2026-03-30 17:15:00,0.164435729598767,5.84367555555733,16.9316251108228,13.9274593330709,448.022700946953,3.11197199146551,2
2026-03-30 17:30:00,0.174205496308,5.42551733329497,18.4857097772715,14.6199813335355,448.745990721316,2.95001638087864,2
2026-03-30 17:45:00,0.177728151837467,4.18546177773833,20.7240897776534,13.4906137777759,447.182516985244,2.95612803838558,2
2026-03-30 18:00:00,0.178385555523567,3.47562244440324,24.529747999978,7.59542577752626,448.2940075628,2.77024859627032,2
2026-03-30 18:15:00,0.1852847407018,3.60886511107563,24.113879999742,7.78304533321546,444.594390561781,3.63987404956241,2
2026-03-30 18:30:00,0.1963413555835,2.6381904444835,23.04876155536,7.4446391110275,446.732435837564,4.31595057305976,2
2026-03-30 18:45:00,0.197394666693933,2.4573464444989,22.6880035552903,7.06238933324,447.045257880137,4.65294561286572,2
2026-03-30 19:00:00,0.1972443926016,3.09759777776623,22.3028926663093,6.98912266659556,447.06323599471,4.33038091610961,2
2026-03-30 19:15:00,0.204279185180567,3.13267333331043,22.7147735554623,5.15024111106434,448.83249401645,4.11148191435989,2
2026-03-30 19:30:00,0.195299562939933,2.5961826667021,21.1246359992013,7.2670937777352,447.289810489274,3.50742915611895,2
2026-03-30 19:45:00,0.208830925893534,2.93503355555893,21.7367493328937,6.3846533332099,448.365320379564,4.18756787903996,2
2026-03-30 20:00:00,0.204988281450534,2.7977980000359,20.3657499993157,5.75398466663451,449.568422907307,4.67649906546201,2
2026-03-30 20:15:00,0.230560681482967,3.75325911109476,20.7031173331807,5.50870644441381,452.18880826895,6.28225760688086,2
2026-03-30 20:30:00,0.247162088849166,3.31738222222966,19.950065110587,5.83780422221367,451.446354956083,6.12783978639859,2
2026-03-30 20:45:00,0.234099748128433,3.26292911110176,20.341058444208,6.26869622223444,450.925012266624,6.21924657942149,2
2026-03-30 21:00:00,0.238253888924533,3.3817111111242,20.4374884441636,6.1843493333258,452.014244646697,6.92317032728421,2
2026-03-30 21:15:00,0.2361423333595,3.86932977772113,20.6252277777063,6.08034999999947,451.333854482377,6.46183802498127,2
2026-03-30 21:30:00,0.300555511166034,3.87308422219543,18.9714380000168,5.61145644442554,452.490109688197,7.95384755946495,2
2026-03-30 21:45:00,0.2346190889182,4.00910822217273,17.8279142228812,6.68205644446257,451.644802011867,6.24392615958741,2
2026-03-30 22:00:00,0.231785081458133,3.95181644442303,18.4730413335801,6.02165555556517,451.622733648073,5.25010899714175,2
2026-03-30 22:15:00,0.224760585220067,3.57305466661903,17.3719933340521,6.44293222221941,451.314822023931,4.57473947268985,2
2026-03-30 22:30:00,0.204752436998667,3.39358177771497,16.0019300014312,7.61838755558927,450.584899851318,4.096350752327,2
2026-03-30 22:45:00,0.1914490073644,3.07530355551016,15.1908424453177,7.43093311117144,450.991221066267,4.03287327052755,2
2026-03-30 23:00:00,0.156762636971434,3.31490688881417,13.2218548895202,15.0061408888344,446.634338250657,2.77284375836367,2
2026-03-30 23:15:00,0.1425519999796,5.4223951111227,9.86419311104457,19.9583222220499,444.245560784754,2.4601580265928,2
2026-03-30 23:30:00,0.149839311103667,4.55593466661776,10.534778888679,18.0135048885978,444.948619295831,2.46966432216134,2
2026-03-30 23:45:00,0.149994711099,5.4250086666769,10.5741453331789,16.3361006664649,446.154393879241,2.45192729396257,2
2026-03-31 00:00:00,0.150204422202767,5.50667799999813,10.658357333191,16.3423422221543,444.898372554471,2.45773530038995,2
2026-03-31 00:15:00,0.149882229615767,5.46979088891296,10.6442273331549,17.1660117775729,444.705200341717,2.46294038251159,2
2026-03-31 00:30:00,0.150475170360033,6.14636777780773,10.9203926666561,16.1373631108699,446.130283880491,2.64511705781453,2
2026-03-31 00:45:00,0.151045259245867,5.2945744444721,11.8400424448511,16.4316726664855,446.401412266904,2.40157371842506,2
2026-03-31 01:00:00,0.151400607392133,6.07752377782896,12.544218889418,16.1984435554295,447.151463430077,2.39597839544985,2
2026-03-31 01:15:00,0.151293340724667,5.5670622222332,12.503856444923,16.8905419998524,448.015899754961,2.38000764814379,2
2026-03-31 01:30:00,0.151095814795867,4.2153546666092,12.0855595560079,16.9049879998227,446.733214789947,2.36769695961319,2
2026-03-31 01:45:00,0.154272962934,5.31206333336443,14.5839840004162,14.6914955554224,446.746054815711,2.28624000834407,2
2026-03-31 02:00:00,0.153837162932367,4.63010555550283,14.3972524448205,14.9000435554955,446.35956600949,2.27142757712463,2
2026-03-31 02:15:00,0.151145318496967,5.44849288888943,12.4792157782803,17.1960782221134,446.590555317927,2.27537736873579,2
2026-03-31 02:30:00,0.153581325906233,5.84127955560533,13.8660160004144,16.9255511110066,446.892565074471,2.32812629569665,2
2026-03-31 02:45:00,0.150911066657967,6.0580171111441,12.0832544448844,18.0456328888645,447.349551755734,2.34504093341204,2
2026-03-31 03:00:00,0.1516081036843,4.5899926666065,12.501449333845,17.2657762221355,446.8222270981,2.34489529251338,2
2026-03-31 03:15:00,0.148924888880533,5.59752355553946,12.4416480004853,18.3716635554996,447.194624041384,2.33917853438945,2
2026-03-31 03:30:00,0.150490837028033,5.5636151111199,11.8606813336178,17.9412875555168,446.784220272197,2.32534725899376,2
2026-03-31 03:45:00,0.151729362946067,6.06202466671203,12.4827882227173,17.65595666661,446.788672888894,2.32845049620474,2
2026-03-31 04:00:00,0.148550422210833,5.9058593333806,12.299546444919,19.0482700000814,447.418009296687,2.37772086126172,2
2026-03-31 04:15:00,0.150131437027533,5.57811200001123,12.5111160004679,18.4338862222609,447.670144457611,2.37482774876623,2
2026-03-31 04:30:00,0.154713140718567,5.6208131111201,15.0944435558637,17.0305542220261,447.883650412017,2.38052070198846,2
2026-03-31 04:45:00,0.1527721999893,5.9748920000143,14.8756233336954,18.2653951111829,447.823470531301,2.37870648389926,2
2026-03-31 05:00:00,0.152825629612267,5.81404400003553,15.907726222439,18.6237191110686,447.783541131751,2.42122163020168,2
2026-03-31 05:15:00,0.155392274053033,5.60164466668243,16.7168040000642,18.0845751111511,448.057164111374,2.37888975949671,2
2026-03-31 05:30:00,0.152047481468,4.76825822216906,14.040139111435,18.6254391111006,447.447061972757,2.36966450504111,2
2026-03-31 05:45:00,0.1524991333209,5.63815044443166,14.959429778065,18.5606935555301,447.644813121127,2.38415586691645,2
2026-03-31 06:00:00,0.1524944666538,5.58070844446093,14.8849142225566,18.5628226666696,447.849768027511,2.39648083997755,2
2026-03-31 06:15:00,0.156775777752967,5.8430660000284,16.9786388888829,17.8369837778735,448.051617133097,2.45436295310765,2
2026-03-31 06:30:00,0.154271681464167,5.83197311115326,15.661217778071,18.0973491111421,448.915691389724,2.42946697790142,2
2026-03-31 06:45:00,0.152037725913967,5.85127311116096,14.9492375559228,18.5843637777229,448.926120159501,2.44063940542574,2
2026-03-31 07:00:00,0.144343511099,5.67671155560139,11.833300222637,20.0764882223745,445.682762155698,2.44485439077892,2
2026-03-31 07:15:00,0.160429459237767,5.42005822222773,14.1186593337165,18.8307128888719,446.235364007388,2.45022717436164,2
2026-03-31 07:30:00,0.146018703687033,5.74178088894022,13.0973588893493,20.126639777926,445.373895868627,2.47634030972835,2
2026-03-31 07:45:00,0.1463203703491,5.69704866672326,12.1241113337892,19.5460153334588,447.656618557994,2.47867752014329,2
2026-03-31 08:00:00,0.141839599987667,5.7269764445006,9.95513866670869,21.2593915555932,444.334283733194,2.46966182088263,2
2026-03-31 08:15:00,0.237247844491467,8.97725822233974,14.3211548892718,19.2455393334897,448.196441172214,2.51221984993644,2
2026-03-31 08:30:00,0.196896896270367,7.45022222231631,13.6379673333636,20.0728279999145,443.53891309515,2.45502624187922,2
2026-03-31 08:45:00,0.308071911177333,8.94707333342724,13.5061351108073,20.2433286667867,445.036178710447,2.51357240731985,2
2026-03-31 09:00:00,0.132193952168367,6.00508177781143,10.1780471107393,20.0579235554452,444.282896770054,2.38583997617643,2
2026-03-31 09:15:00,0.127854071833467,6.00191222225177,8.29742999965177,21.9649280001458,441.810936644654,2.28746069734874,2
2026-03-31 09:30:00,0.1369215264648,5.81819466667053,9.77273488854804,20.8299260000755,442.37965153781,2.28849400075581,2
2026-03-31 09:45:00,0.126623619966767,5.96253911112687,8.099847555298,21.7395302223311,441.401787441144,2.24754847515373,2
2026-03-31 10:00:00,0.125653103711367,5.88724911112016,7.82268755532337,22.1189495556558,440.239365671914,2.27000649833711,2
2026-03-31 10:15:00,0.1261087333298,6.04404577781427,7.07262088865274,22.4984575555911,439.25739260533,2.24269742006988,2
2026-03-31 10:30:00,0.1249370507062,5.48718933331283,8.78264955542533,21.6697411111137,440.598821228314,2.40645758115559,2
2026-03-31 10:45:00,0.1241911173516,5.7534586666876,7.19000444427851,21.4849719999348,439.393196667057,2.26973237891205,2
2026-03-31 11:00:00,0.125604940727867,5.9459455555961,7.13215333316903,26.1694050597559,437.114701792187,2.13992605138442,2
2026-03-31 11:15:00,0.1465451926242,11.6691604446077,19.6975086661737,14.4616608886506,449.424080225177,2.57649593759588,2
2026-03-31 11:30:00,0.2031688703968,7.79331088894464,17.8435637779346,18.2840924450193,444.563216920877,2.78964602273323,2
2026-03-31 11:45:00,0.128630300002933,5.56427088889393,10.5803033329792,20.2276968887847,441.44215521897,2.494640526655,2
2026-03-31 12:00:00,0.124596708837333,5.449573777796,8.77464488874074,23.6497294186894,439.040663784307,2.4041434697377,2
2026-03-31 12:15:00,0.1242060119735,5.0820068888407,8.23245799982314,25.9311199486027,437.482509558683,2.36051345659747,2
2026-03-31 12:30:00,0.1410178240495,5.7721962222973,10.2244897776204,22.0491877776669,438.45400603574,2.39807758732242,2
2026-03-31 12:45:00,0.1395510203441,5.99126133337763,10.4711528886549,21.4716286666953,440.723340732397,2.30538123783568,2
2026-03-31 13:00:00,0.1477523518743,6.78112955544777,10.779855999626,19.898627777992,441.706221925074,2.33686902252402,2
2026-03-31 13:15:00,0.181395759231067,10.1371186663019,19.688487555083,13.0848299996305,450.239368094634,3.43583883541641,2
2026-03-31 13:30:00,0.186533692560633,8.80705577765637,19.419173332832,13.8982477775822,450.38922632695,3.79305579202939,2
2026-03-31 13:45:00,0.1849462666331,8.64897888885453,19.5234031106917,13.8057442218316,446.358877242207,3.68641879007792,2
2026-03-31 14:00:00,0.190014237023833,8.9594179999566,21.3388922216976,12.3909106664272,447.330326064713,3.97569528214554,2
2026-03-31 14:15:00,0.186621355528933,8.45926622239076,20.6732044438686,12.9177984441861,445.790326552873,3.77227829285743,2
2026-03-31 14:30:00,0.176479044436033,7.78842377794757,19.6951408882429,14.6886813336679,444.819978237543,3.39266888415523,2
2026-03-31 14:45:00,0.1602657111372,5.7929257777771,17.3183791113516,19.3623664447142,441.963787402577,3.04319818510429,2
2026-03-31 15:00:00,0.138720559233633,5.62911311092443,10.0387175552786,22.1543815554313,439.118454962247,2.40440728536563,2
2026-03-31 15:15:00,0.1511623000147,5.70155577759623,12.879028444602,23.2311660000707,437.280414328744,2.59597731436399,2
2026-03-31 15:30:00,0.146608840752034,5.39746133312047,11.6661117775639,20.9727491111823,440.945885744697,2.52973638729167,2
2026-03-31 15:45:00,0.1455227888747,5.5736015553655,13.0478628891291,23.3276037779737,436.657075344187,2.42112105736414,2
