date,NO2,NO,CO2,O3,CO,PM2_5,AQHI
2025-11-01 00:00:00,21.246603629404,4.1736300633475,451.338993901114,0.323288167374333,0.192518975308133,1.90866666666667,2
2025-11-01 00:15:00,21.246603629404,4.1736300633475,451.338993901114,0.323288167374333,0.192505318046133,2.174,2
2025-11-01 00:30:00,21.246603629404,4.1736300633475,451.338993901114,0.323225354040333,0.192505318046133,1.988,2
2025-11-01 00:45:00,21.246603629404,4.1736300633475,451.338993901114,0.323225354040333,0.192505318046133,2.23533333333333,2
2025-11-01 01:00:00,21.246603629404,4.1736300633475,451.338993901114,0.323225354040333,0.192505318046133,2.11333333333333,2
2025-11-01 01:15:00,21.246603629404,4.1736300633475,451.338993901114,0.323288167374333,0.192518975308133,1.874,2
2025-11-01 01:30:00,21.246603629404,4.1736300633475,451.338993901114,0.323288167374333,0.192518975308133,2.26666666666667,2
2025-11-01 01:45:00,21.246603629404,4.1736300633475,451.338993901114,0.323288167374333,0.192440445554467,2.26066666666667,2
2025-11-01 02:00:00,21.246603629404,4.1736300633475,451.338993901114,0.323288167374333,0.192440445554467,2.09066666666667,2
2025-11-01 02:15:00,21.246603629404,4.1736300633475,451.338993901114,0.323288167374333,0.192440445554467,2.41466666666667,2
2025-11-01 02:30:00,21.246603629404,4.1736300633475,451.338993901114,0.323288167374333,0.192440445554467,2.706,2
2025-11-01 02:45:00,21.246603629404,4.1736300633475,451.338993901114,0.323288167374333,0.192440445554467,3.402,2
2025-11-01 03:00:00,21.246603629404,4.1736300633475,451.338993901114,0.323288167374333,0.192440445554467,4.51466666666667,2
2025-11-01 03:15:00,21.246603629404,4.1736300633475,451.338993901114,0.323288167374333,0.192440445554467,3.80066666666667,2
2025-11-01 03:30:00,21.246603629404,4.1736300633475,451.338993901114,0.323288167374333,0.192440445554467,3.368,2
2025-11-01 03:45:00,21.246603629404,4.1736300633475,451.338993901114,0.323288167374333,0.192442350290467,3.81933333333333,2
2025-11-01 04:00:00,21.246603629404,4.1736300633475,451.338993901114,0.323288167374333,0.192440445554467,3.99666666666667,2
2025-11-01 04:15:00,21.246603629404,4.1736300633475,451.338993901114,0.323288167374333,0.192430904377867,6.69666666666667,2
2025-11-01 04:30:00,21.246603629404,4.1736300633475,451.338993901114,0.323288167374333,0.192430904377867,6.014,2
2025-11-01 04:45:00,21.246603629404,4.1736300633475,451.338993901114,0.323288167374333,0.192442350290467,6.00066666666667,2
2025-11-01 05:00:00,21.246603629404,4.1736300633475,451.338993901114,0.323288167374333,0.192430904377867,7.61866666666667,2
2025-11-01 05:15:00,21.246603629404,4.1736300633475,451.338993901114,0.323288167374333,0.192442350290467,5.288,2
2025-11-01 05:30:00,21.246603629404,4.1736300633475,451.338993901114,0.323288167374333,0.192442350290467,5.58466666666667,2
2025-11-01 05:45:00,21.0479604656273,3.98575763801914,455.892678316317,0.315136482245567,0.165946319011033,8.23866666666667,2
2025-11-01 06:00:00,21.1698748612773,4.03086525517247,455.954628976327,0.321650051139666,0.2079439847601,6.92266666666667,2
2025-11-01 06:15:00,21.246603629404,4.1736300633475,451.338993901114,0.323288167374333,0.192430904377867,7.004,2
2025-11-01 06:30:00,21.246603629404,4.1736300633475,451.338993901114,0.323288167374333,0.192442350290467,6.17933333333333,2
2025-11-01 06:45:00,21.246603629404,4.1736300633475,451.338993901114,0.323288167374333,0.192440445554467,4.654,2
2025-11-01 07:00:00,21.246603629404,4.1736300633475,451.338993901114,0.323288167374333,0.192440445554467,4.43266666666667,2
2025-11-01 07:15:00,21.246603629404,4.1736300633475,451.338993901114,0.323288167374333,0.192440445554467,3.77266666666667,2
2025-11-01 07:30:00,21.246603629404,4.1736300633475,451.338993901114,0.323288167374333,0.192518975308133,4.064,2
2025-11-01 07:45:00,21.246603629404,4.1736300633475,451.338993901114,0.323288167374333,0.192518975308133,4.14866666666667,2
2025-11-01 08:00:00,21.246603629404,4.1736300633475,451.338993901114,0.323288167374333,0.192518975308133,3.42733333333333,2
2025-11-01 08:15:00,21.246603629404,4.1736300633475,451.338993901114,0.323288167374333,0.192518975308133,3.154,2
2025-11-01 08:30:00,21.246603629404,4.1736300633475,451.338993901114,0.323288167374333,0.192518975308133,3.41333333333333,2
2025-11-01 08:45:00,21.246603629404,4.1736300633475,451.338993901114,0.323288167374333,0.192440445554467,4.73933333333333,2
2025-11-01 09:00:00,21.246603629404,4.1736300633475,451.338993901114,0.323288167374333,0.192440445554467,3.762,2
2025-11-01 09:15:00,21.246603629404,4.1736300633475,451.338993901114,0.323288167374333,0.192442350290467,4.18333333333333,2
2025-11-01 09:30:00,21.246603629404,4.1736300633475,451.338993901114,0.323288167374333,0.192442350290467,4.45466666666667,2
2025-11-01 09:45:00,21.0479604656273,3.98136021987914,455.878969896347,0.3149204549094,0.166190882250333,5.90133333333333,2
2025-11-01 10:00:00,21.0944156081187,4.1472715078173,452.77545364062,0.320788177369933,0.1943578781128,4.62766666666667,2
2025-11-01 10:15:00,21.1698748612773,3.98720412271247,456.05988184751,0.3174860053614,0.218169634940967,3.997,2
2025-11-01 10:30:00,21.0479604656273,3.9885717805858,455.892678316317,0.314880523578566,0.1659427239527,3.93133333333333,2
2025-11-01 10:45:00,21.0479604656273,3.9873916903958,455.878969896347,0.300819629350033,0.1664258683811,4.32066666666667,2
2025-11-01 11:00:00,21.0479604656273,3.9872529637958,455.878969896347,0.2980330369049,0.166492005973933,4.17066666666667,2
2025-11-01 11:15:00,21.0479604656273,3.99229908113914,455.878969896347,0.2968601224766,0.166619620621433,5.97333333333333,2
2025-11-01 11:30:00,21.0479604656273,3.9839751445958,455.878969896347,0.315099554909,0.1660557035213,5.68533333333333,2
2025-11-01 11:45:00,21.0479604656273,3.98887717626247,455.878969896347,0.297527662909433,0.166290770304233,5.116,2
2025-11-01 12:00:00,21.0479604656273,3.98919549466247,455.878969896347,0.2965325958106,0.166290770304233,4.10533333333333,2
2025-11-01 12:15:00,21.0479604656273,3.9867077359958,455.878969896347,0.303585872682167,0.1660500993003,3.70866666666667,2
2025-11-01 12:30:00,21.0479604656273,3.9867077359958,455.878969896347,0.3034962429054,0.1660500993003,3.178,2
2025-11-01 12:45:00,21.0479604656273,3.9880428988658,455.892678316317,0.315043792245267,0.166046273236367,2.80666666666667,2
2025-11-01 13:00:00,21.0479604656273,3.9880428988658,455.892678316317,0.315043792245267,0.1663001454836,2.78133333333333,2
2025-11-01 13:15:00,21.0479604656273,3.9878491117858,455.885914582917,0.315043792245267,0.165092598877033,3.178,2
2025-11-01 13:30:00,21.0479604656273,3.9891052865258,455.885914582917,0.315043792245267,0.165125414586433,3.504,2
2025-11-01 13:45:00,21.2012896683617,4.1958276213403,452.773748746884,0.319766842700533,0.1961971804527,3.60933333333333,2
2025-11-01 14:00:00,21.0958212889733,4.14160164055064,452.75313245402,0.321631070927033,0.193796039600833,2.91066666666667,2
2025-11-01 14:15:00,21.0479604656273,3.99016591769914,455.843411249651,0.315213404913367,0.169593782287533,3.066,2
2025-11-01 14:30:00,21.0479604656273,3.9921155462058,455.878969896347,0.2968601224766,0.166786128856467,3.7,2
2025-11-01 14:45:00,21.0479604656273,3.9860630336958,455.878969896347,0.297548905575034,0.166321081338767,4.822,2
2025-11-01 15:00:00,21.0479604656273,3.98575763801914,455.892678316317,0.315100186245567,0.165614623902633,4.39933333333333,2
2025-11-01 15:15:00,21.0479604656273,3.98689127092914,455.878969896347,0.303228400238467,0.1664258683811,4.636,2
2025-11-01 15:30:00,21.0479604656273,3.99229908113914,455.878969896347,0.2968601224766,0.166761732797,4.766,2
2025-11-01 15:45:00,21.0479604656273,3.98930140363914,455.878969896347,0.2968601224766,0.166761732797,5.758,2
2025-11-01 16:00:00,21.0479604656273,3.99229908113914,455.878969896347,0.2968601224766,0.166761732797,6.00133333333333,2
2025-11-01 16:15:00,21.0479604656273,3.98689127092914,455.878969896347,0.303465704682967,0.1662009281723,5.43733333333333,2
2025-11-01 16:30:00,21.0479604656273,3.9893790295958,455.878969896347,0.2965325958106,0.166266374244767,4.36866666666667,2
2025-11-01 16:45:00,21.0479604656273,3.99229908113914,455.878969896347,0.2968601224766,0.166761732797,3.83,2
2025-11-01 17:00:00,21.0479604656273,3.98757522532914,455.878969896347,0.301035680240334,0.166401472321633,3.36333333333333,2
2025-11-01 17:15:00,21.0479604656273,3.98930140363914,455.878969896347,0.2968601224766,0.166830250376333,4.03866666666667,2
2025-11-01 17:30:00,21.0479604656273,3.98930140363914,455.878969896347,0.2968601224766,0.166830250376333,5.02866666666667,2
2025-11-01 17:45:00,21.0479604656273,3.98930140363914,455.878969896347,0.2968601224766,0.166617419252933,6.482,2
2025-11-01 18:00:00,21.0479604656273,3.98930140363914,455.878969896347,0.2968601224766,0.166761732797,6.66733333333333,2
2025-11-01 18:15:00,21.0479604656273,3.98930140363914,455.878969896347,0.2968601224766,0.166761732797,6.60466666666667,2
2025-11-01 18:30:00,21.0479604656273,3.98930140363914,455.878969896347,0.2968601224766,0.166761732797,5.27733333333333,2
2025-11-01 18:45:00,21.0479604656273,3.98930140363914,455.878969896347,0.2968601224766,0.166617419252933,5.84533333333333,2
2025-11-01 19:00:00,21.0479604656273,3.9863813520958,455.878969896347,0.2965325958106,0.166147058572367,5.88133333333333,2
2025-11-01 19:15:00,21.0479604656273,3.98389359342914,455.878969896347,0.303228400238467,0.166243348292233,5.352,2
2025-11-01 19:30:00,21.0479604656273,3.98930140363914,455.878969896347,0.2970161491426,0.166600398800733,5.41,2
2025-11-01 19:45:00,21.0479604656273,3.98389359342914,455.878969896347,0.303228400238467,0.166456179415633,5.08866666666667,2
2025-11-01 20:00:00,21.0479604656273,3.98182242679914,455.878969896347,0.3150463002434,0.166142097922467,4.85266666666667,2
2025-11-01 20:15:00,21.0479604656273,3.98116100202914,455.878969896347,0.315127153576,0.1660629659415,5.014,2
2025-11-01 20:30:00,21.0479604656273,3.98263241807914,455.878969896347,0.3150088795739,0.166107227341767,5.028,2
2025-11-01 20:45:00,21.0479604656273,3.98396322557914,455.904196749767,0.315211390910967,0.166181691709467,4.59133333333333,2
2025-11-01 21:00:00,21.0479604656273,3.98396322557914,455.892678316317,0.315211390910967,0.166126984615467,4.33666666666667,2
2025-11-01 21:15:00,21.0479604656273,3.98928882145914,455.885914582917,0.314951752246367,0.164594508479733,4.15866666666667,2
2025-11-01 21:30:00,21.0479604656273,3.99016591769914,455.843411249651,0.315213404913367,0.169593782287533,3.90933333333333,2
2025-11-01 21:45:00,21.0479604656273,3.9846365693658,455.878969896347,0.3148609549084,0.166056867053433,4.22333333333333,2
2025-11-01 22:00:00,21.0479604656273,3.9891052865258,455.885914582917,0.314880523578566,0.165125414586433,4.364,2
2025-11-01 22:15:00,21.1401880095573,3.98238896544247,455.951587316401,0.3174871286908,0.1885257264724,4.5,2
2025-11-01 22:30:00,21.1360972443173,4.15049514478064,452.996123567074,0.320636599813566,0.194790578575067,3.50933333333333,2
2025-11-01 22:45:00,21.246603629404,4.1799772892275,451.338993901114,0.323377900707333,0.192784990333367,3.31133333333333,2
2025-11-01 23:00:00,21.246603629404,4.1736300633475,451.338993901114,0.323288167374333,0.192259770405367,4.78466666666667,2
2025-11-01 23:15:00,21.246603629404,4.1736300633475,451.338993901114,0.323288167374333,0.192518975308133,5.10466666666667,2
2025-11-01 23:30:00,21.246603629404,4.1736300633475,451.338993901114,0.323288167374333,0.192518975308133,4.43333333333333,2
2025-11-01 23:45:00,21.246603629404,4.1736300633475,451.338993901114,0.323288167374333,0.192518975308133,2.78,2
2025-11-02 00:00:00,21.246603629404,4.1736300633475,451.338993901114,0.323288167374333,0.192440445554467,3.12933333333333,2
2025-11-02 00:15:00,21.246603629404,4.1736300633475,451.338993901114,0.323288167374333,0.192518975308133,3.56133333333333,2
2025-11-02 00:30:00,21.246603629404,4.1736300633475,451.338993901114,0.323288167374333,0.192518975308133,3.366,2
2025-11-02 00:45:00,21.246603629404,4.1736300633475,451.338993901114,0.323288167374333,0.192518975308133,3.20133333333333,2
2025-11-02 01:00:00,21.246603629404,4.1736300633475,451.338993901114,0.323288167374333,0.192518975308133,3.46733333333333,2
2025-11-02 01:15:00,21.246603629404,4.1736300633475,451.338993901114,0.323288167374333,0.192518975308133,3.54933333333333,2
2025-11-02 01:30:00,21.246603629404,4.1736300633475,451.338993901114,0.323288167374333,0.192440445554467,3.23333333333333,2
2025-11-02 01:45:00,21.246603629404,4.1736300633475,451.338993901114,0.323288167374333,0.192440445554467,3.55533333333333,2
2025-11-02 02:00:00,21.246603629404,4.1736300633475,451.338993901114,0.323288167374333,0.192440445554467,3.81266666666667,2
2025-11-02 02:15:00,21.246603629404,4.1736300633475,451.338993901114,0.323288167374333,0.192442350290467,5.586,2
2025-11-02 02:30:00,21.246603629404,4.1736300633475,451.338993901114,0.323288167374333,0.192442350290467,6.27533333333333,2
2025-11-02 02:45:00,21.246603629404,4.1736300633475,451.338993901114,0.323288167374333,0.192442350290467,6.66,2
2025-11-02 03:00:00,21.0479604656273,3.98389359342914,455.878969896347,0.303524359348867,0.166080410334833,6.71266666666667,2
2025-11-02 03:15:00,21.0479604656273,3.98563009557914,455.878969896347,0.315417944016767,0.166094024473633,5.93,2
2025-11-02 03:30:00,21.0479604656273,3.98116100202914,455.878969896347,0.31503573491,0.166007042011133,5.13666666666667,2
2025-11-02 03:45:00,21.1698748612773,3.99554969271914,455.936899942927,0.317101076239167,0.194944076770033,4.98733333333333,2
2025-11-02 04:00:00,21.170563912413,4.16715347162664,453.002579233774,0.3187257167009,0.1949517431039,5.292,2
2025-11-02 04:15:00,21.2012896683617,4.1958846175403,453.058483062334,0.319782994700133,0.1961462338442,6.50666666666667,2
2025-11-02 04:30:00,21.246603629404,4.1736300633475,451.338993901114,0.323288167374333,0.192442350290467,6.50666666666667,2
2025-11-02 04:45:00,21.0809878669697,4.13886524039264,452.75313245402,0.322675261591567,0.1935034214318,6.00066666666667,2
2025-11-02 05:00:00,21.0479604656273,3.98575763801914,455.892678316317,0.314813223579567,0.165907665233233,5.49666666666667,2
2025-11-02 05:15:00,21.372227817022,4.1989671978703,455.660572294554,0.319720762254233,0.196771404245633,5.49533333333333,2
2025-11-02 05:30:00,21.2436492198807,4.1751917619011,451.338993901114,0.323178474040333,0.192874542552267,4.09266666666667,2
2025-11-02 05:45:00,21.3016785572383,4.20029567533697,454.905616548254,0.319720762254233,0.196722577231633,4.40866666666667,2
2025-11-02 06:00:00,21.389382869728,4.2071567363483,455.740999061164,0.319788263587833,0.196804393569133,4.85,2
2025-11-02 06:15:00,21.0479604656273,3.98773325535914,455.862932716317,0.315993974022433,0.1862075502743,4.12,2
2025-11-02 06:30:00,21.0479604656273,3.98928882145914,455.885914582917,0.314816703579567,0.165101018526967,4.67333333333333,2
2025-11-02 06:45:00,21.0479604656273,3.98875531551914,455.892678316317,0.314880523578566,0.166206685539467,3.80533333333333,2
2025-11-02 07:00:00,21.0479604656273,3.98875531551914,455.885914582917,0.314880523578566,0.165068202817567,3.216,2
2025-11-02 07:15:00,21.0479604656273,3.9885717805858,455.892678316317,0.314877043578566,0.1658754494627,3.534,2
2025-11-02 07:30:00,21.0479604656273,3.9857904735658,455.878969896347,0.3149842749084,0.1661892897018,3.478,2
2025-11-02 07:45:00,21.0479604656273,3.9834516936458,455.878969896347,0.3151475435751,0.1661586664798,3.31333333333333,2
2025-11-02 08:00:00,21.0479604656273,3.98875531551914,455.892678316317,0.315189643578566,0.165639680248967,3.09066666666667,2
2025-11-02 08:15:00,21.0479604656273,3.98482010429914,455.878969896347,0.3151747282424,0.1661306577898,3.16666666666667,2
2025-11-02 08:30:00,21.0479604656273,3.9846365693658,455.878969896347,0.3151064215754,0.166248945830867,3.08933333333333,2
2025-11-02 08:45:00,21.0479604656273,3.9866690215958,455.878969896347,0.300867802017133,0.1664258683811,3.75933333333333,2
2025-11-02 09:00:00,21.0479604656273,3.9878491117858,455.892678316317,0.315272152245267,0.166004078906767,3.09666666666667,2
2025-11-02 09:15:00,21.0479604656273,3.9839751445958,455.878969896347,0.3152628235757,0.1660553942613,3.178,2
2025-11-02 09:30:00,21.0479604656273,3.98867154185914,455.862932716317,0.316224341354067,0.183897501544433,2.66666666666667,2
2025-11-02 09:45:00,21.0479604656273,3.98307378016247,455.862932716317,0.316079147354733,0.199566806961867,2.726,2
2025-11-02 10:00:00,21.0479604656273,3.9885764048058,455.885914582917,0.315082288244066,0.164943029919667,2.69933333333333,2
2025-11-02 10:15:00,21.4633714763917,4.24640113367164,456.864123187947,0.3201852693655,0.1970070663083,2.29266666666667,2
2025-11-02 10:30:00,21.196409529705,4.15732319378443,451.338993901114,0.323449471375667,0.193235900228867,1.80133333333333,2
2025-11-02 10:45:00,21.0971649967827,4.1377765323673,452.76311538742,0.321851239591933,0.194098291800633,2.484,2
2025-11-02 11:00:00,21.1740244471287,4.15182998948664,453.002579233774,0.319441606699333,0.194831475407533,1.66266666666667,2
2025-11-02 11:15:00,21.170563912413,4.17418208886997,453.002579233774,0.318685672256633,0.195232833126067,1.97133333333333,2
2025-11-02 11:30:00,21.0479604656273,3.9875811221058,455.862932716317,0.316147280021467,0.200952699082033,2.61466666666667,2
2025-11-02 11:45:00,21.418817332598,4.12311354714197,456.53782696091,0.319818852418466,0.196632556256967,2.54533333333333,2
2025-11-02 12:00:00,21.170563912413,4.17308408754664,453.002579233774,0.3186987967013,0.195287827556067,2.49,2
2025-11-02 12:15:00,21.0479604656273,3.9880428988658,455.885914582917,0.315043792245267,0.1651961481607,2.328,2
2025-11-02 12:30:00,21.0479604656273,3.98834829454247,455.878969896347,0.2965325958106,0.166619045158233,3.386,2
2025-11-02 12:45:00,21.0479604656273,3.9866690215958,455.878969896347,0.300867802017133,0.1664258683811,3.01466666666667,2
2025-11-02 13:00:00,21.0479604656273,3.9834516936458,455.878969896347,0.3152628235757,0.166001252923433,2.94933333333333,2
2025-11-02 13:15:00,21.0479604656273,3.9832524757958,455.878969896347,0.3152628235757,0.166054224795833,3.16333333333333,2
2025-11-02 13:30:00,21.0479604656273,3.98919549466247,455.878969896347,0.2965325958106,0.166329578661233,3.35,2
2025-11-02 13:45:00,21.0479604656273,3.9878491117858,455.892678316317,0.315272152245267,0.166004078906767,3.04266666666667,2
2025-11-02 14:00:00,21.0479604656273,3.9892597139658,455.843411249651,0.315201385801667,0.173175266853367,2.57533333333333,2
2025-11-02 14:15:00,21.0479604656273,3.9891052865258,455.885914582917,0.315043792245267,0.165125414586433,2.22466666666667,2
2025-11-02 14:30:00,21.0479604656273,3.9899823827658,455.843411249651,0.315376673580067,0.170023393701133,2.09466666666667,2
2025-11-02 14:45:00,21.0479604656273,3.98757522532914,455.878969896347,0.302589358906533,0.1664258683811,2.918,2
2025-11-02 15:00:00,21.0479604656273,3.99058435583914,455.878969896347,0.2966233358106,0.166299038429767,2.91733333333333,2
2025-11-02 15:15:00,21.0479604656273,3.98930140363914,455.878969896347,0.2968601224766,0.166830250376333,3.13533333333333,2
2025-11-02 15:30:00,21.0479604656273,3.98930140363914,455.878969896347,0.2968601224766,0.166617419252933,3.37466666666667,2
2025-11-02 15:45:00,21.0479604656273,3.98930140363914,455.878969896347,0.2968601224766,0.166761732797,3.32333333333333,2
2025-11-02 16:00:00,21.0479604656273,3.98930140363914,455.878969896347,0.2968601224766,0.166830250376333,3.588,2
2025-11-02 16:15:00,21.0479604656273,3.98930140363914,455.878969896347,0.2968601224766,0.166761732797,3.60266666666667,2
2025-11-02 16:30:00,21.0479604656273,3.98930140363914,455.878969896347,0.2968601224766,0.166761732797,3.47333333333333,2
2025-11-02 16:45:00,21.0479604656273,3.98930140363914,455.878969896347,0.2968601224766,0.166830250376333,3.43466666666667,2
2025-11-02 17:00:00,21.0479604656273,3.98930140363914,455.878969896347,0.2968601224766,0.166830250376333,4.03533333333333,2
2025-11-02 17:15:00,21.0479604656273,3.98930140363914,455.878969896347,0.2968601224766,0.166617419252933,4.17866666666667,2
2025-11-02 17:30:00,21.0479604656273,3.98930140363914,455.878969896347,0.2970161491426,0.166935247204667,5.25866666666667,2
2025-11-02 17:45:00,21.0479604656273,3.98930140363914,455.878969896347,0.2968601224766,0.166605973340333,4.02133333333333,2
2025-11-02 18:00:00,21.0479604656273,3.98930140363914,455.878969896347,0.2968601224766,0.166617419252933,3.59133333333333,2
2025-11-02 18:15:00,21.0479604656273,3.98930140363914,455.878969896347,0.2968601224766,0.166617419252933,3.50066666666667,2
2025-11-02 18:30:00,21.0479604656273,3.98930140363914,455.878969896347,0.2970161491426,0.166600398800733,4.59733333333333,2
2025-11-02 18:45:00,21.0479604656273,3.98930140363914,455.878969896347,0.2970161491426,0.166935247204667,4.97,2
2025-11-02 19:00:00,21.0479604656273,3.98930140363914,455.878969896347,0.2970161491426,0.166600398800733,4.94133333333333,2
2025-11-02 19:15:00,21.0479604656273,3.98930140363914,455.878969896347,0.2968601224766,0.166617419252933,4.28066666666667,2
2025-11-02 19:30:00,21.0479604656273,3.98930140363914,455.878969896347,0.2968601224766,0.166617419252933,4.35533333333333,2
2025-11-02 19:45:00,21.0479604656273,3.98930140363914,455.878969896347,0.2970161491426,0.166600398800733,5.124,2
2025-11-02 20:00:00,21.0479604656273,3.98930140363914,455.878969896347,0.2970161491426,0.166600398800733,6.232,2
2025-11-02 20:15:00,21.0479604656273,3.98930140363914,455.878969896347,0.2970161491426,0.166600398800733,6.67666666666667,2
2025-11-02 20:30:00,21.0479604656273,3.98930140363914,455.878969896347,0.2970161491426,0.166600398800733,6.838,2
2025-11-02 20:45:00,21.0479604656273,3.98930140363914,455.878969896347,0.2968601224766,0.166605973340333,6.432,2
2025-11-02 21:00:00,21.0479604656273,3.98930140363914,455.878969896347,0.2968601224766,0.166761732797,6.49866666666667,2
2025-11-02 21:15:00,21.0479604656273,3.98930140363914,455.878969896347,0.2968601224766,0.166617419252933,6.30733333333333,2
2025-11-02 21:30:00,21.0479604656273,3.98675862033914,455.878969896347,0.2966233358106,0.1664412675822,6.35533333333333,2
2025-11-02 21:45:00,21.0479604656273,3.9863813520958,455.878969896347,0.2965325958106,0.166321081338767,6.06933333333333,2
2025-11-02 22:00:00,21.0479604656273,3.99229908113914,455.878969896347,0.2968601224766,0.166761732797,5.68933333333333,2
2025-11-02 22:15:00,21.0479604656273,3.98482010429914,455.878969896347,0.3149842749084,0.1662245497714,4.39533333333333,2
2025-11-02 22:30:00,21.0479604656273,3.9885717805858,455.892678316317,0.314880523578566,0.1660390731242,3.446,2
2025-11-02 22:45:00,21.1740244471287,4.15182998948664,453.002579233774,0.319441606699333,0.194831475407533,2.89,2
2025-11-02 23:00:00,21.2457897538247,4.16419024066777,451.338993901114,0.323282674040333,0.1929049458604,2.60866666666667,2
2025-11-02 23:15:00,21.246603629404,4.1736300633475,451.338993901114,0.323288167374333,0.192518975308133,2.304,2
2025-11-02 23:30:00,21.246603629404,4.1736300633475,451.338993901114,0.323288167374333,0.192518975308133,3.022,2
2025-11-02 23:45:00,21.246603629404,4.1736300633475,451.338993901114,0.323288167374333,0.192518975308133,2.90933333333333,2
2025-11-03 00:00:00,21.246603629404,4.1736300633475,451.338993901114,0.323288167374333,0.192440445554467,2.976,2
2025-11-03 00:15:00,21.0676956660023,4.1259400974093,452.74077865412,0.326424743592167,0.193262290669133,2.742,2
2025-11-03 00:30:00,21.246603629404,4.1736300633475,451.338993901114,0.323288167374333,0.192518975308133,2.838,2
2025-11-03 00:45:00,21.246603629404,4.1736300633475,451.338993901114,0.323288167374333,0.192440445554467,2.472,2
2025-11-03 01:00:00,21.246603629404,4.1736300633475,451.338993901114,0.323288167374333,0.192440445554467,2.80533333333333,2
2025-11-03 01:15:00,21.246603629404,4.1736300633475,451.338993901114,0.323288167374333,0.192440445554467,3.02666666666667,2
2025-11-03 01:30:00,21.246603629404,4.1736300633475,451.338993901114,0.323288167374333,0.192440445554467,3.68066666666667,2
2025-11-03 01:45:00,21.246603629404,4.1736300633475,451.338993901114,0.323288167374333,0.192442350290467,4.60333333333333,2
2025-11-03 02:00:00,21.246603629404,4.1799772892275,451.338993901114,0.323377900707333,0.1927083653157,5.01133333333333,2
2025-11-03 02:15:00,21.246603629404,4.1736300633475,451.338993901114,0.323288167374333,0.192442350290467,6.60533333333333,2
2025-11-03 02:30:00,21.0479604656273,3.98457754782914,455.878969896347,0.302745385572533,0.166534097552133,7.36933333333333,2
2025-11-03 02:45:00,21.0479604656273,3.98930140363914,455.878969896347,0.2970161491426,0.166998156379033,6.81066666666667,2
2025-11-03 03:00:00,21.0479604656273,3.98861637383914,455.878969896347,0.2970161491426,0.166967313655033,7.50533333333333,2
2025-11-03 03:15:00,21.0479604656273,3.98389359342914,455.878969896347,0.303384426904467,0.166534097552133,6.364,2
2025-11-03 03:30:00,21.0479604656273,3.98263241807914,455.878969896347,0.3139284362365,0.165964228389767,6.11133333333333,2
2025-11-03 03:45:00,21.0479604656273,3.98116100202914,455.878969896347,0.315259006909,0.1660629659415,5.75,2
2025-11-03 04:00:00,21.0479604656273,3.98443882122914,455.878969896347,0.2991830542365,0.166546659150133,5.05066666666667,2
2025-11-03 04:15:00,21.0479604656273,3.98629114395914,455.885914582917,0.314790591578367,0.164729851988833,4.19733333333333,2
2025-11-03 04:30:00,21.1401880095573,3.99034604719914,455.951337860851,0.317508380247433,0.205227052516,4.47533333333333,2
2025-11-03 04:45:00,21.1698748612773,3.98569646568247,456.042237087441,0.317139160025734,0.211317323033967,4.952,2
2025-11-03 05:00:00,21.0479604656273,3.98182242679914,455.878969896347,0.3147971349094,0.166034375729967,4.62733333333333,2
2025-11-03 05:15:00,21.0479604656273,3.98443882122914,455.878969896347,0.2980330369049,0.166309485885067,5.224,2
2025-11-03 05:30:00,21.0479604656273,3.9863813520958,455.878969896347,0.2966886224766,0.166130038120167,4.772,2
2025-11-03 05:45:00,21.0479604656273,3.98389359342914,455.878969896347,0.303228400238467,0.166231902379633,4.93266666666667,2
2025-11-03 06:00:00,21.0479604656273,3.9860630336958,455.878969896347,0.297527662909433,0.166321081338767,5.21666666666667,2
2025-11-03 06:15:00,21.0479604656273,3.98443882122914,455.878969896347,0.297756598460334,0.166266374244767,5.26933333333333,2
2025-11-03 06:30:00,21.0479604656273,3.98689127092914,455.878969896347,0.304935345571534,0.166025703240833,4.06266666666667,2
2025-11-03 06:45:00,21.0479604656273,3.98389359342914,455.878969896347,0.304827970015867,0.166025703240833,4.37333333333333,2
2025-11-03 07:00:00,21.0479604656273,3.98930140363914,455.878969896347,0.2968601224766,0.166617419252933,5.026,2
2025-11-03 07:15:00,21.0479604656273,3.98930140363914,455.878969896347,0.2968601224766,0.166761732797,4.56133333333333,2
2025-11-03 07:30:00,21.0479604656273,3.99229908113914,455.878969896347,0.2968601224766,0.166761732797,6.978,2
2025-11-03 07:45:00,21.0479604656273,3.99058435583914,455.878969896347,0.2966233358106,0.166299038429767,4.196,2
2025-11-03 08:00:00,21.0479604656273,3.98689127092914,455.878969896347,0.304891790014867,0.166025703240833,3.542,2
2025-11-03 08:15:00,21.0479604656273,3.98689127092914,455.878969896347,0.303228400238467,0.166401472321633,3.436,2
2025-11-03 08:30:00,21.0479604656273,3.9891052865258,455.885914582917,0.315015572245367,0.1646189045392,2.862,2
2025-11-03 08:45:00,21.0479604656273,3.9846365693658,455.878969896347,0.3151747282424,0.166109882151933,3.09066666666667,2
2025-11-03 09:00:00,21.0479604656273,3.98563009557914,455.878969896347,0.312197064457767,0.1659554872441,3.51133333333333,2
2025-11-03 09:15:00,21.0479604656273,3.9839751445958,455.878969896347,0.315046557574,0.166054224795833,3.47866666666667,2
2025-11-03 09:30:00,21.0479604656273,3.98689127092914,455.878969896347,0.3048371197926,0.166028996058833,3.45266666666667,2
2025-11-03 09:45:00,21.0479604656273,3.98675862033914,455.878969896347,0.2966233358106,0.1662284364588,3.946,2
2025-11-03 10:00:00,21.0479604656273,3.98826586513247,455.878969896347,0.2966233358106,0.166299038429767,3.67733333333333,2
2025-11-03 10:15:00,21.0479604656273,3.9878491117858,455.892678316317,0.315043792245267,0.165092598877033,3.24933333333333,2
2025-11-03 10:30:00,21.0479604656273,3.9878491117858,455.892678316317,0.315352912245267,0.1656371152261,2.98333333333333,2
2025-11-03 10:45:00,21.0479604656273,3.9885717805858,455.892678316317,0.315040312245266,0.1658754494627,3.11666666666667,2
2025-11-03 11:00:00,21.0479604656273,3.98875531551914,455.892678316317,0.314880523578566,0.166172200140467,2.802,2
2025-11-03 11:15:00,21.0479604656273,3.98443882122914,455.878969896347,0.2984860062365,0.166638105647133,3.09,2
2025-11-03 11:30:00,21.0479604656273,3.98930140363914,455.878969896347,0.2968601224766,0.166605973340333,3.97,2
2025-11-03 11:45:00,21.0479604656273,3.99229908113914,455.878969896347,0.2968601224766,0.166761732797,4.062,2
2025-11-03 12:00:00,21.0479604656273,3.9832524757958,455.878969896347,0.3152628235757,0.166110777029833,3.01533333333333,2
2025-11-03 12:15:00,21.0479604656273,3.9839139005658,455.878969896347,0.3153379969091,0.166152222235333,2.60066666666667,2
2025-11-03 12:30:00,21.0479604656273,3.9867773681458,455.892678316317,0.315589514911267,0.1657182635481,2.81466666666667,2
2025-11-03 12:45:00,21.0479604656273,3.9892597139658,455.843411249651,0.315308576913667,0.1728426635959,2.79,2
2025-11-03 13:00:00,21.0479604656273,3.9866690215958,455.878969896347,0.302541501128867,0.1664258683811,2.69533333333333,2
2025-11-03 13:15:00,21.0479604656273,3.9860552370458,455.878969896347,0.3048371197926,0.1660533921183,2.65066666666667,2
2025-11-03 13:30:00,21.0479604656273,3.99229908113914,455.878969896347,0.2968601224766,0.166761732797,3.59866666666667,2
2025-11-03 13:45:00,21.0479604656273,3.99229908113914,455.878969896347,0.2968601224766,0.166761732797,4.27,2
2025-11-03 14:00:00,21.0479604656273,3.9839139005658,455.878969896347,0.3150242235751,0.166056867053433,2.46066666666667,2
2025-11-03 14:15:00,21.0479604656273,3.9899823827658,455.862932716317,0.315991254688567,0.181386743778367,2.25933333333333,2
2025-11-03 14:30:00,21.0479604656273,3.98689127092914,455.878969896347,0.303228400238467,0.166401472321633,2.682,2
2025-11-03 14:45:00,21.0479604656273,3.98930140363914,455.878969896347,0.2968601224766,0.166617419252933,2.924,2
2025-11-03 15:00:00,21.0479604656273,3.98930140363914,455.878969896347,0.2968601224766,0.166605973340333,3.70266666666667,2
2025-11-03 15:15:00,21.0479604656273,3.98930140363914,455.878969896347,0.2970161491426,0.166600398800733,3.95066666666667,2
2025-11-03 15:30:00,21.0479604656273,3.98930140363914,455.878969896347,0.2968601224766,0.166761732797,4.10066666666667,2
2025-11-03 15:45:00,21.0479604656273,3.98930140363914,455.878969896347,0.2968601224766,0.166830250376333,4.268,2
2025-11-03 16:00:00,21.0479604656273,3.98930140363914,455.878969896347,0.2968601224766,0.166761732797,3.42933333333333,2
2025-11-03 16:15:00,21.0479604656273,3.98930140363914,455.878969896347,0.2970161491426,0.166600398800733,3.34466666666667,2
2025-11-03 16:30:00,21.0479604656273,3.98930140363914,455.878969896347,0.2970161491426,0.166935247204667,4.09133333333333,2
2025-11-03 16:45:00,21.0479604656273,3.98930140363914,455.878969896347,0.2970161491426,0.166935247204667,4.308,2
2025-11-03 17:00:00,21.0479604656273,3.98930140363914,455.878969896347,0.2970161491426,0.166952236711167,4.61333333333333,2
2025-11-03 17:15:00,21.0479604656273,3.98930140363914,455.878969896347,0.2970161491426,0.166935247204667,6.118,2
2025-11-03 17:30:00,21.0479604656273,3.98930140363914,455.878969896347,0.2970161491426,0.166935247204667,6.602,2
2025-11-03 17:45:00,21.0479604656273,3.98930140363914,455.878969896347,0.2970161491426,0.166935247204667,7.16733333333333,2
2025-11-03 18:00:00,21.0479604656273,3.98930140363914,455.878969896347,0.2970161491426,0.166952236711167,9.43933333333333,2
2025-11-03 18:15:00,21.0479604656273,3.98930140363914,455.878969896347,0.2970161491426,0.166600398800733,6.94333333333333,2
2025-11-03 18:30:00,21.0479604656273,3.98930140363914,455.878969896347,0.2970161491426,0.166600398800733,6.77533333333333,2
2025-11-03 18:45:00,21.0479604656273,3.98930140363914,455.878969896347,0.2968601224766,0.166617419252933,6.20066666666667,2
2025-11-03 19:00:00,21.0479604656273,3.98930140363914,455.878969896347,0.2968601224766,0.166605973340333,4.66666666666667,2
2025-11-03 19:15:00,21.0479604656273,3.98930140363914,455.878969896347,0.2970161491426,0.166600398800733,5.116,2
2025-11-03 19:30:00,21.0479604656273,3.98930140363914,455.878969896347,0.2968601224766,0.166605973340333,4.84733333333333,2
2025-11-03 19:45:00,21.0479604656273,3.98930140363914,455.878969896347,0.2968601224766,0.166617419252933,5.44733333333333,2
2025-11-03 20:00:00,21.0479604656273,3.9893790295958,455.878969896347,0.2965325958106,0.165826239667333,5.78466666666667,2
2025-11-03 20:15:00,21.0479604656273,3.98840210038914,455.878969896347,0.2967899118098,0.1662382561752,6.13333333333333,2
2025-11-03 20:30:00,21.0746233654837,4.00402578043914,457.105971616777,0.296752897362867,0.173769615157867,4.89466666666667,2
2025-11-03 20:45:00,17.9749209161823,3.59821787323867,461.186902099697,0.307380830215633,0.1643978357835,4.34133333333333,2
2025-11-03 21:00:00,16.472043469044,3.5911886217468,463.087858355984,0.307394702305933,0.1605588964005,5.62933333333333,2
2025-11-03 21:15:00,17.0512728609517,3.5704770700176,461.633877987534,0.3072033901807,0.163170910689867,5.68333333333333,2
2025-11-03 21:30:00,16.205939494529,3.57028200602387,461.396622242734,0.3141542804058,0.162477968317533,6.01466666666667,2
2025-11-03 21:45:00,17.587705917892,3.612995959535,466.659556332678,0.311519640186833,0.157437610252733,5.44933333333333,2
2025-11-03 22:00:00,17.422615987852,4.86290006941933,430.353411150461,0.309498919686833,0.273272560301266,5.96733333333333,2
2025-11-03 22:15:00,16.452723719762,3.64306725709894,460.568316661834,0.3198596276076,0.182624075846733,5.93,2
2025-11-03 22:30:00,20.6070504137994,4.12106205427767,457.936570962497,0.3246154127042,0.1977692426268,9.048,2
2025-11-03 22:45:00,20.4660101321494,4.10815614344314,459.70690238263,0.326911626036,0.199785551674233,7.79666666666667,2
2025-11-03 23:00:00,20.9626708182853,3.98842314238247,455.888012182984,0.314622622023166,0.168902194350067,8.208,2
2025-11-03 23:15:00,20.594648718131,4.04607324777014,456.680286597184,0.314613282464833,0.1738885112697,6.964,2
2025-11-03 23:30:00,21.246603629404,4.1740281764275,451.337460012197,0.323198434041,0.1953135251776,8.85266666666667,2
2025-11-03 23:45:00,21.1401880095573,3.99034604719914,455.951337860851,0.317508380247433,0.205146383367067,7.334,2
2025-11-04 00:00:00,21.0479604656273,3.98116100202914,455.878969896347,0.315127153576,0.166395666402333,7.81733333333333,2
2025-11-04 00:15:00,21.0479604656273,3.98263241807914,455.878969896347,0.314055376237167,0.165964228389767,6.43866666666667,2
2025-11-04 00:30:00,21.0479604656273,3.98116100202914,455.878969896347,0.315127153576,0.1664434335656,6.28333333333333,2
2025-11-04 00:45:00,21.246603629404,4.1736300633475,451.338993901114,0.323288167374333,0.192084099878433,4.85266666666667,2
2025-11-04 01:00:00,21.0479604656273,3.98457754782914,455.878969896347,0.302271383572633,0.166243348292233,5.348,2
2025-11-04 01:15:00,21.0479604656273,3.98930140363914,455.878969896347,0.2970161491426,0.166600398800733,6.56666666666667,2
2025-11-04 01:30:00,21.0479604656273,3.9860630336958,455.878969896347,0.2965325958106,0.166091229763167,6.06133333333333,2
2025-11-04 01:45:00,21.0479604656273,3.98716824019914,455.843411249651,0.314916523801467,0.177144518516,4.672,2
2025-11-04 02:00:00,21.4541184878743,4.2534410605383,456.863181854564,0.3201852693655,0.196791590977533,4.562,2
2025-11-04 02:15:00,21.1643184544003,4.0382542002378,455.936899942927,0.318890920245366,0.196271152919433,5.57666666666667,2
2025-11-04 02:30:00,21.1698748612773,4.03086525517247,455.954628976327,0.321650051139666,0.2081958866097,6.08533333333333,2
2025-11-04 02:45:00,21.246603629404,4.1736300633475,451.338993901114,0.323288167374333,0.192430904377867,5.05933333333333,2
2025-11-04 03:00:00,21.246603629404,4.1736300633475,451.338993901114,0.323288167374333,0.192442350290467,4.84466666666667,2
2025-11-04 03:15:00,21.0479604656273,3.98716824019914,455.862932716317,0.315698386021367,0.182679159020667,6.87466666666667,2
2025-11-04 03:30:00,21.1360972443173,4.15049514478064,452.996123567074,0.320755450479566,0.1945114777278,7.07866666666667,2
2025-11-04 03:45:00,21.0479604656273,3.98575763801914,455.892678316317,0.314908122245567,0.1660063719658,6.47133333333333,2
2025-11-04 04:00:00,21.0479604656273,3.98182242679914,455.878969896347,0.3152023269094,0.1660711827387,6.18266666666667,2
2025-11-04 04:15:00,21.246603629404,4.1736300633475,451.338993901114,0.323288167374333,0.192430904377867,4.59933333333333,2
2025-11-04 04:30:00,21.097442832558,4.1475596612473,452.77545364062,0.3210411889258,0.1945375877008,5.13,2
2025-11-04 04:45:00,21.246603629404,4.1736300633475,451.338993901114,0.323288167374333,0.192442350290467,14.568,2
2025-11-04 05:00:00,21.246603629404,4.1736300633475,451.338993901114,0.323288167374333,0.192430904377867,4.18533333333333,2
2025-11-04 05:15:00,21.246603629404,4.1736300633475,451.338993901114,0.323288167374333,0.192430904377867,4.28733333333333,2
2025-11-04 05:30:00,21.246603629404,4.1736300633475,451.338993901114,0.323288167374333,0.192442350290467,5.422,2
2025-11-04 05:45:00,21.246603629404,4.1736300633475,451.338993901114,0.323288167374333,0.192442350290467,4.87066666666667,2
2025-11-04 06:00:00,21.246603629404,4.1736300633475,451.338993901114,0.323288167374333,0.192442350290467,6.112,2
2025-11-04 06:15:00,21.0479604656273,3.98629114395914,455.885914582917,0.314887144246367,0.164718406076233,6.52266666666667,2
2025-11-04 06:30:00,21.0479604656273,3.98389359342914,455.878969896347,0.3047732997936,0.166074161976233,6.18533333333333,2
2025-11-04 06:45:00,21.0479604656273,3.98575763801914,455.892678316317,0.314816703579567,0.165070107553567,5.27866666666667,2
2025-11-04 07:00:00,21.0479604656273,3.98415867952914,455.878969896347,0.31503573491,0.166031307461833,5.216,2
2025-11-04 07:15:00,21.0479604656273,3.9837861968158,455.862932716317,0.316169842689133,0.199415568827533,4.64866666666667,2
2025-11-04 07:30:00,21.4647139358343,4.25379092400497,456.85052685448,0.320182460476833,0.1968133210148,4.64066666666667,2
2025-11-04 07:45:00,21.246603629404,4.1736300633475,451.338993901114,0.323288167374333,0.192442350290467,4.09666666666667,2
2025-11-04 08:00:00,21.246603629404,4.1736300633475,451.338993901114,0.323288167374333,0.192442350290467,3.61466666666667,2
2025-11-04 08:15:00,21.246603629404,4.1736300633475,451.338993901114,0.323288167374333,0.192440445554467,3.74066666666667,2
2025-11-04 08:30:00,21.246603629404,4.1736300633475,451.338993901114,0.323288167374333,0.192430904377867,3.80466666666667,2
2025-11-04 08:45:00,21.246603629404,4.1736300633475,451.338993901114,0.323288167374333,0.192442350290467,3.33533333333333,2
2025-11-04 09:00:00,21.246603629404,4.1736300633475,451.338993901114,0.323288167374333,0.192440445554467,3.73066666666667,2
2025-11-04 09:15:00,21.246603629404,4.1736300633475,451.338993901114,0.323288167374333,0.192440445554467,3.38,2
2025-11-04 09:30:00,21.246603629404,4.1736300633475,451.338993901114,0.323288167374333,0.192440445554467,2.866,2
2025-11-04 09:45:00,21.246603629404,4.1736300633475,451.338993901114,0.323288167374333,0.192440445554467,2.74866666666667,2
2025-11-04 10:00:00,21.246603629404,4.1736300633475,451.338993901114,0.323288167374333,0.192440445554467,2.68933333333333,2
2025-11-04 10:15:00,21.246603629404,4.1736300633475,451.338993901114,0.323288167374333,0.192440445554467,2.55266666666667,2
2025-11-04 10:30:00,21.246603629404,4.1736300633475,451.338993901114,0.323288167374333,0.192518975308133,2.65666666666667,2
2025-11-04 10:45:00,21.246603629404,4.1736300633475,451.338993901114,0.323288167374333,0.192440445554467,2.46866666666667,2
2025-11-04 11:00:00,21.246603629404,4.1736300633475,451.338993901114,0.323288167374333,0.192440445554467,2.56466666666667,2
2025-11-04 11:15:00,21.246603629404,4.1736300633475,451.338993901114,0.323288167374333,0.192440445554467,2.46133333333333,2
2025-11-04 11:30:00,21.246603629404,4.1736300633475,451.338993901114,0.323288167374333,0.192440445554467,3.00066666666667,2
2025-11-04 11:45:00,21.246603629404,4.1736300633475,451.338993901114,0.323288167374333,0.192440445554467,2.96266666666667,2
2025-11-04 12:00:00,21.246603629404,4.1736300633475,451.338993901114,0.323288167374333,0.192440445554467,3.16866666666667,2
2025-11-04 12:15:00,21.246603629404,4.1736300633475,451.338993901114,0.323288167374333,0.192440445554467,3.09066666666667,2
2025-11-04 12:30:00,21.246603629404,4.1736300633475,451.338993901114,0.323288167374333,0.192440445554467,2.91,2
2025-11-04 12:45:00,21.246603629404,4.1736300633475,451.338993901114,0.323288167374333,0.192440445554467,2.524,2
2025-11-04 13:00:00,21.246603629404,4.1736300633475,451.338993901114,0.323288167374333,0.192440445554467,2.70933333333333,2
2025-11-04 13:15:00,21.246603629404,4.1736300633475,451.338993901114,0.323288167374333,0.192518975308133,3.10266666666667,2
2025-11-04 13:30:00,21.246603629404,4.1736300633475,451.338993901114,0.323288167374333,0.192440445554467,3.04466666666667,2
2025-11-04 13:45:00,21.246603629404,4.1736300633475,451.338993901114,0.323288167374333,0.192440445554467,3.20666666666667,2
2025-11-04 14:00:00,21.246603629404,4.1736300633475,451.338993901114,0.323288167374333,0.192440445554467,3.10933333333333,2
2025-11-04 14:15:00,21.246603629404,4.1736300633475,451.338993901114,0.323288167374333,0.192518975308133,2.98466666666667,2
2025-11-04 14:30:00,21.246603629404,4.1736300633475,451.338993901114,0.323288167374333,0.192518975308133,2.98133333333333,2
2025-11-04 14:45:00,21.246603629404,4.1736300633475,451.338993901114,0.323288167374333,0.192440445554467,2.40933333333333,2
2025-11-04 15:00:00,21.246603629404,4.1736300633475,451.338993901114,0.323288167374333,0.192518975308133,3.28866666666667,2
2025-11-04 15:15:00,21.246603629404,4.1736300633475,451.338993901114,0.323288167374333,0.192518975308133,2.08866666666667,2
2025-11-04 15:30:00,21.246603629404,4.1736300633475,451.338993901114,0.323288167374333,0.192440445554467,1.88666666666667,2
2025-11-04 15:45:00,21.246603629404,4.1736300633475,451.338993901114,0.323288167374333,0.192518975308133,2.1,2
2025-11-04 16:00:00,21.246603629404,4.1736300633475,451.338993901114,0.323288167374333,0.192518975308133,1.69733333333333,2
2025-11-04 16:15:00,21.246603629404,4.1736300633475,451.338993901114,0.323288167374333,0.192518975308133,1.85266666666667,2
2025-11-04 16:30:00,21.246603629404,4.1736300633475,451.338993901114,0.323288167374333,0.192518975308133,1.71666666666667,2
2025-11-04 16:45:00,21.246603629404,4.1736300633475,451.338993901114,0.323288167374333,0.192440445554467,1.75666666666667,2
2025-11-04 17:00:00,21.246603629404,4.1736300633475,451.338993901114,0.323288167374333,0.192440445554467,1.56266666666667,2
2025-11-04 17:15:00,21.246603629404,4.1736300633475,451.338993901114,0.323288167374333,0.192518975308133,1.90133333333333,2
2025-11-04 17:30:00,21.246603629404,4.1799772892275,451.338993901114,0.323377900707333,0.1927408070671,2.02333333333333,2
2025-11-04 17:45:00,21.1698748612773,4.07132157016914,455.932229643007,0.316656234916934,0.211171080627933,2.57,2
2025-11-04 18:00:00,21.1698748612773,4.07187862736914,455.932229643007,0.316525736249533,0.211070875357133,3.07,2
2025-11-04 18:15:00,21.1643184544003,4.00656844431647,455.936899942927,0.3181094857999,0.196029881928667,3.16,2
2025-11-04 18:30:00,21.1740244471287,4.15422893803664,453.002579233774,0.319155732698833,0.1949119546682,2.97,2
2025-11-04 18:45:00,21.246603629404,4.1736300633475,451.338993901114,0.323288167374333,0.192440445554467,2.788,2
2025-11-04 19:00:00,21.1401880095573,3.9824230197758,455.959117983067,0.317325518027,0.189956782245133,2.73933333333333,2
2025-11-04 19:15:00,21.246603629404,4.1736300633475,451.338993901114,0.323288167374333,0.192442350290467,2.64933333333333,2
2025-11-04 19:30:00,21.246603629404,4.1736300633475,451.338993901114,0.323288167374333,0.192093641055033,3.158,2
2025-11-04 19:45:00,21.1401880095573,3.9901625122658,455.951337860851,0.317867170912367,0.2050956587672,3.448,2
2025-11-04 20:00:00,21.1698748612773,3.98816579916247,455.945231065207,0.316611084248234,0.203924499856333,3.34733333333333,2
2025-11-04 20:15:00,21.1698748612773,3.98814757113247,455.936899942927,0.317573687572667,0.195056895763833,2.98666666666667,2
2025-11-04 20:30:00,21.246603629404,4.1736300633475,451.338993901114,0.323288167374333,0.192235046676533,3.19266666666667,2
2025-11-04 20:45:00,21.24400824998,4.17904240816083,451.338993901114,0.323282674040333,0.192938409818133,3.522,2
2025-11-04 21:00:00,21.246603629404,4.1736300633475,451.338993901114,0.323288167374333,0.192440445554467,3.68866666666667,2
2025-11-04 21:15:00,21.246603629404,4.1736300633475,451.338993901114,0.323288167374333,0.192440445554467,4.15933333333333,2
2025-11-04 21:30:00,21.246603629404,4.1736300633475,451.338993901114,0.323288167374333,0.192442350290467,4.15066666666667,2
2025-11-04 21:45:00,21.246603629404,4.1736300633475,451.338993901114,0.323288167374333,0.192440445554467,4.41933333333333,2
2025-11-04 22:00:00,21.2606332225227,4.20107620065697,454.881418748334,0.319417712253533,0.195969799453733,4.854,2
2025-11-04 22:15:00,21.1463375782893,4.15049514478064,452.996123567074,0.320776189813066,0.1947587002962,7.826,2
2025-11-04 22:30:00,21.246603629404,4.1736300633475,451.338993901114,0.323288167374333,0.192442350290467,5.83533333333333,2
2025-11-04 22:45:00,21.246603629404,4.1736300633475,451.338993901114,0.323288167374333,0.192442350290467,5.27,2
2025-11-04 23:00:00,21.246603629404,4.1736300633475,451.338993901114,0.323288167374333,0.192442350290467,5.708,2
2025-11-04 23:15:00,21.1638731511003,4.03735783641447,455.974903960861,0.319872771803866,0.1968325782602,5.936,2
2025-11-04 23:30:00,21.246603629404,4.1736300633475,451.338993901114,0.323288167374333,0.192442350290467,5.388,2
2025-11-04 23:45:00,21.246603629404,4.1736300633475,451.338993901114,0.323288167374333,0.192442350290467,5.214,2
2025-11-05 00:00:00,21.246603629404,4.1736300633475,451.338993901114,0.323288167374333,0.192378135659033,5.87733333333333,2
2025-11-05 00:15:00,21.246603629404,4.1736300633475,451.338993901114,0.323288167374333,0.192442350290467,6.16933333333333,2
2025-11-05 00:30:00,21.372227817022,4.1989671978703,455.660572294554,0.319720762254233,0.196773308981633,6.68,2
2025-11-05 00:45:00,21.246603629404,4.1736300633475,451.338993901114,0.323288167374333,0.192442350290467,4.788,2
2025-11-05 01:00:00,21.246603629404,4.1736300633475,451.338993901114,0.323288167374333,0.192440445554467,4.10266666666667,2
2025-11-05 01:15:00,21.246603629404,4.1736300633475,451.338993901114,0.323288167374333,0.192440445554467,4.57933333333333,2
2025-11-05 01:30:00,21.246603629404,4.1736300633475,451.338993901114,0.323288167374333,0.192442350290467,5.32266666666667,2
2025-11-05 01:45:00,21.246603629404,4.1736300633475,451.338993901114,0.323288167374333,0.192442350290467,5.83,2
2025-11-05 02:00:00,21.246603629404,4.1736300633475,451.338993901114,0.323288167374333,0.192442350290467,5.88866666666667,2
2025-11-05 02:15:00,21.246603629404,4.1736300633475,451.338993901114,0.323288167374333,0.192442350290467,6.66933333333333,2
2025-11-05 02:30:00,21.246603629404,4.1736300633475,451.338993901114,0.323288167374333,0.192430904377867,7.066,2
2025-11-05 02:45:00,21.1698748612773,3.99554969271914,455.936899942927,0.317031138906467,0.1953321503361,7.16266666666667,2
2025-11-05 03:00:00,21.0479604656273,3.9837861968158,455.959117983067,0.316451943356933,0.202864829492367,6.49333333333333,2
2025-11-05 03:15:00,21.246603629404,4.1736300633475,451.338993901114,0.323288167374333,0.192440445554467,4.642,2
2025-11-05 03:30:00,21.246603629404,4.1736300633475,451.338993901114,0.323288167374333,0.192440445554467,4.90133333333333,2
2025-11-05 03:45:00,21.246603629404,4.1736300633475,451.338993901114,0.323288167374333,0.192440445554467,4.66066666666667,2
2025-11-05 04:00:00,21.246603629404,4.1736300633475,451.338993901114,0.323288167374333,0.192442350290467,4.26133333333333,2
2025-11-05 04:15:00,21.246603629404,4.1736300633475,451.338993901114,0.323288167374333,0.192440445554467,4.64933333333333,2
2025-11-05 04:30:00,21.246603629404,4.1736300633475,451.338993901114,0.323288167374333,0.192440445554467,4.686,2
2025-11-05 04:45:00,21.246603629404,4.1736300633475,451.338993901114,0.323288167374333,0.192440445554467,3.84133333333333,2
2025-11-05 05:00:00,21.246603629404,4.1736300633475,451.338993901114,0.323288167374333,0.192440445554467,3.73866666666667,2
2025-11-05 05:15:00,21.246603629404,4.1736300633475,451.338993901114,0.323288167374333,0.192440445554467,3.84466666666667,2
2025-11-05 05:30:00,21.246603629404,4.1736300633475,451.338993901114,0.323288167374333,0.192440445554467,4.28933333333333,2
2025-11-05 05:45:00,21.246603629404,4.1736300633475,451.338993901114,0.323288167374333,0.192440445554467,4.086,2
2025-11-05 06:00:00,21.246603629404,4.1736300633475,451.338993901114,0.323288167374333,0.192440445554467,4.17333333333333,2
2025-11-05 06:15:00,21.246603629404,4.1736300633475,451.338993901114,0.323288167374333,0.192440445554467,3.68333333333333,2
2025-11-05 06:30:00,21.246603629404,4.1736300633475,451.338993901114,0.323288167374333,0.192440445554467,4.22266666666667,2
2025-11-05 06:45:00,21.246603629404,4.1736300633475,451.338993901114,0.323288167374333,0.192442350290467,5.13733333333333,2
2025-11-05 07:00:00,21.246603629404,4.1736300633475,451.338993901114,0.323288167374333,0.192442350290467,5.678,2
2025-11-05 07:15:00,21.246603629404,4.1736300633475,451.338993901114,0.323288167374333,0.192440445554467,6.03266666666667,2
2025-11-05 07:30:00,21.246603629404,4.1736300633475,451.338993901114,0.323288167374333,0.192440445554467,6.75333333333333,2
2025-11-05 07:45:00,21.246603629404,4.1736300633475,451.338993901114,0.323288167374333,0.192440445554467,5.83133333333333,2
2025-11-05 08:00:00,21.246603629404,4.1736300633475,451.338993901114,0.323288167374333,0.192440445554467,5.628,2
2025-11-05 08:15:00,21.246603629404,4.1736300633475,451.338993901114,0.323288167374333,0.192440445554467,4.69066666666667,2
2025-11-05 08:30:00,21.246603629404,4.1736300633475,451.338993901114,0.323288167374333,0.192440445554467,4.706,2
2025-11-05 08:45:00,21.246603629404,4.1736300633475,451.338993901114,0.323288167374333,0.192440445554467,4.46333333333333,2
2025-11-05 09:00:00,21.246603629404,4.1736300633475,451.338993901114,0.323288167374333,0.192518975308133,4.228,2
2025-11-05 09:15:00,21.246603629404,4.1736300633475,451.338993901114,0.323288167374333,0.192440445554467,3.772,2
2025-11-05 09:30:00,21.246603629404,4.1736300633475,451.338993901114,0.323288167374333,0.192440445554467,3.732,2
2025-11-05 09:45:00,21.246603629404,4.1736300633475,451.338993901114,0.323288167374333,0.192440445554467,4.41333333333333,2
2025-11-05 10:00:00,21.246603629404,4.1736300633475,451.338993901114,0.323288167374333,0.192440445554467,4.49333333333333,2
2025-11-05 10:15:00,21.246603629404,4.1736300633475,451.338993901114,0.323288167374333,0.192440445554467,3.54533333333333,2
2025-11-05 10:30:00,21.246603629404,4.1736300633475,451.338993901114,0.323288167374333,0.192440445554467,3.88666666666667,2
2025-11-05 10:45:00,21.246603629404,4.1736300633475,451.338993901114,0.323288167374333,0.192518975308133,3.75066666666667,2
2025-11-05 11:00:00,21.246603629404,4.1736300633475,451.338993901114,0.323288167374333,0.192518975308133,3.428,2
2025-11-05 11:15:00,21.246603629404,4.1736300633475,451.338993901114,0.323288167374333,0.192518975308133,3.18466666666667,2
2025-11-05 11:30:00,21.246603629404,4.1736300633475,451.338993901114,0.323288167374333,0.192518975308133,3.786,2
2025-11-05 11:45:00,21.246603629404,4.1736300633475,451.338993901114,0.323288167374333,0.192518975308133,4.118,2
2025-11-05 12:00:00,21.246603629404,4.1736300633475,451.338993901114,0.323288167374333,0.192440445554467,4.62066666666667,2
2025-11-05 12:15:00,21.246603629404,4.1736300633475,451.338993901114,0.323288167374333,0.192518975308133,4.87533333333333,2
2025-11-05 12:30:00,21.246603629404,4.1736300633475,451.338993901114,0.323288167374333,0.192518975308133,4.23533333333333,2
2025-11-05 12:45:00,21.246603629404,4.1668895636875,451.338993901114,0.323408026039933,0.192524774924233,3.32533333333333,2
2025-11-05 13:00:00,21.246603629404,4.1668848856975,451.338993901114,0.323524954040333,0.192518975308133,3.34066666666667,2
2025-11-05 13:15:00,21.246603629404,4.1736300633475,451.338993901114,0.323288167374333,0.192518975308133,3.27133333333333,2
2025-11-05 13:30:00,21.246603629404,4.1736300633475,451.338993901114,0.323288167374333,0.192518975308133,3.37533333333333,2
2025-11-05 13:45:00,21.246603629404,4.1736300633475,451.338993901114,0.323288167374333,0.192518975308133,3.426,2
2025-11-05 14:00:00,21.246603629404,4.1736300633475,451.338993901114,0.323288167374333,0.192518975308133,3.54933333333333,2
2025-11-05 14:15:00,21.246603629404,4.1736300633475,451.338993901114,0.323288167374333,0.192518975308133,3.79066666666667,2
2025-11-05 14:30:00,21.19093481307,4.14125747056443,451.338993901114,0.323539050486567,0.193320935688033,4.34533333333333,2
2025-11-05 14:45:00,21.246603629404,4.1736300633475,451.338993901114,0.323288167374333,0.1923135764302,3.734,2
2025-11-05 15:00:00,21.246603629404,4.1777662668275,451.338993901114,0.323377900707333,0.1927064605797,4.104,2
2025-11-05 15:15:00,21.246603629404,4.1777662668275,451.338993901114,0.323282674040333,0.1927064605797,4.38466666666667,2
2025-11-05 15:30:00,21.246603629404,4.1778189614275,451.338993901114,0.323288167374333,0.1927408070671,5.02666666666667,2
2025-11-05 15:45:00,21.246603629404,4.1799772892275,451.338993901114,0.323377900707333,0.1927064605797,5.40133333333333,2
2025-11-05 16:00:00,21.1401880095573,3.99034604719914,455.951587316401,0.317877625358367,0.205080763860867,5.88933333333333,2
2025-11-05 16:15:00,21.0479604656273,3.98773325535914,455.862932716317,0.316005438021767,0.189913135036633,6.234,2
2025-11-05 16:30:00,21.0479604656273,3.98263241807914,455.878969896347,0.313999456903867,0.166150636303633,6.14533333333333,2
2025-11-05 16:45:00,21.0479604656273,3.98575763801914,455.892678316317,0.314908122245567,0.165093162420967,6.04333333333333,2
2025-11-05 17:00:00,21.0479604656273,3.98443882122914,455.878969896347,0.2990270275705,0.166244463977633,6.07266666666667,2
2025-11-05 17:15:00,21.0479604656273,3.98116100202914,455.878969896347,0.31497112691,0.166087610031833,6.47266666666667,2
2025-11-05 17:30:00,21.0479604656273,3.98324109447914,455.878969896347,0.3047732997936,0.166085607888833,7.05933333333333,2
2025-11-05 17:45:00,21.0479604656273,3.98389359342914,455.878969896347,0.303585872682167,0.166080410334833,6.87533333333333,2
2025-11-05 18:00:00,21.0479604656273,3.98457754782914,455.878969896347,0.302589358906533,0.166231902379633,7.79466666666667,2
2025-11-05 18:15:00,21.0479604656273,3.9860630336958,455.878969896347,0.297446902909433,0.166321081338767,8.51333333333333,2
2025-11-05 18:30:00,21.0479604656273,3.98182242679914,455.878969896347,0.3151109082434,0.1661059082522,7.616,2
2025-11-05 18:45:00,21.0479604656273,3.98263241807914,455.878969896347,0.314071216237167,0.165987703014633,8.182,2
2025-11-05 19:00:00,21.0479604656273,3.98182242679914,455.878969896347,0.3147325269094,0.166089082823967,7.65266666666667,2
2025-11-05 19:15:00,21.0479604656273,3.98773325535914,455.862932716317,0.315924862021767,0.185026754369167,7.99133333333333,2
2025-11-05 19:30:00,21.0479604656273,3.98773325535914,455.862932716317,0.315964454022167,0.1862075502743,8.204,2
2025-11-05 19:45:00,21.0479604656273,3.98696090307914,455.892678316317,0.315362426245567,0.165696546336633,8.76533333333333,2
2025-11-05 20:00:00,21.0479604656273,3.9837861968158,455.862932716317,0.316389440689133,0.200003148407733,7.36266666666667,2
2025-11-05 20:15:00,21.0479604656273,3.99016591769914,455.843411249651,0.314772019355867,0.168824767539333,6.76466666666667,2
2025-11-05 20:30:00,21.0958212889733,4.14160164055064,452.75313245402,0.321658100260633,0.193731823886833,6.63266666666667,2
2025-11-05 20:45:00,21.0479604656273,3.99016591769914,455.843411249651,0.314974297135967,0.173072341040233,6.09866666666667,2
2025-11-05 21:00:00,21.175643311247,4.1815562321333,453.004983080357,0.318246747144566,0.1951116326874,5.79066666666667,2
2025-11-05 21:15:00,21.164020359854,4.15049514478064,452.996123567074,0.3207653853684,0.1947587002962,5.516,2
2025-11-05 21:30:00,21.1401880095573,3.99034604719914,455.951337860851,0.317667153580433,0.2053086354024,7.656,2
2025-11-05 21:45:00,21.1698748612773,4.03989452865247,455.954628976327,0.320445948693033,0.2077255900614,6.68866666666667,2
2025-11-05 22:00:00,21.0479604656273,3.98773325535914,455.862932716317,0.316005438021767,0.190985079024633,5.55,2
2025-11-05 22:15:00,21.1401880095573,3.98423048040247,455.951587316401,0.3177170809136,0.188996499790367,5.79466666666667,2
2025-11-05 22:30:00,21.246603629404,4.1736300633475,451.338993901114,0.323288167374333,0.192151865811033,5.35333333333333,2
2025-11-05 22:45:00,21.246603629404,4.1736300633475,451.338993901114,0.323288167374333,0.192151865811033,3.86733333333333,2
2025-11-05 23:00:00,21.2436492198807,4.1751917619011,451.338993901114,0.323178474040333,0.192953072305933,3.44,2
2025-11-05 23:15:00,21.246603629404,4.1736300633475,451.338993901114,0.323288167374333,0.1922303955647,3.07333333333333,2
2025-11-05 23:30:00,21.246603629404,4.1736300633475,451.338993901114,0.323288167374333,0.192440445554467,3.61266666666667,2
2025-11-05 23:45:00,21.2055239221017,4.14678121738443,451.338993901114,0.323261107151067,0.193385934970933,3.82533333333333,2
2025-11-06 00:00:00,21.246603629404,4.1736300633475,451.338993901114,0.323288167374333,0.192440445554467,3.51333333333333,2
2025-11-06 00:15:00,21.246603629404,4.1736300633475,451.338993901114,0.323288167374333,0.192440445554467,2.958,2
2025-11-06 00:30:00,21.246603629404,4.1736300633475,451.338993901114,0.323288167374333,0.192440445554467,2.52733333333333,2
2025-11-06 00:45:00,21.246603629404,4.1736300633475,451.338993901114,0.323288167374333,0.192440445554467,2.09733333333333,2
2025-11-06 01:00:00,21.246603629404,4.1736300633475,451.338993901114,0.323288167374333,0.192440445554467,2.68666666666667,2
2025-11-06 01:15:00,21.246603629404,4.1736300633475,451.338993901114,0.323288167374333,0.192442350290467,2.818,2
2025-11-06 01:30:00,21.246603629404,4.1736300633475,451.338993901114,0.323288167374333,0.192442350290467,4.076,2
2025-11-06 01:45:00,21.246603629404,4.1736300633475,451.338993901114,0.323288167374333,0.192440445554467,4.82866666666667,2
2025-11-06 02:00:00,21.246603629404,4.1736300633475,451.338993901114,0.323288167374333,0.192440445554467,4.13733333333333,2
2025-11-06 02:15:00,21.246603629404,4.1668848856975,451.338993901114,0.323569546039933,0.192440953134233,4.32866666666667,2
2025-11-06 02:30:00,21.246603629404,4.1651819897975,451.338993901114,0.323408026039933,0.192440953134233,4.206,2
2025-11-06 02:45:00,21.246603629404,4.1647943080975,451.338993901114,0.323408026039933,0.192440953134233,3.88333333333333,2
2025-11-06 03:00:00,21.246603629404,4.1736300633475,451.338993901114,0.323288167374333,0.192151865811033,3.77,2
2025-11-06 03:15:00,21.246603629404,4.1790535206275,451.338993901114,0.323377900707333,0.1927064605797,3.63666666666667,2
2025-11-06 03:30:00,21.2457897538247,4.16521943431443,451.338993901114,0.323282674040333,0.192826416106733,4.19666666666667,2
2025-11-06 03:45:00,21.246603629404,4.1799772892275,451.338993901114,0.323377900707333,0.192784990333367,4.866,2
2025-11-06 04:00:00,21.246603629404,4.1790535206275,451.338993901114,0.323377900707333,0.1927064605797,5.36266666666667,2
2025-11-06 04:15:00,21.1095316448437,4.13306528844444,451.338993901114,0.323380387820867,0.1934322513984,5.82,2
2025-11-06 04:30:00,21.246603629404,4.1736300633475,451.338993901114,0.323288167374333,0.192518975308133,6.258,2
2025-11-06 04:45:00,21.246603629404,4.1736300633475,451.338993901114,0.323288167374333,0.192440445554467,6.26933333333333,2
2025-11-06 05:00:00,21.246603629404,4.1736300633475,451.338993901114,0.323288167374333,0.192329553937033,6.33266666666667,2
2025-11-06 05:15:00,21.246603629404,4.1736300633475,451.338993901114,0.323288167374333,0.192440445554467,5.216,2
2025-11-06 05:30:00,21.246603629404,4.1736300633475,451.338993901114,0.323288167374333,0.192440445554467,4.188,2
2025-11-06 05:45:00,21.246603629404,4.1736300633475,451.338993901114,0.323288167374333,0.192440445554467,3.75066666666667,2
2025-11-06 06:00:00,21.246603629404,4.1736300633475,451.338993901114,0.323288167374333,0.192440445554467,3.516,2
2025-11-06 06:15:00,21.246603629404,4.1736300633475,451.338993901114,0.323288167374333,0.192440445554467,4.192,2
2025-11-06 06:30:00,21.246603629404,4.1736300633475,451.338993901114,0.323288167374333,0.192440445554467,3.04666666666667,2
2025-11-06 06:45:00,21.246603629404,4.1736300633475,451.338993901114,0.323288167374333,0.192440445554467,3.13733333333333,2
2025-11-06 07:00:00,21.246603629404,4.1736300633475,451.338993901114,0.323288167374333,0.192440445554467,4.342,2
2025-11-06 07:15:00,21.246603629404,4.1736300633475,451.338993901114,0.323288167374333,0.192440445554467,6.086,2
2025-11-06 07:30:00,21.246603629404,4.1736300633475,451.338993901114,0.323288167374333,0.192442350290467,4.446,2
2025-11-06 07:45:00,21.246603629404,4.1736300633475,451.338993901114,0.323288167374333,0.192440445554467,2.84133333333333,2
2025-11-06 08:00:00,21.246603629404,4.1736300633475,451.338993901114,0.323288167374333,0.192440445554467,3.11533333333333,2
2025-11-06 08:15:00,21.246603629404,4.1736300633475,451.338993901114,0.323288167374333,0.192440445554467,4.108,2
2025-11-06 08:30:00,21.246603629404,4.1736300633475,451.338993901114,0.323288167374333,0.192440445554467,4.58666666666667,2
2025-11-06 08:45:00,21.246603629404,4.1736300633475,451.338993901114,0.323288167374333,0.192440445554467,3.964,2
2025-11-06 09:00:00,21.246603629404,4.1736300633475,451.338993901114,0.323288167374333,0.192440445554467,3.604,2
2025-11-06 09:15:00,21.246603629404,4.1736300633475,451.338993901114,0.323288167374333,0.192440445554467,3.58,2
2025-11-06 09:30:00,21.246603629404,4.1736300633475,451.338993901114,0.323288167374333,0.192518975308133,3.532,2
2025-11-06 09:45:00,21.246603629404,4.1736300633475,451.338993901114,0.323288167374333,0.192440445554467,3.50866666666667,2
2025-11-06 10:00:00,21.246603629404,4.1736300633475,451.338993901114,0.323288167374333,0.192440445554467,3.72133333333333,2
2025-11-06 10:15:00,21.246603629404,4.1736300633475,451.338993901114,0.323288167374333,0.192440445554467,4.09466666666667,2
2025-11-06 10:30:00,21.246603629404,4.1736300633475,451.338993901114,0.323288167374333,0.192440445554467,4.27733333333333,2
2025-11-06 10:45:00,21.246603629404,4.1736300633475,451.338993901114,0.323288167374333,0.192518975308133,4.30866666666667,2
2025-11-06 11:00:00,21.246603629404,4.1736300633475,451.338993901114,0.323288167374333,0.192518975308133,4.18866666666667,2
2025-11-06 11:15:00,21.246603629404,4.1736300633475,451.338993901114,0.323288167374333,0.192518975308133,4.34333333333333,2
2025-11-06 11:30:00,21.246603629404,4.1736300633475,451.338993901114,0.323288167374333,0.192495210989533,4.08733333333333,2
2025-11-06 11:45:00,21.246603629404,4.1736300633475,451.338993901114,0.323288167374333,0.192518975308133,3.63133333333333,2
2025-11-06 12:00:00,21.246603629404,4.1736300633475,451.338993901114,0.323288167374333,0.192518975308133,3.48333333333333,2
2025-11-06 12:15:00,21.246603629404,4.1736300633475,451.338993901114,0.323288167374333,0.192518975308133,3.96733333333333,2
2025-11-06 12:30:00,21.246603629404,4.1736300633475,451.338993901114,0.323288167374333,0.192518975308133,4.266,2
2025-11-06 12:45:00,21.246603629404,4.1736300633475,451.338993901114,0.323288167374333,0.192440445554467,4.586,2
2025-11-06 13:00:00,21.246603629404,4.1736300633475,451.338993901114,0.323288167374333,0.192518975308133,4.54866666666667,2
2025-11-06 13:15:00,21.246603629404,4.1736300633475,451.338993901114,0.323288167374333,0.192518975308133,4.416,2
2025-11-06 13:30:00,21.246603629404,4.1736300633475,451.338993901114,0.323288167374333,0.192518975308133,5.65,2
2025-11-06 13:45:00,21.246603629404,4.1736300633475,451.338993901114,0.323288167374333,0.192518975308133,5.782,2
2025-11-06 14:00:00,21.246603629404,4.1736300633475,451.338993901114,0.323288167374333,0.1921721708087,5.92533333333333,2
2025-11-06 14:15:00,21.246603629404,4.1736300633475,451.338993901114,0.323288167374333,0.192440445554467,6.12333333333333,2
2025-11-06 14:30:00,21.246603629404,4.1736300633475,451.338993901114,0.323288167374333,0.192440445554467,5.962,2
2025-11-06 14:45:00,21.246603629404,4.1736300633475,451.338993901114,0.323288167374333,0.192518975308133,6.082,2
2025-11-06 15:00:00,21.246603629404,4.1736300633475,451.338993901114,0.323288167374333,0.192440445554467,6.72266666666667,2
2025-11-06 15:15:00,21.246603629404,4.1736300633475,451.338993901114,0.323288167374333,0.192093641055033,6.76866666666667,2
2025-11-06 15:30:00,21.246603629404,4.1736300633475,451.338993901114,0.323288167374333,0.192440445554467,6.84,2
2025-11-06 15:45:00,21.246603629404,4.1736300633475,451.338993901114,0.323288167374333,0.192518975308133,6.79866666666667,2
2025-11-06 16:00:00,21.246603629404,4.1736300633475,451.338993901114,0.323288167374333,0.192440445554467,6.83266666666667,2
2025-11-06 16:15:00,21.170563912413,4.17669207246997,453.002579233774,0.318685672256633,0.1952092978024,7.33266666666667,2
2025-11-06 16:30:00,21.0676956660023,4.1261418424493,452.750969987387,0.326399545368433,0.1932875094946,7.54533333333333,2
2025-11-06 16:45:00,21.246603629404,4.1736300633475,451.338993901114,0.323288167374333,0.192440445554467,7.93933333333333,2
2025-11-06 17:00:00,21.1698748612773,3.98800018756247,455.945231065207,0.316447815581534,0.203843442471867,8.35533333333333,2
2025-11-06 17:15:00,21.0479604656273,3.98629114395914,455.885914582917,0.315116266245967,0.164695351208833,8.432,2
2025-11-06 17:30:00,21.0479604656273,3.98773325535914,455.862932716317,0.315964454022167,0.1862075502743,9.18466666666667,2
2025-11-06 17:45:00,21.3764968093513,4.22922373362497,456.095692741277,0.3199193671445,0.196902710542633,9.49066666666667,2
2025-11-06 18:00:00,21.0479604656273,3.98773325535914,455.862932716317,0.315993974022433,0.1862056455383,9.62,2
2025-11-06 18:15:00,21.0479604656273,3.98136021987914,455.878969896347,0.3149204549094,0.166136175156333,10.4606666666667,2
2025-11-06 18:30:00,21.0479604656273,3.98875531551914,455.892678316317,0.314816703579567,0.1664099746376,9.98466666666667,2
2025-11-06 18:45:00,21.0479604656273,3.98875531551914,455.892678316317,0.314813223579567,0.165851053403233,10.2233333333333,2
2025-11-06 19:00:00,21.0479604656273,3.98136021987914,455.878969896347,0.3148558469094,0.166190882250333,10.1153333333333,2
2025-11-06 19:15:00,21.1401880095573,3.98513451541247,455.968394907301,0.316989488470933,0.2043177910138,7.38133333333333,2
2025-11-06 19:30:00,21.246603629404,4.1736300633475,451.338993901114,0.323288167374333,0.1923408045547,7.52133333333333,2
2025-11-06 19:45:00,21.246603629404,4.1736300633475,451.338993901114,0.323288167374333,0.1921721708087,7.10533333333333,2
2025-11-06 20:00:00,21.084122928745,4.14160164055064,452.75313245402,0.321658100260633,0.193923188286,6.588,2
2025-11-06 20:15:00,21.11320417488,4.1475342818073,452.852040395987,0.320844381815766,0.194421223574,5.70666666666667,2
2025-11-06 20:30:00,21.0676956660023,4.1261418424493,452.750969987387,0.326399545368433,0.193366039248267,4.59266666666667,2
2025-11-06 20:45:00,21.246603629404,4.1769148188775,451.338993901114,0.323219860706333,0.1926918345655,4.588,2
2025-11-06 21:00:00,21.246603629404,4.1736300633475,451.338993901114,0.323225354040333,0.192505318046133,4.60533333333333,2
2025-11-06 21:15:00,21.246603629404,4.1736300633475,451.338993901114,0.323288167374333,0.192518975308133,5.04066666666667,2
2025-11-06 21:30:00,21.246603629404,4.1736300633475,451.338993901114,0.323288167374333,0.192518975308133,3.37533333333333,2
2025-11-06 21:45:00,21.246603629404,4.1736300633475,451.338993901114,0.323225354040333,0.192645555053467,3.266,2
2025-11-06 22:00:00,21.246603629404,4.1727581827975,451.338993901114,0.323225354040333,0.192509160364133,4.03533333333333,2
2025-11-06 22:15:00,21.246603629404,4.1736300633475,451.338993901114,0.323288167374333,0.192505318046133,4.67066666666667,2
2025-11-06 22:30:00,21.246603629404,4.1736300633475,451.338993901114,0.323225354040333,0.192791727300467,3.986,2
2025-11-06 22:45:00,21.246603629404,4.17402530869417,451.337460012197,0.323135620707,0.1957945233196,3.67266666666667,2
2025-11-06 23:00:00,21.2464921325673,4.16801122381083,451.350170790097,0.323844010707033,0.1952201417022,3.452,2
2025-11-06 23:15:00,21.23147451856,4.16596586678083,451.350170790097,0.323879501374233,0.195245967698533,2.82866666666667,2
2025-11-06 23:30:00,21.246603629404,4.1727786153975,451.338993901114,0.323225354040333,0.192636725030367,2.81533333333333,2
2025-11-06 23:45:00,21.246603629404,4.1736300633475,451.338993901114,0.323225354040333,0.192505318046133,3.42333333333333,2
2025-11-07 00:00:00,21.246603629404,4.1736300633475,451.338993901114,0.323288167374333,0.192518975308133,3.52,2
2025-11-07 00:15:00,21.246603629404,4.1736300633475,451.338993901114,0.323288167374333,0.192518975308133,3.84333333333333,2
2025-11-07 00:30:00,21.246603629404,4.1736300633475,451.338993901114,0.323288167374333,0.192440445554467,4.482,2
2025-11-07 00:45:00,21.246603629404,4.1736300633475,451.338993901114,0.323288167374333,0.192440445554467,4.93333333333333,2
2025-11-07 01:00:00,21.246603629404,4.1736300633475,451.338993901114,0.323288167374333,0.192440445554467,5.39266666666667,2
2025-11-07 01:15:00,21.246603629404,4.1736300633475,451.338993901114,0.323288167374333,0.192440445554467,5.544,2
2025-11-07 01:30:00,21.246603629404,4.1736300633475,451.338993901114,0.323288167374333,0.192440445554467,6.00333333333333,2
2025-11-07 01:45:00,21.246603629404,4.1736300633475,451.338993901114,0.323288167374333,0.192440445554467,6.44933333333333,2
2025-11-07 02:00:00,21.246603629404,4.1736300633475,451.338993901114,0.323288167374333,0.192440445554467,7.06866666666667,2
2025-11-07 02:15:00,21.246603629404,4.1736300633475,451.338993901114,0.323288167374333,0.192430904377867,7.91,2
2025-11-07 02:30:00,21.246603629404,4.1736300633475,451.338993901114,0.323288167374333,0.192430904377867,10.4353333333333,2
2025-11-07 02:45:00,21.246603629404,4.1736300633475,451.338993901114,0.323288167374333,0.192430904377867,9.67,2
2025-11-07 03:00:00,21.246603629404,4.1736300633475,451.338993901114,0.323288167374333,0.192430904377867,9.36866666666667,2
2025-11-07 03:15:00,21.418817332598,4.12311354714197,456.43234849421,0.319818852418466,0.1965444853267,9.33,2
2025-11-07 03:30:00,21.246603629404,4.1736300633475,451.338993901114,0.323288167374333,0.192430904377867,9.15266666666667,2
2025-11-07 03:45:00,21.246603629404,4.1736300633475,451.338993901114,0.323288167374333,0.192430904377867,9.34133333333333,2
2025-11-07 04:00:00,21.181806914124,4.1861866894533,452.958517224801,0.319029524478033,0.195336005249767,9.70533333333333,2
2025-11-07 04:15:00,21.0479604656273,3.98575763801914,455.892678316317,0.315136482245567,0.165945240471033,9.496,2
2025-11-07 04:30:00,21.246603629404,4.1736300633475,451.338993901114,0.323288167374333,0.192267114033033,9.18266666666667,2
2025-11-07 04:45:00,21.246603629404,4.1736300633475,451.338993901114,0.323288167374333,0.192440445554467,8.26733333333333,2
2025-11-07 05:00:00,21.246603629404,4.1736300633475,451.338993901114,0.323288167374333,0.192440445554467,8.316,2
2025-11-07 05:15:00,21.246603629404,4.1736300633475,451.338993901114,0.323288167374333,0.192440445554467,7.888,2
2025-11-07 05:30:00,21.246603629404,4.1736300633475,451.338993901114,0.323288167374333,0.192442350290467,8.19733333333333,2
2025-11-07 05:45:00,21.246603629404,4.1736300633475,451.338993901114,0.323288167374333,0.192331458673033,8.02066666666667,2
2025-11-07 06:00:00,21.1643184544003,4.0384155102378,455.936899942927,0.318242313579266,0.196268255878533,7.78466666666667,2
2025-11-07 06:15:00,21.1401880095573,3.99034604719914,455.951337860851,0.317547460247733,0.205488631504,8.21133333333333,2
2025-11-07 06:30:00,21.0479604656273,3.98930140363914,455.878969896347,0.2968601224766,0.166761732797,8.46866666666667,2
2025-11-07 06:45:00,21.0479604656273,3.98930140363914,455.878969896347,0.2968601224766,0.166617419252933,8.84866666666667,2
2025-11-07 07:00:00,21.0479604656273,3.98930140363914,455.878969896347,0.2968601224766,0.166761732797,7.94,2
2025-11-07 07:15:00,21.0479604656273,3.9863813520958,455.878969896347,0.2965325958106,0.166359889695767,7.65066666666667,2
2025-11-07 07:30:00,21.0479604656273,3.98182242679914,455.966084883167,0.315147790910067,0.165917289709267,6.18733333333333,2
2025-11-07 07:45:00,21.0479604656273,3.98457754782914,455.878969896347,0.300158291127267,0.166414033919633,6.85266666666667,2
2025-11-07 08:00:00,21.0479604656273,3.9893790295958,455.878969896347,0.2965325958106,0.166266374244767,6.47666666666667,2
2025-11-07 08:15:00,21.0479604656273,3.9899823827658,455.862932716317,0.315843001577867,0.179594139419867,5.75333333333333,2
2025-11-07 08:30:00,21.2436492198807,4.1751917619011,451.338993901114,0.323178474040333,0.192874542552267,5.05666666666667,2
2025-11-07 08:45:00,21.246603629404,4.1736300633475,451.338993901114,0.323288167374333,0.192440445554467,4.86,2
2025-11-07 09:00:00,21.246603629404,4.1736300633475,451.338993901114,0.323288167374333,0.192329553937033,4.78133333333333,2
2025-11-07 09:15:00,21.246603629404,4.1736300633475,451.338993901114,0.323288167374333,0.192440445554467,4.53533333333333,2
2025-11-07 09:30:00,21.0971649967827,4.1445217100173,452.76311538742,0.320788177369933,0.194234688231467,4.47466666666667,2
2025-11-07 09:45:00,21.246603629404,4.1736300633475,451.338993901114,0.323288167374333,0.192440445554467,4.628,2
2025-11-07 10:00:00,21.181806914124,4.1808521139833,452.958517224801,0.318531073811167,0.195014652906733,4.50666666666667,2
2025-11-07 10:15:00,21.0688199283887,4.1118336692151,451.496912701714,0.323502045597867,0.193204780098933,4.29066666666667,2
2025-11-07 10:30:00,21.246603629404,4.1736300633475,451.338993901114,0.323288167374333,0.1921721708087,3.932,2
2025-11-07 10:45:00,21.0971649967827,4.1445217100173,452.76311538742,0.321614452925933,0.193826498572967,4.31333333333333,2
2025-11-07 11:00:00,21.246603629404,4.1777662668275,451.338993901114,0.323282674040333,0.1927054918275,3.81333333333333,2
2025-11-07 11:15:00,21.1814507056823,4.18816512075663,452.955250991451,0.319777860476033,0.195490411442433,3.80533333333333,2
2025-11-07 11:30:00,21.1698748612773,3.98513940848247,455.945231065207,0.316592222026233,0.203842842835333,3.82466666666667,2
2025-11-07 11:45:00,21.170563912413,4.16631551994664,453.002579233774,0.3188264367009,0.195089690172033,4.158,2
2025-11-07 12:00:00,21.246603629404,4.1736300633475,451.338993901114,0.323288167374333,0.192518975308133,3.876,2
2025-11-07 12:15:00,21.246603629404,4.1790535206275,451.338993901114,0.323377900707333,0.192784990333367,3.78933333333333,2
2025-11-07 12:30:00,21.0676956660023,4.1259400974093,452.74077865412,0.326424743592167,0.1933408204228,3.78333333333333,2
2025-11-07 12:45:00,21.053292353184,4.11579483342177,452.504388805627,0.324025886927667,0.1932833098526,3.94133333333333,2
2025-11-07 13:00:00,21.1814507056823,4.18816512075663,452.955250991451,0.319777860476033,0.1955689411961,3.90933333333333,2
2025-11-07 13:15:00,21.246603629404,4.1736300633475,451.338993901114,0.323288167374333,0.192518975308133,4.04666666666667,2
2025-11-07 13:30:00,21.0676956660023,4.1259400974093,452.74077865412,0.326424743592167,0.1933408204228,4.08066666666667,2
2025-11-07 13:45:00,21.246603629404,4.1736300633475,451.338993901114,0.323288167374333,0.192518975308133,4.022,2
2025-11-07 14:00:00,21.246603629404,4.1790535206275,451.338993901114,0.323377900707333,0.192784990333367,3.78133333333333,2
2025-11-07 14:15:00,21.1638731511003,4.03897147411447,455.974903960861,0.319673009579866,0.196238340166367,4.40866666666667,2
2025-11-07 14:30:00,21.1740244471287,4.16009632043664,453.002579233774,0.3190422526995,0.1951004721857,4.05333333333333,2
2025-11-07 14:45:00,21.0971649967827,4.1445217100173,452.76311538742,0.320980206703533,0.194234688231467,4.07533333333333,2
2025-11-07 15:00:00,21.246603629404,4.1777662668275,451.338993901114,0.323282674040333,0.192872552194633,3.64266666666667,2
2025-11-07 15:15:00,21.1643184544003,4.00656844431647,455.936899942927,0.318169353578066,0.196268250897633,4.16533333333333,2
2025-11-07 15:30:00,21.1698748612773,4.07204423896914,455.932229643007,0.316914080250134,0.211171080627933,4.44066666666667,2
2025-11-07 15:45:00,21.0479604656273,3.9885717805858,455.892678316317,0.315108883578567,0.165664076308433,4.20733333333333,2
2025-11-07 16:00:00,21.1638731511003,4.03321430229114,455.913341516327,0.319579771137266,0.1966903999861,4.022,2
2025-11-07 16:15:00,21.1698748612773,4.07760878872914,455.954628976327,0.3178347995808,0.2119056659216,4.29,2
2025-11-07 16:30:00,21.1401880095573,3.9844140153358,455.951587316401,0.3174497675809,0.1884204984946,4.18,2
2025-11-07 16:45:00,21.0479604656273,3.98875531551914,455.892678316317,0.314877043578566,0.165918327893233,4.874,2
2025-11-07 17:00:00,21.0479604656273,3.98757522532914,455.878969896347,0.300158291127267,0.166414033919633,4.84866666666667,2
2025-11-07 17:15:00,21.0479604656273,3.98415867952914,455.878969896347,0.31503573491,0.166031307461833,5.102,2
2025-11-07 17:30:00,21.0479604656273,3.98930140363914,455.878969896347,0.2970161491426,0.166600398800733,6.38466666666667,2
2025-11-07 17:45:00,21.0479604656273,3.98875531551914,455.892678316317,0.315108883578567,0.165851053403233,4.44266666666667,2
2025-11-07 18:00:00,21.0479604656273,3.98435789737914,455.878969896347,0.3149842749084,0.1661586664798,5.056,2
2025-11-07 18:15:00,21.0479604656273,3.98689127092914,455.878969896347,0.3034962429054,0.166025703240833,4.64,2
2025-11-07 18:30:00,21.0479604656273,3.99229908113914,455.878969896347,0.2968601224766,0.166595224561967,5.57866666666667,2
2025-11-07 18:45:00,21.0479604656273,3.99229908113914,455.878969896347,0.2968601224766,0.166761732797,6.31466666666667,2
2025-11-07 19:00:00,21.0479604656273,3.98998363739914,455.878969896347,0.2966233358106,0.166299038429767,6.12533333333333,2
2025-11-07 19:15:00,21.0479604656273,3.98675862033914,455.878969896347,0.2966233358106,0.166372750002867,6.46266666666667,2
2025-11-07 19:30:00,21.0479604656273,3.98930140363914,455.878969896347,0.2968601224766,0.166830250376333,7.23266666666667,2
2025-11-07 19:45:00,21.0479604656273,3.99229908113914,455.878969896347,0.2968601224766,0.166761732797,7.388,2
2025-11-07 20:00:00,21.0479604656273,3.98930140363914,455.878969896347,0.2968601224766,0.166617419252933,8.35866666666667,2
2025-11-07 20:15:00,21.0479604656273,3.98930140363914,455.878969896347,0.2970161491426,0.166952236711167,7.99933333333333,2
2025-11-07 20:30:00,21.0479604656273,3.98675862033914,455.878969896347,0.2966233358106,0.1662169905462,7.94533333333333,2
2025-11-07 20:45:00,21.0479604656273,3.98930140363914,455.878969896347,0.2968601224766,0.166605973340333,8.61466666666667,2
2025-11-07 21:00:00,21.0479604656273,3.98930140363914,455.878969896347,0.2968601224766,0.1664509110179,7.57,2
2025-11-07 21:15:00,21.0479604656273,3.98389359342914,455.878969896347,0.305033318905033,0.166080410334833,6.98066666666667,2
2025-11-07 21:30:00,21.0479604656273,3.98182242679914,455.878969896347,0.3151109082434,0.1661872696198,5.97466666666667,2
2025-11-07 21:45:00,21.0479604656273,3.98629114395914,455.885914582917,0.314908122245567,0.1649985341813,6.492,2
2025-11-07 22:00:00,21.0479604656273,3.98182242679914,455.878969896347,0.3150463002434,0.166089082823967,6.26,2
2025-11-07 22:15:00,21.0479604656273,3.98136021987914,455.878969896347,0.3148558469094,0.166190882250333,6.988,2
2025-11-07 22:30:00,21.0479604656273,3.98773325535914,455.862932716317,0.316032760688833,0.1862075502743,5.51866666666667,2
2025-11-07 22:45:00,21.0479604656273,3.98396322557914,455.904196749767,0.315211390910967,0.166181691709467,5.61466666666667,2
2025-11-07 23:00:00,21.0479604656273,3.98575763801914,455.892678316317,0.314816703579567,0.166174104876467,6.09066666666667,2
2025-11-07 23:15:00,21.0479604656273,3.98829353875914,455.862932716317,0.315941618021767,0.190229070945333,5.472,2
2025-11-07 23:30:00,21.0479604656273,3.98575763801914,455.892678316317,0.314813223579567,0.165974939723233,5.96266666666667,2
2025-11-07 23:45:00,21.4442027488433,4.14375352010864,456.53782696091,0.319818852418466,0.196793663092367,6.406,2
2025-11-08 00:00:00,21.246603629404,4.1799772892275,451.338993901114,0.323377900707333,0.1927083653157,8.01666666666667,2
2025-11-08 00:15:00,21.246603629404,4.1736300633475,451.338993901114,0.323288167374333,0.192442350290467,6.12333333333333,2
2025-11-08 00:30:00,21.246603629404,4.1736300633475,451.338993901114,0.323288167374333,0.192442350290467,6.06933333333333,2
2025-11-08 00:45:00,21.1698748612773,4.02281809074247,455.936899942927,0.317558540018,0.1943745566431,6.90133333333333,2
2025-11-08 01:00:00,21.0479604656273,3.98457754782914,455.878969896347,0.300754802682034,0.166219873667367,9.41933333333333,2
2025-11-08 01:15:00,21.0479604656273,3.98575763801914,455.892678316317,0.314908122245567,0.1660063719658,6.82066666666667,2
2025-11-08 01:30:00,21.0479604656273,3.98575763801914,455.892678316317,0.315453844911567,0.165735258081367,6.726,2
2025-11-08 01:45:00,21.1401880095573,3.98995196686914,455.951587316401,0.317886581357567,0.196169580748867,7.03333333333333,2
2025-11-08 02:00:00,21.246603629404,4.1736300633475,451.338993901114,0.323288167374333,0.192442350290467,3.736,2
2025-11-08 02:15:00,21.246603629404,4.1736300633475,451.338993901114,0.323288167374333,0.192442350290467,4.496,2
2025-11-08 02:30:00,21.246603629404,4.1736300633475,451.338993901114,0.323288167374333,0.192442350290467,7.164,2
2025-11-08 02:45:00,21.246603629404,4.1736300633475,451.338993901114,0.323288167374333,0.192430904377867,10.0286666666667,2
2025-11-08 03:00:00,21.246603629404,4.1736300633475,451.338993901114,0.323288167374333,0.192430904377867,6.382,2
2025-11-08 03:15:00,21.246603629404,4.1736300633475,451.338993901114,0.323288167374333,0.192442350290467,8.004,2
2025-11-08 03:30:00,21.1698748612773,3.98569157261247,456.065082540751,0.317365418471767,0.211325166812333,7.504,2
2025-11-08 03:45:00,21.0479604656273,3.98297633099914,455.878969896347,0.3148558469094,0.166318686675,9.392,2
2025-11-08 04:00:00,21.0479604656273,3.9860630336958,455.878969896347,0.297386685797567,0.166405453647933,13.4766666666667,2
2025-11-08 04:15:00,21.0479604656273,3.98930140363914,455.878969896347,0.2970161491426,0.166998156379033,15.8293333333333,2
2025-11-08 04:30:00,21.0479604656273,3.98930140363914,455.878969896347,0.2970161491426,0.166935247204667,14.358,2
2025-11-08 04:45:00,21.0479604656273,3.98930140363914,455.878969896347,0.2970161491426,0.166952236711167,11.9066666666667,2
2025-11-08 05:00:00,21.0479604656273,3.98930140363914,455.878969896347,0.2970161491426,0.166952236711167,15.204,2
2025-11-08 05:15:00,21.0479604656273,3.98930140363914,455.878969896347,0.2970161491426,0.166998156379033,11.172,2
2025-11-08 05:30:00,21.0479604656273,3.98930140363914,455.878969896347,0.2970161491426,0.166967313655033,12.812,2
2025-11-08 05:45:00,21.0479604656273,3.98930140363914,455.878969896347,0.2970161491426,0.166998156379033,14.5993333333333,2
2025-11-08 06:00:00,21.0479604656273,3.98861637383914,455.878969896347,0.2970161491426,0.166967313655033,13.516,2
2025-11-08 06:15:00,21.0479604656273,3.98930140363914,455.878969896347,0.2970161491426,0.166998156379033,10.824,2
2025-11-08 06:30:00,21.0479604656273,3.98389359342914,455.878969896347,0.303697032682167,0.166056935709967,8.97733333333333,2
2025-11-08 06:45:00,21.0479604656273,3.98396322557914,455.892678316317,0.315302809576967,0.165790716203367,8.272,2
2025-11-08 07:00:00,21.1698748612773,3.98703851111247,456.019038620791,0.317456632026933,0.218142417554233,6.81666666666667,2
2025-11-08 07:15:00,21.0479604656273,3.98443882122914,455.878969896347,0.2981427302369,0.166101893419767,8.776,2
2025-11-08 07:30:00,21.0479604656273,3.98930140363914,455.878969896347,0.2970161491426,0.166935247204667,9.48533333333333,2
2025-11-08 07:45:00,21.0479604656273,3.98930140363914,455.878969896347,0.2970161491426,0.166935247204667,8.18,2
2025-11-08 08:00:00,21.0479604656273,3.98930140363914,455.878969896347,0.2970161491426,0.166600398800733,7.69066666666667,2
2025-11-08 08:15:00,21.0479604656273,3.98930140363914,455.878969896347,0.2968601224766,0.166605973340333,7.29666666666667,2
2025-11-08 08:30:00,21.0479604656273,3.9860630336958,455.878969896347,0.297449681353567,0.166091229763167,5.996,2
2025-11-08 08:45:00,21.0479604656273,3.98930140363914,455.878969896347,0.2968601224766,0.166617419252933,5.92866666666667,2
2025-11-08 09:00:00,21.0479604656273,3.98930140363914,455.878969896347,0.2968601224766,0.166830250376333,4.938,2
2025-11-08 09:15:00,21.0479604656273,3.98930140363914,455.878969896347,0.2968601224766,0.166761732797,5.38466666666667,2
2025-11-08 09:30:00,21.0479604656273,3.98930140363914,455.878969896347,0.2968601224766,0.166605973340333,5.538,2
2025-11-08 09:45:00,21.0479604656273,3.98930140363914,455.878969896347,0.2970161491426,0.166935247204667,7.232,2
2025-11-08 10:00:00,21.0479604656273,3.98930140363914,455.878969896347,0.2970161491426,0.166935247204667,11.846,2
2025-11-08 10:15:00,21.0479604656273,3.98930140363914,455.878969896347,0.2970161491426,0.166935247204667,6.52333333333333,2
2025-11-08 10:30:00,21.0479604656273,3.98930140363914,455.878969896347,0.2970161491426,0.166600398800733,5.62,2
2025-11-08 10:45:00,21.0479604656273,3.98930140363914,455.878969896347,0.2970161491426,0.166600398800733,5.10533333333333,2
2025-11-08 11:00:00,21.0479604656273,3.98930140363914,455.878969896347,0.2970161491426,0.166600398800733,5.17733333333333,2
2025-11-08 11:15:00,21.0479604656273,3.98930140363914,455.878969896347,0.2970161491426,0.166600398800733,5.52933333333333,2
2025-11-08 11:30:00,21.0479604656273,3.98930140363914,455.878969896347,0.2970161491426,0.166600398800733,5.20733333333333,2
2025-11-08 11:45:00,21.0479604656273,3.98930140363914,455.878969896347,0.2968601224766,0.166617419252933,4.866,2
2025-11-08 12:00:00,21.0479604656273,3.98930140363914,455.878969896347,0.2968601224766,0.166617419252933,4.572,2
2025-11-08 12:15:00,21.0479604656273,3.98930140363914,455.878969896347,0.2968601224766,0.166617419252933,4.60066666666667,2
2025-11-08 12:30:00,21.0479604656273,3.98930140363914,455.878969896347,0.2968601224766,0.166617419252933,4.71866666666667,2
2025-11-08 12:45:00,21.0479604656273,3.98930140363914,455.878969896347,0.2968601224766,0.166617419252933,3.95866666666667,2
2025-11-08 13:00:00,21.0479604656273,3.98930140363914,455.878969896347,0.2970161491426,0.166600398800733,3.90466666666667,2
2025-11-08 13:15:00,21.0479604656273,3.98930140363914,455.878969896347,0.2970161491426,0.166600398800733,4.02666666666667,2
2025-11-08 13:30:00,21.0479604656273,3.98930140363914,455.878969896347,0.2970161491426,0.166600398800733,4.012,2
2025-11-08 13:45:00,21.0479604656273,3.98930140363914,455.878969896347,0.2970161491426,0.166935247204667,4.21066666666667,2
2025-11-08 14:00:00,21.0479604656273,3.98930140363914,455.878969896347,0.2970161491426,0.166935247204667,4.26866666666667,2
2025-11-08 14:15:00,21.0479604656273,3.98930140363914,455.878969896347,0.2970161491426,0.166935247204667,4.41466666666667,2
2025-11-08 14:30:00,21.0479604656273,3.98930140363914,455.878969896347,0.2970161491426,0.166935247204667,5.01466666666667,2
2025-11-08 14:45:00,21.0479604656273,3.98930140363914,455.878969896347,0.2970161491426,0.166952236711167,5.22866666666667,2
2025-11-08 15:00:00,21.0479604656273,3.98930140363914,455.878969896347,0.2970161491426,0.166998156379033,5.38733333333333,2
2025-11-08 15:15:00,21.0479604656273,3.98861637383914,455.878969896347,0.2970161491426,0.166967313655033,5.84933333333333,2
2025-11-08 15:30:00,21.0479604656273,3.98930140363914,455.878969896347,0.2970161491426,0.166998156379033,5.33733333333333,2
2025-11-08 15:45:00,21.0479604656273,3.98930140363914,455.878969896347,0.2970161491426,0.166600398800733,4.844,2
2025-11-08 16:00:00,21.0479604656273,3.98930140363914,455.878969896347,0.2970161491426,0.166600398800733,5.722,2
2025-11-08 16:15:00,21.0479604656273,3.98930140363914,455.878969896347,0.2970161491426,0.166935247204667,5.93266666666667,2
2025-11-08 16:30:00,21.0479604656273,3.98930140363914,455.878969896347,0.2970161491426,0.166935247204667,4.984,2
2025-11-08 16:45:00,21.0479604656273,3.98930140363914,455.878969896347,0.2970161491426,0.166935247204667,4.614,2
2025-11-08 17:00:00,21.0479604656273,3.98930140363914,455.878969896347,0.2970161491426,0.166952236711167,5.88133333333333,2
2025-11-08 17:15:00,21.0479604656273,3.98930140363914,455.878969896347,0.2970161491426,0.166998156379033,6.59866666666667,2
2025-11-08 17:30:00,21.0479604656273,3.98930140363914,455.878969896347,0.2970161491426,0.166952236711167,7.31933333333333,2
2025-11-08 17:45:00,21.0479604656273,3.99023431313914,455.878969896347,0.2970161491426,0.167020905100833,7.43066666666667,2
2025-11-08 18:00:00,21.0479604656273,3.99023431313914,455.878969896347,0.2970161491426,0.167020905100833,8.03333333333333,2
2025-11-08 18:15:00,21.0479604656273,3.99023431313914,455.878969896347,0.2970161491426,0.167020905100833,8.21066666666667,2
2025-11-08 18:30:00,21.0479604656273,3.99200119533914,455.878969896347,0.2970161491426,0.167024301435167,8.502,2
2025-11-08 18:45:00,21.0479604656273,3.98861637383914,455.878969896347,0.2970161491426,0.166967313655033,7.56866666666667,2
2025-11-08 19:00:00,21.0479604656273,3.98930140363914,455.878969896347,0.2970161491426,0.166998156379033,8.478,2
2025-11-08 19:15:00,21.0479604656273,3.98930140363914,455.878969896347,0.2970161491426,0.166998156379033,9.532,2
2025-11-08 19:30:00,21.0479604656273,3.99023431313914,455.878969896347,0.2970161491426,0.167020905100833,10.59,2
2025-11-08 19:45:00,21.0479604656273,3.99023431313914,455.878969896347,0.2970161491426,0.167020905100833,12.1313333333333,2
2025-11-08 20:00:00,21.0479604656273,3.99023431313914,455.878969896347,0.2970161491426,0.167020905100833,11.38,2
2025-11-08 20:15:00,21.0479604656273,3.99044616693914,455.878969896347,0.2970161491426,0.167044329395833,13.3466666666667,2
2025-11-08 20:30:00,21.0479604656273,3.99023431313914,455.878969896347,0.2970161491426,0.167020905100833,12.274,2
2025-11-08 20:45:00,21.0479604656273,3.99023431313914,455.878969896347,0.2970161491426,0.167030929753833,11.7606666666667,2
2025-11-08 21:00:00,21.0479604656273,3.98930140363914,455.878969896347,0.2970161491426,0.166676244628233,8.61133333333333,2
2025-11-08 21:15:00,21.0479604656273,3.98930140363914,455.878969896347,0.2970161491426,0.166456304270233,8.374,2
2025-11-08 21:30:00,21.0479604656273,3.98930140363914,455.878969896347,0.2970161491426,0.166998156379033,17.152,2
2025-11-08 21:45:00,21.0479604656273,3.99023431313914,455.878969896347,0.2970161491426,0.167020905100833,9.978,2
2025-11-08 22:00:00,21.0479604656273,3.98930140363914,455.878969896347,0.2970161491426,0.166935247204667,7.592,2
2025-11-08 22:15:00,21.0479604656273,3.9863813520958,455.878969896347,0.2966886224766,0.166130038120167,7.17066666666667,2
2025-11-08 22:30:00,21.0479604656273,3.98930140363914,455.878969896347,0.2970161491426,0.166998156379033,10.1146666666667,2
2025-11-08 22:45:00,21.0479604656273,3.98930140363914,455.878969896347,0.2970161491426,0.166967313655033,11.2986666666667,2
2025-11-08 23:00:00,21.0479604656273,3.99023431313914,455.878969896347,0.2970161491426,0.167020905100833,10.7266666666667,2
2025-11-08 23:15:00,21.0479604656273,3.98930140363914,455.878969896347,0.2970161491426,0.166952236711167,9.02133333333333,2
2025-11-08 23:30:00,21.0479604656273,3.98826586513247,455.878969896347,0.2967793624766,0.166438117832933,7.45466666666667,2
2025-11-08 23:45:00,21.0479604656273,3.98457754782914,455.878969896347,0.302745385572533,0.166219873667367,6.204,2
2025-11-09 00:00:00,21.0479604656273,3.9860630336958,455.878969896347,0.2972171702419,0.166091229763167,5.78666666666667,2
2025-11-09 00:15:00,21.0479604656273,3.98116100202914,455.878969896347,0.31497112691,0.166131546887767,5.82066666666667,2
2025-11-09 00:30:00,21.0479604656273,3.98389359342914,455.878969896347,0.303741899348167,0.166402575924233,6.91866666666667,2
2025-11-09 00:45:00,21.0479604656273,3.98457754782914,455.878969896347,0.2999923295696,0.166232435265367,7.124,2
2025-11-09 01:00:00,21.0479604656273,3.9860630336958,455.878969896347,0.2966886224766,0.166091229763167,7.35266666666667,2
2025-11-09 01:15:00,21.0479604656273,3.98930140363914,455.878969896347,0.2970161491426,0.166998156379033,8.014,2
2025-11-09 01:30:00,21.0479604656273,3.9863813520958,455.878969896347,0.2966886224766,0.1665324456309,8.20333333333333,2
2025-11-09 01:45:00,21.0479604656273,3.9863813520958,455.878969896347,0.2966886224766,0.166444262004933,7.74733333333333,2
2025-11-09 02:00:00,21.0479604656273,3.98389359342914,455.878969896347,0.304983996681867,0.166371159594733,7.65333333333333,2
2025-11-09 02:15:00,21.0479604656273,3.98443882122914,455.878969896347,0.296726011352067,0.166405453647933,8.18866666666667,2
2025-11-09 02:30:00,21.0479604656273,3.98716824019914,455.843411249651,0.314879070468967,0.173097300643633,8.84866666666667,2
2025-11-09 02:45:00,21.0479604656273,3.98324109447914,455.878969896347,0.3065711606804,0.166074161976233,8.85333333333333,2
2025-11-09 03:00:00,21.0479604656273,3.98930140363914,455.878969896347,0.2970161491426,0.166600398800733,8.94533333333333,2
2025-11-09 03:15:00,21.0479604656273,3.98443882122914,455.878969896347,0.2981890635709,0.166292465432867,8.89933333333333,2
2025-11-09 03:30:00,21.0479604656273,3.98182242679914,455.878969896347,0.3148885535754,0.1660711827387,9.52933333333333,2
2025-11-09 03:45:00,21.0658067181893,4.1238473398963,452.775193187387,0.325456981146567,0.1932894142306,8.97066666666667,2
2025-11-09 04:00:00,21.246603629404,4.1736300633475,451.338993901114,0.323288167374333,0.192442350290467,9.056,2
2025-11-09 04:15:00,21.246603629404,4.1736300633475,451.338993901114,0.323288167374333,0.192440445554467,7.71533333333333,2
2025-11-09 04:30:00,21.246603629404,4.1736300633475,451.338993901114,0.323288167374333,0.192442350290467,8.20266666666667,2
2025-11-09 04:45:00,21.246603629404,4.1736300633475,451.338993901114,0.323288167374333,0.192442350290467,7.65133333333333,2
2025-11-09 05:00:00,21.246603629404,4.1736300633475,451.338993901114,0.323288167374333,0.192430904377867,8.282,2
2025-11-09 05:15:00,21.246603629404,4.1736300633475,451.338993901114,0.323288167374333,0.192442350290467,7.99666666666667,2
2025-11-09 05:30:00,21.246603629404,4.1736300633475,451.338993901114,0.323288167374333,0.192442350290467,7.79133333333333,2
2025-11-09 05:45:00,21.246603629404,4.1736300633475,451.338993901114,0.323288167374333,0.192442350290467,8.53066666666667,2
2025-11-09 06:00:00,21.246603629404,4.1736300633475,451.338993901114,0.323288167374333,0.192442350290467,8.98733333333333,2
2025-11-09 06:15:00,21.246603629404,4.1736300633475,451.338993901114,0.323288167374333,0.192442350290467,7.99866666666667,2
2025-11-09 06:30:00,21.246603629404,4.1736300633475,451.338993901114,0.323288167374333,0.192442350290467,8.116,2
2025-11-09 06:45:00,21.1401880095573,3.98569157261247,455.968394907301,0.317198963137067,0.204295299690333,8.10333333333333,2
2025-11-09 07:00:00,21.1740244471287,4.15876164149664,453.002579233774,0.3188264367009,0.195013065154367,7.57733333333333,2
2025-11-09 07:15:00,21.0479604656273,3.9860630336958,455.878969896347,0.297230659131567,0.166321081338767,8.33666666666667,2
2025-11-09 07:30:00,21.0479604656273,3.98389359342914,455.878969896347,0.305033318905033,0.166025703240833,7.17533333333333,2
2025-11-09 07:45:00,21.246603629404,4.1736300633475,451.338993901114,0.323288167374333,0.192442350290467,6.5,2
2025-11-09 08:00:00,21.246603629404,4.1736300633475,451.338993901114,0.323288167374333,0.192440445554467,6.27333333333333,2
2025-11-09 08:15:00,21.246603629404,4.1736300633475,451.338993901114,0.323288167374333,0.192440445554467,6.834,2
2025-11-09 08:30:00,21.246603629404,4.1736300633475,451.338993901114,0.323288167374333,0.192440445554467,6.40733333333333,2
2025-11-09 08:45:00,21.0479604656273,3.98563009557914,455.878969896347,0.314027777570167,0.165931091184633,8.91466666666667,2
2025-11-09 09:00:00,21.246603629404,4.1736300633475,451.338993901114,0.323288167374333,0.192442350290467,7.57733333333333,2
2025-11-09 09:15:00,21.246603629404,4.1736300633475,451.338993901114,0.323288167374333,0.192440445554467,6.35466666666667,2
2025-11-09 09:30:00,21.246603629404,4.1736300633475,451.338993901114,0.323288167374333,0.192440445554467,4.814,2
2025-11-09 09:45:00,21.246603629404,4.1736300633475,451.338993901114,0.323288167374333,0.192440445554467,4.73333333333333,2
2025-11-09 10:00:00,21.246603629404,4.1736300633475,451.338993901114,0.323288167374333,0.192440445554467,3.516,2
2025-11-09 10:15:00,21.246603629404,4.1736300633475,451.338993901114,0.323288167374333,0.192440445554467,2.938,2
2025-11-09 10:30:00,21.246603629404,4.1736300633475,451.338993901114,0.323288167374333,0.192440445554467,3.822,2
2025-11-09 10:45:00,21.246603629404,4.1736300633475,451.338993901114,0.323288167374333,0.192440445554467,4.18,2
2025-11-09 11:00:00,21.246603629404,4.1736300633475,451.338993901114,0.323288167374333,0.192440445554467,4.366,2
2025-11-09 11:15:00,21.0609057485093,4.1238473398963,452.775193187387,0.324998557591867,0.1932282334446,5.26333333333333,2
2025-11-09 11:30:00,21.1740244471287,4.15422893803664,453.002579233774,0.319137786032833,0.1949119546682,6.242,2
2025-11-09 11:45:00,21.246603629404,4.1736300633475,451.338993901114,0.323288167374333,0.192440445554467,7.78466666666667,2
2025-11-09 12:00:00,21.19087427645,4.14762141891443,451.338993901114,0.323837183820567,0.193320935688033,8.188,2
2025-11-09 12:15:00,21.246603629404,4.1736300633475,451.338993901114,0.323288167374333,0.192440445554467,7.15,2
2025-11-09 12:30:00,21.0479604656273,3.9891052865258,455.885914582917,0.315043792245267,0.165004164205767,7.44466666666667,2
2025-11-09 12:45:00,21.0479604656273,3.9885717805858,455.892678316317,0.315164006244567,0.1656371152261,8.09,2
2025-11-09 13:00:00,21.0479604656273,3.98563009557914,455.878969896347,0.314199644236167,0.1659554872441,9.49133333333333,2
2025-11-09 13:15:00,21.0479604656273,3.9883826177258,455.885914582917,0.314898205579266,0.164779792483167,8.24066666666667,2
2025-11-09 13:30:00,21.24852566717,4.14490353313777,451.338993901114,0.323282674040333,0.192826416106733,7.54066666666667,2
2025-11-09 13:45:00,21.0479604656273,3.98482010429914,455.878969896347,0.3151064215754,0.1660492964222,8.834,2
2025-11-09 14:00:00,21.1401880095573,3.9901625122658,455.951337860851,0.317730973579433,0.2051913549352,8.946,2
2025-11-09 14:15:00,21.246603629404,4.1736300633475,451.338993901114,0.323288167374333,0.192440445554467,9.08733333333333,2
2025-11-09 14:30:00,21.246603629404,4.1736300633475,451.338993901114,0.323288167374333,0.192440445554467,9.18466666666667,2
2025-11-09 14:45:00,21.1698748612773,4.0340618458258,455.936899942927,0.317875938692,0.2051877258252,9.18066666666667,2
2025-11-09 15:00:00,21.1698748612773,3.98703851111247,456.05988184751,0.317456632026933,0.218151958730833,9.32866666666667,2
2025-11-09 15:15:00,21.4647139358343,4.25379092400497,456.85052685448,0.320182460476833,0.1968114162788,9.39466666666667,2
2025-11-09 15:30:00,21.1698748612773,3.9946179482358,455.932229643007,0.317163392471334,0.204293198600967,9.876,2
2025-11-09 15:45:00,21.170563912413,4.17669207246997,453.002579233774,0.318685672256633,0.1952092978024,11.452,2
2025-11-09 16:00:00,21.1401880095573,3.99034604719914,455.951587316401,0.317877625358367,0.205078859124867,11.208,2
2025-11-09 16:15:00,21.1698748612773,4.09179105638913,455.954628976327,0.318191154026133,0.2160923223786,11.6426666666667,2
2025-11-09 16:30:00,21.0479604656273,3.98263241807914,455.878969896347,0.3147323615736,0.166130701966633,12.018,2
2025-11-09 16:45:00,21.0479604656273,3.98482010429914,455.966084883167,0.315147790910067,0.165915384973267,11.72,2
2025-11-09 17:00:00,21.0479604656273,3.98116100202914,455.878969896347,0.31503573491,0.166088285706367,12.4126666666667,2
2025-11-09 17:15:00,21.0479604656273,3.98116100202914,455.878969896347,0.31503573491,0.166087610031833,12.0726666666667,2
2025-11-09 17:30:00,21.0479604656273,3.98826586513247,455.878969896347,0.2966233358106,0.166140914400367,12.282,2
2025-11-09 17:45:00,21.0479604656273,3.9860630336958,455.878969896347,0.2966886224766,0.166091229763167,13.0706666666667,2
2025-11-09 18:00:00,21.0479604656273,3.98773325535914,455.862932716317,0.316005438021767,0.187412050130633,13.5493333333333,2
2025-11-09 18:15:00,21.0479604656273,3.98575763801914,455.892678316317,0.314980455579567,0.165956686383633,13.2786666666667,2
2025-11-09 18:30:00,21.246603629404,4.1777662668275,451.338993901114,0.323377900707333,0.1927083653157,12.4953333333333,2
2025-11-09 18:45:00,21.1401880095573,3.9844140153358,455.951587316401,0.317730554691567,0.189516014052333,12.5633333333333,2
2025-11-09 19:00:00,21.246603629404,4.1790535206275,451.338993901114,0.323377900707333,0.1927083653157,12.404,2
2025-11-09 19:15:00,21.246603629404,4.1736300633475,451.338993901114,0.323288167374333,0.192440445554467,11.5526666666667,2
2025-11-09 19:30:00,21.1676523006907,4.15049514478064,452.996123567074,0.319892488702166,0.1947587002962,11.47,2
2025-11-09 19:45:00,21.0479604656273,3.9837861968158,455.959117983067,0.317145514471267,0.1962998416841,11.5753333333333,2
2025-11-09 20:00:00,21.1401880095573,3.99034604719914,455.951587316401,0.317877625358367,0.196302558088467,9.544,2
2025-11-09 20:15:00,21.0479604656273,3.98389359342914,455.878969896347,0.302541501128867,0.166243348292233,10.3613333333333,2
2025-11-09 20:30:00,21.0479604656273,3.98689127092914,455.878969896347,0.303585872682167,0.166025703240833,8.43133333333333,2
2025-11-09 20:45:00,21.2117887442737,4.14796566294443,451.338993901114,0.323146357817067,0.193341792056933,3.58466666666667,2
2025-11-09 21:00:00,21.1401880095573,3.98513451541247,455.968394907301,0.317591655804967,0.211424462048967,3.02,2
2025-11-09 21:15:00,21.246603629404,4.1736300633475,451.338993901114,0.323225354040333,0.1922999191682,4.132,2
2025-11-09 21:30:00,21.246603629404,4.1736300633475,451.338993901114,0.323288167374333,0.192518975308133,4.14466666666667,2
2025-11-09 21:45:00,21.246603629404,4.1736300633475,451.338993901114,0.323288167374333,0.192518975308133,3.70066666666667,2
2025-11-09 22:00:00,21.246603629404,4.1736300633475,451.338993901114,0.323288167374333,0.192259770405367,4.00133333333333,2
2025-11-09 22:15:00,21.246603629404,4.1736300633475,451.338993901114,0.323288167374333,0.192518975308133,3.62466666666667,2
2025-11-09 22:30:00,21.246603629404,4.1736300633475,451.338993901114,0.323288167374333,0.192518975308133,3.608,2
2025-11-09 22:45:00,21.1698748612773,4.10209276107247,455.954628976327,0.318270026917567,0.216394690312333,3.28933333333333,2
2025-11-09 23:00:00,21.246603629404,4.1736300633475,451.338993901114,0.323288167374333,0.192518975308133,2.656,2
2025-11-09 23:15:00,21.246603629404,4.1736300633475,451.338993901114,0.323288167374333,0.192518975308133,4.18066666666667,2
2025-11-09 23:30:00,21.246603629404,4.1736300633475,451.338993901114,0.323288167374333,0.192440445554467,7.35333333333333,2
2025-11-09 23:45:00,21.24852566717,4.1498866293675,451.338993901114,0.323282674040333,0.192826416106733,8.05933333333333,2
2025-11-10 00:00:00,21.246603629404,4.1736300633475,451.338993901114,0.323288167374333,0.192440445554467,4.68333333333333,2
2025-11-10 00:15:00,21.246603629404,4.1736300633475,451.338993901114,0.323288167374333,0.192518975308133,3.53866666666667,2
2025-11-10 00:30:00,21.246603629404,4.1736300633475,451.338993901114,0.323288167374333,0.192518975308133,3.39333333333333,2
2025-11-10 00:45:00,21.246603629404,4.1736300633475,451.338993901114,0.323225354040333,0.192505318046133,2.25466666666667,2
2025-11-10 01:00:00,21.246603629404,4.1736300633475,451.338993901114,0.323288167374333,0.192518975308133,2.69333333333333,2
2025-11-10 01:15:00,21.246603629404,4.1736300633475,451.338993901114,0.323288167374333,0.192518975308133,2.978,2
2025-11-10 01:30:00,21.246603629404,4.1736300633475,451.338993901114,0.323288167374333,0.192518975308133,2.51733333333333,2
2025-11-10 01:45:00,21.246603629404,4.1736300633475,451.338993901114,0.323288167374333,0.192518975308133,2.35,2
2025-11-10 02:00:00,21.246603629404,4.1736300633475,451.338993901114,0.323288167374333,0.192518975308133,2.656,2
2025-11-10 02:15:00,21.246603629404,4.1736300633475,451.338993901114,0.323288167374333,0.192518975308133,3.27266666666667,2
2025-11-10 02:30:00,21.246603629404,4.1736300633475,451.338993901114,0.323288167374333,0.192505318046133,3.34333333333333,2
2025-11-10 02:45:00,21.246603629404,4.1736300633475,451.338993901114,0.323288167374333,0.192518975308133,4.41133333333333,2
2025-11-10 03:00:00,21.246603629404,4.1736300633475,451.338993901114,0.323288167374333,0.192518975308133,3.86133333333333,2
2025-11-10 03:15:00,21.246603629404,4.1736300633475,451.338993901114,0.323288167374333,0.192518975308133,4.20466666666667,2
2025-11-10 03:30:00,21.246603629404,4.1736300633475,451.338993901114,0.323288167374333,0.192518975308133,4.63733333333333,2
2025-11-10 03:45:00,21.246603629404,4.1736300633475,451.338993901114,0.323288167374333,0.192518975308133,6.99733333333333,2
2025-11-10 04:00:00,21.246603629404,4.1736300633475,451.338993901114,0.323288167374333,0.192518975308133,3.65333333333333,2
2025-11-10 04:15:00,21.246603629404,4.1736300633475,451.338993901114,0.323288167374333,0.192518975308133,3.494,2
2025-11-10 04:30:00,21.246603629404,4.1736300633475,451.338993901114,0.323288167374333,0.192518975308133,3.50333333333333,2
2025-11-10 04:45:00,21.246603629404,4.1736300633475,451.338993901114,0.323225354040333,0.192505318046133,3.40333333333333,2
2025-11-10 05:00:00,21.246603629404,4.1736300633475,451.338993901114,0.323225354040333,0.192505318046133,4.27266666666667,2
2025-11-10 05:15:00,21.246603629404,4.1736300633475,451.338993901114,0.323225354040333,0.192505318046133,4.36666666666667,2
2025-11-10 05:30:00,21.246603629404,4.1736300633475,451.338993901114,0.323225354040333,0.192505318046133,4.86666666666667,2
2025-11-10 05:45:00,21.246603629404,4.1736300633475,451.338993901114,0.323288167374333,0.192505318046133,5.30733333333333,2
2025-11-10 06:00:00,21.246603629404,4.1736300633475,451.338993901114,0.323288167374333,0.192518975308133,5.26533333333333,2
2025-11-10 06:15:00,21.246603629404,4.1736300633475,451.338993901114,0.323288167374333,0.192518975308133,5.78333333333333,2
2025-11-10 06:30:00,21.246603629404,4.1736300633475,451.338993901114,0.323288167374333,0.192518975308133,8.162,2
2025-11-10 06:45:00,21.246603629404,4.1736300633475,451.338993901114,0.323288167374333,0.192518975308133,6.03066666666667,2
2025-11-10 07:00:00,21.246603629404,4.1736300633475,451.338993901114,0.323288167374333,0.192518975308133,5.79333333333333,2
2025-11-10 07:15:00,21.246603629404,4.1736300633475,451.338993901114,0.323288167374333,0.192518975308133,5.63266666666667,2
2025-11-10 07:30:00,21.246603629404,4.1736300633475,451.338993901114,0.323288167374333,0.192440445554467,6.26466666666667,2
2025-11-10 07:45:00,21.246603629404,4.1736300633475,451.338993901114,0.323288167374333,0.192440445554467,6.60866666666667,2
2025-11-10 08:00:00,21.246603629404,4.1736300633475,451.338993901114,0.323288167374333,0.192440445554467,6.442,2
2025-11-10 08:15:00,21.246603629404,4.1736300633475,451.338993901114,0.323288167374333,0.192440445554467,5.59466666666667,2
2025-11-10 08:30:00,21.246603629404,4.1736300633475,451.338993901114,0.323288167374333,0.192440445554467,5.56733333333333,2
2025-11-10 08:45:00,21.246603629404,4.1736300633475,451.338993901114,0.323288167374333,0.192440445554467,6.88466666666667,2
2025-11-10 09:00:00,21.246603629404,4.1736300633475,451.338993901114,0.323288167374333,0.192440445554467,5.58866666666667,2
2025-11-10 09:15:00,21.246603629404,4.1736300633475,451.338993901114,0.323288167374333,0.192440445554467,4.39666666666667,2
2025-11-10 09:30:00,21.246603629404,4.1736300633475,451.338993901114,0.323288167374333,0.192440445554467,3.99333333333333,2
2025-11-10 09:45:00,21.1698748612773,3.98513940848247,456.042237087441,0.316900300694033,0.2113496167924,4.33333333333333,2
2025-11-10 10:00:00,21.0479604656273,3.9893790295958,455.878969896347,0.2965325958106,0.166305182601767,5.132,2
2025-11-10 10:15:00,21.0479604656273,3.98443882122914,455.878969896347,0.2990270275705,0.166414033919633,5.01666666666667,2
2025-11-10 10:30:00,21.246603629404,4.1736300633475,451.338993901114,0.323288167374333,0.192440445554467,3.86266666666667,2
2025-11-10 10:45:00,21.0543767282144,4.12321858936297,452.775193187387,0.325067744257867,0.1933224545223,3.78866666666667,2
2025-11-10 11:00:00,21.0479604656273,3.9870208387058,455.862932716317,0.316377106687467,0.190991454165267,3.44666666666667,2
2025-11-10 11:15:00,21.246603629404,4.1736300633475,451.338993901114,0.323288167374333,0.1921721708087,2.91666666666667,2
2025-11-10 11:30:00,21.246603629404,4.1736300633475,451.338993901114,0.323288167374333,0.192518975308133,2.982,2
2025-11-10 11:45:00,21.246603629404,4.1736300633475,451.338993901114,0.323288167374333,0.192518975308133,3.186,2
2025-11-10 12:00:00,21.0479604656273,3.9880428988658,455.892678316317,0.315327274911266,0.165740664509767,3.48533333333333,2
2025-11-10 12:15:00,21.0479604656273,3.9924147224858,455.878969896347,0.2968601224766,0.167114403710467,3.65933333333333,2
2025-11-10 12:30:00,21.1698748612773,4.0333391770258,455.936899942927,0.317872365359,0.2048290465882,3.16866666666667,2
2025-11-10 12:45:00,21.246603629404,4.1736300633475,451.338993901114,0.323288167374333,0.192518975308133,3.022,2
2025-11-10 13:00:00,21.0479604656273,3.9834462628758,455.878969896347,0.3152628235757,0.1665656064323,3.08133333333333,2
2025-11-10 13:15:00,21.0479604656273,3.9924147224858,455.878969896347,0.2968601224766,0.167287876715467,3.32666666666667,2
2025-11-10 13:30:00,21.0479604656273,3.9854465606458,455.878969896347,0.314127884902867,0.1659554872441,3.33266666666667,2
2025-11-10 13:45:00,21.1401880095573,3.98223948484247,455.959117983067,0.3175526066927,0.190051583151267,3.29733333333333,2
2025-11-10 14:00:00,21.246603629404,4.1736300633475,451.338993901114,0.323288167374333,0.192518975308133,3.34333333333333,2
2025-11-10 14:15:00,21.0479604656273,3.9854465606458,455.878969896347,0.315850412684467,0.1661184205331,4.14733333333333,2
2025-11-10 14:30:00,21.0479604656273,3.9885717805858,455.892678316317,0.315426246244567,0.1657209423961,4.04866666666667,2
2025-11-10 14:45:00,21.1401880095573,3.98513451541247,455.968394907301,0.317591655804967,0.2113459322953,3.55666666666667,2
2025-11-10 15:00:00,21.0479604656273,3.98919549466247,455.878969896347,0.2965325958106,0.166329578661233,4.416,2
2025-11-10 15:15:00,21.0479604656273,3.9922209354058,455.878969896347,0.2968601224766,0.166786128856467,4.682,2
2025-11-10 15:30:00,21.0479604656273,3.99035733889914,455.878969896347,0.2966233358106,0.166323434489233,4.11266666666667,2
2025-11-10 15:45:00,21.0479604656273,3.9865302949958,455.878969896347,0.2990270275705,0.166500872203767,3.91666666666667,2
2025-11-10 16:00:00,21.0479604656273,3.9922209354058,455.878969896347,0.2968601224766,0.166864658610133,4.64866666666667,2
2025-11-10 16:15:00,21.0479604656273,3.9922209354058,455.878969896347,0.2968601224766,0.166864658610133,4.58,2
2025-11-10 16:30:00,21.0479604656273,3.9921155462058,455.878969896347,0.2968601224766,0.166786128856467,4.32666666666667,2
2025-11-10 16:45:00,21.0479604656273,3.9922209354058,455.878969896347,0.2968601224766,0.166864658610133,4.09666666666667,2
2025-11-10 17:00:00,21.0479604656273,3.9865302949958,455.878969896347,0.296609358020067,0.166290770304233,3.364,2
2025-11-10 17:15:00,21.0479604656273,3.98563009557914,455.878969896347,0.314127884902867,0.165931091184633,3.396,2
2025-11-10 17:30:00,21.0479604656273,3.9921155462058,455.878969896347,0.2968601224766,0.166786128856467,3.94866666666667,2
2025-11-10 17:45:00,21.0479604656273,3.9890774336658,455.878969896347,0.2966233358106,0.166323434489233,3.79666666666667,2
2025-11-10 18:00:00,21.0479604656273,3.9866690215958,455.878969896347,0.302589358906533,0.1664258683811,3.47266666666667,2
2025-11-10 18:15:00,21.0479604656273,3.9859850671958,455.878969896347,0.3039984513496,0.166128629053967,3.52066666666667,2
2025-11-10 18:30:00,21.0479604656273,3.9896781521058,455.878969896347,0.2966233358106,0.166397146062333,4.128,2
2025-11-10 18:45:00,21.0479604656273,3.9921155462058,455.878969896347,0.2968601224766,0.166786128856467,4.41733333333333,2
2025-11-10 19:00:00,21.0479604656273,3.98389359342914,455.878969896347,0.302878825572867,0.166456179415633,4.81466666666667,2
2025-11-10 19:15:00,21.0479604656273,3.98116100202914,455.878969896347,0.31503573491,0.166087610031833,5.12933333333333,2
2025-11-10 19:30:00,21.0479604656273,3.98875531551914,455.892678316317,0.314816703579567,0.1659612060484,4.78533333333333,2
2025-11-10 19:45:00,21.0479604656273,3.98875531551914,455.892678316317,0.314880523578566,0.166172200140467,4.92066666666667,2
2025-11-10 20:00:00,21.0479604656273,3.98443882122914,455.878969896347,0.296609358020067,0.166321081338767,5.41733333333333,2
2025-11-10 20:15:00,21.0479604656273,3.98743649872914,455.878969896347,0.2983299795705,0.166467609914467,5.63333333333333,2
2025-11-10 20:30:00,21.0479604656273,3.98689127092914,455.878969896347,0.303228400238467,0.166401472321633,5.132,2
2025-11-10 20:45:00,21.0479604656273,3.9846365693658,455.878969896347,0.3151747282424,0.166155053849267,5.64,2
2025-11-10 21:00:00,21.0479604656273,3.9834516936458,455.878969896347,0.3151475435751,0.166239344482467,4.96533333333333,2
2025-11-10 21:15:00,21.0479604656273,3.9860630336958,455.878969896347,0.297527662909433,0.166191390380833,4.904,2
2025-11-10 21:30:00,20.560822307202,4.05531215255681,456.666578177214,0.3063085964559,0.174473779183433,4.04466666666667,2
2025-11-10 21:45:00,16.3141407908343,3.57492867615447,464.014817261197,0.324299585397033,0.180495997103367,3.328,2
2025-11-10 22:00:00,17.0601159872446,3.6465847423541,462.481327617404,0.323049679621633,0.1813892058461,3.71266666666667,2
2025-11-10 22:15:00,17.8715450112557,3.6439851779341,462.463677222544,0.320701181412833,0.191069152929833,2.91533333333333,2
2025-11-10 22:30:00,16.668974161531,3.68603705960584,461.921622869311,0.3184473711866,0.190709225238867,3.29533333333333,2
2025-11-10 22:45:00,20.607947145974,4.10910612672367,457.80997685163,0.3247565435985,0.197907601228467,4.02266666666667,2
2025-11-10 23:00:00,21.224723712079,4.17926609136083,451.503088167774,0.324938002038367,0.196064822675,4.74866666666667,2
2025-11-10 23:15:00,21.246603629404,4.1736300633475,451.338993901114,0.323288167374333,0.192781287323267,4.59733333333333,2
2025-11-10 23:30:00,21.246603629404,4.1736300633475,451.338993901114,0.323288167374333,0.192518975308133,5.134,2
2025-11-10 23:45:00,21.246603629404,4.1736300633475,451.338993901114,0.323288167374333,0.192518975308133,4.52266666666667,2
2025-11-11 00:00:00,21.246603629404,4.1736300633475,451.338993901114,0.323288167374333,0.192440445554467,5.044,2
2025-11-11 00:15:00,21.246603629404,4.1736300633475,451.338993901114,0.323288167374333,0.192440445554467,4.77333333333333,2
2025-11-11 00:30:00,21.246603629404,4.1736300633475,451.338993901114,0.323288167374333,0.192440445554467,5.494,2
2025-11-11 00:45:00,21.246603629404,4.1736300633475,451.338993901114,0.323288167374333,0.192440445554467,5.00466666666667,2
2025-11-11 01:00:00,21.246603629404,4.1736300633475,451.338993901114,0.323288167374333,0.192440445554467,5.494,2
2025-11-11 01:15:00,21.246603629404,4.1736300633475,451.338993901114,0.323288167374333,0.192440445554467,6.438,2
2025-11-11 01:30:00,21.246603629404,4.1736300633475,451.338993901114,0.323288167374333,0.192440445554467,7.11133333333333,2
2025-11-11 01:45:00,21.246603629404,4.1736300633475,451.338993901114,0.323288167374333,0.192440445554467,6.528,2
2025-11-11 02:00:00,21.246603629404,4.1736300633475,451.338993901114,0.323288167374333,0.192440445554467,5.928,2
2025-11-11 02:15:00,21.246603629404,4.1736300633475,451.338993901114,0.323288167374333,0.192440445554467,7.29333333333333,2
2025-11-11 02:30:00,21.246603629404,4.1736300633475,451.338993901114,0.323288167374333,0.192440445554467,6.116,2
2025-11-11 02:45:00,21.246603629404,4.1736300633475,451.338993901114,0.323288167374333,0.192440445554467,6.154,2
2025-11-11 03:00:00,21.246603629404,4.1736300633475,451.338993901114,0.323288167374333,0.192440445554467,5.764,2
2025-11-11 03:15:00,21.246603629404,4.1736300633475,451.338993901114,0.323288167374333,0.192440445554467,6.36666666666667,2
2025-11-11 03:30:00,21.246603629404,4.1736300633475,451.338993901114,0.323288167374333,0.192440445554467,8.068,2
2025-11-11 03:45:00,21.246603629404,4.1736300633475,451.338993901114,0.323288167374333,0.192440445554467,7.306,2
2025-11-11 04:00:00,21.246603629404,4.1736300633475,451.338993901114,0.323288167374333,0.192440445554467,9.16066666666667,2
2025-11-11 04:15:00,21.246603629404,4.1736300633475,451.338993901114,0.323288167374333,0.192440445554467,11.2206666666667,2
2025-11-11 04:30:00,21.246603629404,4.1736300633475,451.338993901114,0.323288167374333,0.192442350290467,9.716,2
2025-11-11 04:45:00,21.246603629404,4.1736300633475,451.338993901114,0.323288167374333,0.192407697083867,8.21333333333333,2
2025-11-11 05:00:00,21.0479604656273,3.98716824019914,455.843411249651,0.315054358247367,0.170035403157667,9.74,2
2025-11-11 05:15:00,21.0479604656273,3.98389359342914,455.878969896347,0.3047732997936,0.166030900794833,7.91133333333333,2
2025-11-11 05:30:00,21.0479604656273,3.98389359342914,455.878969896347,0.304983996681867,0.166056935709967,7.768,2
2025-11-11 05:45:00,21.0376856015547,4.11640377956297,452.615488167777,0.323661057597267,0.193179545787433,6.91333333333333,2
2025-11-11 06:00:00,21.0479604656273,3.98136021987914,455.878969896347,0.31497112691,0.166205957011433,7.19533333333333,2
2025-11-11 06:15:00,21.0479604656273,3.98182242679914,455.878969896347,0.3151109082434,0.1661059082522,6.12133333333333,2
2025-11-11 06:30:00,21.0479604656273,3.98696090307914,455.892678316317,0.315362426245567,0.165735206913133,4.94,2
2025-11-11 06:45:00,21.0479604656273,3.98182242679914,455.884486629597,0.314751597132733,0.166064127643767,4.30066666666667,2
2025-11-11 07:00:00,21.0479604656273,3.98482010429914,455.966084883167,0.315147790910067,0.165915384973267,4.37466666666667,2
2025-11-11 07:15:00,21.0479604656273,3.98930140363914,455.878969896347,0.2968601224766,0.166830250376333,6.98533333333333,2
2025-11-11 07:30:00,21.0479604656273,3.98930140363914,455.878969896347,0.2970161491426,0.166600398800733,9.314,2
2025-11-11 07:45:00,21.0479604656273,3.98930140363914,455.878969896347,0.2968601224766,0.166617419252933,7.29333333333333,2
2025-11-11 08:00:00,21.0479604656273,3.99229908113914,455.878969896347,0.2968601224766,0.166761732797,5.092,2
2025-11-11 08:15:00,21.0479604656273,3.99229908113914,455.878969896347,0.2968601224766,0.166761732797,5.48533333333333,2
2025-11-11 08:30:00,21.0479604656273,3.98930140363914,455.878969896347,0.2968601224766,0.166761732797,6.258,2
2025-11-11 08:45:00,21.0479604656273,3.99229908113914,455.878969896347,0.2968601224766,0.166761732797,5.948,2
2025-11-11 09:00:00,21.0479604656273,3.98930140363914,455.878969896347,0.2968601224766,0.166830250376333,5.846,2
2025-11-11 09:15:00,21.0479604656273,3.98930140363914,455.878969896347,0.2968601224766,0.166830250376333,5.58,2
2025-11-11 09:30:00,21.0479604656273,3.98930140363914,455.878969896347,0.2968601224766,0.166761732797,5.04266666666667,2
2025-11-11 09:45:00,21.0479604656273,3.98930140363914,455.878969896347,0.2968601224766,0.166617419252933,4.24466666666667,2
2025-11-11 10:00:00,21.0479604656273,3.98930140363914,455.878969896347,0.2968601224766,0.166830250376333,4.33866666666667,2
2025-11-11 10:15:00,21.0479604656273,3.98930140363914,455.878969896347,0.2968601224766,0.166830250376333,4.30866666666667,2
2025-11-11 10:30:00,21.0479604656273,3.98930140363914,455.878969896347,0.2968601224766,0.166761732797,4.50866666666667,2
2025-11-11 10:45:00,21.0479604656273,3.99229908113914,455.878969896347,0.2968601224766,0.166761732797,4.21866666666667,2
2025-11-11 11:00:00,21.0479604656273,3.98743649872914,455.878969896347,0.2980330369049,0.166492005973933,3.28266666666667,2
2025-11-11 11:15:00,21.0479604656273,3.98930140363914,455.878969896347,0.2968601224766,0.166830250376333,5.77666666666667,2
2025-11-11 11:30:00,21.0479604656273,3.98930140363914,455.878969896347,0.2968601224766,0.166617419252933,5.79,2
2025-11-11 11:45:00,21.0479604656273,3.98930140363914,455.878969896347,0.2968601224766,0.166617419252933,4.804,2
2025-11-11 12:00:00,21.0479604656273,3.99229908113914,455.878969896347,0.2968601224766,0.166761732797,4.294,2
2025-11-11 12:15:00,21.0479604656273,3.98930140363914,455.878969896347,0.2968601224766,0.166830250376333,4.37466666666667,2
2025-11-11 12:30:00,21.0479604656273,3.99229908113914,455.878969896347,0.2968601224766,0.166761732797,3.93333333333333,2
2025-11-11 12:45:00,21.0479604656273,3.99229908113914,455.878969896347,0.2968601224766,0.166761732797,3.81466666666667,2
2025-11-11 13:00:00,21.0479604656273,3.98930140363914,455.878969896347,0.2968601224766,0.166617419252933,3.90666666666667,2
2025-11-11 13:15:00,21.0479604656273,3.98930140363914,455.878969896347,0.2968601224766,0.166761732797,3.89733333333333,2
2025-11-11 13:30:00,21.0479604656273,3.99229908113914,455.878969896347,0.2968601224766,0.166761732797,3.458,2
2025-11-11 13:45:00,21.0479604656273,3.99229908113914,455.878969896347,0.2968601224766,0.166761732797,3.41733333333333,2
2025-11-11 14:00:00,21.0479604656273,3.99229908113914,455.878969896347,0.2968601224766,0.166761732797,3.45733333333333,2
2025-11-11 14:15:00,21.0479604656273,3.99229908113914,455.878969896347,0.2968601224766,0.166761732797,5.53933333333333,2
2025-11-11 14:30:00,21.0479604656273,3.98930140363914,455.878969896347,0.2968601224766,0.166761732797,3.97066666666667,2
2025-11-11 14:45:00,21.0479604656273,3.98930140363914,455.878969896347,0.2968601224766,0.166761732797,3.806,2
2025-11-11 15:00:00,21.0479604656273,3.98930140363914,455.878969896347,0.2968601224766,0.166617419252933,4.35933333333333,2
2025-11-11 15:15:00,21.0479604656273,3.98930140363914,455.878969896347,0.2970161491426,0.166600398800733,4.56466666666667,2
2025-11-11 15:30:00,21.0479604656273,3.98930140363914,455.878969896347,0.2970161491426,0.166600398800733,4.486,2
2025-11-11 15:45:00,21.0479604656273,3.98930140363914,455.878969896347,0.2970161491426,0.166600398800733,4.866,2
2025-11-11 16:00:00,21.0479604656273,3.98930140363914,455.878969896347,0.2970161491426,0.166600398800733,5.436,2
2025-11-11 16:15:00,21.0479604656273,3.98930140363914,455.878969896347,0.2970161491426,0.166600398800733,5.67933333333333,2
2025-11-11 16:30:00,21.0479604656273,3.98930140363914,455.878969896347,0.2970161491426,0.166952236711167,6.44466666666667,2
2025-11-11 16:45:00,21.0479604656273,3.98930140363914,455.878969896347,0.2970161491426,0.166935247204667,6.27,2
2025-11-11 17:00:00,21.0479604656273,3.98930140363914,455.878969896347,0.2970161491426,0.166967313655033,7.44133333333333,2
2025-11-11 17:15:00,21.0479604656273,3.98861637383914,455.878969896347,0.2970161491426,0.166967313655033,7.868,2
2025-11-11 17:30:00,21.0479604656273,3.98930140363914,455.878969896347,0.2970161491426,0.166967313655033,8.37866666666667,2
2025-11-11 17:45:00,21.0479604656273,3.99023431313914,455.878969896347,0.2970161491426,0.167020905100833,9.96733333333333,2
2025-11-11 18:00:00,21.0479604656273,3.98861637383914,455.878969896347,0.2970161491426,0.166967313655033,9.372,2
2025-11-11 18:15:00,21.0479604656273,3.98930140363914,455.878969896347,0.2970161491426,0.166935247204667,6.84266666666667,2
2025-11-11 18:30:00,21.0479604656273,3.98930140363914,455.878969896347,0.2970161491426,0.166935247204667,7.22866666666667,2
2025-11-11 18:45:00,21.0479604656273,3.98930140363914,455.878969896347,0.2970161491426,0.166935247204667,7.834,2
2025-11-11 19:00:00,21.0479604656273,3.98930140363914,455.878969896347,0.2970161491426,0.166935247204667,7.58933333333333,2
2025-11-11 19:15:00,21.0479604656273,3.98930140363914,455.878969896347,0.2970161491426,0.166935247204667,10.5106666666667,2
2025-11-11 19:30:00,21.0479604656273,3.98930140363914,455.878969896347,0.2970161491426,0.166600398800733,9.43533333333333,2
2025-11-11 19:45:00,21.0479604656273,3.98930140363914,455.878969896347,0.2968601224766,0.166617419252933,6.88,2
2025-11-11 20:00:00,21.0479604656273,3.98930140363914,455.878969896347,0.2970161491426,0.166935247204667,7.926,2
2025-11-11 20:15:00,21.0479604656273,3.98930140363914,455.878969896347,0.2970161491426,0.166935247204667,7.86733333333333,2
2025-11-11 20:30:00,21.0479604656273,3.98930140363914,455.878969896347,0.2970161491426,0.166935247204667,7.166,2
2025-11-11 20:45:00,21.0479604656273,3.98930140363914,455.878969896347,0.2970161491426,0.166600398800733,6.918,2
2025-11-11 21:00:00,21.0479604656273,3.98930140363914,455.878969896347,0.2970161491426,0.166600398800733,6.39533333333333,2
2025-11-11 21:15:00,21.0479604656273,3.98930140363914,455.878969896347,0.2970161491426,0.166935247204667,8.02333333333333,2
2025-11-11 21:30:00,21.0479604656273,3.98861637383914,455.878969896347,0.2970161491426,0.166967313655033,10.0793333333333,2
2025-11-11 21:45:00,21.0479604656273,3.99023431313914,455.878969896347,0.2970161491426,0.167020905100833,10.5226666666667,2
2025-11-11 22:00:00,21.0479604656273,3.99023431313914,455.878969896347,0.2970161491426,0.167020905100833,9.83666666666667,2
2025-11-11 22:15:00,21.0479604656273,3.98861637383914,455.878969896347,0.2970161491426,0.166967313655033,8.92333333333333,2
2025-11-11 22:30:00,21.0479604656273,3.98861637383914,455.878969896347,0.2970161491426,0.166967313655033,8.816,2
2025-11-11 22:45:00,21.0479604656273,3.98930140363914,455.878969896347,0.2970161491426,0.166952236711167,7.70466666666667,2
2025-11-11 23:00:00,21.0479604656273,3.98861637383914,455.878969896347,0.2970161491426,0.166967313655033,9.718,2
2025-11-11 23:15:00,21.0479604656273,3.98861637383914,455.878969896347,0.2970161491426,0.166967313655033,9.88866666666667,2
2025-11-11 23:30:00,21.0479604656273,3.98930140363914,455.878969896347,0.2970161491426,0.166935247204667,8.12333333333333,2
2025-11-11 23:45:00,21.0479604656273,3.98930140363914,455.878969896347,0.2970161491426,0.166935247204667,7.45933333333333,2
2025-11-12 00:00:00,21.0479604656273,3.98930140363914,455.878969896347,0.2970161491426,0.166600398800733,6.77466666666667,2
2025-11-12 00:15:00,21.0479604656273,3.98930140363914,455.878969896347,0.2970161491426,0.166600398800733,7.34733333333333,2
2025-11-12 00:30:00,21.0479604656273,3.98930140363914,455.878969896347,0.2970161491426,0.166600398800733,8.86066666666667,2
2025-11-12 00:45:00,21.0479604656273,3.98930140363914,455.878969896347,0.2970161491426,0.166952236711167,10.0286666666667,2
2025-11-12 01:00:00,21.0479604656273,3.98930140363914,455.878969896347,0.2970161491426,0.166998156379033,9.176,2
2025-11-12 01:15:00,21.0479604656273,3.98930140363914,455.878969896347,0.2970161491426,0.166998156379033,9.76533333333333,2
2025-11-12 01:30:00,21.0479604656273,3.98930140363914,455.878969896347,0.2970161491426,0.166952236711167,9.268,2
2025-11-12 01:45:00,21.0479604656273,3.98930140363914,455.878969896347,0.2970161491426,0.166600398800733,8.19266666666667,2
2025-11-12 02:00:00,21.0479604656273,3.98930140363914,455.878969896347,0.2970161491426,0.166600398800733,8.76533333333333,2
2025-11-12 02:15:00,21.0479604656273,3.98930140363914,455.878969896347,0.2970161491426,0.166952236711167,9.386,2
2025-11-12 02:30:00,21.0479604656273,3.98861637383914,455.878969896347,0.2970161491426,0.166967313655033,10.258,2
2025-11-12 02:45:00,21.0479604656273,3.98930140363914,455.878969896347,0.2970161491426,0.166998156379033,9.74266666666667,2
2025-11-12 03:00:00,21.0479604656273,3.98861637383914,455.878969896347,0.2970161491426,0.166967313655033,10.5646666666667,2
2025-11-12 03:15:00,21.0479604656273,3.98930140363914,455.878969896347,0.2970161491426,0.166998156379033,10.2226666666667,2
2025-11-12 03:30:00,21.0479604656273,3.98930140363914,455.878969896347,0.2970161491426,0.166998156379033,9.46133333333333,2
2025-11-12 03:45:00,21.0479604656273,3.98930140363914,455.878969896347,0.2970161491426,0.166952236711167,9.76466666666667,2
2025-11-12 04:00:00,21.0479604656273,3.98861637383914,455.878969896347,0.2970161491426,0.166967313655033,11.698,2
2025-11-12 04:15:00,21.0479604656273,3.98930140363914,455.878969896347,0.2970161491426,0.166998156379033,11.214,2
2025-11-12 04:30:00,21.0479604656273,3.98930140363914,455.878969896347,0.2970161491426,0.166935247204667,9.42,2
2025-11-12 04:45:00,21.0479604656273,3.98930140363914,455.878969896347,0.2970161491426,0.166600398800733,8.978,2
2025-11-12 05:00:00,21.0479604656273,3.98930140363914,455.878969896347,0.2970161491426,0.166935247204667,11.6733333333333,2
2025-11-12 05:15:00,21.0479604656273,3.98930140363914,455.878969896347,0.2970161491426,0.166935247204667,11.1266666666667,2
2025-11-12 05:30:00,21.0479604656273,3.98930140363914,455.878969896347,0.2970161491426,0.166952236711167,10.8126666666667,2
2025-11-12 05:45:00,21.0479604656273,3.98930140363914,455.878969896347,0.2970161491426,0.166935247204667,10.9313333333333,2
2025-11-12 06:00:00,21.0479604656273,3.98930140363914,455.878969896347,0.2970161491426,0.166600398800733,10.4506666666667,2
2025-11-12 06:15:00,21.0479604656273,3.98930140363914,455.878969896347,0.2970161491426,0.166998156379033,10.6146666666667,2
2025-11-12 06:30:00,21.0479604656273,3.98930140363914,455.878969896347,0.2970161491426,0.166935247204667,11.4293333333333,2
2025-11-12 06:45:00,21.0479604656273,3.98930140363914,455.878969896347,0.2968601224766,0.166617419252933,10.8593333333333,2
2025-11-12 07:00:00,21.0479604656273,3.98930140363914,455.878969896347,0.2970161491426,0.166998156379033,9.756,2
2025-11-12 07:15:00,21.0479604656273,3.98930140363914,455.878969896347,0.2970161491426,0.166600398800733,10.2733333333333,2
2025-11-12 07:30:00,21.0479604656273,3.98930140363914,455.878969896347,0.2968601224766,0.166617419252933,11.1426666666667,2
2025-11-12 07:45:00,21.0479604656273,3.98116100202914,455.878969896347,0.31503573491,0.166032902937833,10.5213333333333,2
2025-11-12 08:00:00,21.1698748612773,3.98703851111247,456.05988184751,0.3173227366947,0.2181471436175,9.90133333333333,2
2025-11-12 08:15:00,21.0479604656273,3.98396322557914,455.892678316317,0.315305610910467,0.165753909194633,10.1613333333333,2
2025-11-12 08:30:00,21.0479604656273,3.98875531551914,455.885914582917,0.314880523578566,0.165183218938367,9.802,2
2025-11-12 08:45:00,21.0479604656273,3.98875531551914,455.892678316317,0.314816703579567,0.1659612060484,10.3093333333333,2
2025-11-12 09:00:00,21.1676523006907,4.15049514478064,452.996123567074,0.319892488702166,0.1947567955602,10.242,2
2025-11-12 09:15:00,21.246603629404,4.1736300633475,451.338993901114,0.323288167374333,0.192440445554467,10.952,2
2025-11-12 09:30:00,21.246603629404,4.1736300633475,451.338993901114,0.323288167374333,0.192440445554467,11.5413333333333,2
2025-11-12 09:45:00,21.18741548063,4.14290850105443,451.338993901114,0.323539050486567,0.193320935688033,12.45,2
2025-11-12 10:00:00,21.246603629404,4.1736300633475,451.338993901114,0.323288167374333,0.192440445554467,12.1286666666667,2
2025-11-12 10:15:00,21.246603629404,4.1736300633475,451.338993901114,0.323288167374333,0.192440445554467,11.946,2
2025-11-12 10:30:00,21.0971649967827,4.1445217100173,452.76311538742,0.320980206703533,0.194023689268967,12.1046666666667,2
2025-11-12 10:45:00,21.0479604656273,3.98396322557914,455.892678316317,0.315337887577967,0.165750479318633,13.1866666666667,2
2025-11-12 11:00:00,21.1401880095573,3.99034604719914,455.951587316401,0.317877625358367,0.204970225539467,13.3133333333333,2
2025-11-12 11:15:00,21.246603629404,4.1736300633475,451.338993901114,0.323288167374333,0.192440445554467,13.1146666666667,2
2025-11-12 11:30:00,21.246603629404,4.1736300633475,451.338993901114,0.323288167374333,0.192440445554467,13.4566666666667,2
2025-11-12 11:45:00,21.0758031271837,4.1340332351893,452.75313245402,0.325018022481066,0.193332628412467,13.58,2
2025-11-12 12:00:00,21.0479604656273,3.98136021987914,455.878969896347,0.3150118735754,0.166203605387067,13.626,2
2025-11-12 12:15:00,21.0479604656273,3.98389359342914,455.878969896347,0.303697032682167,0.166056935709967,13.932,2
2025-11-12 12:30:00,21.0479604656273,3.98116100202914,455.878969896347,0.315127153576,0.1660629659415,13.3006666666667,2
2025-11-12 12:45:00,21.1337424723173,4.14890570358064,452.975774544807,0.320733511812766,0.1945583440756,12.6593333333333,2
2025-11-12 13:00:00,21.246603629404,4.1736300633475,451.338993901114,0.323288167374333,0.192440445554467,11.3593333333333,2
2025-11-12 13:15:00,21.246603629404,4.1736300633475,451.338993901114,0.323288167374333,0.192440445554467,10.7346666666667,2
2025-11-12 13:30:00,21.246603629404,4.1736300633475,451.338993901114,0.323288167374333,0.192440445554467,11.1566666666667,2
2025-11-12 13:45:00,21.246603629404,4.1736300633475,451.338993901114,0.323288167374333,0.192235046676533,11.7366666666667,2
2025-11-12 14:00:00,21.1740244471287,4.16009632043664,453.002579233774,0.3190422526995,0.1951004721857,11.1993333333333,2
2025-11-12 14:15:00,21.1401880095573,3.99034604719914,455.951587316401,0.317941445357367,0.204767871239467,10.108,2
2025-11-12 14:30:00,21.1401880095573,3.99034604719914,455.951337860851,0.317941445357367,0.205067560016533,10.012,2
2025-11-12 14:45:00,21.0479604656273,3.98928882145914,455.885914582917,0.315180086244967,0.164693446472833,9.99333333333333,2
2025-11-12 15:00:00,21.0479604656273,3.98136021987914,455.878969896347,0.3149204549094,0.166151249917433,10.336,2
2025-11-12 15:15:00,21.0479604656273,3.98457754782914,455.878969896347,0.301035680240334,0.166456179415633,10.2133333333333,2
2025-11-12 15:30:00,21.0479604656273,3.98743649872914,455.878969896347,0.2983299795705,0.166414033919633,10.4146666666667,2
2025-11-12 15:45:00,21.0479604656273,3.98482010429914,455.895877162997,0.315211610909067,0.165915384973267,9.728,2
2025-11-12 16:00:00,21.0479604656273,3.98689127092914,455.878969896347,0.3048371197926,0.166028996058833,9.37866666666667,2
2025-11-12 16:15:00,21.0479604656273,3.98563009557914,455.878969896347,0.315481764015767,0.166094024473633,9.52733333333333,2
2025-11-12 16:30:00,21.0479604656273,3.98826586513247,455.878969896347,0.2966233358106,0.166140914400367,9.87333333333333,2
2025-11-12 16:45:00,21.0479604656273,3.98930140363914,455.878969896347,0.2968601224766,0.166617419252933,10.9273333333333,2
2025-11-12 17:00:00,21.0479604656273,3.98930140363914,455.878969896347,0.2968601224766,0.166617419252933,10.9866666666667,2
2025-11-12 17:15:00,21.0479604656273,3.98443882122914,455.878969896347,0.297698345127134,0.166096804302767,10.684,2
2025-11-12 17:30:00,21.0479604656273,3.9863813520958,455.878969896347,0.2965325958106,0.166135612659767,11.0366666666667,2
2025-11-12 17:45:00,21.0479604656273,3.98716824019914,455.843411249651,0.315081488247967,0.172372691120433,10.7826666666667,2
2025-11-12 18:00:00,21.1698748612773,4.10264981827247,455.954628976327,0.318270026917567,0.2162936692352,10.4733333333333,2
2025-11-12 18:15:00,20.978244449474,4.24275688281447,452.827815807427,0.3258954400368,0.2009282878605,6.00266666666667,2
2025-11-12 18:30:00,21.4658704258173,4.4521708327965,451.338993901114,0.322928372043067,0.202238946315933,5.64733333333333,2
2025-11-12 18:45:00,21.267254522347,4.326918926768,451.362223534514,0.324011838489667,0.1992746531388,5.99333333333333,2
2025-11-12 19:00:00,21.223573911213,4.25648918476867,451.384657187854,0.324103336932267,0.209439206752733,4.66066666666667,2
2025-11-12 19:15:00,21.6448527320277,4.44625927670717,451.338993901114,0.322740638710533,0.200575041223833,4.712,2
2025-11-12 19:30:00,21.6666939493827,4.52233139850984,451.338993901114,0.322939468043467,0.201562921694567,4.44466666666667,2
2025-11-12 19:45:00,21.583093235851,4.40688055726917,451.338993901114,0.322902158710533,0.195024772462667,4.932,2
2025-11-12 20:00:00,21.627513264961,4.43644744355917,451.338993901114,0.322740638710533,0.200274812498867,4.40666666666667,2
2025-11-12 20:15:00,21.563917491223,4.39616622378417,451.338993901114,0.323171788710533,0.194285157368467,4.666,2
2025-11-12 20:30:00,21.4104073263063,4.20913803278417,451.338993901114,0.323198588263433,0.192563135956667,5.246,2
2025-11-12 20:45:00,21.503768816419,4.22018239078417,451.338993901114,0.3235973187098,0.193570427888,5.186,2
2025-11-12 21:00:00,21.559129147039,4.23705138403417,451.338993901114,0.323433876486467,0.194117143574867,4.27333333333333,2
2025-11-12 21:15:00,21.583093235851,4.39973897143417,451.338993901114,0.322908018710533,0.194534502548433,4.38866666666667,2
2025-11-12 21:30:00,21.503768816419,4.21867745810083,451.338993901114,0.3233420273757,0.192512786307433,4.45133333333333,2
2025-11-12 21:45:00,21.267254522347,4.3301797736605,451.362223534514,0.323949025155667,0.199455940654867,3.43733333333333,2
2025-11-12 22:00:00,21.6666939493827,4.52233139850984,451.338993901114,0.322876654709467,0.201549264432567,3.30933333333333,2
2025-11-12 22:15:00,21.269484629937,4.3170533604565,451.362223534514,0.323949025155667,0.1985930097584,2.868,2
2025-11-12 22:30:00,21.705095066275,4.48717123868384,451.338993901114,0.322876654709467,0.2035831722341,3.198,2
2025-11-12 22:45:00,21.6448527320277,4.44541960438717,451.338993901114,0.322740638710533,0.200514181448233,2.99466666666667,2
2025-11-12 23:00:00,21.265340916587,4.3344398406425,451.380029187854,0.324077398488667,0.199605683321867,2.59133333333333,2
2025-11-12 23:15:00,21.265340916587,4.438291815459,451.380029187854,0.324077398488667,0.199586807491267,2.63733333333333,2
2025-11-12 23:30:00,21.223573911213,4.20864637515367,451.384657187854,0.324163403598267,0.211080070891633,2.31533333333333,2
2025-11-12 23:45:00,21.200797624523,4.432244515569,451.384657187854,0.324138132487333,0.203546791630633,2.65,2
2025-11-13 00:00:00,21.2892475944703,4.18740504118083,451.338993901114,0.323198588263433,0.1921521094464,3.09466666666667,2
2025-11-13 00:15:00,21.272968610927,4.18740504118083,451.338993901114,0.323261401597433,0.192322299930433,4.12733333333333,2
2025-11-13 00:30:00,21.563917491223,4.39616622378417,451.338993901114,0.3235898542652,0.194367246806333,3.27266666666667,2
2025-11-13 00:45:00,21.223573911213,4.08953532415933,451.404583187854,0.323978699598267,0.201054857744867,2.32,2
2025-11-13 01:00:00,21.223573911213,4.09588255003933,451.384657187854,0.324005619597267,0.201323788637767,2.012,2
2025-11-13 01:15:00,21.696483097716,4.50633273984784,451.338993901114,0.322876654709467,0.203997168524267,2.298,2
2025-11-13 01:30:00,21.583093235851,4.40688055726917,451.338993901114,0.322845205376533,0.195024772462667,2.862,2
2025-11-13 01:45:00,21.200797624523,4.28499498675233,451.384657187854,0.324086048486567,0.200214310373033,2.62733333333333,2
2025-11-13 02:00:00,21.265340916587,4.298786518319,451.380029187854,0.324247817155067,0.1997167427142,2.368,2
2025-11-13 02:15:00,21.503768816419,4.21978657189083,451.338993901114,0.3233420273757,0.193509481320733,2.46533333333333,2
2025-11-13 02:30:00,21.246603629404,4.1736300633475,451.338993901114,0.323288167374333,0.192440445554467,2.78666666666667,2
2025-11-13 02:45:00,21.246603629404,4.1736300633475,451.338993901114,0.323288167374333,0.192518975308133,2.77933333333333,2
2025-11-13 03:00:00,21.246603629404,4.1668848856975,451.338993901114,0.323569546039933,0.192466786887533,3.90666666666667,2
2025-11-13 03:15:00,21.246603629404,4.1668848856975,451.338993901114,0.323569546039933,0.192440953134233,3.18066666666667,2
2025-11-13 03:30:00,21.544851225574,4.22508132171417,451.338993901114,0.323371063152467,0.193637473965467,2.72933333333333,2
2025-11-13 03:45:00,21.246603629404,4.1652070466175,451.338993901114,0.323408026039933,0.192432256877033,2.73133333333333,2
2025-11-13 04:00:00,21.246603629404,4.1647943080975,451.338993901114,0.323408026039933,0.192440953134233,2.604,2
2025-11-13 04:15:00,21.246603629404,4.1736300633475,451.338993901114,0.323288167374333,0.192518975308133,2.77533333333333,2
2025-11-13 04:30:00,21.246603629404,4.1736300633475,451.338993901114,0.323288167374333,0.192093641055033,3.10933333333333,2
2025-11-13 04:45:00,21.246603629404,4.1736300633475,451.338993901114,0.323288167374333,0.192440445554467,3.21066666666667,2
2025-11-13 05:00:00,21.246603629404,4.1736300633475,451.338993901114,0.323288167374333,0.192440445554467,3.784,2
2025-11-13 05:15:00,21.054540023232,4.11527057592177,452.504388805627,0.324025886927667,0.193206684834933,4.63933333333333,2
2025-11-13 05:30:00,21.246603629404,4.1736300633475,451.338993901114,0.323288167374333,0.192331458673033,3.924,2
2025-11-13 05:45:00,21.0479604656273,3.98716824019914,455.885914582917,0.314652482689367,0.168386866525967,5.04466666666667,2
2025-11-13 06:00:00,21.0479604656273,3.98930140363914,455.878969896347,0.2970161491426,0.166935247204667,7.79,2
2025-11-13 06:15:00,21.0479604656273,3.98930140363914,455.878969896347,0.2970161491426,0.166935247204667,10.558,2
2025-11-13 06:30:00,21.0479604656273,3.98675862033914,455.878969896347,0.2967793624766,0.1662114160066,10.076,2
2025-11-13 06:45:00,21.0479604656273,3.98930140363914,455.878969896347,0.2970161491426,0.166600398800733,9.59466666666667,2
2025-11-13 07:00:00,21.0479604656273,3.98930140363914,455.878969896347,0.2970161491426,0.166600398800733,8.846,2
2025-11-13 07:15:00,21.0479604656273,3.98930140363914,455.878969896347,0.2970161491426,0.166600398800733,8.116,2
2025-11-13 07:30:00,21.0479604656273,3.98930140363914,455.878969896347,0.2970161491426,0.166935247204667,7.93066666666667,2
2025-11-13 07:45:00,21.0479604656273,3.98930140363914,455.878969896347,0.2970161491426,0.166600398800733,8.80866666666667,2
2025-11-13 08:00:00,21.0479604656273,3.98930140363914,455.878969896347,0.2970161491426,0.166768738969633,8.00866666666667,2
2025-11-13 08:15:00,21.0479604656273,3.98930140363914,455.878969896347,0.2970161491426,0.166600398800733,8.66066666666667,2
2025-11-13 08:30:00,21.0479604656273,3.98930140363914,455.878969896347,0.2970161491426,0.166935247204667,9.62,2
2025-11-13 08:45:00,21.0479604656273,3.98930140363914,455.878969896347,0.2970161491426,0.166600398800733,11.226,2
2025-11-13 09:00:00,21.0479604656273,3.98930140363914,455.878969896347,0.2970161491426,0.166600398800733,10.8613333333333,2
2025-11-13 09:15:00,21.0479604656273,3.98930140363914,455.878969896347,0.2970161491426,0.166600398800733,10.8846666666667,2
2025-11-13 09:30:00,21.0479604656273,3.98930140363914,455.878969896347,0.2970161491426,0.166600398800733,12.014,2
2025-11-13 09:45:00,21.0479604656273,3.98930140363914,455.878969896347,0.2968601224766,0.166605973340333,12.6726666666667,2
2025-11-13 10:00:00,21.0479604656273,3.98930140363914,455.878969896347,0.2970161491426,0.166600398800733,13.8493333333333,2
2025-11-13 10:15:00,21.0479604656273,3.98930140363914,455.878969896347,0.2968601224766,0.166830250376333,14.1126666666667,2
2025-11-13 10:30:00,21.0479604656273,3.98826586513247,455.878969896347,0.2966233358106,0.166299038429767,13.0206666666667,2
2025-11-13 10:45:00,21.0479604656273,3.98457754782914,455.878969896347,0.302541501128867,0.166243348292233,12.1173333333333,2
2025-11-13 11:00:00,21.0479604656273,3.98716824019914,455.862932716317,0.315793612688367,0.182690604933267,10.7373333333333,2
2025-11-13 11:15:00,21.0479604656273,3.9863813520958,455.878969896347,0.2965325958106,0.166359889695767,11.0466666666667,2
2025-11-13 11:30:00,21.0479604656273,3.98930140363914,455.878969896347,0.2968601224766,0.166830250376333,11.0506666666667,2
2025-11-13 11:45:00,21.0479604656273,3.9893790295958,455.878969896347,0.2965325958106,0.166266374244767,10.6606666666667,2
2025-11-13 12:00:00,21.0479604656273,3.98930140363914,455.878969896347,0.2968601224766,0.166761732797,11.5606666666667,2
2025-11-13 12:15:00,21.0479604656273,3.99229908113914,455.878969896347,0.2968601224766,0.166761732797,11.1833333333333,2
2025-11-13 12:30:00,21.0479604656273,3.99229908113914,455.878969896347,0.2968601224766,0.166761732797,11.0073333333333,2
2025-11-13 12:45:00,21.0479604656273,3.99229908113914,455.878969896347,0.2968601224766,0.166761732797,11.262,2
2025-11-13 13:00:00,21.0479604656273,3.99229908113914,455.878969896347,0.2968601224766,0.166761732797,10.9333333333333,2
2025-11-13 13:15:00,21.0479604656273,3.99229908113914,455.878969896347,0.2968601224766,0.166761732797,10.2673333333333,2
2025-11-13 13:30:00,21.0479604656273,3.98930140363914,455.878969896347,0.2968601224766,0.166761732797,10.3373333333333,2
2025-11-13 13:45:00,21.0479604656273,3.98930140363914,455.878969896347,0.2968601224766,0.166761732797,10.7106666666667,2
2025-11-13 14:00:00,21.0479604656273,3.99229908113914,455.878969896347,0.2968601224766,0.166761732797,9.874,2
2025-11-13 14:15:00,21.0479604656273,3.99229908113914,455.878969896347,0.2968601224766,0.166761732797,11.5646666666667,2
2025-11-13 14:30:00,21.0479604656273,3.99229908113914,455.878969896347,0.2968601224766,0.166761732797,10.5613333333333,2
2025-11-13 14:45:00,21.0479604656273,3.9890607111958,455.878969896347,0.296678094685367,0.166266374244767,7.98266666666667,2
2025-11-13 15:00:00,21.0479604656273,3.99229908113914,455.878969896347,0.2968601224766,0.166761732797,8.22333333333333,2
2025-11-13 15:15:00,21.0479604656273,3.98930140363914,455.878969896347,0.2968601224766,0.166761732797,10.614,2
2025-11-13 15:30:00,21.0479604656273,3.99229908113914,455.878969896347,0.2968601224766,0.166761732797,10.9613333333333,2
2025-11-13 15:45:00,21.0479604656273,3.98930140363914,455.878969896347,0.2968601224766,0.166761732797,10.4746666666667,2
2025-11-13 16:00:00,21.0479604656273,3.98930140363914,455.878969896347,0.2968601224766,0.166761732797,8.402,2
2025-11-13 16:15:00,21.0479604656273,3.98930140363914,455.878969896347,0.2968601224766,0.166605973340333,8.54933333333333,2
2025-11-13 16:30:00,21.0479604656273,3.98930140363914,455.878969896347,0.2968601224766,0.166617419252933,7.888,2
2025-11-13 16:45:00,21.0479604656273,3.98930140363914,455.878969896347,0.2970161491426,0.166600398800733,8.44866666666667,2
2025-11-13 17:00:00,21.0479604656273,3.98930140363914,455.878969896347,0.2968601224766,0.166617419252933,6.93466666666667,2
2025-11-13 17:15:00,21.0479604656273,3.98443882122914,455.878969896347,0.297756598460334,0.166108250215367,6.72333333333333,2
2025-11-13 17:30:00,21.0479604656273,3.98389359342914,455.878969896347,0.304935345571534,0.166080410334833,6.04133333333333,2
2025-11-13 17:45:00,21.0479604656273,3.98930140363914,455.878969896347,0.2970161491426,0.166998156379033,7.74333333333333,2
2025-11-13 18:00:00,21.0479604656273,3.98930140363914,455.878969896347,0.2970161491426,0.166998156379033,9.47333333333333,2
2025-11-13 18:15:00,21.0479604656273,3.98930140363914,455.878969896347,0.2970161491426,0.166952236711167,10.2213333333333,2
2025-11-13 18:30:00,21.0479604656273,3.98930140363914,455.878969896347,0.2970161491426,0.166935247204667,10.188,2
2025-11-13 18:45:00,21.0479604656273,3.98930140363914,455.878969896347,0.2970161491426,0.166935247204667,10.2486666666667,2
2025-11-13 19:00:00,21.0479604656273,3.98930140363914,455.878969896347,0.2970161491426,0.166600398800733,11.1733333333333,2
2025-11-13 19:15:00,21.0479604656273,3.98930140363914,455.878969896347,0.2970161491426,0.166600398800733,11.7746666666667,2
2025-11-13 19:30:00,21.0479604656273,3.98930140363914,455.878969896347,0.2970161491426,0.166935247204667,12.33,2
2025-11-13 19:45:00,21.0479604656273,3.98930140363914,455.878969896347,0.2970161491426,0.166952236711167,13.5426666666667,2
2025-11-13 20:00:00,21.0479604656273,3.98930140363914,455.878969896347,0.2970161491426,0.166967313655033,15.6413333333333,2
2025-11-13 20:15:00,21.0479604656273,3.98930140363914,455.878969896347,0.2970161491426,0.166935247204667,18.336,2
2025-11-13 20:30:00,21.0479604656273,3.98930140363914,455.878969896347,0.2970161491426,0.166952236711167,16.0266666666667,2
2025-11-13 20:45:00,21.0479604656273,3.98930140363914,455.878969896347,0.2970161491426,0.166600398800733,11.2836363636364,2
2025-11-13 21:00:00,21.0479604656273,3.98930140363914,455.878969896347,0.2968601224766,0.166605973340333,10.5453333333333,2
2025-11-13 21:15:00,21.0479604656273,3.98930140363914,455.878969896347,0.2970161491426,0.166600398800733,11.2626666666667,2
2025-11-13 21:30:00,21.0479604656273,3.98930140363914,455.878969896347,0.2970161491426,0.166600398800733,10.176,2
2025-11-13 21:45:00,21.0479604656273,3.98930140363914,455.878969896347,0.2970161491426,0.166600398800733,10.2226666666667,2
2025-11-13 22:00:00,21.0479604656273,3.98930140363914,455.878969896347,0.2968601224766,0.166605973340333,11.6253333333333,2
2025-11-13 22:15:00,21.0479604656273,3.98930140363914,455.878969896347,0.2970161491426,0.166600398800733,10.1793333333333,2
2025-11-13 22:30:00,21.0479604656273,3.98930140363914,455.878969896347,0.2970161491426,0.166768738969633,10.5153333333333,2
2025-11-13 22:45:00,21.0479604656273,3.98698595989914,455.878969896347,0.2967793624766,0.166451928318267,12.6713333333333,2
2025-11-13 23:00:00,21.0479604656273,3.98930140363914,455.878969896347,0.2970161491426,0.166935247204667,20.0666666666667,2
2025-11-13 23:15:00,21.0479604656273,3.98930140363914,455.878969896347,0.2968601224766,0.166605973340333,17.6486666666667,2
2025-11-13 23:30:00,21.0479604656273,3.98930140363914,455.878969896347,0.2970161491426,0.166952236711167,15.9346666666667,2
2025-11-13 23:45:00,21.0479604656273,3.98930140363914,455.878969896347,0.2970161491426,0.166600398800733,13.4826666666667,2
2025-11-14 00:00:00,21.0479604656273,3.98930140363914,455.878969896347,0.2970161491426,0.166600398800733,11.4493333333333,2
2025-11-14 00:15:00,21.0479604656273,3.9863813520958,455.878969896347,0.2965325958106,0.166135612659767,10.3226666666667,2
2025-11-14 00:30:00,21.0479604656273,3.98930140363914,455.878969896347,0.2970161491426,0.166600398800733,9.674,2
2025-11-14 00:45:00,21.0479604656273,3.98389359342914,455.878969896347,0.302541501128867,0.166231902379633,8.39133333333333,2
2025-11-14 01:00:00,21.1698748612773,3.98800018756247,455.945231065207,0.316447815581534,0.203902008532867,7.548,2
2025-11-14 01:15:00,21.1360972443173,4.15049514478064,452.996123567074,0.320636599813566,0.1946424265864,6.64066666666667,2
2025-11-14 01:30:00,21.0479604656273,3.98482010429914,455.878969896347,0.3151109082434,0.166085486092467,6.42266666666667,2
2025-11-14 01:45:00,21.0479604656273,3.98116100202914,455.878969896347,0.31503573491,0.166087610031833,6.34666666666667,2
2025-11-14 02:00:00,21.0479604656273,3.98182242679914,455.895877162997,0.315147790910067,0.165971996803267,6.23466666666667,2
2025-11-14 02:15:00,21.372227817022,4.1989671978703,455.660572294554,0.319720762254233,0.196773308981633,5.85266666666667,2
2025-11-14 02:30:00,21.1740244471287,4.15881014203664,453.002579233774,0.3190422526995,0.1951023769217,5.43533333333333,2
2025-11-14 02:45:00,21.1187275681737,4.1502753268811,451.338993901114,0.323399707820367,0.193397557505233,5.13933333333333,2
2025-11-14 03:00:00,21.1698748612773,3.9946179482358,455.932229643007,0.317163392471334,0.204295103336967,5.38333333333333,2
2025-11-14 03:15:00,21.246603629404,4.1736300633475,451.338993901114,0.323288167374333,0.192236951412533,5.93333333333333,2
2025-11-14 03:30:00,21.1802787577183,4.18176790669997,452.893747791317,0.319758082699367,0.195496352678433,5.994,2
2025-11-14 03:45:00,21.0543767282144,4.12381005936297,452.775193187387,0.3250845309252,0.1932189225261,5.33909090909091,2
2025-11-14 04:00:00,21.0479604656273,3.98575763801914,455.892678316317,0.314980455579567,0.165956686383633,6.38133333333333,2
2025-11-14 04:15:00,21.0479604656273,3.98716824019914,455.843411249651,0.314848763802467,0.174559070278167,6.70733333333333,2
2025-11-14 04:30:00,21.2055239221017,4.14678121738443,451.338993901114,0.323261107151067,0.193387839706933,6.594,2
2025-11-14 04:45:00,21.246603629404,4.1736300633475,451.338993901114,0.323288167374333,0.192440445554467,5.93066666666667,2
2025-11-14 05:00:00,21.246603629404,4.1736300633475,451.338993901114,0.323288167374333,0.192440445554467,4.97333333333333,2
2025-11-14 05:15:00,21.246603629404,4.1736300633475,451.338993901114,0.323288167374333,0.192440445554467,3.804,2
2025-11-14 05:30:00,21.246603629404,4.1736300633475,451.338993901114,0.323288167374333,0.192440445554467,3.09333333333333,2
2025-11-14 05:45:00,21.246603629404,4.1736300633475,451.338993901114,0.323288167374333,0.192440445554467,2.704,2
2025-11-14 06:00:00,21.246603629404,4.1736300633475,451.338993901114,0.323288167374333,0.192440445554467,2.33533333333333,2
2025-11-14 06:15:00,21.246603629404,4.1736300633475,451.338993901114,0.323288167374333,0.192440445554467,2.782,2
2025-11-14 06:30:00,21.246603629404,4.1736300633475,451.338993901114,0.323288167374333,0.192440445554467,1.94266666666667,2
2025-11-14 06:45:00,21.246603629404,4.1736300633475,451.338993901114,0.323288167374333,0.192440445554467,1.52866666666667,2
2025-11-14 07:00:00,21.246603629404,4.1736300633475,451.338993901114,0.323288167374333,0.192440445554467,1.594,2
2025-11-14 07:15:00,21.246603629404,4.1736300633475,451.338993901114,0.323288167374333,0.192440445554467,1.784,2
2025-11-14 07:30:00,21.246603629404,4.1736300633475,451.338993901114,0.323288167374333,0.192440445554467,1.61333333333333,2
2025-11-14 07:45:00,21.246603629404,4.1736300633475,451.338993901114,0.323288167374333,0.192440445554467,1.97133333333333,2
2025-11-14 08:00:00,21.246603629404,4.1736300633475,451.338993901114,0.323288167374333,0.192440445554467,1.218,2
2025-11-14 08:15:00,21.246603629404,4.1736300633475,451.338993901114,0.323288167374333,0.192518975308133,0.847333333333333,2
2025-11-14 08:30:00,21.246603629404,4.1736300633475,451.338993901114,0.323288167374333,0.192518975308133,1.224,2
2025-11-14 08:45:00,21.246603629404,4.1736300633475,451.338993901114,0.323288167374333,0.192518975308133,0.762666666666667,2
2025-11-14 09:00:00,21.246603629404,4.1736300633475,451.338993901114,0.323288167374333,0.192518975308133,0.823333333333333,2
2025-11-14 09:15:00,21.246603629404,4.1736300633475,451.338993901114,0.323288167374333,0.192518975308133,0.894,2
2025-11-14 09:30:00,21.246603629404,4.1736300633475,451.338993901114,0.323288167374333,0.192518975308133,1.30133333333333,2
2025-11-14 09:45:00,21.246603629404,4.1736300633475,451.338993901114,0.323288167374333,0.192440445554467,0.7,2
2025-11-14 10:00:00,21.246603629404,4.1736300633475,451.338993901114,0.323288167374333,0.192188315999033,1.22933333333333,2
2025-11-14 10:15:00,21.1740244471287,4.15881014203664,453.002579233774,0.3189230553673,0.195179001939367,1.204,2
2025-11-14 10:30:00,21.246603629404,4.1736300633475,451.338993901114,0.323288167374333,0.192440445554467,1.02,2
2025-11-14 10:45:00,21.246603629404,4.1736300633475,451.338993901114,0.323288167374333,0.192518975308133,1.13666666666667,2
2025-11-14 11:00:00,21.246603629404,4.1736300633475,451.338993901114,0.323288167374333,0.192151865811033,1.15666666666667,2
2025-11-14 11:15:00,21.246603629404,4.1736300633475,451.338993901114,0.323288167374333,0.192440445554467,1.004,2
2025-11-14 11:30:00,21.246603629404,4.1736300633475,451.338993901114,0.323288167374333,0.192518975308133,1.08133333333333,2
2025-11-14 11:45:00,21.246603629404,4.1736300633475,451.338993901114,0.323288167374333,0.192440445554467,0.946666666666667,2
2025-11-14 12:00:00,21.24852566717,4.14490353313777,451.338993901114,0.323282674040333,0.192826416106733,1.15866666666667,2
2025-11-14 12:15:00,21.0479604656273,3.9862484864258,455.892678316317,0.315438479576666,0.1662530252226,1.468,2
2025-11-14 12:30:00,21.0944156081187,4.1475596612473,452.77545364062,0.3210411889258,0.194436407866467,1.15533333333333,2
2025-11-14 12:45:00,21.246603629404,4.1736300633475,451.338993901114,0.323288167374333,0.192518975308133,0.977,2
2025-11-14 13:00:00,21.246603629404,4.1736300633475,451.338993901114,0.323288167374333,0.192518975308133,0.926666666666667,2
2025-11-14 13:15:00,21.246603629404,4.1736300633475,451.338993901114,0.323288167374333,0.192518975308133,1.13066666666667,2
2025-11-14 13:30:00,21.246603629404,4.1736300633475,451.338993901114,0.323288167374333,0.192518975308133,1.12666666666667,2
2025-11-14 13:45:00,21.246603629404,4.1736300633475,451.338993901114,0.323288167374333,0.1923437390507,1.57533333333333,2
2025-11-14 14:00:00,21.0479604656273,3.9892597139658,455.885914582917,0.314944179355067,0.168374857069433,1.808,2
2025-11-14 14:15:00,21.0479604656273,3.9865302949958,455.878969896347,0.297771431793834,0.1663693000579,2.58,2
2025-11-14 14:30:00,21.0479604656273,3.9839139005658,455.878969896347,0.3153379969091,0.1661884119056,2.14,2
2025-11-14 14:45:00,21.0479604656273,3.9878491117858,455.892678316317,0.315040312245266,0.165953979216367,2.30066666666667,2
2025-11-14 15:00:00,21.246603629404,4.1736300633475,451.338993901114,0.323288167374333,0.192518975308133,2.638,2
2025-11-14 15:15:00,21.246603629404,4.1736300633475,451.338993901114,0.323288167374333,0.192440445554467,2.568,2
2025-11-14 15:30:00,21.0479604656273,3.9857904735658,455.878969896347,0.3151475435751,0.1661892897018,3.44666666666667,2
2025-11-14 15:45:00,21.0479604656273,3.9846365693658,455.878969896347,0.3153379969091,0.166155053849267,3.538,2
2025-11-14 16:00:00,21.1638731511003,4.03292743934114,455.913341516327,0.319579771137266,0.1966213969425,2.71333333333333,2
2025-11-14 16:15:00,21.1698748612773,4.07777440032914,455.954628976327,0.317753902026233,0.211269400242067,2.866,2
2025-11-14 16:30:00,21.0479604656273,3.98563009557914,455.878969896347,0.314127884902867,0.166094024473633,3.454,2
2025-11-14 16:45:00,21.0479604656273,3.99126354263247,455.878969896347,0.2966233358106,0.166323434489233,3.69133333333333,2
2025-11-14 17:00:00,21.0479604656273,3.98930140363914,455.878969896347,0.2968601224766,0.166617419252933,3.57866666666667,2
2025-11-14 17:15:00,21.0479604656273,3.99229908113914,455.878969896347,0.2968601224766,0.166761732797,4.30866666666667,2
2025-11-14 17:30:00,21.0479604656273,3.98930140363914,455.878969896347,0.2968601224766,0.166830250376333,4.89666666666667,2
2025-11-14 17:45:00,21.0479604656273,3.99229908113914,455.878969896347,0.2968601224766,0.166761732797,3.58333333333333,2
2025-11-14 18:00:00,21.0479604656273,3.98930140363914,455.878969896347,0.2968601224766,0.166761732797,5.07266666666667,2
2025-11-14 18:15:00,21.0479604656273,3.98930140363914,455.878969896347,0.2968601224766,0.166830250376333,4.93066666666667,2
2025-11-14 18:30:00,21.0479604656273,3.99229908113914,455.878969896347,0.2968601224766,0.166761732797,4.53333333333333,2
2025-11-14 18:45:00,21.0479604656273,3.99229908113914,455.878969896347,0.2968601224766,0.166595224561967,5.012,2
2025-11-14 19:00:00,21.0479604656273,3.9860552370458,455.878969896347,0.3053969331254,0.1660533921183,5.41666666666667,2
2025-11-14 19:15:00,21.0479604656273,3.98743649872914,455.878969896347,0.2980330369049,0.166467609914467,6.17266666666667,2
2025-11-14 19:30:00,21.0479604656273,3.9893790295958,455.878969896347,0.2965325958106,0.166266374244767,6.296,2
2025-11-14 19:45:00,21.0479604656273,3.98930140363914,455.878969896347,0.2968601224766,0.166761732797,6.92333333333333,2
2025-11-14 20:00:00,21.0479604656273,3.99229908113914,455.878969896347,0.2968601224766,0.166761732797,6.59266666666667,2
2025-11-14 20:15:00,21.0479604656273,3.98930140363914,455.878969896347,0.2970161491426,0.166600398800733,8.074,2
2025-11-14 20:30:00,21.0479604656273,3.98930140363914,455.878969896347,0.2968601224766,0.166761732797,6.47533333333333,2
2025-11-14 20:45:00,21.0479604656273,3.98930140363914,455.878969896347,0.2968601224766,0.166595224561967,7.218,2
2025-11-14 21:00:00,21.0479604656273,3.9893790295958,455.878969896347,0.2965325958106,0.166305182601767,7.41133333333333,2
2025-11-14 21:15:00,21.0479604656273,3.99229908113914,455.878969896347,0.2968601224766,0.166595224561967,7.29866666666667,2
2025-11-14 21:30:00,21.0479604656273,3.98930140363914,455.878969896347,0.2968601224766,0.166761732797,8.68,2
2025-11-14 21:45:00,21.0479604656273,3.99229908113914,455.878969896347,0.2968601224766,0.166761732797,7.59533333333333,2
2025-11-14 22:00:00,21.0479604656273,3.99229908113914,455.878969896347,0.2968601224766,0.166761732797,7.97466666666667,2
2025-11-14 22:15:00,21.0479604656273,3.99229908113914,455.878969896347,0.2968601224766,0.166761732797,8.36533333333333,2
2025-11-14 22:30:00,21.0479604656273,3.99229908113914,455.878969896347,0.2968601224766,0.166761732797,7.89333333333333,2
2025-11-14 22:45:00,21.0479604656273,3.99229908113914,455.878969896347,0.2968601224766,0.166761732797,7.98666666666667,2
2025-11-14 23:00:00,21.0479604656273,3.98563009557914,455.878969896347,0.3147961815726,0.166074090136633,5.848,2
2025-11-14 23:15:00,21.0479604656273,3.9875497204258,455.862932716317,0.316232526687467,0.1910075703481,2.996,2
2025-11-14 23:30:00,21.1401880095573,3.99034604719914,455.951337860851,0.317779013578767,0.2050956587672,3.26466666666667,2
2025-11-14 23:45:00,21.0479604656273,3.98136021987914,455.878969896347,0.3149204549094,0.166136175156333,5.932,2
2025-11-15 00:00:00,21.0479604656273,3.98930140363914,455.878969896347,0.2970161491426,0.166600398800733,9.096,2
2025-11-15 00:15:00,21.0479604656273,3.98930140363914,455.878969896347,0.2970161491426,0.166600398800733,14.5826666666667,2
2025-11-15 00:30:00,21.0479604656273,3.98930140363914,455.878969896347,0.2970161491426,0.166600398800733,12.8906666666667,2
2025-11-15 00:45:00,21.0479604656273,3.98930140363914,455.878969896347,0.2970161491426,0.166935247204667,12.568,2
2025-11-15 01:00:00,21.0479604656273,3.98930140363914,455.878969896347,0.2970161491426,0.166935247204667,13.9113333333333,2
2025-11-15 01:15:00,21.0479604656273,3.98930140363914,455.878969896347,0.2970161491426,0.166935247204667,13.3726666666667,2
2025-11-15 01:30:00,21.0479604656273,3.98930140363914,455.878969896347,0.2970161491426,0.166935247204667,14.4666666666667,2
2025-11-15 01:45:00,21.0479604656273,3.98930140363914,455.878969896347,0.2970161491426,0.166935247204667,23.3833333333333,2
2025-11-15 02:00:00,21.0479604656273,3.98930140363914,455.878969896347,0.2970161491426,0.166935247204667,13.3413333333333,2
2025-11-15 02:15:00,21.0479604656273,3.98930140363914,455.878969896347,0.2968601224766,0.166617419252933,7.23066666666667,2
2025-11-15 02:30:00,21.0479604656273,3.98443882122914,455.878969896347,0.2978312635709,0.166266374244767,7.002,2
2025-11-15 02:45:00,21.0479604656273,3.98773325535914,455.862932716317,0.316150018021767,0.2044055224695,5.32066666666667,2
2025-11-15 03:00:00,21.246603629404,4.1736300633475,451.338993901114,0.323288167374333,0.192518975308133,2.82266666666667,2
2025-11-15 03:15:00,21.1740244471287,4.16009632043664,453.002579233774,0.3190422526995,0.1951004721857,3.72466666666667,2
2025-11-15 03:30:00,21.246603629404,4.1736300633475,451.338993901114,0.323288167374333,0.192440445554467,4.986,2
2025-11-15 03:45:00,21.1737433109387,4.15182998948664,453.002579233774,0.319441606699333,0.194752945653867,9.50266666666667,2
2025-11-15 04:00:00,21.1698748612773,3.98569157261247,456.065082540751,0.3173227366947,0.217507775284933,9.23266666666667,2
2025-11-15 04:15:00,21.0479604656273,3.98389359342914,455.878969896347,0.303741899348167,0.166056935709967,11.3086666666667,2
2025-11-15 04:30:00,21.0479604656273,3.98443882122914,455.878969896347,0.296765384686067,0.166091229763167,12.814,2
2025-11-15 04:45:00,21.0479604656273,3.98930140363914,455.878969896347,0.2970161491426,0.166600398800733,11.11,2
2025-11-15 05:00:00,21.0479604656273,3.98389359342914,455.878969896347,0.304935345571534,0.166025703240833,7.34,2
2025-11-15 05:15:00,21.0479604656273,3.98826586513247,455.878969896347,0.2967793624766,0.166123893948167,11.6733333333333,2
2025-11-15 05:30:00,21.0479604656273,3.98930140363914,455.878969896347,0.2970161491426,0.166935247204667,11.3346666666667,2
2025-11-15 05:45:00,21.0479604656273,3.98930140363914,455.878969896347,0.2970161491426,0.166935247204667,10.7593333333333,2
2025-11-15 06:00:00,21.0479604656273,3.98930140363914,455.878969896347,0.2970161491426,0.166600398800733,10.0546666666667,2
2025-11-15 06:15:00,21.0479604656273,3.98698595989914,455.878969896347,0.2967793624766,0.1661377044335,11.1126666666667,2
2025-11-15 06:30:00,21.0479604656273,3.98389359342914,455.878969896347,0.303541006016167,0.166080410334833,9.68666666666667,2
2025-11-15 06:45:00,21.0479604656273,3.98457754782914,455.878969896347,0.302541501128867,0.166243348292233,8.65266666666667,2
2025-11-15 07:00:00,21.0479604656273,3.98457754782914,455.878969896347,0.302048516906633,0.166231902379633,7.59066666666667,2
2025-11-15 07:15:00,21.0479604656273,3.98443882122914,455.878969896347,0.2990270275705,0.166414033919633,7.362,2
2025-11-15 07:30:00,21.0479604656273,3.98930140363914,455.878969896347,0.2968601224766,0.166617419252933,7.98133333333333,2
2025-11-15 07:45:00,21.0479604656273,3.98930140363914,455.878969896347,0.2970161491426,0.166600398800733,8.738,2
2025-11-15 08:00:00,21.0479604656273,3.98930140363914,455.878969896347,0.2968601224766,0.166830250376333,8.13466666666667,2
2025-11-15 08:15:00,21.0479604656273,3.98930140363914,455.878969896347,0.2968601224766,0.166617419252933,8.34133333333333,2
2025-11-15 08:30:00,21.0479604656273,3.98930140363914,455.878969896347,0.2970161491426,0.166600398800733,9.22733333333333,2
2025-11-15 08:45:00,21.0479604656273,3.98930140363914,455.878969896347,0.2970161491426,0.166600398800733,9.532,2
2025-11-15 09:00:00,21.0479604656273,3.98930140363914,455.878969896347,0.2970161491426,0.166600398800733,9.328,2
2025-11-15 09:15:00,21.0479604656273,3.98930140363914,455.878969896347,0.2970161491426,0.166935247204667,9.20933333333333,2
2025-11-15 09:30:00,21.0479604656273,3.98930140363914,455.878969896347,0.2970161491426,0.166600398800733,8.75466666666667,2
2025-11-15 09:45:00,21.0479604656273,3.98930140363914,455.878969896347,0.2970161491426,0.166600398800733,8.85,2
2025-11-15 10:00:00,21.0479604656273,3.98930140363914,455.878969896347,0.2968601224766,0.166605973340333,8.80533333333333,2
2025-11-15 10:15:00,21.0479604656273,3.98930140363914,455.878969896347,0.2968601224766,0.166761732797,7.98666666666667,2
2025-11-15 10:30:00,21.0479604656273,3.98930140363914,455.878969896347,0.2968601224766,0.166830250376333,8.45333333333333,2
2025-11-15 10:45:00,21.0479604656273,3.98930140363914,455.878969896347,0.2968601224766,0.166605973340333,9.524,2
2025-11-15 11:00:00,21.0479604656273,3.98930140363914,455.878969896347,0.2970161491426,0.166600398800733,9.88533333333333,2
2025-11-15 11:15:00,21.0479604656273,3.98930140363914,455.878969896347,0.2970161491426,0.166935247204667,9.42933333333333,2
2025-11-15 11:30:00,21.0479604656273,3.98930140363914,455.878969896347,0.2970161491426,0.166600398800733,9.17466666666667,2
2025-11-15 11:45:00,21.0479604656273,3.98930140363914,455.878969896347,0.2970161491426,0.166600398800733,10.3193333333333,2
2025-11-15 12:00:00,21.0479604656273,3.98930140363914,455.878969896347,0.2970161491426,0.166600398800733,10.5246666666667,2
2025-11-15 12:15:00,21.0479604656273,3.98930140363914,455.878969896347,0.2970161491426,0.166935247204667,10.6526666666667,2
2025-11-15 12:30:00,21.0479604656273,3.98930140363914,455.878969896347,0.2970161491426,0.166935247204667,11.0013333333333,2
2025-11-15 12:45:00,21.0479604656273,3.98930140363914,455.878969896347,0.2970161491426,0.166600398800733,10.58,2
2025-11-15 13:00:00,21.0479604656273,3.98930140363914,455.878969896347,0.2970161491426,0.166600398800733,11.668,2
2025-11-15 13:15:00,21.0479604656273,3.98930140363914,455.878969896347,0.2970161491426,0.166600398800733,9.85666666666667,2
2025-11-15 13:30:00,21.0479604656273,3.98930140363914,455.878969896347,0.2970161491426,0.166600398800733,9.75733333333333,2
2025-11-15 13:45:00,21.0479604656273,3.98930140363914,455.878969896347,0.2970161491426,0.166600398800733,8.232,2
2025-11-15 14:00:00,21.0479604656273,3.97190564362247,455.878969896347,0.2970801991431,0.166634110058733,9.182,2
2025-11-15 14:15:00,21.0479604656273,3.97329183422247,455.878969896347,0.2970161491426,0.166600398800733,9.65733333333333,2
2025-11-15 14:30:00,21.0479604656273,3.98930140363914,455.878969896347,0.2970161491426,0.166600398800733,9.46866666666667,2
2025-11-15 14:45:00,21.0479604656273,3.98930140363914,455.878969896347,0.2970161491426,0.166935247204667,8.46866666666667,2
2025-11-15 15:00:00,21.0479604656273,3.98930140363914,455.878969896347,0.2968601224766,0.166617419252933,7.12466666666667,2
2025-11-15 15:15:00,21.0479604656273,3.98930140363914,455.878969896347,0.2968601224766,0.166605973340333,8.48933333333333,2
2025-11-15 15:30:00,21.0479604656273,3.97980040594914,455.878969896347,0.2968601224766,0.166605973340333,8.55533333333333,2
2025-11-15 15:45:00,21.0479604656273,3.98930140363914,455.878969896347,0.2970161491426,0.166600398800733,8.792,2
2025-11-15 16:00:00,21.0479604656273,3.98930140363914,455.878969896347,0.2970161491426,0.166600398800733,9.16,2
2025-11-15 16:15:00,21.0479604656273,3.98930140363914,455.878969896347,0.2970161491426,0.166600398800733,8.77466666666667,2
2025-11-15 16:30:00,21.0479604656273,3.97296039594247,455.878969896347,0.2973169858091,0.166750189908667,8.956,2
2025-11-15 16:45:00,21.0479604656273,3.97222460726247,455.878969896347,0.296993671140434,0.167026584439167,7.93933333333333,2
2025-11-15 17:00:00,21.0479604656273,3.97065903994247,455.878969896347,0.297017588472834,0.167026584439167,8.98866666666667,2
2025-11-15 17:15:00,21.0479604656273,3.98930140363914,455.878969896347,0.2970161491426,0.166935247204667,8.14533333333333,2
2025-11-15 17:30:00,21.0479604656273,3.98930140363914,455.878969896347,0.2970161491426,0.166935247204667,8.566,2
2025-11-15 17:45:00,21.0479604656273,3.98930140363914,455.878969896347,0.2970161491426,0.166952236711167,10.572,2
2025-11-15 18:00:00,21.0479604656273,3.98861637383914,455.878969896347,0.2970161491426,0.166967313655033,14.174,2
2025-11-15 18:15:00,21.0479604656273,3.98930140363914,455.878969896347,0.2970161491426,0.166998156379033,15.404,2
2025-11-15 18:30:00,21.0479604656273,3.98930140363914,455.878969896347,0.2970161491426,0.166998156379033,14.7666666666667,2
2025-11-15 18:45:00,21.0479604656273,3.98861637383914,455.878969896347,0.2970161491426,0.166967313655033,14.3646666666667,2
2025-11-15 19:00:00,21.0479604656273,3.99023431313914,455.878969896347,0.2970161491426,0.167020905100833,16.148,2
2025-11-15 19:15:00,21.0479604656273,3.98861637383914,455.878969896347,0.2970161491426,0.166967313655033,14.1946666666667,2
2025-11-15 19:30:00,21.0479604656273,3.98861637383914,455.878969896347,0.2970161491426,0.166967313655033,13.286,2
2025-11-15 19:45:00,21.0479604656273,3.98861637383914,455.878969896347,0.2970161491426,0.166967313655033,13.8226666666667,2
2025-11-15 20:00:00,21.0479604656273,3.99023431313914,455.878969896347,0.2970161491426,0.167020905100833,13.9193333333333,2
2025-11-15 20:15:00,21.0479604656273,3.97389330544247,455.878969896347,0.2973169858091,0.1672552267329,14.6893333333333,2
2025-11-15 20:30:00,21.0479604656273,3.98861637383914,455.878969896347,0.2970161491426,0.166967313655033,15.6866666666667,2
2025-11-15 20:45:00,21.0479604656273,3.99023431313914,455.878969896347,0.2970161491426,0.167020905100833,16.3866666666667,2
2025-11-15 21:00:00,21.0479604656273,3.99023431313914,455.878969896347,0.2970161491426,0.167020905100833,16.154,2
2025-11-15 21:15:00,21.0479604656273,3.97420015290914,455.878969896347,0.297017588472834,0.166970881343467,13.1233333333333,2
2025-11-15 21:30:00,21.0479604656273,3.97291236140914,455.878969896347,0.297017588472834,0.167008416955667,9.94466666666667,2
2025-11-15 21:45:00,21.0479604656273,3.98930140363914,455.878969896347,0.2970161491426,0.166998156379033,11.2,2
2025-11-15 22:00:00,21.0479604656273,3.98861637383914,455.878969896347,0.2970161491426,0.166967313655033,13.8186666666667,2
2025-11-15 22:15:00,21.0479604656273,3.98861637383914,455.878969896347,0.2970161491426,0.166967313655033,13.906,2
2025-11-15 22:30:00,21.0479604656273,3.98930140363914,455.878969896347,0.2970161491426,0.166998156379033,11.9466666666667,2
2025-11-15 22:45:00,21.0479604656273,3.98930140363914,455.878969896347,0.2970161491426,0.166600398800733,10.2693333333333,2
2025-11-15 23:00:00,21.0479604656273,3.98930140363914,455.878969896347,0.2968601224766,0.166605973340333,7.26133333333333,2
2025-11-15 23:15:00,21.0479604656273,3.98930140363914,455.878969896347,0.2970161491426,0.166935247204667,5.894,2
2025-11-15 23:30:00,21.0479604656273,3.98930140363914,455.878969896347,0.2970161491426,0.166935247204667,6.9,2
2025-11-15 23:45:00,21.0479604656273,3.98930140363914,455.878969896347,0.2970161491426,0.166600398800733,5.99733333333333,2
2025-11-16 00:00:00,21.0479604656273,3.98930140363914,455.878969896347,0.2970161491426,0.166935247204667,5.87533333333333,2
2025-11-16 00:15:00,21.0479604656273,3.98930140363914,455.878969896347,0.2970161491426,0.166600398800733,6.31133333333333,2
2025-11-16 00:30:00,21.0479604656273,3.98930140363914,455.878969896347,0.2968601224766,0.166617419252933,5.87933333333333,2
2025-11-16 00:45:00,21.0479604656273,3.98389359342914,455.878969896347,0.303384426904467,0.166534097552133,4.99933333333333,2
2025-11-16 01:00:00,21.0479604656273,3.98324109447914,455.878969896347,0.3065711606804,0.166085607888833,5.99466666666667,2
2025-11-16 01:15:00,21.0479604656273,3.98575763801914,455.892678316317,0.314980455579567,0.165956686383633,5.248,2
2025-11-16 01:30:00,21.0479604656273,3.98716824019914,455.862932716317,0.315847819354867,0.181915998203567,5.732,2
2025-11-16 01:45:00,21.0479604656273,3.98389359342914,455.878969896347,0.302878825572867,0.166456179415633,5.74733333333333,2
2025-11-16 02:00:00,21.0479604656273,3.98716824019914,455.862932716317,0.315847819354867,0.181915998203567,6.14533333333333,2
2025-11-16 02:15:00,21.0479604656273,3.98389359342914,455.878969896347,0.303228400238467,0.166243348292233,6.80266666666667,2
2025-11-16 02:30:00,21.0479604656273,3.98389359342914,455.878969896347,0.3047732997936,0.166085607888833,7.03133333333333,2
2025-11-16 02:45:00,21.1698748612773,3.98569646568247,456.042237087441,0.317422424026933,0.211242011555367,7.08466666666667,2
2025-11-16 03:00:00,21.0479604656273,3.98575763801914,455.892678316317,0.314752095579567,0.166071288894733,7.37,2
2025-11-16 03:15:00,21.0479604656273,3.98396322557914,455.892678316317,0.315362426245567,0.165737111649133,7.81333333333333,2
2025-11-16 03:30:00,21.0479604656273,3.98563009557914,455.878969896347,0.3147323615736,0.166074090136633,7.35133333333333,2
2025-11-16 03:45:00,21.0479604656273,3.98826586513247,455.878969896347,0.2966233358106,0.166140914400367,7.96866666666667,2
2025-11-16 04:00:00,21.0479604656273,3.98263241807914,455.878969896347,0.3150088795739,0.166107227341767,8.49466666666667,2
2025-11-16 04:15:00,21.0479604656273,3.98389359342914,455.878969896347,0.303741899348167,0.166207764581967,9.17666666666667,2
2025-11-16 04:30:00,21.0479604656273,3.9860630336958,455.878969896347,0.297230659131567,0.166108250215367,9.654,2
2025-11-16 04:45:00,21.0479604656273,3.98389359342914,455.878969896347,0.302878825572867,0.166456179415633,9.04133333333333,2
2025-11-16 05:00:00,21.0479604656273,3.98457754782914,455.878969896347,0.301035680240334,0.166231902379633,9.62533333333333,2
2025-11-16 05:15:00,21.0479604656273,3.98826586513247,455.878969896347,0.2967793624766,0.166438117832933,10.922,2
2025-11-16 05:30:00,21.0479604656273,3.98443882122914,455.878969896347,0.2980330369049,0.166309485885067,11.154,2
2025-11-16 05:45:00,21.0479604656273,3.98389359342914,455.878969896347,0.303228400238467,0.166243348292233,10.918,2
2025-11-16 06:00:00,21.0479604656273,3.98443882122914,455.878969896347,0.296569984686067,0.166096804302767,10.8706666666667,2
2025-11-16 06:15:00,21.0479604656273,3.98457754782914,455.878969896347,0.300856120240333,0.166243348292233,11.5166666666667,2
2025-11-16 06:30:00,21.0479604656273,3.98389359342914,455.878969896347,0.303465704682967,0.166231239206833,10.9313333333333,2
2025-11-16 06:45:00,21.0479604656273,3.98116100202914,455.878969896347,0.31497112691,0.166076164119233,10.0093333333333,2
2025-11-16 07:00:00,21.0479604656273,3.98263241807914,455.878969896347,0.3148528529079,0.166130701966633,9.82133333333333,2
2025-11-16 07:15:00,21.0479604656273,3.98716824019914,455.843411249651,0.314986261580967,0.172854673052433,9.61733333333333,2
2025-11-16 07:30:00,21.246603629404,4.1736300633475,451.338993901114,0.323288167374333,0.192442350290467,8.89666666666667,2
2025-11-16 07:45:00,21.246603629404,4.1799772892275,451.338993901114,0.323377900707333,0.1927083653157,9.156,2
2025-11-16 08:00:00,21.0479604656273,3.98182242679914,455.878969896347,0.3151109082434,0.166089082823967,9.29666666666667,2
2025-11-16 08:15:00,21.0479604656273,3.98716824019914,455.843411249651,0.314974297135967,0.173074245776233,8.455,2
2025-11-16 08:30:00,,,,,,,2
2025-11-16 08:45:00,,,,,,,2
2025-11-16 09:00:00,,,,,,,2
2025-11-16 09:15:00,,,,,,,
2025-11-16 09:30:00,,,,,,,
2025-11-16 09:45:00,,,,,,,
2025-11-16 10:00:00,,,,,,,
2025-11-16 10:15:00,,,,,,,
2025-11-16 10:30:00,,,,,,,
2025-11-16 10:45:00,,,,,,,
2025-11-16 11:00:00,,,,,,,
2025-11-16 11:15:00,,,,,,,
2025-11-16 11:30:00,,,,,,,
2025-11-16 11:45:00,,,,,,,
2025-11-16 12:00:00,,,,,,,
2025-11-16 12:15:00,,,,,,,
2025-11-16 12:30:00,,,,,,,
2025-11-16 12:45:00,,,,,,,
2025-11-16 13:00:00,,,,,,,
2025-11-16 13:15:00,,,,,,,
2025-11-16 13:30:00,,,,,,,
2025-11-16 13:45:00,,,,,,,
2025-11-16 14:00:00,,,,,,,
2025-11-16 14:15:00,,,,,,,
2025-11-16 14:30:00,,,,,,,
2025-11-16 14:45:00,,,,,,,
2025-11-16 15:00:00,,,,,,,
2025-11-16 15:15:00,,,,,,,
2025-11-16 15:30:00,,,,,,,
2025-11-16 15:45:00,,,,,,,
2025-11-16 16:00:00,,,,,,,
2025-11-16 16:15:00,,,,,,,
2025-11-16 16:30:00,,,,,,,
2025-11-16 16:45:00,,,,,,,
2025-11-16 17:00:00,,,,,,,
2025-11-16 17:15:00,,,,,,,
2025-11-16 17:30:00,,,,,,,
2025-11-16 17:45:00,,,,,,,
2025-11-16 18:00:00,,,,,,,
2025-11-16 18:15:00,,,,,,,
2025-11-16 18:30:00,,,,,,,
2025-11-16 18:45:00,,,,,,,
2025-11-16 19:00:00,,,,,,,
2025-11-16 19:15:00,,,,,,,
2025-11-16 19:30:00,,,,,,,
2025-11-16 19:45:00,,,,,,,
2025-11-16 20:00:00,,,,,,,
2025-11-16 20:15:00,,,,,,3.07,
2025-11-16 20:30:00,,,,,,2.71,
2025-11-16 20:45:00,,,,,,2.592,
2025-11-16 21:00:00,,,,,,2.67866666666667,
2025-11-16 21:15:00,21.3304771383703,4.1864977620475,451.338993901114,0.323261401597433,0.192012760833733,2.64666666666667,2
2025-11-16 21:30:00,21.4104073263063,4.20823075365083,451.338993901114,0.323261401597433,0.192576793218667,2.912,2
2025-11-16 21:45:00,21.563917491223,4.39616622378417,451.338993901114,0.323765835153167,0.194294309408,2.81533333333333,2
2025-11-16 22:00:00,21.252078346039,4.1784492533675,451.338993901114,0.323408026039933,0.1925675161364,2.97266666666667,2
2025-11-16 22:15:00,21.563917491223,4.39616622378417,451.338993901114,0.323870035153667,0.194259346421267,2.508,2
2025-11-16 22:30:00,21.246603629404,4.1668848856975,451.338993901114,0.323569546039933,0.192388257133867,2.53066666666667,2
2025-11-16 22:45:00,21.246603629404,4.1736300633475,451.338993901114,0.323288167374333,0.192518975308133,2.49,2
2025-11-16 23:00:00,21.272968610927,4.18740504118083,451.338993901114,0.323261401597433,0.192300115563233,2.21733333333333,2
2025-11-16 23:15:00,21.252078346039,4.16476665239417,451.338993901114,0.323408026039933,0.192427183469533,2.06933333333333,2
2025-11-16 23:30:00,21.246603629404,4.1736300633475,451.338993901114,0.323288167374333,0.192505318046133,2.068,2
2025-11-16 23:45:00,21.246603629404,4.1736300633475,451.338993901114,0.323288167374333,0.192518975308133,2.02866666666667,2
2025-11-17 00:00:00,21.246603629404,4.1668848856975,451.338993901114,0.323569546039933,0.192440953134233,2.25533333333333,2
2025-11-17 00:15:00,21.246603629404,4.1736300633475,451.338993901114,0.323288167374333,0.192518975308133,2.31266666666667,2
2025-11-17 00:30:00,21.246603629404,4.1736300633475,451.338993901114,0.323288167374333,0.192518975308133,2.498,2
2025-11-17 00:45:00,21.246603629404,4.1736300633475,451.338993901114,0.323288167374333,0.192505318046133,2.006,2
2025-11-17 01:00:00,21.246603629404,4.1736300633475,451.338993901114,0.323288167374333,0.192505318046133,2.09666666666667,2
2025-11-17 01:15:00,21.246603629404,4.1736300633475,451.338993901114,0.323288167374333,0.192518975308133,2.22,2
2025-11-17 01:30:00,21.246603629404,4.1736300633475,451.338993901114,0.323288167374333,0.192440445554467,2.436,2
2025-11-17 01:45:00,21.246603629404,4.1736300633475,451.338993901114,0.323288167374333,0.192440445554467,2.75571428571429,2
2025-11-17 02:00:00,,,,,,,2
2025-11-17 02:15:00,,,,,,,2
2025-11-17 02:30:00,,,,,,,2
2025-11-17 02:45:00,,,,,,,
2025-11-17 03:00:00,,,,,,,
2025-11-17 03:15:00,,,,,,,
2025-11-17 03:30:00,,,,,,,
2025-11-17 03:45:00,,,,,,,
2025-11-17 04:00:00,,,,,,,
2025-11-17 04:15:00,,,,,,,
2025-11-17 04:30:00,,,,,,,
2025-11-17 04:45:00,,,,,,,
2025-11-17 05:00:00,,,,,,,
2025-11-17 05:15:00,,,,,,,
2025-11-17 05:30:00,,,,,,,
2025-11-17 05:45:00,,,,,,,
2025-11-17 06:00:00,,,,,,,
2025-11-17 06:15:00,,,,,,,
2025-11-17 06:30:00,,,,,,,
2025-11-17 06:45:00,,,,,,,
2025-11-17 07:00:00,,,,,,,
2025-11-17 07:15:00,,,,,,,
2025-11-17 07:30:00,,,,,,,
2025-11-17 07:45:00,,,,,,,
2025-11-17 08:00:00,,,,,,,
2025-11-17 08:15:00,,,,,,,
2025-11-17 08:30:00,,,,,,,
2025-11-17 08:45:00,,,,,,,
2025-11-17 09:00:00,,,,,,,
2025-11-17 09:15:00,,,,,,,
2025-11-17 09:30:00,,,,,,,
2025-11-17 09:45:00,,,,,,,
2025-11-17 10:00:00,,,,,,,
2025-11-17 10:15:00,,,,,,,
2025-11-17 10:30:00,,,,,,,
2025-11-17 10:45:00,,,,,,,
2025-11-17 11:00:00,,,,,,,
2025-11-17 11:15:00,,,,,,,
2025-11-17 11:30:00,,,,,,,
2025-11-17 11:45:00,,,,,,,
2025-11-17 12:00:00,,,,,,,
2025-11-17 12:15:00,,,,,,,
2025-11-17 12:30:00,,,,,,,
2025-11-17 12:45:00,,,,,,,
2025-11-17 13:00:00,,,,,,,
2025-11-17 13:15:00,,,,,,,
2025-11-17 13:30:00,,,,,,,
2025-11-17 13:45:00,,,,,,,
2025-11-17 14:00:00,,,,,,,
2025-11-17 14:15:00,,,,,,,
2025-11-17 14:30:00,,,,,,,
2025-11-17 14:45:00,,,,,,,
2025-11-17 15:00:00,,,,,,,
2025-11-17 15:15:00,,,,,,,
2025-11-17 15:30:00,,,,,,,
2025-11-17 15:45:00,,,,,,,
2025-11-17 16:00:00,,,,,,,
2025-11-17 16:15:00,,,,,,,
2025-11-17 16:30:00,,,,,,,
2025-11-17 16:45:00,,,,,,,
2025-11-17 17:00:00,,,,,,,
2025-11-17 17:15:00,,,,,,,
2025-11-17 17:30:00,,,,,,,
2025-11-17 17:45:00,,,,,,,
2025-11-17 18:00:00,,,,,,,
2025-11-17 18:15:00,,,,,,,
2025-11-17 18:30:00,,,,,,,
2025-11-17 18:45:00,,,,,,,
2025-11-17 19:00:00,,,,,,,
2025-11-17 19:15:00,,,,,,,
2025-11-17 19:30:00,,,,,,11.2453333333333,
2025-11-17 19:45:00,,,,,,13.0786666666667,
2025-11-17 20:00:00,,,,,,13.826,
2025-11-17 20:15:00,,,,,,13.5053333333333,
2025-11-17 20:30:00,21.246603629404,4.1736300633475,451.338993901114,0.323288167374333,0.192430904377867,5.95666666666667,2
2025-11-17 20:45:00,21.246603629404,4.1673203689275,451.338993901114,0.323408026039933,0.192471111905767,3.96666666666667,2
2025-11-17 21:00:00,21.246603629404,4.1736300633475,451.338993901114,0.323288167374333,0.192442350290467,4.76733333333333,2
2025-11-17 21:15:00,21.246603629404,4.1736300633475,451.338993901114,0.323288167374333,0.192440445554467,4.35866666666667,2
2025-11-17 21:30:00,21.246603629404,4.1736300633475,451.338993901114,0.323288167374333,0.192440445554467,3.754,2
2025-11-17 21:45:00,21.4104073263063,4.18644712863083,451.338993901114,0.323261401597433,0.1917222358972,2.56933333333333,2
2025-11-17 22:00:00,21.4104073263063,4.18644712863083,451.338993901114,0.323261401597433,0.192204278631367,2.38733333333333,2
2025-11-17 22:15:00,21.2892475944703,4.1864977620475,451.338993901114,0.323261401597433,0.1921638816719,2.664,2
2025-11-17 22:30:00,21.246603629404,4.1668848856975,451.338993901114,0.323569546039933,0.192362423380567,2.77266666666667,2
2025-11-17 22:45:00,21.246603629404,4.1668848856975,451.338993901114,0.323569546039933,0.192440953134233,3.02466666666667,2
2025-11-17 23:00:00,21.503768816419,4.23824769484083,451.338993901114,0.3233420273757,0.193332427080233,1.64333333333333,2
2025-11-17 23:15:00,21.2892475944703,4.18740504118083,451.338993901114,0.323261401597433,0.192300115563233,1.77933333333333,2
2025-11-17 23:30:00,21.252078346039,4.1802052740275,451.338993901114,0.323408026039933,0.192436688921,1.75266666666667,2
2025-11-17 23:45:00,21.246603629404,4.1652070466175,451.338993901114,0.323408026039933,0.192445914139033,2.01266666666667,2
2025-11-18 00:00:00,21.246603629404,4.1668848856975,451.338993901114,0.323524954040333,0.192515048086133,2.15266666666667,2
2025-11-18 00:15:00,21.252078346039,4.16476665239417,451.338993901114,0.323408026039933,0.192397346129533,2.18266666666667,2
2025-11-18 00:30:00,21.252078346039,4.16476665239417,451.338993901114,0.323408026039933,0.192348653715867,2.22933333333333,2
2025-11-18 00:45:00,21.246603629404,4.1736300633475,451.338993901114,0.323288167374333,0.192440445554467,2.382,2
2025-11-18 01:00:00,21.246603629404,4.1736300633475,451.338993901114,0.323288167374333,0.192518975308133,2.48666666666667,2
2025-11-18 01:15:00,21.246603629404,4.1736300633475,451.338993901114,0.323288167374333,0.192518975308133,3.23266666666667,2
2025-11-18 01:30:00,21.246603629404,4.1736300633475,451.338993901114,0.323288167374333,0.192518975308133,3.02133333333333,2
2025-11-18 01:45:00,21.246603629404,4.1736300633475,451.338993901114,0.323288167374333,0.192518975308133,5.30266666666667,2
2025-11-18 02:00:00,21.246603629404,4.1736300633475,451.338993901114,0.323288167374333,0.192518975308133,2.72,2
2025-11-18 02:15:00,21.246603629404,4.1736300633475,451.338993901114,0.323288167374333,0.192440445554467,2.918,2
2025-11-18 02:30:00,21.246603629404,4.1736300633475,451.338993901114,0.323288167374333,0.192440445554467,3.47733333333333,2
2025-11-18 02:45:00,21.246603629404,4.1736300633475,451.338993901114,0.323288167374333,0.192440445554467,3.46533333333333,2
2025-11-18 03:00:00,21.0479604656273,3.98263241807914,455.878969896347,0.314064064903867,0.166150636303633,3.766,2
2025-11-18 03:15:00,21.0479604656273,3.98116100202914,455.878969896347,0.315127153576,0.166064135406967,5.61933333333333,2
2025-11-18 03:30:00,21.0479604656273,3.98629114395914,455.885914582917,0.315051658245967,0.164729851988833,5.43466666666667,2
2025-11-18 03:45:00,21.0479604656273,3.98263241807914,455.878969896347,0.315714742684767,0.166127161678767,6.47466666666667,2
2025-11-18 04:00:00,21.0479604656273,3.98930140363914,455.878969896347,0.2968601224766,0.166617419252933,6.776,2
2025-11-18 04:15:00,21.0479604656273,3.98389359342914,455.878969896347,0.302541501128867,0.166243348292233,6.04533333333333,2
2025-11-18 04:30:00,21.0479604656273,3.98930140363914,455.878969896347,0.2970161491426,0.166600398800733,7.632,2
2025-11-18 04:45:00,21.0479604656273,3.98930140363914,455.878969896347,0.2968601224766,0.166761732797,9.02866666666667,2
2025-11-18 05:00:00,21.0479604656273,3.98930140363914,455.878969896347,0.2968601224766,0.166605973340333,8.23466666666667,2
2025-11-18 05:15:00,21.0479604656273,3.98389359342914,455.878969896347,0.305033318905033,0.166068964422233,7.88466666666667,2
2025-11-18 05:30:00,21.0479604656273,3.98182242679914,455.895877162997,0.315147790910067,0.166096276377767,6.554,2
2025-11-18 05:45:00,21.251211492404,4.1777662668275,451.338993901114,0.323282674040333,0.192794022440967,4.93866666666667,2
2025-11-18 06:00:00,21.0479604656273,3.98182242679914,455.878969896347,0.3147325269094,0.166089082823967,5.28733333333333,2
2025-11-18 06:15:00,21.0479604656273,3.98435789737914,455.878969896347,0.3149204549094,0.166134270420333,5.67066666666667,2
2025-11-18 06:30:00,21.0479604656273,3.98629114395914,455.885914582917,0.314816703579567,0.1649216893687,4.99266666666667,2
2025-11-18 06:45:00,21.0479604656273,3.98575763801914,455.892678316317,0.315045063579567,0.165957764923633,4.27133333333333,2
2025-11-18 07:00:00,21.0479604656273,3.98930140363914,455.878969896347,0.2968601224766,0.166617419252933,4.724,2
2025-11-18 07:15:00,21.0479604656273,3.99229908113914,455.878969896347,0.2968601224766,0.166761732797,4.08866666666667,2
2025-11-18 07:30:00,21.0479604656273,3.99229908113914,455.878969896347,0.2968601224766,0.166761732797,4.12866666666667,2
2025-11-18 07:45:00,21.0479604656273,3.9921155462058,455.878969896347,0.2968601224766,0.166786128856467,3.816,2
2025-11-18 08:00:00,21.0479604656273,3.9921155462058,455.878969896347,0.2968601224766,0.166786128856467,3.644,2
2025-11-18 08:15:00,21.0479604656273,3.9921155462058,455.878969896347,0.2968601224766,0.166786128856467,3.65466666666667,2
2025-11-18 08:30:00,21.0479604656273,3.9872529637958,455.878969896347,0.2978312635709,0.166290770304233,3.312,2
2025-11-18 08:45:00,21.0479604656273,3.9921155462058,455.878969896347,0.2968601224766,0.166786128856467,3.662,2
2025-11-18 09:00:00,,,,,,,2
2025-11-18 09:15:00,,,,,,,2
2025-11-18 09:30:00,,,,,,,2
2025-11-18 09:45:00,,,,,,,
2025-11-18 10:00:00,,,,,,,
2025-11-18 10:15:00,,,,,,,
2025-11-18 10:30:00,,,,,,,
2025-11-18 10:45:00,,,,,,,
2025-11-18 11:00:00,,,,,,,
2025-11-18 11:15:00,,,,,,,
2025-11-18 11:30:00,,,,,,,
2025-11-18 11:45:00,,,,,,,
2025-11-18 12:00:00,,,,,,,
2025-11-18 12:15:00,,,,,,,
2025-11-18 12:30:00,,,,,,,
2025-11-18 12:45:00,,,,,,,
2025-11-18 13:00:00,,,,,,,
2025-11-18 13:15:00,,,,,,,
2025-11-18 13:30:00,,,,,,,
2025-11-18 13:45:00,,,,,,,
2025-11-18 14:00:00,,,,,,,
2025-11-18 14:15:00,,,,,,,
2025-11-18 14:30:00,,,,,,,
2025-11-18 14:45:00,,,,,,,
2025-11-18 15:00:00,,,,,,,
2025-11-18 15:15:00,,,,,,,
2025-11-18 15:30:00,,,,,,,
2025-11-18 15:45:00,,,,,,,
2025-11-18 16:00:00,,,,,,,
2025-11-18 16:15:00,,,,,,,
2025-11-18 16:30:00,,,,,,,
2025-11-18 16:45:00,,,,,,,
2025-11-18 17:00:00,,,,,,,
2025-11-18 17:15:00,,,,,,,
2025-11-18 17:30:00,,,,,,,
2025-11-18 17:45:00,,,,,,,
2025-11-18 18:00:00,,,,,,,
2025-11-18 18:15:00,,,,,,5.91666666666667,
2025-11-18 18:30:00,,,,,,6.96133333333333,
2025-11-18 18:45:00,,,,,,9.32,
2025-11-18 19:00:00,,,,,,9.42133333333333,
2025-11-18 19:15:00,,,,,,8.81733333333333,
2025-11-18 19:30:00,,,,,,5.752,
2025-11-18 19:45:00,,,,,,3.89266666666667,
2025-11-18 20:00:00,,,,,,3.08866666666667,
2025-11-18 20:15:00,,,,,,4.71666666666667,
2025-11-18 20:30:00,,,,,,4.244,
2025-11-18 20:45:00,,,,,,3.18666666666667,
2025-11-18 21:00:00,,,,,,2.74733333333333,
2025-11-18 21:15:00,,,,,,2.69866666666667,
2025-11-18 21:30:00,,,,,,3.62,
2025-11-18 21:45:00,,,,,,4.77333333333333,
2025-11-18 22:00:00,,,,,,4.85933333333333,
2025-11-18 22:15:00,,,,,,4.702,
2025-11-18 22:30:00,,,,,,4.93866666666667,
2025-11-18 22:45:00,,,,,,5.27266666666667,
2025-11-18 23:00:00,,,,,,4.73933333333333,
2025-11-18 23:15:00,,,,,,5.94066666666667,
2025-11-18 23:30:00,,,,,,7.68533333333333,
2025-11-18 23:45:00,,,,,,5.49133333333333,
2025-11-19 00:00:00,,,,,,4.832,
2025-11-19 00:15:00,,,,,,5.946,
2025-11-19 00:30:00,,,,,,4.54533333333333,
2025-11-19 00:45:00,,,,,,3.88333333333333,
2025-11-19 01:00:00,,,,,,4.23,
2025-11-19 01:15:00,,,,,,4.49266666666667,
2025-11-19 01:30:00,,,,,,6.01333333333333,
2025-11-19 01:45:00,,,,,,5.862,
2025-11-19 02:00:00,,,,,,4.98733333333333,
2025-11-19 02:15:00,,,,,,4.60533333333333,
2025-11-19 02:30:00,,,,,,6.13133333333333,
2025-11-19 02:45:00,,,,,,5.21333333333333,
2025-11-19 03:00:00,,,,,,4.968,
2025-11-19 03:15:00,,,,,,6.044,
2025-11-19 03:30:00,,,,,,9.06533333333333,
2025-11-19 03:45:00,,,,,,7.33666666666667,
2025-11-19 04:00:00,,,,,,5.77666666666667,
2025-11-19 04:15:00,,,,,,4.39666666666667,
2025-11-19 04:30:00,,,,,,5.50933333333333,
2025-11-19 04:45:00,,,,,,5.682,
2025-11-19 05:00:00,,,,,,6.00933333333333,
2025-11-19 05:15:00,,,,,,4.08666666666667,
2025-11-19 05:30:00,,,,,,3.67333333333333,
2025-11-19 05:45:00,,,,,,4.60533333333333,
2025-11-19 06:00:00,,,,,,5.274,
2025-11-19 06:15:00,,,,,,4.58466666666667,
2025-11-19 06:30:00,,,,,,3.568,
2025-11-19 06:45:00,,,,,,4.498,
2025-11-19 07:00:00,,,,,,3.99333333333333,
2025-11-19 07:15:00,,,,,,3.89,
2025-11-19 07:30:00,,,,,,3.20466666666667,
2025-11-19 07:45:00,,,,,,6.13066666666667,
2025-11-19 08:00:00,,,,,,4.462,
2025-11-19 08:15:00,,,,,,4.29733333333333,
2025-11-19 08:30:00,,,,,,4.37733333333333,
2025-11-19 08:45:00,,,,,,4.064,
2025-11-19 09:00:00,,,,,,3.87133333333333,
2025-11-19 09:15:00,,,,,,3.51866666666667,
2025-11-19 09:30:00,,,,,,4.324,
2025-11-19 09:45:00,,,,,,4.61533333333333,
2025-11-19 10:00:00,,,,,,4.75933333333333,
2025-11-19 10:15:00,,,,,,4.72533333333333,
2025-11-19 10:30:00,,,,,,4.74666666666667,
2025-11-19 10:45:00,,,,,,4.808,
2025-11-19 11:00:00,,,,,,4.088,
2025-11-19 11:15:00,,,,,,4.52333333333333,
2025-11-19 11:30:00,,,,,,4.744,
2025-11-19 11:45:00,,,,,,4.73933333333333,
2025-11-19 12:00:00,,,,,,3.89733333333333,
2025-11-19 12:15:00,,,,,,3.40666666666667,
2025-11-19 12:30:00,,,,,,3.33866666666667,
2025-11-19 12:45:00,,,,,,2.96333333333333,
2025-11-19 13:00:00,,,,,,3.012,
2025-11-19 13:15:00,,,,,,3.54933333333333,
2025-11-19 13:30:00,,,,,,4.50933333333333,
2025-11-19 13:45:00,,,,,,3.69733333333333,
2025-11-19 14:00:00,,,,,,3.524,
2025-11-19 14:15:00,,,,,,3.896,
2025-11-19 14:30:00,,,,,,3.562,
2025-11-19 14:45:00,,,,,,3.47266666666667,
2025-11-19 15:00:00,,,,,,3.09333333333333,
2025-11-19 15:15:00,,,,,,3.024,
2025-11-19 15:30:00,,,,,,3.08466666666667,
2025-11-19 15:45:00,,,,,,3.09,
2025-11-19 16:00:00,,,,,,3.238,
2025-11-19 16:15:00,,,,,,3.784,
2025-11-19 16:30:00,,,,,,3.71266666666667,
2025-11-19 16:45:00,,,,,,4.076,
2025-11-19 17:00:00,,,,,,3.81866666666667,
2025-11-19 17:15:00,,,,,,4.08133333333333,
2025-11-19 17:30:00,,,,,,4.50333333333333,
2025-11-19 17:45:00,,,,,,4.20333333333333,
2025-11-19 18:00:00,,,,,,4.82533333333333,
2025-11-19 18:15:00,,,,,,4.848,
2025-11-19 18:30:00,,,,,,5.15866666666667,
2025-11-19 18:45:00,,,,,,6.192,
2025-11-19 19:00:00,,,,,,5.428,
2025-11-19 19:15:00,,,,,,6.17466666666667,
2025-11-19 19:30:00,,,,,,5.61866666666667,
2025-11-19 19:45:00,,,,,,6.22733333333333,
2025-11-19 20:00:00,,,,,,5.586,
2025-11-19 20:15:00,,,,,,4.71133333333333,
2025-11-19 20:30:00,,,,,,5.54733333333333,
2025-11-19 20:45:00,,,,,,7.058,
2025-11-19 21:00:00,,,,,,7.68066666666667,
2025-11-19 21:15:00,,,,,,7.53066666666667,
2025-11-19 21:30:00,,,,,,7.164,
2025-11-19 21:45:00,,,,,,6.836,
2025-11-19 22:00:00,,,,,,7.46933333333333,
2025-11-19 22:15:00,,,,,,8.09133333333333,
2025-11-19 22:30:00,,,,,,7.582,
2025-11-19 22:45:00,,,,,,8.93,
2025-11-19 23:00:00,,,,,,8.97,
2025-11-19 23:15:00,,,,,,7.24133333333333,
2025-11-19 23:30:00,,,,,,6.482,
2025-11-19 23:45:00,,,,,,6.088,
2025-11-20 00:00:00,,,,,,6.19466666666667,
2025-11-20 00:15:00,,,,,,7.40266666666667,
2025-11-20 00:30:00,,,,,,7.47533333333333,
2025-11-20 00:45:00,,,,,,5.34666666666667,
2025-11-20 01:00:00,,,,,,7.78666666666667,
2025-11-20 01:15:00,,,,,,8.102,
2025-11-20 01:30:00,,,,,,8.82066666666667,
2025-11-20 01:45:00,,,,,,7.492,
2025-11-20 02:00:00,,,,,,7.43133333333333,
2025-11-20 02:15:00,,,,,,7.588,
2025-11-20 02:30:00,,,,,,6.958,
2025-11-20 02:45:00,,,,,,7.698,
2025-11-20 03:00:00,,,,,,10.3873333333333,
2025-11-20 03:15:00,,,,,,10.0786666666667,
2025-11-20 03:30:00,,,,,,9.82533333333333,
2025-11-20 03:45:00,,,,,,9.07666666666667,
2025-11-20 04:00:00,,,,,,8.186,
2025-11-20 04:15:00,,,,,,7.65866666666667,
2025-11-20 04:30:00,,,,,,6.79866666666667,
2025-11-20 04:45:00,,,,,,7.67333333333333,
2025-11-20 05:00:00,,,,,,9.02466666666667,
2025-11-20 05:15:00,,,,,,9.56466666666667,
2025-11-20 05:30:00,,,,,,9.33533333333333,
2025-11-20 05:45:00,,,,,,8.21666666666667,
2025-11-20 06:00:00,,,,,,8.312,
2025-11-20 06:15:00,,,,,,8.28266666666667,
2025-11-20 06:30:00,,,,,,5.29933333333333,
2025-11-20 06:45:00,,,,,,7.034,
2025-11-20 07:00:00,,,,,,6.828,
2025-11-20 07:15:00,,,,,,6.692,
2025-11-20 07:30:00,,,,,,7.32533333333333,
2025-11-20 07:45:00,,,,,,6.058,
2025-11-20 08:00:00,,,,,,6.27533333333333,
2025-11-20 08:15:00,,,,,,5.764,
2025-11-20 08:30:00,,,,,,5.9,
2025-11-20 08:45:00,,,,,,6.622,
2025-11-20 09:00:00,,,,,,5.92866666666667,
2025-11-20 09:15:00,,,,,,6.12533333333333,
2025-11-20 09:30:00,,,,,,5.69133333333333,
2025-11-20 09:45:00,,,,,,5.99266666666667,
2025-11-20 10:00:00,,,,,,7.368,
2025-11-20 10:15:00,,,,,,6.91133333333333,
2025-11-20 10:30:00,,,,,,5.63133333333333,
2025-11-20 10:45:00,,,,,,6.19266666666667,
2025-11-20 11:00:00,,,,,,7.21066666666667,
2025-11-20 11:15:00,,,,,,6.40866666666667,
2025-11-20 11:30:00,,,,,,5.28,
2025-11-20 11:45:00,,,,,,5.40733333333333,
2025-11-20 12:00:00,,,,,,5.60666666666667,
2025-11-20 12:15:00,,,,,,6.39866666666667,
2025-11-20 12:30:00,,,,,,6.66666666666667,
2025-11-20 12:45:00,,,,,,6.98,
2025-11-20 13:00:00,,,,,,,
2025-11-20 13:15:00,,,,,,,
2025-11-20 13:30:00,,,,,,,
2025-11-20 13:45:00,,,,,,,
2025-11-20 14:00:00,,,,,,,
2025-11-20 14:15:00,,,,,,,
2025-11-20 14:30:00,,,,,,,
2025-11-20 14:45:00,,,,,,,
2025-11-20 15:00:00,,,,,,,
2025-11-20 15:15:00,,,,,,,
2025-11-20 15:30:00,,,,,,,
2025-11-20 15:45:00,,,,,,,
2025-11-20 16:00:00,,,,,,,
2025-11-20 16:15:00,,,,,,,
2025-11-20 16:30:00,,,,,,,
2025-11-20 16:45:00,,,,,,,
2025-11-20 17:00:00,,,,,,,
2025-11-20 17:15:00,,,,,,,
2025-11-20 17:30:00,,,,,,,
2025-11-20 17:45:00,,,,,,,
2025-11-20 18:00:00,,,,,,,
2025-11-20 18:15:00,,,,,,,
2025-11-20 18:30:00,,,,,,,
2025-11-20 18:45:00,,,,,,,
2025-11-20 19:00:00,,,,,,,
2025-11-20 19:15:00,,,,,,,
2025-11-20 19:30:00,,,,,,,
2025-11-20 19:45:00,,,,,,,
2025-11-20 20:00:00,,,,,,,
2025-11-20 20:15:00,,,,,,,
2025-11-20 20:30:00,,,,,,,
2025-11-20 20:45:00,,,,,,,
2025-11-20 21:00:00,,,,,,,
2025-11-20 21:15:00,,,,,,,
2025-11-20 21:30:00,,,,,,,
2025-11-20 21:45:00,,,,,,,
2025-11-20 22:00:00,,,,,,,
2025-11-20 22:15:00,,,,,,,
2025-11-20 22:30:00,,,,,,,
2025-11-20 22:45:00,,,,,,,
2025-11-20 23:00:00,,,,,,,
2025-11-20 23:15:00,,,,,,,
2025-11-20 23:30:00,,,,,,,
2025-11-20 23:45:00,,,,,,,
2025-11-21 00:00:00,,,,,,,
2025-11-21 00:15:00,,,,,,,
2025-11-21 00:30:00,,,,,,,
2025-11-21 00:45:00,,,,,,,
2025-11-21 01:00:00,,,,,,,
2025-11-21 01:15:00,,,,,,,
2025-11-21 01:30:00,,,,,,,
2025-11-21 01:45:00,,,,,,,
2025-11-21 02:00:00,,,,,,,
2025-11-21 02:15:00,,,,,,,
2025-11-21 02:30:00,,,,,,,
2025-11-21 02:45:00,,,,,,,
2025-11-21 03:00:00,,,,,,,
2025-11-21 03:15:00,,,,,,,
2025-11-21 03:30:00,,,,,,,
2025-11-21 03:45:00,,,,,,,
2025-11-21 04:00:00,,,,,,,
2025-11-21 04:15:00,,,,,,,
2025-11-21 04:30:00,,,,,,,
2025-11-21 04:45:00,,,,,,,
2025-11-21 05:00:00,,,,,,,
2025-11-21 05:15:00,,,,,,,
2025-11-21 05:30:00,,,,,,,
2025-11-21 05:45:00,,,,,,,
2025-11-21 06:00:00,,,,,,,
2025-11-21 06:15:00,,,,,,,
2025-11-21 06:30:00,,,,,,,
2025-11-21 06:45:00,,,,,,,
2025-11-21 07:00:00,,,,,,,
2025-11-21 07:15:00,,,,,,,
2025-11-21 07:30:00,,,,,,,
2025-11-21 07:45:00,,,,,,,
2025-11-21 08:00:00,,,,,,,
2025-11-21 08:15:00,,,,,,,
2025-11-21 08:30:00,,,,,,,
2025-11-21 08:45:00,,,,,,,
2025-11-21 09:00:00,,,,,,,
2025-11-21 09:15:00,,,,,,,
2025-11-21 09:30:00,,,,,,,
2025-11-21 09:45:00,,,,,,,
2025-11-21 10:00:00,,,,,,,
2025-11-21 10:15:00,,,,,,,
2025-11-21 10:30:00,,,,,,,
2025-11-21 10:45:00,,,,,,,
2025-11-21 11:00:00,,,,,,,
2025-11-21 11:15:00,,,,,,,
2025-11-21 11:30:00,,,,,,,
2025-11-21 11:45:00,,,,,,,
2025-11-21 12:00:00,,,,,,,
2025-11-21 12:15:00,,,,,,,
2025-11-21 12:30:00,,,,,,,
2025-11-21 12:45:00,,,,,,,
2025-11-21 13:00:00,,,,,,,
2025-11-21 13:15:00,,,,,,,
2025-11-21 13:30:00,,,,,,,
2025-11-21 13:45:00,,,,,,,
2025-11-21 14:00:00,,,,,,,
2025-11-21 14:15:00,,,,,,,
2025-11-21 14:30:00,,,,,,,
2025-11-21 14:45:00,,,,,,,
2025-11-21 15:00:00,,,,,,,
2025-11-21 15:15:00,,,,,,,
2025-11-21 15:30:00,,,,,,,
2025-11-21 15:45:00,,,,,,,
2025-11-21 16:00:00,,,,,,,
2025-11-21 16:15:00,,,,,,,
2025-11-21 16:30:00,,,,,,,
2025-11-21 16:45:00,,,,,,,
2025-11-21 17:00:00,,,,,,,
2025-11-21 17:15:00,,,,,,,
2025-11-21 17:30:00,,,,,,,
2025-11-21 17:45:00,,,,,,,
2025-11-21 18:00:00,,,,,,,
2025-11-21 18:15:00,,,,,,,
2025-11-21 18:30:00,,,,,,,
2025-11-21 18:45:00,,,,,,,
2025-11-21 19:00:00,,,,,,,
2025-11-21 19:15:00,,,,,,,
2025-11-21 19:30:00,,,,,,,
2025-11-21 19:45:00,,,,,,,
2025-11-21 20:00:00,,,,,,,
2025-11-21 20:15:00,,,,,,,
2025-11-21 20:30:00,,,,,,,
2025-11-21 20:45:00,,,,,,,
2025-11-21 21:00:00,,,,,,,
2025-11-21 21:15:00,,,,,,,
2025-11-21 21:30:00,,,,,,,
2025-11-21 21:45:00,,,,,,,
2025-11-21 22:00:00,,,,,,,
2025-11-21 22:15:00,,,,,,,
2025-11-21 22:30:00,,,,,,,
2025-11-21 22:45:00,,,,,,,
2025-11-21 23:00:00,,,,,,,
2025-11-21 23:15:00,,,,,,,
2025-11-21 23:30:00,,,,,,,
2025-11-21 23:45:00,,,,,,,
2025-11-22 00:00:00,,,,,,,
2025-11-22 00:15:00,,,,,,,
2025-11-22 00:30:00,,,,,,,
2025-11-22 00:45:00,,,,,,,
2025-11-22 01:00:00,,,,,,,
2025-11-22 01:15:00,,,,,,,
2025-11-22 01:30:00,,,,,,,
2025-11-22 01:45:00,,,,,,,
2025-11-22 02:00:00,,,,,,,
2025-11-22 02:15:00,,,,,,,
2025-11-22 02:30:00,,,,,,,
2025-11-22 02:45:00,,,,,,,
2025-11-22 03:00:00,,,,,,,
2025-11-22 03:15:00,,,,,,,
2025-11-22 03:30:00,,,,,,,
2025-11-22 03:45:00,,,,,,,
2025-11-22 04:00:00,,,,,,,
2025-11-22 04:15:00,,,,,,,
2025-11-22 04:30:00,,,,,,,
2025-11-22 04:45:00,,,,,,,
2025-11-22 05:00:00,,,,,,,
2025-11-22 05:15:00,,,,,,,
2025-11-22 05:30:00,,,,,,,
2025-11-22 05:45:00,,,,,,,
2025-11-22 06:00:00,,,,,,,
2025-11-22 06:15:00,,,,,,,
2025-11-22 06:30:00,,,,,,,
2025-11-22 06:45:00,,,,,,,
2025-11-22 07:00:00,,,,,,,
2025-11-22 07:15:00,,,,,,,
2025-11-22 07:30:00,,,,,,,
2025-11-22 07:45:00,,,,,,,
2025-11-22 08:00:00,,,,,,,
2025-11-22 08:15:00,,,,,,,
2025-11-22 08:30:00,,,,,,,
2025-11-22 08:45:00,,,,,,,
2025-11-22 09:00:00,,,,,,,
2025-11-22 09:15:00,,,,,,,
2025-11-22 09:30:00,,,,,,,
2025-11-22 09:45:00,,,,,,,
2025-11-22 10:00:00,,,,,,,
2025-11-22 10:15:00,,,,,,,
2025-11-22 10:30:00,,,,,,,
2025-11-22 10:45:00,,,,,,,
2025-11-22 11:00:00,,,,,,,
2025-11-22 11:15:00,,,,,,,
2025-11-22 11:30:00,,,,,,,
2025-11-22 11:45:00,,,,,,,
2025-11-22 12:00:00,,,,,,,
2025-11-22 12:15:00,,,,,,,
2025-11-22 12:30:00,,,,,,,
2025-11-22 12:45:00,,,,,,,
2025-11-22 13:00:00,,,,,,,
2025-11-22 13:15:00,,,,,,,
2025-11-22 13:30:00,,,,,,,
2025-11-22 13:45:00,,,,,,,
2025-11-22 14:00:00,,,,,,,
2025-11-22 14:15:00,,,,,,,
2025-11-22 14:30:00,,,,,,,
2025-11-22 14:45:00,,,,,,,
2025-11-22 15:00:00,,,,,,,
2025-11-22 15:15:00,,,,,,,
2025-11-22 15:30:00,,,,,,,
2025-11-22 15:45:00,,,,,,,
2025-11-22 16:00:00,,,,,,,
2025-11-22 16:15:00,,,,,,,
2025-11-22 16:30:00,,,,,,,
2025-11-22 16:45:00,,,,,,,
2025-11-22 17:00:00,,,,,,,
2025-11-22 17:15:00,,,,,,,
2025-11-22 17:30:00,,,,,,,
2025-11-22 17:45:00,,,,,,,
2025-11-22 18:00:00,,,,,,,
2025-11-22 18:15:00,,,,,,4.074,
2025-11-22 18:30:00,,,,,,3.33333333333333,
2025-11-22 18:45:00,,,,,,2.87866666666667,
2025-11-22 19:00:00,,,,,,3.86266666666667,
2025-11-22 19:15:00,21.246603629404,4.1736300633475,451.338993901114,0.323288167374333,0.192686137271567,4.38466666666667,2
2025-11-22 19:30:00,21.246603629404,4.1736300633475,451.338993901114,0.323288167374333,0.192657956159867,4.37133333333333,2
2025-11-22 19:45:00,21.246603629404,4.1736300633475,451.338993901114,0.323288167374333,0.192430904377867,4.344,2
2025-11-22 20:00:00,21.246603629404,4.1736300633475,451.338993901114,0.323288167374333,0.192430904377867,4.04,2
2025-11-22 20:15:00,21.246603629404,4.1736300633475,451.338993901114,0.323288167374333,0.192442350290467,4.61133333333333,2
2025-11-22 20:30:00,21.246603629404,4.1736300633475,451.338993901114,0.323288167374333,0.192442350290467,4.32666666666667,2
2025-11-22 20:45:00,21.246603629404,4.1736300633475,451.338993901114,0.323288167374333,0.192440445554467,4.49533333333333,2
2025-11-22 21:00:00,21.246603629404,4.1736300633475,451.338993901114,0.323288167374333,0.192440445554467,4.07066666666667,2
2025-11-22 21:15:00,21.246603629404,4.1736300633475,451.338993901114,0.323288167374333,0.192440445554467,3.68733333333333,2
2025-11-22 21:30:00,21.246603629404,4.1736300633475,451.338993901114,0.323288167374333,0.192440445554467,3.51266666666667,2
2025-11-22 21:45:00,21.246603629404,4.1736300633475,451.338993901114,0.323288167374333,0.192442350290467,4.64266666666667,2
2025-11-22 22:00:00,21.246603629404,4.1736300633475,451.338993901114,0.323288167374333,0.192440445554467,3.68133333333333,2
2025-11-22 22:15:00,21.246603629404,4.1736300633475,451.338993901114,0.323288167374333,0.192440445554467,6.72466666666667,2
2025-11-22 22:30:00,21.246603629404,4.1736300633475,451.338993901114,0.323288167374333,0.192440445554467,4.27533333333333,2
2025-11-22 22:45:00,21.246603629404,4.1736300633475,451.338993901114,0.323288167374333,0.192440445554467,4.01133333333333,2
2025-11-22 23:00:00,21.246603629404,4.1736300633475,451.338993901114,0.323288167374333,0.192440445554467,3.746,2
2025-11-22 23:15:00,21.246603629404,4.1736300633475,451.338993901114,0.323288167374333,0.192440445554467,3.71666666666667,2
2025-11-22 23:30:00,21.246603629404,4.1736300633475,451.338993901114,0.323288167374333,0.192440445554467,3.30666666666667,2
2025-11-22 23:45:00,21.246603629404,4.1736300633475,451.338993901114,0.323288167374333,0.192440445554467,4.178,2
2025-11-23 00:00:00,21.246603629404,4.1736300633475,451.338993901114,0.323288167374333,0.192440445554467,3.68333333333333,2
2025-11-23 00:15:00,21.246603629404,4.1736300633475,451.338993901114,0.323288167374333,0.192440445554467,3.13533333333333,2
2025-11-23 00:30:00,21.246603629404,4.1736300633475,451.338993901114,0.323288167374333,0.192440445554467,3.036,2
2025-11-23 00:45:00,21.246603629404,4.1736300633475,451.338993901114,0.323288167374333,0.192440445554467,2.65466666666667,2
2025-11-23 01:00:00,21.246603629404,4.1736300633475,451.338993901114,0.323288167374333,0.192440445554467,2.688,2
2025-11-23 01:15:00,21.246603629404,4.1736300633475,451.338993901114,0.323288167374333,0.192440445554467,2.692,2
2025-11-23 01:30:00,21.246603629404,4.1736300633475,451.338993901114,0.323288167374333,0.192440445554467,2.756,2
2025-11-23 01:45:00,21.246603629404,4.1736300633475,451.338993901114,0.323288167374333,0.192440445554467,2.63333333333333,2
2025-11-23 02:00:00,21.246603629404,4.1736300633475,451.338993901114,0.323288167374333,0.192440445554467,3.806,2
2025-11-23 02:15:00,21.246603629404,4.1736300633475,451.338993901114,0.323288167374333,0.192440445554467,3.23066666666667,2
2025-11-23 02:30:00,21.246603629404,4.1736300633475,451.338993901114,0.323288167374333,0.192518975308133,3.35266666666667,2
2025-11-23 02:45:00,21.246603629404,4.1736300633475,451.338993901114,0.323288167374333,0.192440445554467,3.21066666666667,2
2025-11-23 03:00:00,21.246603629404,4.1736300633475,451.338993901114,0.323288167374333,0.192440445554467,2.72933333333333,2
2025-11-23 03:15:00,21.246603629404,4.1736300633475,451.338993901114,0.323288167374333,0.192440445554467,4.982,2
2025-11-23 03:30:00,21.246603629404,4.1736300633475,451.338993901114,0.323288167374333,0.192440445554467,6.00333333333333,2
2025-11-23 03:45:00,21.246603629404,4.1736300633475,451.338993901114,0.323288167374333,0.192430904377867,6.16866666666667,2
2025-11-23 04:00:00,21.246603629404,4.1736300633475,451.338993901114,0.323288167374333,0.192657956159867,8.086,2
2025-11-23 04:15:00,21.246603629404,4.1736300633475,451.338993901114,0.323288167374333,0.192430904377867,8.058,2
2025-11-23 04:30:00,21.246603629404,4.1736300633475,451.338993901114,0.323288167374333,0.192430904377867,8.39466666666667,2
2025-11-23 04:45:00,21.1463375782893,4.15049514478064,452.996123567074,0.320776189813066,0.1947587002962,7.67666666666667,2
2025-11-23 05:00:00,21.0479604656273,3.98263241807914,455.878969896347,0.315417944016767,0.166150636303633,7.52533333333333,2
2025-11-23 05:15:00,21.0479604656273,3.98389359342914,455.878969896347,0.3049293264596,0.166407773478233,8.07133333333333,2
2025-11-23 05:30:00,21.0479604656273,3.98324109447914,455.878969896347,0.3054245317924,0.166376357148733,8.68933333333333,2
2025-11-23 05:45:00,21.0479604656273,3.98773325535914,455.862932716317,0.316266452687367,0.195738048907533,8.31333333333333,2
2025-11-23 06:00:00,21.1401880095573,3.9844140153358,455.951587316401,0.3176057942469,0.188410957318,7.96066666666667,2
2025-11-23 06:15:00,21.246603629404,4.1736300633475,451.338993901114,0.323288167374333,0.192442350290467,7.90733333333333,2
2025-11-23 06:30:00,21.246603629404,4.1736300633475,451.338993901114,0.323288167374333,0.192442350290467,6.42466666666667,2
2025-11-23 06:45:00,21.0479604656273,3.98415867952914,455.878969896347,0.31503573491,0.166086380970367,5.71333333333333,2
2025-11-23 07:00:00,21.0479604656273,3.98457754782914,455.878969896347,0.302589358906533,0.166401472321633,5.858,2
2025-11-23 07:15:00,21.0479604656273,3.98482010429914,455.878969896347,0.3151747282424,0.166155053849267,4.414,2
2025-11-23 07:30:00,21.0479604656273,3.98443882122914,455.878969896347,0.2979867035709,0.166331744995367,5.07266666666667,2
2025-11-23 07:45:00,21.0479604656273,3.98930140363914,455.878969896347,0.2968601224766,0.166617419252933,5.37733333333333,2
2025-11-23 08:00:00,21.0479604656273,3.99229908113914,455.878969896347,0.2968601224766,0.166761732797,5.76066666666667,2
2025-11-23 08:15:00,21.0479604656273,3.9921155462058,455.878969896347,0.2968601224766,0.166619620621433,4.40933333333333,2
2025-11-23 08:30:00,21.0479604656273,3.99126354263247,455.878969896347,0.2966233358106,0.166299038429767,4.52133333333333,2
2025-11-23 08:45:00,21.0479604656273,3.99229908113914,455.878969896347,0.2968601224766,0.166761732797,4.966,2
2025-11-23 09:00:00,21.0479604656273,3.98182242679914,455.895877162997,0.315147790910067,0.166041569283767,4.11266666666667,2
2025-11-23 09:15:00,21.246603629404,4.1736300633475,451.338993901114,0.323288167374333,0.192440445554467,3.47,2
2025-11-23 09:30:00,21.0479604656273,3.9891052865258,455.885914582917,0.315009886244167,0.1647178425323,3.75933333333333,2
2025-11-23 09:45:00,21.246603629404,4.1736300633475,451.338993901114,0.323288167374333,0.192440445554467,3.04133333333333,2
2025-11-23 10:00:00,21.246603629404,4.1777662668275,451.338993901114,0.323377900707333,0.1927064605797,3.016,2
2025-11-23 10:15:00,21.246603629404,4.1736300633475,451.338993901114,0.323288167374333,0.192329553937033,3.158,2
2025-11-23 10:30:00,21.246603629404,4.1736300633475,451.338993901114,0.323288167374333,0.192440445554467,2.58733333333333,2
2025-11-23 10:45:00,21.246603629404,4.1673203689275,451.338993901114,0.323408026039933,0.192471111905767,2.37,2
2025-11-23 11:00:00,21.246603629404,4.1736300633475,451.338993901114,0.323288167374333,0.192518975308133,2.51533333333333,2
2025-11-23 11:15:00,21.246603629404,4.1736300633475,451.338993901114,0.323288167374333,0.192093641055033,2.358,2
2025-11-23 11:30:00,21.0479604656273,3.9891052865258,455.885914582917,0.315043792245267,0.164675277952,2.68,2
2025-11-23 11:45:00,21.0479604656273,3.9872529637958,455.878969896347,0.296609358020067,0.166290770304233,3.55133333333333,2
2025-11-23 12:00:00,21.0479604656273,3.98815450746247,455.878969896347,0.297534841576634,0.166290770304233,3.22066666666667,2
2025-11-23 12:15:00,21.0479604656273,3.9846365693658,455.878969896347,0.3153379969091,0.166073692481667,3.146,2
2025-11-23 12:30:00,21.0479604656273,3.9885717805858,455.892678316317,0.314880523578566,0.165985602107867,3.128,2
2025-11-23 12:45:00,21.0479604656273,3.9885717805858,455.892678316317,0.315589514911267,0.1656371152261,3.33466666666667,2
2025-11-23 13:00:00,21.0479604656273,3.9868270516258,455.862932716317,0.316232526687467,0.1910075703481,2.81266666666667,2
2025-11-23 13:15:00,21.246603629404,4.1736300633475,451.338993901114,0.323288167374333,0.192440445554467,2.66466666666667,2
2025-11-23 13:30:00,21.2436492198807,4.17306103603443,451.338993901114,0.323178474040333,0.192674217719467,3.86333333333333,2
2025-11-23 13:45:00,21.0479604656273,3.98182242679914,455.878969896347,0.3149204549094,0.1662264545074,4.70733333333333,2
2025-11-23 14:00:00,21.19087427645,4.14681271811443,451.338993901114,0.323837183820567,0.193320935688033,3.33533333333333,2
2025-11-23 14:15:00,21.246603629404,4.1736300633475,451.338993901114,0.323288167374333,0.192440445554467,3.21333333333333,2
2025-11-23 14:30:00,21.246603629404,4.1736300633475,451.338993901114,0.323288167374333,0.192440445554467,2.54933333333333,2
2025-11-23 14:45:00,21.246603629404,4.1736300633475,451.338993901114,0.323288167374333,0.192440445554467,2.352,2
2025-11-23 15:00:00,21.1095316448437,4.10097020844777,451.338993901114,0.323861467819867,0.193353721644733,2.272,2
2025-11-23 15:15:00,21.0479604656273,3.98435789737914,455.878969896347,0.3149842749084,0.1661586664798,2.674,2
2025-11-23 15:30:00,21.0479604656273,3.98757522532914,455.878969896347,0.300856120240333,0.166401472321633,4.73133333333333,2
2025-11-23 15:45:00,21.0479604656273,3.98930140363914,455.878969896347,0.2968601224766,0.166830250376333,8.84933333333333,2
2025-11-23 16:00:00,21.0479604656273,3.98930140363914,455.878969896347,0.2968601224766,0.166617419252933,8.414,2
2025-11-23 16:15:00,21.0479604656273,3.98930140363914,455.878969896347,0.2968601224766,0.166617419252933,6.79266666666667,2
2025-11-23 16:30:00,21.0479604656273,3.98930140363914,455.878969896347,0.2968601224766,0.166761732797,4.17533333333333,2
2025-11-23 16:45:00,21.0479604656273,3.9860630336958,455.878969896347,0.297532781354067,0.166266374244767,3.382,2
2025-11-23 17:00:00,21.0479604656273,3.98457754782914,455.878969896347,0.302589358906533,0.166456179415633,3.68866666666667,2
2025-11-23 17:15:00,21.0479604656273,3.98182242679914,455.878969896347,0.3151109082434,0.166089082823967,3.44533333333333,2
2025-11-23 17:30:00,21.0479604656273,3.99229908113914,455.878969896347,0.2968601224766,0.166761732797,5.06333333333333,2
2025-11-23 17:45:00,21.0479604656273,3.98930140363914,455.878969896347,0.2968601224766,0.166617419252933,7.40466666666667,2
2025-11-23 18:00:00,21.0479604656273,3.98930140363914,455.878969896347,0.2968601224766,0.166830250376333,8.03866666666667,2
2025-11-23 18:15:00,21.0479604656273,3.98689127092914,455.878969896347,0.304827970015867,0.166025703240833,6.45733333333333,2
2025-11-23 18:30:00,21.0479604656273,3.98743649872914,455.878969896347,0.298801604904234,0.166414033919633,6.20866666666667,2
2025-11-23 18:45:00,21.0479604656273,3.98457754782914,455.878969896347,0.300598776016034,0.166401472321633,5.614,2
2025-11-23 19:00:00,21.0479604656273,3.98743649872914,455.878969896347,0.2983299795705,0.166467609914467,6.86066666666667,2
2025-11-23 19:15:00,21.0479604656273,3.99126354263247,455.878969896347,0.2966233358106,0.166299038429767,7.53866666666667,2
2025-11-23 19:30:00,21.0479604656273,3.98689127092914,455.878969896347,0.3036275929054,0.166025703240833,7.73866666666667,2
2025-11-23 19:45:00,21.0479604656273,3.98875531551914,455.885914582917,0.314816703579567,0.165068202817567,7.76666666666667,2
2025-11-23 20:00:00,21.0479604656273,3.98875531551914,455.892678316317,0.315100186245567,0.165612719166633,7.926,2
2025-11-23 20:15:00,21.0479604656273,3.98773325535914,455.862932716317,0.316005438021767,0.189913135036633,6.10533333333333,2
2025-11-23 20:30:00,21.246603629404,4.1736300633475,451.338993901114,0.323288167374333,0.192236951412533,4.888,2
2025-11-23 20:45:00,21.246603629404,4.1736300633475,451.338993901114,0.323288167374333,0.192440445554467,3.682,2
2025-11-23 21:00:00,21.246603629404,4.1736300633475,451.338993901114,0.323288167374333,0.192440445554467,3.304,2
2025-11-23 21:15:00,21.246603629404,4.1736300633475,451.338993901114,0.323288167374333,0.192440445554467,3.506,2
2025-11-23 21:30:00,21.246603629404,4.1736300633475,451.338993901114,0.323288167374333,0.192440445554467,2.31866666666667,2
2025-11-23 21:45:00,21.246603629404,4.1736300633475,451.338993901114,0.323288167374333,0.192440445554467,1.678,2
2025-11-23 22:00:00,21.246603629404,4.1736300633475,451.338993901114,0.323288167374333,0.192440445554467,1.686,2
2025-11-23 22:15:00,21.246603629404,4.1736300633475,451.338993901114,0.323288167374333,0.192440445554467,1.61533333333333,2
2025-11-23 22:30:00,21.246603629404,4.1736300633475,451.338993901114,0.323288167374333,0.192440445554467,1.638,2
2025-11-23 22:45:00,21.246603629404,4.1736300633475,451.338993901114,0.323288167374333,0.192440445554467,1.534,2
2025-11-23 23:00:00,21.0688199283887,4.1118336692151,451.496912701714,0.323502045597867,0.193204780098933,1.874,2
2025-11-23 23:15:00,21.246603629404,4.1790535206275,451.338993901114,0.323377900707333,0.1927064605797,1.722,2
2025-11-23 23:30:00,21.1401880095573,3.99034604719914,455.951337860851,0.317715193579767,0.205073167443733,2.64266666666667,2
2025-11-23 23:45:00,21.1698748612773,3.9946179482358,455.932229643007,0.316782008026734,0.2043468110918,3.66533333333333,2
2025-11-24 00:00:00,21.0479604656273,3.99016591769914,455.843411249651,0.314974297135967,0.173072341040233,2.66933333333333,2
2025-11-24 00:15:00,21.246603629404,4.1736300633475,451.338993901114,0.323288167374333,0.192440445554467,2.102,2
2025-11-24 00:30:00,21.246603629404,4.1736300633475,451.338993901114,0.323288167374333,0.192440445554467,2.224,2
2025-11-24 00:45:00,21.246603629404,4.1736300633475,451.338993901114,0.323288167374333,0.192440445554467,2.37933333333333,2
2025-11-24 01:00:00,21.246603629404,4.1736300633475,451.338993901114,0.323288167374333,0.192440445554467,1.84133333333333,2
2025-11-24 01:15:00,21.246603629404,4.1736300633475,451.338993901114,0.323288167374333,0.192440445554467,2.14133333333333,2
2025-11-24 01:30:00,21.246603629404,4.1736300633475,451.338993901114,0.323288167374333,0.192440445554467,2.41333333333333,2
2025-11-24 01:45:00,21.246603629404,4.1736300633475,451.338993901114,0.323288167374333,0.192440445554467,2.74666666666667,2
2025-11-24 02:00:00,21.246603629404,4.1736300633475,451.338993901114,0.323288167374333,0.192442350290467,3.012,2
2025-11-24 02:15:00,21.246603629404,4.1736300633475,451.338993901114,0.323288167374333,0.192093641055033,2.782,2
2025-11-24 02:30:00,21.1814507056823,4.18868185045664,452.955250991451,0.319125740478033,0.195387784659433,3.346,2
2025-11-24 02:45:00,21.0479604656273,3.98773325535914,455.862932716317,0.315924862021767,0.1859451922723,3.93,2
2025-11-24 03:00:00,21.0479604656273,3.98575763801914,455.892678316317,0.315035578245567,0.165669330996633,4.24266666666667,2
2025-11-24 03:15:00,21.0479604656273,3.98875531551914,455.892678316317,0.314813223579567,0.165851053403233,4.29533333333333,2
2025-11-24 03:30:00,21.1638731511003,4.03321430229114,455.913341516327,0.319579771137266,0.196704444420233,4.426,2
2025-11-24 03:45:00,21.0376856015547,4.11534316542177,452.615488167777,0.324148620262067,0.193177641051433,4.128,2
2025-11-24 04:00:00,21.4595824310593,4.22626315742497,456.69431940092,0.319919113310233,0.196836842878467,4.45933333333333,2
2025-11-24 04:15:00,21.0479604656273,3.98829353875914,455.862932716317,0.315941618021767,0.190229070945333,4.09866666666667,2
2025-11-24 04:30:00,21.0479604656273,3.98482010429914,455.878969896347,0.3151109082434,0.166085486092467,5.04,2
2025-11-24 04:45:00,21.1401880095573,3.98569157261247,455.968394907301,0.317198963137067,0.204293394954333,4.046,2
2025-11-24 05:00:00,21.4143558861393,4.11326162850864,456.43234849421,0.319818852418466,0.1965540265033,3.99333333333333,2
2025-11-24 05:15:00,21.053292353184,4.11579483342177,452.504388805627,0.324025886927667,0.193204780098933,3.69933333333333,2
2025-11-24 05:30:00,21.246603629404,4.1736300633475,451.338993901114,0.323288167374333,0.192440445554467,2.858,2
2025-11-24 05:45:00,21.1698748612773,3.99554969271914,455.936899942927,0.317015938906467,0.1953416915127,4.46066666666667,2
2025-11-24 06:00:00,21.4471355258793,4.19577965830164,456.544624800871,0.319880062419066,0.1970715992805,3.66333333333333,2
2025-11-24 06:15:00,21.246603629404,4.1736300633475,451.338993901114,0.323288167374333,0.192440445554467,3.17866666666667,2
2025-11-24 06:30:00,21.0479604656273,3.98773325535914,455.862932716317,0.315993974022433,0.1853884773753,3.17266666666667,2
2025-11-24 06:45:00,21.1095316448437,4.13306528844444,451.338993901114,0.323380387820867,0.193344180468133,3.364,2
2025-11-24 07:00:00,21.246603629404,4.1736300633475,451.338993901114,0.323288167374333,0.192442350290467,2.70933333333333,2
2025-11-24 07:15:00,21.0479604656273,3.98575763801914,455.892678316317,0.315100186245567,0.165614623902633,3.59866666666667,2
2025-11-24 07:30:00,21.0479604656273,3.98696090307914,455.892678316317,0.315305610910467,0.165693867488633,3.994,2
2025-11-24 07:45:00,21.246603629404,4.1736300633475,451.338993901114,0.323288167374333,0.192440445554467,3.05066666666667,2
2025-11-24 08:00:00,21.1360972443173,4.15049514478064,452.996123567074,0.320755450479566,0.1946405218504,3.05466666666667,2
2025-11-24 08:15:00,21.0676956660023,4.1259400974093,452.750969987387,0.3264478480365,0.193262290669133,2.26466666666667,2
2025-11-24 08:30:00,21.1643184544003,4.03904175150447,455.936899942927,0.318242313579266,0.196246075203033,2.39333333333333,2
2025-11-24 08:45:00,21.246603629404,4.1736300633475,451.338993901114,0.323288167374333,0.192440445554467,2.01466666666667,2
2025-11-24 09:00:00,21.246603629404,4.1736300633475,451.338993901114,0.323288167374333,0.192440445554467,1.725,2
2025-11-24 09:15:00,,,,,,,2
2025-11-24 09:30:00,,,,,,,2
2025-11-24 09:45:00,,,,,,,2
2025-11-24 10:00:00,,,,,,,
2025-11-24 10:15:00,,,,,,,
2025-11-24 10:30:00,,,,,,,
2025-11-24 10:45:00,,,,,,,
2025-11-24 11:00:00,,,,,,,
2025-11-24 11:15:00,,,,,,,
2025-11-24 11:30:00,,,,,,,
2025-11-24 11:45:00,,,,,,,
2025-11-24 12:00:00,,,,,,,
2025-11-24 12:15:00,,,,,,,
2025-11-24 12:30:00,,,,,,,
2025-11-24 12:45:00,,,,,,,
2025-11-24 13:00:00,,,,,,,
2025-11-24 13:15:00,,,,,,,
2025-11-24 13:30:00,,,,,,,
2025-11-24 13:45:00,,,,,,,
2025-11-24 14:00:00,,,,,,,
2025-11-24 14:15:00,,,,,,,
2025-11-24 14:30:00,,,,,,,
2025-11-24 14:45:00,,,,,,,
2025-11-24 15:00:00,,,,,,,
2025-11-24 15:15:00,,,,,,,
2025-11-24 15:30:00,,,,,,,
2025-11-24 15:45:00,,,,,,,
2025-11-24 16:00:00,,,,,,,
2025-11-24 16:15:00,,,,,,,
2025-11-24 16:30:00,,,,,,,
2025-11-24 16:45:00,,,,,,,
2025-11-24 17:00:00,,,,,,,
2025-11-24 17:15:00,,,,,,,
2025-11-24 17:30:00,,,,,,,
2025-11-24 17:45:00,,,,,,,
2025-11-24 18:00:00,,,,,,,
2025-11-24 18:15:00,,,,,,,
2025-11-24 18:30:00,,,,,,,
2025-11-24 18:45:00,,,,,,,
2025-11-24 19:00:00,,,,,,,
2025-11-24 19:15:00,,,,,,,
2025-11-24 19:30:00,,,,,,,
2025-11-24 19:45:00,,,,,,,
2025-11-24 20:00:00,,,,,,,
2025-11-24 20:15:00,,,,,,,
2025-11-24 20:30:00,,,,,,,
2025-11-24 20:45:00,,,,,,,
2025-11-24 21:00:00,,,,,,,
2025-11-24 21:15:00,,,,,,1.989375,
2025-11-24 21:30:00,,,,,,2.232,
2025-11-24 21:45:00,,,,,,2.154,
2025-11-24 22:00:00,,,,,,1.88133333333333,
2025-11-24 22:15:00,21.246603629404,4.1736300633475,451.338993901114,0.323288167374333,0.192442350290467,2.13466666666667,2
2025-11-24 22:30:00,21.246603629404,4.1736300633475,451.338993901114,0.323288167374333,0.192440445554467,1.624,2
2025-11-24 22:45:00,21.246603629404,4.1736300633475,451.338993901114,0.323288167374333,0.192442350290467,1.748,2
2025-11-24 23:00:00,21.246603629404,4.1736300633475,451.338993901114,0.323288167374333,0.192442350290467,2.21666666666667,2
2025-11-24 23:15:00,,,,,,,2
2025-11-24 23:30:00,,,,,,,2
2025-11-24 23:45:00,,,,,,,2
2025-11-25 00:00:00,,,,,,,
2025-11-25 00:15:00,,,,,,,
2025-11-25 00:30:00,,,,,,,
2025-11-25 00:45:00,,,,,,,
2025-11-25 01:00:00,,,,,,,
2025-11-25 01:15:00,,,,,,,
2025-11-25 01:30:00,,,,,,,
2025-11-25 01:45:00,,,,,,,
2025-11-25 02:00:00,,,,,,,
2025-11-25 02:15:00,,,,,,,
2025-11-25 02:30:00,,,,,,,
2025-11-25 02:45:00,,,,,,,
2025-11-25 03:00:00,,,,,,,
2025-11-25 03:15:00,,,,,,,
2025-11-25 03:30:00,,,,,,,
2025-11-25 03:45:00,,,,,,,
2025-11-25 04:00:00,,,,,,,
2025-11-25 04:15:00,,,,,,,
2025-11-25 04:30:00,,,,,,,
2025-11-25 04:45:00,,,,,,,
2025-11-25 05:00:00,,,,,,,
2025-11-25 05:15:00,,,,,,,
2025-11-25 05:30:00,,,,,,,
2025-11-25 05:45:00,,,,,,,
2025-11-25 06:00:00,,,,,,,
2025-11-25 06:15:00,,,,,,,
2025-11-25 06:30:00,,,,,,,
2025-11-25 06:45:00,,,,,,,
2025-11-25 07:00:00,,,,,,,
2025-11-25 07:15:00,,,,,,,
2025-11-25 07:30:00,,,,,,,
2025-11-25 07:45:00,,,,,,,
2025-11-25 08:00:00,,,,,,,
2025-11-25 08:15:00,,,,,,,
2025-11-25 08:30:00,,,,,,,
2025-11-25 08:45:00,,,,,,,
2025-11-25 09:00:00,,,,,,,
2025-11-25 09:15:00,,,,,,,
2025-11-25 09:30:00,,,,,,,
2025-11-25 09:45:00,,,,,,,
2025-11-25 10:00:00,,,,,,,
2025-11-25 10:15:00,,,,,,,
2025-11-25 10:30:00,,,,,,,
2025-11-25 10:45:00,,,,,,,
2025-11-25 11:00:00,,,,,,,
2025-11-25 11:15:00,,,,,,,
2025-11-25 11:30:00,,,,,,,
2025-11-25 11:45:00,,,,,,,
2025-11-25 12:00:00,,,,,,,
2025-11-25 12:15:00,,,,,,,
2025-11-25 12:30:00,,,,,,,
2025-11-25 12:45:00,,,,,,,
2025-11-25 13:00:00,,,,,,,
2025-11-25 13:15:00,,,,,,,
2025-11-25 13:30:00,,,,,,,
2025-11-25 13:45:00,,,,,,,
2025-11-25 14:00:00,,,,,,,
2025-11-25 14:15:00,,,,,,,
2025-11-25 14:30:00,,,,,,,
2025-11-25 14:45:00,,,,,,,
2025-11-25 15:00:00,,,,,,,
2025-11-25 15:15:00,,,,,,,
2025-11-25 15:30:00,,,,,,,
2025-11-25 15:45:00,,,,,,,
2025-11-25 16:00:00,,,,,,,
2025-11-25 16:15:00,,,,,,,
2025-11-25 16:30:00,,,,,,,
2025-11-25 16:45:00,,,,,,,
2025-11-25 17:00:00,,,,,,,
2025-11-25 17:15:00,,,,,,,
2025-11-25 17:30:00,,,,,,,
2025-11-25 17:45:00,,,,,,,
2025-11-25 18:00:00,,,,,,,
2025-11-25 18:15:00,,,,,,,
2025-11-25 18:30:00,,,,,,,
2025-11-25 18:45:00,,,,,,,
2025-11-25 19:00:00,,,,,,,
2025-11-25 19:15:00,,,,,,,
2025-11-25 19:30:00,,,,,,,
2025-11-25 19:45:00,,,,,,2.49333333333333,
2025-11-25 20:00:00,,,,,,3.666,
2025-11-25 20:15:00,,,,,,4.04333333333333,
2025-11-25 20:30:00,,,,,,3.69866666666667,
2025-11-25 20:45:00,21.246603629404,4.1736300633475,451.338993901114,0.323288167374333,0.192657956159867,4.50266666666667,2
2025-11-25 21:00:00,21.246603629404,4.1736300633475,451.338993901114,0.323288167374333,0.192430904377867,4.12933333333333,2
2025-11-25 21:15:00,21.0479604656273,3.98575763801914,455.892678316317,0.315453844911567,0.165651430911367,4.16866666666667,2
2025-11-25 21:30:00,21.0479604656273,3.98389359342914,455.878969896347,0.303465704682967,0.166231239206833,5.49533333333333,2
2025-11-25 21:45:00,21.0479604656273,3.98297633099914,455.878969896347,0.3149204549094,0.166221505472333,5.08266666666667,2
2025-11-25 22:00:00,21.0479604656273,3.98263241807914,455.878969896347,0.312068636458767,0.165987703014633,6.28066666666667,2
2025-11-25 22:15:00,21.0479604656273,3.98930140363914,455.878969896347,0.2970161491426,0.166600398800733,8.272,2
2025-11-25 22:30:00,21.1638731511003,4.03971957612447,455.974903960861,0.319673009579866,0.1962915027551,8.95066666666667,2
2025-11-25 22:45:00,21.246603629404,4.1736300633475,451.338993901114,0.323288167374333,0.192440445554467,5.184,2
2025-11-25 23:00:00,21.246603629404,4.1736300633475,451.338993901114,0.323288167374333,0.192093641055033,5.99466666666667,2
2025-11-25 23:15:00,21.0479604656273,3.98575763801914,455.892678316317,0.314816703579567,0.164985703355567,8.59533333333333,2
2025-11-25 23:30:00,21.246603629404,4.1736300633475,451.338993901114,0.323288167374333,0.192442350290467,7.30866666666667,2
2025-11-25 23:45:00,21.0479604656273,3.98575763801914,455.892678316317,0.314752095579567,0.1664665864676,7.41333333333333,2
2025-11-26 00:00:00,21.0479604656273,3.98457754782914,455.878969896347,0.302589358906533,0.166243348292233,7.066,2
2025-11-26 00:15:00,21.0479604656273,3.98716824019914,455.862932716317,0.315668939355867,0.1813642524549,9.54454545454545,2
2025-11-26 00:30:00,,,,,,,2
2025-11-26 00:45:00,,,,,,,2
2025-11-26 01:00:00,,,,,,,2
2025-11-26 01:15:00,,,,,,,
2025-11-26 01:30:00,,,,,,,
2025-11-26 01:45:00,,,,,,,
2025-11-26 02:00:00,,,,,,,
2025-11-26 02:15:00,,,,,,,
2025-11-26 02:30:00,,,,,,,
2025-11-26 02:45:00,,,,,,,
2025-11-26 03:00:00,,,,,,,
2025-11-26 03:15:00,,,,,,,
2025-11-26 03:30:00,,,,,,,
2025-11-26 03:45:00,,,,,,,
2025-11-26 04:00:00,,,,,,,
2025-11-26 04:15:00,,,,,,,
2025-11-26 04:30:00,,,,,,,
2025-11-26 04:45:00,,,,,,,
2025-11-26 05:00:00,,,,,,,
2025-11-26 05:15:00,,,,,,,
2025-11-26 05:30:00,,,,,,,
2025-11-26 05:45:00,,,,,,,
2025-11-26 06:00:00,,,,,,,
2025-11-26 06:15:00,,,,,,,
2025-11-26 06:30:00,,,,,,,
2025-11-26 06:45:00,,,,,,,
2025-11-26 07:00:00,,,,,,,
2025-11-26 07:15:00,,,,,,,
2025-11-26 07:30:00,,,,,,,
2025-11-26 07:45:00,,,,,,,
2025-11-26 08:00:00,,,,,,,
2025-11-26 08:15:00,,,,,,,
2025-11-26 08:30:00,,,,,,,
2025-11-26 08:45:00,,,,,,,
2025-11-26 09:00:00,,,,,,,
2025-11-26 09:15:00,,,,,,,
2025-11-26 09:30:00,,,,,,,
2025-11-26 09:45:00,,,,,,,
2025-11-26 10:00:00,,,,,,,
2025-11-26 10:15:00,,,,,,,
2025-11-26 10:30:00,,,,,,,
2025-11-26 10:45:00,,,,,,,
2025-11-26 11:00:00,,,,,,,
2025-11-26 11:15:00,,,,,,,
2025-11-26 11:30:00,,,,,,,
2025-11-26 11:45:00,,,,,,,
2025-11-26 12:00:00,,,,,,,
2025-11-26 12:15:00,,,,,,,
2025-11-26 12:30:00,,,,,,,
2025-11-26 12:45:00,,,,,,,
2025-11-26 13:00:00,,,,,,,
2025-11-26 13:15:00,,,,,,,
2025-11-26 13:30:00,,,,,,,
2025-11-26 13:45:00,,,,,,,
2025-11-26 14:00:00,,,,,,,
2025-11-26 14:15:00,,,,,,,
2025-11-26 14:30:00,,,,,,,
2025-11-26 14:45:00,,,,,,,
2025-11-26 15:00:00,,,,,,,
2025-11-26 15:15:00,,,,,,,
2025-11-26 15:30:00,,,,,,,
2025-11-26 15:45:00,,,,,,,
2025-11-26 16:00:00,,,,,,,
2025-11-26 16:15:00,,,,,,,
2025-11-26 16:30:00,,,,,,,
2025-11-26 16:45:00,,,,,,,
2025-11-26 17:00:00,,,,,,,
2025-11-26 17:15:00,,,,,,,
2025-11-26 17:30:00,,,,,,,
2025-11-26 17:45:00,,,,,,,
2025-11-26 18:00:00,,,,,,,
2025-11-26 18:15:00,,,,,,,
2025-11-26 18:30:00,,,,,,,
2025-11-26 18:45:00,,,,,,,
2025-11-26 19:00:00,,,,,,,
2025-11-26 19:15:00,,,,,,,
2025-11-26 19:30:00,,,,,,,
2025-11-26 19:45:00,,,,,,,
2025-11-26 20:00:00,,,,,,,
2025-11-26 20:15:00,,,,,,,
2025-11-26 20:30:00,,,,,,,
2025-11-26 20:45:00,,,,,,,
2025-11-26 21:00:00,,,,,,,
2025-11-26 21:15:00,,,,,,,
2025-11-26 21:30:00,,,,,,,
2025-11-26 21:45:00,,,,,,,
2025-11-26 22:00:00,,,,,,4.1175,
2025-11-26 22:15:00,,,,,,5.32,
2025-11-26 22:30:00,,,,,,5.072,
2025-11-26 22:45:00,,,,,,5.428,
2025-11-26 23:00:00,21.246603629404,4.1736300633475,451.338993901114,0.323288167374333,0.192655294547567,5.526,2
2025-11-26 23:15:00,21.246603629404,4.1736300633475,451.338993901114,0.323288167374333,0.192686137271567,6.118,2
2025-11-26 23:30:00,21.246603629404,4.1736300633475,451.338993901114,0.323288167374333,0.192672382982867,7.19066666666667,2
2025-11-26 23:45:00,21.0479604656273,3.98930140363914,455.878969896347,0.2970161491426,0.166998156379033,8.37,2
2025-11-27 00:00:00,,,,,,,2
2025-11-27 00:15:00,,,,,,,2
2025-11-27 00:30:00,,,,,,,2
2025-11-27 00:45:00,,,,,,,
2025-11-27 01:00:00,,,,,,,
2025-11-27 01:15:00,,,,,,,
2025-11-27 01:30:00,,,,,,,
2025-11-27 01:45:00,,,,,,,
2025-11-27 02:00:00,,,,,,,
2025-11-27 02:15:00,,,,,,,
2025-11-27 02:30:00,,,,,,,
2025-11-27 02:45:00,,,,,,,
2025-11-27 03:00:00,,,,,,,
2025-11-27 03:15:00,,,,,,,
2025-11-27 03:30:00,,,,,,,
2025-11-27 03:45:00,,,,,,,
2025-11-27 04:00:00,,,,,,,
2025-11-27 04:15:00,,,,,,,
2025-11-27 04:30:00,,,,,,,
2025-11-27 04:45:00,,,,,,,
2025-11-27 05:00:00,,,,,,,
2025-11-27 05:15:00,,,,,,,
2025-11-27 05:30:00,,,,,,,
2025-11-27 05:45:00,,,,,,,
2025-11-27 06:00:00,,,,,,,
2025-11-27 06:15:00,,,,,,,
2025-11-27 06:30:00,,,,,,,
2025-11-27 06:45:00,,,,,,,
2025-11-27 07:00:00,,,,,,,
2025-11-27 07:15:00,,,,,,,
2025-11-27 07:30:00,,,,,,,
2025-11-27 07:45:00,,,,,,,
2025-11-27 08:00:00,,,,,,,
2025-11-27 08:15:00,,,,,,,
2025-11-27 08:30:00,,,,,,,
2025-11-27 08:45:00,,,,,,,
2025-11-27 09:00:00,,,,,,,
2025-11-27 09:15:00,,,,,,,
2025-11-27 09:30:00,,,,,,,
2025-11-27 09:45:00,,,,,,,
2025-11-27 10:00:00,,,,,,,
2025-11-27 10:15:00,,,,,,,
2025-11-27 10:30:00,,,,,,,
2025-11-27 10:45:00,,,,,,,
2025-11-27 11:00:00,,,,,,,
2025-11-27 11:15:00,,,,,,,
2025-11-27 11:30:00,,,,,,,
2025-11-27 11:45:00,,,,,,,
2025-11-27 12:00:00,,,,,,,
2025-11-27 12:15:00,,,,,,,
2025-11-27 12:30:00,,,,,,,
2025-11-27 12:45:00,,,,,,,
2025-11-27 13:00:00,,,,,,,
2025-11-27 13:15:00,,,,,,,
2025-11-27 13:30:00,,,,,,,
2025-11-27 13:45:00,,,,,,,
2025-11-27 14:00:00,,,,,,,
2025-11-27 14:15:00,,,,,,,
2025-11-27 14:30:00,,,,,,,
2025-11-27 14:45:00,,,,,,,
2025-11-27 15:00:00,,,,,,,
2025-11-27 15:15:00,,,,,,,
2025-11-27 15:30:00,,,,,,,
2025-11-27 15:45:00,,,,,,,
2025-11-27 16:00:00,,,,,,,
2025-11-27 16:15:00,,,,,,,
2025-11-27 16:30:00,,,,,,,
2025-11-27 16:45:00,,,,,,,
2025-11-27 17:00:00,,,,,,,
2025-11-27 17:15:00,,,,,,,
2025-11-27 17:30:00,,,,,,,
2025-11-27 17:45:00,,,,,,,
2025-11-27 18:00:00,,,,,,,
2025-11-27 18:15:00,,,,,,,
2025-11-27 18:30:00,,,,,,,
2025-11-27 18:45:00,,,,,,3.805,
2025-11-27 19:00:00,,,,,,5.07066666666667,
2025-11-27 19:15:00,,,,,,4.79466666666667,
2025-11-27 19:30:00,,,,,,5.43533333333333,
2025-11-27 19:45:00,21.246603629404,4.1755044855475,451.338993901114,0.323288167374333,0.192655294547567,5.39466666666667,2
2025-11-27 20:00:00,,,,,,5.418,2
2025-11-27 20:15:00,,,,,,4.63733333333333,2
2025-11-27 20:30:00,,,,,,9.09266666666667,2
2025-11-27 20:45:00,,,,,,8.24533333333333,2
2025-11-27 21:00:00,,,,,,9.98266666666667,2
2025-11-27 21:15:00,,,,,,8.47,2
2025-11-27 21:30:00,,,,,,6.15466666666667,2
2025-11-27 21:45:00,,,,,,5.94266666666667,2
2025-11-27 22:00:00,,,,,,4.80133333333333,2
2025-11-27 22:15:00,21.383718042269,4.21337742785163,456.091770301267,0.319726476920633,0.199622751500567,5.66866666666667,2
2025-11-27 22:30:00,21.1095316448437,4.11188202339777,451.338993901114,0.323624681153867,0.1930807602447,4.29266666666667,2
2025-11-27 22:45:00,21.1360972443173,4.15049514478064,452.996123567074,0.320776189813066,0.194800582058267,3.88466666666667,2
2025-11-27 23:00:00,21.246603629404,4.1736300633475,451.338993901114,0.323288167374333,0.192544973276933,3.99066666666667,2
2025-11-27 23:15:00,21.246603629404,4.1736300633475,451.338993901114,0.323288167374333,0.192442350290467,4.222,2
2025-11-27 23:30:00,21.246603629404,4.1736300633475,451.338993901114,0.323288167374333,0.192442350290467,4.19466666666667,2
2025-11-27 23:45:00,21.246603629404,4.1736300633475,451.338993901114,0.323288167374333,0.192442350290467,4.112,2
2025-11-28 00:00:00,21.246603629404,4.1736300633475,451.338993901114,0.323288167374333,0.192430904377867,4.89933333333333,2
2025-11-28 00:15:00,21.246603629404,4.1736300633475,451.338993901114,0.323288167374333,0.192657956159867,5.03733333333333,2
2025-11-28 00:30:00,21.246603629404,4.1736300633475,451.338993901114,0.323288167374333,0.192657956159867,5.754,2
2025-11-28 00:45:00,21.0479604656273,3.98182242679914,455.878969896347,0.3152023269094,0.1665889088946,6.508,2
2025-11-28 01:00:00,21.246603629404,4.1736300633475,451.338993901114,0.323288167374333,0.192657956159867,4.85066666666667,2
2025-11-28 01:15:00,21.246603629404,4.1736300633475,451.338993901114,0.323288167374333,0.192686137271567,6.204,2
2025-11-28 01:30:00,21.0479604656273,3.98575763801914,455.892678316317,0.315191604911567,0.166129548709133,4.75266666666667,2
2025-11-28 01:45:00,21.0479604656273,3.99023431313914,455.878969896347,0.2970161491426,0.167020905100833,6.532,2
2025-11-28 02:00:00,21.0479604656273,3.9853780038958,455.878969896347,0.2966886224766,0.1664627945499,6.93133333333333,2
2025-11-28 02:15:00,21.0479604656273,3.98629114395914,455.885914582917,0.314946618244367,0.165058741558533,5.03866666666667,2
2025-11-28 02:30:00,21.0479604656273,3.98136021987914,455.878969896347,0.3150118735754,0.166504337899167,4.782,2
2025-11-28 02:45:00,21.0479604656273,3.9863813520958,455.878969896347,0.2966886224766,0.166444262004933,9.472,2
2025-11-28 03:00:00,21.0479604656273,3.9860630336958,455.878969896347,0.2966886224766,0.166436869977433,7.93933333333333,2
2025-11-28 03:15:00,21.1698748612773,3.98800018756247,455.945231065207,0.316447815581534,0.203890562620267,5.57066666666667,2
2025-11-28 03:30:00,21.0479604656273,3.98263241807914,455.878969896347,0.3148528529079,0.166119256054033,6.20133333333333,2
2025-11-28 03:45:00,21.0479604656273,3.98930140363914,455.878969896347,0.2970161491426,0.166600398800733,6.704,2
2025-11-28 04:00:00,21.0479604656273,3.98930140363914,455.878969896347,0.2970161491426,0.166600398800733,8.17733333333333,2
2025-11-28 04:15:00,21.0479604656273,3.98930140363914,455.878969896347,0.2970161491426,0.166600398800733,8.07266666666667,2
2025-11-28 04:30:00,21.0479604656273,3.98457754782914,455.878969896347,0.302589358906533,0.166456179415633,4.77066666666667,2
2025-11-28 04:45:00,21.1698748612773,3.98800018756247,455.945231065207,0.3166725611367,0.204189101540867,4.71466666666667,2
2025-11-28 05:00:00,21.0479604656273,3.98389359342914,455.878969896347,0.303585872682167,0.166080410334833,5.854,2
2025-11-28 05:15:00,21.0479604656273,3.98930140363914,455.878969896347,0.2970161491426,0.166600398800733,7.26333333333333,2
2025-11-28 05:30:00,21.0479604656273,3.98930140363914,455.878969896347,0.2968601224766,0.166617419252933,7.33066666666667,2
2025-11-28 05:45:00,21.0479604656273,3.98930140363914,455.878969896347,0.2968601224766,0.166761732797,5.746,2
2025-11-28 06:00:00,21.0479604656273,3.98930140363914,455.878969896347,0.2968601224766,0.166830250376333,5.40066666666667,2
2025-11-28 06:15:00,21.0479604656273,3.98930140363914,455.878969896347,0.2968601224766,0.166830250376333,6.024,2
2025-11-28 06:30:00,21.0479604656273,3.98743649872914,455.878969896347,0.2983299795705,0.166467609914467,4.652,2
2025-11-28 06:45:00,21.0479604656273,3.99133774523247,455.862932716317,0.315793612688367,0.183873105484967,4.14533333333333,2
2025-11-28 07:00:00,21.0479604656273,3.98757522532914,455.878969896347,0.302541501128867,0.166401472321633,4.15066666666667,2
2025-11-28 07:15:00,21.0479604656273,3.98743649872914,455.878969896347,0.297698345127134,0.166266374244767,4.82933333333333,2
2025-11-28 07:30:00,21.0479604656273,3.98930140363914,455.878969896347,0.2968601224766,0.166761732797,5.50066666666667,2
2025-11-28 07:45:00,21.0479604656273,3.98930140363914,455.878969896347,0.2968601224766,0.1664509110179,5.93466666666667,2
2025-11-28 08:00:00,21.0479604656273,3.9664443501858,455.878969896347,0.301257722906333,0.1665026433743,7.382,2
2025-11-28 08:15:00,21.3932351932123,4.32489832277581,455.878969896347,0.297376296918634,0.167493411139967,4.824,2
2025-11-28 08:30:00,21.0479604656273,3.9682875320158,455.878969896347,0.296469985140334,0.165906025210367,4.22266666666667,2
2025-11-28 08:45:00,21.0479604656273,3.9863813520958,455.878969896347,0.2966886224766,0.166130038120167,4.24533333333333,2
2025-11-28 09:00:00,21.0479604656273,3.98930140363914,455.878969896347,0.2970161491426,0.166600398800733,4.58066666666667,2
2025-11-28 09:15:00,21.0534351822623,4.00132948378914,455.878969896347,0.296676371808334,0.166087610430367,4.09466666666667,2
2025-11-28 09:30:00,21.0479604656273,3.96824815445247,455.878969896347,0.2970547646982,0.166397502300633,4.21266666666667,2
2025-11-28 09:45:00,21.0479604656273,3.9863813520958,455.878969896347,0.2965325958106,0.166266374244767,3.94133333333333,2
2025-11-28 10:00:00,21.0479604656273,3.98563009557914,455.878969896347,0.314127884902867,0.165931091184633,3.158,2
2025-11-28 10:15:00,21.0479604656273,3.98689127092914,455.878969896347,0.302878825572867,0.166401472321633,3.324,2
2025-11-28 10:30:00,21.0479604656273,3.9867773681458,455.892678316317,0.315426246244567,0.1657596029726,2.52466666666667,2
2025-11-28 10:45:00,21.0479604656273,3.9904008209058,455.878969896347,0.2966233358106,0.166323434489233,3.20933333333333,2
2025-11-28 11:00:00,21.0479604656273,3.98930140363914,455.878969896347,0.2968601224766,0.166617419252933,6.15333333333333,2
2025-11-28 11:15:00,21.0479604656273,3.99229908113914,455.878969896347,0.2968601224766,0.166761732797,4.958,2
2025-11-28 11:30:00,21.0479604656273,3.99229908113914,455.878969896347,0.2968601224766,0.166761732797,5.64733333333333,2
2025-11-28 11:45:00,21.0479604656273,3.9921155462058,455.878969896347,0.2968601224766,0.166786128856467,3.89266666666667,2
2025-11-28 12:00:00,21.0479604656273,3.98919549466247,455.878969896347,0.2965325958106,0.166329578661233,3.05266666666667,2
2025-11-28 12:15:00,21.0479604656273,3.99229908113914,455.878969896347,0.2968601224766,0.166761732797,4.49666666666667,2
2025-11-28 12:30:00,21.0479604656273,3.99229908113914,455.878969896347,0.2968601224766,0.166761732797,4.98,2
2025-11-28 12:45:00,21.0479604656273,3.9921155462058,455.878969896347,0.2968601224766,0.166786128856467,3.64733333333333,2
2025-11-28 13:00:00,21.0479604656273,3.9839139005658,455.884486629597,0.314978685798433,0.1661104416269,2.82333333333333,2
2025-11-28 13:15:00,21.0479604656273,3.99108000769914,455.878969896347,0.2966233358106,0.166323434489233,3.35733333333333,2
2025-11-28 13:30:00,21.0479604656273,3.99229908113914,455.878969896347,0.2968601224766,0.166761732797,3.202,2
2025-11-28 13:45:00,21.0479604656273,3.99229908113914,455.878969896347,0.2968601224766,0.166786128856467,2.89666666666667,2
2025-11-28 14:00:00,21.0479604656273,3.99229908113914,455.878969896347,0.2968601224766,0.166761732797,3.10333333333333,2
2025-11-28 14:15:00,21.0479604656273,3.98930140363914,455.878969896347,0.2968601224766,0.166830250376333,2.75066666666667,2
2025-11-28 14:30:00,21.0479604656273,3.98482010429914,455.878969896347,0.3151747282424,0.1661306577898,2.472,2
2025-11-28 14:45:00,21.0479604656273,3.98182242679914,455.878969896347,0.3151109082434,0.166177050509967,2.39466666666667,2
2025-11-28 15:00:00,21.0479604656273,3.98297633099914,455.878969896347,0.3148558469094,0.166221505472333,2.162,2
2025-11-28 15:15:00,21.0479604656273,3.98826586513247,455.878969896347,0.2966233358106,0.166129468487767,2.908,2
2025-11-28 15:30:00,21.0479604656273,3.98689127092914,455.878969896347,0.305033318905033,0.166025703240833,2.1,2
2025-11-28 15:45:00,21.0479604656273,3.9893790295958,455.878969896347,0.2965325958106,0.166329578661233,2.69666666666667,2
2025-11-28 16:00:00,21.0479604656273,3.98930140363914,455.878969896347,0.2968601224766,0.166830250376333,4.71333333333333,2
2025-11-28 16:15:00,21.0479604656273,3.98930140363914,455.878969896347,0.2968601224766,0.166617419252933,4.47733333333333,2
2025-11-28 16:30:00,21.0479604656273,3.98415867952914,455.878969896347,0.31503573491,0.165950430181133,3.228,2
2025-11-28 16:45:00,21.0479604656273,3.98829353875914,455.862932716317,0.316114124689767,0.202958059978067,2.97666666666667,2
2025-11-28 17:00:00,21.0479604656273,3.99229908113914,455.878969896347,0.2968601224766,0.166595224561967,3.274,2
2025-11-28 17:15:00,21.0479604656273,3.98389359342914,455.878969896347,0.303228400238467,0.166401472321633,3.16533333333333,2
2025-11-28 17:30:00,21.0479604656273,3.98930140363914,455.878969896347,0.2968601224766,0.166605973340333,4.48066666666667,2
2025-11-28 17:45:00,21.0479604656273,3.98826586513247,455.878969896347,0.2966233358106,0.166140914400367,4.504,2
2025-11-28 18:00:00,21.0479604656273,3.98443882122914,455.878969896347,0.2999923295696,0.166232435265367,4.338,2
2025-11-28 18:15:00,21.0479604656273,3.98263241807914,455.878969896347,0.314055376237167,0.165964228389767,3.916,2
2025-11-28 18:30:00,21.0479604656273,3.98930140363914,455.878969896347,0.2968601224766,0.166617419252933,4.18066666666667,2
2025-11-28 18:45:00,21.0479604656273,3.98930140363914,455.878969896347,0.2968601224766,0.166617419252933,5.69533333333333,2
2025-11-28 19:00:00,21.0479604656273,3.98930140363914,455.878969896347,0.2968601224766,0.166605973340333,5.774,2
2025-11-28 19:15:00,21.0479604656273,3.98930140363914,455.878969896347,0.2970161491426,0.166600398800733,5.76133333333333,2
2025-11-28 19:30:00,21.0479604656273,3.98930140363914,455.878969896347,0.2970161491426,0.166600398800733,5.25933333333333,2
2025-11-28 19:45:00,21.0479604656273,3.98826586513247,455.878969896347,0.2966233358106,0.166299038429767,4.37733333333333,2
2025-11-28 20:00:00,21.0479604656273,3.98689127092914,455.878969896347,0.3047732997936,0.166028996058833,4.12066666666667,2
2025-11-28 20:15:00,21.0479604656273,3.98689127092914,455.878969896347,0.303228400238467,0.166401472321633,3.70133333333333,2
2025-11-28 20:30:00,21.0479604656273,3.98928882145914,455.885914582917,0.314671116913566,0.164586858518133,3.28133333333333,2
2025-11-28 20:45:00,21.0479604656273,3.98875531551914,455.892678316317,0.314816703579567,0.1663743796708,3.46533333333333,2
2025-11-28 21:00:00,21.0479604656273,3.98930140363914,455.878969896347,0.2970161491426,0.1664338905657,5.15,2
2025-11-28 21:15:00,21.246603629404,4.1736300633475,451.338993901114,0.323288167374333,0.192440445554467,3.192,2
2025-11-28 21:30:00,21.0479604656273,3.98263241807914,455.878969896347,0.3148237802396,0.166107227341767,5.85333333333333,2
2025-11-28 21:45:00,21.0479604656273,3.98675862033914,455.878969896347,0.2966233358106,0.1662284364588,5.65,2
2025-11-28 22:00:00,21.0479604656273,3.98930140363914,455.878969896347,0.2968601224766,0.166605973340333,6.81333333333333,2
2025-11-28 22:15:00,21.0479604656273,3.98930140363914,455.878969896347,0.2970161491426,0.166600398800733,6.034,2
2025-11-28 22:30:00,21.0479604656273,3.98930140363914,455.878969896347,0.2970161491426,0.166600398800733,4.868,2
2025-11-28 22:45:00,21.0479604656273,3.9860630336958,455.878969896347,0.2965325958106,0.166108250215367,4.94933333333333,2
2025-11-28 23:00:00,21.0479604656273,3.98930140363914,455.878969896347,0.2968601224766,0.166617419252933,6.656,2
2025-11-28 23:15:00,21.0479604656273,3.98930140363914,455.878969896347,0.2968601224766,0.166830250376333,6.18133333333333,2
2025-11-28 23:30:00,21.0479604656273,3.98930140363914,455.878969896347,0.2968601224766,0.166617419252933,6.51333333333333,2
2025-11-28 23:45:00,21.0479604656273,3.98930140363914,455.878969896347,0.2968601224766,0.166617419252933,6.60533333333333,2
2025-11-29 00:00:00,21.0479604656273,3.98930140363914,455.878969896347,0.2968601224766,0.1664509110179,6.53133333333333,2
2025-11-29 00:15:00,21.0479604656273,3.98930140363914,455.878969896347,0.2968601224766,0.166605973340333,6.31333333333333,2
2025-11-29 00:30:00,21.0479604656273,3.98930140363914,455.878969896347,0.2970161491426,0.166600398800733,6.29,2
2025-11-29 00:45:00,21.0479604656273,3.98930140363914,455.878969896347,0.2968601224766,0.166617419252933,5.99333333333333,2
2025-11-29 01:00:00,21.0479604656273,3.9863813520958,455.878969896347,0.2965325958106,0.166147058572367,5.96466666666667,2
2025-11-29 01:15:00,21.0479604656273,3.98930140363914,455.878969896347,0.2968601224766,0.166605973340333,6.61133333333333,2
2025-11-29 01:30:00,21.0479604656273,3.98930140363914,455.878969896347,0.2970161491426,0.166600398800733,7.15866666666667,2
2025-11-29 01:45:00,21.0479604656273,3.98930140363914,455.878969896347,0.2970161491426,0.166998156379033,9.70266666666667,2
2025-11-29 02:00:00,21.0479604656273,3.98861637383914,455.878969896347,0.2970161491426,0.166967313655033,9.982,2
2025-11-29 02:15:00,21.0479604656273,3.98930140363914,455.878969896347,0.2970161491426,0.166998156379033,8.9,2
2025-11-29 02:30:00,21.0479604656273,3.99023431313914,455.878969896347,0.2970161491426,0.167020905100833,12.5813333333333,2
2025-11-29 02:45:00,21.0479604656273,3.98861637383914,455.878969896347,0.2970161491426,0.166967313655033,14.3513333333333,2
2025-11-29 03:00:00,21.0479604656273,3.98930140363914,455.878969896347,0.2970161491426,0.166935247204667,9.872,2
2025-11-29 03:15:00,21.0479604656273,3.98930140363914,455.878969896347,0.2970161491426,0.166998156379033,9.96466666666667,2
2025-11-29 03:30:00,21.0479604656273,3.98930140363914,455.878969896347,0.2970161491426,0.166998156379033,10.3033333333333,2
2025-11-29 03:45:00,21.0479604656273,3.98930140363914,455.878969896347,0.2970161491426,0.166998156379033,11.0946666666667,2
2025-11-29 04:00:00,21.0479604656273,3.98861637383914,455.878969896347,0.2970161491426,0.166967313655033,10.914,2
2025-11-29 04:15:00,21.0479604656273,3.98861637383914,455.878969896347,0.2970161491426,0.166967313655033,11.4406666666667,2
2025-11-29 04:30:00,21.0479604656273,3.98861637383914,455.878969896347,0.2970161491426,0.166967313655033,11.988,2
2025-11-29 04:45:00,21.0479604656273,3.99023431313914,455.878969896347,0.2970161491426,0.167020905100833,17.3126666666667,2
2025-11-29 05:00:00,21.0479604656273,3.99023431313914,455.878969896347,0.2970161491426,0.167020905100833,11.946,2
2025-11-29 05:15:00,21.0479604656273,3.99023431313914,455.878969896347,0.2970161491426,0.167020905100833,12.554,2
2025-11-29 05:30:00,21.0479604656273,3.99044616693914,455.878969896347,0.2970161491426,0.167044329395833,12.7186666666667,2
2025-11-29 05:45:00,21.0479604656273,3.99023431313914,455.878969896347,0.2970161491426,0.167020905100833,12.724,2
2025-11-29 06:00:00,21.0479604656273,3.98930140363914,455.878969896347,0.2970161491426,0.166952236711167,10.2753333333333,2
2025-11-29 06:15:00,21.0479604656273,3.98930140363914,455.878969896347,0.2970161491426,0.166768738969633,7.25466666666667,2
2025-11-29 06:30:00,21.0479604656273,3.98930140363914,455.878969896347,0.2970161491426,0.166952236711167,8.80666666666667,2
2025-11-29 06:45:00,21.0479604656273,3.98930140363914,455.878969896347,0.2970161491426,0.166998156379033,9.92666666666667,2
2025-11-29 07:00:00,21.0479604656273,3.98930140363914,455.878969896347,0.2970161491426,0.166935247204667,8.83133333333333,2
2025-11-29 07:15:00,21.0479604656273,3.98930140363914,455.878969896347,0.2970161491426,0.166935247204667,8.90733333333333,2
2025-11-29 07:30:00,21.0479604656273,3.98930140363914,455.878969896347,0.2970161491426,0.166600398800733,7.88333333333333,2
2025-11-29 07:45:00,21.0479604656273,3.98930140363914,455.878969896347,0.2970161491426,0.166600398800733,7.888,2
2025-11-29 08:00:00,21.0479604656273,3.98930140363914,455.878969896347,0.2968601224766,0.166605973340333,5.96,2
2025-11-29 08:15:00,21.0479604656273,3.98930140363914,455.878969896347,0.2968601224766,0.166605973340333,5.58533333333333,2
2025-11-29 08:30:00,21.0479604656273,3.98930140363914,455.878969896347,0.2968601224766,0.166617419252933,5.69533333333333,2
2025-11-29 08:45:00,21.0479604656273,3.98930140363914,455.878969896347,0.2970161491426,0.166600398800733,7.618,2
2025-11-29 09:00:00,21.0479604656273,3.98930140363914,455.878969896347,0.2970161491426,0.166600398800733,8.168,2
2025-11-29 09:15:00,21.0479604656273,3.98930140363914,455.878969896347,0.2970161491426,0.166600398800733,7.416,2
2025-11-29 09:30:00,21.0479604656273,3.98930140363914,455.878969896347,0.2970161491426,0.166600398800733,7.67533333333333,2
2025-11-29 09:45:00,21.0479604656273,3.98930140363914,455.878969896347,0.2970161491426,0.166600398800733,7.696,2
2025-11-29 10:00:00,21.0479604656273,3.98930140363914,455.878969896347,0.2970161491426,0.166600398800733,7.768,2
2025-11-29 10:15:00,21.0479604656273,3.98930140363914,455.878969896347,0.2968601224766,0.166600398800733,6.44733333333333,2
2025-11-29 10:30:00,21.0479604656273,3.98930140363914,455.878969896347,0.2970161491426,0.166935247204667,7.56133333333333,2
2025-11-29 10:45:00,21.0479604656273,3.98930140363914,455.878969896347,0.2970161491426,0.166935247204667,6.248,2
2025-11-29 11:00:00,21.0479604656273,3.98930140363914,455.878969896347,0.2968601224766,0.166761732797,5.10333333333333,2
2025-11-29 11:15:00,21.0479604656273,3.99229908113914,455.878969896347,0.2968601224766,0.166761732797,3.23666666666667,2
2025-11-29 11:30:00,21.0479604656273,3.98689127092914,455.878969896347,0.3036275929054,0.166025703240833,2.61733333333333,2
2025-11-29 11:45:00,21.0479604656273,3.97269846434914,455.892678316317,0.315035932462567,0.165670318910667,2.252,2
2025-11-29 12:00:00,21.0479604656273,3.98875531551914,455.892678316317,0.315108883578567,0.165664076308433,2.01066666666667,2
2025-11-29 12:15:00,21.0479604656273,3.9891052865258,455.885914582917,0.314780910688367,0.168077870099033,2.054,2
2025-11-29 12:30:00,21.0479604656273,3.98928882145914,455.885914582917,0.314880523578566,0.1649735745779,2.23,2
2025-11-29 12:45:00,21.0944156081187,4.1405263301673,452.77545364062,0.321069556035533,0.1943056896922,1.81,2
2025-11-29 13:00:00,21.251211492404,4.17325756271083,451.338993901114,0.323282674040333,0.192794022440967,1.87866666666667,2
2025-11-29 13:15:00,21.246603629404,4.1736300633475,451.338993901114,0.323288167374333,0.192329553937033,1.596,2
2025-11-29 13:30:00,21.246603629404,4.1736300633475,451.338993901114,0.323288167374333,0.192151865811033,1.636,2
2025-11-29 13:45:00,21.0479604656273,3.9846365693658,455.878969896347,0.3153379969091,0.166056867053433,2.382,2
2025-11-29 14:00:00,21.0479604656273,3.99229908113914,455.878969896347,0.2968601224766,0.166761732797,3.20666666666667,2
2025-11-29 14:15:00,21.0479604656273,3.99229908113914,455.878969896347,0.2968601224766,0.166761732797,3.702,2
2025-11-29 14:30:00,21.0479604656273,3.99229908113914,455.878969896347,0.2968601224766,0.166761732797,3.808,2
2025-11-29 14:45:00,21.0479604656273,3.99229908113914,455.878969896347,0.2968601224766,0.166761732797,3.62933333333333,2
2025-11-29 15:00:00,21.0479604656273,3.99229908113914,455.878969896347,0.2968601224766,0.166761732797,3.86533333333333,2
2025-11-29 15:15:00,21.0479604656273,3.99229908113914,455.878969896347,0.2968601224766,0.166761732797,3.494,2
2025-11-29 15:30:00,21.0479604656273,3.99229908113914,455.878969896347,0.2968601224766,0.166761732797,3.92,2
2025-11-29 15:45:00,21.0479604656273,3.98930140363914,455.878969896347,0.2968601224766,0.166761732797,4.67933333333333,2
2025-11-29 16:00:00,21.0479604656273,3.99229908113914,455.878969896347,0.2968601224766,0.166761732797,4.94266666666667,2
2025-11-29 16:15:00,21.0479604656273,3.99229908113914,455.878969896347,0.2968601224766,0.166761732797,4.10933333333333,2
2025-11-29 16:30:00,21.0479604656273,3.99229908113914,455.878969896347,0.2968601224766,0.166761732797,3.728,2
2025-11-29 16:45:00,21.0479604656273,3.98930140363914,455.878969896347,0.2968601224766,0.166761732797,4.44933333333333,2
2025-11-29 17:00:00,21.0479604656273,3.98930140363914,455.878969896347,0.2968601224766,0.166617419252933,5.468,2
2025-11-29 17:15:00,21.0479604656273,3.98930140363914,455.878969896347,0.2968601224766,0.166761732797,5.00733333333333,2
2025-11-29 17:30:00,21.0479604656273,3.99229908113914,455.878969896347,0.2968601224766,0.166761732797,4.166,2
2025-11-29 17:45:00,21.0479604656273,3.99229908113914,455.878969896347,0.2968601224766,0.166761732797,4.17933333333333,2
2025-11-29 18:00:00,21.0479604656273,3.98930140363914,455.878969896347,0.2968601224766,0.166830250376333,5.57666666666667,2
2025-11-29 18:15:00,21.0479604656273,3.98930140363914,455.878969896347,0.2968601224766,0.166830250376333,5.54666666666667,2
2025-11-29 18:30:00,21.0479604656273,3.97222460726247,455.878969896347,0.296837644474434,0.166798729919367,4.68533333333333,2
2025-11-29 18:45:00,21.0479604656273,3.98930140363914,455.878969896347,0.2968601224766,0.166830250376333,5.896,2
2025-11-29 19:00:00,21.2257495295323,3.99797939770914,455.878969896347,0.297303361808167,0.165604582361767,6.124,2
2025-11-29 19:15:00,21.0789375169303,3.9984679877758,455.878969896347,0.297217108474834,0.166336934170733,7.724,2
2025-11-29 19:30:00,21.0479604656273,3.97095499002247,455.878969896347,0.297017588472834,0.1666373959231,7.88866666666667,2
2025-11-29 19:45:00,21.0479604656273,3.98930140363914,455.878969896347,0.2968601224766,0.166830250376333,7.36333333333333,2
2025-11-29 20:00:00,21.0479604656273,3.98930140363914,455.878969896347,0.2968601224766,0.166761732797,8.11466666666667,2
2025-11-29 20:15:00,21.0479604656273,3.98930140363914,455.878969896347,0.2968601224766,0.166617419252933,9.07666666666667,2
2025-11-29 20:30:00,21.0479604656273,3.9863813520958,455.878969896347,0.2965325958106,0.166147058572367,10.2313333333333,2
2025-11-29 20:45:00,21.0479604656273,3.9860630336958,455.878969896347,0.297683689575434,0.166091229763167,11.4846666666667,2
2025-11-29 21:00:00,21.0479604656273,3.9860630336958,455.878969896347,0.296834121351367,0.16641757881,10.976,2
2025-11-29 21:15:00,21.0479604656273,3.98389359342914,455.878969896347,0.302541501128867,0.1659728998032,12.42,2
2025-11-29 21:30:00,21.0479604656273,3.98406001157914,455.878969896347,0.300684592015234,0.165481708620967,13.5346666666667,2
2025-11-29 21:45:00,21.052571851374,3.9841274750058,455.878969896347,0.296143359587967,0.164943626954767,15.1893333333333,2
2025-11-29 22:00:00,21.0479604656273,3.98263241807914,455.878969896347,0.313999456903867,0.1649636433961,14.1493333333333,2
2025-11-29 22:15:00,21.0479604656273,3.98263241807914,455.878969896347,0.314155483569867,0.165485285455333,15.632,2
2025-11-29 22:30:00,21.0479604656273,3.98116100202914,455.878969896347,0.315074156241,0.165050352235567,16.24,2
2025-11-29 22:45:00,21.0479604656273,3.98457754782914,455.878969896347,0.301191706906333,0.166231998829433,14.6733333333333,2
2025-11-29 23:00:00,21.0479604656273,3.98136021987914,455.878969896347,0.3148558469094,0.166190882250333,13.0266666666667,2
2025-11-29 23:15:00,21.0479604656273,3.98629114395914,455.885914582917,0.314887144246367,0.164729851988833,11.7733333333333,2
2025-11-29 23:30:00,21.0479604656273,3.98829353875914,455.862932716317,0.315920191355767,0.202821270544067,11.3066666666667,2
2025-11-29 23:45:00,21.0479604656273,3.98716824019914,455.843411249651,0.314612972689867,0.168836776995867,11.412,2
2025-11-30 00:00:00,21.0479604656273,3.98575763801914,455.892678316317,0.314748615579567,0.165907665233233,13.1166666666667,2
2025-11-30 00:15:00,21.0479604656273,3.98575763801914,455.892678316317,0.314980455579567,0.165957764923633,10.7173333333333,2
2025-11-30 00:30:00,21.0479604656273,3.98182242679914,455.878969896347,0.3150426015764,0.1661059082522,10.3206666666667,2
2025-11-30 00:45:00,21.0479604656273,3.98324109447914,455.878969896347,0.3070904206794,0.166085607888833,11.2446666666667,2
2025-11-30 01:00:00,21.0479604656273,3.98263241807914,455.878969896347,0.314771390239933,0.166130701966633,9.88733333333333,2
2025-11-30 01:15:00,21.0479604656273,3.98457754782914,455.878969896347,0.302541501128867,0.166456179415633,10.276,2
2025-11-30 01:30:00,21.0479604656273,3.98930140363914,455.878969896347,0.2968601224766,0.166761732797,10.2253333333333,2
2025-11-30 01:45:00,21.0479604656273,3.98826586513247,455.878969896347,0.2966233358106,0.166353745523767,10.5766666666667,2
2025-11-30 02:00:00,21.0479604656273,3.9860630336958,455.878969896347,0.2965325958106,0.166091229763167,11.5446666666667,2
2025-11-30 02:15:00,21.0479604656273,3.98930140363914,455.878969896347,0.2970161491426,0.166935247204667,12.1066666666667,2
2025-11-30 02:30:00,21.0479604656273,3.98930140363914,455.878969896347,0.2970161491426,0.166998156379033,13.264,2
2025-11-30 02:45:00,21.0479604656273,3.99023431313914,455.878969896347,0.2970161491426,0.167020905100833,12.9753333333333,2
2025-11-30 03:00:00,21.0479604656273,3.98930140363914,455.878969896347,0.2970161491426,0.166998156379033,13.282,2
2025-11-30 03:15:00,21.0479604656273,3.98930140363914,455.878969896347,0.2970161491426,0.166600398800733,10.1586666666667,2
2025-11-30 03:30:00,21.0479604656273,3.98930140363914,455.878969896347,0.2970161491426,0.166935247204667,10.0633333333333,2
2025-11-30 03:45:00,21.0479604656273,3.98930140363914,455.878969896347,0.2970161491426,0.166952236711167,10.376,2
2025-11-30 04:00:00,21.0479604656273,3.98930140363914,455.878969896347,0.2970161491426,0.166935247204667,9.54733333333333,2
2025-11-30 04:15:00,21.0479604656273,3.98930140363914,455.878969896347,0.2970161491426,0.166935247204667,8.932,2
2025-11-30 04:30:00,21.0479604656273,3.98930140363914,455.878969896347,0.2970161491426,0.166935247204667,9.308,2
2025-11-30 04:45:00,21.0479604656273,3.98930140363914,455.878969896347,0.2970161491426,0.166600398800733,9.25466666666667,2
2025-11-30 05:00:00,21.0479604656273,3.98698595989914,455.878969896347,0.2966233358106,0.1661432789731,7.48733333333333,2
2025-11-30 05:15:00,21.0479604656273,3.98826586513247,455.878969896347,0.2967793624766,0.166123893948167,7.62333333333333,2
2025-11-30 05:30:00,21.0479604656273,3.98457754782914,455.878969896347,0.300598776016034,0.166243348292233,8.80866666666667,2
2025-11-30 05:45:00,21.0479604656273,3.98457754782914,455.878969896347,0.302541501128867,0.166243348292233,6.92266666666667,2
2025-11-30 06:00:00,21.0479604656273,3.98457754782914,455.878969896347,0.302271383572633,0.166243348292233,6.614,2
2025-11-30 06:15:00,21.0479604656273,3.98324109447914,455.878969896347,0.3047732997936,0.166085607888833,6.68266666666667,2
2025-11-30 06:30:00,21.0479604656273,3.98182242679914,455.878969896347,0.3149779935764,0.1662811616014,6.48533333333333,2
2025-11-30 06:45:00,21.0479604656273,3.9863813520958,455.878969896347,0.2965325958106,0.166147058572367,6.82133333333333,2
2025-11-30 07:00:00,21.0479604656273,3.98457754782914,455.878969896347,0.300856120240333,0.166401472321633,6.25466666666667,2
2025-11-30 07:15:00,21.0479604656273,3.98826586513247,455.878969896347,0.2966233358106,0.166299038429767,6.338,2
2025-11-30 07:30:00,21.0479604656273,3.98930140363914,455.878969896347,0.2968601224766,0.166761732797,6.84933333333333,2
2025-11-30 07:45:00,21.0479604656273,3.98930140363914,455.878969896347,0.2968601224766,0.166617419252933,7.72066666666667,2
2025-11-30 08:00:00,21.0479604656273,3.98930140363914,455.878969896347,0.2968601224766,0.166617419252933,8.17466666666667,2
2025-11-30 08:15:00,21.0479604656273,3.98930140363914,455.878969896347,0.2968601224766,0.166830250376333,8.40466666666667,2
2025-11-30 08:30:00,21.0479604656273,3.99229908113914,455.878969896347,0.2968601224766,0.166761732797,6.95533333333333,2
2025-11-30 08:45:00,21.0479604656273,3.99229908113914,455.878969896347,0.2968601224766,0.166761732797,6.96066666666667,2
