date,NO2,NO,CO2,O3,CO,PM2_5,AQHI
2025-11-01 00:00:00,21.246603629404,4.1736300633475,451.338993901114,0.323288167374333,0.192518975308133,2.37333333333333,2
2025-11-01 00:15:00,21.246603629404,4.1736300633475,451.338993901114,0.323288167374333,0.192518975308133,1.99866666666667,2
2025-11-01 00:30:00,21.246603629404,4.1736300633475,451.338993901114,0.323288167374333,0.192440445554467,2.23666666666667,2
2025-11-01 00:45:00,21.246603629404,4.1736300633475,451.338993901114,0.323288167374333,0.192440445554467,1.59333333333333,2
2025-11-01 01:00:00,21.246603629404,4.1736300633475,451.338993901114,0.323288167374333,0.192518975308133,2.54933333333333,2
2025-11-01 01:15:00,21.246603629404,4.1736300633475,451.338993901114,0.323288167374333,0.192440445554467,2.396,2
2025-11-01 01:30:00,21.246603629404,4.1736300633475,451.338993901114,0.323288167374333,0.192518975308133,2.14533333333333,2
2025-11-01 01:45:00,21.246603629404,4.1736300633475,451.338993901114,0.323288167374333,0.192440445554467,3.73533333333333,2
2025-11-01 02:00:00,21.246603629404,4.1736300633475,451.338993901114,0.323288167374333,0.192440445554467,4.18133333333333,2
2025-11-01 02:15:00,21.246603629404,4.1736300633475,451.338993901114,0.323288167374333,0.192440445554467,4.11133333333333,2
2025-11-01 02:30:00,21.246603629404,4.1736300633475,451.338993901114,0.323288167374333,0.192440445554467,6.398,2
2025-11-01 02:45:00,21.246603629404,4.1736300633475,451.338993901114,0.323288167374333,0.192440445554467,5.00466666666667,2
2025-11-01 03:00:00,21.246603629404,4.1736300633475,451.338993901114,0.323288167374333,0.192440445554467,4.55733333333333,2
2025-11-01 03:15:00,21.246603629404,4.1736300633475,451.338993901114,0.323288167374333,0.192440445554467,6.514,2
2025-11-01 03:30:00,21.246603629404,4.1736300633475,451.338993901114,0.323288167374333,0.192440445554467,6.27666666666667,2
2025-11-01 03:45:00,21.246603629404,4.1736300633475,451.338993901114,0.323288167374333,0.192442350290467,5.87066666666667,2
2025-11-01 04:00:00,21.246603629404,4.1736300633475,451.338993901114,0.323288167374333,0.192440445554467,4.24933333333333,2
2025-11-01 04:15:00,21.246603629404,4.1736300633475,451.338993901114,0.323288167374333,0.192442350290467,7.20066666666667,2
2025-11-01 04:30:00,21.246603629404,4.1736300633475,451.338993901114,0.323288167374333,0.192440445554467,7.716,2
2025-11-01 04:45:00,21.246603629404,4.1736300633475,451.338993901114,0.323288167374333,0.192440445554467,7.38666666666667,2
2025-11-01 05:00:00,21.246603629404,4.1736300633475,451.338993901114,0.323288167374333,0.192440445554467,7.10933333333333,2
2025-11-01 05:15:00,21.246603629404,4.1736300633475,451.338993901114,0.323288167374333,0.192442350290467,7.94466666666667,2
2025-11-01 05:30:00,21.246603629404,4.1736300633475,451.338993901114,0.323288167374333,0.192430904377867,5.53266666666667,2
2025-11-01 05:45:00,21.246603629404,4.1736300633475,451.338993901114,0.323288167374333,0.192430904377867,9.192,2
2025-11-01 06:00:00,21.246603629404,4.1736300633475,451.338993901114,0.323288167374333,0.192442350290467,7.83066666666667,2
2025-11-01 06:15:00,21.246603629404,4.1736300633475,451.338993901114,0.323288167374333,0.192430904377867,8.464,2
2025-11-01 06:30:00,21.246603629404,4.1736300633475,451.338993901114,0.323288167374333,0.192361582858,8.068,2
2025-11-01 06:45:00,21.246603629404,4.1736300633475,451.338993901114,0.323288167374333,0.192657956159867,7.29733333333333,2
2025-11-01 07:00:00,21.246603629404,4.1736300633475,451.338993901114,0.323288167374333,0.192657956159867,9.334,2
2025-11-01 07:15:00,21.246603629404,4.1736300633475,451.338993901114,0.323288167374333,0.192442350290467,5.45133333333333,2
2025-11-01 07:30:00,21.246603629404,4.1736300633475,451.338993901114,0.323288167374333,0.192440445554467,4.04,2
2025-11-01 07:45:00,21.246603629404,4.1736300633475,451.338993901114,0.323288167374333,0.192442350290467,4.79733333333333,2
2025-11-01 08:00:00,21.246603629404,4.1736300633475,451.338993901114,0.323288167374333,0.192442350290467,4.81,2
2025-11-01 08:15:00,21.246603629404,4.1736300633475,451.338993901114,0.323288167374333,0.192442350290467,5.40266666666667,2
2025-11-01 08:30:00,21.246603629404,4.1736300633475,451.338993901114,0.323288167374333,0.192440445554467,6.37066666666667,2
2025-11-01 08:45:00,21.246603629404,4.1736300633475,451.338993901114,0.323288167374333,0.192440445554467,4.894,2
2025-11-01 09:00:00,21.246603629404,4.1736300633475,451.338993901114,0.323288167374333,0.192440445554467,3.832,2
2025-11-01 09:15:00,21.246603629404,4.1736300633475,451.338993901114,0.323288167374333,0.192440445554467,4.308,2
2025-11-01 09:30:00,21.246603629404,4.1736300633475,451.338993901114,0.323288167374333,0.192440445554467,4.89133333333333,2
2025-11-01 09:45:00,21.246603629404,4.1736300633475,451.338993901114,0.323288167374333,0.192518975308133,2.718,2
2025-11-01 10:00:00,21.246603629404,4.1736300633475,451.338993901114,0.323288167374333,0.192518975308133,2.44266666666667,2
2025-11-01 10:15:00,21.246603629404,4.1736300633475,451.338993901114,0.323288167374333,0.192440445554467,2.549,2
2025-11-01 10:30:00,21.246603629404,4.1736300633475,451.338993901114,0.323288167374333,0.192518975308133,1.958,2
2025-11-01 10:45:00,21.246603629404,4.1736300633475,451.338993901114,0.323288167374333,0.192518975308133,2.722,2
2025-11-01 11:00:00,21.246603629404,4.1736300633475,451.338993901114,0.323288167374333,0.192518975308133,1.374,2
2025-11-01 11:15:00,21.246603629404,4.1736300633475,451.338993901114,0.323288167374333,0.192518975308133,1.60333333333333,2
2025-11-01 11:30:00,21.246603629404,4.1736300633475,451.338993901114,0.323288167374333,0.192518975308133,1.48,2
2025-11-01 11:45:00,21.246603629404,4.1736300633475,451.338993901114,0.323288167374333,0.192518975308133,1.26,2
2025-11-01 12:00:00,21.246603629404,4.1736300633475,451.338993901114,0.323288167374333,0.192518975308133,1.27333333333333,2
2025-11-01 12:15:00,21.246603629404,4.1736300633475,451.338993901114,0.323288167374333,0.192518975308133,1.508,2
2025-11-01 12:30:00,21.246603629404,4.1736300633475,451.338993901114,0.323288167374333,0.192518975308133,1.41866666666667,2
2025-11-01 12:45:00,21.246603629404,4.1736300633475,451.338993901114,0.323288167374333,0.192518975308133,1.566,2
2025-11-01 13:00:00,21.246603629404,4.1736300633475,451.338993901114,0.323288167374333,0.192518975308133,1.716,2
2025-11-01 13:15:00,21.246603629404,4.1736300633475,451.338993901114,0.323288167374333,0.192518975308133,1.25866666666667,2
2025-11-01 13:30:00,21.246603629404,4.1736300633475,451.338993901114,0.323288167374333,0.192518975308133,1.504,2
2025-11-01 13:45:00,21.246603629404,4.1736300633475,451.338993901114,0.323288167374333,0.192505318046133,1.43333333333333,2
2025-11-01 14:00:00,21.246603629404,4.1736300633475,451.338993901114,0.323288167374333,0.192518975308133,1.38533333333333,2
2025-11-01 14:15:00,21.246603629404,4.1736300633475,451.338993901114,0.323288167374333,0.192518975308133,1.27266666666667,2
2025-11-01 14:30:00,21.246603629404,4.1736300633475,451.338993901114,0.323288167374333,0.192518975308133,1.35666666666667,2
2025-11-01 14:45:00,21.246603629404,4.1736300633475,451.338993901114,0.323288167374333,0.192505318046133,1.18733333333333,2
2025-11-01 15:00:00,21.246603629404,4.1736300633475,451.338993901114,0.323288167374333,0.192518975308133,1.25466666666667,2
2025-11-01 15:15:00,21.246603629404,4.1736300633475,451.338993901114,0.323288167374333,0.192505318046133,1.32933333333333,2
2025-11-01 15:30:00,21.246603629404,4.1736300633475,451.338993901114,0.323288167374333,0.192518975308133,1.48933333333333,2
2025-11-01 15:45:00,21.246603629404,4.1736300633475,451.338993901114,0.323288167374333,0.192518975308133,1.64533333333333,2
2025-11-01 16:00:00,21.246603629404,4.1736300633475,451.338993901114,0.323288167374333,0.192440445554467,1.714,2
2025-11-01 16:15:00,21.0971649967827,4.1445217100173,452.76311538742,0.321244350703266,0.194023689268967,1.88,2
2025-11-01 16:30:00,21.0479604656273,3.98875531551914,455.892678316317,0.315045063579567,0.165900074553633,2.75733333333333,2
2025-11-01 16:45:00,21.0479604656273,3.98875531551914,455.892678316317,0.314816703579567,0.1659612060484,3.134,2
2025-11-01 17:00:00,21.0479604656273,3.98696090307914,455.892678316317,0.315362426245567,0.165693867488633,4.366,2
2025-11-01 17:15:00,21.2117887442737,4.14796566294443,451.338993901114,0.323146357817067,0.193341792056933,3.95466666666667,2
2025-11-01 17:30:00,21.1698748612773,4.07760878872914,455.897143154007,0.317428364027533,0.2112469089186,2.958,2
2025-11-01 17:45:00,21.239962163378,4.1722435528011,451.338993901114,0.323283910706833,0.192917627501433,2.10733333333333,2
2025-11-01 18:00:00,21.0479604656273,3.98575763801914,455.892678316317,0.314816703579567,0.166108491815967,2.03,2
2025-11-01 18:15:00,21.246603629404,4.1736300633475,451.338993901114,0.323288167374333,0.192440445554467,1.94,2
2025-11-01 18:30:00,21.246603629404,4.1736300633475,451.338993901114,0.323288167374333,0.192440445554467,2.028,2
2025-11-01 18:45:00,21.246603629404,4.1736300633475,451.338993901114,0.323288167374333,0.192518975308133,2.282,2
2025-11-01 19:00:00,21.246603629404,4.1736300633475,451.338993901114,0.323288167374333,0.192518975308133,2.38466666666667,2
2025-11-01 19:15:00,21.246603629404,4.1736300633475,451.338993901114,0.323288167374333,0.192518975308133,2.41,2
2025-11-01 19:30:00,21.246603629404,4.1736300633475,451.338993901114,0.323288167374333,0.192505318046133,2.26866666666667,2
2025-11-01 19:45:00,21.246603629404,4.1736300633475,451.338993901114,0.323288167374333,0.192518975308133,2.628,2
2025-11-01 20:00:00,21.246603629404,4.1736300633475,451.338993901114,0.323288167374333,0.192518975308133,4.766,2
2025-11-01 20:15:00,21.246603629404,4.1736300633475,451.338993901114,0.323288167374333,0.192440445554467,4.054,2
2025-11-01 20:30:00,21.246603629404,4.1736300633475,451.338993901114,0.323288167374333,0.192518975308133,3.12666666666667,2
2025-11-01 20:45:00,21.246603629404,4.1736300633475,451.338993901114,0.323288167374333,0.192440445554467,3.27666666666667,2
2025-11-01 21:00:00,21.246603629404,4.1736300633475,451.338993901114,0.323288167374333,0.192440445554467,3.678,2
2025-11-01 21:15:00,21.246603629404,4.1736300633475,451.338993901114,0.323288167374333,0.192440445554467,3.91933333333333,2
2025-11-01 21:30:00,21.246603629404,4.1736300633475,451.338993901114,0.323288167374333,0.192440445554467,3.86533333333333,2
2025-11-01 21:45:00,21.246603629404,4.1736300633475,451.338993901114,0.323288167374333,0.192440445554467,4.56466666666667,2
2025-11-01 22:00:00,21.246603629404,4.1736300633475,451.338993901114,0.323288167374333,0.192440445554467,5.05666666666667,2
2025-11-01 22:15:00,21.246603629404,4.1736300633475,451.338993901114,0.323288167374333,0.192440445554467,3.142,2
2025-11-01 22:30:00,21.246603629404,4.1736300633475,451.338993901114,0.323288167374333,0.192440445554467,3.19533333333333,2
2025-11-01 22:45:00,21.246603629404,4.1736300633475,451.338993901114,0.323288167374333,0.192440445554467,3.29266666666667,2
2025-11-01 23:00:00,21.246603629404,4.1736300633475,451.338993901114,0.323288167374333,0.192440445554467,3.24266666666667,2
2025-11-01 23:15:00,21.246603629404,4.1736300633475,451.338993901114,0.323288167374333,0.192440445554467,3.53533333333333,2
2025-11-01 23:30:00,21.246603629404,4.1736300633475,451.338993901114,0.323288167374333,0.192440445554467,3.85466666666667,2
2025-11-01 23:45:00,21.246603629404,4.1736300633475,451.338993901114,0.323288167374333,0.192440445554467,3.85066666666667,2
2025-11-02 00:00:00,21.246603629404,4.1736300633475,451.338993901114,0.323288167374333,0.192440445554467,3.76266666666667,2
2025-11-02 00:15:00,21.246603629404,4.1736300633475,451.338993901114,0.323288167374333,0.192440445554467,3.57133333333333,2
2025-11-02 00:30:00,21.246603629404,4.1736300633475,451.338993901114,0.323288167374333,0.192440445554467,4.10466666666667,2
2025-11-02 00:45:00,21.246603629404,4.1736300633475,451.338993901114,0.323288167374333,0.192440445554467,3.66533333333333,2
2025-11-02 01:00:00,21.246603629404,4.1736300633475,451.338993901114,0.323288167374333,0.192440445554467,4.50333333333333,2
2025-11-02 01:15:00,21.246603629404,4.1736300633475,451.338993901114,0.323288167374333,0.192440445554467,4.27466666666667,2
2025-11-02 01:30:00,21.246603629404,4.1736300633475,451.338993901114,0.323288167374333,0.192440445554467,4.102,2
2025-11-02 01:45:00,21.246603629404,4.1736300633475,451.338993901114,0.323288167374333,0.192440445554467,3.10933333333333,2
2025-11-02 02:00:00,21.246603629404,4.1736300633475,451.338993901114,0.323288167374333,0.192440445554467,5.00866666666667,2
2025-11-02 02:15:00,21.246603629404,4.1736300633475,451.338993901114,0.323288167374333,0.192440445554467,6.74466666666667,2
2025-11-02 02:30:00,21.246603629404,4.1736300633475,451.338993901114,0.323288167374333,0.192440445554467,7.05333333333333,2
2025-11-02 02:45:00,21.246603629404,4.1736300633475,451.338993901114,0.323288167374333,0.192440445554467,8.372,2
2025-11-02 03:00:00,21.246603629404,4.1736300633475,451.338993901114,0.323288167374333,0.192440445554467,6.902,2
2025-11-02 03:15:00,21.246603629404,4.1736300633475,451.338993901114,0.323288167374333,0.192440445554467,6.27133333333333,2
2025-11-02 03:30:00,21.246603629404,4.1736300633475,451.338993901114,0.323288167374333,0.192440445554467,4.85866666666667,2
2025-11-02 03:45:00,21.246603629404,4.1736300633475,451.338993901114,0.323288167374333,0.192440445554467,4.40066666666667,2
2025-11-02 04:00:00,21.246603629404,4.1736300633475,451.338993901114,0.323288167374333,0.192440445554467,4.254,2
2025-11-02 04:15:00,21.246603629404,4.1736300633475,451.338993901114,0.323288167374333,0.192440445554467,2.84866666666667,2
2025-11-02 04:30:00,21.246603629404,4.1736300633475,451.338993901114,0.323288167374333,0.192518975308133,3.13733333333333,2
2025-11-02 04:45:00,21.246603629404,4.1736300633475,451.338993901114,0.323288167374333,0.192518975308133,2.61333333333333,2
2025-11-02 05:00:00,21.246603629404,4.1736300633475,451.338993901114,0.323288167374333,0.192518975308133,2.82533333333333,2
2025-11-02 05:15:00,21.246603629404,4.1736300633475,451.338993901114,0.323288167374333,0.192518975308133,3.45533333333333,2
2025-11-02 05:30:00,21.246603629404,4.1736300633475,451.338993901114,0.323288167374333,0.192518975308133,3.05533333333333,2
2025-11-02 05:45:00,21.246603629404,4.1736300633475,451.338993901114,0.323288167374333,0.192518975308133,2.398,2
2025-11-02 06:00:00,21.246603629404,4.1736300633475,451.338993901114,0.323288167374333,0.192518975308133,2.78466666666667,2
2025-11-02 06:15:00,21.246603629404,4.1736300633475,451.338993901114,0.323288167374333,0.192518975308133,2.402,2
2025-11-02 06:30:00,21.246603629404,4.1736300633475,451.338993901114,0.323225354040333,0.192505318046133,1.778,2
2025-11-02 06:45:00,21.246603629404,4.1736300633475,451.338993901114,0.323288167374333,0.192505318046133,1.80866666666667,2
2025-11-02 07:00:00,21.246603629404,4.1736300633475,451.338993901114,0.323225354040333,0.192505318046133,2.044,2
2025-11-02 07:15:00,21.246603629404,4.1736300633475,451.338993901114,0.323225354040333,0.192505318046133,1.742,2
2025-11-02 07:30:00,21.246603629404,4.1736300633475,451.338993901114,0.323225354040333,0.192505318046133,1.786,2
2025-11-02 07:45:00,21.246603629404,4.1736300633475,451.338993901114,0.323225354040333,0.192505318046133,1.70933333333333,2
2025-11-02 08:00:00,21.246603629404,4.1727786153975,451.338993901114,0.323225354040333,0.192505318046133,1.39866666666667,2
2025-11-02 08:15:00,21.246603629404,4.1727786153975,451.338993901114,0.323225354040333,0.192505318046133,1.35533333333333,2
2025-11-02 08:30:00,21.246603629404,4.1727786153975,451.338993901114,0.323225354040333,0.192505318046133,1.50333333333333,2
2025-11-02 08:45:00,21.246603629404,4.1727786153975,451.338993901114,0.323225354040333,0.192505318046133,1.478,2
2025-11-02 09:00:00,21.246603629404,4.1727786153975,451.338993901114,0.323225354040333,0.192505318046133,1.27733333333333,2
2025-11-02 09:15:00,21.246603629404,4.1727786153975,451.338993901114,0.323225354040333,0.192505318046133,1.20733333333333,2
2025-11-02 09:30:00,21.246603629404,4.1727786153975,451.338993901114,0.323225354040333,0.192505318046133,1.08666666666667,2
2025-11-02 09:45:00,21.246603629404,4.1736300633475,451.338993901114,0.323225354040333,0.192505318046133,1.224,2
2025-11-02 10:00:00,21.246603629404,4.1736300633475,451.338993901114,0.323225354040333,0.192505318046133,1.154,2
2025-11-02 10:15:00,21.246603629404,4.1736300633475,451.338993901114,0.323225354040333,0.192505318046133,1.28066666666667,2
2025-11-02 10:30:00,21.246603629404,4.1736300633475,451.338993901114,0.323225354040333,0.192505318046133,1.28333333333333,2
2025-11-02 10:45:00,21.246603629404,4.1736300633475,451.338993901114,0.323225354040333,0.192505318046133,1.102,2
2025-11-02 11:00:00,21.246603629404,4.1727786153975,451.338993901114,0.323225354040333,0.192505318046133,1.06866666666667,2
2025-11-02 11:15:00,21.246603629404,4.1736300633475,451.338993901114,0.323225354040333,0.192505318046133,1.07466666666667,2
2025-11-02 11:30:00,21.246603629404,4.1736300633475,451.338993901114,0.323225354040333,0.192505318046133,1.20933333333333,2
2025-11-02 11:45:00,21.246603629404,4.1736300633475,451.338993901114,0.323225354040333,0.192505318046133,1.21333333333333,2
2025-11-02 12:00:00,21.246603629404,4.1727786153975,451.338993901114,0.323225354040333,0.192505318046133,1.15666666666667,2
2025-11-02 12:15:00,21.246603629404,4.1727786153975,451.338993901114,0.323225354040333,0.192505318046133,1.06733333333333,2
2025-11-02 12:30:00,21.246603629404,4.1727786153975,451.338993901114,0.323225354040333,0.192505318046133,1.19533333333333,2
2025-11-02 12:45:00,21.246603629404,4.1736300633475,451.338993901114,0.323225354040333,0.192505318046133,1.07866666666667,2
2025-11-02 13:00:00,21.246603629404,4.1736300633475,451.338993901114,0.323225354040333,0.192505318046133,0.964666666666667,2
2025-11-02 13:15:00,21.246603629404,4.1736300633475,451.338993901114,0.323288167374333,0.192518975308133,0.956666666666667,2
2025-11-02 13:30:00,21.246603629404,4.1736300633475,451.338993901114,0.323288167374333,0.192518975308133,0.953333333333333,2
2025-11-02 13:45:00,21.246603629404,4.1736300633475,451.338993901114,0.323288167374333,0.192518975308133,0.946666666666667,2
2025-11-02 14:00:00,21.246603629404,4.1736300633475,451.338993901114,0.323288167374333,0.192518975308133,0.974,2
2025-11-02 14:15:00,21.246603629404,4.1736300633475,451.338993901114,0.323288167374333,0.192440445554467,1.17933333333333,2
2025-11-02 14:30:00,21.246603629404,4.1736300633475,451.338993901114,0.323288167374333,0.192518975308133,1.258,2
2025-11-02 14:45:00,21.246603629404,4.1736300633475,451.338993901114,0.323288167374333,0.192518975308133,0.725333333333333,2
2025-11-02 15:00:00,21.246603629404,4.1736300633475,451.338993901114,0.323288167374333,0.192518975308133,1.00866666666667,2
2025-11-02 15:15:00,21.2012896683617,4.1981913505403,453.058483062334,0.319782994700133,0.196222858861867,0.810666666666667,2
2025-11-02 15:30:00,21.0479604656273,3.9839139005658,455.878969896347,0.3153379969091,0.166073692481667,1.152,2
2025-11-02 15:45:00,21.1740244471287,4.15773689283664,453.002579233774,0.319137786032833,0.194840051399,1.04666666666667,2
2025-11-02 16:00:00,21.246603629404,4.1736300633475,451.338993901114,0.323288167374333,0.192104962032433,1.01,2
2025-11-02 16:15:00,21.0831797886623,4.14203497298064,452.75313245402,0.322277593592466,0.193650901362667,1.26533333333333,2
2025-11-02 16:30:00,21.0479604656273,3.98716824019914,455.862932716317,0.315824966021867,0.1795602021838,1.98533333333333,2
2025-11-02 16:45:00,21.246603629404,4.1736300633475,451.338993901114,0.323288167374333,0.192440445554467,0.965333333333333,2
2025-11-02 17:00:00,21.246603629404,4.1736300633475,451.338993901114,0.323288167374333,0.192440445554467,1.13933333333333,2
2025-11-02 17:15:00,21.246603629404,4.1736300633475,451.338993901114,0.323288167374333,0.192440445554467,1.278,2
2025-11-02 17:30:00,21.1698748612773,3.98569646568247,455.945231065207,0.316737032027333,0.211248595715267,1.22066666666667,2
2025-11-02 17:45:00,21.1698748612773,3.98800018756247,455.945231065207,0.3166725611367,0.204189101540867,1.30933333333333,2
2025-11-02 18:00:00,21.246603629404,4.1790535206275,451.338993901114,0.323377900707333,0.1927083653157,1.312,2
2025-11-02 18:15:00,21.246603629404,4.1736300633475,451.338993901114,0.323288167374333,0.192440445554467,1.08533333333333,2
2025-11-02 18:30:00,21.246603629404,4.1736300633475,451.338993901114,0.323288167374333,0.192518975308133,1.13,2
2025-11-02 18:45:00,21.246603629404,4.1736300633475,451.338993901114,0.323288167374333,0.192440445554467,1.31866666666667,2
2025-11-02 19:00:00,21.246603629404,4.1736300633475,451.338993901114,0.323288167374333,0.192093641055033,1.49133333333333,2
2025-11-02 19:15:00,21.0479604656273,3.98360266188247,455.959117983067,0.316515763355933,0.202887320815833,1.566,2
2025-11-02 19:30:00,21.0479604656273,3.98182242679914,455.878969896347,0.3151109082434,0.1661872696198,2.34533333333333,2
2025-11-02 19:45:00,21.0479604656273,3.98182242679914,455.884486629597,0.314751597132733,0.166064127643767,3.54533333333333,2
2025-11-02 20:00:00,21.0479604656273,3.98263241807914,455.878969896347,0.314064064903867,0.166150636303633,3.96666666666667,2
2025-11-02 20:15:00,21.0479604656273,3.98389359342914,455.878969896347,0.303228400238467,0.166456179415633,4.442,2
2025-11-02 20:30:00,21.0479604656273,3.98263241807914,455.878969896347,0.314064064903867,0.165932995920633,4.07666666666667,2
2025-11-02 20:45:00,21.0479604656273,3.9863813520958,455.878969896347,0.2965325958106,0.166321081338767,5.558,2
2025-11-02 21:00:00,21.0479604656273,3.98457754782914,455.878969896347,0.302541501128867,0.166401472321633,4.50466666666667,2
2025-11-02 21:15:00,21.0479604656273,3.98875531551914,455.892678316317,0.315108883578567,0.1659244706131,3.096,2
2025-11-02 21:30:00,21.0479604656273,3.9899823827658,455.862932716317,0.315827986021867,0.179594139419867,2.95,2
2025-11-02 21:45:00,21.1698748612773,4.09123399918914,455.954628976327,0.318191154026133,0.216116718438067,2.56466666666667,2
2025-11-02 22:00:00,21.1337424723173,4.1475342818073,452.852040395987,0.320722678483433,0.194421223574,3.454,2
2025-11-02 22:15:00,21.4442027488433,4.14375352010864,456.53782696091,0.319818852418466,0.196791758356367,3.17,2
2025-11-02 22:30:00,21.0479604656273,3.98182242679914,455.878969896347,0.3151109082434,0.1661325625258,4.248,2
2025-11-02 22:45:00,21.0479604656273,3.98263241807914,455.878969896347,0.313999456903867,0.166150636303633,4.81933333333333,2
2025-11-02 23:00:00,21.0479604656273,3.98826586513247,455.878969896347,0.2967793624766,0.166123893948167,6.45933333333333,2
2025-11-02 23:15:00,21.0479604656273,3.98629114395914,455.885914582917,0.314652482689367,0.166215762377567,4.99266666666667,2
2025-11-02 23:30:00,21.048130272257,4.12530002606297,452.615488167777,0.324347260262667,0.1931283902181,4.46933333333333,2
2025-11-02 23:45:00,21.246603629404,4.1736300633475,451.338993901114,0.323288167374333,0.192442350290467,3.56533333333333,2
2025-11-03 00:00:00,21.0609057485093,4.1238473398963,452.775193187387,0.324998557591867,0.1932301381806,3.484,2
2025-11-03 00:15:00,21.1638731511003,4.03735783641447,455.913341516327,0.319757995136866,0.1969013411552,4.58666666666667,2
2025-11-03 00:30:00,21.2012896683617,4.1842689824033,452.828307257951,0.319613240032833,0.195648690856933,4.53533333333333,2
2025-11-03 00:45:00,21.2399939348487,4.10410644470114,456.28090809421,0.319613407584766,0.197724426639867,5.59533333333333,2
2025-11-03 01:00:00,21.0479604656273,3.98716824019914,455.843411249651,0.315005968245867,0.169143158891667,6.08466666666667,2
2025-11-03 01:15:00,21.0479604656273,3.98182242679914,455.895877162997,0.315239209576067,0.1660783762925,5.938,2
2025-11-03 01:30:00,21.0479604656273,3.98375379142914,455.878969896347,0.298957631570234,0.1666040000521,10.6113333333333,2
2025-11-03 01:45:00,21.0479604656273,3.98482650292914,455.878969896347,0.303384426904467,0.1666450298999,5.37733333333333,2
2025-11-03 02:00:00,21.0479604656273,3.98551045732914,455.878969896347,0.300754802682034,0.1666450298999,4.53666666666667,2
2025-11-03 02:15:00,21.0479604656273,3.98537173072914,455.878969896347,0.2981890635709,0.1667176216654,4.502,2
2025-11-03 02:30:00,21.0479604656273,3.98507260821914,455.892678316317,0.315136482245567,0.1663925155448,3.79066666666667,2
2025-11-03 02:45:00,21.0479604656273,3.98572231112914,455.878969896347,0.301012146906333,0.1666739518309,4.32,2
2025-11-03 03:00:00,21.0479604656273,3.98113739699914,455.878969896347,0.3150118735754,0.1666519581522,4.74866666666667,2
2025-11-03 03:15:00,21.097442832558,4.1475342818073,452.852040395987,0.3210324095941,0.1946669152911,5.35266666666667,2
2025-11-03 03:30:00,21.0479604656273,3.98209391152914,455.878969896347,0.315127153576,0.166498983144833,6.096,2
2025-11-03 03:45:00,21.0479604656273,3.98182242679914,455.878969896347,0.3152023269094,0.166507547527,7.51533333333333,2
2025-11-03 04:00:00,21.0479604656273,3.98575763801914,455.892678316317,0.315453844911567,0.166072781412667,7.312,2
2025-11-03 04:15:00,21.1401880095573,3.99034604719914,455.951337860851,0.317664406913433,0.2053882729417,6.39666666666667,2
2025-11-03 04:30:00,21.0479604656273,3.98669054751914,455.892678316317,0.314908122245567,0.166709779903067,6.29733333333333,2
2025-11-03 04:45:00,21.1698748612773,4.02325196087247,455.936899942927,0.320610277581033,0.204275430384167,6.98466666666667,2
2025-11-03 05:00:00,21.246603629404,4.1736300633475,451.338993901114,0.323288167374333,0.192672382982867,4.92866666666667,2
2025-11-03 05:15:00,21.246603629404,4.1736300633475,451.338993901114,0.323288167374333,0.192452557281933,4.58866666666667,2
2025-11-03 05:30:00,21.053046923356,4.11527057592177,452.405098438927,0.324025886927667,0.193195238922333,4.60333333333333,2
2025-11-03 05:45:00,21.1095316448437,4.13038861784443,451.338993901114,0.323380387820867,0.193355626380733,4.67,2
2025-11-03 06:00:00,21.1698748612773,3.98569646568247,455.945231065207,0.316428953359534,0.203820351511867,4.39866666666667,2
2025-11-03 06:15:00,21.246603629404,4.1736300633475,451.338993901114,0.323288167374333,0.192442350290467,3.43333333333333,2
2025-11-03 06:30:00,21.1643184544003,4.0350374637578,455.913341516327,0.319515933803667,0.196624861722033,4.624,2
2025-11-03 06:45:00,21.0479604656273,3.98629114395914,455.885914582917,0.314652482689367,0.168089879555567,3.87733333333333,2
2025-11-03 07:00:00,21.246603629404,4.1736300633475,451.338993901114,0.323288167374333,0.192378135659033,3.944,2
2025-11-03 07:15:00,21.246603629404,4.1736300633475,451.338993901114,0.323288167374333,0.192440445554467,3.24733333333333,2
2025-11-03 07:30:00,21.246603629404,4.1736300633475,451.338993901114,0.323288167374333,0.192442350290467,4.42333333333333,2
2025-11-03 07:45:00,21.246603629404,4.1736300633475,451.338993901114,0.323288167374333,0.192442350290467,3.352,2
2025-11-03 08:00:00,21.246603629404,4.1736300633475,451.338993901114,0.323288167374333,0.192440445554467,2.63533333333333,2
2025-11-03 08:15:00,21.246603629404,4.1736300633475,451.338993901114,0.323288167374333,0.192440445554467,2.59266666666667,2
2025-11-03 08:30:00,21.246603629404,4.1736300633475,451.338993901114,0.323288167374333,0.192440445554467,2.512,2
2025-11-03 08:45:00,21.246603629404,4.1736300633475,451.338993901114,0.323288167374333,0.192440445554467,2.45066666666667,2
2025-11-03 09:00:00,21.246603629404,4.1736300633475,451.338993901114,0.323288167374333,0.192440445554467,2.536,2
2025-11-03 09:15:00,21.246603629404,4.1736300633475,451.338993901114,0.323288167374333,0.192440445554467,2.828,2
2025-11-03 09:30:00,21.246603629404,4.1736300633475,451.338993901114,0.323288167374333,0.192440445554467,2.50133333333333,2
2025-11-03 09:45:00,21.246603629404,4.1736300633475,451.338993901114,0.323288167374333,0.192440445554467,2.39533333333333,2
2025-11-03 10:00:00,21.246603629404,4.1736300633475,451.338993901114,0.323288167374333,0.192440445554467,2.282,2
2025-11-03 10:15:00,21.246603629404,4.1799772892275,451.338993901114,0.323377900707333,0.1927064605797,2.61666666666667,2
2025-11-03 10:30:00,21.246603629404,4.1736300633475,451.338993901114,0.323288167374333,0.192440445554467,1.92,2
2025-11-03 10:45:00,21.2436492198807,4.1751917619011,451.338993901114,0.323178474040333,0.192874542552267,1.94666666666667,2
2025-11-03 11:00:00,21.2453075129247,4.16483870686777,451.338993901114,0.323282674040333,0.192836966436733,2.08133333333333,2
2025-11-03 11:15:00,21.131152565124,4.1475342818073,452.852040395987,0.320492408481766,0.194421223574,2.01266666666667,2
2025-11-03 11:30:00,21.246603629404,4.1777662668275,451.338993901114,0.323282674040333,0.1927064605797,1.964,2
2025-11-03 11:45:00,21.246603629404,4.1736300633475,451.338993901114,0.323288167374333,0.192440445554467,1.682,2
2025-11-03 12:00:00,21.246603629404,4.1736300633475,451.338993901114,0.323288167374333,0.192518975308133,1.878,2
2025-11-03 12:15:00,21.246603629404,4.1736300633475,451.338993901114,0.323288167374333,0.192440445554467,1.69133333333333,2
2025-11-03 12:30:00,21.246603629404,4.1736300633475,451.338993901114,0.323288167374333,0.192440445554467,1.97,2
2025-11-03 12:45:00,21.246603629404,4.1736300633475,451.338993901114,0.323288167374333,0.192518975308133,1.652,2
2025-11-03 13:00:00,21.19093481307,4.14125747056443,451.338993901114,0.323539050486567,0.193320935688033,1.96066666666667,2
2025-11-03 13:15:00,21.1686062941153,4.07475938809447,456.04041789421,0.319730421139733,0.196343809766267,2.412,2
2025-11-03 13:30:00,21.2436492198807,4.1751917619011,451.338993901114,0.323178474040333,0.192871332382267,2.45466666666667,2
2025-11-03 13:45:00,21.246603629404,4.1736300633475,451.338993901114,0.323288167374333,0.192440445554467,1.88866666666667,2
2025-11-03 14:00:00,21.246603629404,4.1736300633475,451.338993901114,0.323288167374333,0.192440445554467,1.604,2
2025-11-03 14:15:00,21.1698748612773,4.1077430919058,455.954628976327,0.318348436248633,0.216280886964667,1.70933333333333,2
2025-11-03 14:30:00,21.0479604656273,3.98389359342914,455.878969896347,0.303541006016167,0.166080410334833,2.13733333333333,2
2025-11-03 14:45:00,21.0479604656273,3.98116100202914,455.878969896347,0.31497112691,0.166086440566367,2.31466666666667,2
2025-11-03 15:00:00,21.0479604656273,3.9863813520958,455.878969896347,0.2966886224766,0.166130038120167,2.37133333333333,2
2025-11-03 15:15:00,21.0479604656273,3.98263241807914,455.878969896347,0.314064064903867,0.166150636303633,2.532,2
2025-11-03 15:30:00,21.0479604656273,3.98575763801914,455.892678316317,0.315045063579567,0.165903057829633,2.588,2
2025-11-03 15:45:00,21.0479604656273,3.98443882122914,455.878969896347,0.2984860062365,0.166232435265367,2.25333333333333,2
2025-11-03 16:00:00,21.0479604656273,3.98826586513247,455.878969896347,0.2966233358106,0.166129468487767,2.61333333333333,2
2025-11-03 16:15:00,21.0479604656273,3.98930140363914,455.878969896347,0.2970161491426,0.166600398800733,2.34933333333333,2
2025-11-03 16:30:00,21.0479604656273,3.98930140363914,455.878969896347,0.2970161491426,0.166952236711167,3.492,2
2025-11-03 16:45:00,21.0479604656273,3.98861637383914,455.878969896347,0.2970161491426,0.166967313655033,3.09133333333333,2
2025-11-03 17:00:00,21.0479604656273,3.99023431313914,455.878969896347,0.2970161491426,0.167020905100833,2.838,2
2025-11-03 17:15:00,21.0479604656273,3.98263241807914,455.878969896347,0.314227242903167,0.166278452274533,2.58866666666667,2
2025-11-03 17:30:00,21.0479604656273,3.98716824019914,455.810690822947,0.3152316511319,0.167781077493967,2.96533333333333,2
2025-11-03 17:45:00,21.0479604656273,3.98629114395914,455.795678502907,0.3149281537987,0.164788366234167,3.15,2
2025-11-03 18:00:00,21.1401880095573,3.99034604719914,455.951337860851,0.317667153580433,0.205157417699133,2.806,2
2025-11-03 18:15:00,21.0479604656273,3.98773325535914,455.862932716317,0.316005438021767,0.189911230300633,2.48333333333333,2
2025-11-03 18:30:00,21.1740244471287,4.15422893803664,453.002579233774,0.319137786032833,0.1949119546682,2.318,2
2025-11-03 18:45:00,21.4595824310593,4.23964328422497,456.695339027661,0.320067173310233,0.1969346458317,2.97466666666667,2
2025-11-03 19:00:00,21.1698748612773,3.99554969271914,455.936899942927,0.317101076239167,0.194991671814767,2.70933333333333,2
2025-11-03 19:15:00,21.0688992161223,4.12361898989597,452.74943609847,0.326354678702433,0.196167185867667,2.57333333333333,2
2025-11-03 19:30:00,21.212634446023,4.20289059224083,451.503088167774,0.325067090038367,0.1961749866209,2.324,2
2025-11-03 19:45:00,21.2029199749227,4.1707133096975,451.34056923448,0.324036333375433,0.195296556408533,2.324,2
2025-11-03 20:00:00,21.179893484056,4.1717301003975,451.332292567947,0.323698002263267,0.195096450727767,2.20333333333333,2
2025-11-03 20:15:00,21.17960940651,4.1690864983475,451.332292567947,0.324391071595167,0.1952831855665,2.112,2
2025-11-03 20:30:00,20.63839309601,4.116755901751,457.642345935684,0.3244275393726,0.198249265888533,2.194,2
2025-11-03 20:45:00,19.911928135799,3.816020042928,458.283116885374,0.3242472631483,0.198412562747066,2.34466666666667,2
2025-11-03 21:00:00,18.5605887155053,3.65882995964317,462.938660636391,0.3236708140358,0.1917931725517,2.20066666666667,2
2025-11-03 21:15:00,18.1888018986203,3.80243611684617,462.358080377477,0.3189137865056,0.2232546544342,2.42933333333333,2
2025-11-03 21:30:00,18.9047924155853,7.41696709851334,471.342452914204,0.291471685765333,0.365440165083367,3.39333333333333,2
2025-11-03 21:45:00,18.211801820213,8.05429888923067,516.408600922204,0.293332962428033,0.382845569906033,4.424,2
2025-11-03 22:00:00,18.4696172049803,8.1875110714715,515.644177971234,0.296525708878566,0.466851700442633,3.11333333333333,2
2025-11-03 22:15:00,19.262715153938,8.61197605776817,515.597122228844,0.296652512882366,-0.388339802629763,2.73133333333333,2
2025-11-03 22:30:00,18.2260136131577,8.02148656728484,515.689749602277,0.297057269989933,0.4531011192143,2.62733333333333,2
2025-11-03 22:45:00,18.2269159508083,8.09557038772884,516.304664635474,0.293298765983567,0.389153767466666,3.138,2
2025-11-03 23:00:00,18.7558448785427,8.47409504880667,484.018908206701,0.298305836196366,0.385455364868366,3.83733333333333,2
2025-11-03 23:15:00,16.6732798868173,3.67953830986584,462.399232062087,0.321561644289533,0.180825591452867,3.23333333333333,2
2025-11-03 23:30:00,20.8297557197257,4.1959037768655,451.43368813915,0.324307740043267,0.197032329870233,3.53466666666667,2
2025-11-03 23:45:00,21.246603629404,4.1725783221475,451.337460012197,0.323198434041,0.1953203824556,3.34133333333333,2
2025-11-04 00:00:00,21.246603629404,4.1736300633475,451.338993901114,0.323288167374333,0.192430904377867,2.982,2
2025-11-04 00:15:00,21.246603629404,4.1736300633475,451.338993901114,0.323288167374333,0.192442350290467,1.872,2
2025-11-04 00:30:00,21.246603629404,4.1736300633475,451.338993901114,0.323288167374333,0.192442350290467,1.862,2
2025-11-04 00:45:00,21.246603629404,4.1736300633475,451.338993901114,0.323288167374333,0.192442350290467,1.77133333333333,2
2025-11-04 01:00:00,21.246603629404,4.1736300633475,451.338993901114,0.323288167374333,0.192440445554467,1.52066666666667,2
2025-11-04 01:15:00,21.246603629404,4.1736300633475,451.338993901114,0.323288167374333,0.192440445554467,2.06,2
2025-11-04 01:30:00,21.246603629404,4.1736300633475,451.338993901114,0.323288167374333,0.192440445554467,1.65066666666667,2
2025-11-04 01:45:00,21.246603629404,4.1736300633475,451.338993901114,0.323288167374333,0.192440445554467,1.54866666666667,2
2025-11-04 02:00:00,21.246603629404,4.1736300633475,451.338993901114,0.323288167374333,0.192440445554467,2.23933333333333,2
2025-11-04 02:15:00,21.246603629404,4.1736300633475,451.338993901114,0.323288167374333,0.192440445554467,2.55733333333333,2
2025-11-04 02:30:00,21.246603629404,4.1736300633475,451.338993901114,0.323288167374333,0.192442350290467,1.79466666666667,2
2025-11-04 02:45:00,21.246603629404,4.1736300633475,451.338993901114,0.323288167374333,0.192442350290467,2.32666666666667,2
2025-11-04 03:00:00,21.246603629404,4.1736300633475,451.338993901114,0.323288167374333,0.192442350290467,2.48666666666667,2
2025-11-04 03:15:00,21.246603629404,4.1736300633475,451.338993901114,0.323288167374333,0.192657956159867,4.794,2
2025-11-04 03:30:00,21.246603629404,4.1736300633475,451.338993901114,0.323288167374333,0.192442350290467,2.54133333333333,2
2025-11-04 03:45:00,21.246603629404,4.1736300633475,451.338993901114,0.323288167374333,0.192440445554467,2.58,2
2025-11-04 04:00:00,21.246603629404,4.1736300633475,451.338993901114,0.323288167374333,0.192430904377867,5.39933333333333,2
2025-11-04 04:15:00,21.246603629404,4.1736300633475,451.338993901114,0.323288167374333,0.192686137271567,7.97133333333333,2
2025-11-04 04:30:00,21.1337424723173,4.1475342818073,452.852040395987,0.320536848482433,0.1946360725671,10.6026666666667,2
2025-11-04 04:45:00,21.246603629404,4.1736300633475,451.338993901114,0.323288167374333,0.192430904377867,4.974,2
2025-11-04 05:00:00,21.246603629404,4.1736300633475,451.338993901114,0.323288167374333,0.192442350290467,5.90266666666667,2
2025-11-04 05:15:00,21.246603629404,4.1736300633475,451.338993901114,0.323288167374333,0.192442350290467,3.046,2
2025-11-04 05:30:00,21.246603629404,4.1736300633475,451.338993901114,0.323288167374333,0.192440445554467,3.00533333333333,2
2025-11-04 05:45:00,21.246603629404,4.1736300633475,451.338993901114,0.323288167374333,0.192442350290467,4.33866666666667,2
2025-11-04 06:00:00,21.246603629404,4.1736300633475,451.338993901114,0.323288167374333,0.192430904377867,4.14333333333333,2
2025-11-04 06:15:00,21.246603629404,4.1736300633475,451.338993901114,0.323288167374333,0.192430904377867,4.92066666666667,2
2025-11-04 06:30:00,21.246603629404,4.1736300633475,451.338993901114,0.323288167374333,0.192430904377867,4.43066666666667,2
2025-11-04 06:45:00,21.246603629404,4.1736300633475,451.338993901114,0.323288167374333,0.192440445554467,2.674,2
2025-11-04 07:00:00,21.246603629404,4.1736300633475,451.338993901114,0.323288167374333,0.192440445554467,1.72933333333333,2
2025-11-04 07:15:00,21.246603629404,4.1736300633475,451.338993901114,0.323288167374333,0.192518975308133,1.81666666666667,2
2025-11-04 07:30:00,21.246603629404,4.1736300633475,451.338993901114,0.323288167374333,0.192518975308133,1.88533333333333,2
2025-11-04 07:45:00,21.246603629404,4.1736300633475,451.338993901114,0.323288167374333,0.192518975308133,1.918,2
2025-11-04 08:00:00,21.246603629404,4.1736300633475,451.338993901114,0.323288167374333,0.192518975308133,1.82266666666667,2
2025-11-04 08:15:00,21.246603629404,4.1736300633475,451.338993901114,0.323288167374333,0.192518975308133,1.88,2
2025-11-04 08:30:00,21.246603629404,4.1736300633475,451.338993901114,0.323288167374333,0.192518975308133,1.888,2
2025-11-04 08:45:00,21.246603629404,4.1736300633475,451.338993901114,0.323288167374333,0.192518975308133,1.70133333333333,2
2025-11-04 09:00:00,21.246603629404,4.1736300633475,451.338993901114,0.323288167374333,0.192518975308133,1.73133333333333,2
2025-11-04 09:15:00,21.246603629404,4.1736300633475,451.338993901114,0.323288167374333,0.192518975308133,1.76866666666667,2
2025-11-04 09:30:00,21.246603629404,4.1736300633475,451.338993901114,0.323288167374333,0.192505318046133,1.95066666666667,2
2025-11-04 09:45:00,21.246603629404,4.1736300633475,451.338993901114,0.323288167374333,0.192505318046133,1.814,2
2025-11-04 10:00:00,21.246603629404,4.1736300633475,451.338993901114,0.323288167374333,0.192505318046133,1.73066666666667,2
2025-11-04 10:15:00,21.246603629404,4.1736300633475,451.338993901114,0.323288167374333,0.192505318046133,1.70533333333333,2
2025-11-04 10:30:00,21.246603629404,4.1736300633475,451.338993901114,0.323288167374333,0.192518975308133,1.65533333333333,2
2025-11-04 10:45:00,21.246603629404,4.1736300633475,451.338993901114,0.323288167374333,0.192518975308133,1.75333333333333,2
2025-11-04 11:00:00,21.246603629404,4.1736300633475,451.338993901114,0.323288167374333,0.192505318046133,1.736,2
2025-11-04 11:15:00,21.246603629404,4.1736300633475,451.338993901114,0.323288167374333,0.192518975308133,1.75466666666667,2
2025-11-04 11:30:00,21.246603629404,4.1736300633475,451.338993901114,0.323288167374333,0.192505318046133,1.72533333333333,2
2025-11-04 11:45:00,21.246603629404,4.1736300633475,451.338993901114,0.323225354040333,0.192505318046133,1.77333333333333,2
2025-11-04 12:00:00,21.246603629404,4.1736300633475,451.338993901114,0.323225354040333,0.192505318046133,1.688,2
2025-11-04 12:15:00,21.246603629404,4.1736300633475,451.338993901114,0.323225354040333,0.192505318046133,1.626,2
2025-11-04 12:30:00,21.246603629404,4.1736300633475,451.338993901114,0.323225354040333,0.192505318046133,1.55933333333333,2
2025-11-04 12:45:00,21.246603629404,4.1736300633475,451.338993901114,0.323288167374333,0.192505318046133,1.58266666666667,2
2025-11-04 13:00:00,21.246603629404,4.1736300633475,451.338993901114,0.323225354040333,0.192505318046133,1.47933333333333,2
2025-11-04 13:15:00,21.246603629404,4.1736300633475,451.338993901114,0.323225354040333,0.192505318046133,1.328,2
2025-11-04 13:30:00,21.246603629404,4.1736300633475,451.338993901114,0.323225354040333,0.192505318046133,1.24666666666667,2
2025-11-04 13:45:00,21.246603629404,4.1736300633475,451.338993901114,0.323225354040333,0.192505318046133,1.216,2
2025-11-04 14:00:00,21.246603629404,4.1736300633475,451.338993901114,0.323225354040333,0.192505318046133,1.02733333333333,2
2025-11-04 14:15:00,21.246603629404,4.1727786153975,451.338993901114,0.323225354040333,0.192505318046133,0.885333333333333,2
2025-11-04 14:30:00,21.246603629404,4.1736300633475,451.338993901114,0.323225354040333,0.192505318046133,0.868666666666667,2
2025-11-04 14:45:00,21.246603629404,4.1736300633475,451.338993901114,0.323225354040333,0.192505318046133,0.798666666666667,2
2025-11-04 15:00:00,21.246603629404,4.1736300633475,451.338993901114,0.323225354040333,0.192505318046133,0.932,2
2025-11-04 15:15:00,21.246603629404,4.1736300633475,451.338993901114,0.323288167374333,0.192518975308133,1.41533333333333,2
2025-11-04 15:30:00,21.246603629404,4.1736300633475,451.338993901114,0.323288167374333,0.192518975308133,0.966,2
2025-11-04 15:45:00,21.246603629404,4.1736300633475,451.338993901114,0.323288167374333,0.192518975308133,0.762,2
2025-11-04 16:00:00,21.246603629404,4.1736300633475,451.338993901114,0.323225354040333,0.192505318046133,0.668666666666667,2
2025-11-04 16:15:00,21.246603629404,4.1736300633475,451.338993901114,0.323288167374333,0.192518975308133,0.785333333333333,2
2025-11-04 16:30:00,21.246603629404,4.1736300633475,451.338993901114,0.323288167374333,0.192518975308133,1.08933333333333,2
2025-11-04 16:45:00,21.246603629404,4.1736300633475,451.338993901114,0.323225354040333,0.192505318046133,0.802,2
2025-11-04 17:00:00,21.246603629404,4.1736300633475,451.338993901114,0.323225354040333,0.192505318046133,0.897333333333333,2
2025-11-04 17:15:00,21.246603629404,4.1736300633475,451.338993901114,0.323288167374333,0.192505318046133,1.024,2
2025-11-04 17:30:00,21.246603629404,4.1736300633475,451.338993901114,0.323225354040333,0.192505318046133,1.10333333333333,2
2025-11-04 17:45:00,21.246603629404,4.1736300633475,451.338993901114,0.323288167374333,0.192518975308133,1.39,2
2025-11-04 18:00:00,21.246603629404,4.1736300633475,451.338993901114,0.323225354040333,0.192505318046133,1.41466666666667,2
2025-11-04 18:15:00,21.246603629404,4.1736300633475,451.338993901114,0.323288167374333,0.192505318046133,1.47933333333333,2
2025-11-04 18:30:00,21.246603629404,4.1736300633475,451.338993901114,0.323288167374333,0.192518975308133,1.54066666666667,2
2025-11-04 18:45:00,21.246603629404,4.1736300633475,451.338993901114,0.323288167374333,0.192518975308133,1.46066666666667,2
2025-11-04 19:00:00,21.246603629404,4.1736300633475,451.338993901114,0.323288167374333,0.192518975308133,1.75,2
2025-11-04 19:15:00,21.246603629404,4.1736300633475,451.338993901114,0.323288167374333,0.192440445554467,1.924,2
2025-11-04 19:30:00,21.246603629404,4.1736300633475,451.338993901114,0.323288167374333,0.192518975308133,1.37,2
2025-11-04 19:45:00,21.246603629404,4.1736300633475,451.338993901114,0.323288167374333,0.192440445554467,1.778,2
2025-11-04 20:00:00,21.246603629404,4.1736300633475,451.338993901114,0.323288167374333,0.192518975308133,1.48866666666667,2
2025-11-04 20:15:00,21.246603629404,4.1736300633475,451.338993901114,0.323288167374333,0.192518975308133,1.60733333333333,2
2025-11-04 20:30:00,21.246603629404,4.1736300633475,451.338993901114,0.323288167374333,0.192518975308133,1.73533333333333,2
2025-11-04 20:45:00,21.246603629404,4.1736300633475,451.338993901114,0.323288167374333,0.192440445554467,1.62533333333333,2
2025-11-04 21:00:00,21.246603629404,4.1736300633475,451.338993901114,0.323288167374333,0.192518975308133,1.73133333333333,2
2025-11-04 21:15:00,21.246603629404,4.1736300633475,451.338993901114,0.323288167374333,0.192518975308133,1.666,2
2025-11-04 21:30:00,21.246603629404,4.1736300633475,451.338993901114,0.323288167374333,0.192518975308133,1.85,2
2025-11-04 21:45:00,21.246603629404,4.1736300633475,451.338993901114,0.323288167374333,0.192440445554467,4.04666666666667,2
2025-11-04 22:00:00,21.246603629404,4.1736300633475,451.338993901114,0.323288167374333,0.192440445554467,5.674,2
2025-11-04 22:15:00,21.246603629404,4.1736300633475,451.338993901114,0.323288167374333,0.192440445554467,2.62733333333333,2
2025-11-04 22:30:00,21.246603629404,4.1736300633475,451.338993901114,0.323288167374333,0.192440445554467,3.02066666666667,2
2025-11-04 22:45:00,21.246603629404,4.1736300633475,451.338993901114,0.323288167374333,0.192440445554467,3.23533333333333,2
2025-11-04 23:00:00,21.246603629404,4.1736300633475,451.338993901114,0.323288167374333,0.192440445554467,3.42333333333333,2
2025-11-04 23:15:00,21.246603629404,4.1736300633475,451.338993901114,0.323288167374333,0.192442350290467,4.842,2
2025-11-04 23:30:00,21.246603629404,4.1736300633475,451.338993901114,0.323288167374333,0.192440445554467,3.54266666666667,2
2025-11-04 23:45:00,21.246603629404,4.1736300633475,451.338993901114,0.323288167374333,0.192440445554467,3.908,2
2025-11-05 00:00:00,21.246603629404,4.1736300633475,451.338993901114,0.323288167374333,0.192440445554467,3.84266666666667,2
2025-11-05 00:15:00,21.246603629404,4.1736300633475,451.338993901114,0.323288167374333,0.192440445554467,3.476,2
2025-11-05 00:30:00,21.246603629404,4.1736300633475,451.338993901114,0.323288167374333,0.192440445554467,3.66466666666667,2
2025-11-05 00:45:00,21.246603629404,4.1736300633475,451.338993901114,0.323288167374333,0.192440445554467,3.612,2
2025-11-05 01:00:00,21.246603629404,4.1736300633475,451.338993901114,0.323288167374333,0.192440445554467,3.47133333333333,2
2025-11-05 01:15:00,21.246603629404,4.1736300633475,451.338993901114,0.323288167374333,0.192442350290467,3.62866666666667,2
2025-11-05 01:30:00,21.246603629404,4.1736300633475,451.338993901114,0.323288167374333,0.192440445554467,3.84533333333333,2
2025-11-05 01:45:00,21.246603629404,4.1736300633475,451.338993901114,0.323288167374333,0.192440445554467,4.30933333333333,2
2025-11-05 02:00:00,21.246603629404,4.1736300633475,451.338993901114,0.323288167374333,0.192440445554467,6.892,2
2025-11-05 02:15:00,21.246603629404,4.1736300633475,451.338993901114,0.323288167374333,0.192442350290467,5.47933333333333,2
2025-11-05 02:30:00,21.246603629404,4.1736300633475,451.338993901114,0.323288167374333,0.192440445554467,4.01733333333333,2
2025-11-05 02:45:00,21.246603629404,4.1736300633475,451.338993901114,0.323288167374333,0.192440445554467,3.70066666666667,2
2025-11-05 03:00:00,21.246603629404,4.1736300633475,451.338993901114,0.323288167374333,0.192440445554467,2.97266666666667,2
2025-11-05 03:15:00,21.246603629404,4.1736300633475,451.338993901114,0.323288167374333,0.192440445554467,3.41666666666667,2
2025-11-05 03:30:00,21.246603629404,4.1736300633475,451.338993901114,0.323288167374333,0.192440445554467,3.628,2
2025-11-05 03:45:00,21.246603629404,4.1736300633475,451.338993901114,0.323288167374333,0.192440445554467,2.97066666666667,2
2025-11-05 04:00:00,21.246603629404,4.1736300633475,451.338993901114,0.323288167374333,0.192440445554467,2.942,2
2025-11-05 04:15:00,21.246603629404,4.1736300633475,451.338993901114,0.323288167374333,0.192440445554467,2.75933333333333,2
2025-11-05 04:30:00,21.246603629404,4.1736300633475,451.338993901114,0.323288167374333,0.192518975308133,3.12333333333333,2
2025-11-05 04:45:00,21.246603629404,4.1736300633475,451.338993901114,0.323288167374333,0.192518975308133,2.90933333333333,2
2025-11-05 05:00:00,21.246603629404,4.1736300633475,451.338993901114,0.323288167374333,0.192518975308133,2.844,2
2025-11-05 05:15:00,21.246603629404,4.1736300633475,451.338993901114,0.323288167374333,0.192518975308133,2.818,2
2025-11-05 05:30:00,21.246603629404,4.1736300633475,451.338993901114,0.323288167374333,0.192440445554467,3.378,2
2025-11-05 05:45:00,21.246603629404,4.1736300633475,451.338993901114,0.323288167374333,0.192440445554467,4.088,2
2025-11-05 06:00:00,21.246603629404,4.1736300633475,451.338993901114,0.323288167374333,0.192518975308133,4.53066666666667,2
2025-11-05 06:15:00,21.246603629404,4.1736300633475,451.338993901114,0.323288167374333,0.192518975308133,4.90266666666667,2
2025-11-05 06:30:00,21.246603629404,4.1736300633475,451.338993901114,0.323288167374333,0.192440445554467,5.63066666666667,2
2025-11-05 06:45:00,21.246603629404,4.1736300633475,451.338993901114,0.323288167374333,0.192440445554467,5.82733333333333,2
2025-11-05 07:00:00,21.246603629404,4.1736300633475,451.338993901114,0.323288167374333,0.192518975308133,5.82533333333333,2
2025-11-05 07:15:00,21.246603629404,4.1736300633475,451.338993901114,0.323288167374333,0.192518975308133,5.96333333333333,2
2025-11-05 07:30:00,21.246603629404,4.1736300633475,451.338993901114,0.323288167374333,0.192518975308133,5.28533333333333,2
2025-11-05 07:45:00,21.246603629404,4.1736300633475,451.338993901114,0.323288167374333,0.192518975308133,4.46866666666667,2
2025-11-05 08:00:00,21.246603629404,4.1736300633475,451.338993901114,0.323288167374333,0.192518975308133,3.84666666666667,2
2025-11-05 08:15:00,21.246603629404,4.1736300633475,451.338993901114,0.323288167374333,0.192518975308133,3.37333333333333,2
2025-11-05 08:30:00,21.246603629404,4.1736300633475,451.338993901114,0.323288167374333,0.192518975308133,3.36266666666667,2
2025-11-05 08:45:00,21.246603629404,4.1736300633475,451.338993901114,0.323288167374333,0.192518975308133,3.08333333333333,2
2025-11-05 09:00:00,21.246603629404,4.1736300633475,451.338993901114,0.323288167374333,0.192505318046133,2.70333333333333,2
2025-11-05 09:15:00,21.246603629404,4.1736300633475,451.338993901114,0.323288167374333,0.192518975308133,2.544,2
2025-11-05 09:30:00,21.246603629404,4.1736300633475,451.338993901114,0.323288167374333,0.192518975308133,2.58,2
2025-11-05 09:45:00,21.246603629404,4.1736300633475,451.338993901114,0.323288167374333,0.192518975308133,2.62266666666667,2
2025-11-05 10:00:00,21.246603629404,4.1736300633475,451.338993901114,0.323288167374333,0.192518975308133,2.706,2
2025-11-05 10:15:00,21.246603629404,4.1736300633475,451.338993901114,0.323288167374333,0.192505318046133,2.65,2
2025-11-05 10:30:00,21.246603629404,4.1736300633475,451.338993901114,0.323288167374333,0.192518975308133,2.77866666666667,2
2025-11-05 10:45:00,21.246603629404,4.1736300633475,451.338993901114,0.323288167374333,0.192518975308133,2.80933333333333,2
2025-11-05 11:00:00,21.246603629404,4.1736300633475,451.338993901114,0.323288167374333,0.192518975308133,3.062,2
2025-11-05 11:15:00,21.246603629404,4.1736300633475,451.338993901114,0.323288167374333,0.192518975308133,3.838,2
2025-11-05 11:30:00,21.246603629404,4.1736300633475,451.338993901114,0.323288167374333,0.192518975308133,4.07933333333333,2
2025-11-05 11:45:00,21.246603629404,4.1736300633475,451.338993901114,0.323288167374333,0.192518975308133,4.01466666666667,2
2025-11-05 12:00:00,21.246603629404,4.1736300633475,451.338993901114,0.323288167374333,0.192518975308133,4.34,2
2025-11-05 12:15:00,21.246603629404,4.1736300633475,451.338993901114,0.323288167374333,0.192518975308133,4.46066666666667,2
2025-11-05 12:30:00,21.246603629404,4.1736300633475,451.338993901114,0.323288167374333,0.192518975308133,3.80533333333333,2
2025-11-05 12:45:00,21.246603629404,4.1736300633475,451.338993901114,0.323288167374333,0.192518975308133,3.84,2
2025-11-05 13:00:00,21.246603629404,4.1736300633475,451.338993901114,0.323288167374333,0.192505318046133,3.47133333333333,2
2025-11-05 13:15:00,21.246603629404,4.1736300633475,451.338993901114,0.323225354040333,0.192505318046133,3.026,2
2025-11-05 13:30:00,21.246603629404,4.1736300633475,451.338993901114,0.323225354040333,0.192505318046133,2.82533333333333,2
2025-11-05 13:45:00,21.246603629404,4.1736300633475,451.338993901114,0.323225354040333,0.192505318046133,2.84733333333333,2
2025-11-05 14:00:00,21.246603629404,4.1736300633475,451.338993901114,0.323288167374333,0.192518975308133,2.88066666666667,2
2025-11-05 14:15:00,21.246603629404,4.1736300633475,451.338993901114,0.323288167374333,0.192505318046133,2.87466666666667,2
2025-11-05 14:30:00,21.246603629404,4.1736300633475,451.338993901114,0.323288167374333,0.192518975308133,2.97266666666667,2
2025-11-05 14:45:00,21.246603629404,4.1736300633475,451.338993901114,0.323288167374333,0.192518975308133,2.982,2
2025-11-05 15:00:00,21.246603629404,4.1736300633475,451.338993901114,0.323288167374333,0.192518975308133,3.41133333333333,2
2025-11-05 15:15:00,21.246603629404,4.1736300633475,451.338993901114,0.323288167374333,0.192518975308133,3.32933333333333,2
2025-11-05 15:30:00,21.246603629404,4.1736300633475,451.338993901114,0.323288167374333,0.192440445554467,3.528,2
2025-11-05 15:45:00,21.246603629404,4.1736300633475,451.338993901114,0.323288167374333,0.192440445554467,3.716,2
2025-11-05 16:00:00,21.246603629404,4.1736300633475,451.338993901114,0.323288167374333,0.192440445554467,3.73466666666667,2
2025-11-05 16:15:00,21.246603629404,4.1736300633475,451.338993901114,0.323288167374333,0.192442350290467,3.80333333333333,2
2025-11-05 16:30:00,21.246603629404,4.1736300633475,451.338993901114,0.323288167374333,0.192442350290467,4.92466666666667,2
2025-11-05 16:45:00,21.246603629404,4.1736300633475,451.338993901114,0.323288167374333,0.192440445554467,3.88,2
2025-11-05 17:00:00,21.246603629404,4.1736300633475,451.338993901114,0.323288167374333,0.192440445554467,4.04266666666667,2
2025-11-05 17:15:00,21.246603629404,4.1736300633475,451.338993901114,0.323288167374333,0.192442350290467,4.466,2
2025-11-05 17:30:00,21.246603629404,4.1736300633475,451.338993901114,0.323288167374333,0.192440445554467,5.51733333333333,2
2025-11-05 17:45:00,21.246603629404,4.1736300633475,451.338993901114,0.323288167374333,0.192440445554467,5.334,2
2025-11-05 18:00:00,21.246603629404,4.1736300633475,451.338993901114,0.323288167374333,0.192440445554467,5.16866666666667,2
2025-11-05 18:15:00,21.246603629404,4.1736300633475,451.338993901114,0.323288167374333,0.192440445554467,4.78,2
2025-11-05 18:30:00,21.246603629404,4.1736300633475,451.338993901114,0.323288167374333,0.192440445554467,5.14533333333333,2
2025-11-05 18:45:00,21.246603629404,4.1736300633475,451.338993901114,0.323288167374333,0.192440445554467,4.52333333333333,2
2025-11-05 19:00:00,21.246603629404,4.1736300633475,451.338993901114,0.323288167374333,0.192440445554467,4.452,2
2025-11-05 19:15:00,21.246603629404,4.1736300633475,451.338993901114,0.323288167374333,0.192518975308133,5.972,2
2025-11-05 19:30:00,21.246603629404,4.1736300633475,451.338993901114,0.323288167374333,0.192518975308133,6.12666666666667,2
2025-11-05 19:45:00,21.246603629404,4.1736300633475,451.338993901114,0.323288167374333,0.192518975308133,5.09133333333333,2
2025-11-05 20:00:00,21.246603629404,4.1736300633475,451.338993901114,0.323288167374333,0.192518975308133,4.594,2
2025-11-05 20:15:00,21.246603629404,4.1736300633475,451.338993901114,0.323288167374333,0.192440445554467,4.39066666666667,2
2025-11-05 20:30:00,21.246603629404,4.1736300633475,451.338993901114,0.323288167374333,0.192440445554467,3.47666666666667,2
2025-11-05 20:45:00,21.246603629404,4.1736300633475,451.338993901114,0.323288167374333,0.192440445554467,3.00333333333333,2
2025-11-05 21:00:00,21.246603629404,4.1736300633475,451.338993901114,0.323288167374333,0.192440445554467,2.88666666666667,2
2025-11-05 21:15:00,21.246603629404,4.1736300633475,451.338993901114,0.323288167374333,0.192518975308133,2.61333333333333,2
2025-11-05 21:30:00,21.246603629404,4.1736300633475,451.338993901114,0.323288167374333,0.192518975308133,2.89666666666667,2
2025-11-05 21:45:00,21.246603629404,4.1736300633475,451.338993901114,0.323288167374333,0.192518975308133,2.50133333333333,2
2025-11-05 22:00:00,21.246603629404,4.1736300633475,451.338993901114,0.323288167374333,0.192518975308133,2.87666666666667,2
2025-11-05 22:15:00,21.246603629404,4.1736300633475,451.338993901114,0.323288167374333,0.192518975308133,2.472,2
2025-11-05 22:30:00,21.246603629404,4.1736300633475,451.338993901114,0.323288167374333,0.192518975308133,3.05333333333333,2
2025-11-05 22:45:00,21.246603629404,4.1736300633475,451.338993901114,0.323225354040333,0.192505318046133,1.60066666666667,2
2025-11-05 23:00:00,21.246603629404,4.1736300633475,451.338993901114,0.323225354040333,0.192505318046133,1.40133333333333,2
2025-11-05 23:15:00,21.246603629404,4.1736300633475,451.338993901114,0.323288167374333,0.192518975308133,1.42866666666667,2
2025-11-05 23:30:00,21.246603629404,4.1736300633475,451.338993901114,0.323288167374333,0.192518975308133,1.18866666666667,2
2025-11-05 23:45:00,21.246603629404,4.1736300633475,451.338993901114,0.323288167374333,0.192518975308133,1.32333333333333,2
2025-11-06 00:00:00,21.246603629404,4.1736300633475,451.338993901114,0.323288167374333,0.192518975308133,1.174,2
2025-11-06 00:15:00,21.246603629404,4.1736300633475,451.338993901114,0.323288167374333,0.192518975308133,1.00733333333333,2
2025-11-06 00:30:00,21.246603629404,4.1736300633475,451.338993901114,0.323288167374333,0.192518975308133,0.973333333333333,2
2025-11-06 00:45:00,21.246603629404,4.1736300633475,451.338993901114,0.323288167374333,0.192518975308133,0.959333333333333,2
2025-11-06 01:00:00,21.246603629404,4.1736300633475,451.338993901114,0.323288167374333,0.192518975308133,1.106,2
2025-11-06 01:15:00,21.246603629404,4.1736300633475,451.338993901114,0.323225354040333,0.192505318046133,1.10266666666667,2
2025-11-06 01:30:00,21.246603629404,4.1736300633475,451.338993901114,0.323288167374333,0.192440445554467,1.87466666666667,2
2025-11-06 01:45:00,21.246603629404,4.1736300633475,451.338993901114,0.323288167374333,0.192518975308133,3.16,2
2025-11-06 02:00:00,21.246603629404,4.1736300633475,451.338993901114,0.323288167374333,0.192440445554467,5.82933333333333,2
2025-11-06 02:15:00,21.246603629404,4.1736300633475,451.338993901114,0.323288167374333,0.192440445554467,5.87,2
2025-11-06 02:30:00,21.246603629404,4.1736300633475,451.338993901114,0.323288167374333,0.192440445554467,5.39333333333333,2
2025-11-06 02:45:00,21.246603629404,4.1736300633475,451.338993901114,0.323288167374333,0.192440445554467,5.72133333333333,2
2025-11-06 03:00:00,21.246603629404,4.1736300633475,451.338993901114,0.323288167374333,0.192442350290467,5.29133333333333,2
2025-11-06 03:15:00,21.246603629404,4.1736300633475,451.338993901114,0.323288167374333,0.192430904377867,5.76266666666667,2
2025-11-06 03:30:00,21.246603629404,4.1736300633475,451.338993901114,0.323288167374333,0.192430904377867,6.30466666666667,2
2025-11-06 03:45:00,21.246603629404,4.1736300633475,451.338993901114,0.323288167374333,0.192430904377867,5.63733333333333,2
2025-11-06 04:00:00,21.246603629404,4.1736300633475,451.338993901114,0.323288167374333,0.192430904377867,6.93666666666667,2
2025-11-06 04:15:00,21.246603629404,4.1736300633475,451.338993901114,0.323288167374333,0.192430904377867,5.75133333333333,2
2025-11-06 04:30:00,21.246603629404,4.1736300633475,451.338993901114,0.323288167374333,0.192430904377867,5.606,2
2025-11-06 04:45:00,21.246603629404,4.1736300633475,451.338993901114,0.323288167374333,0.192442350290467,5.59133333333333,2
2025-11-06 05:00:00,21.246603629404,4.1736300633475,451.338993901114,0.323288167374333,0.192442350290467,5.78666666666667,2
2025-11-06 05:15:00,21.246603629404,4.1736300633475,451.338993901114,0.323288167374333,0.192442350290467,8.034,2
2025-11-06 05:30:00,21.246603629404,4.1736300633475,451.338993901114,0.323288167374333,0.192440445554467,6.54666666666667,2
2025-11-06 05:45:00,21.246603629404,4.1736300633475,451.338993901114,0.323288167374333,0.192440445554467,6.37733333333333,2
2025-11-06 06:00:00,21.246603629404,4.1736300633475,451.338993901114,0.323288167374333,0.192442350290467,8.44866666666667,2
2025-11-06 06:15:00,21.246603629404,4.1736300633475,451.338993901114,0.323288167374333,0.192442350290467,7.56733333333333,2
2025-11-06 06:30:00,21.246603629404,4.1736300633475,451.338993901114,0.323288167374333,0.192442350290467,5.66133333333333,2
2025-11-06 06:45:00,21.246603629404,4.1736300633475,451.338993901114,0.323288167374333,0.192440445554467,4.24133333333333,2
2025-11-06 07:00:00,21.246603629404,4.1736300633475,451.338993901114,0.323288167374333,0.192440445554467,6.37733333333333,2
2025-11-06 07:15:00,21.246603629404,4.1736300633475,451.338993901114,0.323288167374333,0.192440445554467,4.566,2
2025-11-06 07:30:00,21.246603629404,4.1736300633475,451.338993901114,0.323288167374333,0.192440445554467,4.88,2
2025-11-06 07:45:00,21.246603629404,4.1736300633475,451.338993901114,0.323288167374333,0.192440445554467,3.97866666666667,2
2025-11-06 08:00:00,21.246603629404,4.1736300633475,451.338993901114,0.323288167374333,0.192440445554467,4.592,2
2025-11-06 08:15:00,21.246603629404,4.1736300633475,451.338993901114,0.323288167374333,0.192518975308133,3.11533333333333,2
2025-11-06 08:30:00,21.246603629404,4.1736300633475,451.338993901114,0.323288167374333,0.192518975308133,2.65866666666667,2
2025-11-06 08:45:00,21.246603629404,4.1736300633475,451.338993901114,0.323288167374333,0.192518975308133,2.704,2
2025-11-06 09:00:00,21.246603629404,4.1736300633475,451.338993901114,0.323288167374333,0.192518975308133,2.884,2
2025-11-06 09:15:00,21.246603629404,4.1736300633475,451.338993901114,0.323288167374333,0.192518975308133,2.522,2
2025-11-06 09:30:00,21.246603629404,4.1736300633475,451.338993901114,0.323288167374333,0.192518975308133,2.44933333333333,2
2025-11-06 09:45:00,21.246603629404,4.1736300633475,451.338993901114,0.323288167374333,0.192518975308133,2.91266666666667,2
2025-11-06 10:00:00,21.246603629404,4.1736300633475,451.338993901114,0.323288167374333,0.192518975308133,2.7,2
2025-11-06 10:15:00,21.246603629404,4.1736300633475,451.338993901114,0.323288167374333,0.192518975308133,2.516,2
2025-11-06 10:30:00,21.246603629404,4.1736300633475,451.338993901114,0.323288167374333,0.192518975308133,2.528,2
2025-11-06 10:45:00,21.246603629404,4.1736300633475,451.338993901114,0.323288167374333,0.192518975308133,2.84533333333333,2
2025-11-06 11:00:00,21.246603629404,4.1736300633475,451.338993901114,0.323225354040333,0.192505318046133,2.94133333333333,2
2025-11-06 11:15:00,21.246603629404,4.1736300633475,451.338993901114,0.323225354040333,0.192505318046133,3.124,2
2025-11-06 11:30:00,21.246603629404,4.1736300633475,451.338993901114,0.323288167374333,0.192518975308133,3.19333333333333,2
2025-11-06 11:45:00,21.246603629404,4.1736300633475,451.338993901114,0.323288167374333,0.192518975308133,3.29533333333333,2
2025-11-06 12:00:00,21.246603629404,4.1736300633475,451.338993901114,0.323288167374333,0.192518975308133,3.21866666666667,2
2025-11-06 12:15:00,21.246603629404,4.1736300633475,451.338993901114,0.323288167374333,0.192505318046133,3.26533333333333,2
2025-11-06 12:30:00,21.246603629404,4.1736300633475,451.338993901114,0.323225354040333,0.192505318046133,3.51266666666667,2
2025-11-06 12:45:00,21.246603629404,4.1736300633475,451.338993901114,0.323288167374333,0.192505318046133,3.43133333333333,2
2025-11-06 13:00:00,21.246603629404,4.1736300633475,451.338993901114,0.323225354040333,0.192505318046133,3.60066666666667,2
2025-11-06 13:15:00,21.246603629404,4.1736300633475,451.338993901114,0.323225354040333,0.192505318046133,3.32866666666667,2
2025-11-06 13:30:00,21.246603629404,4.1736300633475,451.338993901114,0.323288167374333,0.192505318046133,3.75666666666667,2
2025-11-06 13:45:00,21.246603629404,4.1736300633475,451.338993901114,0.323288167374333,0.192505318046133,3.49466666666667,2
2025-11-06 14:00:00,21.246603629404,4.1736300633475,451.338993901114,0.323288167374333,0.192518975308133,3.94,2
2025-11-06 14:15:00,21.246603629404,4.1736300633475,451.338993901114,0.323288167374333,0.192518975308133,4.21866666666667,2
2025-11-06 14:30:00,21.246603629404,4.1736300633475,451.338993901114,0.323288167374333,0.192518975308133,4.18933333333333,2
2025-11-06 14:45:00,21.246603629404,4.1736300633475,451.338993901114,0.323288167374333,0.192518975308133,4.37466666666667,2
2025-11-06 15:00:00,21.246603629404,4.1736300633475,451.338993901114,0.323288167374333,0.192518975308133,4.86533333333333,2
2025-11-06 15:15:00,21.246603629404,4.1736300633475,451.338993901114,0.323288167374333,0.192518975308133,5.254,2
2025-11-06 15:30:00,21.246603629404,4.1736300633475,451.338993901114,0.323288167374333,0.192440445554467,5.28933333333333,2
2025-11-06 15:45:00,21.246603629404,4.1736300633475,451.338993901114,0.323288167374333,0.192440445554467,5.51933333333333,2
2025-11-06 16:00:00,21.246603629404,4.1736300633475,451.338993901114,0.323288167374333,0.192440445554467,5.57333333333333,2
2025-11-06 16:15:00,21.246603629404,4.1736300633475,451.338993901114,0.323288167374333,0.192440445554467,6.32133333333333,2
2025-11-06 16:30:00,21.054540023232,4.11527057592177,452.504388805627,0.324025886927667,0.193422290704333,6.18,2
2025-11-06 16:45:00,21.3719412374693,4.23421401978497,456.659174674737,0.3200486560325,0.196918995378033,5.99266666666667,2
2025-11-06 17:00:00,21.0479604656273,3.98575763801914,455.892678316317,0.314908122245567,0.165093162420967,6.39333333333333,2
2025-11-06 17:15:00,21.246603629404,4.1736300633475,451.338993901114,0.323288167374333,0.192442350290467,6.54733333333333,2
2025-11-06 17:30:00,21.246603629404,4.1736300633475,451.338993901114,0.323288167374333,0.192442350290467,6.92,2
2025-11-06 17:45:00,21.246603629404,4.1736300633475,451.338993901114,0.323288167374333,0.192442350290467,7.152,2
2025-11-06 18:00:00,21.246603629404,4.1736300633475,451.338993901114,0.323288167374333,0.192442350290467,7.84933333333333,2
2025-11-06 18:15:00,21.246603629404,4.1736300633475,451.338993901114,0.323288167374333,0.192430904377867,8.12333333333333,2
2025-11-06 18:30:00,21.246603629404,4.1736300633475,451.338993901114,0.323288167374333,0.192442350290467,8.23866666666667,2
2025-11-06 18:45:00,21.246603629404,4.1736300633475,451.338993901114,0.323288167374333,0.192442350290467,8.64333333333333,2
2025-11-06 19:00:00,21.246603629404,4.1736300633475,451.338993901114,0.323288167374333,0.192440445554467,8.196,2
2025-11-06 19:15:00,21.246603629404,4.1736300633475,451.338993901114,0.323288167374333,0.192440445554467,8.58,2
2025-11-06 19:30:00,21.246603629404,4.1736300633475,451.338993901114,0.323288167374333,0.1927557794861,9.31533333333333,2
2025-11-06 19:45:00,21.2436492198807,4.17306103603443,451.338993901114,0.323178474040333,0.192674217719467,9.38533333333333,2
2025-11-06 20:00:00,21.246603629404,4.1736300633475,451.338993901114,0.323288167374333,0.192440445554467,8.23,2
2025-11-06 20:15:00,21.246603629404,4.1736300633475,451.338993901114,0.323288167374333,0.192440445554467,7.61866666666667,2
2025-11-06 20:30:00,21.246603629404,4.1736300633475,451.338993901114,0.323288167374333,0.192440445554467,8.61,2
2025-11-06 20:45:00,21.246603629404,4.1736300633475,451.338993901114,0.323288167374333,0.192440445554467,8.18666666666667,2
2025-11-06 21:00:00,21.246603629404,4.1736300633475,451.338993901114,0.323288167374333,0.192442350290467,8.224,2
2025-11-06 21:15:00,21.246603629404,4.1736300633475,451.338993901114,0.323288167374333,0.192440445554467,7.65,2
2025-11-06 21:30:00,21.246603629404,4.1736300633475,451.338993901114,0.323288167374333,0.192440445554467,8.63,2
2025-11-06 21:45:00,21.246603629404,4.1736300633475,451.338993901114,0.323288167374333,0.192442350290467,9.98,2
2025-11-06 22:00:00,21.246603629404,4.1736300633475,451.338993901114,0.323288167374333,0.192440445554467,8.91666666666667,2
2025-11-06 22:15:00,21.246603629404,4.1736300633475,451.338993901114,0.323288167374333,0.192440445554467,6.14,2
2025-11-06 22:30:00,21.246603629404,4.1736300633475,451.338993901114,0.323288167374333,0.192440445554467,6.26333333333333,2
2025-11-06 22:45:00,21.246603629404,4.1736300633475,451.338993901114,0.323288167374333,0.192440445554467,6.00333333333333,2
2025-11-06 23:00:00,21.246603629404,4.1736300633475,451.338993901114,0.323288167374333,0.192440445554467,5.27533333333333,2
2025-11-06 23:15:00,21.246603629404,4.1736300633475,451.338993901114,0.323288167374333,0.192442350290467,5.112,2
2025-11-06 23:30:00,21.246603629404,4.1736300633475,451.338993901114,0.323288167374333,0.192440445554467,5.268,2
2025-11-06 23:45:00,21.246603629404,4.1736300633475,451.338993901114,0.323288167374333,0.192440445554467,4.86733333333333,2
2025-11-07 00:00:00,21.246603629404,4.1736300633475,451.338993901114,0.323288167374333,0.192440445554467,5.57,2
2025-11-07 00:15:00,21.246603629404,4.1736300633475,451.338993901114,0.323288167374333,0.192440445554467,4.892,2
2025-11-07 00:30:00,21.246603629404,4.1736300633475,451.338993901114,0.323288167374333,0.192440445554467,4.33733333333333,2
2025-11-07 00:45:00,21.246603629404,4.1736300633475,451.338993901114,0.323288167374333,0.192440445554467,4.31933333333333,2
2025-11-07 01:00:00,21.246603629404,4.1736300633475,451.338993901114,0.323288167374333,0.192442350290467,4.69733333333333,2
2025-11-07 01:15:00,21.246603629404,4.1736300633475,451.338993901114,0.323288167374333,0.192442350290467,5.07066666666667,2
2025-11-07 01:30:00,21.1966883113753,4.14678121738443,451.338993901114,0.323320440485067,0.193406618384933,4.71266666666667,2
2025-11-07 01:45:00,21.246603629404,4.1736300633475,451.338993901114,0.323288167374333,0.192442350290467,5.71933333333333,2
2025-11-07 02:00:00,21.246603629404,4.1736300633475,451.338993901114,0.323288167374333,0.192442350290467,5.464,2
2025-11-07 02:15:00,21.246603629404,4.1736300633475,451.338993901114,0.323288167374333,0.192442350290467,5.03733333333333,2
2025-11-07 02:30:00,21.246603629404,4.1736300633475,451.338993901114,0.323288167374333,0.192430904377867,9.02466666666667,2
2025-11-07 02:45:00,21.246603629404,4.1736300633475,451.338993901114,0.323288167374333,0.192162125496433,7.602,2
2025-11-07 03:00:00,21.246603629404,4.1736300633475,451.338993901114,0.323288167374333,0.192657956159867,6.61133333333333,2
2025-11-07 03:15:00,21.246603629404,4.1736300633475,451.338993901114,0.323288167374333,0.192430904377867,7.826,2
2025-11-07 03:30:00,21.246603629404,4.1736300633475,451.338993901114,0.323288167374333,0.192430904377867,7.44266666666667,2
2025-11-07 03:45:00,21.246603629404,4.1736300633475,451.338993901114,0.323288167374333,0.192442350290467,6.99066666666667,2
2025-11-07 04:00:00,21.246603629404,4.1736300633475,451.338993901114,0.323288167374333,0.192430904377867,8.18133333333333,2
2025-11-07 04:15:00,21.246603629404,4.1736300633475,451.338993901114,0.323288167374333,0.192440445554467,5.97666666666667,2
2025-11-07 04:30:00,21.246603629404,4.1736300633475,451.338993901114,0.323288167374333,0.192442350290467,4.80533333333333,2
2025-11-07 04:45:00,21.246603629404,4.1736300633475,451.338993901114,0.323288167374333,0.192442350290467,4.73266666666667,2
2025-11-07 05:00:00,21.246603629404,4.1736300633475,451.338993901114,0.323288167374333,0.192440445554467,4.04066666666667,2
2025-11-07 05:15:00,21.246603629404,4.1736300633475,451.338993901114,0.323288167374333,0.192440445554467,4.35733333333333,2
2025-11-07 05:30:00,21.246603629404,4.1736300633475,451.338993901114,0.323288167374333,0.192440445554467,4.61933333333333,2
2025-11-07 05:45:00,21.246603629404,4.1736300633475,451.338993901114,0.323288167374333,0.192440445554467,4.612,2
2025-11-07 06:00:00,21.246603629404,4.1736300633475,451.338993901114,0.323288167374333,0.192440445554467,5.23066666666667,2
2025-11-07 06:15:00,21.246603629404,4.1736300633475,451.338993901114,0.323288167374333,0.192440445554467,5.90066666666667,2
2025-11-07 06:30:00,21.246603629404,4.1736300633475,451.338993901114,0.323288167374333,0.192440445554467,4.34733333333333,2
2025-11-07 06:45:00,21.246603629404,4.1736300633475,451.338993901114,0.323288167374333,0.192518975308133,4.03,2
2025-11-07 07:00:00,21.246603629404,4.1736300633475,451.338993901114,0.323288167374333,0.192440445554467,3.892,2
2025-11-07 07:15:00,21.246603629404,4.1736300633475,451.338993901114,0.323288167374333,0.192518975308133,3.86133333333333,2
2025-11-07 07:30:00,21.246603629404,4.1736300633475,451.338993901114,0.323288167374333,0.192518975308133,3.6,2
2025-11-07 07:45:00,21.246603629404,4.1736300633475,451.338993901114,0.323288167374333,0.192518975308133,3.47066666666667,2
2025-11-07 08:00:00,21.246603629404,4.1736300633475,451.338993901114,0.323225354040333,0.192505318046133,3.65133333333333,2
2025-11-07 08:15:00,21.246603629404,4.1736300633475,451.338993901114,0.323225354040333,0.192505318046133,3.81466666666667,2
2025-11-07 08:30:00,21.246603629404,4.1736300633475,451.338993901114,0.323225354040333,0.192505318046133,3.476,2
2025-11-07 08:45:00,21.246603629404,4.1736300633475,451.338993901114,0.323225354040333,0.192505318046133,3.33333333333333,2
2025-11-07 09:00:00,21.246603629404,4.1727786153975,451.338993901114,0.323225354040333,0.192505318046133,3.34,2
2025-11-07 09:15:00,21.246603629404,4.1727786153975,451.338993901114,0.323225354040333,0.192505318046133,3.28933333333333,2
2025-11-07 09:30:00,21.246603629404,4.1727786153975,451.338993901114,0.323225354040333,0.192505318046133,3.02466666666667,2
2025-11-07 09:45:00,21.246603629404,4.1727786153975,451.338993901114,0.323225354040333,0.192505318046133,3.23466666666667,2
2025-11-07 10:00:00,21.246603629404,4.1727786153975,451.338993901114,0.323225354040333,0.192505318046133,3.13133333333333,2
2025-11-07 10:15:00,21.246603629404,4.1727786153975,451.338993901114,0.323225354040333,0.192505318046133,3.07933333333333,2
2025-11-07 10:30:00,21.246603629404,4.1727786153975,451.338993901114,0.323225354040333,0.192505318046133,3.10333333333333,2
2025-11-07 10:45:00,21.246603629404,4.1736300633475,451.338993901114,0.323225354040333,0.192505318046133,3.23133333333333,2
2025-11-07 11:00:00,21.246603629404,4.1736300633475,451.338993901114,0.323288167374333,0.192505318046133,3.388,2
2025-11-07 11:15:00,21.246603629404,4.1736300633475,451.338993901114,0.323225354040333,0.192505318046133,3.238,2
2025-11-07 11:30:00,21.246603629404,4.1736300633475,451.338993901114,0.323288167374333,0.192518975308133,3.174,2
2025-11-07 11:45:00,21.246603629404,4.1736300633475,451.338993901114,0.323288167374333,0.192518975308133,3.24666666666667,2
2025-11-07 12:00:00,21.246603629404,4.1736300633475,451.338993901114,0.323288167374333,0.192518975308133,3.02133333333333,2
2025-11-07 12:15:00,21.246603629404,4.1736300633475,451.338993901114,0.323288167374333,0.192518975308133,3.314,2
2025-11-07 12:30:00,21.246603629404,4.1736300633475,451.338993901114,0.323288167374333,0.192518975308133,3.22333333333333,2
2025-11-07 12:45:00,21.246603629404,4.1736300633475,451.338993901114,0.323225354040333,0.192505318046133,3.016,2
2025-11-07 13:00:00,21.246603629404,4.1736300633475,451.338993901114,0.323225354040333,0.192505318046133,3.12133333333333,2
2025-11-07 13:15:00,21.246603629404,4.1736300633475,451.338993901114,0.323225354040333,0.192505318046133,3.06533333333333,2
2025-11-07 13:30:00,21.246603629404,4.1736300633475,451.338993901114,0.323225354040333,0.192505318046133,3.04066666666667,2
2025-11-07 13:45:00,21.246603629404,4.1736300633475,451.338993901114,0.323225354040333,0.192505318046133,3.00933333333333,2
2025-11-07 14:00:00,21.246603629404,4.1736300633475,451.338993901114,0.323288167374333,0.192518975308133,3.02866666666667,2
2025-11-07 14:15:00,21.246603629404,4.1736300633475,451.338993901114,0.323288167374333,0.192518975308133,2.946,2
2025-11-07 14:30:00,21.246603629404,4.1736300633475,451.338993901114,0.323288167374333,0.192518975308133,3.15133333333333,2
2025-11-07 14:45:00,21.246603629404,4.1736300633475,451.338993901114,0.323288167374333,0.192518975308133,3.15733333333333,2
2025-11-07 15:00:00,21.246603629404,4.1736300633475,451.338993901114,0.323288167374333,0.192518975308133,3.07333333333333,2
2025-11-07 15:15:00,21.246603629404,4.1736300633475,451.338993901114,0.323288167374333,0.192440445554467,3.232,2
2025-11-07 15:30:00,21.246603629404,4.1736300633475,451.338993901114,0.323288167374333,0.192440445554467,3.46266666666667,2
2025-11-07 15:45:00,21.246603629404,4.1736300633475,451.338993901114,0.323288167374333,0.192440445554467,3.396,2
2025-11-07 16:00:00,21.246603629404,4.1736300633475,451.338993901114,0.323288167374333,0.192440445554467,3.75933333333333,2
2025-11-07 16:15:00,21.246603629404,4.1736300633475,451.338993901114,0.323288167374333,0.192518975308133,3.09866666666667,2
2025-11-07 16:30:00,21.246603629404,4.1736300633475,451.338993901114,0.323288167374333,0.192518975308133,2.89266666666667,2
2025-11-07 16:45:00,21.246603629404,4.1736300633475,451.338993901114,0.323288167374333,0.192518975308133,2.96866666666667,2
2025-11-07 17:00:00,21.246603629404,4.1736300633475,451.338993901114,0.323288167374333,0.192440445554467,3.09733333333333,2
2025-11-07 17:15:00,21.246603629404,4.1736300633475,451.338993901114,0.323288167374333,0.192440445554467,3.12733333333333,2
2025-11-07 17:30:00,21.246603629404,4.1736300633475,451.338993901114,0.323288167374333,0.192440445554467,3.21666666666667,2
2025-11-07 17:45:00,21.246603629404,4.1736300633475,451.338993901114,0.323288167374333,0.192440445554467,3.30666666666667,2
2025-11-07 18:00:00,21.246603629404,4.1736300633475,451.338993901114,0.323288167374333,0.192440445554467,3.68733333333333,2
2025-11-07 18:15:00,21.246603629404,4.1736300633475,451.338993901114,0.323288167374333,0.192440445554467,3.80266666666667,2
2025-11-07 18:30:00,21.246603629404,4.1736300633475,451.338993901114,0.323288167374333,0.192442350290467,4.054,2
2025-11-07 18:45:00,21.246603629404,4.1736300633475,451.338993901114,0.323288167374333,0.192442350290467,3.79933333333333,2
2025-11-07 19:00:00,21.246603629404,4.1736300633475,451.338993901114,0.323288167374333,0.192153770547033,4.106,2
2025-11-07 19:15:00,21.246603629404,4.1736300633475,451.338993901114,0.323288167374333,0.192440445554467,4.082,2
2025-11-07 19:30:00,21.246603629404,4.1736300633475,451.338993901114,0.323288167374333,0.192440445554467,3.96066666666667,2
2025-11-07 19:45:00,21.246603629404,4.1736300633475,451.338993901114,0.323288167374333,0.192093641055033,3.502,2
2025-11-07 20:00:00,21.1698748612773,3.99010872434247,455.936899942927,0.317854468022333,0.204325785230567,3.99933333333333,2
2025-11-07 20:15:00,21.0479604656273,3.9859262965858,455.862932716317,0.315993974022433,0.185396019800133,3.80466666666667,2
2025-11-07 20:30:00,21.11320417488,4.1475342818073,452.852040395987,0.320844381815766,0.194421223574,3.62066666666667,2
2025-11-07 20:45:00,21.246603629404,4.1736300633475,451.338993901114,0.323288167374333,0.192440445554467,3.416,2
2025-11-07 21:00:00,21.246603629404,4.1736300633475,451.338993901114,0.323288167374333,0.192440445554467,3.79866666666667,2
2025-11-07 21:15:00,21.246603629404,4.1736300633475,451.338993901114,0.323288167374333,0.192440445554467,3.79266666666667,2
2025-11-07 21:30:00,21.246603629404,4.1736300633475,451.338993901114,0.323288167374333,0.192440445554467,3.61533333333333,2
2025-11-07 21:45:00,21.246603629404,4.1736300633475,451.338993901114,0.323288167374333,0.192440445554467,3.32066666666667,2
2025-11-07 22:00:00,21.246603629404,4.1736300633475,451.338993901114,0.323288167374333,0.192440445554467,3.67,2
2025-11-07 22:15:00,21.246603629404,4.1736300633475,451.338993901114,0.323288167374333,0.192440445554467,4.524,2
2025-11-07 22:30:00,21.246603629404,4.1736300633475,451.338993901114,0.323288167374333,0.192442350290467,4.578,2
2025-11-07 22:45:00,21.246603629404,4.1736300633475,451.338993901114,0.323288167374333,0.192442350290467,4.54333333333333,2
2025-11-07 23:00:00,21.1401880095573,3.99034604719914,455.951587316401,0.318033652024367,0.196543014025467,7.73666666666667,2
2025-11-07 23:15:00,21.0479604656273,3.98575763801914,455.892678316317,0.315191604911567,0.166072781412667,6.496,2
2025-11-07 23:30:00,21.246603629404,4.1736300633475,451.338993901114,0.323288167374333,0.192430904377867,4.958,2
2025-11-07 23:45:00,21.246603629404,4.1736300633475,451.338993901114,0.323288167374333,0.192440445554467,2.09466666666667,2
2025-11-08 00:00:00,21.246603629404,4.1736300633475,451.338993901114,0.323288167374333,0.192442350290467,3.73466666666667,2
2025-11-08 00:15:00,21.246603629404,4.1736300633475,451.338993901114,0.323288167374333,0.192440445554467,3.05933333333333,2
2025-11-08 00:30:00,21.246603629404,4.1736300633475,451.338993901114,0.323288167374333,0.192442350290467,2.51666666666667,2
2025-11-08 00:45:00,21.246603629404,4.1736300633475,451.338993901114,0.323288167374333,0.192440445554467,1.80466666666667,2
2025-11-08 01:00:00,21.246603629404,4.1736300633475,451.338993901114,0.323288167374333,0.192440445554467,2.00133333333333,2
2025-11-08 01:15:00,21.246603629404,4.1736300633475,451.338993901114,0.323288167374333,0.192440445554467,4.93533333333333,2
2025-11-08 01:30:00,21.246603629404,4.1736300633475,451.338993901114,0.323288167374333,0.192442350290467,4.34466666666667,2
2025-11-08 01:45:00,21.246603629404,4.1736300633475,451.338993901114,0.323288167374333,0.192430904377867,5.17133333333333,2
2025-11-08 02:00:00,21.246603629404,4.1736300633475,451.338993901114,0.323288167374333,0.192430904377867,5.438,2
2025-11-08 02:15:00,21.246603629404,4.1736300633475,451.338993901114,0.323288167374333,0.192657956159867,4.886,2
2025-11-08 02:30:00,21.246603629404,4.1736300633475,451.338993901114,0.323288167374333,0.192430904377867,4.326,2
2025-11-08 02:45:00,21.246603629404,4.1736300633475,451.338993901114,0.323288167374333,0.192430904377867,8.998,2
2025-11-08 03:00:00,21.246603629404,4.1736300633475,451.338993901114,0.323288167374333,0.192657956159867,7.076,2
2025-11-08 03:15:00,21.246603629404,4.1736300633475,451.338993901114,0.323288167374333,0.192672382982867,11.2786666666667,2
2025-11-08 03:30:00,21.246603629404,4.1736300633475,451.338993901114,0.323288167374333,0.192655294547567,11.2206666666667,2
2025-11-08 03:45:00,21.246603629404,4.1736300633475,451.338993901114,0.323288167374333,0.192672382982867,9.316,2
2025-11-08 04:00:00,21.246603629404,4.1736300633475,451.338993901114,0.323288167374333,0.192686137271567,9.616,2
2025-11-08 04:15:00,21.1740244471287,4.15773689283664,453.002579233774,0.319137786032833,0.1950529956561,11.418,2
2025-11-08 04:30:00,21.1401880095573,3.9832951691758,455.951587316401,0.3174160666911,0.188700634311967,9.088,2
2025-11-08 04:45:00,21.246603629404,4.1736300633475,451.338993901114,0.323288167374333,0.192657956159867,12.4586666666667,2
2025-11-08 05:00:00,21.246603629404,4.1736300633475,451.338993901114,0.323288167374333,0.192672382982867,10.1553333333333,2
2025-11-08 05:15:00,21.246603629404,4.1736300633475,451.338993901114,0.323288167374333,0.192430904377867,9.676,2
2025-11-08 05:30:00,21.246603629404,4.1736300633475,451.338993901114,0.323288167374333,0.192686137271567,9.74,2
2025-11-08 05:45:00,21.246603629404,4.1736300633475,451.338993901114,0.323288167374333,0.192591079916133,10.4753333333333,2
2025-11-08 06:00:00,21.1698748612773,3.9946179482358,455.932229643007,0.316938034692734,0.2046246447445,11.0733333333333,2
2025-11-08 06:15:00,21.1698748612773,4.10264981827247,455.954628976327,0.318426053583567,0.2165111629814,14.6686666666667,2
2025-11-08 06:30:00,21.246603629404,4.1736300633475,451.338993901114,0.323288167374333,0.192430904377867,8.65066666666667,2
2025-11-08 06:45:00,21.246603629404,4.1736300633475,451.338993901114,0.323288167374333,0.192430904377867,6.396,2
2025-11-08 07:00:00,21.246603629404,4.1736300633475,451.338993901114,0.323288167374333,0.192430904377867,7.974,2
2025-11-08 07:15:00,21.246603629404,4.1736300633475,451.338993901114,0.323288167374333,0.192430904377867,10.9126666666667,2
2025-11-08 07:30:00,21.246603629404,4.1736300633475,451.338993901114,0.323288167374333,0.192442350290467,8.25,2
2025-11-08 07:45:00,21.246603629404,4.1736300633475,451.338993901114,0.323288167374333,0.192442350290467,9.522,2
2025-11-08 08:00:00,21.246603629404,4.1736300633475,451.338993901114,0.323288167374333,0.192442350290467,7.61266666666667,2
2025-11-08 08:15:00,21.246603629404,4.1736300633475,451.338993901114,0.323288167374333,0.192442350290467,7.56266666666667,2
2025-11-08 08:30:00,21.246603629404,4.1736300633475,451.338993901114,0.323288167374333,0.192442350290467,8.35666666666667,2
2025-11-08 08:45:00,21.246603629404,4.1736300633475,451.338993901114,0.323288167374333,0.192442350290467,5.76666666666667,2
2025-11-08 09:00:00,21.246603629404,4.1736300633475,451.338993901114,0.323288167374333,0.192430904377867,5.912,2
2025-11-08 09:15:00,21.246603629404,4.1736300633475,451.338993901114,0.323288167374333,0.192442350290467,4.21066666666667,2
2025-11-08 09:30:00,21.246603629404,4.1736300633475,451.338993901114,0.323288167374333,0.192442350290467,4.07666666666667,2
2025-11-08 09:45:00,21.246603629404,4.1736300633475,451.338993901114,0.323288167374333,0.192442350290467,5.52333333333333,2
2025-11-08 10:00:00,21.246603629404,4.1736300633475,451.338993901114,0.323288167374333,0.192442350290467,6.08,2
2025-11-08 10:15:00,21.246603629404,4.1736300633475,451.338993901114,0.323288167374333,0.192442350290467,5.728,2
2025-11-08 10:30:00,21.246603629404,4.1736300633475,451.338993901114,0.323288167374333,0.192442350290467,5.182,2
2025-11-08 10:45:00,21.246603629404,4.1736300633475,451.338993901114,0.323288167374333,0.192440445554467,5.36266666666667,2
2025-11-08 11:00:00,21.246603629404,4.1736300633475,451.338993901114,0.323288167374333,0.192440445554467,4.054,2
2025-11-08 11:15:00,21.246603629404,4.1736300633475,451.338993901114,0.323288167374333,0.192440445554467,3.4,2
2025-11-08 11:30:00,21.246603629404,4.1736300633475,451.338993901114,0.323288167374333,0.192440445554467,3.25466666666667,2
2025-11-08 11:45:00,21.246603629404,4.1736300633475,451.338993901114,0.323288167374333,0.192440445554467,3.04466666666667,2
2025-11-08 12:00:00,21.246603629404,4.1736300633475,451.338993901114,0.323288167374333,0.192440445554467,2.408,2
2025-11-08 12:15:00,21.246603629404,4.1736300633475,451.338993901114,0.323288167374333,0.192440445554467,2.33666666666667,2
2025-11-08 12:30:00,21.246603629404,4.1736300633475,451.338993901114,0.323288167374333,0.192440445554467,2.40133333333333,2
2025-11-08 12:45:00,21.246603629404,4.1736300633475,451.338993901114,0.323288167374333,0.192440445554467,2.16333333333333,2
2025-11-08 13:00:00,21.246603629404,4.1736300633475,451.338993901114,0.323288167374333,0.192440445554467,2.10866666666667,2
2025-11-08 13:15:00,21.246603629404,4.1736300633475,451.338993901114,0.323288167374333,0.192440445554467,2.23133333333333,2
2025-11-08 13:30:00,21.246603629404,4.1736300633475,451.338993901114,0.323288167374333,0.192440445554467,1.94466666666667,2
2025-11-08 13:45:00,21.175643311247,4.17638579854997,453.001954833774,0.318401334479966,0.1951543033724,2.06866666666667,2
2025-11-08 14:00:00,21.246603629404,4.1736300633475,451.338993901114,0.323288167374333,0.192440445554467,1.82066666666667,2
2025-11-08 14:15:00,21.246603629404,4.1736300633475,451.338993901114,0.323288167374333,0.192440445554467,1.89533333333333,2
2025-11-08 14:30:00,21.246603629404,4.1736300633475,451.338993901114,0.323288167374333,0.192440445554467,2.02066666666667,2
2025-11-08 14:45:00,21.246603629404,4.1736300633475,451.338993901114,0.323288167374333,0.192440445554467,2.01066666666667,2
2025-11-08 15:00:00,21.246603629404,4.1736300633475,451.338993901114,0.323288167374333,0.192329553937033,1.82266666666667,2
2025-11-08 15:15:00,21.246603629404,4.1736300633475,451.338993901114,0.323288167374333,0.192440445554467,1.96933333333333,2
2025-11-08 15:30:00,21.1698748612773,4.07760878872914,455.897143154007,0.317753902026233,0.2112450041826,2.30133333333333,2
2025-11-08 15:45:00,21.0479604656273,3.98182242679914,455.878969896347,0.3147971349094,0.166089082823967,2.42066666666667,2
2025-11-08 16:00:00,21.0479604656273,3.98389359342914,455.878969896347,0.3039984513496,0.166080410334833,2.944,2
2025-11-08 16:15:00,21.0479604656273,3.98182242679914,455.878969896347,0.3147971349094,0.166034375729967,2.01666666666667,2
2025-11-08 16:30:00,21.0479604656273,3.98263241807914,455.878969896347,0.313999456903867,0.166150636303633,2.50666666666667,2
2025-11-08 16:45:00,21.0479604656273,3.98263241807914,455.878969896347,0.3148528529079,0.166119256054033,2.22533333333333,2
2025-11-08 17:00:00,21.0479604656273,3.9860630336958,455.878969896347,0.297704932241034,0.166091229763167,2.68466666666667,2
2025-11-08 17:15:00,21.0479604656273,3.9863813520958,455.878969896347,0.2966886224766,0.166444262004933,2.93,2
2025-11-08 17:30:00,21.0479604656273,3.9863813520958,455.878969896347,0.2966886224766,0.166015346575433,2.87333333333333,2
2025-11-08 17:45:00,21.0479604656273,3.98758667833914,455.781498669827,0.2969294358096,0.16595364244,3.19666666666667,2
2025-11-08 18:00:00,16.510634510248,3.65178805684144,438.780257062393,0.3055006673365,0.185382986342733,3.71466666666667,2
2025-11-08 18:15:00,15.1411219547063,3.62918680698384,443.188849084144,0.3118833338014,0.173395026084567,3.784,2
2025-11-08 18:30:00,15.806232491342,3.6513897107581,439.862366288534,0.309149506899133,0.1749404618861,3.70333333333333,2
2025-11-08 18:45:00,21.0479604656273,3.98324109447914,455.878969896347,0.3049293264596,0.166376357148733,4.294,2
2025-11-08 19:00:00,21.0479604656273,3.98116100202914,455.878969896347,0.315127153576,0.166064444666967,3.934,2
2025-11-08 19:15:00,21.0479604656273,3.98182242679914,455.878969896347,0.3148885535754,0.1660711827387,4.58466666666667,2
2025-11-08 19:30:00,21.0479604656273,3.98396322557914,455.904196749767,0.315302809576967,0.1661637916242,3.562,2
2025-11-08 19:45:00,21.1698748612773,3.98800018756247,455.945231065207,0.316447815581534,0.203902008532867,2.938,2
2025-11-08 20:00:00,21.0479604656273,3.98182242679914,455.966084883167,0.315083182910067,0.165971996803267,3.47533333333333,2
2025-11-08 20:15:00,21.0479604656273,3.98758667833914,455.798158696347,0.2967793624766,0.166061821245767,6.90866666666667,2
2025-11-08 20:30:00,21.0479604656273,3.9890759765286,440.083691748647,0.294739244029667,0.169257696392833,6.62466666666667,2
2025-11-08 20:45:00,15.221334933884,3.85127879701777,441.942991982743,0.314767680016033,0.178834565708233,5.07666666666667,2
2025-11-08 21:00:00,15.214948833264,3.93690146502027,442.090644849493,0.314031588683667,0.179090816606667,5.03533333333333,2
2025-11-08 21:15:00,15.214948833264,3.85360379389444,441.891216982863,0.314899044463,0.1793863146032,6.17933333333333,2
2025-11-08 21:30:00,19.9658392914223,3.7380667103281,439.566087673133,0.302316242675067,0.170937528878033,5.98533333333333,2
2025-11-08 21:45:00,21.0479604656273,3.98537173072914,455.781498669827,0.2992105409021,0.166159305619633,5.75533333333333,2
2025-11-08 22:00:00,21.0479604656273,3.99128390353914,450.302813111274,0.295057964476734,0.167395985960767,6.096,2
2025-11-08 22:15:00,21.0479604656273,3.98551045732914,455.878969896347,0.302745385572533,0.1666450298999,5.084,2
2025-11-08 22:30:00,21.1698748612773,3.99277544749247,455.936899942927,0.317940032024667,0.204626252042567,4.14733333333333,2
2025-11-08 22:45:00,21.246603629404,4.1736300633475,451.338993901114,0.323288167374333,0.192686137271567,4.046,2
2025-11-08 23:00:00,21.246603629404,4.1736300633475,451.338993901114,0.323288167374333,0.192672382982867,3.986,2
2025-11-08 23:15:00,21.246603629404,4.1736300633475,451.338993901114,0.323288167374333,0.192442350290467,4.112,2
2025-11-08 23:30:00,21.246603629404,4.1736300633475,451.338993901114,0.323288167374333,0.192442350290467,3.04333333333333,2
2025-11-08 23:45:00,21.246603629404,4.1736300633475,451.338993901114,0.323288167374333,0.192442350290467,3.886,2
2025-11-09 00:00:00,21.246603629404,4.1736300633475,451.338993901114,0.323288167374333,0.192657956159867,4.35066666666667,2
2025-11-09 00:15:00,21.246603629404,4.1736300633475,451.338993901114,0.323288167374333,0.192442350290467,3.542,2
2025-11-09 00:30:00,21.246603629404,4.1736300633475,451.338993901114,0.323288167374333,0.192440445554467,3.47466666666667,2
2025-11-09 00:45:00,21.246603629404,4.1736300633475,451.338993901114,0.323288167374333,0.192430904377867,4.64933333333333,2
2025-11-09 01:00:00,21.246603629404,4.1736300633475,451.338993901114,0.323288167374333,0.192442350290467,4.42333333333333,2
2025-11-09 01:15:00,21.246603629404,4.1736300633475,451.338993901114,0.323288167374333,0.192442350290467,4.104,2
2025-11-09 01:30:00,21.246603629404,4.1736300633475,451.338993901114,0.323288167374333,0.192430904377867,5.182,2
2025-11-09 01:45:00,21.246603629404,4.1736300633475,451.338993901114,0.323288167374333,0.192442350290467,5.264,2
2025-11-09 02:00:00,21.246603629404,4.1736300633475,451.338993901114,0.323288167374333,0.192442350290467,5.06133333333333,2
2025-11-09 02:15:00,21.246603629404,4.1736300633475,451.338993901114,0.323288167374333,0.192430904377867,5.55333333333333,2
2025-11-09 02:30:00,21.246603629404,4.1736300633475,451.338993901114,0.323288167374333,0.192430904377867,5.772,2
2025-11-09 02:45:00,21.246603629404,4.1736300633475,451.338993901114,0.323288167374333,0.192442350290467,13.156,2
2025-11-09 03:00:00,21.246603629404,4.1736300633475,451.338993901114,0.323288167374333,0.192657956159867,7.494,2
2025-11-09 03:15:00,21.246603629404,4.1736300633475,451.338993901114,0.323288167374333,0.192430904377867,10.0946666666667,2
2025-11-09 03:30:00,21.246603629404,4.1736300633475,451.338993901114,0.323288167374333,0.192442350290467,9.57133333333333,2
2025-11-09 03:45:00,21.246603629404,4.1736300633475,451.338993901114,0.323288167374333,0.192442350290467,9.43466666666667,2
2025-11-09 04:00:00,21.246603629404,4.1736300633475,451.338993901114,0.323288167374333,0.192440445554467,6.48733333333333,2
2025-11-09 04:15:00,21.246603629404,4.1736300633475,451.338993901114,0.323288167374333,0.192440445554467,6.57333333333333,2
2025-11-09 04:30:00,21.246603629404,4.1736300633475,451.338993901114,0.323288167374333,0.192440445554467,6.54066666666667,2
2025-11-09 04:45:00,21.246603629404,4.1736300633475,451.338993901114,0.323288167374333,0.192440445554467,6.77,2
2025-11-09 05:00:00,21.246603629404,4.1736300633475,451.338993901114,0.323288167374333,0.192440445554467,6.136,2
2025-11-09 05:15:00,21.246603629404,4.1736300633475,451.338993901114,0.323288167374333,0.192440445554467,5.308,2
2025-11-09 05:30:00,21.246603629404,4.1736300633475,451.338993901114,0.323288167374333,0.192440445554467,5.06666666666667,2
2025-11-09 05:45:00,21.246603629404,4.1736300633475,451.338993901114,0.323288167374333,0.192440445554467,5.39666666666667,2
2025-11-09 06:00:00,21.246603629404,4.1736300633475,451.338993901114,0.323288167374333,0.192440445554467,4.658,2
2025-11-09 06:15:00,21.246603629404,4.1736300633475,451.338993901114,0.323288167374333,0.192440445554467,4.662,2
2025-11-09 06:30:00,21.246603629404,4.1736300633475,451.338993901114,0.323288167374333,0.192440445554467,5.044,2
2025-11-09 06:45:00,21.246603629404,4.1736300633475,451.338993901114,0.323288167374333,0.192440445554467,5.528,2
2025-11-09 07:00:00,21.246603629404,4.1736300633475,451.338993901114,0.323288167374333,0.192440445554467,6.07133333333333,2
2025-11-09 07:15:00,21.246603629404,4.1736300633475,451.338993901114,0.323288167374333,0.192440445554467,4.71133333333333,2
2025-11-09 07:30:00,21.246603629404,4.1736300633475,451.338993901114,0.323288167374333,0.192440445554467,6.606,2
2025-11-09 07:45:00,21.246603629404,4.1736300633475,451.338993901114,0.323288167374333,0.192440445554467,5.724,2
2025-11-09 08:00:00,21.246603629404,4.1736300633475,451.338993901114,0.323288167374333,0.192440445554467,4.37266666666667,2
2025-11-09 08:15:00,21.246603629404,4.1736300633475,451.338993901114,0.323288167374333,0.192440445554467,3.02333333333333,2
2025-11-09 08:30:00,21.246603629404,4.1736300633475,451.338993901114,0.323288167374333,0.192518975308133,2.51533333333333,2
2025-11-09 08:45:00,21.246603629404,4.1736300633475,451.338993901114,0.323288167374333,0.192518975308133,2.14533333333333,2
2025-11-09 09:00:00,21.246603629404,4.1736300633475,451.338993901114,0.323288167374333,0.192518975308133,1.77666666666667,2
2025-11-09 09:15:00,21.246603629404,4.1736300633475,451.338993901114,0.323288167374333,0.192518975308133,1.494,2
2025-11-09 09:30:00,21.246603629404,4.1736300633475,451.338993901114,0.323288167374333,0.192518975308133,1.83533333333333,2
2025-11-09 09:45:00,21.246603629404,4.1736300633475,451.338993901114,0.323288167374333,0.192518975308133,2.36933333333333,2
2025-11-09 10:00:00,21.246603629404,4.1736300633475,451.338993901114,0.323288167374333,0.192518975308133,2.55733333333333,2
2025-11-09 10:15:00,21.246603629404,4.1736300633475,451.338993901114,0.323288167374333,0.192440445554467,1.66533333333333,2
2025-11-09 10:30:00,21.246603629404,4.1736300633475,451.338993901114,0.323288167374333,0.192518975308133,2.31933333333333,2
2025-11-09 10:45:00,21.246603629404,4.1736300633475,451.338993901114,0.323288167374333,0.192518975308133,2.486,2
2025-11-09 11:00:00,21.246603629404,4.1736300633475,451.338993901114,0.323288167374333,0.192518975308133,2.00733333333333,2
2025-11-09 11:15:00,21.246603629404,4.1736300633475,451.338993901114,0.323288167374333,0.192518975308133,1.28266666666667,2
2025-11-09 11:30:00,21.246603629404,4.1736300633475,451.338993901114,0.323288167374333,0.192518975308133,1.398,2
2025-11-09 11:45:00,21.246603629404,4.1736300633475,451.338993901114,0.323288167374333,0.192518975308133,1.61666666666667,2
2025-11-09 12:00:00,21.246603629404,4.1736300633475,451.338993901114,0.323288167374333,0.192518975308133,1.952,2
2025-11-09 12:15:00,21.246603629404,4.1736300633475,451.338993901114,0.323288167374333,0.192518975308133,2.252,2
2025-11-09 12:30:00,21.246603629404,4.1736300633475,451.338993901114,0.323288167374333,0.192518975308133,2.39866666666667,2
2025-11-09 12:45:00,21.246603629404,4.1736300633475,451.338993901114,0.323288167374333,0.192518975308133,2.418,2
2025-11-09 13:00:00,21.246603629404,4.1736300633475,451.338993901114,0.323288167374333,0.192518975308133,2.63,2
2025-11-09 13:15:00,21.246603629404,4.1736300633475,451.338993901114,0.323288167374333,0.192518975308133,2.87933333333333,2
2025-11-09 13:30:00,21.246603629404,4.1736300633475,451.338993901114,0.323288167374333,0.192518975308133,3.86466666666667,2
2025-11-09 13:45:00,21.246603629404,4.1736300633475,451.338993901114,0.323288167374333,0.192518975308133,4.91466666666667,2
2025-11-09 14:00:00,21.246603629404,4.1736300633475,451.338993901114,0.323288167374333,0.192518975308133,5.13866666666667,2
2025-11-09 14:15:00,21.246603629404,4.1736300633475,451.338993901114,0.323288167374333,0.192518975308133,5.244,2
2025-11-09 14:30:00,21.246603629404,4.1736300633475,451.338993901114,0.323288167374333,0.192518975308133,6.08266666666667,2
2025-11-09 14:45:00,21.246603629404,4.1736300633475,451.338993901114,0.323288167374333,0.192518975308133,5.996,2
2025-11-09 15:00:00,21.246603629404,4.1736300633475,451.338993901114,0.323288167374333,0.192518975308133,6.626,2
2025-11-09 15:15:00,21.246603629404,4.1736300633475,451.338993901114,0.323288167374333,0.192440445554467,7.22466666666667,2
2025-11-09 15:30:00,21.246603629404,4.1736300633475,451.338993901114,0.323288167374333,0.192440445554467,7.62333333333333,2
2025-11-09 15:45:00,21.246603629404,4.1736300633475,451.338993901114,0.323288167374333,0.192440445554467,8.99466666666667,2
2025-11-09 16:00:00,21.246603629404,4.1736300633475,451.338993901114,0.323288167374333,0.192440445554467,9.308,2
2025-11-09 16:15:00,21.246603629404,4.1736300633475,451.338993901114,0.323288167374333,0.192440445554467,9.6,2
2025-11-09 16:30:00,21.246603629404,4.1736300633475,451.338993901114,0.323288167374333,0.192442350290467,9.90066666666667,2
2025-11-09 16:45:00,21.246603629404,4.1736300633475,451.338993901114,0.323288167374333,0.192442350290467,9.86533333333333,2
2025-11-09 17:00:00,21.246603629404,4.1736300633475,451.338993901114,0.323288167374333,0.192440445554467,9.298,2
2025-11-09 17:15:00,21.246603629404,4.1736300633475,451.338993901114,0.323288167374333,0.192440445554467,9.24266666666667,2
2025-11-09 17:30:00,21.246603629404,4.1736300633475,451.338993901114,0.323288167374333,0.192442350290467,8.43266666666667,2
2025-11-09 17:45:00,21.246603629404,4.1736300633475,451.338993901114,0.323288167374333,0.192442350290467,9.168,2
2025-11-09 18:00:00,21.246603629404,4.1736300633475,451.338993901114,0.323288167374333,0.192430904377867,9.78733333333333,2
2025-11-09 18:15:00,21.246603629404,4.1736300633475,451.338993901114,0.323288167374333,0.192442350290467,9.526,2
2025-11-09 18:30:00,21.246603629404,4.1736300633475,451.338993901114,0.323288167374333,0.192442350290467,10.214,2
2025-11-09 18:45:00,21.246603629404,4.1736300633475,451.338993901114,0.323288167374333,0.192440445554467,10.296,2
2025-11-09 19:00:00,21.246603629404,4.1736300633475,451.338993901114,0.323288167374333,0.192440445554467,11.2593333333333,2
2025-11-09 19:15:00,21.246603629404,4.1736300633475,451.338993901114,0.323288167374333,0.192440445554467,11.054,2
2025-11-09 19:30:00,21.246603629404,4.1736300633475,451.338993901114,0.323288167374333,0.192440445554467,10.5806666666667,2
2025-11-09 19:45:00,21.246603629404,4.1736300633475,451.338993901114,0.323288167374333,0.192440445554467,10.8793333333333,2
2025-11-09 20:00:00,21.246603629404,4.1736300633475,451.338993901114,0.323288167374333,0.192442350290467,10.914,2
2025-11-09 20:15:00,21.246603629404,4.1736300633475,451.338993901114,0.323288167374333,0.192440445554467,10.0846666666667,2
2025-11-09 20:30:00,21.246603629404,4.1736300633475,451.338993901114,0.323288167374333,0.192442350290467,9.77333333333333,2
2025-11-09 20:45:00,21.246603629404,4.1736300633475,451.338993901114,0.323288167374333,0.192440445554467,8.646,2
2025-11-09 21:00:00,21.246603629404,4.1736300633475,451.338993901114,0.323288167374333,0.192442350290467,6.58066666666667,2
2025-11-09 21:15:00,21.246603629404,4.1736300633475,451.338993901114,0.323288167374333,0.192440445554467,5.766,2
2025-11-09 21:30:00,21.246603629404,4.1736300633475,451.338993901114,0.323288167374333,0.192440445554467,4.71533333333333,2
2025-11-09 21:45:00,21.246603629404,4.1736300633475,451.338993901114,0.323288167374333,0.192440445554467,3.86266666666667,2
2025-11-09 22:00:00,21.246603629404,4.1736300633475,451.338993901114,0.323288167374333,0.192440445554467,4.26466666666667,2
2025-11-09 22:15:00,21.246603629404,4.1736300633475,451.338993901114,0.323288167374333,0.192440445554467,4.38266666666667,2
2025-11-09 22:30:00,21.246603629404,4.1736300633475,451.338993901114,0.323288167374333,0.192440445554467,5.13066666666667,2
2025-11-09 22:45:00,21.246603629404,4.1736300633475,451.338993901114,0.323288167374333,0.192440445554467,4.544,2
2025-11-09 23:00:00,21.246603629404,4.1736300633475,451.338993901114,0.323288167374333,0.192440445554467,4.20533333333333,2
2025-11-09 23:15:00,21.246603629404,4.1736300633475,451.338993901114,0.323288167374333,0.192440445554467,4.83733333333333,2
2025-11-09 23:30:00,21.246603629404,4.1736300633475,451.338993901114,0.323288167374333,0.192440445554467,3.55733333333333,2
2025-11-09 23:45:00,21.246603629404,4.1736300633475,451.338993901114,0.323288167374333,0.192442350290467,3.84533333333333,2
2025-11-10 00:00:00,21.246603629404,4.1736300633475,451.338993901114,0.323288167374333,0.192442350290467,5.44466666666667,2
2025-11-10 00:15:00,21.246603629404,4.1736300633475,451.338993901114,0.323288167374333,0.192440445554467,6.15266666666667,2
2025-11-10 00:30:00,21.246603629404,4.1736300633475,451.338993901114,0.323288167374333,0.192442350290467,9.986,2
2025-11-10 00:45:00,21.246603629404,4.1736300633475,451.338993901114,0.323288167374333,0.192442350290467,9.88,2
2025-11-10 01:00:00,21.246603629404,4.1736300633475,451.338993901114,0.323288167374333,0.192442350290467,7.56266666666667,2
2025-11-10 01:15:00,21.246603629404,4.1736300633475,451.338993901114,0.323288167374333,0.192442350290467,5.62466666666667,2
2025-11-10 01:30:00,21.246603629404,4.1736300633475,451.338993901114,0.323288167374333,0.192430904377867,6.906,2
2025-11-10 01:45:00,21.0479604656273,3.98457754782914,455.878969896347,0.301012146906333,0.166565513881633,7.186,2
2025-11-10 02:00:00,21.0479604656273,3.98182242679914,455.966084883167,0.315239209576067,0.1663440308898,8.788,2
2025-11-10 02:15:00,21.1698748612773,4.07760878872914,455.954628976327,0.318040256247467,0.2121834995743,8.594,2
2025-11-10 02:30:00,21.246603629404,4.1736300633475,451.338993901114,0.323288167374333,0.192442350290467,4.516,2
2025-11-10 02:45:00,21.246603629404,4.1736300633475,451.338993901114,0.323288167374333,0.192442350290467,4.914,2
2025-11-10 03:00:00,21.246603629404,4.1736300633475,451.338993901114,0.323288167374333,0.192442350290467,4.21066666666667,2
2025-11-10 03:15:00,21.246603629404,4.1736300633475,451.338993901114,0.323288167374333,0.192442350290467,4.81666666666667,2
2025-11-10 03:30:00,21.246603629404,4.1736300633475,451.338993901114,0.323288167374333,0.192440445554467,3.716,2
2025-11-10 03:45:00,21.246603629404,4.1736300633475,451.338993901114,0.323288167374333,0.192440445554467,6.04866666666667,2
2025-11-10 04:00:00,21.246603629404,4.1736300633475,451.338993901114,0.323288167374333,0.192440445554467,3.77733333333333,2
2025-11-10 04:15:00,21.246603629404,4.1736300633475,451.338993901114,0.323288167374333,0.192440445554467,3.44133333333333,2
2025-11-10 04:30:00,21.246603629404,4.1736300633475,451.338993901114,0.323288167374333,0.192440445554467,4.07666666666667,2
2025-11-10 04:45:00,21.246603629404,4.1736300633475,451.338993901114,0.323288167374333,0.192440445554467,5.32666666666667,2
2025-11-10 05:00:00,21.246603629404,4.1736300633475,451.338993901114,0.323288167374333,0.192440445554467,3.888,2
2025-11-10 05:15:00,21.246603629404,4.1736300633475,451.338993901114,0.323288167374333,0.192440445554467,4.00533333333333,2
2025-11-10 05:30:00,21.246603629404,4.1736300633475,451.338993901114,0.323288167374333,0.192440445554467,4.208,2
2025-11-10 05:45:00,21.246603629404,4.1736300633475,451.338993901114,0.323288167374333,0.192440445554467,3.67266666666667,2
2025-11-10 06:00:00,21.246603629404,4.1736300633475,451.338993901114,0.323288167374333,0.192440445554467,3.33733333333333,2
2025-11-10 06:15:00,21.246603629404,4.1736300633475,451.338993901114,0.323288167374333,0.192442350290467,4.042,2
2025-11-10 06:30:00,21.246603629404,4.1736300633475,451.338993901114,0.323288167374333,0.192442350290467,5.222,2
2025-11-10 06:45:00,21.246603629404,4.1736300633475,451.338993901114,0.323288167374333,0.192440445554467,5.35466666666667,2
2025-11-10 07:00:00,21.246603629404,4.1736300633475,451.338993901114,0.323288167374333,0.192440445554467,4.84666666666667,2
2025-11-10 07:15:00,21.246603629404,4.1736300633475,451.338993901114,0.323288167374333,0.192442350290467,5.27533333333333,2
2025-11-10 07:30:00,21.246603629404,4.1736300633475,451.338993901114,0.323288167374333,0.192440445554467,3.834,2
2025-11-10 07:45:00,21.246603629404,4.1736300633475,451.338993901114,0.323288167374333,0.192440445554467,3.78733333333333,2
2025-11-10 08:00:00,21.246603629404,4.1736300633475,451.338993901114,0.323288167374333,0.192440445554467,4.44666666666667,2
2025-11-10 08:15:00,21.246603629404,4.1736300633475,451.338993901114,0.323288167374333,0.192440445554467,4.79266666666667,2
2025-11-10 08:30:00,21.246603629404,4.1736300633475,451.338993901114,0.323288167374333,0.192440445554467,3.484,2
2025-11-10 08:45:00,21.246603629404,4.1736300633475,451.338993901114,0.323288167374333,0.192518975308133,2.996,2
2025-11-10 09:00:00,21.246603629404,4.1736300633475,451.338993901114,0.323288167374333,0.192518975308133,2.57733333333333,2
2025-11-10 09:15:00,21.246603629404,4.1736300633475,451.338993901114,0.323288167374333,0.192518975308133,2.48266666666667,2
2025-11-10 09:30:00,21.246603629404,4.1736300633475,451.338993901114,0.323288167374333,0.192518975308133,2.34333333333333,2
2025-11-10 09:45:00,21.246603629404,4.1736300633475,451.338993901114,0.323288167374333,0.192518975308133,2.52466666666667,2
2025-11-10 10:00:00,21.246603629404,4.1736300633475,451.338993901114,0.323288167374333,0.192518975308133,2.77866666666667,2
2025-11-10 10:15:00,21.246603629404,4.1736300633475,451.338993901114,0.323288167374333,0.192518975308133,2.372,2
2025-11-10 10:30:00,21.246603629404,4.1736300633475,451.338993901114,0.323288167374333,0.192518975308133,2.18533333333333,2
2025-11-10 10:45:00,21.246603629404,4.1736300633475,451.338993901114,0.323288167374333,0.192518975308133,2.192,2
2025-11-10 11:00:00,21.246603629404,4.1736300633475,451.338993901114,0.323288167374333,0.192518975308133,2.21333333333333,2
2025-11-10 11:15:00,21.246603629404,4.1736300633475,451.338993901114,0.323288167374333,0.192518975308133,2.15066666666667,2
2025-11-10 11:30:00,21.246603629404,4.1736300633475,451.338993901114,0.323288167374333,0.192518975308133,1.99666666666667,2
2025-11-10 11:45:00,21.246603629404,4.1736300633475,451.338993901114,0.323288167374333,0.192518975308133,2.05466666666667,2
2025-11-10 12:00:00,21.246603629404,4.1736300633475,451.338993901114,0.323225354040333,0.192505318046133,1.888,2
2025-11-10 12:15:00,21.246603629404,4.1736300633475,451.338993901114,0.323288167374333,0.192518975308133,2.368,2
2025-11-10 12:30:00,21.246603629404,4.1736300633475,451.338993901114,0.323288167374333,0.192518975308133,2.41466666666667,2
2025-11-10 12:45:00,21.246603629404,4.1736300633475,451.338993901114,0.323288167374333,0.192518975308133,2.61666666666667,2
2025-11-10 13:00:00,21.246603629404,4.1736300633475,451.338993901114,0.323288167374333,0.192518975308133,2.308,2
2025-11-10 13:15:00,21.246603629404,4.1736300633475,451.338993901114,0.323288167374333,0.192518975308133,2.614,2
2025-11-10 13:30:00,21.246603629404,4.1736300633475,451.338993901114,0.323288167374333,0.192505318046133,2.18266666666667,2
2025-11-10 13:45:00,21.246603629404,4.1736300633475,451.338993901114,0.323288167374333,0.192518975308133,2.28666666666667,2
2025-11-10 14:00:00,21.246603629404,4.1736300633475,451.338993901114,0.323288167374333,0.192518975308133,2.212,2
2025-11-10 14:15:00,21.246603629404,4.1736300633475,451.338993901114,0.323288167374333,0.192518975308133,2.50333333333333,2
2025-11-10 14:30:00,21.246603629404,4.1736300633475,451.338993901114,0.323288167374333,0.192505318046133,1.96,2
2025-11-10 14:45:00,21.246603629404,4.1736300633475,451.338993901114,0.323288167374333,0.192518975308133,2.35733333333333,2
2025-11-10 15:00:00,21.0676956660023,4.1259400974093,452.74077865412,0.326424743592167,0.193262290669133,2.49933333333333,2
2025-11-10 15:15:00,21.19872273355,4.07718488110114,456.21276242751,0.319317141806766,0.196275675015467,2.43533333333333,2
2025-11-10 15:30:00,21.0479604656273,3.98875531551914,455.892678316317,0.315189643578566,0.165664076308433,2.40733333333333,2
2025-11-10 15:45:00,21.1643184544003,4.00656844431647,455.936899942927,0.316868772018233,0.198103011969667,2.50133333333333,2
2025-11-10 16:00:00,21.1698748612773,3.98586207728247,456.042237087441,0.317139160025734,0.211339814357433,2.494,2
2025-11-10 16:15:00,21.0479604656273,3.98875531551914,455.892678316317,0.314816703579567,0.166172200140467,2.76266666666667,2
2025-11-10 16:30:00,21.246603629404,4.1736300633475,451.338993901114,0.323288167374333,0.192329553937033,2.23,2
2025-11-10 16:45:00,21.246603629404,4.1736300633475,451.338993901114,0.323288167374333,0.192376230923033,2.24266666666667,2
2025-11-10 17:00:00,21.1740244471287,4.15773689283664,453.002579233774,0.319137786032833,0.1949119546682,2.276,2
2025-11-10 17:15:00,21.246603629404,4.1736300633475,451.338993901114,0.323288167374333,0.192440445554467,2.38933333333333,2
2025-11-10 17:30:00,21.246603629404,4.1736300633475,451.338993901114,0.323288167374333,0.192440445554467,2.07333333333333,2
2025-11-10 17:45:00,21.246603629404,4.1736300633475,451.338993901114,0.323288167374333,0.192518975308133,1.79,2
2025-11-10 18:00:00,21.246603629404,4.1736300633475,451.338993901114,0.323288167374333,0.192518975308133,1.99066666666667,2
2025-11-10 18:15:00,21.246603629404,4.1736300633475,451.338993901114,0.323288167374333,0.192518975308133,1.93266666666667,2
2025-11-10 18:30:00,21.246603629404,4.1736300633475,451.338993901114,0.323225354040333,0.192505318046133,1.784,2
2025-11-10 18:45:00,21.246603629404,4.1736300633475,451.338993901114,0.323225354040333,0.192505318046133,1.602,2
2025-11-10 19:00:00,21.246603629404,4.1736300633475,451.338993901114,0.323225354040333,0.192505318046133,1.78733333333333,2
2025-11-10 19:15:00,21.246603629404,4.1736300633475,451.338993901114,0.323225354040333,0.192505318046133,1.966,2
2025-11-10 19:30:00,21.246603629404,4.1736300633475,451.338993901114,0.323225354040333,0.192505318046133,2.10866666666667,2
2025-11-10 19:45:00,21.246603629404,4.1736300633475,451.338993901114,0.323288167374333,0.192505318046133,2.33533333333333,2
2025-11-10 20:00:00,21.246603629404,4.1736300633475,451.338993901114,0.323225354040333,0.192505318046133,2.46266666666667,2
2025-11-10 20:15:00,21.246603629404,4.1736300633475,451.338993901114,0.323288167374333,0.192518975308133,2.41533333333333,2
2025-11-10 20:30:00,21.246603629404,4.1736300633475,451.338993901114,0.323288167374333,0.192505318046133,2.47333333333333,2
2025-11-10 20:45:00,21.246603629404,4.1727786153975,451.338993901114,0.323225354040333,0.1925639223386,2.47933333333333,2
2025-11-10 21:00:00,21.246603629404,4.1736300633475,451.338993901114,0.323225354040333,0.192791727300467,2.38333333333333,2
2025-11-10 21:15:00,21.246603629404,4.1738782118975,451.338993901114,0.323135620707,0.1930584611589,2.254,2
2025-11-10 21:30:00,21.210051875078,4.19048872097417,451.366313203524,0.3261135062647,0.1961589520057,2.03,2
2025-11-10 21:45:00,18.5902571324743,3.68600083680983,458.177270125064,0.3245144475761,0.1819021622907,1.938,2
2025-11-10 22:00:00,18.5716094759417,3.6672947735865,464.336177109124,0.3251189209094,0.180519215545767,1.79466666666667,2
2025-11-10 22:15:00,18.5646565713417,3.6463881954925,466.850107252228,0.326280439572833,0.179058315836933,1.70533333333333,2
2025-11-10 22:30:00,18.573315514249,3.6673152061865,462.124324456324,0.3252396684639,0.180451473908333,1.80866666666667,2
2025-11-10 22:45:00,17.894670719198,3.6444598363225,463.926818955461,0.323383526068267,0.1798944173551,1.90066666666667,2
2025-11-10 23:00:00,19.7609147440777,3.74064970191467,458.159885978077,0.325221737806333,0.187350527582833,4.83533333333333,2
2025-11-10 23:15:00,20.9792968899787,4.1944464797475,451.30754103244,0.327531643369767,0.195749505526833,4.97466666666667,2
2025-11-10 23:30:00,21.245409110095,4.1748659130275,451.512827616787,0.324680559371967,0.196243278240667,3.64066666666667,2
2025-11-10 23:45:00,21.226050131044,4.17304346849417,451.503088167774,0.324938002038367,0.195776309894433,4.408,2
2025-11-11 00:00:00,21.2462657871673,4.16801122381083,451.350170790097,0.323906824041033,0.195073452040533,4.83,2
2025-11-11 00:15:00,21.246603629404,4.1736300633475,451.338993901114,0.323288167374333,0.1927142099323,5.042,2
2025-11-11 00:30:00,21.246603629404,4.1736300633475,451.338993901114,0.323288167374333,0.192442350290467,3.94,2
2025-11-11 00:45:00,21.246603629404,4.1736300633475,451.338993901114,0.323288167374333,0.192430904377867,3.68733333333333,2
2025-11-11 01:00:00,21.246603629404,4.1736300633475,451.338993901114,0.323288167374333,0.192430904377867,3.93,2
2025-11-11 01:15:00,21.246603629404,4.1736300633475,451.338993901114,0.323288167374333,0.192686137271567,4.68533333333333,2
2025-11-11 01:30:00,21.246603629404,4.1736300633475,451.338993901114,0.323288167374333,0.192657956159867,4.06533333333333,2
2025-11-11 01:45:00,21.246603629404,4.1736300633475,451.338993901114,0.323288167374333,0.192430904377867,5.478,2
2025-11-11 02:00:00,21.246603629404,4.1736300633475,451.338993901114,0.323288167374333,0.192442350290467,4.97466666666667,2
2025-11-11 02:15:00,21.246603629404,4.1736300633475,451.338993901114,0.323288167374333,0.192657956159867,8.61333333333333,2
2025-11-11 02:30:00,21.246603629404,4.1736300633475,451.338993901114,0.323288167374333,0.192430904377867,5.86866666666667,2
2025-11-11 02:45:00,21.246603629404,4.1736300633475,451.338993901114,0.323288167374333,0.192430904377867,7.426,2
2025-11-11 03:00:00,21.246603629404,4.1736300633475,451.338993901114,0.323288167374333,0.192320012760433,11.5586666666667,2
2025-11-11 03:15:00,21.0479604656273,3.98773325535914,455.862932716317,0.316121872687367,0.191158785315633,9.07,2
2025-11-11 03:30:00,21.4493765037837,4.24640113367164,456.841386594617,0.3201852693655,0.197146047160033,11.5113333333333,2
2025-11-11 03:45:00,21.0479604656273,3.98629114395914,455.885914582917,0.314808509355367,0.1649669066121,6.56266666666667,2
2025-11-11 04:00:00,21.246603629404,4.1736300633475,451.338993901114,0.323288167374333,0.192084099878433,5.724,2
2025-11-11 04:15:00,21.246603629404,4.1736300633475,451.338993901114,0.323288167374333,0.192657956159867,7.46533333333333,2
2025-11-11 04:30:00,21.246603629404,4.1736300633475,451.338993901114,0.323288167374333,0.192430904377867,5.62933333333333,2
2025-11-11 04:45:00,21.246603629404,4.1736300633475,451.338993901114,0.323288167374333,0.192442350290467,5.72133333333333,2
2025-11-11 05:00:00,21.246603629404,4.1736300633475,451.338993901114,0.323288167374333,0.192430904377867,7.57733333333333,2
2025-11-11 05:15:00,21.1698748612773,4.09179105638913,455.954628976327,0.318347180692133,0.216082781202,11.068,2
2025-11-11 05:30:00,21.0479604656273,3.98716824019914,455.843411249651,0.314909563801467,0.173097300643633,6.94666666666667,2
2025-11-11 05:45:00,21.246603629404,4.1736300633475,451.338993901114,0.323288167374333,0.192440445554467,4.846,2
2025-11-11 06:00:00,21.246603629404,4.1736300633475,451.338993901114,0.323288167374333,0.192442350290467,5.666,2
2025-11-11 06:15:00,21.246603629404,4.1736300633475,451.338993901114,0.323288167374333,0.192442350290467,5.93533333333333,2
2025-11-11 06:30:00,21.246603629404,4.1736300633475,451.338993901114,0.323288167374333,0.192442350290467,7.904,2
2025-11-11 06:45:00,21.19093481307,4.14125747056443,451.338993901114,0.323539050486567,0.193322840424033,5.27333333333333,2
2025-11-11 07:00:00,21.246603629404,4.1736300633475,451.338993901114,0.323288167374333,0.192440445554467,3.308,2
2025-11-11 07:15:00,21.246603629404,4.1736300633475,451.338993901114,0.323288167374333,0.192440445554467,2.36333333333333,2
2025-11-11 07:30:00,21.246603629404,4.1736300633475,451.338993901114,0.323288167374333,0.192440445554467,1.168,2
2025-11-11 07:45:00,21.246603629404,4.1736300633475,451.338993901114,0.323288167374333,0.192440445554467,1.79133333333333,2
2025-11-11 08:00:00,21.246603629404,4.1736300633475,451.338993901114,0.323288167374333,0.192440445554467,1.65,2
2025-11-11 08:15:00,21.246603629404,4.1736300633475,451.338993901114,0.323288167374333,0.192440445554467,1.826,2
2025-11-11 08:30:00,21.246603629404,4.1736300633475,451.338993901114,0.323288167374333,0.192440445554467,2.24466666666667,2
2025-11-11 08:45:00,21.246603629404,4.1736300633475,451.338993901114,0.323288167374333,0.192440445554467,2.236,2
2025-11-11 09:00:00,21.246603629404,4.1736300633475,451.338993901114,0.323288167374333,0.192518975308133,1.51933333333333,2
2025-11-11 09:15:00,21.246603629404,4.1736300633475,451.338993901114,0.323288167374333,0.192440445554467,2.05333333333333,2
2025-11-11 09:30:00,21.246603629404,4.1736300633475,451.338993901114,0.323288167374333,0.192440445554467,1.84,2
2025-11-11 09:45:00,21.246603629404,4.1736300633475,451.338993901114,0.323288167374333,0.192440445554467,1.902,2
2025-11-11 10:00:00,21.246603629404,4.1736300633475,451.338993901114,0.323288167374333,0.192518975308133,1.75866666666667,2
2025-11-11 10:15:00,21.246603629404,4.1736300633475,451.338993901114,0.323288167374333,0.192518975308133,1.606,2
2025-11-11 10:30:00,21.246603629404,4.1736300633475,451.338993901114,0.323288167374333,0.192518975308133,2.07066666666667,2
2025-11-11 10:45:00,21.246603629404,4.1736300633475,451.338993901114,0.323288167374333,0.192518975308133,2.32333333333333,2
2025-11-11 11:00:00,21.246603629404,4.1736300633475,451.338993901114,0.323288167374333,0.192518975308133,1.98866666666667,2
2025-11-11 11:15:00,21.246603629404,4.1736300633475,451.338993901114,0.323288167374333,0.192440445554467,2.07533333333333,2
2025-11-11 11:30:00,21.246603629404,4.1736300633475,451.338993901114,0.323288167374333,0.192440445554467,2.05733333333333,2
2025-11-11 11:45:00,21.246603629404,4.1736300633475,451.338993901114,0.323288167374333,0.192518975308133,1.85466666666667,2
2025-11-11 12:00:00,21.246603629404,4.1736300633475,451.338993901114,0.323288167374333,0.192440445554467,1.82,2
2025-11-11 12:15:00,21.246603629404,4.1736300633475,451.338993901114,0.323288167374333,0.192440445554467,1.554,2
2025-11-11 12:30:00,21.246603629404,4.1736300633475,451.338993901114,0.323288167374333,0.192518975308133,1.64733333333333,2
2025-11-11 12:45:00,21.246603629404,4.1736300633475,451.338993901114,0.323288167374333,0.192440445554467,1.50733333333333,2
2025-11-11 13:00:00,21.246603629404,4.1736300633475,451.338993901114,0.323288167374333,0.192440445554467,1.45666666666667,2
2025-11-11 13:15:00,21.246603629404,4.1736300633475,451.338993901114,0.323288167374333,0.192440445554467,1.56466666666667,2
2025-11-11 13:30:00,21.246603629404,4.1736300633475,451.338993901114,0.323288167374333,0.192440445554467,1.48666666666667,2
2025-11-11 13:45:00,21.246603629404,4.1736300633475,451.338993901114,0.323288167374333,0.192440445554467,1.52,2
2025-11-11 14:00:00,21.246603629404,4.1736300633475,451.338993901114,0.323288167374333,0.192440445554467,1.50333333333333,2
2025-11-11 14:15:00,21.246603629404,4.1736300633475,451.338993901114,0.323288167374333,0.192440445554467,1.52866666666667,2
2025-11-11 14:30:00,21.0479604656273,3.98928882145914,455.885914582917,0.315116266245967,0.164693446472833,2.14266666666667,2
2025-11-11 14:45:00,21.246603629404,4.1736300633475,451.338993901114,0.323288167374333,0.192405792347867,1.84266666666667,2
2025-11-11 15:00:00,21.0479604656273,3.98773325535914,455.862932716317,0.315964454022167,0.1862075502743,1.68733333333333,2
2025-11-11 15:15:00,21.0479604656273,3.98575763801914,455.885914582917,0.314752095579567,0.165248688289967,1.82133333333333,2
2025-11-11 15:30:00,21.0479604656273,3.9860630336958,455.878969896347,0.2965325958106,0.166108250215367,1.862,2
2025-11-11 15:45:00,21.0479604656273,3.98930140363914,455.878969896347,0.2968601224766,0.166605973340333,2.604,2
2025-11-11 16:00:00,21.0479604656273,3.98698595989914,455.878969896347,0.2967793624766,0.1661377044335,2.68666666666667,2
2025-11-11 16:15:00,21.0479604656273,3.98930140363914,455.878969896347,0.2970161491426,0.166935247204667,3.45466666666667,2
2025-11-11 16:30:00,21.0479604656273,3.98930140363914,455.878969896347,0.2970161491426,0.166935247204667,2.93733333333333,2
2025-11-11 16:45:00,21.0479604656273,3.98861637383914,455.878969896347,0.2970161491426,0.166967313655033,2.74933333333333,2
2025-11-11 17:00:00,21.0479604656273,3.98930140363914,455.878969896347,0.2970161491426,0.166952236711167,2.894,2
2025-11-11 17:15:00,21.0479604656273,3.98930140363914,455.878969896347,0.2970161491426,0.166952236711167,3.19733333333333,2
2025-11-11 17:30:00,21.0479604656273,3.99023431313914,455.878969896347,0.2970161491426,0.166612025240833,3.65133333333333,2
2025-11-11 17:45:00,21.0479604656273,3.98698595989914,455.878969896347,0.2967793624766,0.166451928318267,3.36,2
2025-11-11 18:00:00,21.0479604656273,3.9860630336958,455.878969896347,0.2966886224766,0.166405453647933,3.20333333333333,2
2025-11-11 18:15:00,21.0479604656273,3.98324109447914,455.878969896347,0.3047732997936,0.166074161976233,3.20466666666667,2
2025-11-11 18:30:00,21.255757484925,4.1588753602675,451.338993901114,0.323282674040333,0.192934631301733,3.10533333333333,2
2025-11-11 18:45:00,21.0479604656273,3.9837861968158,455.862932716317,0.316325620690133,0.199980657084267,3.218,2
2025-11-11 19:00:00,21.0479604656273,3.98182242679914,455.878969896347,0.3151109082434,0.1661059082522,3.478,2
2025-11-11 19:15:00,21.0479604656273,3.98389359342914,455.878969896347,0.303384426904467,0.166219873667367,3.622,2
2025-11-11 19:30:00,21.1401880095573,3.99034604719914,455.951587316401,0.317877625358367,0.196190088752467,2.926,2
2025-11-11 19:45:00,21.0479604656273,3.98629114395914,455.885914582917,0.314808509355367,0.165199982733067,3.362,2
2025-11-11 20:00:00,21.0479604656273,3.98263241807914,455.878969896347,0.313999456903867,0.165976257102033,3.382,2
2025-11-11 20:15:00,21.0479604656273,3.98930140363914,455.798158696347,0.2970161491426,0.166562129638667,10.4873333333333,2
2025-11-11 20:30:00,21.048534640146,3.98160840942527,439.817532028597,0.2944253155824,0.1700813303391,13.814,2
2025-11-11 20:45:00,21.0479604656273,3.98861637383914,455.781498669827,0.2969841558096,0.166469027776767,13.048,2
2025-11-11 21:00:00,21.0479604656273,3.98930140363914,455.781498669827,0.2970399918094,0.166649265756267,12.2813333333333,2
2025-11-11 21:15:00,21.0479604656273,3.98930140363914,455.764519949637,0.2970161491426,0.166518091734567,8.786,2
2025-11-11 21:30:00,21.0479604656273,3.9863813520958,455.878969896347,0.2965325958106,0.166135612659767,5.19,2
2025-11-11 21:45:00,21.0479604656273,3.98389359342914,455.878969896347,0.303585872682167,0.166080410334833,6.28933333333333,2
2025-11-11 22:00:00,21.0479604656273,3.98457754782914,455.878969896347,0.302745385572533,0.166219873667367,5.552,2
2025-11-11 22:15:00,21.0479604656273,3.98389359342914,455.878969896347,0.303034852238867,0.166219873667367,5.55,2
2025-11-11 22:30:00,21.0479604656273,3.98182242679914,455.878969896347,0.3152023269094,0.1660711827387,5.05866666666667,2
2025-11-11 22:45:00,21.0479604656273,3.98930140363914,455.878969896347,0.2970161491426,0.166935247204667,5.11066666666667,2
2025-11-11 23:00:00,21.0479604656273,3.98930140363914,455.878969896347,0.2970161491426,0.166600398800733,5.24266666666667,2
2025-11-11 23:15:00,21.0479604656273,3.98930140363914,455.878969896347,0.2970161491426,0.166952236711167,5.47066666666667,2
2025-11-11 23:30:00,21.0479604656273,3.98930140363914,455.878969896347,0.2970161491426,0.166768738969633,5.04666666666667,2
2025-11-11 23:45:00,21.0479604656273,3.98930140363914,455.878969896347,0.2970161491426,0.166935247204667,4.98866666666667,2
2025-11-12 00:00:00,21.0479604656273,3.98930140363914,455.878969896347,0.2970161491426,0.166998156379033,6.03,2
2025-11-12 00:15:00,21.0479604656273,3.98930140363914,455.878969896347,0.2970161491426,0.166998156379033,5.72333333333333,2
2025-11-12 00:30:00,21.0479604656273,3.9860630336958,455.878969896347,0.2970476491381,0.166405453647933,5.004,2
2025-11-12 00:45:00,21.1401880095573,3.98569157261247,455.968394907301,0.317354989803067,0.204283853777733,4.31866666666667,2
2025-11-12 01:00:00,21.246603629404,4.1736300633475,451.338993901114,0.323288167374333,0.192430904377867,4.79733333333333,2
2025-11-12 01:15:00,21.1698748612773,3.98569646568247,456.042237087441,0.317578450692933,0.211482467492367,5.782,2
2025-11-12 01:30:00,21.2606332225227,4.20107620065697,454.881418748334,0.319417712253533,0.195958353541133,4.62533333333333,2
2025-11-12 01:45:00,21.246603629404,4.1736300633475,451.338993901114,0.323288167374333,0.192442350290467,3.72066666666667,2
2025-11-12 02:00:00,21.246603629404,4.1736300633475,451.338993901114,0.323288167374333,0.192442350290467,3.61266666666667,2
2025-11-12 02:15:00,21.4486499674793,4.16308577082864,456.53782696091,0.320051480419067,0.1970441597131,4.63,2
2025-11-12 02:30:00,21.0479604656273,3.98136021987914,455.878969896347,0.3150118735754,0.166527877824667,4.49666666666667,2
2025-11-12 02:45:00,21.0479604656273,3.98182242679914,455.966084883167,0.315239209576067,0.1663253485925,5.214,2
2025-11-12 03:00:00,21.0479604656273,3.98320856362914,455.878969896347,0.303034852238867,0.1665914384541,6.87733333333333,2
2025-11-12 03:15:00,21.0479604656273,3.98930140363914,455.878969896347,0.2970161491426,0.166998156379033,6.86333333333333,2
2025-11-12 03:30:00,21.0479604656273,3.98810114969914,455.862932716317,0.315908619353867,0.182214391354367,9.27866666666667,2
2025-11-12 03:45:00,21.0479604656273,3.98194738827914,455.878969896347,0.311685659125567,0.1663357931765,10.3706666666667,2
2025-11-12 04:00:00,21.1740244471287,4.15319467208664,453.002579233774,0.319441606699333,0.194984883082267,8.38066666666667,2
2025-11-12 04:15:00,21.246603629404,4.1736300633475,451.338993901114,0.323288167374333,0.192657956159867,7.694,2
2025-11-12 04:30:00,21.246603629404,4.1736300633475,451.338993901114,0.323288167374333,0.192430904377867,7.648,2
2025-11-12 04:45:00,21.246603629404,4.1736300633475,451.338993901114,0.323288167374333,0.192430904377867,8.006,2
2025-11-12 05:00:00,21.246603629404,4.1736300633475,451.338993901114,0.323288167374333,0.192442350290467,7.95733333333333,2
2025-11-12 05:15:00,21.246603629404,4.1736300633475,451.338993901114,0.323288167374333,0.192442350290467,8.23,2
2025-11-12 05:30:00,21.246603629404,4.1736300633475,451.338993901114,0.323288167374333,0.192430904377867,10.178,2
2025-11-12 05:45:00,21.246603629404,4.1736300633475,451.338993901114,0.323288167374333,0.192430904377867,10.4313333333333,2
2025-11-12 06:00:00,21.246603629404,4.1736300633475,451.338993901114,0.323288167374333,0.192442350290467,11.8126666666667,2
2025-11-12 06:15:00,21.246603629404,4.1736300633475,451.338993901114,0.323288167374333,0.192442350290467,12.0066666666667,2
2025-11-12 06:30:00,21.246603629404,4.1736300633475,451.338993901114,0.323288167374333,0.192442350290467,11.298,2
2025-11-12 06:45:00,21.246603629404,4.1736300633475,451.338993901114,0.323288167374333,0.192440445554467,11.138,2
2025-11-12 07:00:00,21.246603629404,4.1736300633475,451.338993901114,0.323288167374333,0.192440445554467,10.8493333333333,2
2025-11-12 07:15:00,21.246603629404,4.1736300633475,451.338993901114,0.323288167374333,0.192440445554467,10.4473333333333,2
2025-11-12 07:30:00,21.246603629404,4.1736300633475,451.338993901114,0.323288167374333,0.192440445554467,10.1226666666667,2
2025-11-12 07:45:00,21.246603629404,4.1736300633475,451.338993901114,0.323288167374333,0.192440445554467,10.2913333333333,2
2025-11-12 08:00:00,21.246603629404,4.1736300633475,451.338993901114,0.323288167374333,0.192518975308133,10.1426666666667,2
2025-11-12 08:15:00,21.246603629404,4.1736300633475,451.338993901114,0.323288167374333,0.192440445554467,10.324,2
2025-11-12 08:30:00,21.24852566717,4.14806633563417,451.338993901114,0.323282674040333,0.1929049458604,9.628,2
2025-11-12 08:45:00,21.246603629404,4.1736300633475,451.338993901114,0.323288167374333,0.192518975308133,9.63933333333333,2
2025-11-12 09:00:00,21.246603629404,4.1736300633475,451.338993901114,0.323288167374333,0.192518975308133,9.86933333333333,2
2025-11-12 09:15:00,21.246603629404,4.1736300633475,451.338993901114,0.323288167374333,0.192518975308133,10.0526666666667,2
2025-11-12 09:30:00,21.246603629404,4.1736300633475,451.338993901114,0.323288167374333,0.192518975308133,9.99666666666667,2
2025-11-12 09:45:00,21.246603629404,4.1736300633475,451.338993901114,0.323288167374333,0.192518975308133,9.904,2
2025-11-12 10:00:00,21.246603629404,4.1736300633475,451.338993901114,0.323288167374333,0.192518975308133,9.91866666666667,2
2025-11-12 10:15:00,21.175643311247,4.1785308630833,452.997422547057,0.318246747144566,0.195188257705067,10.1626666666667,2
2025-11-12 10:30:00,21.246603629404,4.1736300633475,451.338993901114,0.323288167374333,0.192518975308133,10.2453333333333,2
2025-11-12 10:45:00,21.246603629404,4.1777662668275,451.338993901114,0.323282674040333,0.1927054918275,10.3526666666667,2
2025-11-12 11:00:00,21.246603629404,4.1736300633475,451.338993901114,0.323288167374333,0.192518975308133,10.0453333333333,2
2025-11-12 11:15:00,21.246603629404,4.1736300633475,451.338993901114,0.323288167374333,0.192518975308133,9.31266666666667,2
2025-11-12 11:30:00,21.246603629404,4.1736300633475,451.338993901114,0.323288167374333,0.192518975308133,9.05,2
2025-11-12 11:45:00,21.246603629404,4.1736300633475,451.338993901114,0.323288167374333,0.192518975308133,8.384,2
2025-11-12 12:00:00,21.246603629404,4.1736300633475,451.338993901114,0.323288167374333,0.192518975308133,8.292,2
2025-11-12 12:15:00,21.246603629404,4.1736300633475,451.338993901114,0.323288167374333,0.192518975308133,7.82066666666667,2
2025-11-12 12:30:00,21.246603629404,4.1736300633475,451.338993901114,0.323288167374333,0.192518975308133,7.514,2
2025-11-12 12:45:00,21.246603629404,4.1736300633475,451.338993901114,0.323288167374333,0.192518975308133,7.18866666666667,2
2025-11-12 13:00:00,21.246603629404,4.1736300633475,451.338993901114,0.323288167374333,0.192518975308133,7.046,2
2025-11-12 13:15:00,21.246603629404,4.1736300633475,451.338993901114,0.323288167374333,0.192518975308133,7.014,2
2025-11-12 13:30:00,21.246603629404,4.1736300633475,451.338993901114,0.323288167374333,0.192518975308133,6.748,2
2025-11-12 13:45:00,21.246603629404,4.1736300633475,451.338993901114,0.323288167374333,0.192518975308133,6.822,2
2025-11-12 14:00:00,21.246603629404,4.1736300633475,451.338993901114,0.323288167374333,0.192518975308133,6.68733333333333,2
2025-11-12 14:15:00,21.246603629404,4.1736300633475,451.338993901114,0.323288167374333,0.192518975308133,6.54133333333333,2
2025-11-12 14:30:00,21.246603629404,4.1736300633475,451.338993901114,0.323288167374333,0.192518975308133,6.456,2
2025-11-12 14:45:00,21.246603629404,4.1736300633475,451.338993901114,0.323288167374333,0.192518975308133,6.186,2
2025-11-12 15:00:00,21.246603629404,4.1736300633475,451.338993901114,0.323288167374333,0.192518975308133,6.336,2
2025-11-12 15:15:00,21.246603629404,4.1736300633475,451.338993901114,0.323288167374333,0.192440445554467,6.26066666666667,2
2025-11-12 15:30:00,21.1698748612773,4.09179105638913,455.954628976327,0.317838578028233,0.2162707070444,6.53333333333333,2
2025-11-12 15:45:00,21.1740244471287,4.15773689283664,453.002579233774,0.319137786032833,0.1949138594042,7.03533333333333,2
2025-11-12 16:00:00,21.246603629404,4.1736300633475,451.338993901114,0.323288167374333,0.192430904377867,6.46333333333333,2
2025-11-12 16:15:00,21.246603629404,4.1736300633475,451.338993901114,0.323288167374333,0.192442350290467,7.42866666666667,2
2025-11-12 16:30:00,21.246603629404,4.1736300633475,451.338993901114,0.323288167374333,0.192440445554467,6.868,2
2025-11-12 16:45:00,21.246603629404,4.1736300633475,451.338993901114,0.323288167374333,0.192440445554467,6.334,2
2025-11-12 17:00:00,21.246603629404,4.1736300633475,451.338993901114,0.323288167374333,0.192440445554467,6.52666666666667,2
2025-11-12 17:15:00,21.246603629404,4.1736300633475,451.338993901114,0.323288167374333,0.192440445554467,6.66733333333333,2
2025-11-12 17:30:00,21.246603629404,4.1736300633475,451.338993901114,0.323288167374333,0.192440445554467,7.81,2
2025-11-12 17:45:00,21.246603629404,4.1736300633475,451.338993901114,0.323288167374333,0.192440445554467,8.35533333333333,2
2025-11-12 18:00:00,21.246603629404,4.1736300633475,451.338993901114,0.323288167374333,0.192440445554467,7.8,2
2025-11-12 18:15:00,21.246603629404,4.1736300633475,451.338993901114,0.323288167374333,0.192440445554467,6.662,2
2025-11-12 18:30:00,21.246603629404,4.1736300633475,451.338993901114,0.323288167374333,0.192440445554467,5.82533333333333,2
2025-11-12 18:45:00,21.246603629404,4.1736300633475,451.338993901114,0.323288167374333,0.192440445554467,4.82333333333333,2
2025-11-12 19:00:00,21.246603629404,4.1736300633475,451.338993901114,0.323288167374333,0.192440445554467,4.26733333333333,2
2025-11-12 19:15:00,21.246603629404,4.1736300633475,451.338993901114,0.323288167374333,0.192440445554467,4.454,2
2025-11-12 19:30:00,21.246603629404,4.1736300633475,451.338993901114,0.323288167374333,0.192440445554467,2.84466666666667,2
2025-11-12 19:45:00,21.246603629404,4.1736300633475,451.338993901114,0.323288167374333,0.192440445554467,2.90733333333333,2
2025-11-12 20:00:00,21.246603629404,4.1736300633475,451.338993901114,0.323288167374333,0.192440445554467,3.85533333333333,2
2025-11-12 20:15:00,21.246603629404,4.1736300633475,451.338993901114,0.323288167374333,0.192440445554467,3.788,2
2025-11-12 20:30:00,21.246603629404,4.1736300633475,451.338993901114,0.323288167374333,0.192440445554467,3.21333333333333,2
2025-11-12 20:45:00,21.246603629404,4.1736300633475,451.338993901114,0.323288167374333,0.192440445554467,3.066,2
2025-11-12 21:00:00,21.246603629404,4.1736300633475,451.338993901114,0.323288167374333,0.192440445554467,3.29533333333333,2
2025-11-12 21:15:00,21.246603629404,4.1736300633475,451.338993901114,0.323288167374333,0.192440445554467,4.53733333333333,2
2025-11-12 21:30:00,21.246603629404,4.1736300633475,451.338993901114,0.323288167374333,0.192440445554467,4.35,2
2025-11-12 21:45:00,21.246603629404,4.1736300633475,451.338993901114,0.323288167374333,0.192440445554467,3.60533333333333,2
2025-11-12 22:00:00,21.246603629404,4.1736300633475,451.338993901114,0.323288167374333,0.192440445554467,4.03866666666667,2
2025-11-12 22:15:00,21.246603629404,4.1736300633475,451.338993901114,0.323288167374333,0.192440445554467,4.21733333333333,2
2025-11-12 22:30:00,21.246603629404,4.1736300633475,451.338993901114,0.323288167374333,0.192440445554467,4.31666666666667,2
2025-11-12 22:45:00,21.246603629404,4.1736300633475,451.338993901114,0.323288167374333,0.192440445554467,4.44333333333333,2
2025-11-12 23:00:00,21.246603629404,4.1736300633475,451.338993901114,0.323288167374333,0.192440445554467,3.33933333333333,2
2025-11-12 23:15:00,21.246603629404,4.1736300633475,451.338993901114,0.323288167374333,0.192440445554467,2.972,2
2025-11-12 23:30:00,21.246603629404,4.1736300633475,451.338993901114,0.323288167374333,0.192440445554467,3.69066666666667,2
2025-11-12 23:45:00,21.246603629404,4.1736300633475,451.338993901114,0.323288167374333,0.192440445554467,3.17266666666667,2
2025-11-13 00:00:00,21.246603629404,4.1736300633475,451.338993901114,0.323288167374333,0.192440445554467,3.14466666666667,2
2025-11-13 00:15:00,21.246603629404,4.1736300633475,451.338993901114,0.323288167374333,0.192442350290467,2.68266666666667,2
2025-11-13 00:30:00,21.246603629404,4.1736300633475,451.338993901114,0.323288167374333,0.192440445554467,2.47,2
2025-11-13 00:45:00,21.246603629404,4.1736300633475,451.338993901114,0.323288167374333,0.192442350290467,3.068,2
2025-11-13 01:00:00,21.246603629404,4.1736300633475,451.338993901114,0.323288167374333,0.192440445554467,2.46133333333333,2
2025-11-13 01:15:00,21.246603629404,4.1736300633475,451.338993901114,0.323288167374333,0.192440445554467,2.56466666666667,2
2025-11-13 01:30:00,21.246603629404,4.1736300633475,451.338993901114,0.323288167374333,0.192518975308133,2.894,2
2025-11-13 01:45:00,21.246603629404,4.1736300633475,451.338993901114,0.323288167374333,0.192440445554467,2.98266666666667,2
2025-11-13 02:00:00,21.246603629404,4.1736300633475,451.338993901114,0.323288167374333,0.192518975308133,2.80666666666667,2
2025-11-13 02:15:00,21.246603629404,4.1736300633475,451.338993901114,0.323288167374333,0.192440445554467,2.924,2
2025-11-13 02:30:00,21.246603629404,4.1736300633475,451.338993901114,0.323288167374333,0.192440445554467,3.09066666666667,2
2025-11-13 02:45:00,21.246603629404,4.1736300633475,451.338993901114,0.323288167374333,0.192430904377867,4.812,2
2025-11-13 03:00:00,21.246603629404,4.1736300633475,451.338993901114,0.323288167374333,0.192430904377867,4.98133333333333,2
2025-11-13 03:15:00,21.246603629404,4.1736300633475,451.338993901114,0.323288167374333,0.192442350290467,4.702,2
2025-11-13 03:30:00,21.246603629404,4.1736300633475,451.338993901114,0.323288167374333,0.192442350290467,5.56933333333333,2
2025-11-13 03:45:00,21.1337424723173,4.1475342818073,452.852040395987,0.320722678483433,0.1946387341794,7.67866666666667,2
2025-11-13 04:00:00,21.1698748612773,3.98747377926247,455.932229643007,0.316692287579634,0.204589237249967,6.24133333333333,2
2025-11-13 04:15:00,21.246603629404,4.1736300633475,451.338993901114,0.323288167374333,0.192440445554467,4.78066666666667,2
2025-11-13 04:30:00,21.246603629404,4.1736300633475,451.338993901114,0.323288167374333,0.192440445554467,4.07933333333333,2
2025-11-13 04:45:00,21.246603629404,4.1736300633475,451.338993901114,0.323288167374333,0.192440445554467,3.74866666666667,2
2025-11-13 05:00:00,21.246603629404,4.1736300633475,451.338993901114,0.323288167374333,0.192440445554467,4.014,2
2025-11-13 05:15:00,21.246603629404,4.1736300633475,451.338993901114,0.323288167374333,0.192440445554467,4.61933333333333,2
2025-11-13 05:30:00,21.246603629404,4.1736300633475,451.338993901114,0.323288167374333,0.192442350290467,6.27533333333333,2
2025-11-13 05:45:00,21.246603629404,4.1736300633475,451.338993901114,0.323288167374333,0.192442350290467,6.7,2
2025-11-13 06:00:00,21.2436492198807,4.1751917619011,451.338993901114,0.323178474040333,0.192865001375667,7.25133333333333,2
2025-11-13 06:15:00,21.246603629404,4.1736300633475,451.338993901114,0.323288167374333,0.192442350290467,9.54266666666667,2
2025-11-13 06:30:00,21.246603629404,4.1736300633475,451.338993901114,0.323288167374333,0.192442350290467,7.116,2
2025-11-13 06:45:00,21.246603629404,4.1736300633475,451.338993901114,0.323288167374333,0.192440445554467,5.172,2
2025-11-13 07:00:00,21.246603629404,4.1736300633475,451.338993901114,0.323288167374333,0.192440445554467,4.768,2
2025-11-13 07:15:00,21.246603629404,4.1736300633475,451.338993901114,0.323288167374333,0.192440445554467,4.438,2
2025-11-13 07:30:00,21.246603629404,4.1736300633475,451.338993901114,0.323288167374333,0.192440445554467,5.48266666666667,2
2025-11-13 07:45:00,21.246603629404,4.1736300633475,451.338993901114,0.323288167374333,0.192442350290467,5.09666666666667,2
2025-11-13 08:00:00,21.246603629404,4.1736300633475,451.338993901114,0.323288167374333,0.192440445554467,4.80133333333333,2
2025-11-13 08:15:00,21.246603629404,4.1736300633475,451.338993901114,0.323288167374333,0.192440445554467,4.59866666666667,2
2025-11-13 08:30:00,21.246603629404,4.1736300633475,451.338993901114,0.323288167374333,0.192440445554467,5.23533333333333,2
2025-11-13 08:45:00,21.246603629404,4.1736300633475,451.338993901114,0.323288167374333,0.192440445554467,5.63933333333333,2
2025-11-13 09:00:00,21.246603629404,4.1736300633475,451.338993901114,0.323288167374333,0.192440445554467,5.98466666666667,2
2025-11-13 09:15:00,21.246603629404,4.1736300633475,451.338993901114,0.323288167374333,0.192440445554467,5.76333333333333,2
2025-11-13 09:30:00,21.246603629404,4.1736300633475,451.338993901114,0.323288167374333,0.192440445554467,5.74866666666667,2
2025-11-13 09:45:00,21.246603629404,4.1736300633475,451.338993901114,0.323288167374333,0.192440445554467,5.84733333333333,2
2025-11-13 10:00:00,21.246603629404,4.1736300633475,451.338993901114,0.323288167374333,0.192440445554467,5.652,2
2025-11-13 10:15:00,21.246603629404,4.1736300633475,451.338993901114,0.323288167374333,0.192440445554467,6.97866666666667,2
2025-11-13 10:30:00,21.246603629404,4.1736300633475,451.338993901114,0.323288167374333,0.192440445554467,6.38333333333333,2
2025-11-13 10:45:00,21.246603629404,4.1736300633475,451.338993901114,0.323288167374333,0.192440445554467,4.97466666666667,2
2025-11-13 11:00:00,21.246603629404,4.1736300633475,451.338993901114,0.323288167374333,0.192440445554467,4.59333333333333,2
2025-11-13 11:15:00,21.246603629404,4.1736300633475,451.338993901114,0.323288167374333,0.192518975308133,2.78,2
2025-11-13 11:30:00,21.246603629404,4.1736300633475,451.338993901114,0.323288167374333,0.192518975308133,2.52066666666667,2
2025-11-13 11:45:00,21.246603629404,4.1736300633475,451.338993901114,0.323288167374333,0.192518975308133,2.50466666666667,2
2025-11-13 12:00:00,21.246603629404,4.1736300633475,451.338993901114,0.323288167374333,0.192518975308133,3.16866666666667,2
2025-11-13 12:15:00,21.246603629404,4.1736300633475,451.338993901114,0.323288167374333,0.192440445554467,2.872,2
2025-11-13 12:30:00,21.246603629404,4.1736300633475,451.338993901114,0.323288167374333,0.192440445554467,2.57533333333333,2
2025-11-13 12:45:00,21.246603629404,4.1736300633475,451.338993901114,0.323288167374333,0.192518975308133,2.41866666666667,2
2025-11-13 13:00:00,21.246603629404,4.1736300633475,451.338993901114,0.323288167374333,0.192518975308133,2.14933333333333,2
2025-11-13 13:15:00,21.246603629404,4.1736300633475,451.338993901114,0.323288167374333,0.192518975308133,2.08533333333333,2
2025-11-13 13:30:00,21.246603629404,4.1736300633475,451.338993901114,0.323288167374333,0.192440445554467,1.878,2
2025-11-13 13:45:00,21.246603629404,4.1736300633475,451.338993901114,0.323288167374333,0.192440445554467,2.01466666666667,2
2025-11-13 14:00:00,21.246603629404,4.1736300633475,451.338993901114,0.323288167374333,0.192440445554467,1.75,2
2025-11-13 14:15:00,21.246603629404,4.1736300633475,451.338993901114,0.323288167374333,0.192151865811033,1.922,2
2025-11-13 14:30:00,21.246603629404,4.1736300633475,451.338993901114,0.323288167374333,0.192440445554467,1.49666666666667,2
2025-11-13 14:45:00,21.246603629404,4.1736300633475,451.338993901114,0.323288167374333,0.192440445554467,1.75266666666667,2
2025-11-13 15:00:00,21.246603629404,4.1736300633475,451.338993901114,0.323288167374333,0.192440445554467,1.50933333333333,2
2025-11-13 15:15:00,21.246603629404,4.1736300633475,451.338993901114,0.323288167374333,0.192440445554467,1.39266666666667,2
2025-11-13 15:30:00,21.0479604656273,3.98575763801914,455.892678316317,0.315100186245567,0.165669330996633,1.80866666666667,2
2025-11-13 15:45:00,21.0479604656273,3.9837861968158,455.959117983067,0.317145514471267,0.1962979369481,1.962,2
2025-11-13 16:00:00,21.0479604656273,3.99016591769914,455.843411249651,0.314919543801467,0.177024680626,2.004,2
2025-11-13 16:15:00,21.0479604656273,3.98575763801914,455.892678316317,0.314816703579567,0.166071288894733,2.63133333333333,2
2025-11-13 16:30:00,21.4562331654677,4.24640113367164,456.863181854564,0.3201852693655,0.196801132154133,2.10866666666667,2
2025-11-13 16:45:00,21.12102468562,4.1475342818073,452.852040395987,0.320844381815766,0.1944116823974,2.018,2
2025-11-13 17:00:00,21.246603629404,4.1736300633475,451.338993901114,0.323288167374333,0.192440445554467,1.94266666666667,2
2025-11-13 17:15:00,21.246603629404,4.1736300633475,451.338993901114,0.323288167374333,0.192440445554467,2.13733333333333,2
2025-11-13 17:30:00,21.246603629404,4.1736300633475,451.338993901114,0.323288167374333,0.192440445554467,2.31066666666667,2
2025-11-13 17:45:00,21.1643184544003,4.03622757309114,455.936899942927,0.319430114469666,0.196223764736733,2.74,2
2025-11-13 18:00:00,21.0479604656273,3.98575763801914,455.892678316317,0.315100186245567,0.165669330996633,3.35333333333333,2
2025-11-13 18:15:00,21.1401880095573,3.99034604719914,455.951587316401,0.317877625358367,0.204769775975467,3.39933333333333,2
2025-11-13 18:30:00,21.183188482949,4.1873766733233,452.958517224801,0.319029524478033,0.195431805943433,4.05133333333333,2
2025-11-13 18:45:00,21.0479604656273,3.98182242679914,455.878969896347,0.3150463002434,0.166077636911367,4.49333333333333,2
2025-11-13 19:00:00,21.0479604656273,3.98716824019914,455.843411249651,0.315081488247967,0.172968218934633,4.65466666666667,2
2025-11-13 19:15:00,21.1805887318353,4.07868685643447,456.04041789421,0.319636378474266,0.196349537650467,4.24066666666667,2
2025-11-13 19:30:00,21.246603629404,4.1736300633475,451.338993901114,0.323288167374333,0.192236951412533,4.30133333333333,2
2025-11-13 19:45:00,21.24852566717,4.14490353313777,451.338993901114,0.323282674040333,0.192828320842733,4.92533333333333,2
2025-11-13 20:00:00,21.0563673399393,4.12321858936297,452.775193187387,0.325067744257867,0.1932728449018,6.224,2
2025-11-13 20:15:00,21.246603629404,4.1736300633475,451.338993901114,0.323288167374333,0.192440445554467,5.642,2
2025-11-13 20:30:00,21.246603629404,4.1736300633475,451.338993901114,0.323288167374333,0.192440445554467,3.80266666666667,2
2025-11-13 20:45:00,21.246603629404,4.1736300633475,451.338993901114,0.323288167374333,0.192440445554467,3.73066666666667,2
2025-11-13 21:00:00,21.246603629404,4.1736300633475,451.338993901114,0.323288167374333,0.192440445554467,3.946,2
2025-11-13 21:15:00,21.246603629404,4.1736300633475,451.338993901114,0.323288167374333,0.192440445554467,5.13933333333333,2
2025-11-13 21:30:00,21.246603629404,4.1736300633475,451.338993901114,0.323288167374333,0.192440445554467,4.594,2
2025-11-13 21:45:00,21.246603629404,4.1736300633475,451.338993901114,0.323288167374333,0.192440445554467,3.70066666666667,2
2025-11-13 22:00:00,21.246603629404,4.1736300633475,451.338993901114,0.323288167374333,0.192440445554467,3.66066666666667,2
2025-11-13 22:15:00,21.246603629404,4.1736300633475,451.338993901114,0.323288167374333,0.192440445554467,3.67133333333333,2
2025-11-13 22:30:00,21.246603629404,4.1736300633475,451.338993901114,0.323288167374333,0.192440445554467,3.05,2
2025-11-13 22:45:00,21.246603629404,4.1736300633475,451.338993901114,0.323288167374333,0.192440445554467,3.622,2
2025-11-13 23:00:00,21.246603629404,4.1736300633475,451.338993901114,0.323288167374333,0.192440445554467,2.772,2
2025-11-13 23:15:00,21.246603629404,4.1736300633475,451.338993901114,0.323288167374333,0.192440445554467,2.54733333333333,2
2025-11-13 23:30:00,21.246603629404,4.1736300633475,451.338993901114,0.323288167374333,0.192518975308133,2.82466666666667,2
2025-11-13 23:45:00,21.246603629404,4.1736300633475,451.338993901114,0.323288167374333,0.192440445554467,2.962,2
2025-11-14 00:00:00,21.246603629404,4.1736300633475,451.338993901114,0.323288167374333,0.192151865811033,3.392,2
2025-11-14 00:15:00,21.246603629404,4.1736300633475,451.338993901114,0.323288167374333,0.192442350290467,3.55266666666667,2
2025-11-14 00:30:00,21.246603629404,4.1736300633475,451.338993901114,0.323288167374333,0.192440445554467,4.28066666666667,2
2025-11-14 00:45:00,21.246603629404,4.1736300633475,451.338993901114,0.323288167374333,0.192440445554467,3.18066666666667,2
2025-11-14 01:00:00,21.246603629404,4.1736300633475,451.338993901114,0.323288167374333,0.192440445554467,2.46933333333333,2
2025-11-14 01:15:00,21.246603629404,4.1736300633475,451.338993901114,0.323288167374333,0.192440445554467,2.434,2
2025-11-14 01:30:00,21.246603629404,4.1736300633475,451.338993901114,0.323288167374333,0.192440445554467,2.13333333333333,2
2025-11-14 01:45:00,21.246603629404,4.1736300633475,451.338993901114,0.323288167374333,0.192440445554467,2.144,2
2025-11-14 02:00:00,21.246603629404,4.1736300633475,451.338993901114,0.323288167374333,0.192440445554467,3.152,2
2025-11-14 02:15:00,21.246603629404,4.1736300633475,451.338993901114,0.323288167374333,0.192440445554467,3.954,2
2025-11-14 02:30:00,21.246603629404,4.1736300633475,451.338993901114,0.323288167374333,0.192442350290467,2.96533333333333,2
2025-11-14 02:45:00,21.246603629404,4.1736300633475,451.338993901114,0.323288167374333,0.192440445554467,2.34066666666667,2
2025-11-14 03:00:00,21.246603629404,4.1736300633475,451.338993901114,0.323288167374333,0.192440445554467,2.754,2
2025-11-14 03:15:00,21.246603629404,4.1736300633475,451.338993901114,0.323288167374333,0.192440445554467,2.97466666666667,2
2025-11-14 03:30:00,21.246603629404,4.1736300633475,451.338993901114,0.323288167374333,0.192440445554467,2.76266666666667,2
2025-11-14 03:45:00,21.246603629404,4.1736300633475,451.338993901114,0.323288167374333,0.192440445554467,2.962,2
2025-11-14 04:00:00,21.246603629404,4.1736300633475,451.338993901114,0.323288167374333,0.192440445554467,2.88733333333333,2
2025-11-14 04:15:00,21.246603629404,4.1736300633475,451.338993901114,0.323288167374333,0.192440445554467,2.824,2
2025-11-14 04:30:00,21.246603629404,4.1736300633475,451.338993901114,0.323288167374333,0.192518975308133,2.81466666666667,2
2025-11-14 04:45:00,21.246603629404,4.1736300633475,451.338993901114,0.323288167374333,0.192518975308133,2.346,2
2025-11-14 05:00:00,21.246603629404,4.1736300633475,451.338993901114,0.323288167374333,0.192518975308133,2.54733333333333,2
2025-11-14 05:15:00,21.246603629404,4.1736300633475,451.338993901114,0.323288167374333,0.192518975308133,2.03066666666667,2
2025-11-14 05:30:00,21.246603629404,4.1736300633475,451.338993901114,0.323288167374333,0.192518975308133,1.53733333333333,2
2025-11-14 05:45:00,21.246603629404,4.1736300633475,451.338993901114,0.323288167374333,0.192518975308133,1.42933333333333,2
2025-11-14 06:00:00,21.246603629404,4.1736300633475,451.338993901114,0.323288167374333,0.192518975308133,1.79466666666667,2
2025-11-14 06:15:00,21.246603629404,4.1736300633475,451.338993901114,0.323225354040333,0.192505318046133,1.01933333333333,2
2025-11-14 06:30:00,21.246603629404,4.1736300633475,451.338993901114,0.323288167374333,0.192505318046133,1.16333333333333,2
2025-11-14 06:45:00,21.246603629404,4.1736300633475,451.338993901114,0.323288167374333,0.192518975308133,1.90066666666667,2
2025-11-14 07:00:00,21.246603629404,4.1736300633475,451.338993901114,0.323288167374333,0.192518975308133,1.592,2
2025-11-14 07:15:00,21.246603629404,4.1736300633475,451.338993901114,0.323225354040333,0.192505318046133,0.751333333333333,2
2025-11-14 07:30:00,21.246603629404,4.1736300633475,451.338993901114,0.323225354040333,0.192505318046133,0.796,2
2025-11-14 07:45:00,21.246603629404,4.1736300633475,451.338993901114,0.323225354040333,0.192505318046133,0.586,2
2025-11-14 08:00:00,21.246603629404,4.1727786153975,451.338993901114,0.323225354040333,0.192505318046133,0.628666666666667,2
2025-11-14 08:15:00,21.246603629404,4.1736300633475,451.338993901114,0.323225354040333,0.192505318046133,0.304666666666667,2
2025-11-14 08:30:00,21.246603629404,4.1727786153975,451.338993901114,0.323225354040333,0.192505318046133,0.332,2
2025-11-14 08:45:00,21.246603629404,4.1727786153975,451.338993901114,0.323225354040333,0.192505318046133,0.242666666666667,2
2025-11-14 09:00:00,21.246603629404,4.1727786153975,451.338993901114,0.323225354040333,0.192505318046133,0.236666666666667,2
2025-11-14 09:15:00,21.246603629404,4.1727786153975,451.338993901114,0.323225354040333,0.192490540163133,0.180666666666667,2
2025-11-14 09:30:00,21.246603629404,4.1727786153975,451.338993901114,0.323225354040333,0.192505318046133,0.209333333333333,2
2025-11-14 09:45:00,21.246603629404,4.1727786153975,451.338993901114,0.323225354040333,0.192505318046133,0.132,2
2025-11-14 10:00:00,21.246603629404,4.1727786153975,451.338993901114,0.323225354040333,0.192505318046133,0.101333333333333,2
2025-11-14 10:15:00,21.246603629404,4.1727786153975,451.338993901114,0.323225354040333,0.192505318046133,0.0786666666666667,2
2025-11-14 10:30:00,21.246603629404,4.1727786153975,451.338993901114,0.323225354040333,0.192490540163133,0.114,2
2025-11-14 10:45:00,21.246603629404,4.1727786153975,451.338993901114,0.323225354040333,0.192490540163133,0.192,2
2025-11-14 11:00:00,21.246603629404,4.1727786153975,451.338993901114,0.323225354040333,0.192505318046133,0.153333333333333,2
2025-11-14 11:15:00,21.246603629404,4.1727786153975,451.338993901114,0.323225354040333,0.192505318046133,0.106,2
2025-11-14 11:30:00,21.246603629404,4.1727786153975,451.338993901114,0.323225354040333,0.192505318046133,0.136666666666667,2
2025-11-14 11:45:00,21.246603629404,4.1727786153975,451.338993901114,0.323225354040333,0.192505318046133,0.115333333333333,2
2025-11-14 12:00:00,21.246603629404,4.1727786153975,451.338993901114,0.323225354040333,0.192505318046133,0.117333333333333,2
2025-11-14 12:15:00,21.246603629404,4.1727786153975,451.338993901114,0.323225354040333,0.192505318046133,0.140666666666667,2
2025-11-14 12:30:00,21.246603629404,4.1727786153975,451.338993901114,0.323225354040333,0.192505318046133,0.14,2
2025-11-14 12:45:00,21.246603629404,4.1727786153975,451.338993901114,0.323225354040333,0.192505318046133,0.108666666666667,2
2025-11-14 13:00:00,21.246603629404,4.1736300633475,451.338993901114,0.323225354040333,0.192505318046133,0.197333333333333,2
2025-11-14 13:15:00,21.246603629404,4.1736300633475,451.338993901114,0.323225354040333,0.192505318046133,0.184,2
2025-11-14 13:30:00,21.246603629404,4.1736300633475,451.338993901114,0.323288167374333,0.192505318046133,1.028,2
2025-11-14 13:45:00,21.246603629404,4.1736300633475,451.338993901114,0.323225354040333,0.192505318046133,0.162666666666667,2
2025-11-14 14:00:00,21.246603629404,4.1736300633475,451.338993901114,0.323225354040333,0.192505318046133,0.164666666666667,2
2025-11-14 14:15:00,21.246603629404,4.1736300633475,451.338993901114,0.323225354040333,0.192505318046133,0.230666666666667,2
2025-11-14 14:30:00,21.246603629404,4.1736300633475,451.338993901114,0.323288167374333,0.192518975308133,0.282666666666667,2
2025-11-14 14:45:00,21.246603629404,4.1736300633475,451.338993901114,0.323288167374333,0.192518975308133,0.233,2
2025-11-14 15:00:00,21.246603629404,4.1736300633475,451.338993901114,0.323225354040333,0.192505318046133,0.175333333333333,2
2025-11-14 15:15:00,21.246603629404,4.1736300633475,451.338993901114,0.323288167374333,0.192440445554467,0.189333333333333,2
2025-11-14 15:30:00,21.246603629404,4.1736300633475,451.338993901114,0.323288167374333,0.192505318046133,0.188,2
2025-11-14 15:45:00,21.246603629404,4.1736300633475,451.338993901114,0.323288167374333,0.192440445554467,0.263333333333333,2
2025-11-14 16:00:00,21.246603629404,4.1736300633475,451.338993901114,0.323288167374333,0.192518975308133,0.298666666666667,2
2025-11-14 16:15:00,21.246603629404,4.1736300633475,451.338993901114,0.323288167374333,0.192518975308133,0.278,2
2025-11-14 16:30:00,21.246603629404,4.1736300633475,451.338993901114,0.323288167374333,0.192518975308133,0.560666666666667,2
2025-11-14 16:45:00,21.246603629404,4.1736300633475,451.338993901114,0.323288167374333,0.192518975308133,0.615333333333333,2
2025-11-14 17:00:00,21.246603629404,4.1736300633475,451.338993901114,0.323288167374333,0.192518975308133,1.00466666666667,2
2025-11-14 17:15:00,21.246603629404,4.1736300633475,451.338993901114,0.323288167374333,0.192518975308133,0.422666666666667,2
2025-11-14 17:30:00,21.246603629404,4.1736300633475,451.338993901114,0.323288167374333,0.192518975308133,0.330666666666667,2
2025-11-14 17:45:00,21.246603629404,4.1736300633475,451.338993901114,0.323288167374333,0.192440445554467,0.372666666666667,2
2025-11-14 18:00:00,21.246603629404,4.1736300633475,451.338993901114,0.323288167374333,0.192440445554467,0.501333333333333,2
2025-11-14 18:15:00,21.246603629404,4.1736300633475,451.338993901114,0.323288167374333,0.192440445554467,0.622666666666667,2
2025-11-14 18:30:00,21.246603629404,4.1736300633475,451.338993901114,0.323288167374333,0.192440445554467,0.919333333333333,2
2025-11-14 18:45:00,21.246603629404,4.1736300633475,451.338993901114,0.323288167374333,0.192440445554467,3.50866666666667,2
2025-11-14 19:00:00,21.246603629404,4.1736300633475,451.338993901114,0.323288167374333,0.192440445554467,0.743333333333333,2
2025-11-14 19:15:00,21.246603629404,4.1736300633475,451.338993901114,0.323288167374333,0.192440445554467,0.618,2
2025-11-14 19:30:00,21.246603629404,4.1736300633475,451.338993901114,0.323288167374333,0.192440445554467,0.628666666666667,2
2025-11-14 19:45:00,21.246603629404,4.1736300633475,451.338993901114,0.323288167374333,0.192440445554467,0.695333333333333,2
2025-11-14 20:00:00,21.246603629404,4.1736300633475,451.338993901114,0.323288167374333,0.192440445554467,2.114,2
2025-11-14 20:15:00,21.246603629404,4.1736300633475,451.338993901114,0.323288167374333,0.192442350290467,4.21,2
2025-11-14 20:30:00,21.246603629404,4.1736300633475,451.338993901114,0.323288167374333,0.192442350290467,6.68066666666667,2
2025-11-14 20:45:00,21.0479604656273,3.98182242679914,455.878969896347,0.3150463002434,0.166089082823967,9.58466666666667,2
2025-11-14 21:00:00,21.0479604656273,3.98263241807914,455.878969896347,0.315714742684767,0.166127161678767,10.132,2
2025-11-14 21:15:00,21.4633714763917,4.24640113367164,456.864123187947,0.3201852693655,0.196918995378033,7.05133333333333,2
2025-11-14 21:30:00,21.0479604656273,3.98575763801914,455.892678316317,0.314908122245567,0.166059842982133,7.65,2
2025-11-14 21:45:00,21.0609057485093,4.1238473398963,452.775193187387,0.325075728258067,0.1932894142306,6.41066666666667,2
2025-11-14 22:00:00,21.0479604656273,3.98389359342914,455.878969896347,0.303697032682167,0.166371159594733,10.226,2
2025-11-14 22:15:00,21.0479604656273,3.98930140363914,455.878969896347,0.2970161491426,0.166600398800733,11.82,2
2025-11-14 22:30:00,21.0479604656273,3.98930140363914,455.878969896347,0.2970161491426,0.166935247204667,12.5666666666667,2
2025-11-14 22:45:00,21.0479604656273,3.98930140363914,455.764519949637,0.2970161491426,0.166680108480267,15.032,2
2025-11-14 23:00:00,21.0479604656273,3.98930140363914,455.878969896347,0.2970161491426,0.166600398800733,13.3,2
2025-11-14 23:15:00,21.0479604656273,3.98930140363914,455.878969896347,0.2970161491426,0.166600398800733,11.7366666666667,2
2025-11-14 23:30:00,21.0479604656273,3.98930140363914,455.878969896347,0.2970161491426,0.166600398800733,11.4713333333333,2
2025-11-14 23:45:00,21.0479604656273,3.98930140363914,455.878969896347,0.2968601224766,0.166617419252933,10.948,2
2025-11-15 00:00:00,21.0479604656273,3.98930140363914,455.878969896347,0.2968601224766,0.166605973340333,12.0286666666667,2
2025-11-15 00:15:00,21.0479604656273,3.98457754782914,455.878969896347,0.302048516906633,0.166243348292233,8.81266666666667,2
2025-11-15 00:30:00,21.0479604656273,3.98575763801914,455.892678316317,0.315035578245567,0.165669330996633,6.65866666666667,2
2025-11-15 00:45:00,21.1401880095573,3.9844140153358,455.951587316401,0.3174497675809,0.1884224032306,6.04363636363636,2
2025-11-15 01:00:00,21.2436492198807,4.17201144563443,451.338993901114,0.323178474040333,0.192676122455467,6.17533333333333,2
2025-11-15 01:15:00,21.0479604656273,3.98716824019914,455.795678502907,0.314768999355867,0.168428700923167,8.13733333333333,2
2025-11-15 01:30:00,21.0479604656273,3.98773325535914,455.806335383017,0.316266452687367,0.2046558988174,9.05533333333333,2
2025-11-15 01:45:00,21.0479604656273,3.98716824019914,455.885914582917,0.314808509355367,0.168375420613367,9.80733333333333,2
2025-11-15 02:00:00,21.0479604656273,3.98716824019914,455.843411249651,0.315005968245867,0.169023579892533,9.33266666666667,2
2025-11-15 02:15:00,21.0479604656273,3.98575763801914,455.795678502907,0.3150277666889,0.1645990778052,9.44533333333333,2
2025-11-15 02:30:00,21.0479604656273,3.98575763801914,455.828428502907,0.315136482245567,0.165175215239733,8.064,2
2025-11-15 02:45:00,21.0479604656273,3.98716824019914,455.843411249651,0.314916523801467,0.176458975723733,7.21666666666667,2
2025-11-15 03:00:00,21.246603629404,4.1736300633475,451.338993901114,0.323288167374333,0.192442350290467,6.68466666666667,2
2025-11-15 03:15:00,21.246603629404,4.1736300633475,451.338993901114,0.323288167374333,0.192442350290467,4.936,2
2025-11-15 03:30:00,21.246603629404,4.1736300633475,451.338993901114,0.323288167374333,0.192442350290467,4.65733333333333,2
2025-11-15 03:45:00,21.0479604656273,3.9837861968158,455.959117983067,0.316607970022933,0.216639826781633,7.20533333333333,2
2025-11-15 04:00:00,21.1401880095573,3.99034604719914,455.951337860851,0.317664406913433,0.2052156066034,8.54933333333333,2
2025-11-15 04:15:00,21.246603629404,4.1736300633475,451.338993901114,0.323288167374333,0.192442350290467,3.89266666666667,2
2025-11-15 04:30:00,21.246603629404,4.1668848856975,451.338993901114,0.323524954040333,0.192440445554467,2.06266666666667,2
2025-11-15 04:45:00,21.2226668077757,4.2007372525003,453.003299440267,0.319782994700133,0.1957860768576,8.57466666666667,2
2025-11-15 05:00:00,21.0479604656273,3.98182242679914,455.851634936457,0.315239209576067,0.165733041090133,10.3273333333333,2
2025-11-15 05:15:00,21.0479604656273,3.98389359342914,455.764519949637,0.303720875348967,0.166141295321933,10.29,2
2025-11-15 05:30:00,21.0479604656273,3.98263241807914,455.798158696347,0.314155483569867,0.165919761531533,6.96666666666667,2
2025-11-15 05:45:00,21.1740244471287,4.16009632043664,453.002579233774,0.3190422526995,0.194960875968433,8.23733333333333,2
2025-11-15 06:00:00,21.0479604656273,3.98389359342914,455.878969896347,0.303541006016167,0.166080410334833,4.59533333333333,2
2025-11-15 06:15:00,21.1802787577183,4.18176790669997,452.893747791317,0.319758082699367,0.195496352678433,3.81,2
2025-11-15 06:30:00,21.246603629404,4.1736300633475,451.338993901114,0.323288167374333,0.192440445554467,2.19333333333333,2
2025-11-15 06:45:00,21.1643184544003,4.03904175150447,455.936899942927,0.318242313579266,0.196247979939033,4.372,2
2025-11-15 07:00:00,21.246603629404,4.1736300633475,451.338993901114,0.323288167374333,0.192430904377867,4.708,2
2025-11-15 07:15:00,21.0563673399393,4.12321858936297,452.775193187387,0.325067744257867,0.1932613989892,5.59666666666667,2
2025-11-15 07:30:00,21.0479604656273,3.98389359342914,455.764519949637,0.305115214904334,0.166053111695967,5.16066666666667,2
2025-11-15 07:45:00,21.0479604656273,3.98575763801914,455.802442236307,0.3150277666889,0.165323393529633,7.11933333333333,2
2025-11-15 08:00:00,21.0479604656273,3.98389359342914,455.780260483067,0.3015407353494,0.166414158563767,7.78466666666667,2
2025-11-15 08:15:00,21.0479604656273,3.98263241807914,455.764519949637,0.3158343871281,0.165609452813567,9.938,2
2025-11-15 08:30:00,21.0479604656273,3.98389251802914,455.781498669827,0.302111330238633,0.166413804532133,12.5346666666667,2
2025-11-15 08:45:00,21.0479604656273,3.9863813520958,455.780260483067,0.2968805958106,0.166232672474567,9.084,2
2025-11-15 09:00:00,21.0479604656273,3.98930140363914,455.781498669827,0.2969229358086,0.166674733306267,9.65133333333333,2
2025-11-15 09:15:00,21.0479604656273,3.98930140363914,455.764519949637,0.2970161491426,0.1663283047594,9.94666666666667,2
2025-11-15 09:30:00,21.0479604656273,3.98457754782914,455.764519949637,0.302427410238633,0.166066522578833,7.81933333333333,2
2025-11-15 09:45:00,21.0479604656273,3.98457754782914,455.764519949637,0.302204543572633,0.165670748472667,8.01666666666667,2
2025-11-15 10:00:00,21.0479604656273,3.98773325535914,455.862932716317,0.316121872687367,0.189901689124033,6.708,2
2025-11-15 10:15:00,21.19093481307,4.14762141891443,451.338993901114,0.323837183820567,0.193322840424033,5.10066666666667,2
2025-11-15 10:30:00,21.246603629404,4.1736300633475,451.338993901114,0.323288167374333,0.192442350290467,3.732,2
2025-11-15 10:45:00,21.0479604656273,3.98575763801914,455.862067249617,0.315061215579567,0.165306185006467,4.79866666666667,2
2025-11-15 11:00:00,21.0479604656273,3.9860630336958,455.764519949637,0.2967124651434,0.1657731818644,6.254,2
2025-11-15 11:15:00,21.0479604656273,3.98930140363914,455.781498669827,0.2969229358086,0.166102112922467,6.92333333333333,2
2025-11-15 11:30:00,21.0479604656273,3.9863813520958,455.781498669827,0.2964393824766,0.1657388694691,6.44133333333333,2
2025-11-15 11:45:00,21.0479604656273,3.9860630336958,455.764519949637,0.297532781354067,0.1657902023166,5.912,2
2025-11-15 12:00:00,21.0479604656273,3.9863813520958,455.812070456467,0.294786837586367,0.1659842573419,5.84666666666667,2
2025-11-15 12:15:00,21.0479604656273,3.98389359342914,455.781498669827,0.302448287794867,0.165919925219467,5.20666666666667,2
2025-11-15 12:30:00,21.0479604656273,3.9863813520958,455.781498669827,0.2966566291436,0.1656317522419,5.322,2
2025-11-15 12:45:00,21.0479604656273,3.9860630336958,455.764519949637,0.296569984686067,0.1652428827221,4.842,2
2025-11-15 13:00:00,21.0479604656273,3.98389359342914,455.764519949637,0.302878825572867,0.1659545315134,4.32333333333333,2
2025-11-15 13:15:00,21.0479604656273,3.9863813520958,455.153439825547,0.295228314256867,0.1662085343779,4.77666666666667,2
2025-11-15 13:30:00,21.0479604656273,3.9863813520958,455.764519949637,0.2965564384774,0.166041841797,4.84,2
2025-11-15 13:45:00,21.0479604656273,3.98182242679914,455.764519949637,0.315444446020733,0.165733153259433,3.414,2
2025-11-15 14:00:00,21.0479604656273,3.98930140363914,455.781498669827,0.2969229358086,0.1664539508329,6.12133333333333,2
2025-11-15 14:15:00,21.0479604656273,3.98930140363914,455.764519949637,0.2970161491426,0.165899581951267,7.92066666666667,2
2025-11-15 14:30:00,21.0479604656273,3.98930140363914,455.153439825547,0.295711867588867,0.1668008813933,9.46333333333333,2
2025-11-15 14:45:00,21.0479604656273,3.98930140363914,455.764519949637,0.2970161491426,0.166282350901967,8.374,2
2025-11-15 15:00:00,21.0479604656273,3.98930140363914,455.781498669827,0.2969229358086,0.166422764878767,6.63333333333333,2
2025-11-15 15:15:00,21.0479604656273,3.98930140363914,455.153439825547,0.295711867588867,0.166449043482867,9.44933333333333,2
2025-11-15 15:30:00,21.0479604656273,3.98930140363914,455.764519949637,0.2968601224766,0.165928635374567,8.568,2
2025-11-15 15:45:00,21.0479604656273,3.98930140363914,455.764519949637,0.2968601224766,0.1663833095681,7.02533333333333,2
2025-11-15 16:00:00,21.0479604656273,3.98930140363914,455.764519949637,0.2968839651434,0.166443684898233,6.634,2
2025-11-15 16:15:00,21.0479604656273,3.98930140363914,455.764519949637,0.2968601224766,0.165993487301167,6.92,2
2025-11-15 16:30:00,21.0479604656273,3.98930140363914,455.783615203127,0.2970399918094,0.1666171993059,9.512,2
2025-11-15 16:45:00,21.0479604656273,3.98930140363914,455.764519949637,0.2970161491426,0.166389001452033,9.57266666666667,2
2025-11-15 17:00:00,21.0479604656273,3.98930140363914,455.878969896347,0.2970161491426,0.166545140132167,8.47266666666667,2
2025-11-15 17:15:00,21.0479604656273,3.98930140363914,455.764519949637,0.2970161491426,0.166518091734567,7.802,2
2025-11-15 17:30:00,21.0479604656273,3.98930140363914,455.878969896347,0.2970161491426,0.166545140132167,6.75866666666667,2
2025-11-15 17:45:00,21.0479604656273,3.98930140363914,455.878969896347,0.2970161491426,0.166191518940733,6.766,2
2025-11-15 18:00:00,21.0479604656273,3.98930140363914,455.878969896347,0.2970161491426,0.166191518940733,5.96,2
2025-11-15 18:15:00,21.0479604656273,3.98861637383914,455.878969896347,0.2970161491426,0.166577206582533,6.41533333333333,2
2025-11-15 18:30:00,21.0479604656273,3.98930140363914,455.764519949637,0.2970161491426,0.1662743939243,5.152,2
2025-11-15 18:45:00,21.0479604656273,3.97326724340914,455.878969896347,0.297017588472834,0.1661933590731,3.708,2
2025-11-15 19:00:00,21.0479604656273,3.96475278183247,455.878969896347,0.304970708234767,0.1661010405402,2.61,2
2025-11-15 19:15:00,21.0479604656273,3.98930140363914,455.764519949637,0.2970161491426,0.1661343724981,4.15266666666667,2
2025-11-15 19:30:00,21.0479604656273,3.9713693057958,455.878969896347,0.2976023680307,0.166724567982333,5.772,2
2025-11-15 19:45:00,21.0479604656273,3.97260680442247,455.764519949637,0.2970161491426,0.166284335218867,8.70066666666667,2
2025-11-15 20:00:00,21.0479604656273,3.98930140363914,455.878969896347,0.2970161491426,0.166562129638667,9.01533333333333,2
2025-11-15 20:15:00,21.0479604656273,3.98930140363914,455.878969896347,0.2970161491426,0.166935247204667,9.15133333333333,2
2025-11-15 20:30:00,21.0479604656273,3.98930140363914,455.764519949637,0.2970161491426,0.165917420364567,8.47866666666667,2
2025-11-15 20:45:00,21.0479604656273,3.98930140363914,455.764519949637,0.2970161491426,0.1660907678741,7.39666666666667,2
2025-11-15 21:00:00,21.0479604656273,3.98930140363914,455.878969896347,0.2968601224766,0.166191518940733,6.248,2
2025-11-15 21:15:00,21.0479604656273,3.98930140363914,455.764519949637,0.2970161491426,0.1660907678741,6.222,2
2025-11-15 21:30:00,21.0479604656273,3.98930140363914,455.152171418847,0.295708876476867,0.1670234276435,6.31333333333333,2
2025-11-15 21:45:00,21.0479604656273,3.9863813520958,455.878969896347,0.2966886224766,0.166130038120167,5.01333333333333,2
2025-11-15 22:00:00,21.1401880095573,3.9837861968158,455.959117983067,0.317325518027,0.189958686981133,2.932,2
2025-11-15 22:15:00,21.246603629404,4.1736300633475,451.338993901114,0.323288167374333,0.192440445554467,2.048,2
2025-11-15 22:30:00,21.246603629404,4.1736300633475,451.338993901114,0.323288167374333,0.192442350290467,2.602,2
2025-11-15 22:45:00,21.246603629404,4.1736300633475,451.338993901114,0.323288167374333,0.192442350290467,3.11466666666667,2
2025-11-15 23:00:00,21.246603629404,4.1736300633475,451.338993901114,0.323288167374333,0.192442350290467,2.08066666666667,2
2025-11-15 23:15:00,21.246603629404,4.1736300633475,451.338993901114,0.323288167374333,0.192442350290467,1.36666666666667,2
2025-11-15 23:30:00,21.246603629404,4.1736300633475,451.338993901114,0.323288167374333,0.192442350290467,1.19333333333333,2
2025-11-15 23:45:00,21.246603629404,4.1736300633475,451.338993901114,0.323288167374333,0.192440445554467,1.11466666666667,2
2025-11-16 00:00:00,21.246603629404,4.1736300633475,451.338993901114,0.323288167374333,0.192442350290467,1.27733333333333,2
2025-11-16 00:15:00,21.246603629404,4.1736300633475,451.338993901114,0.323288167374333,0.192440445554467,1.056,2
2025-11-16 00:30:00,21.246603629404,4.1736300633475,451.338993901114,0.323288167374333,0.192440445554467,1.218,2
2025-11-16 00:45:00,21.246603629404,4.1736300633475,451.338993901114,0.323288167374333,0.192440445554467,0.956666666666667,2
2025-11-16 01:00:00,21.246603629404,4.1736300633475,451.338993901114,0.323288167374333,0.192440445554467,1.20266666666667,2
2025-11-16 01:15:00,21.246603629404,4.1736300633475,451.338993901114,0.323288167374333,0.192440445554467,1.556,2
2025-11-16 01:30:00,21.246603629404,4.1736300633475,451.338993901114,0.323288167374333,0.192440445554467,2.048,2
2025-11-16 01:45:00,21.246603629404,4.1736300633475,451.338993901114,0.323288167374333,0.192440445554467,3.05866666666667,2
2025-11-16 02:00:00,21.246603629404,4.1736300633475,451.338993901114,0.323288167374333,0.192442350290467,3.362,2
2025-11-16 02:15:00,21.246603629404,4.1736300633475,451.338993901114,0.323288167374333,0.192442350290467,4.01133333333333,2
2025-11-16 02:30:00,21.246603629404,4.1736300633475,451.338993901114,0.323288167374333,0.192442350290467,3.98333333333333,2
2025-11-16 02:45:00,21.246603629404,4.1736300633475,451.338993901114,0.323288167374333,0.192440445554467,3.904,2
2025-11-16 03:00:00,21.246603629404,4.1736300633475,451.338993901114,0.323288167374333,0.192442350290467,4.3,2
2025-11-16 03:15:00,21.246603629404,4.1736300633475,451.338993901114,0.323288167374333,0.192440445554467,4.78133333333333,2
2025-11-16 03:30:00,21.246603629404,4.1736300633475,451.338993901114,0.323288167374333,0.192440445554467,5.50133333333333,2
2025-11-16 03:45:00,21.246603629404,4.1736300633475,451.338993901114,0.323288167374333,0.192440445554467,6.188,2
2025-11-16 04:00:00,21.246603629404,4.1736300633475,451.338993901114,0.323288167374333,0.192440445554467,6.00866666666667,2
2025-11-16 04:15:00,21.246603629404,4.1736300633475,451.338993901114,0.323288167374333,0.192440445554467,6.862,2
2025-11-16 04:30:00,21.246603629404,4.1736300633475,451.338993901114,0.323288167374333,0.192440445554467,7.15733333333333,2
2025-11-16 04:45:00,21.246603629404,4.1736300633475,451.338993901114,0.323288167374333,0.192440445554467,7.85533333333333,2
2025-11-16 05:00:00,21.246603629404,4.1736300633475,451.338993901114,0.323288167374333,0.192440445554467,8.25066666666667,2
2025-11-16 05:15:00,21.246603629404,4.1736300633475,451.338993901114,0.323288167374333,0.192440445554467,8.59466666666667,2
2025-11-16 05:30:00,21.246603629404,4.1736300633475,451.338993901114,0.323288167374333,0.192440445554467,8.93266666666667,2
2025-11-16 05:45:00,21.246603629404,4.1736300633475,451.338993901114,0.323288167374333,0.192440445554467,8.33266666666667,2
2025-11-16 06:00:00,21.246603629404,4.1736300633475,451.338993901114,0.323288167374333,0.192440445554467,8.35066666666667,2
2025-11-16 06:15:00,21.246603629404,4.1736300633475,451.338993901114,0.323288167374333,0.192440445554467,6.88333333333333,2
2025-11-16 06:30:00,21.246603629404,4.1736300633475,451.338993901114,0.323288167374333,0.192440445554467,5.93,2
2025-11-16 06:45:00,21.246603629404,4.1736300633475,451.338993901114,0.323288167374333,0.192440445554467,5.77333333333333,2
2025-11-16 07:00:00,21.246603629404,4.1736300633475,451.338993901114,0.323288167374333,0.192440445554467,5.24933333333333,2
2025-11-16 07:15:00,21.246603629404,4.1736300633475,451.338993901114,0.323288167374333,0.192518975308133,4.59466666666667,2
2025-11-16 07:30:00,21.246603629404,4.1736300633475,451.338993901114,0.323288167374333,0.192440445554467,4.486,2
2025-11-16 07:45:00,21.246603629404,4.1736300633475,451.338993901114,0.323288167374333,0.192440445554467,4.71466666666667,2
2025-11-16 08:00:00,21.246603629404,4.1736300633475,451.338993901114,0.323288167374333,0.192518975308133,4.82333333333333,2
2025-11-16 08:15:00,21.246603629404,4.1736300633475,451.338993901114,0.323288167374333,0.192518975308133,4.52266666666667,2
2025-11-16 08:30:00,21.246603629404,4.1736300633475,451.338993901114,0.323288167374333,0.192440445554467,4.96,2
2025-11-16 08:45:00,21.246603629404,4.1736300633475,451.338993901114,0.323288167374333,0.192440445554467,4.78933333333333,2
2025-11-16 09:00:00,21.246603629404,4.1736300633475,451.338993901114,0.323288167374333,0.192518975308133,4.978,2
2025-11-16 09:15:00,21.246603629404,4.1736300633475,451.338993901114,0.323288167374333,0.192518975308133,3.99266666666667,2
2025-11-16 09:30:00,21.246603629404,4.1736300633475,451.338993901114,0.323288167374333,0.192440445554467,3.90866666666667,2
2025-11-16 09:45:00,21.246603629404,4.1736300633475,451.338993901114,0.323288167374333,0.192440445554467,3.86,2
2025-11-16 10:00:00,21.246603629404,4.1736300633475,451.338993901114,0.323288167374333,0.192440445554467,3.558,2
2025-11-16 10:15:00,21.246603629404,4.1736300633475,451.338993901114,0.323288167374333,0.192440445554467,3.66066666666667,2
2025-11-16 10:30:00,21.246603629404,4.1736300633475,451.338993901114,0.323288167374333,0.192440445554467,3.34733333333333,2
2025-11-16 10:45:00,21.246603629404,4.1736300633475,451.338993901114,0.323288167374333,0.192440445554467,3.55533333333333,2
2025-11-16 11:00:00,21.246603629404,4.1660334377475,451.338993901114,0.323225354040333,0.192505318046133,2.182,2
2025-11-16 11:15:00,21.246603629404,4.1660334377475,451.338993901114,0.323506732705933,0.192412517989233,1.888,2
2025-11-16 11:30:00,21.246603629404,4.1727786153975,451.338993901114,0.323225354040333,0.192505318046133,1.68733333333333,2
2025-11-16 11:45:00,21.246603629404,4.1736300633475,451.338993901114,0.323225354040333,0.192505318046133,2.21466666666667,2
2025-11-16 12:00:00,21.246603629404,4.1727786153975,451.338993901114,0.323225354040333,0.192505318046133,2.744,2
2025-11-16 12:15:00,21.246603629404,4.1727786153975,451.338993901114,0.323225354040333,0.192505318046133,2.31466666666667,2
2025-11-16 12:30:00,21.246603629404,4.1736300633475,451.338993901114,0.323288167374333,0.192518975308133,2.076,2
2025-11-16 12:45:00,21.246603629404,4.1736300633475,451.338993901114,0.323225354040333,0.192505318046133,1.986,2
2025-11-16 13:00:00,21.246603629404,4.1736300633475,451.338993901114,0.323225354040333,0.192505318046133,1.96333333333333,2
2025-11-16 13:15:00,21.246603629404,4.1736300633475,451.338993901114,0.323225354040333,0.192505318046133,1.89133333333333,2
2025-11-16 13:30:00,21.246603629404,4.1736300633475,451.338993901114,0.323225354040333,0.192505318046133,1.904,2
2025-11-16 13:45:00,21.246603629404,4.1727786153975,451.338993901114,0.323225354040333,0.192505318046133,1.71866666666667,2
2025-11-16 14:00:00,21.246603629404,4.1736300633475,451.338993901114,0.323225354040333,0.192505318046133,1.726,2
2025-11-16 14:15:00,21.246603629404,4.1736300633475,451.338993901114,0.323225354040333,0.192505318046133,1.564,2
2025-11-16 14:30:00,21.246603629404,4.1736300633475,451.338993901114,0.323225354040333,0.192505318046133,1.72133333333333,2
2025-11-16 14:45:00,21.246603629404,4.1736300633475,451.338993901114,0.323288167374333,0.192505318046133,1.936,2
2025-11-16 15:00:00,21.246603629404,4.1736300633475,451.338993901114,0.323225354040333,0.192505318046133,1.79266666666667,2
2025-11-16 15:15:00,21.246603629404,4.1736300633475,451.338993901114,0.323288167374333,0.192505318046133,2.20466666666667,2
2025-11-16 15:30:00,21.246603629404,4.1736300633475,451.338993901114,0.323288167374333,0.192518975308133,2.09333333333333,2
2025-11-16 15:45:00,21.246603629404,4.1736300633475,451.338993901114,0.323288167374333,0.192518975308133,1.952,2
2025-11-16 16:00:00,21.246603629404,4.1736300633475,451.338993901114,0.323288167374333,0.192440445554467,1.938,2
2025-11-16 16:15:00,21.246603629404,4.1736300633475,451.338993901114,0.323288167374333,0.192440445554467,2.036,2
2025-11-16 16:30:00,21.246603629404,4.1736300633475,451.338993901114,0.323288167374333,0.192440445554467,2.11733333333333,2
2025-11-16 16:45:00,21.246603629404,4.1736300633475,451.338993901114,0.323288167374333,0.192440445554467,1.83,2
2025-11-16 17:00:00,21.246603629404,4.1736300633475,451.338993901114,0.323288167374333,0.192440445554467,2.49133333333333,2
2025-11-16 17:15:00,21.246603629404,4.1736300633475,451.338993901114,0.323288167374333,0.192440445554467,2.618,2
2025-11-16 17:30:00,21.246603629404,4.1736300633475,451.338993901114,0.323288167374333,0.192440445554467,2.53066666666667,2
2025-11-16 17:45:00,21.246603629404,4.1736300633475,451.338993901114,0.323288167374333,0.192440445554467,2.55,2
2025-11-16 18:00:00,21.246603629404,4.1736300633475,451.338993901114,0.323288167374333,0.192440445554467,2.73066666666667,2
2025-11-16 18:15:00,21.246603629404,4.1736300633475,451.338993901114,0.323288167374333,0.192440445554467,2.97266666666667,2
2025-11-16 18:30:00,21.246603629404,4.1736300633475,451.338993901114,0.323288167374333,0.192442350290467,3.06933333333333,2
2025-11-16 18:45:00,21.246603629404,4.1736300633475,451.338993901114,0.323288167374333,0.192440445554467,2.75933333333333,2
2025-11-16 19:00:00,21.246603629404,4.1736300633475,451.338993901114,0.323288167374333,0.192440445554467,2.50133333333333,2
2025-11-16 19:15:00,21.246603629404,4.1736300633475,451.338993901114,0.323288167374333,0.192440445554467,2.756,2
2025-11-16 19:30:00,21.246603629404,4.1736300633475,451.338993901114,0.323288167374333,0.192440445554467,3.25733333333333,2
2025-11-16 19:45:00,21.246603629404,4.1736300633475,451.338993901114,0.323288167374333,0.192440445554467,3.12666666666667,2
2025-11-16 20:00:00,21.246603629404,4.1736300633475,451.338993901114,0.323288167374333,0.192440445554467,3.37866666666667,2
2025-11-16 20:15:00,21.246603629404,4.1736300633475,451.338993901114,0.323288167374333,0.192440445554467,3.26066666666667,2
2025-11-16 20:30:00,21.246603629404,4.1736300633475,451.338993901114,0.323288167374333,0.192440445554467,2.99133333333333,2
2025-11-16 20:45:00,21.246603629404,4.1736300633475,451.338993901114,0.323288167374333,0.192518975308133,2.59133333333333,2
2025-11-16 21:00:00,21.246603629404,4.1736300633475,451.338993901114,0.323288167374333,0.192440445554467,2.98666666666667,2
2025-11-16 21:15:00,21.246603629404,4.1736300633475,451.338993901114,0.323288167374333,0.192440445554467,3.36,2
2025-11-16 21:30:00,21.246603629404,4.1736300633475,451.338993901114,0.323288167374333,0.192440445554467,2.88,2
2025-11-16 21:45:00,21.246603629404,4.1736300633475,451.338993901114,0.323288167374333,0.192440445554467,2.91866666666667,2
2025-11-16 22:00:00,21.246603629404,4.1736300633475,451.338993901114,0.323288167374333,0.192440445554467,3.04466666666667,2
2025-11-16 22:15:00,21.246603629404,4.1736300633475,451.338993901114,0.323288167374333,0.192440445554467,3.40533333333333,2
2025-11-16 22:30:00,21.246603629404,4.1736300633475,451.338993901114,0.323288167374333,0.192440445554467,3.10866666666667,2
2025-11-16 22:45:00,21.246603629404,4.1736300633475,451.338993901114,0.323288167374333,0.192440445554467,2.992,2
2025-11-16 23:00:00,21.246603629404,4.1736300633475,451.338993901114,0.323288167374333,0.192440445554467,3.27,2
2025-11-16 23:15:00,21.246603629404,4.1736300633475,451.338993901114,0.323288167374333,0.192440445554467,3.12133333333333,2
2025-11-16 23:30:00,21.246603629404,4.1736300633475,451.338993901114,0.323288167374333,0.192440445554467,3.46933333333333,2
2025-11-16 23:45:00,21.246603629404,4.1736300633475,451.338993901114,0.323288167374333,0.192440445554467,3.65133333333333,2
2025-11-17 00:00:00,21.246603629404,4.1736300633475,451.338993901114,0.323288167374333,0.192442350290467,3.64,2
2025-11-17 00:15:00,21.246603629404,4.1736300633475,451.338993901114,0.323288167374333,0.192440445554467,3.47266666666667,2
2025-11-17 00:30:00,21.246603629404,4.1736300633475,451.338993901114,0.323288167374333,0.192442350290467,3.71333333333333,2
2025-11-17 00:45:00,21.246603629404,4.1736300633475,451.338993901114,0.323288167374333,0.192442350290467,3.29533333333333,2
2025-11-17 01:00:00,21.246603629404,4.1736300633475,451.338993901114,0.323288167374333,0.192442350290467,3.09733333333333,2
2025-11-17 01:15:00,21.246603629404,4.1736300633475,451.338993901114,0.323288167374333,0.192442350290467,3.03533333333333,2
2025-11-17 01:30:00,21.246603629404,4.1736300633475,451.338993901114,0.323288167374333,0.192442350290467,2.88666666666667,2
2025-11-17 01:45:00,21.246603629404,4.1736300633475,451.338993901114,0.323288167374333,0.192442350290467,3.02666666666667,2
2025-11-17 02:00:00,21.246603629404,4.1736300633475,451.338993901114,0.323288167374333,0.192657956159867,3.14666666666667,2
2025-11-17 02:15:00,21.246603629404,4.1736300633475,451.338993901114,0.323288167374333,0.192657956159867,3.57733333333333,2
2025-11-17 02:30:00,21.246603629404,4.1736300633475,451.338993901114,0.323288167374333,0.192430904377867,3.81733333333333,2
2025-11-17 02:45:00,21.246603629404,4.1736300633475,451.338993901114,0.323288167374333,0.192442350290467,3.88333333333333,2
2025-11-17 03:00:00,21.246603629404,4.1736300633475,451.338993901114,0.323288167374333,0.192442350290467,3.53466666666667,2
2025-11-17 03:15:00,21.246603629404,4.1736300633475,451.338993901114,0.323288167374333,0.192442350290467,3.99933333333333,2
2025-11-17 03:30:00,21.246603629404,4.1736300633475,451.338993901114,0.323288167374333,0.192657956159867,4.724,2
2025-11-17 03:45:00,21.0676956660023,4.1261418424493,452.750969987387,0.326444412035767,0.193277968318,5.46933333333333,2
2025-11-17 04:00:00,21.246603629404,4.1736300633475,451.338993901114,0.323288167374333,0.192442350290467,4.81666666666667,2
2025-11-17 04:15:00,21.246603629404,4.1736300633475,451.338993901114,0.323288167374333,0.192442350290467,5.27133333333333,2
2025-11-17 04:30:00,21.246603629404,4.1736300633475,451.338993901114,0.323288167374333,0.192440445554467,4.396,2
2025-11-17 04:45:00,21.246603629404,4.1736300633475,451.338993901114,0.323288167374333,0.192440445554467,3.99,2
2025-11-17 05:00:00,21.246603629404,4.1736300633475,451.338993901114,0.323288167374333,0.192440445554467,4.31933333333333,2
2025-11-17 05:15:00,21.246603629404,4.1736300633475,451.338993901114,0.323288167374333,0.192440445554467,3.624,2
2025-11-17 05:30:00,21.246603629404,4.1736300633475,451.338993901114,0.323288167374333,0.192440445554467,5.12666666666667,2
2025-11-17 05:45:00,21.246603629404,4.1736300633475,451.338993901114,0.323288167374333,0.192440445554467,3.97533333333333,2
2025-11-17 06:00:00,21.246603629404,4.1736300633475,451.338993901114,0.323288167374333,0.192440445554467,4.35133333333333,2
2025-11-17 06:15:00,21.246603629404,4.1736300633475,451.338993901114,0.323288167374333,0.192440445554467,3.79933333333333,2
2025-11-17 06:30:00,21.246603629404,4.1736300633475,451.338993901114,0.323288167374333,0.192518975308133,3.42733333333333,2
2025-11-17 06:45:00,21.246603629404,4.1736300633475,451.338993901114,0.323288167374333,0.192518975308133,3.20333333333333,2
2025-11-17 07:00:00,21.246603629404,4.1736300633475,451.338993901114,0.323288167374333,0.192518975308133,3.44266666666667,2
2025-11-17 07:15:00,21.246603629404,4.1736300633475,451.338993901114,0.323288167374333,0.192518975308133,3.25266666666667,2
2025-11-17 07:30:00,21.246603629404,4.1736300633475,451.338993901114,0.323288167374333,0.192518975308133,3.33266666666667,2
2025-11-17 07:45:00,21.246603629404,4.1736300633475,451.338993901114,0.323288167374333,0.192440445554467,3.388,2
2025-11-17 08:00:00,21.246603629404,4.1736300633475,451.338993901114,0.323288167374333,0.192518975308133,2.98733333333333,2
2025-11-17 08:15:00,21.246603629404,4.1736300633475,451.338993901114,0.323288167374333,0.192518975308133,2.51733333333333,2
2025-11-17 08:30:00,21.246603629404,4.1736300633475,451.338993901114,0.323288167374333,0.192518975308133,2.844,2
2025-11-17 08:45:00,21.246603629404,4.1736300633475,451.338993901114,0.323225354040333,0.192505318046133,2.49133333333333,2
2025-11-17 09:00:00,21.246603629404,4.1736300633475,451.338993901114,0.323225354040333,0.192505318046133,2.53933333333333,2
2025-11-17 09:15:00,21.246603629404,4.1736300633475,451.338993901114,0.323225354040333,0.192505318046133,2.46066666666667,2
2025-11-17 09:30:00,21.246603629404,4.1736300633475,451.338993901114,0.323225354040333,0.192505318046133,2.31333333333333,2
2025-11-17 09:45:00,21.246603629404,4.1736300633475,451.338993901114,0.323288167374333,0.192518975308133,2.49133333333333,2
2025-11-17 10:00:00,21.246603629404,4.1736300633475,451.338993901114,0.323225354040333,0.192505318046133,2.354,2
2025-11-17 10:15:00,21.246603629404,4.1736300633475,451.338993901114,0.323288167374333,0.192518975308133,2.59,2
2025-11-17 10:30:00,21.246603629404,4.1736300633475,451.338993901114,0.323288167374333,0.192505318046133,2.47133333333333,2
2025-11-17 10:45:00,21.246603629404,4.1736300633475,451.338993901114,0.323288167374333,0.192505318046133,2.59466666666667,2
2025-11-17 11:00:00,21.246603629404,4.1736300633475,451.338993901114,0.323288167374333,0.192505318046133,2.66533333333333,2
2025-11-17 11:15:00,21.246603629404,4.1736300633475,451.338993901114,0.323288167374333,0.192518975308133,2.68466666666667,2
2025-11-17 11:30:00,21.246603629404,4.1736300633475,451.338993901114,0.323288167374333,0.192518975308133,2.68,2
2025-11-17 11:45:00,21.246603629404,4.1736300633475,451.338993901114,0.323288167374333,0.192518975308133,2.816,2
2025-11-17 12:00:00,21.246603629404,4.1736300633475,451.338993901114,0.323288167374333,0.192518975308133,3.12533333333333,2
2025-11-17 12:15:00,21.246603629404,4.1736300633475,451.338993901114,0.323288167374333,0.192518975308133,2.75333333333333,2
2025-11-17 12:30:00,21.246603629404,4.1736300633475,451.338993901114,0.323288167374333,0.192518975308133,2.51,2
2025-11-17 12:45:00,21.246603629404,4.1736300633475,451.338993901114,0.323288167374333,0.192518975308133,2.87,2
2025-11-17 13:00:00,21.246603629404,4.1736300633475,451.338993901114,0.323288167374333,0.192518975308133,2.56866666666667,2
2025-11-17 13:15:00,21.246603629404,4.1736300633475,451.338993901114,0.323288167374333,0.192518975308133,2.69733333333333,2
2025-11-17 13:30:00,21.246603629404,4.1736300633475,451.338993901114,0.323288167374333,0.192518975308133,2.734,2
2025-11-17 13:45:00,21.246603629404,4.1736300633475,451.338993901114,0.323288167374333,0.192518975308133,2.53066666666667,2
2025-11-17 14:00:00,21.246603629404,4.1736300633475,451.338993901114,0.323288167374333,0.192518975308133,2.72666666666667,2
2025-11-17 14:15:00,21.246603629404,4.1736300633475,451.338993901114,0.323288167374333,0.192440445554467,2.482,2
2025-11-17 14:30:00,21.246603629404,4.1736300633475,451.338993901114,0.323288167374333,0.192518975308133,2.48333333333333,2
2025-11-17 14:45:00,21.246603629404,4.1736300633475,451.338993901114,0.323288167374333,0.192440445554467,2.57466666666667,2
2025-11-17 15:00:00,21.246603629404,4.1736300633475,451.338993901114,0.323288167374333,0.192440445554467,2.61866666666667,2
2025-11-17 15:15:00,21.246603629404,4.1736300633475,451.338993901114,0.323288167374333,0.192440445554467,2.534,2
2025-11-17 15:30:00,21.246603629404,4.1736300633475,451.338993901114,0.323288167374333,0.192440445554467,2.62733333333333,2
2025-11-17 15:45:00,21.0479604656273,3.98773325535914,455.862932716317,0.316005438021767,0.190918329378633,2.61466666666667,2
2025-11-17 16:00:00,21.170563912413,4.17557043026997,453.001954833774,0.318685672256633,0.1951562081084,3.48066666666667,2
2025-11-17 16:15:00,21.0479604656273,3.98743649872914,455.878969896347,0.2980330369049,0.166467609914467,3.86733333333333,2
2025-11-17 16:30:00,21.0479604656273,3.98887067009247,455.862932716317,0.315941618021767,0.183873105484967,2.67466666666667,2
2025-11-17 16:45:00,21.4442027488433,4.14375352010864,456.53782696091,0.319818852418466,0.196793663092367,2.41066666666667,2
2025-11-17 17:00:00,21.246603629404,4.1736300633475,451.338993901114,0.323288167374333,0.192440445554467,2.196,2
2025-11-17 17:15:00,21.246603629404,4.1736300633475,451.338993901114,0.323288167374333,0.192442350290467,2.27666666666667,2
2025-11-17 17:30:00,21.246603629404,4.1736300633475,451.338993901114,0.323288167374333,0.192440445554467,2.508,2
2025-11-17 17:45:00,21.12102468562,4.1475342818073,452.852040395987,0.320844381815766,0.19442312831,2.57466666666667,2
2025-11-17 18:00:00,21.246603629404,4.1736300633475,451.338993901114,0.323288167374333,0.192442350290467,2.87133333333333,2
2025-11-17 18:15:00,21.246603629404,4.1736300633475,451.338993901114,0.323288167374333,0.192440445554467,2.95333333333333,2
2025-11-17 18:30:00,21.246603629404,4.1736300633475,451.338993901114,0.323288167374333,0.192440445554467,3.34466666666667,2
2025-11-17 18:45:00,21.246603629404,4.1736300633475,451.338993901114,0.323288167374333,0.192440445554467,4.63066666666667,2
2025-11-17 19:00:00,21.246603629404,4.1736300633475,451.338993901114,0.323288167374333,0.192440445554467,5.044,2
2025-11-17 19:15:00,21.246603629404,4.1736300633475,451.338993901114,0.323288167374333,0.192440445554467,5.18333333333333,2
2025-11-17 19:30:00,21.246603629404,4.1736300633475,451.338993901114,0.323288167374333,0.192440445554467,6.078,2
2025-11-17 19:45:00,21.1807815194983,4.18490092328997,452.893747791317,0.319777860476033,0.195494447942433,6.55,2
2025-11-17 20:00:00,21.1698748612773,4.07760878872914,455.954628976327,0.317753902026233,0.2112450041826,7.26866666666667,2
2025-11-17 20:15:00,21.246603629404,4.1736300633475,451.338993901114,0.323288167374333,0.192440445554467,6.77733333333333,2
2025-11-17 20:30:00,21.246603629404,4.1736300633475,451.338993901114,0.323288167374333,0.192442350290467,7.12933333333333,2
2025-11-17 20:45:00,21.061130922332,4.11590452422177,452.405098438927,0.323918206926867,0.193204780098933,6.558,2
2025-11-17 21:00:00,21.246603629404,4.1736300633475,451.338993901114,0.323288167374333,0.192440445554467,7.84866666666667,2
2025-11-17 21:15:00,21.2457897538247,4.16521943431443,451.338993901114,0.323282674040333,0.192826416106733,6.26466666666667,2
2025-11-17 21:30:00,21.1643184544003,4.0382542002378,455.936899942927,0.318892220246366,0.1963133164355,6.058,2
2025-11-17 21:45:00,21.246603629404,4.1736300633475,451.338993901114,0.323288167374333,0.192440445554467,4.958,2
2025-11-17 22:00:00,21.246603629404,4.1736300633475,451.338993901114,0.323288167374333,0.192440445554467,4.012,2
2025-11-17 22:15:00,21.24400824998,4.17904240816083,451.338993901114,0.323282674040333,0.192940314554133,5.176,2
2025-11-17 22:30:00,21.053292353184,4.11579483342177,452.615488167777,0.324025886927667,0.193204780098933,4.82733333333333,2
2025-11-17 22:45:00,21.246603629404,4.1736300633475,451.338993901114,0.323288167374333,0.192440445554467,3.614,2
2025-11-17 23:00:00,21.246603629404,4.1736300633475,451.338993901114,0.323288167374333,0.192440445554467,3.308,2
2025-11-17 23:15:00,21.246603629404,4.1736300633475,451.338993901114,0.323288167374333,0.192440445554467,2.954,2
2025-11-17 23:30:00,21.246603629404,4.1736300633475,451.338993901114,0.323288167374333,0.192440445554467,2.70666666666667,2
2025-11-17 23:45:00,21.246603629404,4.1736300633475,451.338993901114,0.323288167374333,0.192440445554467,2.87,2
2025-11-18 00:00:00,21.246603629404,4.1736300633475,451.338993901114,0.323288167374333,0.192440445554467,2.654,2
2025-11-18 00:15:00,21.246603629404,4.1736300633475,451.338993901114,0.323288167374333,0.192440445554467,3.176,2
2025-11-18 00:30:00,21.246603629404,4.1736300633475,451.338993901114,0.323288167374333,0.192440445554467,3.51666666666667,2
2025-11-18 00:45:00,21.246603629404,4.1736300633475,451.338993901114,0.323288167374333,0.192440445554467,3.65666666666667,2
2025-11-18 01:00:00,21.246603629404,4.1736300633475,451.338993901114,0.323288167374333,0.192442350290467,3.58733333333333,2
2025-11-18 01:15:00,21.246603629404,4.1736300633475,451.338993901114,0.323288167374333,0.192440445554467,3.23866666666667,2
2025-11-18 01:30:00,21.246603629404,4.1736300633475,451.338993901114,0.323288167374333,0.192442350290467,2.89133333333333,2
2025-11-18 01:45:00,21.246603629404,4.1736300633475,451.338993901114,0.323288167374333,0.192442350290467,3.224,2
2025-11-18 02:00:00,21.246603629404,4.1736300633475,451.338993901114,0.323288167374333,0.192331458673033,2.85066666666667,2
2025-11-18 02:15:00,21.246603629404,4.1736300633475,451.338993901114,0.323288167374333,0.192442350290467,2.98866666666667,2
2025-11-18 02:30:00,21.246603629404,4.1736300633475,451.338993901114,0.323288167374333,0.192442350290467,3.72066666666667,2
2025-11-18 02:45:00,21.246603629404,4.1736300633475,451.338993901114,0.323288167374333,0.192442350290467,3.66466666666667,2
2025-11-18 03:00:00,21.246603629404,4.1736300633475,451.338993901114,0.323288167374333,0.192442350290467,3.97466666666667,2
2025-11-18 03:15:00,21.0479604656273,3.98773325535914,455.862932716317,0.315964454022167,0.1862075502743,4.24533333333333,2
2025-11-18 03:30:00,21.246603629404,4.1736300633475,451.338993901114,0.323288167374333,0.192442350290467,3.17266666666667,2
2025-11-18 03:45:00,21.246603629404,4.1736300633475,451.338993901114,0.323288167374333,0.192440445554467,4.248,2
2025-11-18 04:00:00,21.246603629404,4.1736300633475,451.338993901114,0.323288167374333,0.192440445554467,4.20933333333333,2
2025-11-18 04:15:00,21.246603629404,4.1736300633475,451.338993901114,0.323288167374333,0.192440445554467,3.40066666666667,2
2025-11-18 04:30:00,21.246603629404,4.1736300633475,451.338993901114,0.323288167374333,0.192442350290467,3.73066666666667,2
2025-11-18 04:45:00,21.246603629404,4.1736300633475,451.338993901114,0.323288167374333,0.192440445554467,5.18133333333333,2
2025-11-18 05:00:00,21.246603629404,4.1736300633475,451.338993901114,0.323288167374333,0.192440445554467,4.47933333333333,2
2025-11-18 05:15:00,21.1807815194983,4.18392661088997,452.893747791317,0.319777860476033,0.195496352678433,3.52,2
2025-11-18 05:30:00,21.0479604656273,3.98629114395914,455.885914582917,0.314606508913567,0.164623264034133,2.79933333333333,2
2025-11-18 05:45:00,21.1401880095573,3.99034604719914,455.951337860851,0.317667153580433,0.205168863611733,2.442,2
2025-11-18 06:00:00,21.246603629404,4.1736300633475,451.338993901114,0.323288167374333,0.192440445554467,2.158,2
2025-11-18 06:15:00,21.246603629404,4.1736300633475,451.338993901114,0.323288167374333,0.192440445554467,1.93533333333333,2
2025-11-18 06:30:00,21.0479604656273,3.98182242679914,455.878969896347,0.3151109082434,0.1661325625258,2.73666666666667,2
2025-11-18 06:45:00,21.0479604656273,3.98182242679914,455.895877162997,0.315239209576067,0.1663440308898,2.534,2
2025-11-18 07:00:00,21.0479604656273,3.98716824019914,455.862932716317,0.315793612688367,0.182690604933267,2.41666666666667,2
2025-11-18 07:15:00,21.246603629404,4.1736300633475,451.338993901114,0.323288167374333,0.192440445554467,1.864,2
2025-11-18 07:30:00,21.1698748612773,3.9946179482358,455.932229643007,0.317110920915767,0.211146684568467,2.386,2
2025-11-18 07:45:00,21.0479604656273,3.98829353875914,455.862932716317,0.315920191355767,0.197634795116067,2.612,2
2025-11-18 08:00:00,21.1698748612773,3.9946179482358,455.932229643007,0.316782008026734,0.2043487158278,2.02666666666667,2
2025-11-18 08:15:00,21.246603629404,4.1736300633475,451.338993901114,0.323288167374333,0.192440445554467,1.418,2
2025-11-18 08:30:00,21.1740244471287,4.15422893803664,453.002579233774,0.319155732698833,0.1949138594042,2.544,2
2025-11-18 08:45:00,21.2226668077757,4.1981913505403,453.058483062334,0.319782994700133,0.1957599537182,3.31466666666667,2
2025-11-18 09:00:00,21.097442832558,4.1475342818073,452.852040395987,0.3212275795948,0.194421223574,2.18333333333333,2
2025-11-18 09:15:00,21.1698748612773,4.07777440032914,455.954628976327,0.3178347995808,0.211930061981067,1.98533333333333,2
2025-11-18 09:30:00,21.0971649967827,4.1445217100173,452.76311538742,0.321614452925933,0.193826498572967,1.938,2
2025-11-18 09:45:00,21.1638731511003,4.03829558521447,455.974903960861,0.3200620362472,0.196857004515933,1.57933333333333,2
2025-11-18 10:00:00,21.0784691330897,4.14337266304064,452.75313245402,0.322343409593266,0.193489323591,1.406,2
2025-11-18 10:15:00,21.1740244471287,4.15485804703664,453.002579233774,0.319155732698833,0.194990484421867,1.68133333333333,2
2025-11-18 10:30:00,21.246603629404,4.1736300633475,451.338993901114,0.323288167374333,0.192440445554467,2.58533333333333,2
2025-11-18 10:45:00,21.246603629404,4.1736300633475,451.338993901114,0.323288167374333,0.192440445554467,0.989333333333333,2
2025-11-18 11:00:00,21.246603629404,4.1736300633475,451.338993901114,0.323288167374333,0.192440445554467,1.98,2
2025-11-18 11:15:00,21.418817332598,4.12311354714197,456.43234849421,0.319818852418466,0.1965540265033,1.636,2
2025-11-18 11:30:00,21.246603629404,4.1736300633475,451.338993901114,0.323288167374333,0.192265209297033,1.936,2
2025-11-18 11:45:00,21.246603629404,4.1778189614275,451.338993901114,0.323288167374333,0.1927361349581,1.374,2
2025-11-18 12:00:00,21.1740244471287,4.16009632043664,453.002579233774,0.3190422526995,0.1951004721857,1.37333333333333,2
2025-11-18 12:15:00,21.054540023232,4.11527057592177,452.504388805627,0.324025886927667,0.193204780098933,1.08733333333333,2
2025-11-18 12:30:00,21.246603629404,4.1736300633475,451.338993901114,0.323288167374333,0.192518975308133,1.64733333333333,2
2025-11-18 12:45:00,21.246603629404,4.1736300633475,451.338993901114,0.323288167374333,0.192440445554467,1.36733333333333,2
2025-11-18 13:00:00,21.1698748612773,4.07777440032914,455.897143154007,0.317428364027533,0.211269400242067,1.67933333333333,2
2025-11-18 13:15:00,21.0479604656273,3.9881100038258,455.862932716317,0.316147280021467,0.2005291011868,1.08733333333333,2
2025-11-18 13:30:00,21.2436492198807,4.16483870686777,451.338993901114,0.323282674040333,0.192588797574733,0.838,2
2025-11-18 13:45:00,21.4595824310593,4.22801605942497,456.695339027661,0.320067173310233,0.1968115227498,0.780666666666667,2
2025-11-18 14:00:00,21.246603629404,4.1736300633475,451.338993901114,0.323288167374333,0.192440445554467,0.86,2
2025-11-18 14:15:00,21.246603629404,4.1736300633475,451.338993901114,0.323288167374333,0.192442350290467,0.843333333333333,2
2025-11-18 14:30:00,21.0479604656273,3.98396322557914,455.892678316317,0.315211390910967,0.165969287701867,1.196,2
2025-11-18 14:45:00,21.0479604656273,3.98116100202914,455.878969896347,0.31503573491,0.166033212197833,1.28,2
2025-11-18 15:00:00,21.0479604656273,3.98443882122914,455.878969896347,0.2990270275705,0.166414033919633,1.35066666666667,2
2025-11-18 15:15:00,21.0479604656273,3.98457754782914,455.878969896347,0.300598776016034,0.166243348292233,1.332,2
2025-11-18 15:30:00,21.0479604656273,3.9863813520958,455.878969896347,0.2966886224766,0.166091229763167,1.36866666666667,2
2025-11-18 15:45:00,21.0479604656273,3.9863813520958,455.878969896347,0.2966886224766,0.166130038120167,1.474,2
2025-11-18 16:00:00,21.0479604656273,3.98930140363914,455.878969896347,0.2970161491426,0.166952236711167,1.74866666666667,2
2025-11-18 16:15:00,21.0479604656273,3.98930140363914,455.878969896347,0.2970161491426,0.166998156379033,2.15533333333333,2
2025-11-18 16:30:00,21.0479604656273,3.98930140363914,455.878969896347,0.2970161491426,0.166998156379033,2.268,2
2025-11-18 16:45:00,21.0479604656273,3.98861637383914,455.878969896347,0.2970161491426,0.166967313655033,2.52266666666667,2
2025-11-18 17:00:00,21.0479604656273,3.99044616693914,455.764519949637,0.2970161491426,0.1665783030932,2.90733333333333,2
2025-11-18 17:15:00,21.0479604656273,3.99023431313914,452.340255859177,0.295411916475134,0.167046392130767,3.192,2
2025-11-18 17:30:00,21.0479604656273,3.99023431313914,455.878969896347,0.2970161491426,0.167020905100833,2.966,2
2025-11-18 17:45:00,21.0479604656273,3.99023431313914,455.764519949637,0.2970161491426,0.166157556021367,2.92266666666667,2
2025-11-18 18:00:00,21.0534351822623,4.00049545731914,455.878969896347,0.3149711531289,0.166494547415633,1.494,2
2025-11-18 18:15:00,21.2429968437097,4.16153002368777,451.338993901114,0.323287793373733,0.192906181588833,1.42133333333333,2
2025-11-18 18:30:00,21.0809878669697,4.13886524039264,452.75313245402,0.323033619590667,0.193429485420467,1.47333333333333,2
2025-11-18 18:45:00,21.0479604656273,3.98928882145914,455.885914582917,0.314734936912566,0.164672814978533,1.46266666666667,2
2025-11-18 19:00:00,21.1953950849633,4.14251060305443,451.338993901114,0.323539050486567,0.1935964673356,1.04066666666667,2
2025-11-18 19:15:00,21.246603629404,4.1736300633475,451.338993901114,0.323288167374333,0.192518975308133,0.832666666666667,2
2025-11-18 19:30:00,21.246603629404,4.1736300633475,451.338993901114,0.323288167374333,0.192440445554467,0.828,2
2025-11-18 19:45:00,21.246603629404,4.1736300633475,451.338993901114,0.323288167374333,0.192518975308133,0.850666666666667,2
2025-11-18 20:00:00,21.246603629404,4.1736300633475,451.338993901114,0.323288167374333,0.192518975308133,0.835333333333333,2
2025-11-18 20:15:00,21.246603629404,4.1736300633475,451.338993901114,0.323288167374333,0.192440445554467,0.980666666666667,2
2025-11-18 20:30:00,21.246603629404,4.1736300633475,451.338993901114,0.323288167374333,0.192518975308133,0.881333333333333,2
2025-11-18 20:45:00,21.246603629404,4.1736300633475,451.338993901114,0.323288167374333,0.192518975308133,1.03933333333333,2
2025-11-18 21:00:00,21.246603629404,4.1736300633475,451.338993901114,0.323288167374333,0.192440445554467,1.19533333333333,2
2025-11-18 21:15:00,21.246603629404,4.1736300633475,451.338993901114,0.323288167374333,0.192518975308133,0.848,2
2025-11-18 21:30:00,21.246603629404,4.1736300633475,451.338993901114,0.323288167374333,0.192518975308133,1.07266666666667,2
2025-11-18 21:45:00,21.246603629404,4.1736300633475,451.338993901114,0.323288167374333,0.192440445554467,1.18666666666667,2
2025-11-18 22:00:00,21.246603629404,4.1736300633475,451.338993901114,0.323288167374333,0.192440445554467,1.346,2
2025-11-18 22:15:00,21.246603629404,4.1736300633475,451.338993901114,0.323288167374333,0.192440445554467,1.344,2
2025-11-18 22:30:00,21.246603629404,4.1736300633475,451.338993901114,0.323288167374333,0.192518975308133,1.184,2
2025-11-18 22:45:00,21.246603629404,4.1736300633475,451.338993901114,0.323288167374333,0.192518975308133,1.01066666666667,2
2025-11-18 23:00:00,21.246603629404,4.1736300633475,451.338993901114,0.323288167374333,0.192518975308133,0.926,2
2025-11-18 23:15:00,21.246603629404,4.1736300633475,451.338993901114,0.323288167374333,0.192440445554467,1.412,2
2025-11-18 23:30:00,21.246603629404,4.1736300633475,451.338993901114,0.323288167374333,0.192440445554467,1.668,2
2025-11-18 23:45:00,21.246603629404,4.1736300633475,451.338993901114,0.323288167374333,0.192440445554467,1.862,2
2025-11-19 00:00:00,21.246603629404,4.1736300633475,451.338993901114,0.323288167374333,0.192442350290467,4.12533333333333,2
2025-11-19 00:15:00,21.246603629404,4.1736300633475,451.338993901114,0.323288167374333,0.192430904377867,2.618,2
2025-11-19 00:30:00,21.1401880095573,3.9844140153358,455.951587316401,0.3172104755811,0.188679588155267,3.29533333333333,2
2025-11-19 00:45:00,21.251211492404,4.18000274036083,451.338993901114,0.323282674040333,0.193025959869367,3.61333333333333,2
2025-11-19 01:00:00,21.1643184544003,4.02194794588447,455.936899942927,0.318248428245667,0.196461365443567,3.90733333333333,2
2025-11-19 01:15:00,21.1698748612773,4.07187862736914,455.932229643007,0.317070106916134,0.211389045241467,2.92,2
2025-11-19 01:30:00,21.0479604656273,3.98861637383914,455.878969896347,0.2970161491426,0.166967313655033,3.49066666666667,2
2025-11-19 01:45:00,21.0479604656273,3.98861637383914,455.878969896347,0.2970161491426,0.166967313655033,3.40266666666667,2
2025-11-19 02:00:00,21.3242359733317,4.20510378873697,455.178330868114,0.319720762254233,0.196711131319033,2.356,2
2025-11-19 02:15:00,21.246603629404,4.1736300633475,451.338993901114,0.323288167374333,0.192442350290467,1.37533333333333,2
2025-11-19 02:30:00,21.246603629404,4.1736300633475,451.338993901114,0.323288167374333,0.192442350290467,1.96133333333333,2
2025-11-19 02:45:00,21.246603629404,4.1736300633475,451.338993901114,0.323288167374333,0.192440445554467,2.28333333333333,2
2025-11-19 03:00:00,21.246603629404,4.1736300633475,451.338993901114,0.323288167374333,0.192440445554467,2.494,2
2025-11-19 03:15:00,21.246603629404,4.1736300633475,451.338993901114,0.323288167374333,0.192440445554467,1.59333333333333,2
2025-11-19 03:30:00,21.246603629404,4.1736300633475,451.338993901114,0.323288167374333,0.192440445554467,1.81866666666667,2
2025-11-19 03:45:00,21.246603629404,4.1736300633475,451.338993901114,0.323288167374333,0.192442350290467,3.17066666666667,2
2025-11-19 04:00:00,21.4633714763917,4.24640113367164,456.864123187947,0.3201852693655,0.196918995378033,4.03,2
2025-11-19 04:15:00,21.0479604656273,3.98116100202914,455.878969896347,0.315127153576,0.166064444666967,4.378,2
2025-11-19 04:30:00,21.1698748612773,4.03989452865247,455.954628976327,0.3205057709157,0.2077141441488,4.84466666666667,2
2025-11-19 04:45:00,21.1698748612773,4.09179105638913,455.954628976327,0.318000882915467,0.2160627087858,4.88533333333333,2
2025-11-19 05:00:00,21.0479604656273,3.98629114395914,455.885914582917,0.314808509355367,0.168078433642967,5.274,2
2025-11-19 05:15:00,21.0479604656273,3.98182242679914,455.878969896347,0.3148885535754,0.1660711827387,6.31,2
2025-11-19 05:30:00,21.1668565805373,4.00815824398314,455.936899942927,0.3172026813545,0.1955520123079,6.84733333333333,2
2025-11-19 05:45:00,21.0479604656273,3.9863813520958,455.878969896347,0.2966886224766,0.166444262004933,7.24133333333333,2
2025-11-19 06:00:00,21.4588987612073,4.19565491190164,456.544624800871,0.319880062419066,0.1970735040165,8.20266666666667,2
2025-11-19 06:15:00,21.1740244471287,4.15881014203664,453.002579233774,0.3190422526995,0.1950909310091,5.23133333333333,2
2025-11-19 06:30:00,21.246603629404,4.1736300633475,451.338993901114,0.323288167374333,0.192442350290467,3.75733333333333,2
2025-11-19 06:45:00,21.0479604656273,3.98575763801914,455.892678316317,0.315453844911567,0.165735258081367,5.65133333333333,2
2025-11-19 07:00:00,21.1698748612773,4.03086525517247,455.954628976327,0.321650051139666,0.2079439847601,4.71533333333333,2
2025-11-19 07:15:00,21.2436492198807,4.17306103603443,451.338993901114,0.323178474040333,0.192664676542867,3.44333333333333,2
2025-11-19 07:30:00,21.181412400029,4.1873766733233,452.958517224801,0.319029524478033,0.195419804354567,3.236,2
2025-11-19 07:45:00,21.0971649967827,4.14160164055064,452.75313245402,0.321576316259433,0.193786498424233,2.69733333333333,2
2025-11-19 08:00:00,21.246603629404,4.1736300633475,451.338993901114,0.323288167374333,0.192104962032433,2.86333333333333,2
2025-11-19 08:15:00,21.246603629404,4.1736300633475,451.338993901114,0.323288167374333,0.192442350290467,2.95933333333333,2
2025-11-19 08:30:00,21.246603629404,4.1736300633475,451.338993901114,0.323288167374333,0.192440445554467,2.00333333333333,2
2025-11-19 08:45:00,21.246603629404,4.1736300633475,451.338993901114,0.323288167374333,0.192440445554467,2.20666666666667,2
2025-11-19 09:00:00,21.246603629404,4.1736300633475,451.338993901114,0.323288167374333,0.192442350290467,3.13133333333333,2
2025-11-19 09:15:00,21.246603629404,4.1736300633475,451.338993901114,0.323288167374333,0.192442350290467,3.09733333333333,2
2025-11-19 09:30:00,21.4595824310593,4.22801605942497,456.695339027661,0.320067173310233,0.1968019815732,3.308,2
2025-11-19 09:45:00,21.0944156081187,4.1472715078173,452.77545364062,0.320788177369933,0.1943597828488,2.978,2
2025-11-19 10:00:00,21.246603629404,4.1736300633475,451.338993901114,0.323288167374333,0.192440445554467,2.184,2
2025-11-19 10:15:00,21.246603629404,4.1736300633475,451.338993901114,0.323288167374333,0.192440445554467,2.27466666666667,2
2025-11-19 10:30:00,21.246603629404,4.1736300633475,451.338993901114,0.323288167374333,0.192442350290467,1.944,2
2025-11-19 10:45:00,21.246603629404,4.1668848856975,451.338993901114,0.323288167374333,0.192440445554467,1.44466666666667,2
2025-11-19 11:00:00,21.246603629404,4.1736300633475,451.338993901114,0.323288167374333,0.192518975308133,1.644,2
2025-11-19 11:15:00,21.246603629404,4.1736300633475,451.338993901114,0.323288167374333,0.192440445554467,1.906,2
2025-11-19 11:30:00,21.246603629404,4.1736300633475,451.338993901114,0.323288167374333,0.192440445554467,1.784,2
2025-11-19 11:45:00,21.246603629404,4.1736300633475,451.338993901114,0.323288167374333,0.192440445554467,1.83466666666667,2
2025-11-19 12:00:00,21.246603629404,4.1736300633475,451.338993901114,0.323288167374333,0.192518975308133,1.62866666666667,2
2025-11-19 12:15:00,21.246603629404,4.1736300633475,451.338993901114,0.323288167374333,0.192518975308133,1.63333333333333,2
2025-11-19 12:30:00,21.246603629404,4.1736300633475,451.338993901114,0.323288167374333,0.192518975308133,1.61466666666667,2
2025-11-19 12:45:00,21.246603629404,4.1736300633475,451.338993901114,0.323288167374333,0.192518975308133,1.61266666666667,2
2025-11-19 13:00:00,21.246603629404,4.1736300633475,451.338993901114,0.323288167374333,0.192505318046133,1.712,2
2025-11-19 13:15:00,21.246603629404,4.1736300633475,451.338993901114,0.323225354040333,0.192505318046133,1.84666666666667,2
2025-11-19 13:30:00,21.246603629404,4.1736300633475,451.338993901114,0.323225354040333,0.192505318046133,1.88933333333333,2
2025-11-19 13:45:00,21.246603629404,4.1736300633475,451.338993901114,0.323225354040333,0.192505318046133,1.89933333333333,2
2025-11-19 14:00:00,21.246603629404,4.1736300633475,451.338993901114,0.323225354040333,0.192505318046133,2.024,2
2025-11-19 14:15:00,21.246603629404,4.1736300633475,451.338993901114,0.323225354040333,0.192505318046133,1.93933333333333,2
2025-11-19 14:30:00,21.246603629404,4.1736300633475,451.338993901114,0.323225354040333,0.192505318046133,2.04533333333333,2
2025-11-19 14:45:00,21.246603629404,4.1736300633475,451.338993901114,0.323288167374333,0.192518975308133,2.17533333333333,2
2025-11-19 15:00:00,21.246603629404,4.1736300633475,451.338993901114,0.323288167374333,0.192518975308133,2.15733333333333,2
2025-11-19 15:15:00,21.246603629404,4.1736300633475,451.338993901114,0.323288167374333,0.192518975308133,2.07666666666667,2
2025-11-19 15:30:00,21.246603629404,4.1736300633475,451.338993901114,0.323288167374333,0.192440445554467,2.05266666666667,2
2025-11-19 15:45:00,21.246603629404,4.1736300633475,451.338993901114,0.323288167374333,0.192440445554467,3.07066666666667,2
2025-11-19 16:00:00,21.246603629404,4.1736300633475,451.338993901114,0.323288167374333,0.192440445554467,2.476,2
2025-11-19 16:15:00,21.246603629404,4.1736300633475,451.338993901114,0.323288167374333,0.192518975308133,2.414,2
2025-11-19 16:30:00,21.246603629404,4.1736300633475,451.338993901114,0.323288167374333,0.192518975308133,2.152,2
2025-11-19 16:45:00,21.246603629404,4.1736300633475,451.338993901114,0.323288167374333,0.192518975308133,2.11066666666667,2
2025-11-19 17:00:00,21.246603629404,4.1736300633475,451.338993901114,0.323288167374333,0.192518975308133,2.31,2
2025-11-19 17:15:00,21.246603629404,4.1736300633475,451.338993901114,0.323288167374333,0.192518975308133,1.88,2
2025-11-19 17:30:00,21.246603629404,4.1736300633475,451.338993901114,0.323288167374333,0.192518975308133,1.88066666666667,2
2025-11-19 17:45:00,21.246603629404,4.1736300633475,451.338993901114,0.323288167374333,0.192440445554467,1.96733333333333,2
2025-11-19 18:00:00,21.246603629404,4.1736300633475,451.338993901114,0.323288167374333,0.192440445554467,2.114,2
2025-11-19 18:15:00,21.246603629404,4.1736300633475,451.338993901114,0.323288167374333,0.192440445554467,2.36133333333333,2
2025-11-19 18:30:00,21.246603629404,4.1736300633475,451.338993901114,0.323288167374333,0.192440445554467,2.94333333333333,2
2025-11-19 18:45:00,21.246603629404,4.1736300633475,451.338993901114,0.323288167374333,0.192440445554467,2.12333333333333,2
2025-11-19 19:00:00,21.246603629404,4.1736300633475,451.338993901114,0.323288167374333,0.192440445554467,2.188,2
2025-11-19 19:15:00,21.246603629404,4.1736300633475,451.338993901114,0.323288167374333,0.192440445554467,2.27466666666667,2
2025-11-19 19:30:00,21.246603629404,4.1736300633475,451.338993901114,0.323288167374333,0.192440445554467,2.64,2
2025-11-19 19:45:00,21.246603629404,4.1736300633475,451.338993901114,0.323288167374333,0.192440445554467,2.716,2
2025-11-19 20:00:00,21.246603629404,4.1736300633475,451.338993901114,0.323288167374333,0.192440445554467,2.73866666666667,2
2025-11-19 20:15:00,21.246603629404,4.1736300633475,451.338993901114,0.323288167374333,0.192440445554467,3.216,2
2025-11-19 20:30:00,21.246603629404,4.1736300633475,451.338993901114,0.323288167374333,0.192440445554467,2.87133333333333,2
2025-11-19 20:45:00,21.246603629404,4.1736300633475,451.338993901114,0.323288167374333,0.192440445554467,2.67133333333333,2
2025-11-19 21:00:00,21.246603629404,4.1736300633475,451.338993901114,0.323288167374333,0.192440445554467,2.71066666666667,2
2025-11-19 21:15:00,21.372227817022,4.1993685371503,455.666777881244,0.319720762254233,0.196595919874833,2.92333333333333,2
2025-11-19 21:30:00,21.246603629404,4.1736300633475,451.338993901114,0.323288167374333,0.192151865811033,3.18666666666667,2
2025-11-19 21:45:00,21.246603629404,4.1736300633475,451.338993901114,0.323288167374333,0.192440445554467,3.01733333333333,2
2025-11-19 22:00:00,21.246603629404,4.1736300633475,451.338993901114,0.323288167374333,0.192440445554467,3.018,2
2025-11-19 22:15:00,21.246603629404,4.1736300633475,451.338993901114,0.323288167374333,0.192440445554467,3.414,2
2025-11-19 22:30:00,21.246603629404,4.1736300633475,451.338993901114,0.323288167374333,0.192440445554467,3.14266666666667,2
2025-11-19 22:45:00,21.246603629404,4.1736300633475,451.338993901114,0.323288167374333,0.192440445554467,3.062,2
2025-11-19 23:00:00,21.246603629404,4.1736300633475,451.338993901114,0.323288167374333,0.192440445554467,3.006,2
2025-11-19 23:15:00,21.246603629404,4.1736300633475,451.338993901114,0.323288167374333,0.192518975308133,2.19866666666667,2
2025-11-19 23:30:00,21.246603629404,4.1736300633475,451.338993901114,0.323288167374333,0.192440445554467,2.43666666666667,2
2025-11-19 23:45:00,21.246603629404,4.1736300633475,451.338993901114,0.323288167374333,0.192518975308133,2.41466666666667,2
2025-11-20 00:00:00,21.246603629404,4.1736300633475,451.338993901114,0.323288167374333,0.192440445554467,2.71866666666667,2
2025-11-20 00:15:00,21.246603629404,4.1736300633475,451.338993901114,0.323288167374333,0.192440445554467,3.22333333333333,2
2025-11-20 00:30:00,21.246603629404,4.1736300633475,451.338993901114,0.323288167374333,0.192440445554467,4.27533333333333,2
2025-11-20 00:45:00,21.246603629404,4.1736300633475,451.338993901114,0.323288167374333,0.192440445554467,4.72666666666667,2
2025-11-20 01:00:00,21.0479604656273,3.98845742971914,455.892678316317,0.315217242245567,0.166148690307067,3.72933333333333,2
2025-11-20 01:15:00,21.0479604656273,3.98136021987914,455.878969896347,0.315127153576,0.1663339094592,4.23466666666667,2
2025-11-20 01:30:00,21.0479604656273,3.98182242679914,455.878969896347,0.3152023269094,0.1660711827387,5.028,2
2025-11-20 01:45:00,21.0479604656273,3.98297633099914,455.878969896347,0.3150118735754,0.166203605387067,5.792,2
2025-11-20 02:00:00,21.0479604656273,3.98297633099914,455.878969896347,0.3150118735754,0.166566377450667,6.33,2
2025-11-20 02:15:00,21.0479604656273,3.98575763801914,455.892678316317,0.315136482245567,0.1663743371184,5.40866666666667,2
2025-11-20 02:30:00,21.0479604656273,3.98182242679914,455.878969896347,0.3152023269094,0.166507547527,7.99066666666667,2
2025-11-20 02:45:00,21.1698748612773,3.98569157261247,455.968394907301,0.317521445137767,0.211599369888533,7.27066666666667,2
2025-11-20 03:00:00,21.246603629404,4.1736300633475,451.338993901114,0.323288167374333,0.192442350290467,4.40266666666667,2
2025-11-20 03:15:00,21.246603629404,4.1736300633475,451.338993901114,0.323288167374333,0.192440445554467,3.55666666666667,2
2025-11-20 03:30:00,21.246603629404,4.1736300633475,451.338993901114,0.323288167374333,0.192440445554467,2.82466666666667,2
2025-11-20 03:45:00,21.246603629404,4.1736300633475,451.338993901114,0.323288167374333,0.192440445554467,2.51666666666667,2
2025-11-20 04:00:00,21.246603629404,4.1736300633475,451.338993901114,0.323288167374333,0.192442350290467,3.304,2
2025-11-20 04:15:00,21.246603629404,4.1736300633475,451.338993901114,0.323288167374333,0.192442350290467,4.89733333333333,2
2025-11-20 04:30:00,21.0809878669697,4.15085465100064,452.75313245402,0.322343409593266,0.1935324028208,4.68666666666667,2
2025-11-20 04:45:00,21.246603629404,4.1736300633475,451.338993901114,0.323288167374333,0.192442350290467,3.88133333333333,2
2025-11-20 05:00:00,21.246603629404,4.1736300633475,451.338993901114,0.323288167374333,0.192440445554467,5.17533333333333,2
2025-11-20 05:15:00,21.246603629404,4.1736300633475,451.338993901114,0.323288167374333,0.192442350290467,4.90466666666667,2
2025-11-20 05:30:00,21.246603629404,4.1736300633475,451.338993901114,0.323288167374333,0.192440445554467,4.59133333333333,2
2025-11-20 05:45:00,21.246603629404,4.1736300633475,451.338993901114,0.323288167374333,0.192440445554467,3.61333333333333,2
2025-11-20 06:00:00,21.246603629404,4.1736300633475,451.338993901114,0.323288167374333,0.192440445554467,2.80866666666667,2
2025-11-20 06:15:00,21.246603629404,4.1736300633475,451.338993901114,0.323288167374333,0.192440445554467,2.99533333333333,2
2025-11-20 06:30:00,21.246603629404,4.1736300633475,451.338993901114,0.323288167374333,0.192518975308133,3.04733333333333,2
2025-11-20 06:45:00,21.246603629404,4.1736300633475,451.338993901114,0.323288167374333,0.192518975308133,3.40133333333333,2
2025-11-20 07:00:00,21.246603629404,4.1736300633475,451.338993901114,0.323288167374333,0.192440445554467,2.99466666666667,2
2025-11-20 07:15:00,21.246603629404,4.1736300633475,451.338993901114,0.323288167374333,0.192518975308133,3.15866666666667,2
2025-11-20 07:30:00,21.246603629404,4.1736300633475,451.338993901114,0.323288167374333,0.192518975308133,3.28866666666667,2
2025-11-20 07:45:00,21.246603629404,4.1736300633475,451.338993901114,0.323288167374333,0.192518975308133,3.358,2
2025-11-20 08:00:00,21.246603629404,4.1736300633475,451.338993901114,0.323288167374333,0.192518975308133,3.042,2
2025-11-20 08:15:00,21.246603629404,4.1736300633475,451.338993901114,0.323288167374333,0.192518975308133,3.02066666666667,2
2025-11-20 08:30:00,21.246603629404,4.1736300633475,451.338993901114,0.323288167374333,0.192518975308133,2.922,2
2025-11-20 08:45:00,21.246603629404,4.1736300633475,451.338993901114,0.323288167374333,0.192518975308133,3.124,2
2025-11-20 09:00:00,21.246603629404,4.1736300633475,451.338993901114,0.323288167374333,0.192518975308133,3.122,2
2025-11-20 09:15:00,21.246603629404,4.1736300633475,451.338993901114,0.323288167374333,0.192518975308133,3.422,2
2025-11-20 09:30:00,21.246603629404,4.1736300633475,451.338993901114,0.323288167374333,0.192518975308133,3.37133333333333,2
2025-11-20 09:45:00,21.246603629404,4.1736300633475,451.338993901114,0.323288167374333,0.192518975308133,3.28,2
2025-11-20 10:00:00,21.246603629404,4.1736300633475,451.338993901114,0.323288167374333,0.192518975308133,3.01733333333333,2
2025-11-20 10:15:00,21.246603629404,4.1736300633475,451.338993901114,0.323288167374333,0.192518975308133,3.07333333333333,2
2025-11-20 10:30:00,21.246603629404,4.1736300633475,451.338993901114,0.323288167374333,0.192518975308133,3.406,2
2025-11-20 10:45:00,21.246603629404,4.1736300633475,451.338993901114,0.323288167374333,0.192442350290467,6.218,2
2025-11-20 11:00:00,21.1740244471287,4.16009632043664,453.002579233774,0.3190422526995,0.1951004721857,8.48666666666667,2
2025-11-20 11:15:00,21.246603629404,4.1736300633475,451.338993901114,0.323288167374333,0.192440445554467,9.36266666666667,2
2025-11-20 11:30:00,21.246603629404,4.1736300633475,451.338993901114,0.323288167374333,0.192440445554467,4.72666666666667,2
2025-11-20 11:45:00,21.246603629404,4.1736300633475,451.338993901114,0.323288167374333,0.192440445554467,4.70533333333333,2
2025-11-20 12:00:00,21.246603629404,4.1736300633475,451.338993901114,0.323288167374333,0.192518975308133,3.19666666666667,2
2025-11-20 12:15:00,21.246603629404,4.1736300633475,451.338993901114,0.323288167374333,0.192518975308133,3.122,2
2025-11-20 12:30:00,21.246603629404,4.1736300633475,451.338993901114,0.323288167374333,0.192518975308133,3.70733333333333,2
2025-11-20 12:45:00,21.246603629404,4.1736300633475,451.338993901114,0.323288167374333,0.192518975308133,4.55666666666667,2
2025-11-20 13:00:00,21.246603629404,4.1736300633475,451.338993901114,0.323288167374333,0.192518975308133,4.36933333333333,2
2025-11-20 13:15:00,21.246603629404,4.1736300633475,451.338993901114,0.323288167374333,0.192518975308133,4.69666666666667,2
2025-11-20 13:30:00,21.246603629404,4.1736300633475,451.338993901114,0.323288167374333,0.192518975308133,5.44333333333333,2
2025-11-20 13:45:00,21.246603629404,4.1736300633475,451.338993901114,0.323288167374333,0.192518975308133,5.85733333333333,2
2025-11-20 14:00:00,21.246603629404,4.1736300633475,451.338993901114,0.323288167374333,0.192518975308133,6.45066666666667,2
2025-11-20 14:15:00,21.246603629404,4.1736300633475,451.338993901114,0.323288167374333,0.192440445554467,6.82333333333333,2
2025-11-20 14:30:00,21.246603629404,4.1736300633475,451.338993901114,0.323288167374333,0.192518975308133,6.97466666666667,2
2025-11-20 14:45:00,21.246603629404,4.1736300633475,451.338993901114,0.323288167374333,0.192440445554467,6.65066666666667,2
2025-11-20 15:00:00,21.246603629404,4.1736300633475,451.338993901114,0.323288167374333,0.192442350290467,6.96866666666667,2
2025-11-20 15:15:00,21.246603629404,4.1736300633475,451.338993901114,0.323288167374333,0.192440445554467,7.66,2
2025-11-20 15:30:00,21.246603629404,4.1736300633475,451.338993901114,0.323288167374333,0.192442350290467,7.74733333333333,2
2025-11-20 15:45:00,21.246603629404,4.1736300633475,451.338993901114,0.323288167374333,0.192442350290467,8.56533333333333,2
2025-11-20 16:00:00,21.246603629404,4.1736300633475,451.338993901114,0.323288167374333,0.192440445554467,8.00733333333333,2
2025-11-20 16:15:00,21.246603629404,4.1736300633475,451.338993901114,0.323288167374333,0.192440445554467,7.74533333333333,2
2025-11-20 16:30:00,21.246603629404,4.1736300633475,451.338993901114,0.323288167374333,0.192442350290467,7.54866666666667,2
2025-11-20 16:45:00,21.246603629404,4.1736300633475,451.338993901114,0.323288167374333,0.192442350290467,6.832,2
2025-11-20 17:00:00,21.246603629404,4.1736300633475,451.338993901114,0.323288167374333,0.192440445554467,5.70133333333333,2
2025-11-20 17:15:00,21.246603629404,4.1736300633475,451.338993901114,0.323288167374333,0.192440445554467,5.95533333333333,2
2025-11-20 17:30:00,21.246603629404,4.1736300633475,451.338993901114,0.323288167374333,0.192440445554467,5.85733333333333,2
2025-11-20 17:45:00,21.246603629404,4.1736300633475,451.338993901114,0.323288167374333,0.192440445554467,6.374,2
2025-11-20 18:00:00,21.246603629404,4.1736300633475,451.338993901114,0.323288167374333,0.192442350290467,6.22333333333333,2
2025-11-20 18:15:00,21.246603629404,4.1736300633475,451.338993901114,0.323288167374333,0.192440445554467,6.08933333333333,2
2025-11-20 18:30:00,21.246603629404,4.1736300633475,451.338993901114,0.323288167374333,0.192442350290467,5.95,2
2025-11-20 18:45:00,21.246603629404,4.1736300633475,451.338993901114,0.323288167374333,0.192440445554467,4.99066666666667,2
2025-11-20 19:00:00,21.246603629404,4.1736300633475,451.338993901114,0.323288167374333,0.192440445554467,5.206,2
2025-11-20 19:15:00,21.246603629404,4.1736300633475,451.338993901114,0.323288167374333,0.192440445554467,4.97733333333333,2
2025-11-20 19:30:00,21.246603629404,4.1736300633475,451.338993901114,0.323288167374333,0.192442350290467,4.47,2
2025-11-20 19:45:00,21.246603629404,4.1736300633475,451.338993901114,0.323288167374333,0.192440445554467,4.47333333333333,2
2025-11-20 20:00:00,21.246603629404,4.1736300633475,451.338993901114,0.323288167374333,0.192440445554467,3.86533333333333,2
2025-11-20 20:15:00,21.246603629404,4.1736300633475,451.338993901114,0.323288167374333,0.192440445554467,4.86733333333333,2
2025-11-20 20:30:00,21.246603629404,4.1736300633475,451.338993901114,0.323288167374333,0.192442350290467,3.82733333333333,2
2025-11-20 20:45:00,21.246603629404,4.1736300633475,451.338993901114,0.323288167374333,0.192442350290467,3.208,2
2025-11-20 21:00:00,21.246603629404,4.1736300633475,451.338993901114,0.323288167374333,0.192440445554467,2.53266666666667,2
2025-11-20 21:15:00,21.246603629404,4.1736300633475,451.338993901114,0.323288167374333,0.192442350290467,2.57733333333333,2
2025-11-20 21:30:00,21.246603629404,4.1736300633475,451.338993901114,0.323288167374333,0.192440445554467,2.08,2
2025-11-20 21:45:00,21.246603629404,4.1736300633475,451.338993901114,0.323288167374333,0.192440445554467,1.846,2
2025-11-20 22:00:00,21.246603629404,4.1736300633475,451.338993901114,0.323288167374333,0.192440445554467,1.48533333333333,2
2025-11-20 22:15:00,21.246603629404,4.1736300633475,451.338993901114,0.323288167374333,0.192440445554467,1.36866666666667,2
2025-11-20 22:30:00,21.246603629404,4.1736300633475,451.338993901114,0.323288167374333,0.192440445554467,1.35,2
2025-11-20 22:45:00,21.246603629404,4.1736300633475,451.338993901114,0.323288167374333,0.192440445554467,1.38533333333333,2
2025-11-20 23:00:00,21.246603629404,4.1736300633475,451.338993901114,0.323288167374333,0.192440445554467,1.52066666666667,2
2025-11-20 23:15:00,21.246603629404,4.1736300633475,451.338993901114,0.323288167374333,0.192440445554467,1.594,2
2025-11-20 23:30:00,21.246603629404,4.1736300633475,451.338993901114,0.323288167374333,0.192442350290467,1.59333333333333,2
2025-11-20 23:45:00,21.246603629404,4.1736300633475,451.338993901114,0.323288167374333,0.192442350290467,1.50066666666667,2
2025-11-21 00:00:00,21.246603629404,4.1736300633475,451.338993901114,0.323288167374333,0.192440445554467,1.62,2
2025-11-21 00:15:00,21.246603629404,4.1736300633475,451.338993901114,0.323288167374333,0.192442350290467,1.58333333333333,2
2025-11-21 00:30:00,21.246603629404,4.1736300633475,451.338993901114,0.323288167374333,0.192430904377867,1.91533333333333,2
2025-11-21 00:45:00,21.246603629404,4.1736300633475,451.338993901114,0.323288167374333,0.192430904377867,1.33266666666667,2
2025-11-21 01:00:00,21.246603629404,4.1736300633475,451.338993901114,0.323288167374333,0.192442350290467,1.51533333333333,2
2025-11-21 01:15:00,21.246603629404,4.1736300633475,451.338993901114,0.323288167374333,0.192430904377867,1.78333333333333,2
2025-11-21 01:30:00,21.246603629404,4.1736300633475,451.338993901114,0.323288167374333,0.192442350290467,1.48666666666667,2
2025-11-21 01:45:00,21.246603629404,4.1736300633475,451.338993901114,0.323288167374333,0.192440445554467,0.906666666666667,2
2025-11-21 02:00:00,21.246603629404,4.1736300633475,451.338993901114,0.323288167374333,0.192442350290467,1.43266666666667,2
2025-11-21 02:15:00,21.246603629404,4.1736300633475,451.338993901114,0.323288167374333,0.192442350290467,1.91133333333333,2
2025-11-21 02:30:00,21.246603629404,4.1736300633475,451.338993901114,0.323288167374333,0.192442350290467,2.00466666666667,2
2025-11-21 02:45:00,21.246603629404,4.1736300633475,451.338993901114,0.323288167374333,0.192442350290467,1.61933333333333,2
2025-11-21 03:00:00,21.246603629404,4.1736300633475,451.338993901114,0.323288167374333,0.192440445554467,1.74666666666667,2
2025-11-21 03:15:00,21.0479604656273,3.98263241807914,455.878969896347,0.312133244458767,0.165932995920633,2.278,2
2025-11-21 03:30:00,21.246603629404,4.1736300633475,451.338993901114,0.323288167374333,0.192442350290467,1.48066666666667,2
2025-11-21 03:45:00,21.246603629404,4.1736300633475,451.338993901114,0.323288167374333,0.192442350290467,1.11533333333333,2
2025-11-21 04:00:00,21.246603629404,4.1736300633475,451.338993901114,0.323288167374333,0.192440445554467,1.104,2
2025-11-21 04:15:00,21.246603629404,4.1736300633475,451.338993901114,0.323288167374333,0.192442350290467,1.066,2
2025-11-21 04:30:00,21.246603629404,4.1736300633475,451.338993901114,0.323288167374333,0.192440445554467,0.965333333333333,2
2025-11-21 04:45:00,21.246603629404,4.1736300633475,451.338993901114,0.323288167374333,0.192440445554467,1.70333333333333,2
2025-11-21 05:00:00,21.246603629404,4.1736300633475,451.338993901114,0.323288167374333,0.192440445554467,1.83066666666667,2
2025-11-21 05:15:00,21.246603629404,4.1736300633475,451.338993901114,0.323288167374333,0.192440445554467,0.857333333333333,2
2025-11-21 05:30:00,21.246603629404,4.1736300633475,451.338993901114,0.323288167374333,0.192440445554467,0.806,2
2025-11-21 05:45:00,21.246603629404,4.1736300633475,451.338993901114,0.323288167374333,0.192440445554467,0.656,2
2025-11-21 06:00:00,21.246603629404,4.1736300633475,451.338993901114,0.323288167374333,0.192440445554467,0.798666666666667,2
2025-11-21 06:15:00,21.246603629404,4.1736300633475,451.338993901114,0.323288167374333,0.192440445554467,0.914666666666667,2
2025-11-21 06:30:00,21.246603629404,4.1736300633475,451.338993901114,0.323288167374333,0.192440445554467,1.40266666666667,2
2025-11-21 06:45:00,21.246603629404,4.1736300633475,451.338993901114,0.323288167374333,0.192440445554467,1.47066666666667,2
2025-11-21 07:00:00,21.246603629404,4.1736300633475,451.338993901114,0.323288167374333,0.192440445554467,1.65933333333333,2
2025-11-21 07:15:00,21.246603629404,4.1736300633475,451.338993901114,0.323288167374333,0.192440445554467,2.25666666666667,2
2025-11-21 07:30:00,21.246603629404,4.1736300633475,451.338993901114,0.323288167374333,0.192440445554467,1.166,2
2025-11-21 07:45:00,21.246603629404,4.1736300633475,451.338993901114,0.323288167374333,0.192440445554467,0.847333333333333,2
2025-11-21 08:00:00,21.246603629404,4.1736300633475,451.338993901114,0.323288167374333,0.192440445554467,0.970666666666667,2
2025-11-21 08:15:00,21.246603629404,4.1736300633475,451.338993901114,0.323288167374333,0.192440445554467,1.686,2
2025-11-21 08:30:00,21.246603629404,4.1736300633475,451.338993901114,0.323288167374333,0.192440445554467,2.79533333333333,2
2025-11-21 08:45:00,21.246603629404,4.1736300633475,451.338993901114,0.323288167374333,0.192518975308133,1.44733333333333,2
2025-11-21 09:00:00,21.246603629404,4.1736300633475,451.338993901114,0.323288167374333,0.192518975308133,2.16533333333333,2
2025-11-21 09:15:00,21.246603629404,4.1736300633475,451.338993901114,0.323288167374333,0.192440445554467,3.56066666666667,2
2025-11-21 09:30:00,21.246603629404,4.1736300633475,451.338993901114,0.323288167374333,0.192518975308133,4.54066666666667,2
2025-11-21 09:45:00,21.246603629404,4.1736300633475,451.338993901114,0.323288167374333,0.192518975308133,4.69866666666667,2
2025-11-21 10:00:00,21.246603629404,4.1736300633475,451.338993901114,0.323288167374333,0.192518975308133,4.75466666666667,2
2025-11-21 10:15:00,21.246603629404,4.1736300633475,451.338993901114,0.323288167374333,0.192518975308133,4.43666666666667,2
2025-11-21 10:30:00,21.246603629404,4.1736300633475,451.338993901114,0.323288167374333,0.192518975308133,3.712,2
2025-11-21 10:45:00,21.246603629404,4.1736300633475,451.338993901114,0.323288167374333,0.192518975308133,3.06333333333333,2
2025-11-21 11:00:00,21.246603629404,4.1736300633475,451.338993901114,0.323288167374333,0.192518975308133,2.416,2
2025-11-21 11:15:00,21.246603629404,4.1736300633475,451.338993901114,0.323288167374333,0.192518975308133,2.612,2
2025-11-21 11:30:00,21.246603629404,4.1736300633475,451.338993901114,0.323288167374333,0.192518975308133,2.98333333333333,2
2025-11-21 11:45:00,21.246603629404,4.1736300633475,451.338993901114,0.323288167374333,0.192518975308133,4.01333333333333,2
2025-11-21 12:00:00,21.246603629404,4.1736300633475,451.338993901114,0.323288167374333,0.192518975308133,4.21466666666667,2
2025-11-21 12:15:00,21.246603629404,4.1736300633475,451.338993901114,0.323288167374333,0.192518975308133,4.13666666666667,2
2025-11-21 12:30:00,21.246603629404,4.1736300633475,451.338993901114,0.323288167374333,0.192518975308133,4.41133333333333,2
2025-11-21 12:45:00,21.246603629404,4.1736300633475,451.338993901114,0.323288167374333,0.192518975308133,3.92733333333333,2
2025-11-21 13:00:00,21.246603629404,4.1736300633475,451.338993901114,0.323288167374333,0.192518975308133,4.048,2
2025-11-21 13:15:00,21.246603629404,4.1736300633475,451.338993901114,0.323288167374333,0.192518975308133,4.85666666666667,2
2025-11-21 13:30:00,21.246603629404,4.1736300633475,451.338993901114,0.323288167374333,0.192518975308133,4.70133333333333,2
2025-11-21 13:45:00,21.246603629404,4.1736300633475,451.338993901114,0.323288167374333,0.192518975308133,5.52266666666667,2
2025-11-21 14:00:00,21.246603629404,4.1736300633475,451.338993901114,0.323288167374333,0.192518975308133,5.77866666666667,2
2025-11-21 14:15:00,21.246603629404,4.1736300633475,451.338993901114,0.323288167374333,0.192518975308133,6.176,2
2025-11-21 14:30:00,21.246603629404,4.1736300633475,451.338993901114,0.323288167374333,0.192518975308133,5.99866666666667,2
2025-11-21 14:45:00,21.246603629404,4.1736300633475,451.338993901114,0.323288167374333,0.192518975308133,5.87466666666667,2
2025-11-21 15:00:00,21.246603629404,4.1736300633475,451.338993901114,0.323288167374333,0.192518975308133,5.444,2
2025-11-21 15:15:00,21.246603629404,4.1736300633475,451.338993901114,0.323288167374333,0.192518975308133,4.95533333333333,2
2025-11-21 15:30:00,21.246603629404,4.1736300633475,451.338993901114,0.323288167374333,0.192518975308133,4.79,2
2025-11-21 15:45:00,21.246603629404,4.1736300633475,451.338993901114,0.323288167374333,0.192518975308133,4.83466666666667,2
2025-11-21 16:00:00,21.246603629404,4.1736300633475,451.338993901114,0.323288167374333,0.192440445554467,4.53066666666667,2
2025-11-21 16:15:00,21.246603629404,4.1736300633475,451.338993901114,0.323288167374333,0.192440445554467,4.314,2
2025-11-21 16:30:00,21.246603629404,4.1736300633475,451.338993901114,0.323288167374333,0.192440445554467,5.414,2
2025-11-21 16:45:00,21.246603629404,4.1736300633475,451.338993901114,0.323288167374333,0.192440445554467,5.20266666666667,2
2025-11-21 17:00:00,21.246603629404,4.1736300633475,451.338993901114,0.323288167374333,0.192440445554467,5.22933333333333,2
2025-11-21 17:15:00,21.246603629404,4.1736300633475,451.338993901114,0.323288167374333,0.192440445554467,5.338,2
2025-11-21 17:30:00,21.246603629404,4.1736300633475,451.338993901114,0.323288167374333,0.192440445554467,5.54733333333333,2
2025-11-21 17:45:00,21.246603629404,4.1736300633475,451.338993901114,0.323288167374333,0.192440445554467,5.53466666666667,2
2025-11-21 18:00:00,21.246603629404,4.1736300633475,451.338993901114,0.323288167374333,0.192440445554467,5.03133333333333,2
2025-11-21 18:15:00,21.246603629404,4.1736300633475,451.338993901114,0.323288167374333,0.192440445554467,4.74066666666667,2
2025-11-21 18:30:00,21.246603629404,4.1736300633475,451.338993901114,0.323288167374333,0.192440445554467,5.59466666666667,2
2025-11-21 18:45:00,21.246603629404,4.1736300633475,451.338993901114,0.323288167374333,0.192430904377867,5.488,2
2025-11-21 19:00:00,21.246603629404,4.1736300633475,451.338993901114,0.323288167374333,0.192442350290467,4.95066666666667,2
2025-11-21 19:15:00,21.246603629404,4.1736300633475,451.338993901114,0.323288167374333,0.192440445554467,4.86133333333333,2
2025-11-21 19:30:00,21.246603629404,4.1736300633475,451.338993901114,0.323288167374333,0.192440445554467,5.16,2
2025-11-21 19:45:00,21.246603629404,4.1736300633475,451.338993901114,0.323288167374333,0.192440445554467,5.014,2
2025-11-21 20:00:00,21.246603629404,4.1736300633475,451.338993901114,0.323288167374333,0.192442350290467,5.34,2
2025-11-21 20:15:00,21.246603629404,4.1736300633475,451.338993901114,0.323288167374333,0.192442350290467,5.48933333333333,2
2025-11-21 20:30:00,21.246603629404,4.1736300633475,451.338993901114,0.323288167374333,0.192440445554467,5.10666666666667,2
2025-11-21 20:45:00,21.246603629404,4.1736300633475,451.338993901114,0.323288167374333,0.192440445554467,5.36666666666667,2
2025-11-21 21:00:00,21.246603629404,4.1736300633475,451.338993901114,0.323288167374333,0.192442350290467,5.69133333333333,2
2025-11-21 21:15:00,21.246603629404,4.1736300633475,451.338993901114,0.323288167374333,0.192442350290467,6.34533333333333,2
2025-11-21 21:30:00,21.246603629404,4.1736300633475,451.338993901114,0.323288167374333,0.192430904377867,6.62666666666667,2
2025-11-21 21:45:00,21.246603629404,4.1736300633475,451.338993901114,0.323288167374333,0.192440445554467,5.94666666666667,2
2025-11-21 22:00:00,21.246603629404,4.1736300633475,451.338993901114,0.323288167374333,0.192440445554467,6.09333333333333,2
2025-11-21 22:15:00,21.246603629404,4.1736300633475,451.338993901114,0.323288167374333,0.192442350290467,6.9,2
2025-11-21 22:30:00,21.246603629404,4.1736300633475,451.338993901114,0.323288167374333,0.192440445554467,5.95733333333333,2
2025-11-21 22:45:00,21.246603629404,4.1736300633475,451.338993901114,0.323288167374333,0.192440445554467,5.80333333333333,2
2025-11-21 23:00:00,21.246603629404,4.1736300633475,451.338993901114,0.323288167374333,0.192442350290467,6.49133333333333,2
2025-11-21 23:15:00,21.246603629404,4.1736300633475,451.338993901114,0.323288167374333,0.192440445554467,5.68733333333333,2
2025-11-21 23:30:00,21.246603629404,4.1736300633475,451.338993901114,0.323288167374333,0.192440445554467,4.882,2
2025-11-21 23:45:00,21.246603629404,4.1736300633475,451.338993901114,0.323288167374333,0.192440445554467,4.89,2
2025-11-22 00:00:00,21.246603629404,4.1736300633475,451.338993901114,0.323288167374333,0.192440445554467,6.174,2
2025-11-22 00:15:00,21.246603629404,4.1736300633475,451.338993901114,0.323288167374333,0.192440445554467,4.938,2
2025-11-22 00:30:00,21.246603629404,4.1736300633475,451.338993901114,0.323288167374333,0.192440445554467,4.52933333333333,2
2025-11-22 00:45:00,21.246603629404,4.1736300633475,451.338993901114,0.323288167374333,0.192440445554467,4.542,2
2025-11-22 01:00:00,21.246603629404,4.1736300633475,451.338993901114,0.323288167374333,0.192440445554467,4.734,2
2025-11-22 01:15:00,21.246603629404,4.1736300633475,451.338993901114,0.323288167374333,0.192440445554467,5.39666666666667,2
2025-11-22 01:30:00,21.246603629404,4.1736300633475,451.338993901114,0.323288167374333,0.192440445554467,5.29533333333333,2
2025-11-22 01:45:00,21.246603629404,4.1736300633475,451.338993901114,0.323288167374333,0.192440445554467,5.042,2
2025-11-22 02:00:00,21.246603629404,4.1736300633475,451.338993901114,0.323288167374333,0.192440445554467,5.022,2
2025-11-22 02:15:00,21.246603629404,4.1736300633475,451.338993901114,0.323288167374333,0.192440445554467,5.49666666666667,2
2025-11-22 02:30:00,21.246603629404,4.1736300633475,451.338993901114,0.323288167374333,0.192440445554467,5.36266666666667,2
2025-11-22 02:45:00,21.246603629404,4.1736300633475,451.338993901114,0.323288167374333,0.192440445554467,5.79666666666667,2
2025-11-22 03:00:00,21.246603629404,4.1736300633475,451.338993901114,0.323288167374333,0.192440445554467,5.702,2
2025-11-22 03:15:00,21.246603629404,4.1736300633475,451.338993901114,0.323288167374333,0.192440445554467,4.97533333333333,2
2025-11-22 03:30:00,21.246603629404,4.1736300633475,451.338993901114,0.323288167374333,0.192440445554467,4.96533333333333,2
2025-11-22 03:45:00,21.246603629404,4.1736300633475,451.338993901114,0.323288167374333,0.192440445554467,5.10866666666667,2
2025-11-22 04:00:00,21.246603629404,4.1736300633475,451.338993901114,0.323288167374333,0.192440445554467,5.762,2
2025-11-22 04:15:00,21.246603629404,4.1736300633475,451.338993901114,0.323288167374333,0.192440445554467,5.88933333333333,2
2025-11-22 04:30:00,21.246603629404,4.1736300633475,451.338993901114,0.323288167374333,0.192440445554467,5.42733333333333,2
2025-11-22 04:45:00,21.246603629404,4.1736300633475,451.338993901114,0.323288167374333,0.192440445554467,6.62666666666667,2
2025-11-22 05:00:00,21.246603629404,4.1736300633475,451.338993901114,0.323288167374333,0.192440445554467,7.03,2
2025-11-22 05:15:00,21.246603629404,4.1736300633475,451.338993901114,0.323288167374333,0.192440445554467,7.112,2
2025-11-22 05:30:00,21.246603629404,4.1736300633475,451.338993901114,0.323288167374333,0.192440445554467,7.06533333333333,2
2025-11-22 05:45:00,21.246603629404,4.1736300633475,451.338993901114,0.323288167374333,0.192440445554467,6.922,2
2025-11-22 06:00:00,21.246603629404,4.1736300633475,451.338993901114,0.323288167374333,0.192440445554467,7.95466666666667,2
2025-11-22 06:15:00,21.246603629404,4.1736300633475,451.338993901114,0.323288167374333,0.192440445554467,7.098,2
2025-11-22 06:30:00,21.246603629404,4.1736300633475,451.338993901114,0.323288167374333,0.192440445554467,7.384,2
2025-11-22 06:45:00,21.246603629404,4.1736300633475,451.338993901114,0.323288167374333,0.192440445554467,7.804,2
2025-11-22 07:00:00,21.246603629404,4.1736300633475,451.338993901114,0.323288167374333,0.192440445554467,7.29066666666667,2
2025-11-22 07:15:00,21.246603629404,4.1736300633475,451.338993901114,0.323288167374333,0.192518975308133,7.33666666666667,2
2025-11-22 07:30:00,21.246603629404,4.1736300633475,451.338993901114,0.323288167374333,0.192518975308133,6.12866666666667,2
2025-11-22 07:45:00,21.246603629404,4.1736300633475,451.338993901114,0.323288167374333,0.192518975308133,5.508,2
2025-11-22 08:00:00,21.246603629404,4.1736300633475,451.338993901114,0.323288167374333,0.192518975308133,4.65,2
2025-11-22 08:15:00,21.246603629404,4.1736300633475,451.338993901114,0.323288167374333,0.192518975308133,3.29266666666667,2
2025-11-22 08:30:00,21.246603629404,4.1736300633475,451.338993901114,0.323288167374333,0.192440445554467,3.412,2
2025-11-22 08:45:00,21.246603629404,4.1736300633475,451.338993901114,0.323288167374333,0.192518975308133,3.79466666666667,2
2025-11-22 09:00:00,21.246603629404,4.1736300633475,451.338993901114,0.323288167374333,0.192440445554467,3.812,2
2025-11-22 09:15:00,21.246603629404,4.1736300633475,451.338993901114,0.323288167374333,0.192440445554467,3.62733333333333,2
2025-11-22 09:30:00,21.246603629404,4.1736300633475,451.338993901114,0.323288167374333,0.192440445554467,3.908,2
2025-11-22 09:45:00,21.246603629404,4.1736300633475,451.338993901114,0.323288167374333,0.192440445554467,3.79733333333333,2
2025-11-22 10:00:00,21.246603629404,4.1736300633475,451.338993901114,0.323288167374333,0.192518975308133,1.20266666666667,2
2025-11-22 10:15:00,21.246603629404,4.1736300633475,451.338993901114,0.323288167374333,0.192518975308133,0.721333333333333,2
2025-11-22 10:30:00,21.246603629404,4.1736300633475,451.338993901114,0.323288167374333,0.192518975308133,0.79,2
2025-11-22 10:45:00,21.246603629404,4.1736300633475,451.338993901114,0.323288167374333,0.192518975308133,0.513333333333333,2
2025-11-22 11:00:00,21.246603629404,4.1736300633475,451.338993901114,0.323225354040333,0.192505318046133,0.777333333333333,2
2025-11-22 11:15:00,21.246603629404,4.1736300633475,451.338993901114,0.323225354040333,0.192505318046133,2.306,2
2025-11-22 11:30:00,21.246603629404,4.1736300633475,451.338993901114,0.323225354040333,0.192505318046133,6.00933333333333,2
2025-11-22 11:45:00,21.246603629404,4.1736300633475,451.338993901114,0.323225354040333,0.192505318046133,2.91533333333333,2
2025-11-22 12:00:00,21.246603629404,4.1736300633475,451.338993901114,0.323225354040333,0.192505318046133,3.60666666666667,2
2025-11-22 12:15:00,21.246603629404,4.1736300633475,451.338993901114,0.323225354040333,0.192505318046133,3.87733333333333,2
2025-11-22 12:30:00,21.246603629404,4.1736300633475,451.338993901114,0.323225354040333,0.192505318046133,4.90866666666667,2
2025-11-22 12:45:00,21.246603629404,4.1736300633475,451.338993901114,0.323225354040333,0.192505318046133,4.95066666666667,2
2025-11-22 13:00:00,21.246603629404,4.1736300633475,451.338993901114,0.323225354040333,0.192505318046133,4.89066666666667,2
2025-11-22 13:15:00,21.246603629404,4.1736300633475,451.338993901114,0.323225354040333,0.192505318046133,4.78333333333333,2
2025-11-22 13:30:00,21.246603629404,4.1736300633475,451.338993901114,0.323288167374333,0.192505318046133,4.26,2
2025-11-22 13:45:00,21.246603629404,4.1736300633475,451.338993901114,0.323288167374333,0.192518975308133,3.73666666666667,2
2025-11-22 14:00:00,21.246603629404,4.1736300633475,451.338993901114,0.323288167374333,0.192505318046133,3.596,2
2025-11-22 14:15:00,21.246603629404,4.1736300633475,451.338993901114,0.323225354040333,0.192505318046133,4.3,2
2025-11-22 14:30:00,21.246603629404,4.1736300633475,451.338993901114,0.323225354040333,0.192505318046133,4.396,2
2025-11-22 14:45:00,21.246603629404,4.1736300633475,451.338993901114,0.323288167374333,0.192505318046133,3.28,2
2025-11-22 15:00:00,21.246603629404,4.1736300633475,451.338993901114,0.323288167374333,0.192505318046133,3.31466666666667,2
2025-11-22 15:15:00,21.246603629404,4.1736300633475,451.338993901114,0.323288167374333,0.192505318046133,3.43133333333333,2
2025-11-22 15:30:00,21.246603629404,4.1736300633475,451.338993901114,0.323288167374333,0.192505318046133,3.39133333333333,2
2025-11-22 15:45:00,21.246603629404,4.1736300633475,451.338993901114,0.323288167374333,0.192518975308133,3.52933333333333,2
2025-11-22 16:00:00,21.246603629404,4.1736300633475,451.338993901114,0.323288167374333,0.192518975308133,3.19133333333333,2
2025-11-22 16:15:00,21.246603629404,4.1736300633475,451.338993901114,0.323288167374333,0.192518975308133,3.1,2
2025-11-22 16:30:00,21.246603629404,4.1736300633475,451.338993901114,0.323288167374333,0.192518975308133,3.036,2
2025-11-22 16:45:00,21.246603629404,4.1736300633475,451.338993901114,0.323288167374333,0.192518975308133,3.06133333333333,2
2025-11-22 17:00:00,21.246603629404,4.1736300633475,451.338993901114,0.323288167374333,0.192518975308133,2.65066666666667,2
2025-11-22 17:15:00,21.246603629404,4.1736300633475,451.338993901114,0.323288167374333,0.192518975308133,2.224,2
2025-11-22 17:30:00,21.246603629404,4.1736300633475,451.338993901114,0.323288167374333,0.192518975308133,2.09066666666667,2
2025-11-22 17:45:00,21.246603629404,4.1736300633475,451.338993901114,0.323288167374333,0.192518975308133,2.02666666666667,2
2025-11-22 18:00:00,21.246603629404,4.1736300633475,451.338993901114,0.323288167374333,0.192440445554467,2.45933333333333,2
2025-11-22 18:15:00,21.246603629404,4.1736300633475,451.338993901114,0.323288167374333,0.192440445554467,4.57533333333333,2
2025-11-22 18:30:00,21.246603629404,4.1736300633475,451.338993901114,0.323288167374333,0.192518975308133,3.83266666666667,2
2025-11-22 18:45:00,21.246603629404,4.1736300633475,451.338993901114,0.323288167374333,0.192440445554467,3.35866666666667,2
2025-11-22 19:00:00,21.246603629404,4.1736300633475,451.338993901114,0.323288167374333,0.192440445554467,3.92,2
2025-11-22 19:15:00,21.246603629404,4.1736300633475,451.338993901114,0.323288167374333,0.192442350290467,4.26533333333333,2
2025-11-22 19:30:00,21.246603629404,4.1736300633475,451.338993901114,0.323288167374333,0.192440445554467,3.778,2
2025-11-22 19:45:00,21.246603629404,4.1736300633475,451.338993901114,0.323288167374333,0.192440445554467,3.496,2
2025-11-22 20:00:00,21.246603629404,4.1736300633475,451.338993901114,0.323288167374333,0.192518975308133,3.862,2
2025-11-22 20:15:00,21.246603629404,4.1736300633475,451.338993901114,0.323288167374333,0.192518975308133,4.14933333333333,2
2025-11-22 20:30:00,21.246603629404,4.1736300633475,451.338993901114,0.323288167374333,0.192440445554467,4.21066666666667,2
2025-11-22 20:45:00,21.246603629404,4.1736300633475,451.338993901114,0.323288167374333,0.192518975308133,4.89066666666667,2
2025-11-22 21:00:00,21.246603629404,4.1736300633475,451.338993901114,0.323288167374333,0.192518975308133,4.89933333333333,2
2025-11-22 21:15:00,21.246603629404,4.1736300633475,451.338993901114,0.323288167374333,0.192518975308133,4.91333333333333,2
2025-11-22 21:30:00,21.246603629404,4.1736300633475,451.338993901114,0.323288167374333,0.192440445554467,5.01,2
2025-11-22 21:45:00,21.246603629404,4.1736300633475,451.338993901114,0.323288167374333,0.192518975308133,4.456,2
2025-11-22 22:00:00,21.246603629404,4.1736300633475,451.338993901114,0.323288167374333,0.192518975308133,5.33066666666667,2
2025-11-22 22:15:00,21.246603629404,4.1736300633475,451.338993901114,0.323288167374333,0.192440445554467,5.61333333333333,2
2025-11-22 22:30:00,21.246603629404,4.1736300633475,451.338993901114,0.323288167374333,0.192440445554467,5.03733333333333,2
2025-11-22 22:45:00,21.246603629404,4.1736300633475,451.338993901114,0.323288167374333,0.192440445554467,5.63466666666667,2
2025-11-22 23:00:00,21.246603629404,4.1736300633475,451.338993901114,0.323288167374333,0.192440445554467,8.12333333333333,2
2025-11-22 23:15:00,21.246603629404,4.1736300633475,451.338993901114,0.323288167374333,0.192440445554467,6.54733333333333,2
2025-11-22 23:30:00,21.246603629404,4.1736300633475,451.338993901114,0.323288167374333,0.192518975308133,5.032,2
2025-11-22 23:45:00,21.246603629404,4.1736300633475,451.338993901114,0.323288167374333,0.192518975308133,3.744,2
2025-11-23 00:00:00,21.246603629404,4.1736300633475,451.338993901114,0.323288167374333,0.192440445554467,3.43733333333333,2
2025-11-23 00:15:00,21.246603629404,4.1736300633475,451.338993901114,0.323288167374333,0.192440445554467,3.354,2
2025-11-23 00:30:00,21.246603629404,4.1736300633475,451.338993901114,0.323288167374333,0.192440445554467,3.404,2
2025-11-23 00:45:00,21.246603629404,4.1736300633475,451.338993901114,0.323288167374333,0.192442350290467,4.70333333333333,2
2025-11-23 01:00:00,21.246603629404,4.1736300633475,451.338993901114,0.323288167374333,0.192430904377867,8.26266666666667,2
2025-11-23 01:15:00,21.246603629404,4.1736300633475,451.338993901114,0.323288167374333,0.192430904377867,7.58266666666667,2
2025-11-23 01:30:00,21.246603629404,4.1736300633475,451.338993901114,0.323288167374333,0.192430904377867,5.886,2
2025-11-23 01:45:00,21.0971649967827,4.1445217100173,452.76311538742,0.321614452925933,0.194014148092367,6.99066666666667,2
2025-11-23 02:00:00,21.053292353184,4.11579483342177,452.504388805627,0.324025886927667,0.193195238922333,7.55733333333333,2
2025-11-23 02:15:00,21.246603629404,4.1736300633475,451.338993901114,0.323288167374333,0.192430904377867,6.452,2
2025-11-23 02:30:00,21.246603629404,4.1736300633475,451.338993901114,0.323288167374333,0.192430904377867,8.00066666666667,2
2025-11-23 02:45:00,21.246603629404,4.1736300633475,451.338993901114,0.323288167374333,0.192442350290467,6.572,2
2025-11-23 03:00:00,21.246603629404,4.1736300633475,451.338993901114,0.323288167374333,0.192440445554467,4.67333333333333,2
2025-11-23 03:15:00,21.246603629404,4.1736300633475,451.338993901114,0.323288167374333,0.192442350290467,5.872,2
2025-11-23 03:30:00,21.246603629404,4.1736300633475,451.338993901114,0.323288167374333,0.192442350290467,6.892,2
2025-11-23 03:45:00,21.246603629404,4.1736300633475,451.338993901114,0.323288167374333,0.192442350290467,8.346,2
2025-11-23 04:00:00,21.246603629404,4.1736300633475,451.338993901114,0.323288167374333,0.192440445554467,9.342,2
2025-11-23 04:15:00,21.246603629404,4.1736300633475,451.338993901114,0.323288167374333,0.192440445554467,8.95933333333333,2
2025-11-23 04:30:00,21.246603629404,4.1736300633475,451.338993901114,0.323288167374333,0.192442350290467,6.80666666666667,2
2025-11-23 04:45:00,21.246603629404,4.1736300633475,451.338993901114,0.323288167374333,0.192442350290467,6.78066666666667,2
2025-11-23 05:00:00,21.246603629404,4.1736300633475,451.338993901114,0.323288167374333,0.192442350290467,3.686,2
2025-11-23 05:15:00,21.246603629404,4.1736300633475,451.338993901114,0.323288167374333,0.192440445554467,2.52,2
2025-11-23 05:30:00,21.246603629404,4.1736300633475,451.338993901114,0.323288167374333,0.192440445554467,5.69866666666667,2
2025-11-23 05:45:00,21.246603629404,4.1736300633475,451.338993901114,0.323288167374333,0.192440445554467,4.77533333333333,2
2025-11-23 06:00:00,21.246603629404,4.1736300633475,451.338993901114,0.323288167374333,0.192440445554467,3.754,2
2025-11-23 06:15:00,21.246603629404,4.1736300633475,451.338993901114,0.323288167374333,0.192440445554467,4.05133333333333,2
2025-11-23 06:30:00,21.246603629404,4.1736300633475,451.338993901114,0.323288167374333,0.192440445554467,4.57466666666667,2
2025-11-23 06:45:00,21.246603629404,4.1736300633475,451.338993901114,0.323288167374333,0.192440445554467,6.84133333333333,2
2025-11-23 07:00:00,21.246603629404,4.1736300633475,451.338993901114,0.323288167374333,0.192440445554467,5.638,2
2025-11-23 07:15:00,21.246603629404,4.1736300633475,451.338993901114,0.323288167374333,0.192518975308133,2.57066666666667,2
2025-11-23 07:30:00,21.246603629404,4.1736300633475,451.338993901114,0.323288167374333,0.192518975308133,1.91666666666667,2
2025-11-23 07:45:00,21.246603629404,4.1736300633475,451.338993901114,0.323288167374333,0.192518975308133,1.84933333333333,2
2025-11-23 08:00:00,21.246603629404,4.1736300633475,451.338993901114,0.323288167374333,0.192518975308133,1.96466666666667,2
2025-11-23 08:15:00,21.246603629404,4.1736300633475,451.338993901114,0.323288167374333,0.192518975308133,1.80333333333333,2
2025-11-23 08:30:00,21.246603629404,4.1736300633475,451.338993901114,0.323288167374333,0.192440445554467,2.03,2
2025-11-23 08:45:00,21.246603629404,4.1736300633475,451.338993901114,0.323288167374333,0.192518975308133,1.65733333333333,2
2025-11-23 09:00:00,21.246603629404,4.1736300633475,451.338993901114,0.323288167374333,0.192518975308133,1.67,2
2025-11-23 09:15:00,21.246603629404,4.1736300633475,451.338993901114,0.323288167374333,0.192518975308133,1.63333333333333,2
2025-11-23 09:30:00,21.246603629404,4.1736300633475,451.338993901114,0.323288167374333,0.192518975308133,1.88733333333333,2
2025-11-23 09:45:00,21.246603629404,4.1736300633475,451.338993901114,0.323288167374333,0.192518975308133,1.79066666666667,2
2025-11-23 10:00:00,21.246603629404,4.1736300633475,451.338993901114,0.323288167374333,0.192518975308133,1.72933333333333,2
2025-11-23 10:15:00,21.246603629404,4.1736300633475,451.338993901114,0.323288167374333,0.192505318046133,1.51533333333333,2
2025-11-23 10:30:00,21.246603629404,4.1736300633475,451.338993901114,0.323288167374333,0.192505318046133,2.23,2
2025-11-23 10:45:00,21.246603629404,4.1736300633475,451.338993901114,0.323288167374333,0.192518975308133,2.36333333333333,2
2025-11-23 11:00:00,21.246603629404,4.1736300633475,451.338993901114,0.323288167374333,0.192518975308133,1.53266666666667,2
2025-11-23 11:15:00,21.246603629404,4.1736300633475,451.338993901114,0.323288167374333,0.192518975308133,1.54866666666667,2
2025-11-23 11:30:00,21.246603629404,4.1736300633475,451.338993901114,0.323288167374333,0.192518975308133,1.47333333333333,2
2025-11-23 11:45:00,21.0479604656273,3.9885764048058,455.885914582917,0.314944179355067,0.1681814193827,2.186,2
2025-11-23 12:00:00,21.246603629404,4.1736300633475,451.338993901114,0.323288167374333,0.192518975308133,1.53133333333333,2
2025-11-23 12:15:00,21.246603629404,4.1736300633475,451.338993901114,0.323288167374333,0.192518975308133,1.734,2
2025-11-23 12:30:00,21.246603629404,4.1736300633475,451.338993901114,0.323288167374333,0.192518975308133,1.77933333333333,2
2025-11-23 12:45:00,21.246603629404,4.1736300633475,451.338993901114,0.323288167374333,0.192518975308133,1.902,2
2025-11-23 13:00:00,21.246603629404,4.1736300633475,451.338993901114,0.323288167374333,0.192518975308133,1.494,2
2025-11-23 13:15:00,21.246603629404,4.1736300633475,451.338993901114,0.323288167374333,0.192505318046133,1.33133333333333,2
2025-11-23 13:30:00,21.246603629404,4.1736300633475,451.338993901114,0.323288167374333,0.192518975308133,1.40933333333333,2
2025-11-23 13:45:00,21.246603629404,4.1668848856975,451.338993901114,0.323569546039933,0.192453129625533,1.15666666666667,2
2025-11-23 14:00:00,21.246603629404,4.1736300633475,451.338993901114,0.323288167374333,0.192518975308133,1.31266666666667,2
2025-11-23 14:15:00,21.246603629404,4.1736300633475,451.338993901114,0.323288167374333,0.192518975308133,1.412,2
2025-11-23 14:30:00,21.246603629404,4.1736300633475,451.338993901114,0.323288167374333,0.192518975308133,1.684,2
2025-11-23 14:45:00,21.246603629404,4.1736300633475,451.338993901114,0.323288167374333,0.192440445554467,1.65866666666667,2
2025-11-23 15:00:00,21.246603629404,4.1736300633475,451.338993901114,0.323288167374333,0.192440445554467,1.93866666666667,2
2025-11-23 15:15:00,21.246603629404,4.1736300633475,451.338993901114,0.323288167374333,0.1921831453877,2.218,2
2025-11-23 15:30:00,21.1447093732337,4.14681271811443,451.338993901114,0.323837183820567,0.193395652769233,1.8,2
2025-11-23 15:45:00,21.0479604656273,3.98875531551914,455.892678316317,0.315045063579567,0.165900074553633,2.332,2
2025-11-23 16:00:00,21.0479604656273,3.99016591769914,455.862932716317,0.315243254911867,0.177052742305667,2.056,2
2025-11-23 16:15:00,21.0479604656273,3.98689127092914,455.878969896347,0.304935345571534,0.166025703240833,2.128,2
2025-11-23 16:30:00,21.0479604656273,3.98263241807914,455.878969896347,0.3146677535736,0.166130701966633,2.21866666666667,2
2025-11-23 16:45:00,21.0479604656273,3.98457754782914,455.878969896347,0.302745385572533,0.166219873667367,2.826,2
2025-11-23 17:00:00,21.0479604656273,3.9863813520958,455.878969896347,0.2965325958106,0.166147058572367,2.25466666666667,2
2025-11-23 17:15:00,21.246603629404,4.1736300633475,451.338993901114,0.323288167374333,0.192440445554467,1.82733333333333,2
2025-11-23 17:30:00,21.246603629404,4.1736300633475,451.338993901114,0.323288167374333,0.192440445554467,2.004,2
2025-11-23 17:45:00,21.246603629404,4.1736300633475,451.338993901114,0.323288167374333,0.192440445554467,2.27733333333333,2
2025-11-23 18:00:00,21.246603629404,4.1736300633475,451.338993901114,0.323288167374333,0.192518975308133,1.632,2
2025-11-23 18:15:00,21.246603629404,4.1736300633475,451.338993901114,0.323288167374333,0.192518975308133,1.46266666666667,2
2025-11-23 18:30:00,21.246603629404,4.1736300633475,451.338993901114,0.323288167374333,0.192518975308133,1.522,2
2025-11-23 18:45:00,21.246603629404,4.1736300633475,451.338993901114,0.323288167374333,0.192518975308133,1.65533333333333,2
2025-11-23 19:00:00,21.1698748612773,4.0305936808258,455.954628976327,0.320675944472733,0.207885173606667,2.48133333333333,2
2025-11-23 19:15:00,21.246603629404,4.1736300633475,451.338993901114,0.323288167374333,0.192440445554467,3.266,2
2025-11-23 19:30:00,21.246603629404,4.1736300633475,451.338993901114,0.323288167374333,0.192440445554467,3.98,2
2025-11-23 19:45:00,21.246603629404,4.1736300633475,451.338993901114,0.323288167374333,0.1921721708087,5.40333333333333,2
2025-11-23 20:00:00,21.246603629404,4.1736300633475,451.338993901114,0.323288167374333,0.192518975308133,5.22933333333333,2
2025-11-23 20:15:00,21.246603629404,4.1736300633475,451.338993901114,0.323288167374333,0.192518975308133,5.004,2
2025-11-23 20:30:00,21.246603629404,4.1736300633475,451.338993901114,0.323288167374333,0.192518975308133,3.40733333333333,2
2025-11-23 20:45:00,21.246603629404,4.1736300633475,451.338993901114,0.323288167374333,0.192518975308133,2.73933333333333,2
2025-11-23 21:00:00,21.246603629404,4.1736300633475,451.338993901114,0.323288167374333,0.192440445554467,2.302,2
2025-11-23 21:15:00,21.246603629404,4.1736300633475,451.338993901114,0.323288167374333,0.192440445554467,1.91733333333333,2
2025-11-23 21:30:00,21.246603629404,4.1736300633475,451.338993901114,0.323288167374333,0.192440445554467,1.532,2
2025-11-23 21:45:00,21.246603629404,4.1736300633475,451.338993901114,0.323288167374333,0.192440445554467,1.146,2
2025-11-23 22:00:00,21.246603629404,4.1736300633475,451.338993901114,0.323288167374333,0.192518975308133,1.072,2
2025-11-23 22:15:00,21.246603629404,4.1736300633475,451.338993901114,0.323288167374333,0.192518975308133,0.721333333333333,2
2025-11-23 22:30:00,21.246603629404,4.1736300633475,451.338993901114,0.323288167374333,0.192440445554467,0.808666666666667,2
2025-11-23 22:45:00,21.246603629404,4.1736300633475,451.338993901114,0.323288167374333,0.192440445554467,0.684666666666667,2
2025-11-23 23:00:00,21.246603629404,4.1736300633475,451.338993901114,0.323288167374333,0.192518975308133,0.575333333333333,2
2025-11-23 23:15:00,21.246603629404,4.1736300633475,451.338993901114,0.323288167374333,0.192440445554467,0.529333333333333,2
2025-11-23 23:30:00,21.246603629404,4.1736300633475,451.338993901114,0.323288167374333,0.192518975308133,0.434,2
2025-11-23 23:45:00,21.246603629404,4.1736300633475,451.338993901114,0.323288167374333,0.192440445554467,0.809333333333333,2
2025-11-24 00:00:00,21.246603629404,4.1736300633475,451.338993901114,0.323288167374333,0.192440445554467,0.543333333333333,2
2025-11-24 00:15:00,21.246603629404,4.1736300633475,451.338993901114,0.323288167374333,0.192440445554467,0.754666666666667,2
2025-11-24 00:30:00,21.246603629404,4.1736300633475,451.338993901114,0.323288167374333,0.192440445554467,0.956666666666667,2
2025-11-24 00:45:00,21.246603629404,4.1736300633475,451.338993901114,0.323288167374333,0.192440445554467,0.799333333333333,2
2025-11-24 01:00:00,21.246603629404,4.1736300633475,451.338993901114,0.323288167374333,0.192440445554467,0.894,2
2025-11-24 01:15:00,21.246603629404,4.1736300633475,451.338993901114,0.323288167374333,0.192440445554467,0.909333333333333,2
2025-11-24 01:30:00,21.246603629404,4.1736300633475,451.338993901114,0.323288167374333,0.192440445554467,1.044,2
2025-11-24 01:45:00,21.246603629404,4.1736300633475,451.338993901114,0.323288167374333,0.192440445554467,1.66266666666667,2
2025-11-24 02:00:00,21.246603629404,4.1736300633475,451.338993901114,0.323288167374333,0.192440445554467,1.86333333333333,2
2025-11-24 02:15:00,21.246603629404,4.1736300633475,451.338993901114,0.323288167374333,0.192440445554467,2.268,2
2025-11-24 02:30:00,21.246603629404,4.1736300633475,451.338993901114,0.323288167374333,0.192440445554467,2.19533333333333,2
2025-11-24 02:45:00,21.246603629404,4.1736300633475,451.338993901114,0.323288167374333,0.192440445554467,2.11,2
2025-11-24 03:00:00,21.246603629404,4.1736300633475,451.338993901114,0.323288167374333,0.192440445554467,1.92733333333333,2
2025-11-24 03:15:00,21.246603629404,4.1736300633475,451.338993901114,0.323288167374333,0.192440445554467,2.14933333333333,2
2025-11-24 03:30:00,21.246603629404,4.1736300633475,451.338993901114,0.323288167374333,0.192440445554467,2.13666666666667,2
2025-11-24 03:45:00,21.246603629404,4.1736300633475,451.338993901114,0.323288167374333,0.192440445554467,2.402,2
2025-11-24 04:00:00,21.246603629404,4.1736300633475,451.338993901114,0.323288167374333,0.192440445554467,2.09266666666667,2
2025-11-24 04:15:00,21.246603629404,4.1736300633475,451.338993901114,0.323288167374333,0.192440445554467,2.106,2
2025-11-24 04:30:00,21.246603629404,4.1736300633475,451.338993901114,0.323288167374333,0.192440445554467,2.16666666666667,2
2025-11-24 04:45:00,21.246603629404,4.1736300633475,451.338993901114,0.323288167374333,0.192440445554467,1.56866666666667,2
2025-11-24 05:00:00,21.246603629404,4.1736300633475,451.338993901114,0.323288167374333,0.192518975308133,1.93333333333333,2
2025-11-24 05:15:00,21.246603629404,4.1736300633475,451.338993901114,0.323288167374333,0.192440445554467,1.79266666666667,2
2025-11-24 05:30:00,21.246603629404,4.1736300633475,451.338993901114,0.323288167374333,0.192440445554467,2.25666666666667,2
2025-11-24 05:45:00,21.246603629404,4.1736300633475,451.338993901114,0.323288167374333,0.192440445554467,2.216,2
2025-11-24 06:00:00,21.246603629404,4.1736300633475,451.338993901114,0.323288167374333,0.192518975308133,1.294,2
2025-11-24 06:15:00,21.246603629404,4.1736300633475,451.338993901114,0.323288167374333,0.192518975308133,0.985333333333333,2
2025-11-24 06:30:00,21.246603629404,4.1736300633475,451.338993901114,0.323288167374333,0.192518975308133,1.404,2
2025-11-24 06:45:00,21.246603629404,4.1736300633475,451.338993901114,0.323288167374333,0.192518975308133,1.67466666666667,2
2025-11-24 07:00:00,21.246603629404,4.1736300633475,451.338993901114,0.323288167374333,0.192518975308133,1.75733333333333,2
2025-11-24 07:15:00,21.246603629404,4.1736300633475,451.338993901114,0.323288167374333,0.192518975308133,1.93,2
2025-11-24 07:30:00,21.246603629404,4.1736300633475,451.338993901114,0.323288167374333,0.192518975308133,1.67133333333333,2
2025-11-24 07:45:00,21.246603629404,4.1736300633475,451.338993901114,0.323288167374333,0.192518975308133,0.840666666666667,2
2025-11-24 08:00:00,21.246603629404,4.1736300633475,451.338993901114,0.323288167374333,0.192518975308133,0.902666666666667,2
2025-11-24 08:15:00,21.246603629404,4.1736300633475,451.338993901114,0.323288167374333,0.192505318046133,0.950666666666667,2
2025-11-24 08:30:00,21.246603629404,4.1736300633475,451.338993901114,0.323288167374333,0.192518975308133,0.887333333333333,2
2025-11-24 08:45:00,21.246603629404,4.1736300633475,451.338993901114,0.323225354040333,0.192505318046133,0.86,2
2025-11-24 09:00:00,21.246603629404,4.1736300633475,451.338993901114,0.323288167374333,0.192518975308133,0.886666666666667,2
2025-11-24 09:15:00,21.246603629404,4.1736300633475,451.338993901114,0.323288167374333,0.192518975308133,0.864,2
2025-11-24 09:30:00,21.246603629404,4.1736300633475,451.338993901114,0.323225354040333,0.192505318046133,0.794,2
2025-11-24 09:45:00,21.246603629404,4.1736300633475,451.338993901114,0.323288167374333,0.192518975308133,0.831333333333333,2
2025-11-24 10:00:00,21.246603629404,4.1736300633475,451.338993901114,0.323225354040333,0.192505318046133,0.798,2
2025-11-24 10:15:00,21.246603629404,4.1736300633475,451.338993901114,0.323225354040333,0.192505318046133,0.830666666666667,2
2025-11-24 10:30:00,21.246603629404,4.1736300633475,451.338993901114,0.323225354040333,0.192505318046133,0.866666666666667,2
2025-11-24 10:45:00,21.246603629404,4.1736300633475,451.338993901114,0.323225354040333,0.192505318046133,0.839333333333333,2
2025-11-24 11:00:00,21.246603629404,4.1736300633475,451.338993901114,0.323225354040333,0.192505318046133,0.931333333333333,2
2025-11-24 11:15:00,21.246603629404,4.1736300633475,451.338993901114,0.323225354040333,0.192505318046133,0.914666666666667,2
2025-11-24 11:30:00,21.246603629404,4.1736300633475,451.338993901114,0.323225354040333,0.192505318046133,0.732666666666667,2
2025-11-24 11:45:00,21.246603629404,4.1736300633475,451.338993901114,0.323225354040333,0.192505318046133,0.700666666666667,2
2025-11-24 12:00:00,21.246603629404,4.1736300633475,451.338993901114,0.323225354040333,0.192505318046133,0.690666666666667,2
2025-11-24 12:15:00,21.246603629404,4.1736300633475,451.338993901114,0.323225354040333,0.192505318046133,0.662,2
2025-11-24 12:30:00,21.246603629404,4.1736300633475,451.338993901114,0.323225354040333,0.192505318046133,0.728666666666667,2
2025-11-24 12:45:00,21.246603629404,4.1736300633475,451.338993901114,0.323225354040333,0.192505318046133,1.00133333333333,2
2025-11-24 13:00:00,21.246603629404,4.1736300633475,451.338993901114,0.323225354040333,0.192505318046133,0.772666666666667,2
2025-11-24 13:15:00,21.246603629404,4.1736300633475,451.338993901114,0.323225354040333,0.192505318046133,0.754666666666667,2
2025-11-24 13:30:00,21.246603629404,4.1736300633475,451.338993901114,0.323288167374333,0.192505318046133,0.711333333333333,2
2025-11-24 13:45:00,21.246603629404,4.1736300633475,451.338993901114,0.323288167374333,0.192505318046133,0.707333333333333,2
2025-11-24 14:00:00,21.246603629404,4.1736300633475,451.338993901114,0.323225354040333,0.192505318046133,0.869333333333333,2
2025-11-24 14:15:00,21.246603629404,4.1736300633475,451.338993901114,0.323288167374333,0.192518975308133,1.142,2
2025-11-24 14:30:00,21.246603629404,4.1736300633475,451.338993901114,0.323288167374333,0.192440445554467,1.12933333333333,2
2025-11-24 14:45:00,21.246603629404,4.1736300633475,451.338993901114,0.323288167374333,0.192518975308133,1.13933333333333,2
2025-11-24 15:00:00,21.246603629404,4.1736300633475,451.338993901114,0.323288167374333,0.192518975308133,1.21266666666667,2
2025-11-24 15:15:00,21.246603629404,4.1736300633475,451.338993901114,0.323288167374333,0.192518975308133,1.38066666666667,2
2025-11-24 15:30:00,21.246603629404,4.1736300633475,451.338993901114,0.323288167374333,0.192518975308133,1.56133333333333,2
2025-11-24 15:45:00,21.246603629404,4.1736300633475,451.338993901114,0.323288167374333,0.192440445554467,1.574,2
2025-11-24 16:00:00,21.246603629404,4.1736300633475,451.338993901114,0.323288167374333,0.192518975308133,1.706,2
2025-11-24 16:15:00,21.246603629404,4.1736300633475,451.338993901114,0.323288167374333,0.192518975308133,1.64666666666667,2
2025-11-24 16:30:00,21.246603629404,4.1736300633475,451.338993901114,0.323288167374333,0.192518975308133,1.32333333333333,2
2025-11-24 16:45:00,21.246603629404,4.1736300633475,451.338993901114,0.323288167374333,0.192440445554467,1.452,2
2025-11-24 17:00:00,21.246603629404,4.1736300633475,451.338993901114,0.323288167374333,0.192440445554467,1.32866666666667,2
2025-11-24 17:15:00,21.246603629404,4.1736300633475,451.338993901114,0.323288167374333,0.192440445554467,1.26666666666667,2
2025-11-24 17:30:00,21.246603629404,4.1736300633475,451.338993901114,0.323288167374333,0.192440445554467,1.452,2
2025-11-24 17:45:00,21.246603629404,4.1736300633475,451.338993901114,0.323288167374333,0.192442350290467,1.91266666666667,2
2025-11-24 18:00:00,21.246603629404,4.1736300633475,451.338993901114,0.323288167374333,0.192440445554467,1.668,2
2025-11-24 18:15:00,21.246603629404,4.1736300633475,451.338993901114,0.323288167374333,0.192440445554467,1.274,2
2025-11-24 18:30:00,21.246603629404,4.1736300633475,451.338993901114,0.323288167374333,0.192518975308133,1.08933333333333,2
2025-11-24 18:45:00,21.246603629404,4.1736300633475,451.338993901114,0.323288167374333,0.192518975308133,1.18666666666667,2
2025-11-24 19:00:00,21.246603629404,4.1736300633475,451.338993901114,0.323288167374333,0.192518975308133,1.07133333333333,2
2025-11-24 19:15:00,21.246603629404,4.1736300633475,451.338993901114,0.323288167374333,0.192518975308133,1.068,2
2025-11-24 19:30:00,21.246603629404,4.1736300633475,451.338993901114,0.323288167374333,0.192518975308133,0.999333333333333,2
2025-11-24 19:45:00,21.246603629404,4.1736300633475,451.338993901114,0.323288167374333,0.192518975308133,0.935333333333333,2
2025-11-24 20:00:00,21.246603629404,4.1736300633475,451.338993901114,0.323288167374333,0.192518975308133,1.03133333333333,2
2025-11-24 20:15:00,21.246603629404,4.1736300633475,451.338993901114,0.323288167374333,0.192518975308133,1.37133333333333,2
2025-11-24 20:30:00,21.246603629404,4.1736300633475,451.338993901114,0.323288167374333,0.192518975308133,0.866666666666667,2
2025-11-24 20:45:00,21.246603629404,4.1736300633475,451.338993901114,0.323288167374333,0.192442350290467,0.934,2
2025-11-24 21:00:00,21.246603629404,4.1736300633475,451.338993901114,0.323288167374333,0.192518975308133,1.00066666666667,2
2025-11-24 21:15:00,21.246603629404,4.1736300633475,451.338993901114,0.323288167374333,0.192518975308133,0.894,2
2025-11-24 21:30:00,21.246603629404,4.1736300633475,451.338993901114,0.323288167374333,0.192518975308133,0.963333333333333,2
2025-11-24 21:45:00,21.246603629404,4.1736300633475,451.338993901114,0.323288167374333,0.192518975308133,1.18133333333333,2
2025-11-24 22:00:00,21.246603629404,4.1736300633475,451.338993901114,0.323288167374333,0.192518975308133,0.835333333333333,2
2025-11-24 22:15:00,21.246603629404,4.1736300633475,451.338993901114,0.323288167374333,0.192518975308133,0.738666666666667,2
2025-11-24 22:30:00,21.246603629404,4.1736300633475,451.338993901114,0.323288167374333,0.192518975308133,0.586666666666667,2
2025-11-24 22:45:00,21.246603629404,4.1736300633475,451.338993901114,0.323288167374333,0.192518975308133,0.434,2
2025-11-24 23:00:00,21.246603629404,4.1736300633475,451.338993901114,0.323288167374333,0.192505318046133,0.412,2
2025-11-24 23:15:00,21.246603629404,4.1736300633475,451.338993901114,0.323288167374333,0.192518975308133,0.584666666666667,2
2025-11-24 23:30:00,21.246603629404,4.1736300633475,451.338993901114,0.323288167374333,0.192518975308133,0.492666666666667,2
2025-11-24 23:45:00,21.246603629404,4.1736300633475,451.338993901114,0.323288167374333,0.192518975308133,0.349333333333333,2
2025-11-25 00:00:00,21.246603629404,4.1736300633475,451.338993901114,0.323288167374333,0.192518975308133,0.392666666666667,2
2025-11-25 00:15:00,21.246603629404,4.1736300633475,451.338993901114,0.323288167374333,0.192518975308133,0.583333333333333,2
2025-11-25 00:30:00,21.246603629404,4.1736300633475,451.338993901114,0.323288167374333,0.192518975308133,0.441333333333333,2
2025-11-25 00:45:00,21.246603629404,4.1736300633475,451.338993901114,0.323288167374333,0.192518975308133,0.382666666666667,2
2025-11-25 01:00:00,21.246603629404,4.1736300633475,451.338993901114,0.323288167374333,0.192518975308133,0.498,2
2025-11-25 01:15:00,21.246603629404,4.1736300633475,451.338993901114,0.323288167374333,0.192518975308133,0.58,2
2025-11-25 01:30:00,21.246603629404,4.1736300633475,451.338993901114,0.323288167374333,0.192440445554467,0.508,2
2025-11-25 01:45:00,21.246603629404,4.1736300633475,451.338993901114,0.323288167374333,0.192518975308133,0.570666666666667,2
2025-11-25 02:00:00,21.246603629404,4.1736300633475,451.338993901114,0.323288167374333,0.192518975308133,0.595333333333333,2
2025-11-25 02:15:00,21.246603629404,4.1736300633475,451.338993901114,0.323288167374333,0.192518975308133,0.542666666666667,2
2025-11-25 02:30:00,21.246603629404,4.1736300633475,451.338993901114,0.323288167374333,0.192518975308133,0.436,2
2025-11-25 02:45:00,21.246603629404,4.1736300633475,451.338993901114,0.323288167374333,0.192518975308133,0.570666666666667,2
2025-11-25 03:00:00,21.246603629404,4.1736300633475,451.338993901114,0.323288167374333,0.192518975308133,0.824,2
2025-11-25 03:15:00,21.246603629404,4.1736300633475,451.338993901114,0.323288167374333,0.192440445554467,0.870666666666667,2
2025-11-25 03:30:00,21.246603629404,4.1736300633475,451.338993901114,0.323288167374333,0.192440445554467,0.538,2
2025-11-25 03:45:00,21.246603629404,4.1736300633475,451.338993901114,0.323288167374333,0.192440445554467,1.474,2
2025-11-25 04:00:00,21.246603629404,4.1736300633475,451.338993901114,0.323288167374333,0.192518975308133,1.13266666666667,2
2025-11-25 04:15:00,21.246603629404,4.1736300633475,451.338993901114,0.323288167374333,0.192518975308133,0.744,2
2025-11-25 04:30:00,21.246603629404,4.1736300633475,451.338993901114,0.323288167374333,0.192518975308133,0.651333333333333,2
2025-11-25 04:45:00,21.246603629404,4.1736300633475,451.338993901114,0.323288167374333,0.192518975308133,0.264,2
2025-11-25 05:00:00,21.246603629404,4.1736300633475,451.338993901114,0.323288167374333,0.192505318046133,0.44,2
2025-11-25 05:15:00,21.246603629404,4.1736300633475,451.338993901114,0.323288167374333,0.192518975308133,0.614,2
2025-11-25 05:30:00,21.246603629404,4.1736300633475,451.338993901114,0.323288167374333,0.192505318046133,0.299333333333333,2
2025-11-25 05:45:00,21.246603629404,4.1736300633475,451.338993901114,0.323288167374333,0.192518975308133,0.259333333333333,2
2025-11-25 06:00:00,21.246603629404,4.1736300633475,451.338993901114,0.323288167374333,0.192518975308133,0.235333333333333,2
2025-11-25 06:15:00,21.246603629404,4.1736300633475,451.338993901114,0.323288167374333,0.192518975308133,0.21,2
2025-11-25 06:30:00,21.246603629404,4.1736300633475,451.338993901114,0.323288167374333,0.192505318046133,0.287333333333333,2
2025-11-25 06:45:00,21.246603629404,4.1736300633475,451.338993901114,0.323288167374333,0.192518975308133,0.248666666666667,2
2025-11-25 07:00:00,21.246603629404,4.1736300633475,451.338993901114,0.323288167374333,0.192518975308133,0.185333333333333,2
2025-11-25 07:15:00,21.246603629404,4.1736300633475,451.338993901114,0.323225354040333,0.192505318046133,0.197333333333333,2
2025-11-25 07:30:00,21.246603629404,4.1727786153975,451.338993901114,0.323225354040333,0.192505318046133,0.396666666666667,2
2025-11-25 07:45:00,21.246603629404,4.1727786153975,451.338993901114,0.323225354040333,0.192505318046133,0.224,2
2025-11-25 08:00:00,21.246603629404,4.1727786153975,451.338993901114,0.323225354040333,0.192505318046133,0.157333333333333,2
2025-11-25 08:15:00,21.246603629404,4.1727786153975,451.338993901114,0.323225354040333,0.192505318046133,0.125333333333333,2
2025-11-25 08:30:00,21.246603629404,4.1727786153975,451.338993901114,0.323225354040333,0.192505318046133,0.138,2
2025-11-25 08:45:00,21.246603629404,4.1727786153975,451.338993901114,0.323225354040333,0.192505318046133,0.188666666666667,2
2025-11-25 09:00:00,21.246603629404,4.1727786153975,451.338993901114,0.323225354040333,0.192505318046133,0.23,2
2025-11-25 09:15:00,21.246603629404,4.1727786153975,451.338993901114,0.323225354040333,0.192505318046133,0.139333333333333,2
2025-11-25 09:30:00,21.246603629404,4.1727786153975,451.338993901114,0.323225354040333,0.192490540163133,0.272666666666667,2
2025-11-25 09:45:00,21.246603629404,4.1727786153975,451.338993901114,0.323225354040333,0.192505318046133,0.156666666666667,2
2025-11-25 10:00:00,21.246603629404,4.1727786153975,451.338993901114,0.323225354040333,0.192490540163133,0.106923076923077,2
2025-11-25 10:15:00,21.246603629404,4.1727786153975,451.338993901114,0.323225354040333,0.192490540163133,0.15,2
2025-11-25 10:30:00,21.246603629404,4.1727786153975,451.338993901114,0.323225354040333,0.192505318046133,0.129333333333333,2
2025-11-25 10:45:00,21.246603629404,4.1727786153975,451.338993901114,0.323225354040333,0.192490540163133,0.138,2
2025-11-25 11:00:00,21.246603629404,4.1727786153975,451.338993901114,0.323225354040333,0.192505318046133,0.168666666666667,2
2025-11-25 11:15:00,21.246603629404,4.1727786153975,451.338993901114,0.323225354040333,0.192505318046133,0.156666666666667,2
2025-11-25 11:30:00,21.246603629404,4.1727786153975,451.338993901114,0.323225354040333,0.192505318046133,0.175333333333333,2
2025-11-25 11:45:00,21.246603629404,4.1727786153975,451.338993901114,0.323225354040333,0.192505318046133,0.166,2
2025-11-25 12:00:00,21.246603629404,4.1727786153975,451.338993901114,0.323225354040333,0.192505318046133,0.151333333333333,2
2025-11-25 12:15:00,21.246603629404,4.1727786153975,451.338993901114,0.323225354040333,0.192505318046133,0.168666666666667,2
2025-11-25 12:30:00,21.246603629404,4.1727786153975,451.338993901114,0.323225354040333,0.192505318046133,0.163333333333333,2
2025-11-25 12:45:00,21.246603629404,4.1727786153975,451.338993901114,0.323225354040333,0.192505318046133,0.159333333333333,2
2025-11-25 13:00:00,21.246603629404,4.1727786153975,451.338993901114,0.323225354040333,0.192505318046133,0.210666666666667,2
2025-11-25 13:15:00,21.246603629404,4.1736300633475,451.338993901114,0.323225354040333,0.192505318046133,0.241333333333333,2
2025-11-25 13:30:00,21.246603629404,4.1727786153975,451.338993901114,0.323225354040333,0.192505318046133,0.189333333333333,2
2025-11-25 13:45:00,21.246603629404,4.1727786153975,451.338993901114,0.323225354040333,0.192505318046133,0.206,2
2025-11-25 14:00:00,21.246603629404,4.1736300633475,451.338993901114,0.323288167374333,0.192518975308133,0.206666666666667,2
2025-11-25 14:15:00,21.246603629404,4.1736300633475,451.338993901114,0.323225354040333,0.192505318046133,0.196,2
2025-11-25 14:30:00,21.246603629404,4.1736300633475,451.338993901114,0.323288167374333,0.192518975308133,0.153333333333333,2
2025-11-25 14:45:00,21.246603629404,4.1736300633475,451.338993901114,0.323288167374333,0.192518975308133,0.197333333333333,2
2025-11-25 15:00:00,21.246603629404,4.1736300633475,451.338993901114,0.323288167374333,0.192518975308133,0.882,2
2025-11-25 15:15:00,21.246603629404,4.1736300633475,451.338993901114,0.323288167374333,0.192518975308133,0.425333333333333,2
2025-11-25 15:30:00,21.246603629404,4.1736300633475,451.338993901114,0.323288167374333,0.192440445554467,0.398,2
2025-11-25 15:45:00,21.246603629404,4.1736300633475,451.338993901114,0.323288167374333,0.192440445554467,0.62,2
2025-11-25 16:00:00,21.246603629404,4.1736300633475,451.338993901114,0.323288167374333,0.192440445554467,0.832,2
2025-11-25 16:15:00,21.246603629404,4.1736300633475,451.338993901114,0.323288167374333,0.192440445554467,0.65,2
2025-11-25 16:30:00,21.246603629404,4.1736300633475,451.338993901114,0.323288167374333,0.192440445554467,0.503333333333333,2
2025-11-25 16:45:00,21.246603629404,4.1736300633475,451.338993901114,0.323288167374333,0.192442350290467,1.11066666666667,2
2025-11-25 17:00:00,21.175078884199,4.1807886653833,452.959426813737,0.317567820475366,0.194931856443967,1.15466666666667,2
2025-11-25 17:15:00,21.0479604656273,3.98716824019914,455.862932716317,0.315854412687367,0.183100003944333,1.1,2
2025-11-25 17:30:00,21.246603629404,4.1777662668275,451.338993901114,0.323282674040333,0.192628866809833,0.822,2
2025-11-25 17:45:00,21.246603629404,4.1736300633475,451.338993901114,0.323288167374333,0.192440445554467,0.685333333333333,2
2025-11-25 18:00:00,21.246603629404,4.1736300633475,451.338993901114,0.323288167374333,0.192440445554467,1.012,2
2025-11-25 18:15:00,21.246603629404,4.1736300633475,451.338993901114,0.323288167374333,0.192440445554467,0.32,2
2025-11-25 18:30:00,21.246603629404,4.1736300633475,451.338993901114,0.323288167374333,0.192440445554467,0.524,2
2025-11-25 18:45:00,21.246603629404,4.1736300633475,451.338993901114,0.323288167374333,0.192440445554467,1.00866666666667,2
2025-11-25 19:00:00,21.11320417488,4.1475342818073,452.852040395987,0.320844381815766,0.19442312831,1.15266666666667,2
2025-11-25 19:15:00,21.246603629404,4.1736300633475,451.338993901114,0.323288167374333,0.192440445554467,1.036,2
2025-11-25 19:30:00,21.246603629404,4.1736300633475,451.338993901114,0.323288167374333,0.192440445554467,0.531333333333333,2
2025-11-25 19:45:00,21.246603629404,4.1736300633475,451.338993901114,0.323288167374333,0.192518975308133,1.034,2
2025-11-25 20:00:00,21.0849316569583,4.14452156663064,452.75313245402,0.322148153592633,0.193797398445933,2.60933333333333,2
2025-11-25 20:15:00,21.246603629404,4.1736300633475,451.338993901114,0.323288167374333,0.192442350290467,1.72733333333333,2
2025-11-25 20:30:00,21.246603629404,4.1736300633475,451.338993901114,0.323288167374333,0.192442350290467,2.4,2
2025-11-25 20:45:00,21.0479604656273,3.98389359342914,455.878969896347,0.3049293264596,0.166062133263967,5.84933333333333,2
2025-11-25 21:00:00,21.0479604656273,3.98324109447914,455.878969896347,0.3072464473454,0.166062133263967,5.59133333333333,2
2025-11-25 21:15:00,21.0479604656273,3.98263241807914,455.878969896347,0.314927416905933,0.166421451226533,5.25333333333333,2
2025-11-25 21:30:00,21.0479604656273,3.98136021987914,455.878969896347,0.315127153576,0.166506397776667,5.29933333333333,2
2025-11-25 21:45:00,21.0479604656273,3.98575763801914,455.892678316317,0.315136482245567,0.165946319011033,4.57133333333333,2
2025-11-25 22:00:00,21.053292353184,4.11579483342177,452.504388805627,0.324025886927667,0.193206684834933,2.96,2
2025-11-25 22:15:00,21.0479604656273,3.98136021987914,455.878969896347,0.3148558469094,0.166190882250333,4.70666666666667,2
2025-11-25 22:30:00,21.0479604656273,3.98930140363914,455.878969896347,0.2970161491426,0.166935247204667,7.064,2
2025-11-25 22:45:00,21.0479604656273,3.98930140363914,455.764519949637,0.2970161491426,0.1663113152529,9.48666666666667,2
2025-11-25 23:00:00,21.0479604656273,3.98930140363914,455.764519949637,0.2970161491426,0.1660541530481,10.652,2
2025-11-25 23:15:00,21.0479604656273,3.98930140363914,455.878969896347,0.2970161491426,0.166210291728233,10.5706666666667,2
2025-11-25 23:30:00,21.0479604656273,3.98930140363914,455.878969896347,0.2970161491426,0.166210291728233,10.5326666666667,2
2025-11-25 23:45:00,21.0479604656273,3.98930140363914,455.878969896347,0.2970161491426,0.166600398800733,8.83333333333333,2
2025-11-26 00:00:00,21.0479604656273,3.98930140363914,455.878969896347,0.2970161491426,0.166600398800733,8.36866666666667,2
2025-11-26 00:15:00,21.0479604656273,3.98826586513247,455.878969896347,0.2966233358106,0.165750807327867,7.97666666666667,2
2025-11-26 00:30:00,21.0479604656273,3.9863813520958,455.764519949637,0.2966886224766,0.165447059684,7.78733333333333,2
2025-11-26 00:45:00,21.0479604656273,3.98116100202914,455.878969896347,0.31497112691,0.166007042011133,5.92466666666667,2
2025-11-26 01:00:00,21.175643311247,4.1760272243433,452.997422547057,0.318534331146966,0.1951399590274,4.02133333333333,2
2025-11-26 01:15:00,21.0479604656273,3.98116100202914,455.878969896347,0.31497112691,0.166064444666967,4.69533333333333,2
2025-11-26 01:30:00,21.0479604656273,3.9860630336958,455.878969896347,0.297386685797567,0.165701122690667,6.01133333333333,2
2025-11-26 01:45:00,21.0479604656273,3.9863813520958,455.764519949637,0.2966886224766,0.1659585128397,6.63,2
2025-11-26 02:00:00,21.0479604656273,3.98263241807914,455.878969896347,0.314227242903167,0.166278452274533,7.426,2
2025-11-26 02:15:00,21.0479604656273,3.98575763801914,455.892678316317,0.315136482245567,0.166336253182833,8.22466666666667,2
2025-11-26 02:30:00,21.246603629404,4.1736300633475,451.338993901114,0.323288167374333,0.192442350290467,3.58066666666667,2
2025-11-26 02:45:00,21.0479604656273,3.98575763801914,455.892678316317,0.315453844911567,0.166125192253167,6.75333333333333,2
2025-11-26 03:00:00,21.0479604656273,3.98182242679914,455.878969896347,0.3152023269094,0.166419363901033,6.82466666666667,2
2025-11-26 03:15:00,21.0479604656273,3.98396322557914,455.892678316317,0.315453844911567,0.166122513405167,6.464,2
2025-11-26 03:30:00,21.246603629404,4.1736300633475,451.338993901114,0.323288167374333,0.192430904377867,3.99266666666667,2
2025-11-26 03:45:00,21.1401880095573,3.99034604719914,455.951337860851,0.317664406913433,0.2051008981124,4.176,2
2025-11-26 04:00:00,21.0479604656273,3.98182242679914,455.878969896347,0.3152023269094,0.1664555535713,4.86066666666667,2
2025-11-26 04:15:00,21.246603629404,4.1736300633475,451.338993901114,0.323288167374333,0.192518975308133,1.21866666666667,2
2025-11-26 04:30:00,21.246603629404,4.1736300633475,451.338993901114,0.323288167374333,0.192440445554467,2.47933333333333,2
2025-11-26 04:45:00,21.246603629404,4.1736300633475,451.338993901114,0.323288167374333,0.192440445554467,1.42666666666667,2
2025-11-26 05:00:00,21.1337424723173,4.14890570358064,452.996123567074,0.320755450479566,0.1947385295098,5.41933333333333,2
2025-11-26 05:15:00,21.246603629404,4.1736300633475,451.338993901114,0.323288167374333,0.192657956159867,4.50533333333333,2
2025-11-26 05:30:00,21.246603629404,4.1736300633475,451.338993901114,0.323288167374333,0.192430904377867,3.14533333333333,2
2025-11-26 05:45:00,21.246603629404,4.1736300633475,451.338993901114,0.323288167374333,0.192430904377867,2.404,2
2025-11-26 06:00:00,21.0479604656273,3.98773325535914,455.862932716317,0.316121872687367,0.190153590973633,2.934,2
2025-11-26 06:15:00,21.0772192737277,4.1347288039093,452.75313245402,0.324895875813866,0.193562661104867,3.644,2
2025-11-26 06:30:00,21.246603629404,4.1736300633475,451.338993901114,0.323288167374333,0.192430904377867,2.88333333333333,2
2025-11-26 06:45:00,21.1698748612773,4.10264981827247,455.954628976327,0.3185182162493,0.2165341251722,4.474,2
2025-11-26 07:00:00,21.246603629404,4.1736300633475,451.338993901114,0.323288167374333,0.192430904377867,3.23066666666667,2
2025-11-26 07:15:00,21.0479604656273,3.98575763801914,455.892678316317,0.315191604911567,0.166041365083167,3.894,2
2025-11-26 07:30:00,21.0479604656273,3.98629114395914,455.885914582917,0.314808509355367,0.166215762377567,4.28466666666667,2
2025-11-26 07:45:00,21.0479604656273,3.98629114395914,455.885914582917,0.314881458245167,0.164718406076233,4.132,2
2025-11-26 08:00:00,21.246603629404,4.1736300633475,451.338993901114,0.323288167374333,0.192442350290467,3.56666666666667,2
2025-11-26 08:15:00,21.246603629404,4.1736300633475,451.338993901114,0.323288167374333,0.192442350290467,4.45266666666667,2
2025-11-26 08:30:00,21.246603629404,4.1736300633475,451.338993901114,0.323288167374333,0.192442350290467,3.96866666666667,2
2025-11-26 08:45:00,21.246603629404,4.1736300633475,451.338993901114,0.323288167374333,0.192440445554467,2.24466666666667,2
2025-11-26 09:00:00,21.246603629404,4.1736300633475,451.338993901114,0.323288167374333,0.192440445554467,2.13133333333333,2
2025-11-26 09:15:00,21.246603629404,4.1736300633475,451.338993901114,0.323288167374333,0.192440445554467,2.98933333333333,2
2025-11-26 09:30:00,21.246603629404,4.1736300633475,451.338993901114,0.323288167374333,0.192442350290467,2.818,2
2025-11-26 09:45:00,21.246603629404,4.1736300633475,451.338993901114,0.323288167374333,0.192440445554467,2.814,2
2025-11-26 10:00:00,21.246603629404,4.1736300633475,451.338993901114,0.323288167374333,0.192440445554467,2.55333333333333,2
2025-11-26 10:15:00,21.246603629404,4.1736300633475,451.338993901114,0.323288167374333,0.192440445554467,2.016,2
2025-11-26 10:30:00,21.246603629404,4.1736300633475,451.338993901114,0.323288167374333,0.192518975308133,1.03733333333333,2
2025-11-26 10:45:00,21.246603629404,4.1736300633475,451.338993901114,0.323288167374333,0.192518975308133,1.01266666666667,2
2025-11-26 11:00:00,21.246603629404,4.1736300633475,451.338993901114,0.323288167374333,0.192518975308133,0.828,2
2025-11-26 11:15:00,21.246603629404,4.1660406966975,451.338993901114,0.323345212705933,0.192427295872233,0.440666666666667,2
2025-11-26 11:30:00,21.246603629404,4.1736300633475,451.338993901114,0.323288167374333,0.192505318046133,0.634666666666667,2
2025-11-26 11:45:00,21.246603629404,4.1727786153975,451.338993901114,0.323225354040333,0.192505318046133,0.438666666666667,2
2025-11-26 12:00:00,21.246603629404,4.1727786153975,451.338993901114,0.323225354040333,0.192505318046133,0.412666666666667,2
2025-11-26 12:15:00,21.246603629404,4.1727786153975,451.338993901114,0.323225354040333,0.192505318046133,0.343333333333333,2
2025-11-26 12:30:00,21.246603629404,4.1727786153975,451.338993901114,0.323225354040333,0.192490540163133,0.320666666666667,2
2025-11-26 12:45:00,21.246603629404,4.1727786153975,451.338993901114,0.323225354040333,0.192490540163133,0.364,2
2025-11-26 13:00:00,21.246603629404,4.1727786153975,451.338993901114,0.323225354040333,0.192505318046133,0.383333333333333,2
2025-11-26 13:15:00,21.246603629404,4.1727786153975,451.338993901114,0.323225354040333,0.192505318046133,0.370666666666667,2
2025-11-26 13:30:00,21.246603629404,4.1727786153975,451.338993901114,0.323225354040333,0.192490540163133,0.403333333333333,2
2025-11-26 13:45:00,21.246603629404,4.1736300633475,451.338993901114,0.323225354040333,0.192505318046133,1.14933333333333,2
2025-11-26 14:00:00,21.246603629404,4.1736300633475,451.338993901114,0.323288167374333,0.192440445554467,3.10333333333333,2
2025-11-26 14:15:00,21.1698748612773,3.98703851111247,456.05988184751,0.3173227366947,0.2181452388815,3.066,2
2025-11-26 14:30:00,21.1698748612773,3.98569646568247,455.96128322074,0.316737032027333,0.211246690979267,2.85066666666667,2
2025-11-26 14:45:00,21.1676523006907,4.15182998948664,453.002579233774,0.319487968922,0.1947567955602,2.83666666666667,2
2025-11-26 15:00:00,21.0849316569583,4.14452156663064,452.75313245402,0.322148153592633,0.193795493709933,2.84866666666667,2
2025-11-26 15:15:00,21.0479604656273,3.98716824019914,455.843411249651,0.314848763802467,0.1729526082379,2.76,2
2025-11-26 15:30:00,21.1401880095573,3.9844140153358,455.951587316401,0.3178087009129,0.187796313397933,2.89733333333333,2
2025-11-26 15:45:00,21.2270455463363,4.14796566294443,451.338993901114,0.323287793373733,0.193000200984933,3.55666666666667,2
2025-11-26 16:00:00,21.246603629404,4.1736300633475,451.338993901114,0.323288167374333,0.192442350290467,4.072,2
2025-11-26 16:15:00,21.246603629404,4.1736300633475,451.338993901114,0.323288167374333,0.192095545791033,4.41066666666667,2
2025-11-26 16:30:00,21.0971649967827,4.14160164055064,452.75313245402,0.321576316259433,0.193797944336833,4.922,2
2025-11-26 16:45:00,21.0479604656273,3.98575763801914,455.892678316317,0.314908122245567,0.166059842982133,4.61333333333333,2
2025-11-26 17:00:00,21.1698748612773,4.10264981827247,455.954628976327,0.318270026917567,0.2162707070444,4.12533333333333,2
2025-11-26 17:15:00,21.0479604656273,3.98575763801914,455.892678316317,0.314908122245567,0.166251851456867,3.78133333333333,2
2025-11-26 17:30:00,21.0479604656273,3.98116100202914,455.878969896347,0.315127153576,0.166064135406967,4.03333333333333,2
2025-11-26 17:45:00,21.246603629404,4.1736300633475,451.338993901114,0.323288167374333,0.192442350290467,1.86466666666667,2
2025-11-26 18:00:00,21.0479604656273,3.98575763801914,455.892678316317,0.315191604911567,0.165651430911367,3.20933333333333,2
2025-11-26 18:15:00,21.246603629404,4.1736300633475,451.338993901114,0.323288167374333,0.192518975308133,0.794,2
2025-11-26 18:30:00,21.246603629404,4.1736300633475,451.338993901114,0.323288167374333,0.192505318046133,0.379333333333333,2
2025-11-26 18:45:00,21.246603629404,4.1736300633475,451.338993901114,0.323225354040333,0.192505318046133,0.328666666666667,2
2025-11-26 19:00:00,21.246603629404,4.1736300633475,451.338993901114,0.323225354040333,0.192505318046133,0.383333333333333,2
2025-11-26 19:15:00,21.246603629404,4.1736300633475,451.338993901114,0.323288167374333,0.192505318046133,0.358,2
2025-11-26 19:30:00,21.246603629404,4.1736300633475,451.338993901114,0.323288167374333,0.192518975308133,0.384,2
2025-11-26 19:45:00,21.246603629404,4.1736300633475,451.338993901114,0.323288167374333,0.192518975308133,0.354,2
2025-11-26 20:00:00,21.246603629404,4.1736300633475,451.338993901114,0.323288167374333,0.192518975308133,0.412666666666667,2
2025-11-26 20:15:00,21.246603629404,4.1736300633475,451.338993901114,0.323288167374333,0.192518975308133,0.479333333333333,2
2025-11-26 20:30:00,21.246603629404,4.1736300633475,451.338993901114,0.323288167374333,0.192518975308133,0.599333333333333,2
2025-11-26 20:45:00,21.246603629404,4.1736300633475,451.338993901114,0.323288167374333,0.192518975308133,0.454,2
2025-11-26 21:00:00,21.246603629404,4.1736300633475,451.338993901114,0.323288167374333,0.192518975308133,0.243333333333333,2
2025-11-26 21:15:00,21.246603629404,4.1736300633475,451.338993901114,0.323288167374333,0.192505318046133,0.326,2
2025-11-26 21:30:00,21.246603629404,4.1736300633475,451.338993901114,0.323288167374333,0.192518975308133,0.517333333333333,2
2025-11-26 21:45:00,21.246603629404,4.1736300633475,451.338993901114,0.323288167374333,0.192518975308133,0.677333333333333,2
2025-11-26 22:00:00,21.246603629404,4.1736300633475,451.338993901114,0.323288167374333,0.192518975308133,0.418,2
2025-11-26 22:15:00,21.246603629404,4.1736300633475,451.338993901114,0.323288167374333,0.192518975308133,0.418,2
2025-11-26 22:30:00,21.246603629404,4.1736300633475,451.338993901114,0.323288167374333,0.192518975308133,0.316666666666667,2
2025-11-26 22:45:00,21.246603629404,4.1736300633475,451.338993901114,0.323288167374333,0.192440445554467,0.627333333333333,2
2025-11-26 23:00:00,21.0479604656273,3.98629114395914,455.885914582917,0.314881458245167,0.164718406076233,6.28666666666667,2
2025-11-26 23:15:00,21.0479604656273,3.98182242679914,455.878969896347,0.3152023269094,0.166088008166933,11.1473333333333,2
2025-11-26 23:30:00,21.0479604656273,3.98829353875914,455.862932716317,0.315880599355367,0.2026901630948,9.67066666666667,2
2025-11-26 23:45:00,21.0479604656273,3.98575763801914,455.892678316317,0.314908122245567,0.165969134668133,8.36933333333333,2
2025-11-27 00:00:00,21.0479604656273,3.98182242679914,455.878969896347,0.3148885535754,0.1660711827387,7.32733333333333,2
2025-11-27 00:15:00,21.0479604656273,3.98716824019914,455.843411249651,0.314909563801467,0.173097300643633,7.49666666666667,2
2025-11-27 00:30:00,21.0479604656273,3.98396322557914,455.892678316317,0.315453844911567,0.165732579233367,7.40933333333333,2
2025-11-27 00:45:00,21.0479604656273,3.98930140363914,455.878969896347,0.2970161491426,0.166935247204667,10.392,2
2025-11-27 01:00:00,21.0479604656273,3.98930140363914,455.798158696347,0.2970161491426,0.166210291728233,11.308,2
2025-11-27 01:15:00,21.0479604656273,3.98457754782914,455.878969896347,0.302745385572533,0.166219873667367,10.7473333333333,2
2025-11-27 01:30:00,21.418817332598,4.12311354714197,456.53782696091,0.319818852418466,0.1965444853267,9.556,2
2025-11-27 01:45:00,21.0479604656273,3.98716824019914,455.843411249651,0.315142288246967,0.172587191259533,9.15666666666667,2
2025-11-27 02:00:00,21.0479604656273,3.98629114395914,455.885914582917,0.314908122245567,0.1653946619215,11.922,2
2025-11-27 02:15:00,21.246603629404,4.1736300633475,451.338993901114,0.323288167374333,0.192430904377867,11.1453333333333,2
2025-11-27 02:30:00,21.246603629404,4.1736300633475,451.338993901114,0.323288167374333,0.192430904377867,10.2086666666667,2
2025-11-27 02:45:00,21.246603629404,4.1736300633475,451.338993901114,0.323288167374333,0.192430904377867,10.6346666666667,2
2025-11-27 03:00:00,21.0479604656273,3.98575763801914,455.892678316317,0.315136482245567,0.165665900478167,10.5646666666667,2
2025-11-27 03:15:00,21.246603629404,4.1736300633475,451.338993901114,0.323288167374333,0.192430904377867,9.648,2
2025-11-27 03:30:00,21.0479604656273,3.98396322557914,455.828428502907,0.3155734893549,0.165527718594967,11.5886666666667,2
2025-11-27 03:45:00,21.0479604656273,3.98575763801914,455.828428502907,0.3150242866889,0.165817679656633,16.812,2
2025-11-27 04:00:00,21.0479604656273,3.98716824019914,455.795678502907,0.314808509355367,0.1679317788293,11.982,2
2025-11-27 04:15:00,21.1401880095573,3.9844140153358,455.861351236391,0.317704221357167,0.188754369348433,10.2493333333333,2
2025-11-27 04:30:00,21.1401880095573,3.9832951691758,455.951587316401,0.3174160666911,0.1883377720551,10.5353333333333,2
2025-11-27 04:45:00,21.0479604656273,3.98389359342914,455.764519949637,0.303621731348967,0.1660873784936,11.3413333333333,2
2025-11-27 05:00:00,21.0479604656273,3.98389251802914,455.764519949637,0.302427410238633,0.165728089374633,12.5973333333333,2
2025-11-27 05:15:00,21.0479604656273,3.98320856362914,455.764519949637,0.3048118566822,0.165739716618333,12.75,2
2025-11-27 05:30:00,21.0479604656273,3.98182242679914,455.764519949637,0.3152023269094,0.166029256828533,13.5313333333333,2
2025-11-27 05:45:00,21.246603629404,4.1736300633475,451.338993901114,0.323288167374333,0.192430904377867,8.29466666666667,2
2025-11-27 06:00:00,21.170563912413,4.16631551994664,453.002579233774,0.3188264367009,0.195024885622967,8.35733333333333,2
2025-11-27 06:15:00,21.246603629404,4.1736300633475,451.338993901114,0.323288167374333,0.192430904377867,7.77866666666667,2
2025-11-27 06:30:00,21.246603629404,4.1736300633475,451.338993901114,0.323288167374333,0.192430904377867,8.69066666666667,2
2025-11-27 06:45:00,21.0479604656273,3.98182242679914,455.878969896347,0.3152023269094,0.166532141598133,11.2226666666667,2
2025-11-27 07:00:00,21.0479604656273,3.98629114395914,455.885914582917,0.314908122245567,0.165125978130367,11.264,2
2025-11-27 07:15:00,21.0479604656273,3.98263241807914,455.878969896347,0.314927416905933,0.166421451226533,10.494,2
2025-11-27 07:30:00,21.0479604656273,3.98629114395914,455.885914582917,0.314946618244367,0.1649182076311,9.54866666666667,2
2025-11-27 07:45:00,21.0971649967827,4.1445217100173,452.76311538742,0.321614452925933,0.193816957396367,7.71266666666667,2
2025-11-27 08:00:00,21.041306717604,4.11511249212177,452.615488167777,0.324148620262067,0.193168099874833,8.34666666666667,2
2025-11-27 08:15:00,21.246603629404,4.1736300633475,451.338993901114,0.323288167374333,0.192442350290467,7.71133333333333,2
2025-11-27 08:30:00,21.246603629404,4.1736300633475,451.338993901114,0.323288167374333,0.192442350290467,7.19733333333333,2
2025-11-27 08:45:00,21.246603629404,4.1736300633475,451.338993901114,0.323288167374333,0.192440445554467,5.07733333333333,2
2025-11-27 09:00:00,21.246603629404,4.1736300633475,451.338993901114,0.323288167374333,0.192440445554467,4.162,2
2025-11-27 09:15:00,21.246603629404,4.1736300633475,451.338993901114,0.323288167374333,0.192440445554467,3.62666666666667,2
2025-11-27 09:30:00,21.246603629404,4.1736300633475,451.338993901114,0.323288167374333,0.192440445554467,3.21933333333333,2
2025-11-27 09:45:00,21.246603629404,4.1736300633475,451.338993901114,0.323288167374333,0.192440445554467,2.46,2
2025-11-27 10:00:00,21.246603629404,4.1736300633475,451.338993901114,0.323288167374333,0.192440445554467,2.25466666666667,2
2025-11-27 10:15:00,21.246603629404,4.1736300633475,451.338993901114,0.323288167374333,0.192440445554467,2.40466666666667,2
2025-11-27 10:30:00,21.246603629404,4.1736300633475,451.338993901114,0.323288167374333,0.192440445554467,2.024,2
2025-11-27 10:45:00,21.246603629404,4.1736300633475,451.338993901114,0.323288167374333,0.192440445554467,2.01133333333333,2
2025-11-27 11:00:00,21.246603629404,4.1736300633475,451.338993901114,0.323288167374333,0.192440445554467,2.23466666666667,2
2025-11-27 11:15:00,21.246603629404,4.1736300633475,451.338993901114,0.323288167374333,0.192518975308133,1.17333333333333,2
2025-11-27 11:30:00,21.246603629404,4.1736300633475,451.338993901114,0.323288167374333,0.192518975308133,1.09066666666667,2
2025-11-27 11:45:00,21.246603629404,4.1736300633475,451.338993901114,0.323288167374333,0.192518975308133,1.168,2
2025-11-27 12:00:00,21.246603629404,4.1736300633475,451.338993901114,0.323288167374333,0.192518975308133,1.128,2
2025-11-27 12:15:00,21.246603629404,4.1736300633475,451.338993901114,0.323288167374333,0.192518975308133,1.18266666666667,2
2025-11-27 12:30:00,21.246603629404,4.1736300633475,451.338993901114,0.323288167374333,0.192518975308133,1.20533333333333,2
2025-11-27 12:45:00,21.246603629404,4.1736300633475,451.338993901114,0.323225354040333,0.192505318046133,1.06466666666667,2
2025-11-27 13:00:00,21.246603629404,4.1736300633475,451.338993901114,0.323225354040333,0.192505318046133,1.034,2
2025-11-27 13:15:00,21.246603629404,4.1736300633475,451.338993901114,0.323288167374333,0.192518975308133,1.10733333333333,2
2025-11-27 13:30:00,21.246603629404,4.1736300633475,451.338993901114,0.323288167374333,0.192518975308133,1.072,2
2025-11-27 13:45:00,21.246603629404,4.1736300633475,451.338993901114,0.323288167374333,0.192518975308133,0.945333333333333,2
2025-11-27 14:00:00,21.246603629404,4.1736300633475,451.338993901114,0.323225354040333,0.192505318046133,0.952666666666667,2
2025-11-27 14:15:00,21.246603629404,4.1736300633475,451.338993901114,0.323288167374333,0.192518975308133,1.122,2
2025-11-27 14:30:00,21.246603629404,4.1736300633475,451.338993901114,0.323288167374333,0.192518975308133,1.37533333333333,2
2025-11-27 14:45:00,21.246603629404,4.1736300633475,451.338993901114,0.323288167374333,0.192440445554467,1.35933333333333,2
2025-11-27 15:00:00,21.246603629404,4.1736300633475,451.338993901114,0.323288167374333,0.192440445554467,1.54066666666667,2
2025-11-27 15:15:00,21.0479604656273,3.98773325535914,455.862932716317,0.316150018021767,0.195749494820133,1.418,2
2025-11-27 15:30:00,21.0479604656273,3.98575763801914,455.892678316317,0.314813223579567,0.165974939723233,1.20866666666667,2
2025-11-27 15:45:00,21.364086616085,4.2004536157503,455.598651581384,0.319720762254233,0.196851044558833,1.43,2
2025-11-27 16:00:00,21.0944156081187,4.1472715078173,452.77545364062,0.320788177369933,0.1943597828488,1.78,2
2025-11-27 16:15:00,21.0479604656273,3.98575763801914,455.892678316317,0.314980455579567,0.165946319011033,1.992,2
2025-11-27 16:30:00,21.0479604656273,3.98930140363914,455.878969896347,0.2970161491426,0.166600398800733,2.12733333333333,2
2025-11-27 16:45:00,21.0479604656273,3.98263241807914,455.878969896347,0.3148237802396,0.166107227341767,1.80133333333333,2
2025-11-27 17:00:00,21.0479604656273,3.98826586513247,455.878969896347,0.2967793624766,0.1665263014589,2.378,2
2025-11-27 17:15:00,21.0479604656273,3.98698595989914,453.507202095157,0.295175129809134,0.166584630372567,2.40733333333333,2
2025-11-27 17:30:00,15.214948833264,3.85708509669777,441.841560796143,0.315150542240667,0.179465810647933,2.85466666666667,2
2025-11-27 17:45:00,15.076754224539,3.74288906970777,442.686921776354,0.314357758911067,0.179160498232667,2.294,2
2025-11-27 18:00:00,15.1362515269503,3.64561848882384,442.737949449177,0.312138846686367,0.172507965123034,2.20733333333333,2
2025-11-27 18:15:00,21.0479604656273,3.9863813520958,455.781498669827,0.2965954091426,0.166298044412467,2.64333333333333,2
2025-11-27 18:30:00,21.0479604656273,3.98116100202914,455.878969896347,0.3152078862415,0.166107227341767,1.84266666666667,2
2025-11-27 18:45:00,21.1401880095573,3.9837861968158,455.959117983067,0.317325518027,0.189958686981133,1.476,2
2025-11-27 19:00:00,21.1698748612773,4.0311507380258,455.954628976327,0.320258849358867,0.2078626822832,1.43866666666667,2
2025-11-27 19:15:00,21.1740244471287,4.15182998948664,453.002579233774,0.319441606699333,0.194752945653867,1.46266666666667,2
2025-11-27 19:30:00,21.164020359854,4.15049514478064,452.996123567074,0.3203832593695,0.1947587002962,1.61066666666667,2
2025-11-27 19:45:00,21.246603629404,4.1736300633475,451.338993901114,0.323288167374333,0.192235046676533,1.47266666666667,2
2025-11-27 20:00:00,21.24400824998,4.17904240816083,451.338993901114,0.323282674040333,0.193239205210933,1.79533333333333,2
2025-11-27 20:15:00,21.23306283536,4.16586773653083,451.350170790097,0.323942314708233,0.195274402843533,1.454,2
2025-11-27 20:30:00,21.1716576368913,4.0975197480358,457.176423896737,0.3168837424685,0.2128128711679,2.786,2
2025-11-27 20:45:00,20.4271292460597,3.99904911572597,458.598066772457,0.314149213575733,0.174137175668667,4.986,2
2025-11-27 21:00:00,18.3219168456407,3.639456980464,456.862864887117,0.3179842471251,0.197164873998767,4.77733333333333,2
2025-11-27 21:15:00,17.7211978362017,3.56397001014274,459.699706912427,0.322243060966867,0.193077331833633,5.20466666666667,2
2025-11-27 21:30:00,16.6645576866153,3.68956912128917,461.936659609321,0.3184923842949,0.190462481082167,3.57066666666667,2
2025-11-27 21:45:00,17.315516306494,3.6681396765595,461.93241030271,0.316682448070467,0.189368808447633,3.60333333333333,2
2025-11-27 22:00:00,17.0967785942133,3.6717041104825,461.93241030271,0.3166305178496,0.189760706919133,5.67,2
2025-11-27 22:15:00,16.6627229139336,3.68388595490917,461.900114155961,0.318510248963,0.190556438623967,5.25733333333333,2
2025-11-27 22:30:00,20.8241340222257,4.1939818757555,451.43368813915,0.324909050039367,0.197032329870233,4.32266666666667,2
2025-11-27 22:45:00,21.212634446023,4.2067505613075,451.503088167774,0.325067090038367,0.196012379425233,4.716,2
2025-11-27 23:00:00,21.246603629404,4.1725783221475,451.337460012197,0.323198434041,0.195597787772933,4.026,2
2025-11-27 23:15:00,21.0971649967827,4.14322549455064,452.76311538742,0.321576316259433,0.193786498424233,3.396,2
2025-11-27 23:30:00,21.246603629404,4.1736300633475,451.338993901114,0.323288167374333,0.192430904377867,2.318,2
2025-11-27 23:45:00,21.246603629404,4.1736300633475,451.338993901114,0.323288167374333,0.192442350290467,2.25,2
2025-11-28 00:00:00,21.246603629404,4.1736300633475,451.338993901114,0.323288167374333,0.192442350290467,1.97866666666667,2
2025-11-28 00:15:00,21.246603629404,4.1736300633475,451.338993901114,0.323288167374333,0.192430904377867,1.93,2
2025-11-28 00:30:00,21.246603629404,4.1736300633475,451.338993901114,0.323288167374333,0.192442350290467,2.07,2
2025-11-28 00:45:00,21.246603629404,4.1736300633475,451.338993901114,0.323288167374333,0.192442350290467,1.91866666666667,2
2025-11-28 01:00:00,21.246603629404,4.1736300633475,451.338993901114,0.323288167374333,0.192430904377867,2.35,2
2025-11-28 01:15:00,21.246603629404,4.1736300633475,451.338993901114,0.323288167374333,0.192430904377867,2.456,2
2025-11-28 01:30:00,21.246603629404,4.1736300633475,451.338993901114,0.323288167374333,0.192442350290467,2.76,2
2025-11-28 01:45:00,21.1401880095573,3.98569157261247,455.968394907301,0.317354989803067,0.204535755627333,3.878,2
2025-11-28 02:00:00,21.0479604656273,3.98194738827914,455.878969896347,0.314927416905933,0.1664787921285,4.58733333333333,2
2025-11-28 02:15:00,21.0479604656273,3.98396322557914,455.892678316317,0.315429306243967,0.166153929734667,4.20066666666667,2
2025-11-28 02:30:00,21.0479604656273,3.98575763801914,455.892678316317,0.314904642245567,0.166384844311933,5.162,2
2025-11-28 02:45:00,21.0479604656273,3.98773325535914,455.862932716317,0.316121872687367,0.190779362992633,12.4633333333333,2
2025-11-28 03:00:00,21.0479604656273,3.98575763801914,455.892678316317,0.315453844911567,0.166125192253167,7.07933333333333,2
2025-11-28 03:15:00,21.0676956660023,4.1261568980493,452.750969987387,0.326444412035767,0.193641867247,6.39733333333333,2
2025-11-28 03:30:00,21.246603629404,4.1736300633475,451.338993901114,0.323288167374333,0.192430904377867,4.666,2
2025-11-28 03:45:00,21.246603629404,4.1736300633475,451.338993901114,0.323288167374333,0.192442350290467,3.93333333333333,2
2025-11-28 04:00:00,21.246603629404,4.1736300633475,451.338993901114,0.323288167374333,0.192442350290467,5.00466666666667,2
2025-11-28 04:15:00,21.1401880095573,3.9844140153358,455.951587316401,0.317704221357167,0.189504568139733,6.20533333333333,2
2025-11-28 04:30:00,21.246603629404,4.1736300633475,451.338993901114,0.323288167374333,0.192430904377867,4.98933333333333,2
2025-11-28 04:45:00,21.246603629404,4.1736300633475,451.338993901114,0.323288167374333,0.192442350290467,5.236,2
2025-11-28 05:00:00,21.246603629404,4.1736300633475,451.338993901114,0.323288167374333,0.192442350290467,3.87666666666667,2
2025-11-28 05:15:00,21.246603629404,4.1736300633475,451.338993901114,0.323288167374333,0.192440445554467,2.56133333333333,2
2025-11-28 05:30:00,21.246603629404,4.1736300633475,451.338993901114,0.323288167374333,0.192440445554467,3.236,2
2025-11-28 05:45:00,21.246603629404,4.1736300633475,451.338993901114,0.323288167374333,0.192440445554467,3.25866666666667,2
2025-11-28 06:00:00,21.246603629404,4.1736300633475,451.338993901114,0.323288167374333,0.192440445554467,2.74533333333333,2
2025-11-28 06:15:00,21.246603629404,4.1736300633475,451.338993901114,0.323288167374333,0.192440445554467,3.09266666666667,2
2025-11-28 06:30:00,21.246603629404,4.1736300633475,451.338993901114,0.323288167374333,0.192440445554467,2.70666666666667,2
2025-11-28 06:45:00,21.246603629404,4.1736300633475,451.338993901114,0.323288167374333,0.192440445554467,3.56866666666667,2
2025-11-28 07:00:00,21.246603629404,4.1736300633475,451.338993901114,0.323288167374333,0.192440445554467,3.918,2
2025-11-28 07:15:00,21.246603629404,4.1736300633475,451.338993901114,0.323288167374333,0.192440445554467,3.00266666666667,2
2025-11-28 07:30:00,21.246603629404,4.1777662668275,451.338993901114,0.323282674040333,0.192775346449967,2.93866666666667,2
2025-11-28 07:45:00,21.1401880095573,3.98569157261247,456.033509440701,0.317132357137833,0.204295299690333,3.07,2
2025-11-28 08:00:00,21.246603629404,4.1736300633475,451.338993901114,0.323288167374333,0.192440445554467,3.36066666666667,2
2025-11-28 08:15:00,21.2475140043697,4.14968271827777,451.338993901114,0.323287793373733,0.192852428709433,3.19866666666667,2
2025-11-28 08:30:00,21.246603629404,4.1736300633475,451.338993901114,0.323288167374333,0.192440445554467,2.87333333333333,2
2025-11-28 08:45:00,21.246603629404,4.1736300633475,451.338993901114,0.323288167374333,0.192442350290467,4.12333333333333,2
2025-11-28 09:00:00,21.246603629404,4.1736300633475,451.338993901114,0.323288167374333,0.192440445554467,3.292,2
2025-11-28 09:15:00,21.246603629404,4.1736300633475,451.338993901114,0.323288167374333,0.192440445554467,3.59333333333333,2
2025-11-28 09:30:00,21.246603629404,4.1736300633475,451.338993901114,0.323288167374333,0.192518975308133,3.058,2
2025-11-28 09:45:00,21.246603629404,4.1736300633475,451.338993901114,0.323288167374333,0.192518975308133,1.744,2
2025-11-28 10:00:00,21.246603629404,4.1736300633475,451.338993901114,0.323288167374333,0.192440445554467,1.81866666666667,2
2025-11-28 10:15:00,21.246603629404,4.1736300633475,451.338993901114,0.323288167374333,0.192440445554467,2.138,2
2025-11-28 10:30:00,21.246603629404,4.1736300633475,451.338993901114,0.323288167374333,0.192440445554467,1.62533333333333,2
2025-11-28 10:45:00,21.246603629404,4.1736300633475,451.338993901114,0.323288167374333,0.192440445554467,2.788,2
2025-11-28 11:00:00,21.246603629404,4.1736300633475,451.338993901114,0.323288167374333,0.192518975308133,1.94933333333333,2
2025-11-28 11:15:00,21.246603629404,4.1736300633475,451.338993901114,0.323288167374333,0.192518975308133,1.28666666666667,2
2025-11-28 11:30:00,21.246603629404,4.1736300633475,451.338993901114,0.323288167374333,0.192518975308133,1.22066666666667,2
2025-11-28 11:45:00,21.246603629404,4.1736300633475,451.338993901114,0.323288167374333,0.192518975308133,1.27666666666667,2
2025-11-28 12:00:00,21.246603629404,4.1736300633475,451.338993901114,0.323288167374333,0.192518975308133,1.30266666666667,2
2025-11-28 12:15:00,21.246603629404,4.1736300633475,451.338993901114,0.323288167374333,0.192518975308133,1.21933333333333,2
2025-11-28 12:30:00,21.0479604656273,3.98773325535914,455.862932716317,0.316213838020767,0.205403990995633,1.30733333333333,2
2025-11-28 12:45:00,21.246603629404,4.1736300633475,451.338993901114,0.323288167374333,0.192440445554467,1.532,2
2025-11-28 13:00:00,21.246603629404,4.1736300633475,451.338993901114,0.323288167374333,0.192518975308133,1.13,2
2025-11-28 13:15:00,21.246603629404,4.1736300633475,451.338993901114,0.323288167374333,0.192440445554467,1.68533333333333,2
2025-11-28 13:30:00,21.246603629404,4.1736300633475,451.338993901114,0.323288167374333,0.192440445554467,4.92,2
2025-11-28 13:45:00,21.246603629404,4.1736300633475,451.338993901114,0.323288167374333,0.192440445554467,1.99466666666667,2
2025-11-28 14:00:00,21.246603629404,4.1736300633475,451.338993901114,0.323288167374333,0.192440445554467,2.23666666666667,2
2025-11-28 14:15:00,21.246603629404,4.1736300633475,451.338993901114,0.323288167374333,0.192440445554467,4.83333333333333,2
2025-11-28 14:30:00,21.1740244471287,4.15773689283664,453.002579233774,0.319137786032833,0.194838146663,1.72533333333333,2
2025-11-28 14:45:00,21.0479604656273,3.98829353875914,455.862932716317,0.315941618021767,0.184720175152367,4.66533333333333,2
2025-11-28 15:00:00,21.246603629404,4.1736300633475,451.338993901114,0.323288167374333,0.192440445554467,1.90666666666667,2
2025-11-28 15:15:00,21.2055239221017,4.14796566294443,451.338993901114,0.323146357817067,0.193385934970933,2.99866666666667,2
2025-11-28 15:30:00,21.246603629404,4.1736300633475,451.338993901114,0.323288167374333,0.192440445554467,1.13266666666667,2
2025-11-28 15:45:00,21.246603629404,4.1736300633475,451.338993901114,0.323288167374333,0.192518975308133,1.32,2
2025-11-28 16:00:00,21.246603629404,4.1736300633475,451.338993901114,0.323288167374333,0.192440445554467,2.462,2
2025-11-28 16:15:00,21.246603629404,4.1736300633475,451.338993901114,0.323288167374333,0.192442350290467,2.01066666666667,2
2025-11-28 16:30:00,21.246603629404,4.1736300633475,451.338993901114,0.323288167374333,0.192518975308133,1.136,2
2025-11-28 16:45:00,21.246603629404,4.1736300633475,451.338993901114,0.323288167374333,0.192440445554467,1.27866666666667,2
2025-11-28 17:00:00,21.246603629404,4.1736300633475,451.338993901114,0.323288167374333,0.192518975308133,1.30933333333333,2
2025-11-28 17:15:00,21.246603629404,4.1736300633475,451.338993901114,0.323288167374333,0.192440445554467,2.44666666666667,2
2025-11-28 17:30:00,21.0479604656273,3.98716824019914,455.843411249651,0.314945168246867,0.169154604804267,2.164,2
2025-11-28 17:45:00,21.0479604656273,3.98389359342914,455.878969896347,0.303621731348967,0.166207764581967,2.528,2
2025-11-28 18:00:00,21.0479604656273,3.98389359342914,455.878969896347,0.302697527794867,0.166565513881633,2.50733333333333,2
2025-11-28 18:15:00,21.0479604656273,3.98263241807914,455.878969896347,0.314155483569867,0.166278452274533,2.964,2
2025-11-28 18:30:00,21.0479604656273,3.98324109447914,455.878969896347,0.3067271873464,0.166376357148733,2.808,2
2025-11-28 18:45:00,21.0479604656273,3.9856963222958,455.878969896347,0.2966886224766,0.1665016029069,4.06466666666667,2
2025-11-28 19:00:00,21.0479604656273,3.98457754782914,455.878969896347,0.301012146906333,0.166534097552133,3.29866666666667,2
2025-11-28 19:15:00,21.0479604656273,3.98116100202914,455.878969896347,0.315259006909,0.1663868813316,3.04866666666667,2
2025-11-28 19:30:00,21.0479604656273,3.98773325535914,455.862932716317,0.316121872687367,0.190973633112033,2.79,2
2025-11-28 19:45:00,21.2055239221017,4.14678121738443,451.338993901114,0.323261107151067,0.193385934970933,2.21733333333333,2
2025-11-28 20:00:00,21.246603629404,4.1777662668275,451.338993901114,0.323377900707333,0.1927064605797,2.46933333333333,2
2025-11-28 20:15:00,21.246603629404,4.1736300633475,451.338993901114,0.323288167374333,0.192440445554467,2.42133333333333,2
2025-11-28 20:30:00,21.1740244471287,4.15182998948664,453.002579233774,0.319441606699333,0.194752945653867,2.08333333333333,2
2025-11-28 20:45:00,21.0971649967827,4.14160164055064,452.75313245402,0.321576316259433,0.193796039600833,2.346,2
2025-11-28 21:00:00,21.1802787577183,4.18193217404997,452.893747791317,0.319777860476033,0.195496352678433,2.104,2
2025-11-28 21:15:00,21.246603629404,4.1736300633475,451.338993901114,0.323288167374333,0.192440445554467,2.04333333333333,2
2025-11-28 21:30:00,21.0376856015547,4.12578890290297,452.615488167777,0.323661057597267,0.193177641051433,2.19666666666667,2
2025-11-28 21:45:00,21.246603629404,4.1736300633475,451.338993901114,0.323288167374333,0.192442350290467,1.982,2
2025-11-28 22:00:00,21.2270455463363,4.14968271827777,451.338993901114,0.323287793373733,0.193000200984933,2.63466666666667,2
2025-11-28 22:15:00,21.170563912413,4.16631551994664,453.002579233774,0.3188264367009,0.195013065154367,2.14733333333333,2
2025-11-28 22:30:00,21.246603629404,4.1736300633475,451.338993901114,0.323288167374333,0.192440445554467,1.74266666666667,2
2025-11-28 22:45:00,21.246603629404,4.1736300633475,451.338993901114,0.323288167374333,0.192440445554467,1.79066666666667,2
2025-11-28 23:00:00,21.246603629404,4.1736300633475,451.338993901114,0.323288167374333,0.192440445554467,2.02666666666667,2
2025-11-28 23:15:00,21.0479604656273,3.98389359342914,455.878969896347,0.305033318905033,0.166080410334833,2.26866666666667,2
2025-11-28 23:30:00,21.175643311247,4.1815562321333,453.004983080357,0.318246747144566,0.1951097279514,2.04733333333333,2
2025-11-28 23:45:00,21.246603629404,4.1736300633475,451.338993901114,0.323288167374333,0.192440445554467,1.958,2
2025-11-29 00:00:00,21.246603629404,4.1736300633475,451.338993901114,0.323288167374333,0.192440445554467,2.24,2
2025-11-29 00:15:00,21.246603629404,4.1736300633475,451.338993901114,0.323288167374333,0.192430904377867,3.132,2
2025-11-29 00:30:00,21.246603629404,4.1736300633475,451.338993901114,0.323288167374333,0.192142324634433,3.15,2
2025-11-29 00:45:00,21.1401880095573,3.99034604719914,455.951337860851,0.317703486913733,0.205729087441,3.806,2
2025-11-29 01:00:00,21.246603629404,4.1736300633475,451.338993901114,0.323288167374333,0.192430904377867,3.36,2
2025-11-29 01:15:00,21.246603629404,4.1736300633475,451.338993901114,0.323288167374333,0.192442350290467,2.50666666666667,2
2025-11-29 01:30:00,21.246603629404,4.1736300633475,451.338993901114,0.323288167374333,0.192442350290467,2.99133333333333,2
2025-11-29 01:45:00,21.4486499674793,4.18778565665664,456.544624800871,0.319880062419066,0.1970589018557,3.31466666666667,2
2025-11-29 02:00:00,21.0479604656273,3.98575763801914,455.892678316317,0.314908122245567,0.165963493810633,4.39133333333333,2
2025-11-29 02:15:00,21.0479604656273,3.98263241807914,455.878969896347,0.315509362682767,0.166441385563533,6.35,2
2025-11-29 02:30:00,21.0479604656273,3.98116100202914,455.878969896347,0.315259006909,0.1663868813316,6.17933333333333,2
2025-11-29 02:45:00,21.0479604656273,3.98182242679914,455.966084883167,0.315239209576067,0.1659039980912,5.384,2
2025-11-29 03:00:00,21.0479604656273,3.98930140363914,455.878969896347,0.2970161491426,0.166998156379033,6.82466666666667,2
2025-11-29 03:15:00,21.0479604656273,3.98930140363914,455.878969896347,0.2970161491426,0.166998156379033,8.93666666666667,2
2025-11-29 03:30:00,21.0479604656273,3.98443882122914,455.878969896347,0.2984860062365,0.166546659150133,7.342,2
2025-11-29 03:45:00,21.0479604656273,3.98826586513247,455.878969896347,0.2967793624766,0.166469534162433,9.05666666666667,2
2025-11-29 04:00:00,21.0479604656273,3.99023431313914,455.878969896347,0.2970161491426,0.167020905100833,9.93,2
2025-11-29 04:15:00,21.0479604656273,3.98930140363914,455.878969896347,0.2970161491426,0.166998156379033,8.58666666666667,2
2025-11-29 04:30:00,21.0479604656273,3.99023431313914,455.878969896347,0.2970161491426,0.167020905100833,12.93,2
2025-11-29 04:45:00,21.0479604656273,3.99023431313914,455.878969896347,0.2970161491426,0.167020905100833,10.6466666666667,2
2025-11-29 05:00:00,21.0479604656273,3.99023431313914,455.878969896347,0.2970161491426,0.167020905100833,12.5366666666667,2
2025-11-29 05:15:00,21.0479604656273,3.99023431313914,455.878969896347,0.2970161491426,0.167020905100833,12.714,2
2025-11-29 05:30:00,21.0479604656273,3.99023431313914,455.878969896347,0.2970161491426,0.167020905100833,11.7313333333333,2
2025-11-29 05:45:00,21.0479604656273,3.98861637383914,455.878969896347,0.2970161491426,0.166967313655033,9.38,2
2025-11-29 06:00:00,21.0479604656273,3.99023431313914,455.878969896347,0.2970161491426,0.167020905100833,10.952,2
2025-11-29 06:15:00,21.0479604656273,3.9856963222958,455.878969896347,0.2966886224766,0.1665016029069,10.3906666666667,2
2025-11-29 06:30:00,21.0479604656273,3.9856963222958,455.878969896347,0.2966886224766,0.1665016029069,18.3486666666667,2
2025-11-29 06:45:00,21.0479604656273,3.98389359342914,455.878969896347,0.303697032682167,0.166371159594733,11.1826666666667,2
2025-11-29 07:00:00,21.0479604656273,3.98396322557914,455.892678316317,0.315453844911567,0.165732579233367,7.446,2
2025-11-29 07:15:00,21.0479604656273,3.98716824019914,455.843411249651,0.315210384913367,0.169361998105667,6.598,2
2025-11-29 07:30:00,21.0479604656273,3.98182242679914,455.878969896347,0.3149779935764,0.1662811616014,6.682,2
2025-11-29 07:45:00,21.0479604656273,3.98716824019914,455.843411249651,0.314849941579867,0.169143158891667,8.51466666666667,2
2025-11-29 08:00:00,21.0479604656273,3.98297633099914,455.878969896347,0.3150118735754,0.166203605387067,12.1666666666667,2
2025-11-29 08:15:00,21.0479604656273,3.98389359342914,455.878969896347,0.303697032682167,0.166371159594733,9.07866666666667,2
2025-11-29 08:30:00,21.0479604656273,3.9863813520958,455.878969896347,0.2966886224766,0.166405453647933,10.736,2
2025-11-29 08:45:00,21.0479604656273,3.98263241807914,455.878969896347,0.314155483569867,0.165964228389767,10.3926666666667,2
2025-11-29 09:00:00,21.0479604656273,3.98389359342914,455.878969896347,0.303697032682167,0.166056935709967,7.188,2
2025-11-29 09:15:00,21.0479604656273,3.98629114395914,455.885914582917,0.314908122245567,0.1650047277497,5.11333333333333,2
2025-11-29 09:30:00,21.0479604656273,3.98136021987914,455.878969896347,0.3148558469094,0.166190882250333,3.37933333333333,2
2025-11-29 09:45:00,21.0479604656273,3.98575763801914,455.892678316317,0.315125823579567,0.165696292078967,3.46466666666667,2
2025-11-29 10:00:00,21.11320417488,4.1475342818073,452.852040395987,0.320844381815766,0.194421223574,3.02866666666667,2
2025-11-29 10:15:00,21.0479604656273,3.98773325535914,455.862932716317,0.316150018021767,0.2044055224695,2.88866666666667,2
2025-11-29 10:30:00,21.0479604656273,3.98338519807914,455.966084883167,0.315147790910067,0.165921898176467,2.81333333333333,2
2025-11-29 10:45:00,21.0479604656273,3.9837861968158,455.959117983067,0.316451943356933,0.199978752348267,2.64,2
2025-11-29 11:00:00,21.0479604656273,3.98182242679914,455.878969896347,0.3150463002434,0.1661059082522,2.346,2
2025-11-29 11:15:00,21.0479604656273,3.98575763801914,455.892678316317,0.315045063579567,0.165903057829633,2.21866666666667,2
2025-11-29 11:30:00,21.1698748612773,4.07760878872914,455.954628976327,0.317884229581467,0.2119056659216,1.972,2
2025-11-29 11:45:00,21.0479604656273,3.98773325535914,455.862932716317,0.316213838020767,0.205379594936167,3.25466666666667,2
2025-11-29 12:00:00,21.4595824310593,4.25439314800497,456.85052685448,0.320067173310233,0.1967972687818,3.94933333333333,2
2025-11-29 12:15:00,21.0479604656273,3.9837861968158,455.862932716317,0.316389440689133,0.199978752348267,3.42733333333333,2
2025-11-29 12:30:00,21.1698748612773,3.98569646568247,455.945231065207,0.316663266694533,0.211119709280267,3.62466666666667,2
2025-11-29 12:45:00,21.1401880095573,3.9844140153358,455.951587316401,0.3175135875799,0.1884204984946,3.17133333333333,2
2025-11-29 13:00:00,21.246603629404,4.1736300633475,451.338993901114,0.323288167374333,0.192440445554467,2.872,2
2025-11-29 13:15:00,21.1805887318353,4.07868685643447,456.18250496091,0.319636378474266,0.196347632914467,2.81,2
2025-11-29 13:30:00,21.246603629404,4.1736300633475,451.338993901114,0.323288167374333,0.192440445554467,2.52066666666667,2
2025-11-29 13:45:00,21.246603629404,4.1736300633475,451.338993901114,0.323288167374333,0.192265209297033,2.20666666666667,2
2025-11-29 14:00:00,21.054540023232,4.11527057592177,452.504388805627,0.324025886927667,0.193204780098933,2.19533333333333,2
2025-11-29 14:15:00,21.1698748612773,4.07204423896914,455.932229643007,0.316570602915533,0.211176179187267,2.10933333333333,2
2025-11-29 14:30:00,21.0479604656273,3.98482010429914,455.966084883167,0.315211610909067,0.165915384973267,1.96933333333333,2
2025-11-29 14:45:00,21.0479604656273,3.98689127092914,455.878969896347,0.3047732997936,0.166028996058833,2.068,2
2025-11-29 15:00:00,21.0479604656273,3.98415867952914,455.878969896347,0.315167588243,0.166029828736367,2.16333333333333,2
2025-11-29 15:15:00,21.0479604656273,3.98435789737914,455.878969896347,0.31503573491,0.166149345181433,1.98,2
2025-11-29 15:30:00,21.0479604656273,3.98757522532914,455.878969896347,0.300735034905934,0.166401472321633,1.89733333333333,2
2025-11-29 15:45:00,21.0479604656273,3.98435789737914,455.878969896347,0.3149842749084,0.166134270420333,1.94866666666667,2
2025-11-29 16:00:00,21.0479604656273,3.9846365693658,455.878969896347,0.3149842749084,0.166248945830867,1.748,2
2025-11-29 16:15:00,21.0479604656273,3.98482010429914,455.878969896347,0.3151747282424,0.166032470993967,1.40266666666667,2
2025-11-29 16:30:00,21.0479604656273,3.98930140363914,455.878969896347,0.2968601224766,0.1666637421413,1.88333333333333,2
2025-11-29 16:45:00,21.0479604656273,3.9863813520958,455.878969896347,0.2966886224766,0.166130038120167,2.01266666666667,2
2025-11-29 17:00:00,21.0479604656273,3.98930140363914,455.878969896347,0.2968601224766,0.166617419252933,2.1,2
2025-11-29 17:15:00,21.0479604656273,3.98930140363914,455.780260483067,0.2969769038094,0.166357392940867,2.41866666666667,2
2025-11-29 17:30:00,21.0479604656273,3.98930140363914,455.764519949637,0.2970161491426,0.165917420364567,2.57066666666667,2
2025-11-29 17:45:00,21.0479604656273,3.9860630336958,455.878969896347,0.297386685797567,0.166091229763167,1.96466666666667,2
2025-11-29 18:00:00,21.0479604656273,3.96811914229914,455.878969896347,0.300913045345767,0.166605327209133,2.95733333333333,2
2025-11-29 18:15:00,21.320246290457,4.13286818188247,455.878969896347,0.3153872722401,0.165405681282033,2.75933333333333,2
2025-11-29 18:30:00,21.2257495295323,3.99442952023247,455.878969896347,0.314542069124,0.164840593716867,2.55333333333333,2
2025-11-29 18:45:00,21.0534351822623,3.99908017714914,455.878969896347,0.3150864331295,0.166265972694367,2.10266666666667,2
2025-11-29 19:00:00,21.0479604656273,3.98457754782914,455.878969896347,0.302745385572533,0.166534097552133,3.10466666666667,2
2025-11-29 19:15:00,21.246603629404,4.1736300633475,451.338993901114,0.323288167374333,0.192272573797533,4.622,2
2025-11-29 19:30:00,21.1740244471287,4.15422893803664,453.002579233774,0.319155732698833,0.1949138594042,6.26533333333333,2
2025-11-29 19:45:00,21.1698748612773,3.99010872434247,455.936899942927,0.317669019135667,0.204457089281767,6.12066666666667,2
2025-11-29 20:00:00,21.1698748612773,3.9946179482358,455.932229643007,0.317282371136933,0.204293198600967,5.694,2
2025-11-29 20:15:00,21.0479604656273,3.99016591769914,455.843411249651,0.314945168246867,0.169033977678533,6.324,2
2025-11-29 20:30:00,21.0479604656273,3.99016591769914,455.843411249651,0.315336724914367,0.1714087294191,7.05266666666667,2
2025-11-29 20:45:00,21.0479604656273,3.98875531551914,455.892678316317,0.315045063579567,0.165639680248967,7.71533333333333,2
2025-11-29 21:00:00,21.0479604656273,3.98696090307914,455.892678316317,0.315426246244567,0.165696546336633,7.78933333333333,2
2025-11-29 21:15:00,21.0479604656273,3.98875531551914,455.892678316317,0.314816703579567,0.1664199992906,7.66666666666667,2
2025-11-29 21:30:00,21.0479604656273,3.98928882145914,455.885914582917,0.314946066245167,0.1647055716349,8.08,2
2025-11-29 21:45:00,21.0479604656273,3.9837861968158,455.862932716317,0.316325620690133,0.19962615308,8.66933333333333,2
2025-11-29 22:00:00,21.1698748612773,3.98479716243247,456.042237087441,0.317352213360133,0.2121971347319,9.234,2
2025-11-29 22:15:00,21.144799395304,3.98830165802914,455.951587316401,0.317332362469733,0.205431695226633,8.662,2
2025-11-29 22:30:00,21.174486247024,4.03793079448247,455.954628976327,0.319513399136733,0.208983664697867,9.04866666666667,2
2025-11-29 22:45:00,21.0971649967827,4.13804126000064,452.75313245402,0.321256537592233,0.193880382674767,9.15666666666667,2
2025-11-29 23:00:00,21.19509207526,4.07892989683447,456.18250496091,0.319317141806766,0.196065522117533,9.804,2
2025-11-29 23:15:00,21.0479604656273,3.98575763801914,455.885914582917,0.314816703579567,0.165107630249633,11.976,2
2025-11-29 23:30:00,21.0479604656273,3.98396322557914,455.904196749767,0.315302809576967,0.166175916786267,13.2293333333333,2
2025-11-29 23:45:00,21.0479604656273,3.98136021987914,455.878969896347,0.3148558469094,0.166171559933733,13.8193333333333,2
2025-11-30 00:00:00,21.0479604656273,3.98389359342914,455.878969896347,0.3049293264596,0.166062133263967,14.0353333333333,2
2025-11-30 00:15:00,21.0479604656273,3.98443882122914,455.878969896347,0.2999923295696,0.166232435265367,14.4226666666667,2
2025-11-30 00:30:00,21.0479604656273,3.98930140363914,455.878969896347,0.2970161491426,0.166998156379033,15.9453333333333,2
2025-11-30 00:45:00,21.0479604656273,3.98861637383914,455.878969896347,0.2970161491426,0.166967313655033,13.4226666666667,2
2025-11-30 01:00:00,21.0479604656273,3.98690164853914,455.878969896347,0.2967793624766,0.166509269220233,11.5686666666667,2
2025-11-30 01:15:00,21.0479604656273,3.98194738827914,455.878969896347,0.314227242903167,0.1663357931765,9.04466666666667,2
2025-11-30 01:30:00,21.0479604656273,3.98116100202914,455.878969896347,0.315127153576,0.166444222233567,7.20866666666667,2
2025-11-30 01:45:00,21.0479604656273,3.98182242679914,455.878969896347,0.3150118735754,0.166626033579733,8.192,2
2025-11-30 02:00:00,21.0479604656273,3.98716824019914,455.843411249651,0.315210384913367,0.169952966264033,7.20333333333333,2
2025-11-30 02:15:00,21.0479604656273,3.98629114395914,455.885914582917,0.314908122245567,0.165515912302167,5.75333333333333,2
2025-11-30 02:30:00,21.1643184544003,4.03479083869114,455.913341516327,0.319773737136967,0.196455126155533,5.98933333333333,2
2025-11-30 02:45:00,21.0944156081187,4.1466419686573,452.76311538742,0.320788177369933,0.1943483369362,5.432,2
2025-11-30 03:00:00,21.0479604656273,3.9859262965858,455.862932716317,0.316110408688033,0.185384573887533,6.904,2
2025-11-30 03:15:00,21.1698748612773,4.0340618458258,455.936899942927,0.317872365359,0.204384486753467,6.48533333333333,2
2025-11-30 03:30:00,21.0479604656273,3.98182242679914,455.878969896347,0.3151340202424,0.166088008166933,5.76666666666667,2
2025-11-30 03:45:00,21.1401880095573,3.98995196686914,455.951587316401,0.317877625358367,0.196169580748867,5.09533333333333,2
2025-11-30 04:00:00,21.0479604656273,3.98396322557914,455.904196749767,0.315146782910967,0.1661637916242,7.318,2
2025-11-30 04:15:00,21.0479604656273,3.98826586513247,455.878969896347,0.2967793624766,0.166438117832933,6.686,2
2025-11-30 04:30:00,21.0479604656273,3.9863813520958,455.878969896347,0.2966886224766,0.166444262004933,7.664,2
2025-11-30 04:45:00,21.0479604656273,3.98930140363914,455.878969896347,0.2970161491426,0.166831648144,7.908,2
2025-11-30 05:00:00,21.0479604656273,3.9863813520958,455.878969896347,0.2966886224766,0.1665324456309,7.68533333333333,2
2025-11-30 05:15:00,21.0479604656273,3.98457754782914,455.878969896347,0.302745385572533,0.166534097552133,9.834,2
2025-11-30 05:30:00,21.0479604656273,3.98375379142914,455.878969896347,0.2991830542365,0.1666040000521,9.42,2
2025-11-30 05:45:00,21.0479604656273,3.9860630336958,455.878969896347,0.2966886224766,0.166405453647933,6.75666666666667,2
2025-11-30 06:00:00,21.0479604656273,3.98930140363914,455.878969896347,0.2970161491426,0.166952236711167,8.56666666666667,2
2025-11-30 06:15:00,21.0479604656273,3.98457754782914,455.878969896347,0.302691042239033,0.166219873667367,7.35466666666667,2
2025-11-30 06:30:00,21.0479604656273,3.98116100202914,455.878969896347,0.315127153576,0.1660629659415,5.65666666666667,2
2025-11-30 06:45:00,21.3894730761363,4.2078005783283,455.740999061164,0.319799031587433,0.196806298305133,4.13266666666667,2
2025-11-30 07:00:00,21.0479604656273,3.98887067009247,455.862932716317,0.315941618021767,0.183875010220967,4.98466666666667,2
2025-11-30 07:15:00,21.2457897538247,4.16483870686777,451.338993901114,0.323282674040333,0.192825507496733,4.65866666666667,2
2025-11-30 07:30:00,21.0479604656273,3.99016591769914,455.843411249651,0.315149584914367,0.169593782287533,3.93533333333333,2
2025-11-30 07:45:00,21.0479604656273,3.98116100202914,455.878969896347,0.31503573491,0.166087610031833,5.20666666666667,2
2025-11-30 08:00:00,21.0479604656273,3.98887067009247,455.862932716317,0.315941618021767,0.184479823546167,3.89266666666667,2
2025-11-30 08:15:00,21.0479604656273,3.98716824019914,455.843411249651,0.315081488247967,0.172338190340433,3.92266666666667,2
2025-11-30 08:30:00,21.0479604656273,3.99016591769914,455.862932716317,0.315764166022867,0.1811680240202,4.01333333333333,2
2025-11-30 08:45:00,21.0479604656273,3.98116100202914,455.878969896347,0.31503573491,0.166086440566367,4.14066666666667,2
