date,CO,NO2,NO,O3,PM2_5,CO2,AQHI
2025-09-01,0.164808614819933,7.318210666618,4.00874444432066,29.2982173336623,11.0353137041479,439.86595454389,3
2025-09-01 00:15:00,0.171221422222533,7.3843197776537,4.33289844431313,27.8932924444433,11.2281663706004,440.429957792597,3
2025-09-01 00:30:00,0.179933288908767,9.96898866628849,5.25816622211067,23.8710682223016,11.1422878802239,443.483628357507,3
2025-09-01 00:45:00,0.174416437034367,9.0303657775636,4.6977804443258,24.8184948887819,11.2068783723449,443.414291139177,3
2025-09-01 01:00:00,0.1672202074206,9.22693688872203,4.65317622210587,24.2959946668964,11.1915164280999,441.745450504797,3
2025-09-01 01:15:00,0.165685074081833,8.62119666668694,4.5218195554318,24.7618417779987,11.0326867589656,441.069560065543,3
2025-09-01 01:30:00,0.176059081481,9.6037717775067,4.97575511101321,22.4345486665266,11.1374703220915,444.904081850774,3
2025-09-01 01:45:00,0.173557614808033,8.3713924444232,4.66326022208777,25.6491944443922,11.1485852564355,441.99612401192,3
2025-09-01 02:00:00,0.168704459260133,7.29905288875544,4.19864444430436,28.4996528888819,10.8868929306145,438.27134838596,3
2025-09-01 02:15:00,0.1588043629441,7.18909666654254,4.1495744443342,28.0806439999049,11.0428977056101,438.586830400393,3
2025-09-01 02:30:00,0.1560423332971,8.05695155561937,4.04778777768633,25.4970995557446,10.8512462851727,440.722215030497,3
2025-09-01 02:45:00,0.158516992544233,7.9149615555171,4.22509777768773,25.3168540000222,10.9515121067572,440.12234409069,3
2025-09-01 03:00:00,0.156721170319833,8.57022355556776,4.28348866661326,23.0428386665937,10.9678397674464,441.84903269886,3
2025-09-01 03:15:00,0.1776404592449,11.0956217777375,5.65832199997967,17.8491157781142,12.0130832841497,445.713473250583,3
2025-09-01 03:30:00,0.1905998185588,11.5421633332661,7.3532677777694,15.5384028887748,12.2618474202321,444.924092703817,3
2025-09-01 03:45:00,0.190403877808467,11.8036068889277,8.50164200006516,13.3021740002913,12.3006745305377,447.365394779814,2
2025-09-01 04:00:00,0.182534800022033,9.3774677777049,5.16450066665614,20.9394897780619,11.3152023139798,445.39114973775,2
2025-09-01 04:15:00,0.161890281466633,8.1431600000461,4.88449044442264,25.9948224445743,10.8983182692858,438.017112742466,2
2025-09-01 04:30:00,0.153898222178033,7.4058860000658,6.7841040004686,26.860934222253,10.4805125545101,437.376903409736,2
2025-09-01 04:45:00,0.1475869925704,8.011577333628,8.96329933413434,26.933939555587,10.6799284211103,437.38588109719,2
2025-09-01 05:00:00,0.144356048148834,8.43325111128157,8.66970288967155,24.6239937777437,10.6056750166389,439.34191138019,2
2025-09-01 05:15:00,0.145304911106733,8.38555200039833,9.09241266729893,26.2939144444893,10.6504124447372,439.26077550383,2
2025-09-01 05:30:00,0.146446303686767,7.79572688909091,8.46842155632197,26.2630342222823,10.3492172852687,437.48723084969,2
2025-09-01 05:45:00,0.1457419962927,8.68121022258591,9.22634288964843,25.637540222312,10.0229173839725,438.373177619527,2
2025-09-01 06:00:00,0.146428188894233,9.21394933357884,9.72993000107616,20.3282902222617,9.84858722206872,446.13964793219,2
2025-09-01 06:15:00,0.153000451836733,8.9174686667497,7.39925600064877,20.8937804445212,10.0045377025672,443.068074989877,2
2025-09-01 06:30:00,0.148733388904467,9.70283155566767,7.87865111176567,18.4118642223464,9.38852683152509,443.057367271933,2
2025-09-01 06:45:00,0.149245388899167,9.65266355566603,9.559706445434,18.5384884446449,8.6060058460956,442.13800757083,2
2025-09-01 07:00:00,0.1505166926124,10.0771940000961,9.63137244538016,16.8667402227757,8.17483343823451,442.347971697064,2
2025-09-01 07:15:00,0.156114944457133,10.6342342224898,10.3293446677595,13.898381111373,8.15799432214293,448.543970825917,2
2025-09-01 07:30:00,0.160127059292,12.8865900001599,10.3326946676436,9.47349066627416,8.00860935165554,450.86746468869,2
2025-09-01 07:45:00,0.155500625967567,12.0859204445816,10.2145397786501,10.3402379994038,7.37013493827455,445.93409592239,2
2025-09-01 08:00:00,0.138825855601933,9.32437333343716,9.2938753340942,15.3573011119624,7.23490442860134,441.7593305897,2
2025-09-01 08:15:00,0.133063211124467,8.5526853334033,9.2747942231106,17.7005662229699,7.06832527185653,439.998491992497,2
2025-09-01 08:30:00,0.1380565963481,9.03225066676607,9.37852111195436,16.4468668897985,7.28542552331548,440.66116593982,2
2025-09-01 08:45:00,0.149079870395533,9.30988355554993,6.4112817777276,15.0577728896162,7.425056729052,438.139311812174,2
2025-09-01 09:00:00,0.1572441851887,10.274908000121,9.55748200088853,15.946215111758,7.37739575462244,441.626317648047,2
2025-09-01 09:15:00,0.1612953481333,9.7290319998985,6.4725942220741,17.2248780005904,7.22285903717011,439.52892516782,2
2025-09-01 09:30:00,0.1746528222452,11.1895584446792,9.77950244534203,17.2569595561232,7.41273013450778,442.110754262167,2
2025-09-01 09:45:00,0.157515740742633,9.86947755584773,9.5018615561904,16.5501431116885,7.48460099129831,442.260084485577,2
2025-09-01 10:00:00,0.161629944478633,10.6357048891932,9.61121133393327,13.4123080001564,7.12682518583879,445.355070561887,2
2025-09-01 10:15:00,0.1573659852256,9.95857088919691,9.50115133388527,11.5754197775283,7.04112508180923,447.46070675952,2
2025-09-01 10:30:00,0.141983548219,8.42833266675777,7.4317057777144,16.1025660003253,7.38791160242254,443.79621089959,2
2025-09-01 10:45:00,0.1328274256526,7.1230171111914,9.04605244496996,21.6034957779671,7.09017608022608,444.487552334099,2
2025-09-01 11:00:00,0.132387712826333,7.0538908889098,8.94514644496969,22.2538842221567,7.17314007157408,444.451965561299,2
2025-09-01 11:15:00,0.1568559703841,7.19545555565263,9.25093400073156,24.787153333344,7.60185609063714,445.559774547177,2
2025-09-01 11:30:00,0.133242499739767,4.99717892311347,8.07952644516664,27.02923358948,7.74279587879209,439.120195851134,2
2025-09-01 11:45:00,0.1371027607278,5.82197333343363,2.57805533320573,27.7479542220874,7.87988420987763,438.84231156202,2
2025-09-01 12:00:00,0.137191903756834,5.12617222230763,1.84700933324157,29.9308697779487,7.65893843075016,436.195444148787,2
2025-09-01 12:15:00,0.137639259317967,4.95919704282803,1.7959604443446,30.7896751113493,7.91729204494479,435.53011719424,2
2025-09-01 12:30:00,0.1455168149026,5.58802400011707,2.20369911101297,28.5839435558957,7.82884883497498,438.248670332397,2
2025-09-01 12:45:00,0.152502607431433,6.64029644451946,3.0745286665675,27.9981724451257,7.92111572918768,438.949555958414,2
2025-09-01 13:00:00,0.151710681526033,5.80684622226716,2.97530777774237,30.9841311117713,7.99837354790159,433.557397193114,2
2025-09-01 13:15:00,0.150458000036767,5.75252422228293,2.89190066659733,30.1842462229816,7.63295938324997,432.916309422584,2
2025-09-01 13:30:00,0.1467336370761,4.9409332479041,2.40986999996194,32.5583662907897,7.6757567173202,434.32131128298,2
2025-09-01 13:45:00,0.150534362997867,4.92175560684023,2.54541466663537,33.3381641364023,7.69895026812878,435.762782703627,2
2025-09-01 14:00:00,0.1552100741158,5.92767488886657,3.15248866658177,29.8034339996503,7.83310060013657,435.54954322507,2
2025-09-01 14:15:00,0.170033733350933,5.06207466666324,2.72260399996534,32.894433264393,8.6055827721872,434.306730717694,2
2025-09-01 14:30:00,0.1571786963205,4.6223557777814,2.38525466662187,35.0774763071176,8.32716032511631,434.14519051948,2
2025-09-01 14:45:00,0.154938692626333,4.6038866666654,2.36804066661774,35.3719742219903,7.97302474626288,434.141238735253,2
2025-09-01 15:00:00,0.152239044478333,4.33746266669183,2.07544577774924,36.9823017780157,7.51151251854193,433.27492138817,2
2025-09-01 15:15:00,0.166557051886133,4.31840222225153,2.17993644439404,35.442648221928,7.22941251911198,432.89045370795,2
2025-09-01 15:30:00,0.160132496310767,4.33014022225753,2.15821733328904,35.571742999633,7.06200197867249,433.099970375636,3
2025-09-01 15:45:00,0.165052703736933,4.17273266667753,2.01545533329087,37.584060444708,7.33921909500671,432.867268380716,3
2025-09-01 16:00:00,0.150932711169967,4.12952557265463,1.96972866662184,39.68450133373,7.5577210396344,433.22228326454,3
2025-09-01 16:15:00,0.166573540763967,4.13879644445813,1.96579266662094,40.0160828891036,7.9903645987355,433.020588896416,3
2025-09-01 16:30:00,0.1729320074303,4.48071955554643,1.9047306666095,36.5862424444947,7.85069653995189,433.34796161656,3
2025-09-01 16:45:00,0.1774690963153,5.9812057301588,1.6914135554918,35.257345110679,7.40870917586457,433.509345910983,3
2025-09-01 17:00:00,0.175853933318633,4.8354746983785,1.86093888878534,37.2784573330703,7.412281189256,433.017334725393,3
2025-09-01 17:15:00,0.172499111095233,4.61450069836813,2.62121488879057,38.448168222055,7.39635071342071,433.097694733247,3
2025-09-01 17:30:00,0.176329022199267,5.24877492062526,2.42597222209004,37.547311332926,7.71747069813546,432.886848822843,3
2025-09-01 17:45:00,0.233231829608267,7.32101309521246,2.14717488881573,31.851342888451,8.07044447935268,434.428394711483,3
2025-09-01 18:00:00,0.302863177793267,14.390166888851,2.2243822221905,24.05843066634,8.24241682943019,440.567637793527,3
2025-09-01 18:15:00,0.1914708889557,10.3421815553954,2.10635022215004,27.6699666660558,8.7550925488016,438.088015649143,3
2025-09-01 18:30:00,0.1808017407657,7.04642109528547,1.82502288882014,34.851838888478,9.02332310224311,434.24446583602,3
2025-09-01 18:45:00,0.186087362994067,5.53870253966437,1.8701828888148,35.9485166666513,9.14533481057053,433.057531482166,3
2025-09-01 19:00:00,0.187242985229567,7.95552468256214,1.9340357777161,35.690296444268,9.15097459796988,433.817681835773,3
2025-09-01 19:15:00,0.203887866744033,12.2946771108641,2.1332919999629,26.1492126662463,9.19967397079085,440.188134146107,3
2025-09-01 19:30:00,0.201273548220933,11.4962455552592,1.9822835555041,26.6260504438893,9.24694212418049,440.776663682747,3
2025-09-01 19:45:00,0.199340800077067,11.3283766662005,1.9519004443931,29.1782251117304,9.1520804904632,439.060392385634,3
2025-09-01 20:00:00,0.1983604371198,10.0195099997439,2.2377035555183,27.4524491105281,8.67774661053202,440.424586617887,3
2025-09-01 20:15:00,0.206129548212967,11.2833402218634,2.44528133329987,26.7587675550106,8.75820752904663,440.13800601435,3
2025-09-01 20:30:00,0.1994851111856,10.0438955552518,2.6972117777401,25.6829906663326,7.9895655582747,440.595576945933,3
2025-09-01 20:45:00,0.198193659331567,10.5607875551548,3.0755415555229,22.5454973340843,7.31241319925701,443.47286912268,3
2025-09-01 21:00:00,0.195867407464033,10.3801288883404,3.69631355552327,23.1947673337476,7.05321927926258,441.33134978223,3
2025-09-01 21:15:00,0.191929022253767,9.84835133298542,3.56537311107733,22.3632508897673,7.25954821128038,441.477684573147,3
2025-09-01 21:30:00,0.197484022245266,11.3527166665634,3.74381177776053,21.464751556236,7.52279609017672,440.958525272726,3
2025-09-01 21:45:00,0.187389437086333,11.2036175547424,3.53794733333763,22.5205888899117,7.65296609457946,442.09135231957,3
2025-09-01 22:00:00,0.183691400035266,12.513594888609,4.12328866655173,21.738574000626,7.76357847010027,442.03557116831,3
2025-09-01 22:15:00,0.1829185778366,11.7403377772686,4.1029837776747,21.8015808895523,7.83106018687107,440.718776996997,3
2025-09-01 22:30:00,0.183970637095066,11.7794826664033,5.02755111101137,19.5468355558474,7.74651954536879,440.275974652037,3
2025-09-01 22:45:00,0.185544903751867,11.9695531108894,5.32319022208367,19.6775566669731,7.77019272010067,440.31229656847,2
2025-09-01 23:00:00,0.214907118548866,12.0206806665988,5.7823186667325,16.0729031112051,7.66873257297044,450.415853855407,2
2025-09-01 23:15:00,0.2095190037602,12.1918688888287,6.16427622226347,16.8256180000242,7.85568330272606,450.724629154673,2
2025-09-01 23:30:00,0.295155911093667,12.5040551110574,5.76797444455353,17.3792828890123,7.72000701380546,453.151796534437,2
2025-09-01 23:45:00,0.2806924147903,12.390596888952,4.3206240001159,17.5149328889831,7.44457132975854,450.183027579977,2
2025-09-02 00:13:00,0.2167452074282,11.9940437778012,7.5424095555282,15.004480888929,7.64312250026594,449.274158206074,2
2025-09-02 00:28:00,0.2201475407766,12.0534446666921,8.55141000003257,13.9168879999681,7.78769376560745,450.020448925474,2
2025-09-02 00:43:00,0.189112188864833,11.3463402220896,7.66231800004671,14.1073437779156,7.92206156135136,449.239031674884,2
2025-09-02 00:58:00,0.1800200518324,10.7253793330283,7.5834551111407,13.2233135559065,7.76222103302918,449.167885379727,2
2025-09-02 01:13:00,0.180984540727767,10.6992164442122,7.30039022233017,14.249587111339,7.9065833633797,449.846415520704,2
2025-09-02 01:28:00,0.180360333335067,10.7606564444095,7.46089466678794,10.3170117775993,7.57709435491063,452.909084559117,2
2025-09-02 01:43:00,0.1782534296396,10.2990875555814,7.61352488903047,9.39834244404016,7.75768518081434,457.563432755167,2
2025-09-02 01:58:00,0.1787083259358,10.5092671111794,7.04724288899413,10.8366059999658,7.75892135338976,457.25436446507,2
2025-09-02 02:13:00,0.1766684481594,10.1562106669011,7.33939688905093,8.8422088885872,7.81705131806378,461.24359893464,2
2025-09-02 02:28:00,0.176019677780667,9.99865000021337,7.2340553334874,9.01391044412667,7.7696409993132,461.048437864567,2
2025-09-02 02:43:00,0.1750318629694,9.97431933358686,8.17016688960617,8.80064777751113,7.68353651877229,462.42767677777,2
2025-09-02 02:58:00,0.174071596306667,10.1136580002009,8.2595373340428,8.14553333318023,8.15530404351263,461.980757961463,2
2025-09-02 03:13:00,0.177239970374667,10.3378544446714,8.26614888959453,9.38825888851193,8.2627886501598,459.808502731977,2
2025-09-02 03:28:00,0.1755587666642,10.1291326668959,8.2754302229333,9.2877833330401,7.98663909497741,461.833062725357,2
2025-09-02 03:43:00,0.172153196293934,9.95362155576601,8.42711688941453,7.3188464443073,8.0013268865477,475.68918497993,2
2025-09-02 03:58:00,0.170225559262167,9.84468977794447,8.42945133402193,7.24397466655667,8.0510246522138,476.385654990613,2
2025-09-02 04:13:00,0.171838307407167,10.101147555709,8.50601311153493,6.94223733324337,8.24241162623645,466.48848348444,2
2025-09-02 04:28:00,0.1711751703703,10.038082222276,8.4679328895251,6.31975533326633,8.03702452860619,465.540173112993,2
2025-09-02 04:43:00,0.174646781493433,10.3748993334983,8.5908000006752,6.51684177767266,8.152765088316,465.997101441533,2
2025-09-02 04:58:00,0.169861459265634,10.0201831111608,8.34589133388813,6.51444244437579,7.84327918379194,463.686816252897,2
2025-09-02 05:13:00,0.1654545259191,9.53728400015077,8.4030311115999,6.37283399991233,8.11277735900975,477.269621290417,2
2025-09-02 05:28:00,0.169184962969133,10.005234444498,8.89579622269653,5.98551822216707,8.13155327238609,467.533795237577,2
2025-09-02 05:43:00,0.161669755559467,9.65849244458804,8.29216955619487,7.90263977769924,8.14709818375829,469.208421939247,2
2025-09-02 05:58:00,0.176168477787267,10.4443464446835,8.60917266714377,8.23574199989277,8.62563458893672,467.71915823192,2
2025-09-02 06:13:00,0.174110944451133,10.4040342224554,8.36400200033586,6.90120111101924,8.28150933924696,472.197203092757,2
2025-09-02 06:28:00,0.187057200018333,11.1152320001478,9.6150419994614,6.14347711101293,8.17970792450407,472.837458926627,2
2025-09-02 06:43:00,0.1777791555603,10.495115111378,8.6241813338107,6.59350755548576,8.3820374364779,477.00198780812,2
2025-09-02 06:58:00,0.176200333338933,10.4280235557912,8.62160800046953,6.86042888879267,8.47970193250554,472.209948959323,2
2025-09-02 07:13:00,0.186084659263733,10.8125362224001,8.8521708892638,6.34143888879503,8.57271349009455,473.516012760727,2
2025-09-02 07:28:00,0.179422281491033,10.5837275558465,8.52957422278283,6.8214719999354,8.27434135624669,471.58966442377,2
2025-09-02 07:43:00,0.1939749111027,11.1991475556423,9.17247622223183,6.25273733329677,8.533846704457,468.952639663747,2
2025-09-02 07:58:00,0.195774566669833,11.2551000000638,9.32486711160499,7.70836733311357,9.0750878779967,456.117661758893,2
2025-09-02 08:13:00,0.204353081522033,11.4929806667783,9.80727977839526,9.07108844407553,9.4881043180985,450.445784828613,2
2025-09-02 08:28:00,0.179349570407,11.2735580001987,9.2385582222402,7.31111022217026,9.22248473059166,448.717551997327,2
2025-09-02 08:43:00,0.167459066685033,10.8736213337116,9.5059268884901,9.55371799972752,8.83959553892696,448.89149838443,2
2025-09-02 08:58:00,0.154577337060033,10.2083686670081,8.38179644418027,9.17560066647832,8.41572828009644,450.030708927297,2
2025-09-02 09:13:00,0.157094959293667,10.6451026671272,8.67226844413427,7.4652337777397,8.33486046380753,450.910748572497,2
2025-09-02 09:28:00,0.183384340755733,12.2731942221949,11.6664933331827,6.82451866666164,8.52844249802635,476.18518346448,2
2025-09-02 09:43:00,0.179045711126833,11.7166444445437,13.3544411106752,6.92697088888954,8.87354242833171,491.237959864053,2
2025-09-02 09:58:00,0.173566200013533,10.0718573335036,9.99433911099381,7.29575244441271,8.87301864030559,487.979301761607,2
2025-09-02 10:13:00,0.165833370371967,9.53958511139233,8.64865244425944,8.77158177777337,8.91687961315624,481.064463843426,2
2025-09-02 10:28:00,0.162740000010967,9.37414822249196,8.14381355544524,9.0238148888961,8.85079252551186,478.921699243143,2
2025-09-02 10:43:00,0.164795694033667,9.3625142225085,8.2325619998914,10.2196626667059,8.94316922461847,479.812322468646,2
2025-09-02 10:58:00,0.1579494370627,9.57424600022233,8.29209599988947,11.0895188889925,9.22232557838223,459.353421449926,2
2025-09-02 11:13:00,0.150814696344433,9.1376251113806,8.24719999988047,14.622869111509,9.46627708299954,454.257714039886,2
2025-09-02 11:28:00,0.150251074121867,8.81410377795676,9.89053355641806,19.4104555556698,10.0303420245253,450.13616222995,2
2025-09-02 11:43:00,0.146585970426367,8.41860977793426,9.79574400088943,20.3668233334011,10.1133940302204,450.60225107092,2
2025-09-02 11:58:00,0.145207259321,7.52040133347893,9.70099555643926,21.659375110992,9.56115279199084,447.441385219343,2
2025-09-02 12:13:00,0.1497271407737,8.57755844458603,10.1140133344162,19.9482826665913,9.18690440235105,444.643134585436,2
2025-09-02 12:28:00,0.1498272074441,8.32156644457479,9.01530355651783,21.6948344444766,9.73502852371523,445.65004835079,2
2025-09-02 12:43:00,0.151995748173267,7.17423866668402,4.1554362221263,23.9004297777466,10.348307694502,443.909657852147,2
2025-09-02 12:58:00,0.1567414074007,7.87568822224266,4.2667819998872,23.2910960001234,10.3414486944187,443.992311336303,2
2025-09-02 13:13:00,0.161853688905433,7.6748964444153,4.46683977764831,24.7594628889924,10.5913821815834,443.751070794003,2
2025-09-02 13:28:00,0.178100125915733,9.87273933331033,5.01891244431247,21.752328000447,10.4388499950353,447.68321637038,2
2025-09-02 13:43:00,0.1687193778007,8.51802755551739,4.41163222213564,23.1954924449,9.71575836224518,447.103097680023,2
2025-09-02 13:58:00,0.170059429638533,9.32922422220873,4.7092491110213,22.8346868892589,10.7039938806428,447.499131490326,2
2025-09-02 14:13:00,0.158942266708233,7.2424015555827,3.8702457777343,26.8580522225461,12.032204840557,443.083520998144,2
2025-09-02 14:28:00,0.195129133355466,7.11729088881323,4.46527888879507,28.0309591111897,14.9888571863523,438.573621553363,2
2025-09-02 14:43:00,0.194362155573033,6.23847088882293,6.31627555544787,32.1775282220286,18.7591309461221,435.480529412023,2
2025-09-02 14:58:00,0.1954393703943,7.4591679998833,5.64653288877303,28.9867093334853,18.0367842623625,435.506583491766,3
2025-09-02 15:13:00,0.1922277777806,6.50757111111297,6.52469355545227,33.8418037775353,19.9280200113007,434.81228368812,3
2025-09-02 15:28:00,0.190914614855833,7.2469635555165,6.34103333327267,30.2994684450823,17.9346525409209,435.977286627563,3
2025-09-02 15:43:00,0.189910970415533,7.30707044438194,5.34352088873947,28.7001071110347,16.2650576986134,436.23171706769,3
2025-09-02 15:58:00,0.190142229664667,6.44456933331377,6.07557333323853,32.3287588887373,16.9847033735003,434.85434603373,3
2025-09-02 16:13:00,0.191720133374533,6.15532177776493,5.31986666657207,34.2111162220381,16.3130609158658,434.84049537261,3
2025-09-02 16:28:00,0.190293125976233,5.89561888886557,3.30509733322097,32.0155962219793,13.5945122689093,434.64597404359,3
2025-09-02 16:43:00,0.193094570429633,7.75318377749111,2.48712111102614,25.565129555157,11.8589648111543,441.037939535147,3
2025-09-02 16:58:00,0.1830296222656,5.2406371110694,3.01717533325277,35.0742537774793,11.5604508677238,436.05786101096,3
2025-09-02 17:13:00,0.181046481557733,6.13653511113046,3.60795422213694,29.7005905130506,10.6898534494238,437.200856336421,3
2025-09-02 17:28:00,0.181351637088133,5.60394733332767,3.72972422212267,31.86466639253,10.7388134270397,436.178355365634,3
2025-09-02 17:43:00,0.1763317185529,5.74555044446567,4.33863288883843,33.0028058115117,11.1507084388995,434.60647033834,3
2025-09-02 17:58:00,0.179586651922933,6.2802311111064,3.00078977770734,29.3594102224663,10.9214880574756,436.220170157327,3
2025-09-02 18:13:00,0.185471333373967,5.6714640000326,2.98891244436114,31.98972777758,11.8944701817382,435.835991613024,3
2025-09-02 18:28:00,0.1814922074599,5.47531288890283,2.90998577769757,33.572085555337,11.9078070639186,435.52280344394,3
2025-09-02 18:43:00,0.179223437097567,5.4703682222572,3.23952422214557,36.0033457774317,11.8926366420464,434.749110195803,3
2025-09-02 18:58:00,0.2595670296353,6.9289594444634,2.1600982221559,32.8566688886294,11.5063796055233,437.200002789964,3
2025-09-02 19:13:00,0.290008614880667,11.5804359995774,2.07216355551147,27.1591626658907,11.8959692100521,441.61089454139,3
2025-09-02 19:28:00,0.271789985216467,12.199917333228,2.0890375554999,24.2618077772653,11.8849053940115,441.510087936323,3
2025-09-02 19:43:00,0.280906792632567,14.8555375558112,2.13782155549863,21.3206717781475,11.5575519023636,442.004573331693,3
2025-09-02 19:58:00,0.2491229037337,13.8187120003686,2.1266542221711,22.151783555249,11.6024507528337,439.958246091577,3
2025-09-02 20:13:00,0.2920688518866,17.3141064449072,2.1610886666136,19.8989195562603,12.094066374128,444.773347280603,3
2025-09-02 20:28:00,0.2788920518799,19.2394928892705,3.8595835555362,16.2552537777376,11.6739669293364,442.163970814057,3
2025-09-02 20:43:00,0.230576214869767,17.8044022227959,3.14345888887407,17.0493077777936,12.0986092554417,441.908994924044,3
2025-09-02 20:58:00,0.2195231333839,16.455828889479,3.1373784444235,17.0278393333381,11.7045986397429,441.25934932549,3
2025-09-02 21:13:00,0.220169666710433,16.2113984450356,3.90334844446244,16.5331695556305,11.8280985527288,441.983763034034,3
2025-09-02 21:28:00,0.2124227630174,14.9346446676565,4.09663866677424,16.635212222542,11.8134476624607,442.465514243504,3
2025-09-02 21:43:00,0.213890970434233,15.7205660003177,4.7889868889936,14.6734231111035,11.6800474452968,441.811022698097,3
2025-09-02 21:58:00,0.209594733397,16.0793366669253,5.37278711118933,13.64915044424,11.5899063046922,441.453576840034,3
2025-09-02 22:13:00,0.2043125037414,16.585602444734,6.72958777788453,12.5877282222694,11.4223976101336,443.10891027905,3
2025-09-02 22:28:00,0.198061481514167,16.6641997781985,7.9169140000288,12.5909582222941,11.7477021643918,442.824867409323,3
2025-09-02 22:43:00,0.2010678370462,16.1117764448677,8.35918533318207,12.2958404444467,11.5580551402264,439.972107488133,3
2025-09-02 22:58:00,0.202426370411833,16.7989673336472,9.13609288884114,9.26971511105067,11.5011565104749,447.668916249304,3
2025-09-02 23:13:00,0.193866214862233,17.4225000000708,9.74166555560163,8.13620977762301,11.6425949484895,447.321977750884,3
2025-09-02 23:28:00,0.2139332667285,15.6804457776658,9.97688288885003,5.61554422218723,11.5324450763579,451.949093093894,3
2025-09-02 23:43:00,0.2133400407993,16.398841111458,9.53149733335133,7.58879266654614,11.4342480024544,452.65497521187,3
2025-09-03 00:12:00,0.227623777834367,12.8471962222884,10.9238646667787,5.66375755553156,13.4107320045899,457.24806049077,2
2025-09-03 00:27:00,0.2290611778334,11.621082000039,10.9456335556586,5.80213688884456,13.4524106971393,458.546978487257,2
2025-09-03 00:42:00,0.226776096350233,12.0038695557259,11.3993513343721,5.09428311107053,13.4919615350379,459.074236118317,2
2025-09-03 00:57:00,0.222376188938234,11.3023415555787,10.7037591117753,5.35634311105717,13.5069651210148,470.10596545859,2
2025-09-03 01:12:00,0.223155188936667,11.4080764443415,10.7083313340133,5.37372733326729,14.337405061069,468.205053301073,2
2025-09-03 01:27:00,0.221556233391167,11.4948284444853,10.6618562231561,5.83566511106706,14.5122980039581,465.842337139997,2
2025-09-03 01:42:00,0.219439107463333,11.8440073334507,10.6782260009629,6.72696244440243,14.478742109163,469.058128088443,2
2025-09-03 01:57:00,0.221925070429134,11.7039937779493,10.5912086675142,6.07579888884773,14.3560060099528,472.999872140773,2
2025-09-03 02:12:00,0.2194904556138,11.7099006668179,10.6731646676325,6.3459588888442,14.7791650224888,475.591365094543,2
2025-09-03 02:27:00,0.2203484333874,12.013355777837,10.6760555565302,6.37569933323016,14.8964360503531,465.988632760043,2
2025-09-03 02:42:00,0.226233992642833,11.9190875557309,10.6505648895321,6.14777999993764,15.0721987505774,482.833719882163,2
2025-09-03 02:57:00,0.2278947259776,11.9059002224042,11.2971162232583,6.11316422218127,15.4118420733871,481.680014850933,2
2025-09-03 03:12:00,0.225691429676967,11.7306166667518,11.1366893344417,6.05027422220117,15.6019443259018,492.58506249858,2
2025-09-03 03:27:00,0.222409944494667,12.0507888889548,10.6002973343086,6.75829555551283,16.8157303224244,479.411034693157,2
2025-09-03 03:42:00,0.2427866592741,11.8843591111467,12.0270555570827,10.444608000064,20.7631784435295,467.838230202777,2
2025-09-03 03:57:00,0.290279548125767,12.5859126666222,12.5257720015259,6.0517151110463,23.2293556909966,480.505948889043,2
2025-09-03 04:12:00,0.244309451873167,12.1368682224782,12.5790460012387,6.19065888884183,19.0437685321935,522.367768414307,2
2025-09-03 04:27:00,0.2448233111365,12.1229468890519,12.2998851122638,6.12381799993857,17.443037264637,526.152860561144,3
2025-09-03 04:42:00,0.2486482592726,12.3835873333385,14.5933357767243,6.20100111106783,17.8360067142515,498.83447083615,2
2025-09-03 04:57:00,0.244695948164,12.0425140002097,12.5917346680423,6.2117064443958,17.9271220642778,522.053500073324,2
2025-09-03 05:12:00,0.2447410222397,12.0096300000657,12.5638677791411,6.04593044440744,18.6550519682518,525.46768228617,2
2025-09-03 05:27:00,0.2445697926197,11.9615055556396,12.2712091123604,6.17936844441517,18.8872943049065,492.81523829688,2
2025-09-03 05:42:00,0.354493948154833,12.6063642222842,12.4310884461195,7.32306133318567,24.9847703665296,480.14820601676,3
2025-09-03 05:57:00,0.349460570376567,12.6249055555254,12.3060593346391,5.88932911103193,25.6182345093246,487.90489878737,3
2025-09-03 06:12:00,0.3525399926022,12.9761211110234,13.095089999979,5.95967444435933,25.0178717952103,504.875666072227,3
2025-09-03 06:27:00,0.3442984592673,12.5656393333424,12.271607556849,5.8919077776984,22.7871373553947,541.388096204946,3
2025-09-03 06:42:00,0.364596062987467,12.9583868889536,12.3747446682196,6.79192688880006,27.9797664586087,488.94454344211,3
2025-09-03 06:57:00,0.347838837028233,12.7407315555864,17.9880482208854,6.1691717777215,22.1308827576825,531.166526920213,3
2025-09-03 07:12:00,0.340243525927833,12.7543464444504,17.8606348874652,6.1284464443843,22.9962016322323,530.945634853653,3
2025-09-03 07:27:00,0.3758979277787,13.0102259998974,16.9340739986686,6.1078277777194,29.9219458581254,539.894061354773,3
2025-09-03 07:42:00,0.565532348881438,13.3985282221324,14.7821148879396,6.11038866659587,47.8306882211837,495.50978088651,4
2025-09-03 07:57:00,0.663608893717823,13.274074222169,17.1202482209766,6.1394142221733,55.2449304441498,490.686041633303,4
2025-09-03 08:12:00,0.561830242474342,13.358270222333,18.5579555542138,6.23051511106493,46.5398071513115,501.739451804203,5
2025-09-03 08:27:00,0.556848503761938,13.3618613334417,18.5407953320005,6.22314888884726,47.0677166931834,489.241806408047,5
2025-09-03 08:42:00,0.597500582985662,13.7581873333382,18.3607886656657,6.15429933327943,49.241151738184,502.38784685281,5
2025-09-03 08:57:00,0.807905945827669,16.4705073332023,20.1772635558433,5.65322488881866,69.6300464777443,512.8588752429,6
2025-09-03 09:12:00,0.963875776559621,16.223495999636,16.3775220002857,6.2833668888801,78.5192783218925,527.92202604439,7
2025-09-03 09:27:00,1.07159700174421,14.4335062222876,14.5510784440984,6.87811977783173,87.0920697246967,517.377077891167,8
2025-09-03 09:42:00,1.0445120898971,14.8495446664748,14.718340222139,6.67979777778207,85.4588086074707,524.47625884204,9
2025-09-03 09:57:00,1.12861252284375,14.5546435557265,14.306813110757,7.92066733344384,88.4364658206896,521.91714408218,9
2025-09-03 10:12:00,1.11702728260238,14.6991906670655,14.0518344440933,8.91088711130171,88.6095382897432,525.730230394157,9
2025-09-03 10:27:00,1.06501332262488,14.6256848896807,14.0487859996164,11.1159448892894,83.4199460570189,520.52225464121,9
2025-09-03 10:42:00,1.23450526414294,14.270781556153,13.9079531107478,16.0958222224457,91.7145937894987,517.395559861314,9
2025-09-03 10:57:00,1.25745019708893,15.3279291111727,14.2161997778915,15.8343022223746,94.9840053706208,519.072453706207,9
2025-09-03 11:12:00,1.23847529260998,15.4278588888968,14.2561324446111,17.1988733336177,96.9165853334733,514.846628514784,10
2025-09-03 11:27:00,1.6148431395522,10.1971146670072,13.8263671107377,19.9970724448242,122.635147253343,514.199394793873,11
2025-09-03 11:42:00,1.59403884686567,10.003220222567,13.9538551109176,26.1040939996621,121.557197854108,502.050538658143,11
2025-09-03 11:57:00,1.57514501847081,8.77163777796664,13.8216286663046,28.5453724445813,119.13522975832,508.58397592648,12
2025-09-03 12:12:00,1.55184122347621,8.249036752307,13.9910313331627,29.9168766153336,117.853886785413,495.593622393253,13
2025-09-03 12:27:00,1.37972300478596,8.34287977793013,13.6931468885497,30.3022576666289,106.089058528461,483.9543401908,12
2025-09-03 12:42:00,1.25848461202237,8.3891860001676,11.4955597789532,30.4728504444053,97.7852061473157,481.462973944327,12
2025-09-03 12:57:00,1.48201586797382,8.00530311135624,13.9406902219704,31.5006648890926,115.228723482545,487.226715369717,11
2025-09-03 13:12:00,1.52081284972302,7.74543155580304,13.9205617774181,35.7547573339959,117.695339222049,483.177996553897,11
2025-09-03 13:27:00,1.31654802180629,7.707100666814,11.6610846682939,36.3882088892756,102.077298494284,478.816014217647,11
2025-09-03 13:42:00,1.16050211120739,6.82747111117944,7.87397466705834,37.4040535558836,89.1182314229472,463.781833772973,11
2025-09-03 13:57:00,0.984574148186997,6.76680888894744,7.9719751114737,37.5674513336634,72.9953217048801,443.518446913983,10
2025-09-03 14:12:00,0.961418343835581,6.66461266673214,7.8143404447995,37.4362824447457,71.2487944221558,442.843359372723,9
2025-09-03 14:27:00,0.431135170390433,6.75195444455631,8.14562400037159,38.0555558122266,53.4419598848286,438.87770460159,8
2025-09-03 14:42:00,0.430926437052466,6.46299555563104,8.13212200036436,38.5592224790379,56.7964056804027,437.154417176497,7
2025-09-03 14:57:00,0.430780259278233,6.76808377789107,8.15227844482599,38.2514807011746,63.6002528635011,437.640018648233,7
2025-09-03 15:12:00,0.430260674094633,6.81318022232907,8.12067955594302,38.2172293677599,59.5895210805595,437.755007580873,6
2025-09-03 15:27:00,0.426405325946599,6.49474200009424,8.07845177814702,38.4722451456639,55.0986776260901,437.88618145127,6
2025-09-03 15:42:00,0.425478029645366,6.51716644455781,7.87011377810073,39.0090340344999,41.0082564447825,436.930496850036,6
2025-09-03 15:57:00,0.428599792604333,6.3619137778706,8.10726911150312,39.1595967012419,62.8588603861071,437.150894699847,6
2025-09-03 16:12:00,0.426567385203833,6.48145555564897,8.06083911148052,38.8316667012299,66.1993418530269,437.2668333576,6
2025-09-03 16:27:00,0.425950429647399,6.57687377791327,8.12862177816836,38.894833812232,61.7825689401995,436.82810991051,6
2025-09-03 16:42:00,0.383956351907633,6.521112222357,5.2358362222439,39.2666624788467,35.2096988484489,435.182324054296,6
2025-09-03 16:57:00,0.386509063028033,11.316082475806,1.87788155548987,33.657206888443,22.0971127408934,435.860042717023,5
2025-09-03 17:12:00,0.420475222242433,7.42920690480576,2.0396275554886,35.2334091108364,19.4179523557933,435.987028428684,5
2025-09-03 17:27:00,0.422540762984133,6.6815948889306,2.35215266660057,35.1768342221623,18.0763561669728,435.22797332889,5
2025-09-03 17:42:00,0.421084614835133,6.42721199997273,2.31654999994087,32.8926413329497,17.8592109742218,435.036487609806,5
2025-09-03 17:57:00,0.420236718543499,7.1154691109424,2.33506844438437,27.8489491100496,18.0778171081474,439.833125604664,4
2025-09-03 18:12:00,0.524002114403403,10.6152471110451,2.22355977772244,20.3744686673312,16.1631491710315,440.063283105896,4
2025-09-03 18:27:00,0.459433278707369,11.0403215554977,2.1202077777382,20.4681388894157,14.8804074143675,442.060096279153,4
2025-09-03 18:42:00,0.47880320919887,12.4709042224464,2.2109462221822,21.4734000007929,14.2384750352999,444.310817108684,4
2025-09-03 18:57:00,0.520068038618314,19.2462351110198,3.26593777775987,19.0414104448735,16.3578699500817,446.29273639435,4
2025-09-03 19:12:00,0.575824646159743,21.6706073333993,6.3769602224456,13.4060888888906,17.5654344441238,454.545488285637,3
2025-09-03 19:27:00,0.459741634962126,18.624280889169,4.83319644452183,11.9505948889822,15.917444486406,445.491769282097,3
2025-09-03 19:42:00,0.478701014274763,19.028128222629,5.27353733357993,12.1191420001597,18.6737604998959,453.936800735971,3
2025-09-03 19:57:00,0.550181116787331,18.02852622245,4.9264864446607,14.2506208892196,24.2361014887411,456.412707372021,3
2025-09-03 20:12:00,0.531168481896045,18.0016288891023,4.90814555578697,13.6785684447317,24.2216419506944,461.4555013698,3
2025-09-03 20:27:00,0.542527279583455,20.4914335558083,6.00858444473513,8.64730300014617,24.4678464607608,460.966682062634,3
2025-09-03 20:42:00,0.50027056050855,17.2873411117223,5.19824844469206,11.4707223334604,25.7923559553974,462.911021841923,3
2025-09-03 20:57:00,0.46839171831668,16.022376000719,5.21240088913163,12.7031741111351,25.9801924296617,463.688994514707,3
2025-09-03 21:12:00,0.459158988197984,16.059442222933,5.21192755579763,12.7574945555776,25.7706673205046,463.83210327499,3
2025-09-03 21:27:00,0.453519130707436,15.9539413336716,5.36577200024246,12.5641930002284,25.4742504444148,462.739618405433,3
2025-09-03 21:42:00,0.452391847118529,16.6137033339835,5.44879888912806,11.4605394447249,25.9385592122064,464.01541986102,3
2025-09-03 21:57:00,0.441892491366506,15.9154544446916,5.50874000023826,11.6303543336156,25.7321590488114,463.61289557747,3
2025-09-03 22:12:00,0.428085938503085,13.6677742222896,6.5223777779904,10.1350420001132,26.4433058839561,464.502277002336,3
2025-09-03 22:27:00,0.425846469900862,13.2261653333852,6.4789477780126,11.9071757781139,26.8288211640406,464.829859030403,3
2025-09-03 22:42:00,0.445756125577862,12.7935375560022,6.67712377801463,12.2897878890635,29.9730494861845,472.08228540903,3
2025-09-03 22:57:00,0.430227408566345,12.6948548892899,6.94487688911736,11.2419564445415,29.1913076408078,473.557464833157,3
2025-09-03 23:12:00,0.415095475695658,12.6571031115261,8.58007133373766,8.66578377752373,29.1248477709589,478.92347822677,3
2025-09-03 23:27:00,0.404325021658594,12.7200202225984,8.1561513336923,9.89518133332622,29.3579526887778,473.473815562667,3
2025-09-03 23:42:00,0.391943821041672,13.6908182221975,8.66427600040336,8.699096666606,27.721026138472,463.76395155463,3
2025-09-04 00:13:00,0.374693710174936,15.3617048890622,13.1853293350824,5.46828177775443,25.9975018675966,466.75726704573,3
2025-09-04 00:28:00,0.397146687047533,15.338037999931,13.554965557395,3.97878711109227,24.706443674545,473.328534145253,3
2025-09-04 00:43:00,0.374094956205346,14.1569902222964,13.1329762239452,7.1850511109328,26.4621126352567,474.527841108647,3
2025-09-04 00:58:00,0.37774521353568,12.9414182224396,9.57838511170489,8.58963688866594,27.0963859699922,476.261123862623,3
2025-09-04 01:13:00,0.373089203136001,13.5681582223874,13.5220280017695,6.28085177768456,27.5469202626739,487.2230655752,3
2025-09-04 01:28:00,0.392254562024516,12.7798922225175,8.89495644485259,9.36810355547387,28.1682210819302,480.20623615575,3
2025-09-04 01:43:00,0.374829950602618,14.5714475556954,13.5194391129813,11.5917495556702,26.7966924258807,465.00917923895,3
2025-09-04 01:58:00,0.3745260703958,13.9841897778119,13.6428053351759,4.59858866661253,25.8575348783403,473.914082123567,3
2025-09-04 02:13:00,0.374191794461833,13.2323428890041,13.4129311126935,4.77617822213693,26.7460494170632,498.58059481019,3
2025-09-04 02:28:00,0.371415700021533,13.1841448888711,12.7257362234968,4.61970133323573,26.2771648364845,488.550559600757,3
2025-09-04 02:43:00,0.370335051871,14.4263731109293,12.9278591124344,4.17672799993864,24.4118018807074,486.862105975184,3
2025-09-04 02:58:00,0.365325925953466,12.8479815554407,12.9949273347118,4.55039444436306,24.4879485587141,479.509742406477,3
2025-09-04 03:13:00,0.361176325956133,15.1146933330255,12.5779553345613,3.91298644440464,22.2787003170562,474.161997120944,3
2025-09-04 03:28:00,0.366751592608834,18.1937831111704,12.549543112479,3.7862615555262,20.818896798962,466.259862047953,3
2025-09-04 03:43:00,0.361962940753467,18.986513111217,12.5155775567473,3.6408753332876,20.2914231824528,465.57534535262,3
2025-09-04 03:58:00,0.362020414826733,15.4223726667301,12.8623300013189,3.89367222218244,20.8507927179622,471.633293027787,3
2025-09-04 04:13:00,0.365106488918733,16.889572000195,12.820781112436,3.60275066662734,20.8859618697159,470.92144978727,3
2025-09-04 04:28:00,0.370301807406566,12.9746542222598,13.6145320014574,4.52491666658733,24.1745267640071,529.010846339693,3
2025-09-04 04:43:00,0.3969883870476,12.9382562221969,12.729963779065,4.80246644436023,26.9002014965679,537.060479942847,3
2025-09-04 04:58:00,0.468115218045608,12.9822642221672,12.6507540012182,4.73696622213963,28.3108974271852,537.70348802775,3
2025-09-04 05:13:00,0.450073456646246,13.1808611110506,12.1041255567114,4.8566199999078,28.4108859013736,541.55770027856,3
2025-09-04 05:28:00,0.460528120413018,12.9604248888412,12.5397348901544,4.86003266658436,28.3972312594314,538.330241703603,3
2025-09-04 05:43:00,0.517357836208598,12.9947664444266,13.301167112609,5.8495891110475,29.409712572963,535.47676259201,3
2025-09-04 05:58:00,0.391013113651714,12.9505542221222,12.5896433345524,4.94658311102433,28.204653994294,536.11307268028,3
2025-09-04 06:13:00,0.422993781491767,14.3850782219171,16.409301998651,4.25963533327994,26.1018482248859,521.156064556367,3
2025-09-04 06:28:00,0.384882771313832,13.3197839998873,17.6496855540889,4.5748413332329,26.0781098385644,528.769422744724,3
2025-09-04 06:43:00,0.400603314822033,13.1060206664802,16.6599968875258,4.8493117776914,27.3853791558332,534.292637246427,3
2025-09-04 06:58:00,0.388634699606489,13.0620435553454,18.133172665278,6.12569622216753,31.2421264660243,534.473404103807,3
2025-09-04 07:13:00,0.391689874318413,13.0996935554892,12.2225697789801,4.97140955545296,30.2476191553601,539.86308944902,3
2025-09-04 07:28:00,0.41330992424144,13.2268279998499,15.0862873321683,5.83768644438797,30.8588305427963,538.87040722537,3
2025-09-04 07:43:00,0.419461580371682,13.0465948888887,17.9715148874357,6.1529659999323,31.5004139834011,538.943556288833,4
2025-09-04 07:58:00,0.408159326072439,13.113953333358,18.3316657763526,6.1456333332729,31.7618284792637,544.451079356587,4
2025-09-04 08:13:00,0.400498343854483,13.754601111153,17.2304833328055,5.99089066659187,28.0922498984204,467.08867132554,4
2025-09-04 08:28:00,0.375752236770974,13.0761606666971,18.7071175542096,6.16853666662023,27.6621364236942,500.708696958357,3
2025-09-04 08:43:00,0.426045055566367,13.2513293334704,18.7095113321082,6.16263955550887,24.5303844860012,499.04821627693,3
2025-09-04 08:58:00,0.4240827407612,13.1489831111389,18.3519673319459,4.93211177769866,18.4785338836546,471.47714959344,3
2025-09-04 09:13:00,0.317217577759767,12.9891928888959,14.9113419992919,5.3489093332358,15.4036723861695,465.502882282267,3
2025-09-04 09:28:00,0.338063762989266,12.9769517777768,15.4851775545079,5.205282888824,15.6554045013555,465.45328181322,3
2025-09-04 09:43:00,0.3298461889145,14.2642468887559,17.4756593325079,6.30998777780187,17.126971322723,490.631496182436,3
2025-09-04 09:58:00,0.294776681438034,15.9522951107663,16.8671297778434,6.67044644447377,14.5555730503548,489.029508755469,3
2025-09-04 10:13:00,0.2922650592129,16.5838251108857,16.9379900003583,6.76756288893047,16.2835847589563,504.036386169939,3
2025-09-04 10:28:00,0.298351422193867,17.1515775554343,19.719773111577,6.50373800001794,18.4893041764734,503.434303123953,3
2025-09-04 10:43:00,0.3215468148108,17.1619286663793,16.0885671119027,6.759234444437,17.5323439294182,521.45305623236,2
2025-09-04 10:58:00,0.307634792558934,14.3808539999706,14.9288759996427,7.00589533332804,13.7468970977684,503.900701864973,2
2025-09-04 11:13:00,0.297415725904033,16.5476364441213,16.3429848896674,6.75892599998773,13.035944911431,501.337323263909,2
2025-09-04 11:28:00,0.296292459251867,17.3630551108647,16.0831982231477,7.21636977767717,11.8728591506294,498.95597279367,2
2025-09-04 11:43:00,0.285313429617,14.2983891113522,15.3828193324394,11.7169700002206,9.56651245321138,469.613062657039,2
2025-09-04 11:58:00,0.228977237028466,14.0945102227447,15.0720326662458,12.6834284447179,9.62782104333838,450.897747342623,2
2025-09-04 12:13:00,0.227190837027633,13.8086453338577,13.132001556997,10.961698000185,9.58929652397476,449.912270930269,2
2025-09-04 12:28:00,0.287683933315934,14.3652117781551,15.6557124437009,8.58962133325607,10.9457021117258,452.136097520943,2
2025-09-04 12:43:00,0.2601460740627,14.3632917782315,15.3709768881402,9.71010355543781,10.3494334787565,449.826544215329,2
2025-09-04 12:58:00,0.2421050814709,14.3435735560351,14.9813113323352,9.4971344442158,11.0668761372858,446.455817564746,2
2025-09-04 13:13:00,0.224470370388233,13.8018631116972,12.6215400014502,13.4554653333564,11.4799897750126,446.92473716108,2
2025-09-04 13:28:00,0.2671337925759,14.3000217781606,12.4722053345301,12.5556760001347,11.9404076141572,446.460899554523,2
2025-09-04 13:43:00,0.292147570351834,14.1541762224376,12.3041186678623,11.9641651113002,12.4584368461792,446.294157522437,2
2025-09-04 13:58:00,0.289492155537134,13.5720311113396,12.7023782238527,13.4214944445116,12.6197809305499,446.15088459461,2
2025-09-04 14:13:00,0.284859185174034,14.4011793333949,12.4054633347031,12.650150444461,12.1981127026744,446.047510991033,2
2025-09-04 14:28:00,0.300828637020534,12.1501626670223,6.6360768889678,13.3176871113535,12.6299745182123,441.685896891234,2
2025-09-04 14:43:00,0.293198881461067,11.7894957781335,7.88411777801993,15.4043180000063,13.5123973208532,445.482405587047,2
2025-09-04 14:58:00,0.304227785178101,12.0981377781148,7.05523044461813,14.1899660002271,13.9433783633369,446.478648219953,2
2025-09-04 15:13:00,0.300717659254067,13.1724713333924,7.8732953336539,14.6780566666358,15.3041623073188,452.873993169717,2
2025-09-04 15:28:00,0.2975895481476,12.418543778415,4.68485577781803,18.6749795560966,15.9664489074058,452.187971644233,2
2025-09-04 15:43:00,0.292090711105634,10.8867377783028,6.4207662224357,20.2849153340078,15.7940908785359,450.814058133783,2
2025-09-04 15:58:00,0.284111955569433,9.35695400029937,6.45509688908593,23.9618491113021,15.9785189170007,443.382158193686,3
2025-09-04 16:13:00,0.285431607418934,9.52049777806236,6.53189800022566,22.5812911113937,15.7844461136412,443.17420282401,3
2025-09-04 16:28:00,0.3010833037086,12.2852897777985,5.39772622240953,17.9708284446882,15.4782452096485,447.15899252633,3
2025-09-04 16:43:00,0.309676822238467,12.9322708890319,5.7686202224275,17.0166204445718,16.3275656881889,448.425322714043,3
2025-09-04 16:58:00,0.290063533355667,9.6182146669205,3.29652266670717,22.0277195561897,15.7007741326921,446.032384234204,3
2025-09-04 17:13:00,0.299137962972267,11.4382817784233,3.4220168889142,20.7182135561987,14.322200191817,443.486712861517,3
2025-09-04 17:28:00,0.2984092148294,11.8992431111603,3.51838666664933,20.5596604450827,14.0669545650407,444.00705640474,3
2025-09-04 17:43:00,0.295701533361834,12.1519026666631,2.76628933333277,20.2781973339614,14.8860547364947,449.468501190044,3
2025-09-04 17:58:00,0.3048389703772,17.5099833334662,6.00989488899626,13.2838971111027,14.7498496517088,454.631772886563,3
2025-09-04 18:13:00,0.304278496311667,16.1099808892185,5.45214644452887,16.1679488892053,14.8597080832963,453.201352444147,3
2025-09-04 18:28:00,0.307483800013733,14.5748508891502,4.49608711126053,16.7715306668912,14.2399719717336,448.053392463517,3
2025-09-04 18:43:00,0.3228463333418,14.8980006669196,5.1375464447003,15.0867237780655,14.1519821607964,451.811172077347,3
2025-09-04 18:58:00,0.320710888899867,13.528477777934,5.86856177798876,14.5215862223242,13.6824538287265,449.65473335966,3
2025-09-04 19:13:00,0.319532533324434,17.2163213336658,6.71679577795253,9.03865688904251,13.6565184698657,452.635799960783,3
2025-09-04 19:28:00,0.3027323629472,19.3188071117937,7.25424888915389,7.48889444430331,13.4371805391341,453.58473486847,3
2025-09-04 19:43:00,0.296533362949067,19.741144223205,7.81954600026873,6.22829088879347,13.2745181544605,452.894631738534,3
2025-09-04 19:58:00,0.2270074481617,17.0945106669703,7.30104688913593,7.48282933320947,12.7407529778527,450.005934008703,3
2025-09-04 20:13:00,0.2331127963031,17.0791846671573,7.22648488919493,7.54013688875454,12.6780017444929,450.881957556397,3
2025-09-04 20:28:00,0.2668068666374,17.086846889509,8.01805444473326,6.44437977775181,12.852527238023,453.871716025903,3
2025-09-04 20:43:00,0.241476859256933,14.196442889171,7.3175762224601,7.34795999986321,12.3349784731413,453.760789643547,3
2025-09-04 20:58:00,0.2427984666664,16.2139362228723,7.9855068891135,5.0846377777979,12.5174549118479,454.4468363321,3
2025-09-04 21:13:00,0.2935794370089,16.7234115558995,9.39218755594473,4.48265911113593,12.2697314120785,458.732153571393,2
2025-09-04 21:28:00,0.250446614843,17.5312760002047,9.91657177819675,3.66239511108657,12.3467741465823,457.58323153147,2
2025-09-04 21:43:00,0.247154703709467,19.4588366664887,13.4681951126851,3.5976697777282,12.6675808686982,453.045029635507,2
2025-09-04 21:58:00,0.244106229670267,15.7997257779534,13.4579895572682,3.79790555551204,12.7619205703995,456.547173104894,2
2025-09-04 22:13:00,0.2436107111458,16.0717793334154,13.0597797792481,3.658340222192,13.194778616903,456.48383184175,2
2025-09-04 22:28:00,0.243831888906733,14.546068666576,13.4546184461835,3.75319399996553,13.5832961849714,457.827258700444,2
2025-09-04 22:43:00,0.2434619555968,14.9833335558038,12.2253393347199,3.73900755551677,13.5154849060794,457.752703673277,2
2025-09-04 22:58:00,0.245076340765333,13.037912889022,13.5601937795312,4.22345177771813,13.9210714076079,462.282203801024,2
2025-09-04 23:13:00,0.2431900667013,13.4095193333345,12.7657962236693,4.12934399997327,14.1491066142067,461.173099278744,2
2025-09-04 23:28:00,0.241793185219466,14.0658446666397,12.3022975568151,3.7999691110888,13.8948274529226,459.71644411881,2
2025-09-04 23:43:00,0.242578096325033,14.1402488890286,10.1143795557034,3.69658799996974,14.5513123789721,457.25370253104,2
2025-09-05 00:14:00,0.247169674100267,11.9533113334669,12.9962100014796,4.58681955548073,15.2355463300402,465.19007499625,2
2025-09-05 00:29:00,0.2453456074332,11.907962889022,12.7046955571081,4.4520819999474,16.2563923252398,466.62437598668,2
2025-09-05 00:44:00,0.243240681504467,14.3357717776921,13.0054708905877,3.8184346666382,16.4147478402759,457.226175693154,2
2025-09-05 00:59:00,0.243833066697067,13.3121888889307,12.5188404456849,4.30305333327357,15.9636702223937,459.544872509,2
2025-09-05 01:14:00,0.2278845592971,14.4764111109681,11.8727531118897,4.11016555550924,15.2939814096986,458.804587654527,2
2025-09-05 01:29:00,0.243578103738167,12.5553951113894,12.3928524454504,4.43005533323733,15.5973848548575,463.13003285664,2
2025-09-05 01:44:00,0.246883162988133,12.0815546667862,12.946184000827,5.08065044436786,16.0001693501861,486.559501571947,2
2025-09-05 01:59:00,0.246570422238533,12.030890444504,12.6828195568542,4.7883571110329,16.0441663834964,474.21832917517,2
2025-09-05 02:14:00,0.243944192621967,12.1044864445351,12.5449962232972,5.90559533329679,15.6274665650399,525.196968374904,2
2025-09-05 02:29:00,0.245345096328234,11.967546666729,12.4093186677366,4.90803444437603,15.6638131338225,486.732026257904,2
2025-09-05 02:44:00,0.2358852222591,11.9991808889049,12.0692142231475,4.65312733325513,15.8791576644682,474.688972596924,2
2025-09-05 02:59:00,0.243295777809267,12.2470282224451,12.4487017791352,4.35121311100956,16.8974464638009,463.180697022444,2
2025-09-05 03:14:00,0.245531533362567,11.8671437778291,12.5554617791482,4.52353111103476,16.6740207152228,465.965153884104,2
2025-09-05 03:29:00,0.244953822247933,12.30453977788,17.4523468874551,6.02575511108373,15.9280638564828,518.83675366526,2
2025-09-05 03:44:00,0.2471411852142,11.9069671111424,12.2553748900895,4.93249333326046,16.7232672721028,474.594670869797,2
2025-09-05 03:59:00,0.246198125950533,11.9055002222851,12.6129571125197,4.93770555547773,16.6181652366136,476.360274085084,2
2025-09-05 04:14:00,0.249221466678767,12.3551735557181,12.6919386680971,4.42258622213723,18.1538845341716,463.966781984003,2
2025-09-05 04:29:00,0.248536037052367,12.3875277777737,17.7731931096111,5.21014533326176,17.452296086006,522.19993919488,2
2025-09-05 04:44:00,0.253795859274933,12.1743704444346,12.5464646679549,4.9302519999045,17.8515694851056,485.882876936357,2
2025-09-05 04:59:00,0.247213140757433,12.0864317778369,12.5785784457158,6.00656222217613,17.5197729462698,526.717686407537,2
2025-09-05 05:14:00,0.246867318533433,12.0839793334332,12.5640228901689,6.10727644439527,18.3885765033368,522.346387053704,2
2025-09-05 05:29:00,0.252223881504967,12.2828144444375,12.695048001432,5.7077342221677,18.8391252129764,475.806079167653,2
2025-09-05 05:44:00,0.246166474077067,12.2247442224425,17.9586413319686,6.28701755551806,17.4383247613987,518.444821085514,2
2025-09-05 05:59:00,0.251518577796867,12.2724757777417,12.5063928901651,6.03599155550363,17.9752016412706,519.32747318223,2
2025-09-05 06:14:00,0.2596877555701,12.4154677776722,13.3131444458979,6.09505844438277,18.3578893626696,519.617980456644,2
2025-09-05 06:29:00,0.254821600015433,12.463667999798,18.2063499985818,6.20943066660863,18.9864162245445,519.43182722433,2
2025-09-05 06:44:00,0.337397325933867,12.7520608885994,18.4429331097344,6.1287215554991,19.7192554435432,531.622143768526,2
2025-09-05 06:59:00,0.303185414802,12.550141999879,12.6197928902196,5.88572511104573,20.9286805141325,532.60605947195,2
2025-09-05 07:14:00,0.321996103678267,12.730335110901,17.4725766653195,6.12052933327276,21.1018777607948,533.79609274143,3
2025-09-05 07:29:00,0.3187541036809,12.714441555295,18.28161066528,6.19513844438806,20.3728459843392,530.423938395696,3
2025-09-05 07:44:00,0.331616074048367,12.5358619998801,12.5744471123269,6.02520444438913,19.9691482931593,533.590454588477,3
2025-09-05 07:59:00,0.328929385185367,12.6979135554341,18.2139302208068,6.23548999994413,20.3478313322394,532.07838903989,3
2025-09-05 08:14:00,0.3396843259181,12.5251006666701,13.3598662236614,6.05912311104587,20.4156673588109,533.90739338899,3
2025-09-05 08:29:00,0.3289723629792,12.714841111049,18.6065179986429,6.1460988888239,21.0075380721922,507.014725630053,3
2025-09-05 08:44:00,0.353196481503,15.4825757777138,18.1026800000663,6.07909933326857,21.6226096956043,520.98935576909,3
2025-09-05 08:59:00,0.3607915592821,15.3130086666488,16.2464413337747,5.2510066665797,25.8248009546017,496.961147416044,3
2025-09-05 09:14:00,0.3693840000018,13.244878000075,14.7961488879234,6.09755199996273,27.8995133673987,485.59228859241,3
2025-09-05 09:29:00,0.364617914818833,13.6089884446765,14.1366733326156,6.40239377773793,30.5522543922278,489.913079290846,3
2025-09-05 09:44:00,0.3949959037124,13.9498215554804,14.700042221739,6.15843933332344,30.6020403633409,503.944993060639,3
2025-09-05 09:59:00,0.351062899992134,14.0497744445106,18.4808793321176,6.45658977780087,31.1131659525876,508.02013015796,4
2025-09-05 10:14:00,0.3504625499915,14.0918731112292,18.7520091099896,6.5804980000352,31.4557199128401,510.584753943183,4
2025-09-05 10:29:00,0.3417988981491,14.0274811116998,13.1147271124995,6.97913377779427,31.9808564326249,504.723706174247,4
2025-09-05 10:44:00,0.334508370394734,14.374244000556,14.145495332831,8.06595844442687,31.4541697255294,502.004219471346,4
2025-09-05 10:59:00,0.335274570415534,14.6255282224582,14.5539751106178,9.49425644447933,30.51653925055,500.35822927691,4
2025-09-05 11:14:00,0.328249244477133,14.3256560002497,14.9966746658427,7.44391022215906,26.2790336372393,499.939850419763,4
2025-09-05 11:29:00,0.2776640370347,13.8036886671096,13.1996202236925,10.0630724444656,19.2867009526272,483.097332179893,3
2025-09-05 11:44:00,0.2774704962931,13.3613417781811,13.2099608904227,14.202808000072,19.4976271584785,481.516984333739,3
2025-09-05 11:59:00,0.302758770362467,12.8545262226806,13.158783112891,15.0296424445072,20.0564433433549,473.057973718323,3
2025-09-05 12:14:00,0.284973311110767,13.809522000552,13.5748993352153,11.565705555694,18.1741344892504,469.568430139563,3
2025-09-05 12:29:00,0.2665344222242,14.3482068891202,15.2995531103191,9.75156977779787,17.2702019861272,469.025892617633,3
2025-09-05 12:44:00,0.224281111076867,13.3914913341533,13.6102531130056,11.3238451113448,16.183716151193,452.771479625473,3
2025-09-05 12:59:00,0.2168317481377,11.6952833337366,11.409731555957,15.1142413335804,15.5510043237145,452.15482014671,3
2025-09-05 13:14:00,0.212852540714633,11.4555862224633,10.5567886670443,18.135870222507,15.768218665121,450.89800898439,3
2025-09-05 13:29:00,0.252215585149667,13.3506653338433,13.360782223999,14.7860417777938,15.8400427220611,451.512853903406,3
2025-09-05 13:44:00,0.236696985170967,14.7437966671353,14.957455554846,14.2573748885445,16.5379246903463,453.059528275423,3
2025-09-05 13:59:00,0.213409488897533,13.0609920006201,13.3014437795168,17.1005340001733,15.9741303965629,449.111660525089,3
2025-09-05 14:14:00,0.197970488900767,7.46931355556647,8.114626000216,28.7263780001941,15.976080859143,439.46064404644,3
2025-09-05 14:29:00,0.219764777797133,7.4865913334167,8.33502822254909,29.9606506499501,16.0162462834804,438.657675931373,3
2025-09-05 14:44:00,0.229844718568133,8.18807066676811,8.57944622252213,28.0103159998651,16.1584491071657,438.774171359103,3
2025-09-05 14:59:00,0.225755866703133,6.97503977786367,8.33662955595419,31.3901248885693,16.8918576553711,437.736639058187,3
2025-09-05 15:14:00,0.239384118565033,8.6048393332041,3.053397777754,27.7813462220841,17.4073612432286,439.800907660204,3
2025-09-05 15:29:00,0.243281066701033,7.03115711115323,3.7505379999703,31.161305333213,18.0311157740148,437.689374651313,3
2025-09-05 15:44:00,0.243506059288767,6.68399888899767,7.3058920001762,32.789289333316,18.0831402670476,438.540812219574,3
2025-09-05 15:59:00,0.242200570406667,6.65887253979331,6.77180977790374,32.9333924441009,18.0219500838287,437.905469320937,3
2025-09-05 16:14:00,0.240320518566967,6.92351711118496,2.86939333330534,30.1575802219858,16.538779515633,438.625195685807,3
2025-09-05 16:29:00,0.249467881522,8.06613511100095,2.70527155551884,29.064351778129,16.6447929860184,439.994514019073,3
2025-09-05 16:44:00,0.2364202074706,11.1030619998028,2.6144399999611,25.188270666086,16.579107576558,440.900612717847,3
2025-09-05 16:59:00,0.2216078963477,6.96394288897018,6.4851811111079,31.3959391111057,16.6955488664158,435.73501643557,3
2025-09-05 17:14:00,0.222127533393433,6.90351511121844,5.40710733331774,31.6772382221813,16.5173113225498,435.50908591314,3
2025-09-05 17:29:00,0.237280740792533,6.85519422232084,3.74065422217974,30.987961111012,16.1059897644854,436.007043364314,3
2025-09-05 17:44:00,0.296030724139334,7.41159414291143,2.3583166666161,30.7692786663913,15.6564857908199,437.091553330667,3
2025-09-05 17:59:00,0.285849948218067,8.15930763483739,2.20570333330177,33.0187815551853,15.8498967400778,437.229333293653,3
2025-09-05 18:14:00,0.291504496364233,8.60676420628413,2.11914777773324,30.0059397774216,15.8064658145539,439.109511043387,3
2025-09-05 18:29:00,0.3017759852525,12.3839642219572,2.08847288884694,26.3517419991749,15.7904501139829,441.525891575096,3
2025-09-05 18:44:00,0.317292222299667,12.7163286668135,2.14795711107664,23.0755899996366,15.4273327986534,442.299381919133,3
2025-09-05 18:59:00,0.323200496376733,13.3723328890172,2.38534644441764,23.4457197774321,17.09863936737,446.396076742043,3
2025-09-05 19:14:00,0.320811614896433,13.4230253334354,2.40181488887344,23.2608488885678,17.7080046176796,446.407915825427,3
2025-09-05 19:29:00,0.337365157478933,16.7985595555656,2.43851911109884,21.8700595550412,17.6630443108124,446.657124107387,3
2025-09-05 19:44:00,0.401078794512233,15.2982853336004,2.2661866666323,21.5216797774543,17.936189407892,449.354295464477,3
2025-09-05 19:59:00,0.369459129698133,14.3948413339528,2.46305599997664,18.9680077785569,17.8189880156906,456.475830485824,3
2025-09-05 20:14:00,0.3539233926363,14.6932386671952,3.37366800006084,17.2397846672528,17.9439658025936,457.1883223298,3
2025-09-05 20:29:00,0.3559686148584,14.7601664447991,5.090148000238,13.6801451112666,18.1670161886679,456.124495970683,3
2025-09-05 20:44:00,0.351992148180067,14.7381211113471,5.2223402224773,12.989259555743,18.4438257187765,455.803826300543,3
2025-09-05 20:59:00,0.3486660740962,12.7287175556526,5.3439006669074,13.0771791113151,18.5073067087546,458.246300491696,3
2025-09-05 21:14:00,0.347263888911233,12.8564640000435,5.46548688910813,12.3092260002722,18.558176415987,456.940203153916,3
2025-09-05 21:29:00,0.347742088911067,12.4726697779922,5.45039377792193,11.9696568891989,18.6342049727278,457.80977487914,3
2025-09-05 21:44:00,0.3506977852064,12.8985175557632,5.40828333346076,10.8319691113242,18.5623511630084,457.268806105867,3
2025-09-05 21:59:00,0.322812777779267,12.4446806669777,5.41859155567273,12.6330095557908,18.5733035896884,457.885788533223,3
2025-09-05 22:14:00,0.2971197481523,12.0765384448404,6.14980955560196,13.7532137776861,18.7416366403146,456.436254445243,3
2025-09-05 22:29:00,0.295165370382334,12.1365815558535,6.16440177782633,13.4943284443852,18.2808147871303,456.981252580693,3
2025-09-05 22:44:00,0.286986577786434,12.0652837780496,6.3644022222886,11.6749608890618,18.2621006512747,457.940482821183,3
2025-09-05 22:59:00,0.2846269925991,12.3803182224411,7.93754844467946,8.03888155520767,18.3595646109592,459.71343928125,3
2025-09-05 23:14:00,0.249666229649333,11.8280333335574,7.95100511136453,8.20180377746787,18.2898939441196,468.314013533767,3
2025-09-05 23:29:00,0.2440355259536,11.6834313333984,7.99007177798389,8.70305511086653,18.1447992174998,464.597018590454,3
2025-09-05 23:44:00,0.247290200015833,11.7015462222467,9.80825400028392,6.03665044437743,18.070627014658,472.327071775993,2
2025-09-06 00:14:00,0.245417970382533,11.5078977777843,9.25526622255022,8.02607422196948,18.4558483145673,470.288180769414,2
2025-09-06 00:29:00,0.240107125954167,11.7013044444283,12.1845033348237,8.86717155533641,18.4229863234489,476.981788957027,2
2025-09-06 00:44:00,0.2384624593013,11.535853999941,11.3201748899442,8.89176066640891,18.4414050033418,475.238479574457,2
2025-09-06 00:59:00,0.239573177813667,11.1507359999421,7.76195177806337,12.3044002222809,18.8075512191655,464.288271089087,2
2025-09-06 01:14:00,0.239823792628833,11.4785026666413,9.46557822258912,8.18730288866577,19.1651135021435,475.803055277977,2
2025-09-06 01:29:00,0.284088259256167,11.7512151112103,7.54281866693277,15.5413831112129,20.7503726204152,462.331413950386,2
2025-09-06 01:44:00,0.358117648168033,11.9275168892194,7.22238044479944,16.8668775556485,22.6698473181506,455.480988745893,3
2025-09-06 01:59:00,0.353324244456567,12.346518222536,12.334277334902,12.7920908889717,25.2954076062668,471.860122753603,3
2025-09-06 02:14:00,0.359304911150533,12.2502655559755,8.99022311155909,12.8505008889931,27.5968422685647,472.964626460503,3
2025-09-06 02:29:00,0.366621111155233,12.4934317782009,8.61357577817823,12.6530753333786,29.4065964097184,474.161596348303,3
2025-09-06 02:44:00,0.367761787076067,12.6571144448434,12.8350742239082,13.4186917778828,31.5599859952045,474.867329083037,3
2025-09-06 02:59:00,0.368449718557167,13.4250906670102,13.560068224106,11.9709744445357,30.8751712824593,474.41791347087,3
2025-09-06 03:14:00,0.3640472074572,13.2504720003505,13.4387728907865,13.4461860001241,29.0762078685917,467.053751866373,4
2025-09-06 03:29:00,0.365415733381067,13.1994326669138,13.4485244462993,9.8838955555026,27.6301778000856,469.360215213886,3
2025-09-06 03:44:00,0.3462225037174,13.2015353335817,13.567496668503,9.04625666646874,22.5463747093021,483.01559776349,3
2025-09-06 03:59:00,0.367822303696333,13.1181691113474,13.6024424462777,7.81182266642754,21.6891516121281,483.289152057103,3
2025-09-06 04:14:00,0.303004311098434,12.8993271112283,13.1322004461709,6.49795822213463,21.2656288964594,484.597845583307,3
2025-09-06 04:29:00,0.289049799979967,12.5612122222742,12.8569124461167,6.06108022216603,20.8364591173404,501.133552796737,3
2025-09-06 04:44:00,0.289033340733467,12.5771233334078,12.5011591127318,6.10460577769746,20.9450802457568,484.697543942083,3
2025-09-06 04:59:00,0.2875488370291,12.4937740000726,12.4720268904675,6.87172422216037,20.7620207067438,484.515360496207,3
2025-09-06 05:14:00,0.269111170354733,12.444627999972,12.680093779399,6.14597422214286,20.7821837353095,500.448156585697,3
2025-09-06 05:29:00,0.249917925950033,11.9482455555342,12.5883135571289,6.05656999994273,20.66210360796,498.024914010937,3
2025-09-06 05:44:00,0.246713251865267,12.1986357778219,12.5302168905335,6.35700666661653,20.2277433336725,485.567104340107,3
2025-09-06 05:59:00,0.246509429644867,12.0773606666781,12.4799995572017,6.2544115555154,20.2714084309216,499.3441023788,3
2025-09-06 06:14:00,0.247379392605467,12.0552942222182,12.4992680016615,6.3733519999451,20.4741950126277,485.43445503576,3
2025-09-06 06:29:00,0.248842370383233,12.2903515555587,12.2559695568949,6.46495999992963,20.5537447266611,487.660498587383,3
2025-09-06 06:44:00,0.292350133324234,12.7806422222167,12.4721753350052,7.7894722219818,21.3996788905638,482.305083983997,3
2025-09-06 06:59:00,0.290579207383267,12.5423604443173,12.3477997793238,6.1308624443684,21.7625043504554,487.058890629733,3
2025-09-06 07:14:00,0.261462696299633,12.2198931110905,12.307800445816,5.9354279999255,22.4960113498227,496.90170082765,3
2025-09-06 07:29:00,0.343064392584,12.5419171110452,12.2794173346468,6.01252511102633,26.1139683997713,489.858293396496,3
2025-09-06 07:44:00,0.380808681107641,13.2281644443302,12.2575531122789,4.6477771110207,35.4918942440495,483.144690058997,3
2025-09-06 07:59:00,0.393272581385682,13.3815317778765,13.5158908888934,5.79767888881993,38.2771737918845,481.49001938759,4
2025-09-06 08:14:00,0.393937494446333,13.1705682223717,18.3677855542337,6.18913333328986,29.9737505024861,488.825194874913,4
2025-09-06 08:29:00,0.393585794664023,13.4838364445347,14.6267284435247,6.15123333327203,36.4411670337639,489.7581048989,4
2025-09-06 08:44:00,0.367045092728493,13.4431164443832,14.7181544435845,4.62614044435116,31.1028833101987,478.381540759503,4
2025-09-06 08:59:00,0.3606117518751,13.5948197776423,14.4514995546459,5.30433422213756,26.6900533776192,478.12028190623,4
2025-09-06 09:14:00,0.352560055573667,13.4525160000547,14.4774055546619,5.98404911103856,20.2770355494772,469.600955951886,3
2025-09-06 09:29:00,0.327952200029466,13.1945768889059,14.7535206658198,5.96992688883803,16.0221947137728,469.192123068263,3
2025-09-06 09:44:00,0.2791320629373,14.4796568886435,15.5351511109345,6.23301866668024,13.8052282783541,487.421333237423,3
2025-09-06 09:59:00,0.237672355561,13.5724415558702,15.7872639992812,6.99714044449301,9.81765920940933,492.701675207603,3
2025-09-06 10:14:00,0.2506427926097,14.3106733332183,17.9567202215764,7.02730888892777,13.112065871358,492.434129030546,3
2025-09-06 10:29:00,0.292692488867333,17.0764991108633,18.044354889353,6.6771222221946,18.1962778545287,522.6785313011,3
2025-09-06 10:44:00,0.3206520518945,18.532842444252,22.113620001021,6.84663866660066,19.3740214271413,545.842762944053,3
2025-09-06 10:59:00,0.267031355575667,16.1925011109543,15.5994808893432,8.19609488892706,15.7880361947717,509.110740987143,3
2025-09-06 11:14:00,0.232546911116466,14.0280917782515,14.6570288881898,9.88535177786236,14.1004749476823,501.99913653669,2
2025-09-06 11:29:00,0.230912681509733,14.0061402227698,14.2672419991686,13.3964077779003,12.8140086027039,475.524902385283,2
2025-09-06 11:44:00,0.226872044471733,13.6709157782537,14.0701651104207,14.6637548890111,10.6550373634365,457.498211790779,2
2025-09-06 11:59:00,0.2084534074676,12.9681331117609,12.3418984455331,15.5263933334881,9.05645085617381,450.350597278876,2
2025-09-06 12:14:00,0.2073644963511,12.7679595561773,12.9314373348772,16.9071455557852,9.3448674751308,446.7126961474,2
2025-09-06 12:29:00,0.206962037095466,12.9126760006142,12.6423140012344,15.9630006667458,9.40060789156227,448.42241883662,2
2025-09-06 12:44:00,0.2033967852413,12.5641686672091,12.2108913345494,17.6091822222114,8.76031011148136,449.5164344612,2
2025-09-06 12:59:00,0.198858325981567,12.309481778323,11.8111531121734,21.1822202226459,9.41438558681551,450.742385430293,2
2025-09-06 13:14:00,0.200958940783067,9.70783666680394,12.155133334929,21.585573111599,10.26956829597,449.082353484683,2
2025-09-06 13:29:00,0.199643985199333,10.3308220000692,8.23500777803837,21.2596484452497,10.4924347946219,451.717110188233,2
2025-09-06 13:44:00,0.2210804592848,9.38964111129577,8.63878488918683,24.0763620001788,12.7658684542536,444.853948138046,2
2025-09-06 13:59:00,0.1971469926018,8.19052444448837,8.46986733354566,27.0609808890201,13.4797918531977,439.47275373458,2
2025-09-06 14:14:00,0.193485474073733,6.3837224443737,6.5366519999037,32.7430813328823,13.066643077545,434.07710169573,3
2025-09-06 14:29:00,0.194630251852933,6.6681199999969,6.62506022212177,32.589923572136,12.8258148260668,432.941622231444,3
2025-09-06 14:44:00,0.190427044441533,6.1916882221805,6.42217066652694,33.9634324444833,13.1260679419246,433.532602521723,3
2025-09-06 14:59:00,0.189365851862766,6.63191555560617,6.65288844440021,33.805537333116,13.1534251890696,434.021482133646,3
2025-09-06 15:14:00,0.204852585208933,6.73065688893137,5.986511999982,33.8046353330497,13.5539511370816,434.688478864703,3
2025-09-06 15:29:00,0.208358192626067,6.8341311111752,5.76350888883643,35.3865915554503,13.5688883161904,434.612240088227,3
2025-09-06 15:44:00,0.196411014845933,6.6520008889396,5.60904199994536,35.1631986663263,10.6137706550192,434.783330010487,3
2025-09-06 15:59:00,0.182467851885067,6.31511977780437,4.67884377770243,36.305785999711,9.60359401345946,435.27749600273,3
2025-09-06 16:14:00,0.221388118528833,6.44002066671184,4.37561533331797,36.048743999679,10.5704852038064,435.7246860654,3
2025-09-06 16:29:00,0.2250809333622,6.70075298417104,2.4743382221434,35.179944888359,11.9759857152832,434.156644273433,3
2025-09-06 16:44:00,0.227283755581,6.5939124444938,3.58596088880267,35.8905166663854,12.3827289766145,434.079689142294,3
2025-09-06 16:59:00,0.224265777802567,6.73785253973457,3.17625599990917,35.532703777401,12.4163698257037,435.533422636177,3
2025-09-06 17:14:00,0.2168736444805,6.59810177780913,2.50244444435967,35.3937131106837,12.7711813914708,435.412934731987,3
2025-09-06 17:29:00,0.226908681522233,6.74717298417537,3.1661864443356,35.036790443993,12.5751228360823,435.180698435594,3
2025-09-06 17:44:00,0.258780963008967,7.70125423813549,2.21207955549094,35.1295255550326,13.2034566634608,435.944238318203,3
2025-09-06 17:59:00,0.299858348216,15.0542802218326,2.0644691110716,25.6149651105849,12.6320204516031,441.227621148657,3
2025-09-06 18:14:00,0.298040903750834,15.8106568887034,2.0675308888647,24.1813431104286,11.9475403510187,441.382963487917,3
2025-09-06 18:29:00,0.302735033398167,17.1887071114379,2.0357024444248,22.3950506659148,12.1560395092005,441.820771161064,3
2025-09-06 18:44:00,0.311898370420633,15.5760406665494,2.1143566666475,23.8830653326899,12.6832381194889,442.46344069336,3
2025-09-06 18:59:00,0.308978111156334,14.7000182222612,2.16997933330404,24.1500844437776,13.0022480111068,441.580367916837,3
2025-09-06 19:14:00,0.316185192631,15.8538166670997,2.23465644442623,19.6578131117556,12.9584897960194,446.301360248327,3
2025-09-06 19:29:00,0.3109661333802,13.9473842228415,2.22996866664613,20.3848966673794,13.1206587109811,445.51714118728,3
2025-09-06 19:44:00,0.3147476592949,14.9756284452572,3.49416755562637,17.343562000328,13.3902243584117,443.939247814797,3
2025-09-06 19:59:00,0.317433414851467,14.5777166673361,2.78077599998233,18.4657544448862,13.3812280868596,444.832607271544,3
2025-09-06 20:14:00,0.327326459268333,13.6364664446256,4.86708844460083,14.3464366668489,13.6641957353351,446.609728434587,3
2025-09-06 20:29:00,0.308826599983134,13.1847335558614,5.08671488902046,12.4758395558679,13.863263109212,451.526576835303,3
2025-09-06 20:44:00,0.317155133330933,12.6961460002332,4.86906177792953,14.1148711112347,14.4815615072569,451.11831609225,3
2025-09-06 20:59:00,0.3001525407282,12.8114242223843,6.96465155588596,8.07805555542031,14.2589043300151,452.661558209523,3
2025-09-06 21:14:00,0.301510222208734,12.3721160002357,7.01681777807746,8.90175888877047,14.8298447684024,452.035961904227,3
2025-09-06 21:29:00,0.298106296279133,12.48197400027,7.48961844481119,7.93518622199445,14.9704391924445,452.870224755927,3
2025-09-06 21:44:00,0.2814581555342,12.6394964446623,8.49626911141429,5.94130400001614,14.7307966353123,456.873163878594,3
2025-09-06 21:59:00,0.308880651829334,12.8468784446524,8.9602515559101,6.1052073333255,14.1264210273197,453.868448214237,2
2025-09-06 22:14:00,0.251372748150366,12.5308740001213,9.58529822261805,7.8865015552793,13.9829086587531,452.018087846887,2
2025-09-06 22:29:00,0.232301096296666,12.5197546667101,9.34765000038952,8.60748177741483,13.4710004311393,449.61258602527,2
2025-09-06 22:44:00,0.2467540963065,12.4433486667911,9.89177911147889,6.02416799990784,13.848049004801,456.82226840692,2
2025-09-06 22:59:00,0.248711022243867,12.7018695555835,9.93707511144936,4.62855488890583,13.915255535438,457.50677097455,2
2025-09-06 23:14:00,0.2450362888953,12.0671595557249,9.83343311145085,5.87759044441943,13.7984638531194,457.348493138683,2
2025-09-06 23:29:00,0.262442081460766,12.5883851113649,9.36187666705845,8.1715333330541,14.44572680186,455.95490748424,2
2025-09-06 23:44:00,0.2840928518338,13.7857864444484,12.9487960016246,6.08608622219913,13.7839255969348,453.777192182127,2
2025-09-07,0.2262786518461,12.9060955559532,13.5520675574459,10.3344248888,13.5588930127026,450.415753455867,2
2025-09-07 00:15:00,0.217286970432833,12.4824046670117,13.321272668508,14.0347975556914,14.4992132686139,449.184667564957,2
2025-09-07 00:30:00,0.229376670376266,13.1913719999882,8.35100577813637,12.0680584447359,15.6834001422221,450.473195719477,2
2025-09-07 00:45:00,0.227871462964,14.167646000053,13.3504480016641,9.06789422205717,14.8233130975985,451.409283403387,2
2025-09-07 01:00:00,0.2368996407294,17.1960217777541,13.478981779512,5.5217973332502,14.3240567042392,452.119493009973,2
2025-09-07 01:15:00,0.2495486296197,19.9394535557937,14.766087110322,4.4166057776858,13.589735927374,452.501094841,2
2025-09-07 01:30:00,0.243251985178567,18.794207333674,13.4159857794112,5.01366733326693,13.8738593101075,453.125173767667,2
2025-09-07 01:45:00,0.250735140747,18.855920000279,13.4976697795163,4.54814888885756,13.941140170416,454.505537995847,2
2025-09-07 02:00:00,0.236506444478266,12.5858173336493,12.7339104456866,8.83178399973903,12.056116021366,453.602032582164,2
2025-09-07 02:15:00,0.198416725987433,13.2416628892097,11.1802448897542,12.8802728890916,11.4784576155411,451.52659667622,2
2025-09-07 02:30:00,0.205063414869033,12.4700420001776,12.006356223465,11.1266553333389,11.8221546854235,449.439607883784,2
2025-09-07 02:45:00,0.1913424815233,12.1777535558557,11.1007324453728,13.3778686667711,10.5852519075913,448.501367683674,2
2025-09-07 03:00:00,0.185387244465733,11.5727071114122,10.754082889853,13.7703484445407,9.2460882934767,446.2743209303,2
2025-09-07 03:15:00,0.171616177794933,10.8483440002659,9.67736200074173,14.1950928891969,8.6135191930067,442.522497254677,2
2025-09-07 03:30:00,0.1748863407571,10.6633791110724,9.42614911192527,13.1526039998923,8.43474552546925,441.001011321997,2
2025-09-07 03:45:00,0.180678933323967,11.3016228890166,9.8309086675865,13.2657942222359,9.09154019835032,444.033553170487,2
2025-09-07 04:00:00,0.182284470366933,10.4228299998119,7.2830142220681,14.5733082226295,10.2442204844099,441.456250524414,2
2025-09-07 04:15:00,0.183283581476467,11.0782688888666,9.1295040007614,14.4178444447093,10.3659940071333,441.976232134093,2
2025-09-07 04:30:00,0.182506270354067,10.4235875554217,7.35442444433287,14.0858880002062,10.8272377668816,440.926275447207,2
2025-09-07 04:45:00,0.187868003722167,10.0762477775355,7.4493124442732,14.108625111342,11.0249763454532,439.11504007731,2
2025-09-07 05:00:00,0.1912738037354,10.6567284443055,9.320340889512,14.111433333456,11.2925434276092,441.118837240384,2
2025-09-07 05:15:00,0.191644218548934,10.7963644442049,8.06409355537914,12.1889062220048,11.5396233739971,441.327088723207,2
2025-09-07 05:30:00,0.1928672037195,11.4926460000005,9.81807822295469,9.08544266606826,11.1834395084526,442.241598202544,2
2025-09-07 05:45:00,0.191264503725933,15.2308515553377,9.80005400055033,4.75095311102303,11.0233743917105,447.38687231014,2
2025-09-07 06:00:00,0.1811142222281,11.2742531111358,9.2778220007406,8.87118333283049,10.3597279305709,443.23428216493,2
2025-09-07 06:15:00,0.183869166684833,13.4081700000241,9.33372333407343,7.44211533307699,10.2967509705189,443.60711154047,2
2025-09-07 06:30:00,0.182188451852133,13.6752615553349,9.49353777851167,5.5142006665698,9.50755154920144,446.61733790719,2
2025-09-07 06:45:00,0.175844600031567,13.4791635555078,9.30705444489134,5.50773288873139,8.53716156428538,446.81684501346,2
2025-09-07 07:00:00,0.175869970401533,13.4083757776832,9.27747200061363,5.8832422220684,8.78707757483551,446.502608615964,2
2025-09-07 07:15:00,0.177170488924733,11.7251151111397,10.1049651120793,7.57244977749473,8.86148842467604,445.229468258264,2
2025-09-07 07:30:00,0.181251437051033,12.8157755557767,9.87606022279553,6.07581399979453,8.90821924226831,447.829322478654,2
2025-09-07 07:45:00,0.1875445037257,13.6462984444617,10.0021831116842,5.10509777764997,9.12006489992767,448.07222451223,2
2025-09-07 08:00:00,0.189463992626533,12.9586897780388,9.99230288951902,5.5514153331927,8.89440161887283,448.701700862084,2
2025-09-07 08:15:00,0.1893415704091,11.8816717779322,9.98019466729306,7.5556586664002,8.71160767560144,448.023663874147,2
2025-09-07 08:30:00,0.185286600024867,12.1874426669781,9.87637800062206,7.1021688887466,8.51257003106658,448.779894175391,2
2025-09-07 08:45:00,0.185096911142767,12.2378024448293,10.0124668895904,8.40157399978636,8.41557421570928,448.595629212754,2
2025-09-07 09:00:00,0.181127044467733,11.9878460003415,9.98206911181952,9.00473444429296,8.06915203063041,449.081740885064,2
2025-09-07 09:15:00,0.184812681519,11.9912071115385,10.2117317785631,8.94136199983756,8.19961687960222,448.741078128827,2
2025-09-07 09:30:00,0.185692340782333,12.2767631114048,10.1229491117842,8.54154666663016,8.08199389157185,449.046324208117,2
2025-09-07 09:45:00,0.184305088938033,12.0506557780142,10.7713022230706,9.44912511081983,7.28419156148722,448.71481498923,2
2025-09-07 10:00:00,0.173789192643033,11.4978386669873,10.5637684452857,10.4885246661732,6.54033267390828,446.74695787333,2
2025-09-07 10:15:00,0.166724551879934,11.0191057780505,10.4185693342293,11.606778444111,5.78266799973733,446.238072496994,2
2025-09-07 10:30:00,0.146147477801967,9.23430666682569,9.68505777870463,15.6202988893929,4.68724367822254,441.818843805201,2
2025-09-07 10:45:00,0.147496085192667,9.25527377793699,9.48539666755426,18.4585333340552,4.41520526756679,441.746482651927,2
2025-09-07 11:00:00,0.1567374074081,9.87004355573913,9.52375155644716,16.9984924451852,4.4629252578615,440.75614897895,2
2025-09-07 11:15:00,0.1568012963059,10.0557771112885,9.465090667547,16.0947568896375,5.10334618297644,440.495378065483,2
2025-09-07 11:30:00,0.158352785185767,10.1872520001659,9.4584233342133,15.653513556205,5.39684648832879,440.823927587267,2
2025-09-07 11:45:00,0.170398311137467,10.9662895556948,9.6340357786972,14.3825195559454,5.95171475771154,441.127032752564,2
2025-09-07 12:00:00,0.1790437481676,11.2613031112049,9.77752133426939,14.9678722228336,6.28271516204255,442.30228579318,2
2025-09-07 12:15:00,0.180298311129667,11.8145911113017,9.94912711193996,14.5913724447825,5.94864858499461,445.390076509967,2
2025-09-07 12:30:00,0.180154651876233,12.3437715556712,9.52468911154423,13.6554037779521,6.00635652813899,447.244465916147,2
2025-09-07 12:45:00,0.159561466670767,9.58060622228533,9.0260871119768,19.6078682223499,6.57710955339101,441.179840344553,2
2025-09-07 13:00:00,0.1573391111131,9.13080444450349,8.82005555640314,20.4010491114036,6.82554788854442,440.656549257783,2
2025-09-07 13:15:00,0.1676507259579,10.3117797778733,9.5100704453833,19.7975175558848,6.81034236103734,441.927174857477,2
2025-09-07 13:30:00,0.171628088923967,11.3480544447457,9.68942644523569,17.2998968893567,6.62675360498452,444.0353157357,2
2025-09-07 13:45:00,0.1703450000511,11.4649182223315,9.76286800058966,16.8528800003752,6.6742760107705,444.356325964127,2
2025-09-07 14:00:00,0.160277799975433,9.4759960000519,8.57064888970771,20.852582222606,6.74317240933956,442.04116861719,2
2025-09-07 14:15:00,0.152661385172133,7.42666355547873,3.7493599998992,23.8533117779436,7.14649077411427,440.366338894467,2
2025-09-07 14:30:00,0.155179422203567,7.41678377769744,3.73469377766236,24.0969382224803,6.9856850408913,438.84632765717,2
2025-09-07 14:45:00,0.155599592552667,7.4810013332434,3.63109622209326,24.4179131114817,6.94597661694486,439.130009386516,2
2025-09-07 15:00:00,0.168066222229966,9.91637066662403,4.76153577769607,21.47207400058,6.93232762740161,441.10800101196,2
2025-09-07 15:15:00,0.175176237045033,10.6782464441984,7.89445333384354,20.1119115558772,6.96544923205915,443.834617793017,2
2025-09-07 15:30:00,0.165695429644666,9.72683866645934,4.82692711102891,21.4032755559597,6.88903609926344,440.976558925023,2
2025-09-07 15:45:00,0.173121029616233,9.93473866650107,4.76020311097184,21.6975340007054,7.06812386462075,444.01577026565,2
2025-09-07 16:00:00,0.1597076444585,7.83442422215736,3.94320866658453,23.3665591113712,7.36631133339436,443.067456992703,2
2025-09-07 16:15:00,0.158359355512233,8.03075266666557,4.04057288874406,23.0015411114026,7.85397126990259,441.357369142446,2
2025-09-07 16:30:00,0.1662344888769,9.77137888871383,4.46008911098907,22.0048315562247,7.75060759048492,441.521752803133,2
2025-09-07 16:45:00,0.1669929259267,8.72963266662979,4.17986511097623,23.3290046673256,7.55742237874145,441.236619684307,2
2025-09-07 17:00:00,0.1657189481724,7.97624955551999,4.18666266658733,24.3418875560263,7.56843543319448,441.029751091483,2
2025-09-07 17:15:00,0.171767355568367,8.68728133313646,4.1281931110745,23.1491788896622,7.65844689700291,442.363333829063,2
2025-09-07 17:30:00,0.182334007443467,8.4873448887611,3.95296266661477,24.2287828894993,7.38272855412811,439.873725673756,2
2025-09-07 17:45:00,0.183981644477733,9.1701073329577,3.58155799998223,22.644329112015,7.42419692952728,442.509443705067,2
2025-09-07 18:00:00,0.181527733381633,9.52606133295805,3.41139511107607,23.020446445467,7.15978778048098,443.062990217727,2
2025-09-07 18:15:00,0.179874548201867,9.49182622172836,3.526161111071,24.274574889366,6.76675437731954,442.261033941263,2
2025-09-07 18:30:00,0.191227451928267,9.54915222168196,3.46386288885263,23.6486300002243,6.71739740051898,442.44638447418,2
2025-09-07 18:45:00,0.187525800053667,9.27675444396879,3.56320466664393,25.067523333374,6.70778946761716,442.215149525106,2
2025-09-07 19:00:00,0.190595711191867,9.70457777717469,3.48018177775667,23.9931279999725,6.89871014971823,445.39565355677,2
2025-09-07 19:15:00,0.192827607489033,10.9531853324345,3.60068199998507,24.1607773333516,7.02717088826869,441.958199263013,2
2025-09-07 19:30:00,0.1946008741556,10.7915986658771,3.5595442222182,23.3605028890496,7.06763689407091,441.476943956863,2
2025-09-07 19:45:00,0.190644540817767,10.702829554662,3.58396999997754,23.3529864451013,6.94810693407433,441.174471493657,2
2025-09-07 20:00:00,0.192194407474833,11.3823893323591,3.73011644444197,22.0147968898227,7.20095522647257,442.302905003027,2
2025-09-07 20:15:00,0.1910197334004,11.3919455544803,3.6822804444525,21.896520889652,6.93041513838324,442.843743116187,2
2025-09-07 20:30:00,0.187315637084767,10.631136443657,3.75975666666937,21.8183500007483,6.98794000495974,442.05984236135,2
2025-09-07 20:45:00,0.188282081517,11.3947262215542,3.82608111112887,21.1192555558538,7.16610832522536,442.081560375833,2
2025-09-07 21:00:00,0.1908947778086,11.5984977774899,3.95992155556407,20.9026997782686,7.08456317963992,442.07262277681,2
2025-09-07 21:15:00,0.192950518538233,12.3234324443065,5.8506464443253,18.6303482222531,7.37487109917709,440.015152364497,2
2025-09-07 21:30:00,0.191954800022033,11.8349457775562,5.49352799997639,17.5816497779618,7.03594409164211,440.306637650517,2
2025-09-07 21:45:00,0.189154985219567,12.1181815552807,7.2971144444358,16.1105217778318,6.92192485325539,441.143000065124,2
2025-09-07 22:00:00,0.190296140779,12.1317584441376,6.7445406667302,15.5424033333171,6.70155580909214,443.56545511474,2
2025-09-07 22:15:00,0.190590448187167,12.3552022220764,6.08112000008556,15.5105039999266,6.85743753935037,440.480399613117,2
2025-09-07 22:30:00,0.188952540767967,12.4931442220038,7.21200199995874,13.9146628890349,6.49296069405029,439.347184168827,2
2025-09-07 22:45:00,0.1787151185162,10.6603213329273,6.0552199998568,18.0897028889937,6.08336073359846,439.892595906167,2
2025-09-07 23:00:00,0.163887229613867,9.60481866637159,4.26110999988807,20.6433093335323,5.98027397989914,437.412198991083,2
2025-09-07 23:15:00,0.153271903691033,8.00246399994657,3.47549577765463,19.030352444531,5.68168925617043,436.865049708057,2
2025-09-07 23:30:00,0.151320496313233,7.9030744444473,3.75839199984544,19.3457648891494,5.76003552889766,437.409372859693,2
2025-09-07 23:45:00,0.148793944458433,7.6047940513822,3.16914933321174,20.0184188890837,5.7070439090308,437.722138791497,2
2025-09-08 00:13:00,0.148693062987733,7.84221622220459,3.69506666651507,19.4729442224137,5.60605218794396,437.462958373593,2
2025-09-08 00:28:00,0.147795811149667,8.15193933320863,3.6635624442852,18.253868888788,5.82277699147647,436.810406892403,2
2025-09-08 00:43:00,0.1475187704014,8.1472511110214,4.16521088871614,15.2086273333975,6.04656365806396,436.012665117767,2
2025-09-08 00:58:00,0.1503463926123,8.20036622219266,4.46468955539593,16.4137066670644,5.91109585212317,435.885603703267,2
2025-09-08 01:13:00,0.145736085206367,7.83523044440433,4.1399766665169,18.5586528889152,5.66111830744405,437.16167833785,2
2025-09-08 01:28:00,0.1390721222835,7.1717128887459,3.50154755541673,18.2576822219683,5.35118612112569,437.033421994454,2
2025-09-08 01:43:00,0.133208018538733,7.21497377765287,3.42497822208803,19.402133332962,5.43201327985205,437.148911738867,2
2025-09-08 01:58:00,0.1325306977457,6.4176362221131,2.70868599986296,18.6431422219758,5.31921350631711,436.500585030607,2
2025-09-08 02:13:00,0.133797870398967,7.02658866650807,2.9516486665422,19.5821228888,5.42308963027378,437.659412844537,2
2025-09-08 02:28:00,0.135704381542133,7.3756835553763,3.22680422207433,15.6084273332016,5.58618929242649,437.246213386117,2
2025-09-08 02:43:00,0.135548700044567,7.68340911086,3.71463666650657,15.7786533331836,5.68581602278821,437.210335335594,2
2025-09-08 02:58:00,0.1344234037427,7.33735177758277,3.91719755538693,15.3501073331804,5.71621656124165,437.38504003324,2
2025-09-08 03:13:00,0.1330506037518,6.9114957775946,4.0017011109193,14.7241566665,5.55143076416966,436.60134326796,2
2025-09-08 03:28:00,0.134064440793833,7.89421666638909,3.82202488870313,14.5677559997989,5.46858110298409,436.968006485403,2
2025-09-08 03:43:00,0.133112497753433,7.10992066653873,3.68048822206997,16.9161877777135,5.54451661825708,436.889072890314,2
2025-09-08 03:58:00,0.132690979222567,6.84901444434353,3.34193133318947,18.8789879999495,5.3928450844076,437.092975115303,2
2025-09-08 04:13:00,0.132705707425467,6.68660488882383,3.56899022207827,18.6197684443887,5.39822873872224,437.38808388514,2
2025-09-08 04:28:00,0.1317585125618,6.2478693333281,3.95947044427927,16.4818748890405,5.43826052646347,437.404987087293,2
2025-09-08 04:43:00,0.132464959283233,6.55081555553123,3.77770599984973,16.7558940001664,5.51110734300625,437.257072794257,2
2025-09-08 04:58:00,0.136919240781434,6.8244717777565,3.86144199984663,17.073265555759,5.32190443838819,437.004173935287,2
2025-09-08 05:13:00,0.137132433373667,7.06130066666573,6.78796422267006,18.7796086664091,5.23634330211411,437.90313885203,2
2025-09-08 05:28:00,0.136667588958533,7.37885866649072,4.0302815553461,14.8199600001332,5.31592822382391,436.49926221288,2
2025-09-08 05:43:00,0.139546974145567,7.89421777763916,3.8680284442882,17.2769231109,5.28092196547568,437.072976167707,2
2025-09-08 05:58:00,0.138500100058634,7.25733377762496,3.40721599984467,17.8900917778398,5.01609295982048,437.268246545414,2
2025-09-08 06:13:00,0.138557863023567,7.19808866656066,3.83668422206153,16.4834362223575,4.95867632690198,437.094999023157,2
2025-09-08 06:28:00,0.133251062976867,6.45652711108566,3.39021666654203,19.9991853332527,4.69431160438961,437.839423940064,2
2025-09-08 06:43:00,0.132980571829967,7.15510977768846,3.98187577759513,15.3719620003056,4.71851675456409,437.264862007677,2
2025-09-08 06:58:00,0.1346730630028,7.91371422199946,4.47831533308623,13.7914017780604,4.67997468773454,437.646626389047,2
2025-09-08 07:13:00,0.162067925963267,11.4675697777632,9.05657666733076,9.35122688839063,4.73392004253776,444.170176134957,2
2025-09-08 07:28:00,0.189074881487867,15.6766911105871,9.5199826670834,8.08685444415003,5.03106484565165,447.441014640527,2
2025-09-08 07:43:00,0.155365385227967,12.279975110901,7.64302511139537,9.0388737772738,5.25344090388568,439.78108552121,2
2025-09-08 07:58:00,0.153854966712933,13.5024931111192,9.59136088967439,7.81779022192353,5.61938290850265,444.64649208119,2
2025-09-08 08:13:00,0.162922444501767,15.5130891110244,9.00497400009623,5.2356322220875,5.63119342555787,444.8997497462,2
2025-09-08 08:28:00,0.166614363027,14.0273895552725,9.40962755552026,5.7960968887879,5.92691436736402,447.376375916777,2
2025-09-08 08:43:00,0.172372385245467,14.3369139994279,10.3508200001017,6.32791177763423,6.38813106392277,451.64381323446,2
2025-09-08 08:58:00,0.170839288940234,13.6498308886854,10.3596426665963,7.3840077775394,5.93297577538927,451.61424354496,2
2025-09-08 09:13:00,0.181392777823967,13.0678455555393,9.51745822213076,7.83518644424976,6.10354840934538,448.35560831164,2
2025-09-08 09:28:00,0.181146563001,12.6530124446235,9.5468353332388,6.9459735554782,5.98115443522604,447.918720166567,2
2025-09-08 09:43:00,0.186836300000167,11.9681257779257,9.53547088875766,8.37068399976746,5.62338815691488,447.08428822293,2
2025-09-08 09:58:00,0.174203792667767,11.2181755560522,9.24570955550133,8.82426755564543,5.77659668859806,448.552429242533,2
2025-09-08 10:13:00,0.158063503754267,9.557258444833,8.70040355546256,10.7447484444137,5.8908358599851,448.12026897341,2
2025-09-08 10:28:00,0.162602725975333,9.53197644472676,8.64878999991159,12.1641573331735,5.81028722504582,446.36294790119,2
2025-09-08 10:43:00,0.160416503752233,8.90423866688587,9.56325355598347,13.198633555439,5.96519018417348,449.002688992853,2
2025-09-08 10:58:00,0.165318133369633,9.47066066689976,9.65663555599467,13.88815888877,6.04325289884922,449.51851472879,2
2025-09-08 11:13:00,0.175682044481133,11.0956322225506,9.20955955545939,12.2478859999928,5.76634315205756,452.305871426156,2
2025-09-08 11:28:00,0.184211888840367,10.6466066666955,9.13794933381315,14.1397186665485,5.72858314838674,448.577496696857,2
2025-09-08 11:43:00,0.208359807381266,10.6978960001824,11.5190453346032,15.8323046664293,5.97923492316106,444.73683238992,2
2025-09-08 11:58:00,0.187253651808633,10.142404666545,9.13395200065363,17.8970724440303,6.08508863019553,442.98640298846,2
2025-09-08 12:13:00,0.177145259225167,8.74482586321837,5.68807111086593,18.695920221937,6.06466554863959,443.559830822123,2
2025-09-08 12:28:00,0.193862214796033,10.8131326665109,9.65243355628892,14.550300221608,5.98517290769667,444.78980713115,2
2025-09-08 12:43:00,0.172094659249967,8.42284422220796,4.40749066651013,20.8993715555887,6.07641545309313,442.56476704926,2
2025-09-08 12:58:00,0.1661639777756,7.23842377785823,3.23921133324993,24.8267637777547,5.95902801824085,436.955911906797,2
2025-09-08 13:13:00,0.175682399995433,6.77490193153367,2.89951911103217,25.5458355551524,5.86273667250861,434.648718740604,2
2025-09-08 13:28:00,0.183093659240267,7.2835680000103,2.98460111102023,24.0331562220423,5.87886483793512,435.465328394197,2
2025-09-08 13:43:00,0.177147703707333,8.78437155554811,4.15049044435477,20.4063271114043,5.94733534708713,441.25772555488,2
2025-09-08 13:58:00,0.1669241555417,5.9636325641073,3.02787466655703,26.9970066665577,6.32069439694948,433.3040613396,2
2025-09-08 14:13:00,0.1668695407468,5.4809002050099,2.10658266662237,29.3393997776053,6.20600691851461,431.81702758633,2
2025-09-08 14:28:00,0.167182237029,5.7323011795484,2.3410826666218,26.5609477775983,6.57166237307687,433.98652690826,2
2025-09-08 14:43:00,0.154526451856867,3.91372692308297,1.95326244441117,30.7793228037553,6.82843091373661,432.0877409267,2
2025-09-08 14:58:00,0.159003244431833,5.67489155554897,2.01456799997337,26.7483144442016,6.88680164263078,432.134671541114,2
2025-09-08 15:13:00,0.146799296283433,3.36578842736063,1.51206377775357,30.247067162727,6.87637832720537,431.395907801144,2
2025-09-08 15:28:00,0.1431268740491,2.89472738458547,1.3453608888501,31.1302999994283,6.80815044856334,430.921347013284,2
2025-09-08 15:43:00,0.139910340712533,3.16371422216967,1.44098355550257,36.6803742224707,7.15547467070519,430.47044103303,2
2025-09-08 15:58:00,0.140195014807733,3.1247895555336,1.3406722221757,34.920101555244,6.01164414914756,429.955871218253,2
2025-09-08 16:13:00,0.133736911130933,2.6884839999605,1.23740066664207,30.8227144440167,5.6529900695453,427.90897482744,2
2025-09-08 16:28:00,0.157126451823467,3.6771217777528,1.46338422217723,33.214007110749,6.11803120221083,429.210074173267,2
2025-09-08 16:43:00,0.1363124073814,3.39025555549966,1.22620666666457,33.232086221565,5.88521805718429,429.406998217147,2
2025-09-08 16:58:00,0.141643511092167,3.668179658083,1.32859666663607,34.5601044440253,5.86479548222002,427.981785416673,2
2025-09-08 17:13:00,0.1538725333441,4.39721022219166,1.7673104443631,35.703456222071,6.22313144753375,428.330716442976,2
2025-09-08 17:28:00,0.152366148157433,3.68658711108537,1.45846933328834,33.385486443679,6.8056259581396,427.904597855754,2
2025-09-08 17:43:00,0.150218229642267,3.50400311106776,1.4164319999517,36.1189333332823,6.49165594470176,424.842103936835,2
2025-09-08 17:58:00,0.154827325932533,3.84158365809443,1.4240779999549,35.9507808886103,6.76948029306044,429.113543793034,2
2025-09-08 18:13:00,0.166026592604067,7.26748422225136,1.42904311110273,28.509608444403,6.9689548857954,431.711784859027,2
2025-09-08 18:28:00,0.164849133331267,5.68879711113567,1.8216817777254,30.0806288884367,7.09696861143424,430.78113628935,2
2025-09-08 18:43:00,0.186696874060133,6.6937212063842,1.85819333327283,34.9097611106133,7.19030100049737,431.201635513753,2
2025-09-08 18:58:00,0.220672355561267,12.0696946662702,1.70227088882457,30.4001922217541,7.16232251019639,438.867854384307,2
2025-09-08 19:13:00,0.256800451865367,12.1190335552173,1.83937577771257,27.576705998902,7.04782022581503,438.445590959603,3
2025-09-08 19:28:00,0.245377274072667,10.3217277776203,1.89135333326057,27.9926415542117,7.01808999093829,437.80968053116,3
2025-09-08 19:43:00,0.179502000053933,10.0345295555332,1.7494839999572,28.945774444659,6.79192039018288,436.450411991417,3
2025-09-08 19:58:00,0.188379274155267,10.1432999998292,1.9710588888203,26.6863506656265,6.55216633702462,438.69157590685,3
2025-09-08 20:13:00,0.187967888948133,9.60100111113476,1.91344644437457,27.5478217767353,6.49067314225502,437.445628300887,3
2025-09-08 20:28:00,0.193203992666567,10.1661959998724,1.93418266661067,24.6816624440378,6.56776551552939,440.439727341453,3
2025-09-08 20:43:00,0.194725288958167,9.09368711093916,2.49384511105317,23.8645686663187,6.85065921969772,442.142158465687,3
2025-09-08 20:58:00,0.197950222289767,10.6031411108047,3.0205415555132,21.8035891117417,6.82915402154193,442.031388868156,3
2025-09-08 21:13:00,0.198582688968567,10.6523186663623,2.95240688886024,22.1788757781943,6.71360697451075,441.614704001233,3
2025-09-08 21:28:00,0.190310111168767,9.79657933283623,3.2135062222028,23.967842444278,6.86025982943144,440.85600162506,3
2025-09-08 21:43:00,0.181558900047233,11.3456773329125,4.1364993333586,20.2617646670263,6.72189780305696,440.60264753546,3
2025-09-08 21:58:00,0.173578381466967,11.2743059995892,4.60741155555616,18.7524779999723,6.93252123417663,440.13951463493,2
2025-09-08 22:13:00,0.180816722248033,11.7401935551046,6.1457806668176,13.8255995558816,6.79573204213911,442.316121070917,2
2025-09-08 22:28:00,0.171157837048067,11.2265613333188,4.35488777779327,18.023776000187,6.94089182369017,439.696140947357,2
2025-09-08 22:43:00,0.1759412259164,10.1952293331345,3.276751777741,19.0692204447285,7.37094774613595,439.23634764196,2
2025-09-08 22:58:00,0.170621866678967,9.84885355524439,6.47954111122127,12.8455455555416,7.08546293993134,438.734245379923,2
2025-09-08 23:13:00,0.1622074629448,9.59859688851189,5.4301242222168,13.5844495559998,7.22950288025062,436.783737907024,2
2025-09-08 23:28:00,0.162536666674167,9.36202288867159,7.54435399994183,11.9489431108349,7.23409852871944,437.019306261744,2
2025-09-08 23:43:00,0.160732040745567,9.44149111084776,4.14360422220346,18.8334075556494,7.59399152964207,436.374359693577,2
2025-09-09 00:13:00,0.165223607409133,9.61878733288686,6.5943499998453,12.5795462222039,7.24011077642942,437.207626820494,2
2025-09-09 00:28:00,0.165057088900167,9.16585733289603,6.4732531109426,11.8464473332488,7.41264348005283,437.001139263284,2
2025-09-09 00:43:00,0.194284229665733,10.4986331108175,9.74858355575043,9.1667624439585,7.37401883025983,444.03735156884,2
2025-09-09 00:58:00,0.229192022215966,11.2339695554369,9.19451044475443,7.3913735554208,7.3400386218494,449.086121996477,2
2025-09-09 01:13:00,0.213458911193166,11.0672933331284,9.78956577801413,9.0805848885882,7.17888649332821,449.793557442557,2
2025-09-09 01:28:00,0.225951333363566,11.0595739997693,8.753772000317,8.75124888860732,7.27624044667527,449.511007330497,2
2025-09-09 01:43:00,0.212936148225833,11.0152484441483,9.64589577797729,6.9807768887893,7.53440373159815,448.295336180737,2
2025-09-09 01:58:00,0.336125355522634,12.4310955556138,11.6329771125498,7.1579062221538,7.25232461592184,450.5142132747,2
2025-09-09 02:13:00,0.1984174926525,10.8942937776188,8.94260022238794,7.09867511109849,7.48072385732363,447.79211581123,2
2025-09-09 02:28:00,0.2077368000765,11.0992988886602,9.39637355608524,7.3656664444216,7.42678517133356,449.88224453804,2
2025-09-09 02:43:00,0.204883429716867,11.5734608888095,10.1018895563523,7.04952488888789,7.10023262497421,449.66634866084,2
2025-09-09 02:58:00,0.166610881506333,10.011380222401,7.4126264448781,6.9325319999711,7.24376975193888,446.803488425613,2
2025-09-09 03:13:00,0.156142007427567,9.55419355571389,7.6689971116976,7.49648799993496,7.61172958221945,444.99124663254,2
2025-09-09 03:28:00,0.148429744467733,8.49180066644679,5.88456800001783,10.2095659995255,7.84592872272975,438.771037963164,2
2025-09-09 03:43:00,0.147414103730033,9.50019066676563,8.32042866731047,7.79090577765126,7.81720891101343,445.460237593123,2
2025-09-09 03:58:00,0.139928874075,8.72912511115663,7.63300977841846,7.32147733331386,7.51151655906577,445.472098820244,2
2025-09-09 04:13:00,0.1448622037018,9.46283400019281,8.0644866671152,7.0178784444148,7.37640372547856,447.766657137673,2
2025-09-09 04:28:00,0.158346370359367,9.25647844456963,8.0486073339516,6.6918131110401,7.34977555809042,456.989702072313,2
2025-09-09 04:43:00,0.161203656975833,9.48716288907424,8.4059060006244,6.50052444439483,7.37018963138008,458.068494043337,2
2025-09-09 04:58:00,0.161497871797233,9.33677266683593,8.49327088961543,6.44951466661167,7.49891399953773,458.623379207387,2
2025-09-09 05:13:00,0.161061768089033,9.53844733353637,8.5960684450078,6.3257635554677,7.297135424508,458.704512575094,2
2025-09-09 05:28:00,0.162026449572767,9.50978422243833,8.5722402227484,6.26884888882067,7.32836144222624,466.57208312254,2
2025-09-09 05:43:00,0.1612940940151,9.49784244461344,8.50167977846947,6.36129466660257,7.25800266738168,465.070086876183,2
2025-09-09 05:58:00,0.1693507074137,10.2115286669096,8.3912911114837,6.76802466655823,7.30114961980652,451.11549679072,2
2025-09-09 06:13:00,0.171492751846833,9.83781377793497,7.87541866627978,6.35047333323057,7.15768345660777,466.15408911855,2
2025-09-09 06:28:00,0.162510286609933,9.54403288907053,8.62671844488666,6.2670508888192,7.27227118115386,466.824780751077,1
2025-09-09 06:43:00,0.169034674070367,9.96543355570994,8.78758177816569,6.29537222215333,7.18318362602582,464.84888684875,1
2025-09-09 06:58:00,0.165965622210967,9.64679666685827,8.5128715560632,6.31576822217153,7.03350610481621,466.21001785741,1
2025-09-09 07:13:00,0.1824282888976,10.8854642224127,10.2156506658276,6.23489088881233,7.2931732380771,467.29794897844,1
2025-09-09 07:28:00,0.167883155548933,9.66587666682803,8.5220157782392,6.46920577771557,7.35005127179482,458.91751138168,1
2025-09-09 07:43:00,0.1676197777725,9.585598889044,8.6458726671719,6.59697755546027,7.34322845135258,455.746579142157,1
2025-09-09 07:58:00,0.171459059268567,10.5164622224532,8.90461088933753,7.00893955547213,7.29742087254605,447.803075980036,2
2025-09-09 08:13:00,0.164123425943267,10.0550497780187,9.20703711176973,7.13121622220946,7.14101027890309,446.862585197163,2
2025-09-09 08:28:00,0.159041037054367,9.88510555579433,9.06607488944406,7.36946866663026,7.40581559154553,445.571779950593,2
2025-09-09 08:43:00,0.151086711137667,9.06943711129046,9.41152377843989,7.63821111109639,7.5999960709132,445.705983029563,2
2025-09-09 08:58:00,0.155828133341133,9.8052413335551,8.6066446670193,7.67376800001629,7.95532083828393,445.340410019654,2
2025-09-09 09:13:00,0.188733296361167,13.8621084444808,16.9109086663537,6.5345966665368,8.19424244319886,455.840352091434,2
2025-09-09 09:28:00,0.185187511175567,11.9163593334523,14.4652726661998,7.15130977771163,8.05288178878899,453.32005219126,2
2025-09-09 09:43:00,0.170806429666967,11.0863693336133,10.7437228882697,7.2726033333139,8.05923703654416,448.199182960313,2
2025-09-09 09:58:00,0.156111022277133,10.0778464447916,8.74123955578127,8.66787222235332,7.78984816411854,448.39087228686,2
2025-09-09 10:13:00,0.173479977868133,11.5604840004469,9.18683888865393,8.33317444454127,7.98533939088807,447.702767216994,2
2025-09-09 10:28:00,0.174719414902267,11.5920477783274,14.4875291102579,8.8478028890312,7.91515885577273,449.77828204838,2
2025-09-09 10:43:00,0.151138496374033,9.10076422253986,9.98010399958587,9.56797888905706,7.81595501325279,454.19367272284,2
2025-09-09 10:58:00,0.1590976741474,9.69848022253827,14.5327611103495,10.0409488890945,7.80641771754204,459.732379257563,2
2025-09-09 11:13:00,0.1438777533324,8.41770044484077,7.8617317777095,12.4001188894356,7.94234805165626,454.71811103021,2
2025-09-09 11:28:00,0.138481879227833,7.96714800032184,9.21641133382453,14.2610980002488,8.07496639562875,452.76079749128,2
2025-09-09 11:43:00,0.136094397781233,7.63361933346577,9.0503093338697,18.6162542224357,8.47962303024094,449.829423206266,2
2025-09-09 11:58:00,0.1362194496127,7.01180066677343,8.74596711173697,23.6617126665568,8.62500563193652,448.579112901056,2
2025-09-09 12:13:00,0.137767592628967,6.39035488895416,7.817151333997,24.7386908887072,8.65483764429244,446.093969921706,2
2025-09-09 12:28:00,0.1431021630231,6.49832244451897,4.3144237776356,22.8272786662647,8.47758457566071,443.80151393101,2
2025-09-09 12:43:00,0.1512028593057,7.66473088899591,9.26211400081183,19.830307777472,8.00013813867938,443.807958704586,2
2025-09-09 12:58:00,0.174120074069133,9.5809057779382,9.13596244515654,18.0240704441654,7.96702386683799,445.182551899564,2
2025-09-09 13:13:00,0.152075585246733,7.05977111130553,4.33521266655577,20.2938884438433,7.84959176643584,440.73480740776,2
2025-09-09 13:28:00,0.142605592653667,4.5648331112171,2.22332577773163,26.4731315554377,7.52958645321904,438.83553208478,2
2025-09-09 13:43:00,0.1435314666905,4.1320976752656,2.59087866659444,31.9247681713287,8.38357337775754,432.926456608614,2
2025-09-09 13:58:00,0.1426153555749,3.834467247898,2.11139399994464,33.3750165638917,8.75725494511347,432.732246427614,2
2025-09-09 14:13:00,0.140109340745733,3.50681179484607,1.97290355548257,35.709550888704,8.82446157161856,431.779012273354,2
2025-09-09 14:28:00,0.157182066685833,3.7958302392941,1.96703844436187,35.3244435554447,8.48517977382806,432.093832802923,2
2025-09-09 14:43:00,0.1606985703641,3.7571051281761,1.87907644436597,35.718836222264,8.60521407889331,431.962724513423,2
2025-09-09 14:58:00,0.1676398296075,3.81472834185897,1.9086182221404,33.875983144684,9.0536203049215,431.498780860707,2
2025-09-09 15:13:00,0.1715802222225,4.81903846152803,2.20913777769944,30.773342068769,9.76907359690956,432.73843554114,2
2025-09-09 15:28:00,0.169113407348433,4.98893246147453,2.98366311093304,35.200961332932,11.0079360056679,431.864216749776,2
2025-09-09 15:43:00,0.198056799989067,5.89328386324857,3.8218284443581,34.3552248197703,11.9002694907083,432.656996491996,2
2025-09-09 15:58:00,0.159836044419133,5.52179475209743,3.12090555541837,33.3389302387993,11.9289331057214,431.91479572188,3
2025-09-09 16:13:00,0.160386792584833,4.7466129230336,2.69638199988537,32.7083874525883,10.0709025994285,433.00315955193,3
2025-09-09 16:28:00,0.1616958740764,4.84468635899613,2.3084046665996,30.471069008673,8.43122994503279,433.11778458194,3
2025-09-09 16:43:00,0.160987555559167,5.6430297093605,2.39141266658147,28.3662604441877,7.43012052235577,433.829652651027,3
2025-09-09 16:58:00,0.161601022222133,5.17848302561183,2.3847762221463,29.210837110699,6.4458355457261,433.496484817064,3
2025-09-09 17:13:00,0.1553795703669,3.80767316236313,1.55272933326717,31.21227148667,5.59885621018483,432.563297232434,3
2025-09-09 17:28:00,0.158482207400433,4.8221191111097,2.1081913332382,27.9624675551423,4.99375604523353,431.092780763624,2
2025-09-09 17:43:00,0.157248688884633,4.59336333334776,1.64653244438937,28.3148304444107,5.20857797635466,432.293124584357,2
2025-09-09 17:58:00,0.160062140750067,5.09222977773146,1.82666466662144,26.901972444099,4.77023110688719,432.345243863451,2
2025-09-09 18:13:00,0.161817592601967,6.46672466649657,1.79693822218197,24.5104248884063,4.68072996625951,434.984971645727,2
2025-09-09 18:28:00,0.166163000021133,6.87336044439467,2.0035222221634,24.1475437773142,4.6997060914345,437.2815102932,2
2025-09-09 18:43:00,0.1745033333463,7.23058822213623,2.06710222215837,23.6608257775566,4.55073324809459,437.37845046573,2
2025-09-09 18:58:00,0.178411503731567,8.22045955530426,2.10871199992717,22.1929628889666,4.50118842943225,439.897181542033,2
2025-09-09 19:13:00,0.183697533370533,9.05189911088517,2.22188066659947,21.2602402222559,4.55363132944963,439.17195872884,2
2025-09-09 19:28:00,0.1961612000313,10.5218404441587,2.18368977771033,19.1750880001766,4.66685741788045,439.040618964133,2
2025-09-09 19:43:00,0.199820122252333,10.2541962219739,2.95238222214323,18.0839644446022,4.70542167145303,438.13933353281,2
2025-09-09 19:58:00,0.196549411154267,10.2669426664552,2.4311473332617,19.2629433334261,4.58376068039074,438.132585893953,2
2025-09-09 20:13:00,0.2083246889229,11.5030866662699,3.40576199985343,12.4824028885414,4.64345813819334,438.027872708837,2
2025-09-09 20:28:00,0.327234362976834,12.4895411111639,4.77210533337657,11.8129848889462,4.65181408235266,441.94096006024,2
2025-09-09 20:43:00,0.213320851878933,10.7188486665707,3.8400826665316,12.9639137778047,4.4915931937058,437.75108093351,2
2025-09-09 20:58:00,0.2107044222514,10.8392759997091,4.2886922220331,11.9900453331887,4.49846889019821,437.35620290913,2
2025-09-09 21:13:00,0.207259000034167,10.9547346664876,4.5254173331352,12.1659620000129,4.51367643470024,437.232177752517,2
2025-09-09 21:28:00,0.2181441037274,11.0696317775807,4.60378511099926,9.85627822207244,4.76425845417452,438.465858077147,2
2025-09-09 21:43:00,0.516521471900524,12.3112535555545,7.81164511154006,8.26969488833956,4.41651145970818,444.36043747296,2
2025-09-09 21:58:00,0.2012845037049,10.8724122220823,8.10829155576403,9.56370066595763,4.39428301285378,442.68921563699,2
2025-09-09 22:13:00,0.1838578037379,10.4500051108317,7.46506822235117,8.00640222181327,4.24647858257329,443.082212177003,2
2025-09-09 22:28:00,0.1772122666725,10.1213891106696,6.87543488903477,9.87221711027153,4.16313732515704,440.177208916087,2
2025-09-09 22:43:00,0.1739845778199,9.95211933308953,7.30896200015917,9.04053066621127,4.20164523177697,442.309347188293,2
2025-09-09 22:58:00,0.173438992630833,9.9056906661791,7.80434488894514,9.83705177703769,4.20567080106731,440.668022071296,2
2025-09-09 23:13:00,0.167528674094334,9.63251933310335,7.818564888888,7.8462593330295,4.18412869203702,441.27647363987,2
2025-09-09 23:28:00,0.163326481509267,9.64236355563147,7.69651977780084,7.90943555540933,4.02647019592746,444.072636568787,2
2025-09-09 23:43:00,0.173946474095233,10.2799148885481,8.07984533339041,6.31621955545283,4.12416237751028,444.75794191257,2
2025-09-10 00:11:00,0.169255903714367,10.0742200000925,6.88477933337804,6.6772851110501,4.02307933385802,445.59826082456,2
2025-09-10 00:26:00,0.163907462979867,9.66722733337216,6.75912288892134,6.9058004444101,3.94866624284166,445.515755716913,1
2025-09-10 00:41:00,0.159814103719567,9.7666393334636,6.61655244453993,6.81404199997363,4.03825263157201,445.970574482027,1
2025-09-10 00:56:00,0.172362974069434,9.75344400011607,8.24060666732351,6.68166866660237,3.87918604476176,455.584082225513,1
2025-09-10 01:11:00,0.171532181480767,9.64616311124426,7.24699666710926,6.7935284443858,3.98533091426302,457.2965007347,1
2025-09-10 01:26:00,0.1621939777845,9.39711511116777,6.36941644449807,7.2042897777117,4.04531949463918,446.85251286845,1
2025-09-10 01:41:00,0.165167877774667,9.64491733342456,7.96276155616834,6.70944955550356,3.98074537369341,449.106432408203,1
2025-09-10 01:56:00,0.1624522222224,9.53680377784623,7.94208711172483,6.74625177771927,4.16369438375569,450.080124944743,1
2025-09-10 02:11:00,0.158800388902067,9.53389955572503,7.6886660005706,7.04827577772033,4.30986198169665,446.514040625114,1
2025-09-10 02:26:00,0.156843129631567,9.19390555561156,6.23776622226307,6.93083955553353,4.44187869985645,446.26298961203,1
2025-09-10 02:41:00,0.150967403717667,8.99818244444219,6.370938666752,6.97738466665493,4.37695238472417,445.280804697607,1
2025-09-10 02:56:00,0.153801933345767,9.00969644445449,7.02487977821613,6.84251288886703,4.40783593138793,445.882259689853,1
2025-09-10 03:11:00,0.150419244453933,9.25538111119876,7.96595355620114,7.1476015555369,4.20237894449594,446.457411012927,1
2025-09-10 03:26:00,0.148395366685167,9.31844755572137,8.5441753339186,7.14270466662286,3.83674500903885,446.876417796657,1
2025-09-10 03:41:00,0.162745101423933,9.09737377796103,9.32941822287099,6.63773111105443,3.98640953541797,465.741371727847,1
2025-09-10 03:56:00,0.161773182907933,9.4578417779653,8.576512000568,6.38298133328237,3.8077291792306,466.545298593113,1
2025-09-10 04:11:00,0.161869990313167,9.2634333334936,8.66196022265366,6.33339777770434,3.77235008406466,467.339813935913,1
2025-09-10 04:26:00,0.176670588900533,10.3679666668154,13.3758475542778,6.2675942221483,3.82297047369417,466.73644308584,1
2025-09-10 04:41:00,0.162029081478267,9.62340377798077,8.16163422259527,6.70206799989683,3.63767828416208,458.286629916273,1
2025-09-10 04:56:00,0.161764286610067,9.42236955575993,8.329820444826,6.55695977768423,3.62526708121245,458.829122835667,1
2025-09-10 05:11:00,0.1615529458699,9.33594377796733,8.15001933389087,6.64393822215317,3.61611662402859,458.813386488737,1
2025-09-10 05:26:00,0.153369256986333,9.4085020001765,8.15410666721707,6.7497828888294,3.87265320421492,449.09171767094,1
2025-09-10 05:41:00,0.161455523646767,9.29139977796773,8.49266088935333,6.65471822216983,3.9314367659002,458.2040268435,1
2025-09-10 05:56:00,0.1396579777776,9.39832333348333,8.17281488932123,6.98399177772813,4.29943633873849,446.10047134082,1
2025-09-10 06:11:00,0.146633714816833,9.50967755569703,8.4341686661621,7.25266244441047,4.15843266850758,447.05507061804,1
2025-09-10 06:26:00,0.145168677785367,9.49940133348237,8.57177911149983,7.09897422216743,4.10322837862208,446.653770465443,1
2025-09-10 06:41:00,0.1652633162402,9.29719355570733,13.8163573321821,6.49818133327416,3.74587857879131,466.641801350813,1
2025-09-10 06:56:00,0.164526064383367,9.1271533334766,13.6989371099237,6.42137711104873,3.9563882983982,465.757277970467,1
2025-09-10 07:11:00,0.1626561606877,9.5091800001687,12.848653332253,6.41642799994136,3.87454940099912,465.79643440765,1
2025-09-10 07:26:00,0.163082259249367,9.47024022233733,9.47723311041907,6.3712015554899,4.02532121806741,466.855724484523,1
2025-09-10 07:41:00,0.166667259253933,9.54232733348077,8.67134711155376,6.57895466660503,4.30668332996508,458.350524637907,1
2025-09-10 07:56:00,0.1616315629877,10.3230720001484,9.80644644359145,7.1233737777628,4.47454153081475,446.254294826443,1
2025-09-10 08:11:00,0.163140922227267,9.6305800001765,11.7282473324847,6.95393422216356,4.23584064005725,448.246868803516,1
2025-09-10 08:26:00,0.157966088902833,9.548378222387,12.9161033322949,7.30784044442099,4.22594300796139,446.60498149671,1
2025-09-10 08:41:00,0.163957748173533,10.2142157780255,9.12849977827273,7.24762777774182,4.47387286107644,446.359389018677,1
2025-09-10 08:56:00,0.163696503718267,9.65890311140009,8.41460422248223,7.78438399999635,4.96658541823196,444.86109534363,1
2025-09-10 09:11:00,0.1604526000134,9.21983311134366,8.68097488947467,7.72691311111279,5.01571409278902,444.829622929937,1
2025-09-10 09:26:00,0.154005607442933,9.15775911137323,10.0936668896238,8.08815000008629,5.1642905148055,446.399267713273,1
2025-09-10 09:41:00,0.1518640963534,9.7316688891194,11.5700815549181,8.90884622237382,5.00497545586439,447.73048032811,1
2025-09-10 09:56:00,0.142146762995033,8.7024760002004,13.9067746657597,9.17624577793102,4.97056460090012,449.53315736558,1
2025-09-10 10:11:00,0.139385094058467,8.33627022248496,7.57725177762619,9.47533533340971,5.0217520651742,449.60749733861,1
2025-09-10 10:26:00,0.1407401162653,8.1326555557793,7.64592222208176,10.300870666865,5.1330456089274,449.929478308913,1
2025-09-10 10:41:00,0.145680138487333,8.279232000187,9.30554177760637,10.2340368892017,5.07778320647908,455.665545117543,1
2025-09-10 10:56:00,0.141623760664067,7.77632777803407,7.6847822221486,12.8131011116147,5.34568061483977,454.340752547373,1
2025-09-10 11:11:00,0.142026271819167,7.63846266690104,7.6938591110812,10.669022889123,5.38715048588075,450.783937840673,1
2025-09-10 11:26:00,0.137910701475,7.63034533345643,9.19344088935926,14.1025362220377,5.601818885082,445.44472934403,1
2025-09-10 11:41:00,0.1387053185736,7.31926977783373,7.01578266658186,18.0672048889212,5.82698375876364,443.857952392469,2
2025-09-10 11:56:00,0.149253770429267,8.41113911128537,7.32159533325196,15.8658264443861,5.76119539990426,444.661620481123,2
2025-09-10 12:11:00,0.1559301556214,8.51265600010627,8.73236600020397,15.0361224443388,5.95683651382138,444.82417965579,2
2025-09-10 12:26:00,0.155141918568467,7.8743228890566,6.23348088864327,17.7340599999436,6.00211352683453,441.30326995195,2
2025-09-10 12:41:00,0.168548822254466,9.7534888891419,9.83981822277516,15.9950264440988,6.36102897672022,447.991417855186,2
2025-09-10 12:56:00,0.1657381778094,9.3551242225395,6.83059288866221,18.70119399954,6.54671480652347,444.24459713382,2
2025-09-10 13:11:00,0.152741911166534,7.19641800017753,4.26571977767764,20.9366562218816,5.98139810342659,442.1350964358,2
2025-09-10 13:26:00,0.1520478963139,7.16041400021773,3.71559577770993,25.6903288889476,5.76990138944911,442.46330256396,2
2025-09-10 13:41:00,0.148639681509233,5.68406800009073,2.96668155548307,27.8823088890243,5.83095105258508,438.466452099411,2
2025-09-10 13:56:00,0.147707696320367,5.37092148726497,2.88695711103277,30.1721493339127,5.54080562450504,436.24684719558,2
2025-09-10 14:11:00,0.157562518534167,6.07994177784854,3.23052799987957,29.405286222618,5.7095827136488,437.449170740177,2
2025-09-10 14:26:00,0.146718188939633,4.40853335045423,2.35659199998184,34.3916941361687,5.69541231630655,432.814348083897,2
2025-09-10 14:41:00,0.153091274114533,4.1071157948856,2.11692755550107,36.152550944423,5.87822017060077,432.758816271587,2
2025-09-10 14:56:00,0.156018325946733,4.04663823933383,1.95914866663757,36.0800980000283,5.52624975247602,432.546577854703,2
2025-09-10 15:11:00,0.151672955586633,3.77796747005573,1.91551533325097,33.9645269395593,5.36573218485471,431.9389187053,2
2025-09-10 15:26:00,0.148208518520167,3.84956890594597,1.77224511104274,35.8191495551787,6.20545063321858,431.143535021393,2
2025-09-10 15:41:00,0.155003562942267,4.14662335037403,1.76383222216064,35.7827624441584,6.14764518215884,431.70958143652,2
2025-09-10 15:56:00,0.196258792606534,6.15464962397647,4.13031088884697,32.8646911105717,5.91349636048088,432.814891666326,2
2025-09-10 16:11:00,0.1509789777662,3.60567584611967,1.70509133326357,34.6754531960243,6.19387386059246,432.088967922753,2
2025-09-10 16:26:00,0.168444585194633,5.12953666664776,1.87212177771354,29.13068073505,6.13771459801929,433.08392070801,2
2025-09-10 16:41:00,0.172925925947833,7.81528111090261,2.18670755550263,24.5499599996096,6.10357051842429,437.750833150634,2
2025-09-10 16:56:00,0.152864281493133,5.32661176065853,1.96422155552354,27.558095999649,5.86558844706744,433.181191082597,2
2025-09-10 17:11:00,0.152629318515633,4.39922348711136,1.72835266662804,28.5112882218213,5.25188801647174,432.915829963864,2
2025-09-10 17:26:00,0.158212762955833,4.88875399994793,1.68197311106187,28.520032666203,5.20198702754068,433.919560986394,2
2025-09-10 17:41:00,0.1630294370446,6.47882933319586,2.00863488883794,24.9785651104796,5.19480916233839,435.839702991804,2
2025-09-10 17:56:00,0.166674222238667,7.15672266647343,1.87961377772433,25.0362586659956,5.34527901588099,436.743086323497,2
2025-09-10 18:11:00,0.1783450370751,10.3453946665191,1.89737733326657,20.276351556017,5.13057918888127,439.517151271623,2
2025-09-10 18:26:00,0.181770029649567,10.5128877776379,2.02351133325983,19.1228673338062,5.08886527759793,438.273753139456,2
2025-09-10 18:41:00,0.184713785220567,11.7764195554452,2.49171399991777,16.4017097778856,4.8844691931175,437.996735734973,2
2025-09-10 18:56:00,0.188974288927167,12.815416888946,3.02751355539913,12.0918739998156,4.76388698222788,438.093085560007,2
2025-09-10 19:11:00,0.297901674063834,14.0168431113871,3.3008031110068,11.3122837775306,4.93323932806027,440.66246454396,2
2025-09-10 19:26:00,0.194282092633633,12.2032395554404,3.1752995554115,13.0788884444434,4.42158736098416,437.807722396914,2
2025-09-10 19:41:00,0.1966661519059,12.1957593332325,3.52339888873807,11.6195346662871,4.23995500763235,437.42154548706,2
2025-09-10 19:56:00,0.195005692641167,12.9576951112707,3.73038133316993,12.1197348885716,4.1861245834215,437.85986741429,2
2025-09-10 20:11:00,0.194751707442067,12.7925317777925,4.11291199984187,11.3829559996702,4.29367054083671,437.77218817525,2
2025-09-10 20:26:00,0.202624274119533,14.1361671113353,4.08744222204984,10.4196048884492,4.80845672658342,438.153787194524,2
2025-09-10 20:41:00,0.2013801778043,13.4040691113713,4.33374422206274,10.1531142217221,4.94908234233366,438.286475733924,2
2025-09-10 20:56:00,0.2143370296869,13.5798968888981,4.66047688867447,7.9119844440863,4.8120004817087,439.016364307923,2
2025-09-10 21:11:00,0.2156588445021,13.9141608889519,5.91378377752337,7.0349017775535,4.88134078131299,439.49510192041,2
2025-09-10 21:26:00,0.2006346296296,12.0037384444158,6.2222133331477,7.50998399969789,5.07820813589524,440.22015863745,2
2025-09-10 21:41:00,0.205119892626033,11.9378040000404,8.48011377793217,6.58375066642837,5.11180048635466,443.776872711843,2
2025-09-10 21:56:00,0.1882834704097,12.4751164441613,8.85185000005613,5.02382933320527,5.14333711748875,441.631605672557,2
2025-09-10 22:11:00,0.182085018550267,11.4674608885246,8.16697200014727,6.71780044414047,5.53391429911679,441.72615886365,2
2025-09-10 22:26:00,0.177912140771633,10.3244604440462,8.15775622226397,9.76664044379319,5.9708066148053,441.698772435833,2
2025-09-10 22:41:00,0.174661525957967,10.6664079996251,8.10382555558374,7.831824888514,5.60579882262725,440.60237724954,2
2025-09-10 22:56:00,0.171744896322534,10.7387764438999,8.0765606666118,6.34978599975463,5.38263826511301,440.75991468525,2
2025-09-10 23:11:00,0.166700059291733,9.8966988885429,7.62592533329597,7.9203568884999,5.07007776722297,439.77678703684,2
2025-09-10 23:26:00,0.1627222000273,9.49623888879043,8.20413422226673,7.3712777775529,5.32566490380456,442.10263478313,2
2025-09-10 23:41:00,0.1584384222417,9.4742286667627,7.49719155564171,7.52213955549753,5.33093668057936,444.239031125667,2
2025-09-11 00:14:00,0.163983844442134,9.27385444448406,6.2315786667349,7.5091424443699,5.33119306025122,450.112423113844,2
2025-09-11 00:29:00,0.167185011104867,9.30678866674656,6.31889644452687,7.3664088888223,5.34122577901655,456.618855223064,2
2025-09-11 00:44:00,0.165412977779034,9.58137600000833,7.8249024450519,6.67314955549483,5.2423305921293,453.9513258343,1
2025-09-11 00:59:00,0.166601837041267,9.16116866665516,5.79812888891453,6.47839844438416,5.09028738801499,457.866240304487,1
2025-09-11 01:14:00,0.167357896297333,9.50229466673767,7.92505022283877,6.39883488881587,5.15804509253176,458.45892071933,1
2025-09-11 01:29:00,0.165351785179433,9.47568266678073,7.8124873339528,6.93080377769343,5.10141909089515,459.156293987417,1
2025-09-11 01:44:00,0.161619422213434,9.24373155558039,7.55576822282703,6.60725333325836,4.90317397434422,457.144927952473,1
2025-09-11 01:59:00,0.160683822217533,8.86368044450426,7.42006777835633,6.50679288881653,4.86197663295033,459.782937608754,1
2025-09-11 02:14:00,0.161492311109267,9.22949733343283,7.79394533396803,6.36629444436433,4.62640426032792,459.75589949236,1
2025-09-11 02:29:00,0.161979168094267,9.40210622241623,8.11768422264914,6.42759488880226,4.61776834157094,460.43015046416,1
2025-09-11 02:44:00,0.1604148643864,8.57589022227666,7.51158555618367,6.3059295554864,4.57308497721267,465.53166835543,1
2025-09-11 02:59:00,0.1612290125362,9.13468555569113,8.01871466731724,6.33194288880527,4.59505550766164,467.742773423017,1
2025-09-11 03:14:00,0.160282908820167,8.75257244459897,8.19774555620544,6.42113933325023,4.45777184274354,460.79939384938,1
2025-09-11 03:29:00,0.1614375088283,9.41004444463553,8.43995466727847,6.2963577777171,4.55641749872811,460.056656815807,1
2025-09-11 03:44:00,0.160978997719033,9.0504297779647,8.4961920007059,6.3373944444045,4.51926071112169,467.164401708117,1
2025-09-11 03:59:00,0.1613848569775,9.41946955575277,8.5929940005074,6.24239577770757,4.50608315798883,467.38525534632,1
2025-09-11 04:14:00,0.161961656983167,9.24136888906267,8.3736693339716,6.23344022217863,4.71477407316119,466.84007438989,1
2025-09-11 04:29:00,0.161717101425567,9.2210486668432,8.48694088960803,6.25038777773667,4.70827153965645,467.555883490327,1
2025-09-11 04:44:00,0.1627781407286,9.53839000014777,8.53392288961293,6.2355833332752,4.83012278030465,466.71786376082,1
2025-09-11 04:59:00,0.167596844443833,9.43512400011843,8.40283355629974,6.13904244438406,4.758235975862,466.69930724473,1
2025-09-11 05:14:00,0.1681432148127,9.66786711125574,9.23921400088473,6.16170777772119,4.79376206281428,466.974921535043,1
2025-09-11 05:29:00,0.1625292370342,9.35088200019094,9.24434800068726,6.32238688882653,4.95330113610337,467.99698728638,1
2025-09-11 05:44:00,0.1618767481443,9.33057933353617,8.43496711173894,6.28020711106323,4.7393685814252,467.373521845337,1
2025-09-11 05:59:00,0.172895448145633,10.1907775557132,9.07842822279963,6.35117222216937,5.8069415343741,460.50824633596,1
2025-09-11 06:14:00,0.176575233342533,10.2683340001588,13.3579804432861,6.5047748888341,5.00631141603128,471.745954582997,1
2025-09-11 06:29:00,0.179672733342,10.3525033335435,13.9881953321749,6.46022355550176,5.15612274109271,474.232568196747,1
2025-09-11 06:44:00,0.170479588889234,9.98338266679544,8.81596955598839,6.32068333328027,5.39234014918372,466.57314931395,1
2025-09-11 06:59:00,0.1698167518541,10.0275368889784,8.73200066718107,6.11142733326083,5.57110539947083,452.79523795992,1
2025-09-11 07:14:00,0.1723276851844,9.97887266679423,8.54858866598624,6.4071851110536,5.43438791781066,459.258015822404,1
2025-09-11 07:29:00,0.171865018511467,9.97684022240747,8.36788133324857,6.3768657777173,5.13924736767207,459.70267689677,1
2025-09-11 07:44:00,0.240128429672767,11.9460682222428,11.0764611117914,6.32567488885143,5.07656401454696,459.291226821283,1
2025-09-11 07:59:00,0.183931074082634,10.9307831112671,12.373086887871,6.53571933326529,4.95115103366883,457.962300242374,1
2025-09-11 08:14:00,0.1692429333422,10.2830604446875,8.88712933382886,6.88876577772256,5.05575383715828,447.365959111003,1
2025-09-11 08:29:00,0.172067855550667,9.7817215557658,9.64904666724959,6.96289222215416,4.89153189559569,454.786050846193,1
2025-09-11 08:44:00,0.1821667851987,10.7889466668429,14.9304382210653,6.7229595554865,5.01916872134587,458.084105252337,1
2025-09-11 08:59:00,0.2127488074584,11.5578388890789,15.2400588875485,6.9391128888604,5.66553248549695,454.638826909407,1
2025-09-11 09:14:00,0.191010348214933,11.4719013334332,13.4842319989117,7.4403475555427,6.50760076822546,449.012327037936,1
2025-09-11 09:29:00,0.1929935852557,12.6020451114902,14.8864399989155,7.74774422224923,6.70922856753489,453.319935135433,2
2025-09-11 09:44:00,0.1849622297091,12.257696444789,14.9434053324448,8.05970222226823,7.12127056213636,457.09636969177,2
2025-09-11 09:59:00,0.180119029703233,11.7938206670328,10.4502422217523,7.8312217778107,7.78821277402181,453.33300325422,2
2025-09-11 10:14:00,0.178155474155633,11.8498708893483,9.81548133320276,7.85834666671459,7.75923942903442,455.91701817335,2
2025-09-11 10:29:00,0.169151040813933,11.0004351115635,9.11331044421409,8.49934555561223,7.99776113564536,451.701748415683,2
2025-09-11 10:44:00,0.153365763016633,9.85765733374177,7.70407444436603,8.75055200006363,7.83410442454278,452.133951548644,2
2025-09-11 10:59:00,0.165636885247033,10.8664780004812,9.13149333326776,10.0582779999731,8.1739297815109,451.168688185443,2
2025-09-11 11:14:00,0.1744915852724,11.5711644449721,9.0896542220367,9.11952088901523,8.12544191165686,449.76223890658,2
2025-09-11 11:29:00,0.1622454185877,10.3360033337889,8.7346291110085,9.64579333354662,8.42834840945874,451.889788530164,2
2025-09-11 11:44:00,0.1703023593224,11.1309362226097,9.2553035554969,10.5784373333357,9.09272613750254,453.96657989375,2
2025-09-11 11:59:00,0.1889122370873,12.6870064447637,9.46320377762343,10.7674842223406,9.6594988700482,453.04661179364,2
2025-09-11 12:14:00,0.1826464407703,12.0399948891512,9.10951755549439,11.8072202224455,9.96150414871497,449.96987371432,2
2025-09-11 12:29:00,0.174974600044233,11.3069600001583,9.12015777803991,13.950487556087,8.91932141570173,452.755651295383,2
2025-09-11 12:44:00,0.184826118514233,11.7225540002358,9.90426177826673,17.8953777777936,9.20190959729855,452.677208827754,2
2025-09-11 12:59:00,0.193403200012133,12.3128477778745,10.1661622227464,18.3058033333239,9.91514019999644,451.18039139752,2
2025-09-11 13:14:00,0.1992128814854,12.6204131113679,10.8133182228279,18.3413359999549,9.6993086009186,450.187302586357,2
2025-09-11 13:29:00,0.194483274078467,12.0928502222416,9.48501044489963,22.7842446667403,9.89457242182866,449.611058976034,2
2025-09-11 13:44:00,0.198429244420067,11.3640593333045,9.64960133407639,21.4439431109374,9.21597326214223,446.498249812044,2
2025-09-11 13:59:00,0.197564570336633,10.5566622222948,7.36330133304994,18.9584826665844,8.43250004120493,444.6781171658,2
2025-09-11 14:14:00,0.1925385184772,9.76740800013881,6.07837377748557,19.183636222066,8.47072224409763,442.889549174203,2
2025-09-11 14:29:00,0.176613881468466,7.13093533335757,3.8345086665568,24.1355806670152,8.23096953270531,440.359259472051,2
2025-09-11 14:44:00,0.1716129777697,6.06748533339507,3.28296799990673,27.38123333366,7.66199717974135,436.913241183673,2
2025-09-11 14:59:00,0.188494014806133,6.96626830774707,3.4237955554488,25.2477300000075,7.19548469751108,437.002694094643,2
2025-09-11 15:14:00,0.1718898222265,5.73472353852054,2.65299644436953,26.5132966666587,6.93566415888027,436.487741437937,2
2025-09-11 15:29:00,0.169675370371033,5.57437131626327,2.58790911103693,26.6276937776487,6.89578252260576,434.522725534996,2
2025-09-11 15:44:00,0.171304533334,5.052781008515,2.46539022214927,27.9943017776663,7.1003777470113,434.49269494915,2
2025-09-11 15:59:00,0.1722181407467,5.39783682043746,2.0694926666272,29.1669466663477,7.17560872864656,434.57719935612,2
2025-09-11 16:14:00,0.173260977793267,5.8282686665289,2.05141822216347,28.0482017772387,6.7875983086242,433.944660581291,2
2025-09-11 16:29:00,0.188489192588433,9.00856711094044,3.1609502221752,22.496979333551,6.79760635060076,441.849270211307,2
2025-09-11 16:44:00,0.177946529630167,9.16360444429111,3.19351911105924,21.5998560003525,7.02546089091009,440.076984285153,2
2025-09-11 16:59:00,0.163690318522633,5.45658688877347,2.13597222216667,27.9737682215163,6.67682989343047,434.882076258891,2
2025-09-11 17:14:00,0.168038051862133,6.52015711103947,2.09664044438883,25.2740231103086,6.5039303907082,435.442378560624,2
2025-09-11 17:29:00,0.177355333336367,7.37313799989617,2.23331022214997,24.2137382217546,6.40847754250243,437.34198025257,2
2025-09-11 17:44:00,0.175849814826033,7.85353799983948,2.3734748888241,22.7182748888863,6.4685720635335,439.541583297894,2
2025-09-11 17:59:00,0.197419625945933,13.1437477781242,3.6028697776763,16.3819815556057,6.60264817503759,440.24038542423,2
2025-09-11 18:14:00,0.1973788333529,12.0588348888887,3.12875222213501,18.135320444545,6.47562516196909,440.13244452637,2
2025-09-11 18:29:00,0.185529414843567,9.42324733317396,2.6086753332606,21.2071431110307,6.55143534053968,440.333740161983,2
2025-09-11 18:44:00,0.1870900370718,9.36494044439177,2.50657955548994,23.4886308888019,6.45954157550781,438.838269454043,2
2025-09-11 18:59:00,0.195225018563133,12.3904066667299,2.6843584443461,18.3415313334403,6.41513662873472,439.213061001987,2
2025-09-11 19:14:00,0.209030988919967,14.4193277782722,2.9474895554848,16.777981333383,5.86156756948131,440.840653727933,2
2025-09-11 19:29:00,0.205150774114467,13.5223075557865,3.07357888877507,13.8388173335065,5.85892700422397,439.172512056277,2
2025-09-11 19:44:00,0.2057607852206,11.8491264443716,3.7684906665222,14.0324295555675,5.41801369116399,439.301091010963,2
2025-09-11 19:59:00,0.1947657777935,12.19761644435,4.12596333320963,15.5745142224115,5.09403844838254,439.659099520857,2
2025-09-11 20:14:00,0.2007057703779,11.1202382221704,3.8150446665976,18.411252000064,5.1098823876353,439.60572698455,2
2025-09-11 20:29:00,0.196666200005,12.5942782222114,4.34531911100393,12.0041419997383,5.50208214137366,438.764503969673,2
2025-09-11 20:44:00,0.206895948170133,12.6403726665532,4.08808955540607,16.0473204445744,6.21571406524928,439.824081543926,2
2025-09-11 20:59:00,0.196638244445533,13.3699435555267,7.07098466637973,12.0377766668928,5.94576534273826,438.586257123533,2
2025-09-11 21:14:00,0.2029637777872,14.906075111672,5.3972188886039,18.0134375554702,6.79527755367251,440.47594424183,2
2025-09-11 21:29:00,0.1955776666809,12.2255557776526,4.50837444428333,20.341996000483,6.74629467361258,440.630777032883,2
2025-09-11 21:44:00,0.183003481517033,11.6113104443574,4.70354422210493,20.460810666991,6.44327832712214,440.510881078853,2
2025-09-11 21:59:00,0.1730606962552,9.42169488861419,3.73473488876823,22.6049786673807,6.6215632129906,441.832648637814,2
2025-09-11 22:14:00,0.1801437370422,12.1527931108258,7.4879957776999,14.1474102223605,6.19206671731449,440.12670590329,2
2025-09-11 22:29:00,0.171391177768566,11.3974364443619,4.34533088880033,20.780090000412,6.49606882224955,440.937582838827,2
2025-09-11 22:44:00,0.162846933314667,11.0473026663139,4.78428911098383,19.91330244452,6.56536292801905,438.071538941453,2
2025-09-11 22:59:00,0.156960318484633,10.5208328887596,3.84113133325323,21.112177778052,6.6153783423224,437.79252026099,2
2025-09-11 23:14:00,0.1540844369832,9.77930488879163,3.09325577772267,21.398524222446,6.49439179872798,437.186331244073,2
2025-09-11 23:29:00,0.161482425909,11.1838353330129,4.88317199995616,19.0077202220793,6.51316171430597,438.58800974071,2
2025-09-11 23:44:00,0.175556711079733,12.3740475552929,5.47183377771493,18.0382460000769,6.90982839243178,440.614082381897,2
2025-09-12 00:13:00,0.154845029649133,8.6647008886797,5.08683977754824,15.6277046672239,6.08495336483711,436.934174954176,2
2025-09-12 00:28:00,0.144439837086867,7.77827511098,4.595083999802,15.7827500002492,6.11482105572807,436.58477242361,2
2025-09-12 00:43:00,0.1385772111465,6.97362177775013,3.8702719998664,17.9479333330737,5.95228187114277,437.812687602767,2
2025-09-12 00:58:00,0.135036633346,6.4597206666233,3.1294911109956,19.7442404443118,5.99856610078573,436.41878913717,2
2025-09-12 01:13:00,0.1334517666783,6.54908644443903,3.1855359998712,19.6196551108852,5.84163183964671,436.76362425489,2
2025-09-12 01:28:00,0.1367127370813,9.19601933303986,8.27235266732997,12.3805455551541,5.85394412096096,439.269364212117,2
2025-09-12 01:43:00,0.1332815384937,6.730704444352,3.78303622206047,16.3878815555628,5.68776852968369,437.402353104027,2
2025-09-12 01:58:00,0.132514164427733,5.99664511109764,4.30702399983643,15.7809097781174,5.55567065910583,437.918196800437,2
2025-09-12 02:13:00,0.133402490344333,7.23590511103131,8.29083244510607,16.1844866672157,5.79062280569433,438.43001010713,2
2025-09-12 02:28:00,0.132945527376233,6.63598488882777,3.45732911096313,18.0486735554498,5.68545474860924,437.60747880528,2
2025-09-12 02:43:00,0.133893477812967,7.58536733310631,7.88557066726034,15.7328102226308,5.81618202431714,437.88466167906,2
2025-09-12 02:58:00,0.133233966698,7.36594422214077,3.94933066648264,15.2358240004015,5.71346570083148,436.812181496983,2
2025-09-12 03:13:00,0.1326228162716,7.9050822221062,4.00244866651037,16.5349031120373,5.77558721017511,436.480664236843,2
2025-09-12 03:28:00,0.140472355642067,8.85650599945865,4.00943555540017,14.7343922226012,6.08864866413451,436.277608360547,2
2025-09-12 03:43:00,0.146086440777167,8.64936377755033,3.79166955543874,16.0849220000537,6.74309416723615,435.94315670564,2
2025-09-12 03:58:00,0.144945840768467,7.9526128887349,3.71655777767034,15.6469195554263,6.94283783977582,436.383662669107,2
2025-09-12 04:13:00,0.141162703779,7.97450088855979,4.3043035554234,14.2708808886129,7.03322817321032,436.56062566679,2
2025-09-12 04:28:00,0.142997603752434,7.82137133299696,4.3558157776425,14.0554928883741,7.06750592989222,436.122255240184,2
2025-09-12 04:43:00,0.1403383815619,7.74007466636972,4.27143577764283,14.4912684440912,6.92293385358626,436.92026030632,2
2025-09-12 04:58:00,0.1414345704415,7.97385133303209,4.55607488875326,12.9751326658355,6.76874480111972,436.814399931827,2
2025-09-12 05:13:00,0.1360311741233,8.00782666627989,4.00725111098943,12.2101419993856,6.76918131684155,438.397359382247,2
2025-09-12 05:28:00,0.136864840795834,8.32478044415016,4.54349288887163,13.0905595548817,6.71994074524329,437.43403085767,2
2025-09-12 05:43:00,0.134913648196434,7.67785133311603,3.79595111100563,13.5848097773125,6.84534528496439,437.447011868293,2
2025-09-12 05:58:00,0.134666877816867,7.50974799983743,3.80437199989567,13.7667126663116,6.38676952584177,437.121994154327,2
2025-09-12 06:13:00,0.1443155408026,8.72458866653772,4.87432555542726,10.3785315551431,6.2836236449912,438.454098763917,2
2025-09-12 06:28:00,0.136935559296667,8.8556197776469,5.58601955538136,9.3750548884921,6.31382141769302,440.498140738376,2
2025-09-12 06:43:00,0.137089451889267,9.02618333308956,5.7360437776259,9.00462555521876,6.22737585921729,440.292585131146,2
2025-09-12 06:58:00,0.136918259291633,8.77626244427917,5.69512244429413,9.57849422179343,6.44019530497006,440.157878141417,2
2025-09-12 07:13:00,0.1376790148514,8.90888333316406,7.64655800056197,9.19076933296209,6.29529807037006,441.25289392447,2
2025-09-12 07:28:00,0.150804181520767,12.4373644441157,8.35942600025387,6.5369153331739,6.60879788733624,445.45425201215,2
2025-09-12 07:43:00,0.1565953148544,12.7242266663963,8.4504842225221,6.21350422206973,6.4164628655793,445.10977491293,2
2025-09-12 07:58:00,0.160256851890667,12.4368431108359,8.31233777801367,7.00718933307863,6.15177478663491,444.421226317333,2
2025-09-12 08:13:00,0.163302563002967,12.7023582223429,8.609883333146,7.77272555517202,6.47736584472477,445.000603512397,2
2025-09-12 08:28:00,0.162362333385167,12.1074200000757,9.1020586665866,6.8821044441938,6.21047364219198,446.119926709463,2
2025-09-12 08:43:00,0.1645975259806,11.3402240002199,9.14308377763266,6.6314171110238,5.75483661015218,445.432586852757,2
2025-09-12 08:58:00,0.158582544498033,10.2381673336601,8.6024357775617,6.94008133330616,5.2714824652393,445.53022922962,2
2025-09-12 09:13:00,0.156751588948333,9.8793182225998,8.3454955553759,7.57354511114069,5.2543058205849,447.395503322894,2
2025-09-12 09:28:00,0.155257470418467,9.70950422255831,8.16258199982147,7.68448555560696,5.69630346485221,446.858075312347,2
2025-09-12 09:43:00,0.152920214868967,9.5366048890532,8.06662177755667,7.78585311108949,5.81038913275848,445.536470411017,2
2025-09-12 09:58:00,0.138726737050267,8.94227266677894,7.88092244428113,8.93625311087592,6.0287898045892,445.132426310237,2
2025-09-12 10:13:00,0.1524427445004,10.1445002223258,8.02045111098807,9.25598488845952,6.0375383090939,443.366968051957,2
2025-09-12 10:28:00,0.151820625985133,9.80521466668847,9.493324444916,11.2259253330359,5.95812916047507,441.820280320214,2
2025-09-12 10:43:00,0.165690311164767,10.3937791111816,9.6382884449366,13.5240273335646,5.84930121686156,442.17637134778,2
2025-09-12 10:58:00,0.2099352814772,12.2844322221946,9.95689333310996,8.71120977750237,5.58177165298162,443.737802469957,2
2025-09-12 11:13:00,0.1699855408096,10.6679106670748,8.91059222208557,9.87967466664487,5.65952850185973,446.78014289416,2
2025-09-12 11:28:00,0.154589844487867,9.09567088919623,7.96580044423693,10.0433560000938,5.68351159970998,447.091887520207,2
2025-09-12 11:43:00,0.1502294741271,8.3142297779356,7.7562006665042,11.6231953332905,6.09389175475853,447.70119235396,2
2025-09-12 11:58:00,0.141985333371833,7.66218800015367,7.64163955539166,12.8997682223124,6.46806618979392,448.52370646376,2
2025-09-12 12:13:00,0.138087577816633,7.47805333345623,7.45505866660946,15.445930222204,6.69088438247247,447.773681033763,2
2025-09-12 12:28:00,0.142692988954634,6.97517555561803,7.37366155549433,16.7638495551497,6.64124155219383,446.34613719647,2
2025-09-12 12:43:00,0.141595685237567,6.53412377778617,9.26962222296913,18.1215808886572,6.73412361042419,444.869432903803,2
2025-09-12 12:58:00,0.148592825976567,6.76909688889713,8.8777282230023,17.6130919995719,6.82718146038646,442.438388332993,2
2025-09-12 13:13:00,0.149301955600167,6.73942341890367,4.65974933312593,19.5027231106499,6.81532454777455,442.230618181246,2
2025-09-12 13:28:00,0.134975918545034,5.42599222229137,4.31674844424907,17.8799402217662,7.14063021144321,442.51506868675,2
2025-09-12 13:43:00,0.148455992633867,6.58045230780103,4.13925933313833,19.3192031107823,7.25462421225636,441.83286192944,2
2025-09-12 13:58:00,0.156761103721,6.92647856416317,4.3321502220776,21.251888443876,7.20265414182745,442.057984709997,2
2025-09-12 14:13:00,0.148901318555733,6.11943194882274,3.18434066665213,23.6216146666017,7.54815043273389,439.484467973904,2
2025-09-12 14:28:00,0.1490678222385,5.82171634196073,3.0800024443811,23.746718000333,7.40493043439834,437.342015796624,2
2025-09-12 14:43:00,0.148652985189833,5.4608218975317,2.739844444368,23.749498000338,6.98267091340635,436.574407656864,2
2025-09-12 14:58:00,0.149854614780567,5.8947043419513,2.73855999992473,25.261361778063,6.45037377333689,436.656828845174,2
2025-09-12 15:13:00,0.145129296291733,6.2032726495459,2.31147488886463,26.0622975554983,5.51915979927126,434.420600378824,2
2025-09-12 15:28:00,0.147641311085067,6.14356326493109,2.2502312991397,25.9379606666114,5.34203095420112,433.95489312026,2
2025-09-12 15:43:00,0.1482262296129,5.5805990086187,2.2354948546994,25.739300889192,5.0792426533354,433.3742025026,2
2025-09-12 15:58:00,0.139566888909933,4.69660656420567,1.66784176071213,24.949670000158,5.25488497272748,432.349208117204,2
2025-09-12 16:13:00,0.1481582518365,6.39236266661676,2.17500688889407,25.7316279999723,5.43815557989331,432.886429888873,2
2025-09-12 16:28:00,0.178323203708233,12.2550311112085,4.10286399992157,19.0498293337895,5.5927236543748,440.166620499096,2
2025-09-12 16:43:00,0.156333851846067,8.01027400001667,2.52104755552487,19.7658375561165,5.67064256231003,435.068741798597,2
2025-09-12 16:58:00,0.145647170373467,6.34961399996466,2.03745933334883,25.183589333346,5.83605795017569,432.271406566164,2
2025-09-12 17:13:00,0.148270259244233,6.57829288881913,1.94703844446207,24.9731413332587,5.8897633842095,432.3637510527,2
2025-09-12 17:28:00,0.139276940746833,6.04946338461432,1.63472511116123,24.8626444445973,6.09112923683487,433.931975814564,2
2025-09-12 17:43:00,0.148302348143133,6.59289555542543,2.08808488888403,24.2890082222077,6.39783062878526,434.420736495634,2
2025-09-12 17:58:00,0.157869822235133,10.675433555644,2.8590364444054,22.9349722220057,6.53430956017675,436.69419521768,2
2025-09-12 18:13:00,0.164178288892333,8.9639439998212,2.46280355552484,23.8325835551603,6.38552824246841,437.479016749753,2
2025-09-12 18:28:00,0.1584420592629,7.97923177754134,2.05170577773253,24.4055993331097,6.37674872727503,437.099618214863,2
2025-09-12 18:43:00,0.163863718514967,8.04136911083627,2.31980663243457,24.2841353329647,6.2232110108506,438.06424811596,2
2025-09-12 18:58:00,0.178920066675233,9.53431377735816,2.8847331110566,21.7430782222297,6.16477620825059,439.810227032437,2
2025-09-12 19:13:00,0.175036459291833,9.4931668886752,2.51203555549027,21.7743726666052,6.28577805161922,440.51473070312,2
2025-09-12 19:28:00,0.174676725949333,11.8070693334144,2.83605822216394,17.9896564448021,6.29650057657468,439.133943070446,2
2025-09-12 19:43:00,0.179835866664567,12.2875726667484,3.69061977770494,16.2781722224515,6.01532591834067,439.308655693197,2
2025-09-12 19:58:00,0.178881762955767,13.6209535560296,4.10496666657743,12.414072444265,6.20809603159899,439.128093365467,2
2025-09-12 20:13:00,0.1841960222219,13.9887211115563,4.2894366665588,11.3002484443354,6.4164772553074,439.19387570781,2
2025-09-12 20:28:00,0.183386611112133,14.195382444715,4.3158268887618,12.1593586664569,6.46527597260776,438.895993003637,2
2025-09-12 20:43:00,0.183680248149867,14.4400175554711,4.608579555437,11.7536733331356,6.70028599575972,438.401932517757,2
2025-09-12 20:58:00,0.192578881490767,14.5766060001247,4.5575551109741,11.4226335552916,6.56353304918829,438.815961852417,2
2025-09-12 21:13:00,0.198410896291133,14.5600613332069,6.03384488876199,9.2545128886309,6.38434491052086,439.436993597187,2
2025-09-12 21:28:00,0.195685288882633,14.8643122221879,5.82116533322939,10.6230995553562,6.18841891570536,439.04713501304,2
2025-09-12 21:43:00,0.180056848154067,12.6359473331976,5.9898688888157,9.28649955509289,6.13111523262097,439.155326670427,2
2025-09-12 21:58:00,0.172720692626633,11.8769191109006,6.2140106665634,9.45287222162896,6.11793070990949,439.159603611324,2
2025-09-12 22:13:00,0.164853933343533,10.8175195557452,5.86917999996543,9.58708222172839,6.3977009599041,438.225946395181,2
2025-09-12 22:28:00,0.161725392617333,10.9383171113418,7.95979688890951,8.3381719996939,6.14528457370293,442.39710960707,2
2025-09-12 22:43:00,0.168439822235967,11.3166095555285,7.90874155559527,8.43934911060583,6.15065247891666,439.96682629285,2
2025-09-12 22:58:00,0.192642896327567,12.5327979998753,8.89712200003884,6.08636133319707,6.22120019394184,445.21668847749,2
2025-09-12 23:13:00,0.222270748197866,13.0724564443078,8.33229577778923,5.25856066665853,6.0460134687519,449.086847671187,2
2025-09-12 23:28:00,0.214105333404766,12.8737537777514,8.8647017777385,5.47690911110386,6.16354917788469,449.016787447967,2
2025-09-12 23:43:00,0.216794903776133,13.075884000067,7.80351666677827,5.38994422221393,6.78013345681563,449.19851799773,2
2025-09-13 00:12:00,0.217060592670966,16.294923777824,8.89695377799834,5.3857795554179,5.9612946608453,447.405943490826,2
2025-09-13 00:27:00,0.196159729632433,15.3132715555149,9.49147977861179,4.22199733325097,5.92775084972587,448.514422478393,2
2025-09-13 00:42:00,0.1855517407431,13.9507968888348,8.12432200011308,4.28445044434154,5.81730588978544,449.051078934593,2
2025-09-13 00:57:00,0.175310496342833,17.0404395555727,8.67355911167153,4.324969333244,5.9403386412862,448.360005062603,2
2025-09-13 01:12:00,0.179274051863033,12.6089013332519,9.13862600071769,4.628950222127,5.62781947749816,448.683397463334,2
2025-09-13 01:27:00,0.1810032740822,12.6649508888186,9.2002033341547,4.47821044436877,5.638657196025,451.203264327794,2
2025-09-13 01:42:00,0.1604514444798,11.0189151112754,8.3330477784875,6.81557955539633,5.47844895939505,445.779650150774,2
2025-09-13 01:57:00,0.156714588914367,10.2157051112227,8.41702266722896,7.1157399998771,5.06605258803426,446.942142487981,2
2025-09-13 02:12:00,0.160579051882333,10.2476093335455,8.6068004451509,6.96220355543083,4.93503038657982,447.095781279907,2
2025-09-13 02:27:00,0.1411535185474,9.37657355556997,8.55587488970233,7.26537355541226,4.81965097363123,444.543554740727,2
2025-09-13 02:42:00,0.137237853298133,9.1766871112075,7.6810822228235,9.53329688861935,4.55521576888141,443.582597743397,2
2025-09-13 02:57:00,0.137397249596,9.04875266675304,7.68868622282513,9.06882244416973,4.44565607364985,444.01038122889,2
2025-09-13 03:12:00,0.138102657009033,9.3280208889457,8.12500622294127,7.54204066652817,4.41288783631382,445.16115058373,2
2025-09-13 03:27:00,0.1616445162457,9.86239022230044,8.51595511158673,5.5696168887744,4.5685751179862,453.176374918503,2
2025-09-13 03:42:00,0.1613023310512,9.62062000006731,8.38184088956567,6.25446111105003,4.42884590036639,461.250869589707,1
2025-09-13 03:57:00,0.1586108347508,8.42189355559576,7.90179044514237,7.2896068888122,4.24991141773978,457.122241428803,1
2025-09-13 04:12:00,0.137073197743067,8.9317251111605,8.12209155625977,8.12465622203033,4.44485757791426,444.937224909127,1
2025-09-13 04:27:00,0.138533234785067,9.28787933323879,7.5015304450359,6.41342688877683,4.81296180265869,443.361744948743,1
2025-09-13 04:42:00,0.140372182919333,10.5222357776084,7.68295800060746,5.16678533323183,5.20299635168965,443.964875820596,1
2025-09-13 04:57:00,0.161222553274633,9.65346155560947,8.6212968896273,5.48780533322816,4.85787906952262,450.587935518073,1
2025-09-13 05:12:00,0.143306037057967,10.4885197777601,8.90573977860777,5.42930399990407,5.10737590902987,446.502650537543,1
2025-09-13 05:27:00,0.143016560698867,10.9884035554989,9.3038984452858,5.10289711101983,5.34915045544545,446.965910153893,1
2025-09-13 05:42:00,0.143457237032067,11.4134184440619,8.79135555632267,4.64318488878157,5.57343671918803,445.574551419366,1
2025-09-13 05:57:00,0.144949940751567,11.0644748887594,9.00109266732089,5.26687977764023,6.1528649111939,445.932857172833,1
2025-09-13 06:12:00,0.147112318537033,10.4481395553628,9.1787255564903,5.14230466653337,6.35640006848615,444.534135923126,1
2025-09-13 06:27:00,0.142221792617367,10.1691646665373,8.90076511194,5.54596222213167,6.29023893468158,446.108818354757,1
2025-09-13 06:42:00,0.144978903711333,10.6463202221281,8.34063711154796,5.12996799982073,6.97045033477331,445.470503636036,1
2025-09-13 06:57:00,0.151243551866133,11.0125919998535,7.99443333368526,4.94930399988016,7.23984258173241,446.19227783553,1
2025-09-13 07:12:00,0.1647912704212,10.9371366667668,8.8311331105348,5.5476086665199,5.97247351936175,445.848263034203,1
2025-09-13 07:27:00,0.150479985222333,9.87541599992944,8.1895066668791,6.47836044438009,4.93064172607975,444.808944130357,1
2025-09-13 07:42:00,0.138019023675833,9.1038117779677,8.1956411113486,8.63870799988609,4.5145033985358,444.131952271163,1
2025-09-13 07:57:00,0.133742944453033,7.0096033334939,8.1588731114265,10.3345608884368,3.94730903765965,442.692138418093,1
2025-09-13 08:12:00,0.133050506562667,6.92310933352003,8.39285111142066,9.87748466643017,4.10948441859248,444.01058170581,1
2025-09-13 08:27:00,0.1332935213793,6.84454400014203,8.76602266696423,9.9218422217774,3.82097457230995,443.419573159887,1
2025-09-13 08:42:00,0.132117536194467,6.6713564445368,9.4081031116792,10.7200375549243,3.44715922906965,442.10225683636,1
2025-09-13 08:57:00,0.132655936195467,7.03475311124547,9.49101666716177,10.3950773326551,3.41322090020304,441.79968705719,1
2025-09-13 09:12:00,0.130851995453633,6.08706694013797,9.32019022280677,14.9571611108579,3.46153510409332,439.74075703741,1
2025-09-13 09:27:00,0.1316995435983,6.62222271799473,9.3191455561201,13.0365239995239,3.39722048758265,441.19861810319,1
2025-09-13 09:42:00,0.1345037644109,6.78277582909048,9.2502024451429,12.1789146661114,3.50135650950712,441.39267507603,1
2025-09-13 09:57:00,0.131841921373967,6.62835466670657,9.41771333390557,12.3918002215702,3.58439854466165,441.249959755943,1
2025-09-13 10:12:00,0.131815647296733,6.23234422223277,9.30906355616737,13.506255332766,3.72714093411017,441.327578183297,1
2025-09-13 10:27:00,0.136731533350534,7.01511888899487,9.34895466733726,12.3287493326786,3.90597923303181,441.0453121447,1
2025-09-13 10:42:00,0.1321496227997,5.1841171623441,9.20616844529957,16.3554391111855,3.9830113462387,438.312597837777,1
2025-09-13 10:57:00,0.1324263014532,5.67517088884487,9.21983200078306,16.7451033334398,4.15283741877447,439.727257370073,1
2025-09-13 11:12:00,0.133266911130067,6.2780806666495,9.211966889743,15.952802889236,4.36702539626537,438.585179125247,1
2025-09-13 11:27:00,0.138250666721367,7.56933333337417,9.34822177836027,14.0383639999667,4.63388205511255,440.271644605226,1
2025-09-13 11:42:00,0.133082525945234,6.51291555555713,9.1736215564102,16.6015017781904,4.80874927627912,438.936850262787,1
2025-09-13 11:57:00,0.132464842187767,5.48277933334963,6.8742891115652,18.6141493330734,5.01825494544864,438.156147183063,1
2025-09-13 12:12:00,0.133064407424467,5.89619155556367,8.14073088960914,18.2618237776161,4.885328680015,438.437663662543,2
2025-09-13 12:27:00,0.141209337098334,7.49305777782418,9.37230333411679,15.981537778165,5.04272952809683,440.218532284563,2
2025-09-13 12:42:00,0.135011103730267,7.30525400004208,9.22523400078406,17.4677015556183,4.95354896940764,440.088016000357,2
2025-09-13 12:57:00,0.138807881513667,6.0067868889238,3.2049388887683,19.9675655556029,5.08841127701698,438.450154981,2
2025-09-13 13:12:00,0.152250851870867,7.48141222231587,3.82302711097013,20.2091797780503,5.11895071124618,439.034994122916,2
2025-09-13 13:27:00,0.134848170401134,5.31735984618183,7.03778533372793,17.4077131107359,5.25662635618576,442.10272608942,2
2025-09-13 13:42:00,0.1509175926267,7.24958258125734,8.9724366674461,18.0760977772535,5.47625207333039,440.47676777362,2
2025-09-13 13:57:00,0.136215037076834,5.4592342734759,8.19214444515573,19.6468146661955,5.44338530020344,442.53614547914,2
2025-09-13 14:12:00,0.135630553590633,3.61888523078027,2.25459533326523,25.4267513334876,5.54794051047233,440.985404637527,2
2025-09-13 14:27:00,0.134095862149267,3.5957945128615,1.76101777770543,25.1382888888553,5.57752374731923,435.763687466787,2
2025-09-13 14:42:00,0.135046455591667,3.0468190769958,1.62656466662993,28.5179299836947,5.59292956898742,432.443883292773,2
2025-09-13 14:57:00,0.136050088888434,3.342794034252,1.80961844436547,28.7403588897747,5.59082069663354,433.287924668834,2
2025-09-13 15:12:00,0.135719988886967,3.31974136757807,1.74176707687853,29.3178676246627,5.98850775476893,432.363202286283,2
2025-09-13 15:27:00,0.1369801663877,2.98398800002233,1.57910529911727,31.973519299176,6.02872666358707,431.105416279283,2
2025-09-13 15:42:00,0.135305101873167,2.8270641709256,1.3010640426978,33.6786793498267,6.1551341250243,430.880777574018,2
2025-09-13 15:57:00,0.136427903734833,2.80448398287607,1.24244066663463,33.4221432305764,6.48784306982263,430.59852814801,2
2025-09-13 16:12:00,0.138863488926033,3.10085420512507,1.49367066661444,32.9695039998543,6.56492210980228,430.451856943614,2
2025-09-13 16:27:00,0.142110755585933,3.70941666663306,1.57048377774557,32.6245733333463,6.45491935519882,430.145200871317,2
2025-09-13 16:42:00,0.140187681510533,3.8382062221955,1.43149288885934,32.2946033330554,6.30445858565943,430.362848396873,2
2025-09-13 16:57:00,0.138744400027533,3.1356639999692,1.3770619999632,34.774730666278,6.48895656309878,430.72169221921,2
2025-09-13 17:12:00,0.142409088904533,3.62044942854533,1.43235999996164,36.148003333485,6.73045709553228,430.559835551243,2
2025-09-13 17:27:00,0.145419829644333,3.716557555535,1.44201088883967,37.0628255556773,7.04027602263176,431.599033022973,2
2025-09-13 17:42:00,0.165081222226533,4.15160555551767,1.35898777775453,37.7885895551827,7.13784466420548,431.659416544344,2
2025-09-13 17:57:00,0.174544533339967,6.76112949210177,1.46135066661333,36.4494311111923,7.27068194822297,432.282990427087,2
2025-09-13 18:12:00,0.1714088666694,6.71418641273143,1.4298439999451,36.0357142220533,7.73685911665321,432.048381806914,2
2025-09-13 18:27:00,0.1721376222135,6.26435393653603,1.447129777724,36.3839119999566,8.25585355652904,432.05568370488,2
2025-09-13 18:42:00,0.176208362958,7.50152977780423,1.5606811110318,35.8012135555633,8.52874459150282,432.390600584363,3
2025-09-13 18:57:00,0.1808251259753,11.5156304441394,1.793204666601,30.6690217771791,8.59953096306804,434.970555027164,3
2025-09-13 19:12:00,0.203618777834733,14.88674222211,1.917887555485,23.2513788880396,9.03159717626852,438.541298664127,3
2025-09-13 19:27:00,0.235625918537034,12.9319359995969,1.81945111104807,27.1967391102118,8.79250883043652,438.223482940267,3
2025-09-13 19:42:00,0.190426051917067,11.1140735552415,1.8673215554936,27.3407593326768,8.63628122423377,438.06001598374,3
2025-09-13 19:57:00,0.191674585259567,10.8255988886991,1.86880755548157,27.4571357767853,8.33036464475629,437.972111981347,3
2025-09-13 20:12:00,0.1954764000844,10.5503815553093,1.89864199993437,26.8643593324938,8.35671615884364,439.10019608862,3
2025-09-13 20:27:00,0.2012164519311,11.714100889058,1.9382251110667,23.0268022218853,8.37118599146614,441.648408997914,3
2025-09-13 20:42:00,0.202311155628933,12.7450277781702,2.15178044441964,20.3852642229095,8.0827091240041,441.572934810363,3
2025-09-13 20:57:00,0.1999842741555,12.1654695555728,2.75457066665307,20.6384100005872,8.18337556951515,442.45626245785,3
2025-09-13 21:12:00,0.206700685254133,14.8511480003832,4.84586911118863,15.1468591111189,8.38589067810624,441.083194951471,3
2025-09-13 21:27:00,0.202615837099966,11.8640308888694,3.79137666664447,19.8371417780978,8.26162678175153,442.59779521798,3
2025-09-13 21:42:00,0.203664837089067,12.0082584446591,4.85707688892946,17.8941120000558,8.20501759587627,441.395641751474,3
2025-09-13 21:57:00,0.201883766715333,12.6499615556887,5.71912533343269,17.0766680000115,8.19463799055363,446.118614713523,3
2025-09-13 22:12:00,0.2076156111794,13.0521299999993,6.14926777787893,13.6846002222894,8.15404281000559,450.473334940577,3
2025-09-13 22:27:00,0.197089748184367,13.1441475556273,5.98272755562436,15.3235551110165,8.12419117725481,441.673258059034,2
2025-09-13 22:42:00,0.1912480518896,12.9245242221783,6.36613688900346,13.9383564446425,8.029281514739,445.58907755506,2
2025-09-13 22:57:00,0.195614059302933,13.0188337778258,6.38580044455969,13.5438413333813,8.10408707295794,449.126391408407,2
2025-09-13 23:12:00,0.2054836482015,12.6345257775739,6.66902466678562,13.1221128894337,8.10394421775693,452.188726660517,2
2025-09-13 23:27:00,0.188053574107333,12.091267110872,6.16195733329673,17.8506920000028,7.65085946932386,440.222307492734,2
2025-09-13 23:42:00,0.1825631444349,10.923657111024,4.45861355539596,19.4862553337407,7.50414178821327,438.90370589558,2
2025-09-14 00:12:00,0.1714937037146,12.2445106663849,7.56507599994134,12.9331211116183,7.31990502237909,439.537697850444,2
2025-09-14 00:27:00,0.180949399972567,12.2437606663364,7.81384488881917,13.0112802224851,7.33986382136354,448.52578276614,2
2025-09-14 00:42:00,0.191770533303133,11.5390035553447,7.79671511105757,12.3218966669701,7.24182330390949,452.57714758592,2
2025-09-14 00:57:00,0.166414392584667,10.5162382216028,7.513323777794,14.1040962227746,7.24689032240263,440.970733960073,2
2025-09-14 01:12:00,0.158948625933567,10.2203944443382,7.1730833334144,13.835046444706,7.35096856648197,442.38981029025,2
2025-09-14 01:27:00,0.152536381474567,9.40989711107083,7.0792344444336,14.3896848893168,7.03002361560806,439.45602191892,2
2025-09-14 01:42:00,0.1461279963279,8.50378133324999,4.91312799977493,15.0313128895527,6.86555231334855,435.905993236154,2
2025-09-14 01:57:00,0.1551348889225,9.62812000011412,7.6699926666828,11.5069295553226,6.91122403190024,442.989537816611,2
2025-09-14 02:12:00,0.172591759270767,10.0743626668046,7.05733288894854,11.2409564444862,6.7587383320668,450.604008581127,2
2025-09-14 02:27:00,0.170915640742867,10.0948520001694,6.56181244454176,12.4630982222915,6.69237527401625,449.793675312611,2
2025-09-14 02:42:00,0.1567160889115,9.70064200009913,6.73260466675286,11.7967435555755,6.88367038818233,443.163015207164,2
2025-09-14 02:57:00,0.1715777592601,9.86009311121203,6.4726733334387,11.5938951112159,6.82576141251486,449.545277888817,2
2025-09-14 03:12:00,0.1685782740771,9.43079800000807,7.1921735557046,9.26556488862174,6.61116049140357,459.763422934253,2
2025-09-14 03:27:00,0.141828329654067,8.67325066668597,7.56424400061276,15.2281177780989,6.7496751619483,445.40027373604,2
2025-09-14 03:42:00,0.138916288930633,8.20491377779034,8.0528788895152,17.116309334108,6.47630881903804,438.802946509874,2
2025-09-14 03:57:00,0.133329800018633,7.6389855555579,4.3078362221213,17.8630824451261,6.41844166841253,436.964762670224,2
2025-09-14 04:12:00,0.1332828903511,7.42347555563327,7.53716666720407,16.3903055565741,6.16887698174747,437.221576569377,2
2025-09-14 04:27:00,0.139301763024267,9.0663264443039,5.5940384443118,12.3031171111765,6.34010589786161,440.160882932657,2
2025-09-14 04:42:00,0.151566937078133,12.1262975556945,9.23317311186913,7.44204755538753,6.65706339237522,449.41095908162,2
2025-09-14 04:57:00,0.148459437066867,11.772432444341,8.63876977847707,8.44313866634776,6.76051123982336,446.890040224653,2
2025-09-14 05:12:00,0.1389572259684,10.4543011109979,8.662286223035,10.718171999563,6.57419649220349,443.339902602164,2
2025-09-14 05:27:00,0.1373962630082,9.71500911117554,8.99559555643304,9.93474599956867,6.46699024705771,447.020534293837,2
2025-09-14 05:42:00,0.133273603729167,8.76287888905264,8.20611711151427,16.7879393342015,6.2719328063475,441.555438186217,2
2025-09-14 05:57:00,0.1324601162643,6.4243315555665,8.43240888954314,16.2360273339272,6.14567325737648,439.809927978813,2
2025-09-14 06:12:00,0.1355996940647,8.23977155535091,8.69133155621688,13.0693279997723,5.82607157394458,441.977560930223,2
2025-09-14 06:27:00,0.135250745919133,7.6944273331078,7.01816200042483,13.1819559994975,5.4254485313055,439.738550545354,2
2025-09-14 06:42:00,0.1343385236785,7.23966311098518,9.2172104452873,15.3618537783047,5.01519481138514,439.083270999167,2
2025-09-14 06:57:00,0.134585111159067,7.3390217775683,4.3529288886997,13.8719173330425,4.9838701062976,438.056989191337,2
2025-09-14 07:12:00,0.136686529687234,8.41605044404546,4.2712502220276,13.5994142220674,5.10332724926505,436.92099458494,2
2025-09-14 07:27:00,0.141659003753567,11.1501639998616,4.428190888681,12.1307611108343,4.91829225208757,437.98475655172,2
2025-09-14 07:42:00,0.147462477813333,11.4103435553341,4.85280777756327,12.0136026663023,5.01428158690332,437.453250032267,2
2025-09-14 07:57:00,0.157267500004867,14.8047777775685,5.16025333311573,10.4731222218718,5.31807141204141,438.065600571513,2
2025-09-14 08:12:00,0.1529939666571,14.0009786662375,5.00911466651073,11.0154151107383,5.42526024573611,437.43952079923,2
2025-09-14 08:27:00,0.1535430814748,12.5136362223162,4.66665599987873,12.4134017776757,5.45134373129813,437.017484162637,2
2025-09-14 08:42:00,0.155240388891467,11.219937777856,4.8259399998665,12.2077735554343,5.13715776804886,436.537225999557,2
2025-09-14 08:57:00,0.155794448151667,11.647855555564,5.24526155541506,11.7809117776745,5.14011824871582,437.657145947477,2
2025-09-14 09:12:00,0.1617671444645,12.4672582223324,5.601346444309,9.3894684440534,5.55397857562448,438.617331190673,2
2025-09-14 09:27:00,0.160926459277667,12.4256175553185,7.7776708895073,10.3094226663385,5.74116110510829,438.549816422323,2
2025-09-14 09:42:00,0.155532525947633,9.49922311079823,5.25905133320059,11.6872319996433,5.18984984917907,437.501038830533,2
2025-09-14 09:57:00,0.1503875815141,8.6580619997907,4.62721177767113,13.4442137773838,5.32378700823049,436.90569317143,2
2025-09-14 10:12:00,0.1879982333163,9.67469844407373,6.60568444429263,10.4428717772419,5.45824538355134,438.359829118213,2
2025-09-14 10:27:00,0.159628588917067,9.37833311092893,6.1937242220272,9.28972688844449,5.62130093890164,439.174267459386,2
2025-09-14 10:42:00,0.156801237066767,9.1984451110419,8.4338806672491,9.82954466611786,5.5141493305676,440.926978885123,2
2025-09-14 10:57:00,0.158881111141233,9.57351577771877,8.5796526670916,9.03873777742023,5.55241603350704,442.57539516326,2
2025-09-14 11:12:00,0.153477125938367,8.8162544445442,8.3950957782359,10.6904137774302,4.52502888464676,441.488284539987,2
2025-09-14 11:27:00,0.1412438889219,7.66351755549873,7.78037622281434,13.1233893331026,4.64671441127061,438.686337964943,2
2025-09-14 11:42:00,0.1409088111445,7.78374044444587,8.209171778413,12.8469015552104,5.0488199972658,439.68482386611,2
2025-09-14 11:57:00,0.135165266688933,7.6419364445187,8.59920777845564,12.9012939997766,4.77806800459755,440.211995808213,2
2025-09-14 12:12:00,0.1350831125717,7.57062200013697,8.59507177844534,13.0736791107922,4.56797356419594,440.15172668245,2
2025-09-14 12:27:00,0.135611271828767,7.64584266677803,8.54188511179837,12.2805777776742,4.7143097773148,440.011716054727,2
2025-09-14 12:42:00,0.1357594125677,8.0042444445698,9.20675177849093,11.8986482220431,4.9446165991115,441.612527128563,2
2025-09-14 12:57:00,0.147942351879034,8.33592866671144,9.46836200083803,9.83822533292557,5.15513310855144,441.25299666675,2
2025-09-14 13:12:00,0.138270055568567,8.06630600013836,9.28011355625569,11.0991064442453,5.2488261625448,441.373865022984,2
2025-09-14 13:27:00,0.136559529646967,7.87740600013203,9.23278044514826,12.957614222209,5.42964877130959,441.324036528387,2
2025-09-14 13:42:00,0.153230333340633,8.5007580001097,9.51414822307273,11.6235902218866,4.68638996226203,440.731233609784,2
2025-09-14 13:57:00,0.127433186335433,5.5308265983654,8.88301955625117,21.3982328891157,3.08784887913551,438.582970381183,2
2025-09-14 14:12:00,0.1298209823305,6.01302420514007,7.9688802228516,23.6119823585123,2.72557156036236,435.961459066357,2
2025-09-14 14:27:00,0.133190560714833,6.8816753333058,5.8268573337065,20.2805853332621,2.74863126670889,437.159521011143,2
2025-09-14 14:42:00,0.133349297741267,7.0554537777171,7.57448555616287,19.6497677774884,2.71363736661104,437.204946032863,2
2025-09-14 14:57:00,0.133464242194334,6.92204377772624,7.5243164450702,19.7183662221975,2.90191114378636,436.89226566498,2
2025-09-14 15:12:00,0.131454856993867,5.92147805130909,2.63908444435013,20.3483657778982,2.82077427480243,435.62395586827,2
2025-09-14 15:27:00,0.126815089461167,4.7320957778035,7.4860128895232,21.729117999936,2.74189022571732,435.393120389787,2
2025-09-14 15:42:00,0.130996445587567,6.3178542222228,7.7402740006692,20.1600015555368,2.84098708533606,436.36114536321,2
2025-09-14 15:57:00,0.1269545629627,4.98780928206116,6.00993200043843,20.6386682221323,2.89679748271452,436.405636318827,2
2025-09-14 16:12:00,0.129575648143767,5.84511311113146,3.48656755549423,19.9547286665412,2.79571146108738,435.97204353643,2
2025-09-14 16:27:00,0.133238697760167,7.71198711113324,9.28063733411056,14.7917833335674,3.10208743197202,438.83765746041,2
2025-09-14 16:42:00,0.135522742196233,8.11018577768934,9.24538777846956,11.4950142216558,3.55549396492341,440.541363446847,2
2025-09-14 16:57:00,0.132368257019133,6.1491233333631,9.08665511197104,15.8867260002032,3.06273343347099,438.02028681287,2
2025-09-14 17:12:00,0.112943592399697,4.58809258121153,8.91949177863674,22.1850891113273,2.74265937671332,435.86786036994,2
2025-09-14 17:27:00,0.1242893031461,3.60497169232224,2.00818666658313,23.4544726664794,2.73614321386654,436.249156745047,2
2025-09-14 17:42:00,0.131326456997433,5.963237316296,2.85315888882776,21.866788444563,2.78480112808048,435.722000471067,2
2025-09-14 17:57:00,0.1268331498638,4.47903933332963,2.5386964443781,21.1527999998897,2.79268345860478,436.17752802776,2
2025-09-14 18:12:00,0.132750942198967,6.40867133332937,9.0812582230752,15.209689333662,2.89646258033651,438.404678149737,2
2025-09-14 18:27:00,0.129293289200333,5.65023676925146,7.8147257784152,17.6196759998736,2.97614325205511,437.678942908347,2
2025-09-14 18:42:00,0.127318627071,5.57148844448336,3.79958911095537,17.5183822220584,2.91890667304997,437.68060040363,2
2025-09-14 18:57:00,0.129246925081067,5.78776921364793,3.4712735554184,19.0134315552081,2.92880926691226,437.613937671357,2
2025-09-14 19:12:00,0.1286223880465,6.30372582905736,2.29648399992037,21.096636000094,2.98532533932527,437.13483910015,2
2025-09-14 19:27:00,0.125393063261233,5.16383917947466,2.32815355547377,21.4802348892167,2.8377615107474,436.690767911727,2
2025-09-14 19:42:00,0.126013475214233,7.22209244427356,3.28512066659037,19.4787526664283,2.95953622087752,437.14882002445,2
2025-09-14 19:57:00,0.1245553048445,5.6413668888457,2.5524262221199,19.872598888775,2.96729073659741,436.51986542605,2
2025-09-14 20:12:00,0.134068871827767,7.1240697775679,3.4079108887611,16.3877402217631,2.89256020706785,436.926272564107,2
2025-09-14 20:27:00,0.134208756749667,7.13444688868567,3.86037545282494,13.6801004443493,2.8262976227407,436.066953516043,2
2025-09-14 20:42:00,0.1344845755509,7.49685177760897,3.92967355541427,13.6910239996187,3.22138943636561,436.97003460649,2
2025-09-14 20:57:00,0.133056892329933,6.02007377770316,3.60379088876507,15.5890888888678,3.1649509649264,437.422508856886,2
2025-09-14 21:12:00,0.1274970977288,5.46833133333206,7.08573355614207,17.3362382220977,2.93156827203203,437.85363295177,2
2025-09-14 21:27:00,0.1324188034439,6.3947571110437,4.2341122221759,14.1759233329443,2.88429985846725,437.26243200404,2
2025-09-14 21:42:00,0.126511575215833,5.0807179999891,3.11838911106407,18.8123037774781,2.89444570406744,437.721827160923,2
2025-09-14 21:57:00,0.132325214845867,6.78668444438783,7.35208333394904,15.3573217780621,2.85177192127816,437.704789236237,2
2025-09-14 22:12:00,0.1275621566994,7.03355599983013,3.27989977769094,17.0320644443233,2.5734790300134,437.428068732117,2
2025-09-14 22:27:00,0.131084938208067,9.63793733305326,2.27335601705563,19.0310831109764,2.59770079674588,437.923676392463,2
2025-09-14 22:42:00,0.1295765968862,9.74255511076187,2.17839923070607,19.88562000009,2.65608064429927,438.0393093577,2
2025-09-14 22:57:00,0.1274413453025,8.2506433331683,2.00321844441213,21.085161333473,3.03061920030029,437.138521804416,2
2025-09-14 23:12:00,0.131299864698233,9.39715955528426,1.8175187862812,20.0056219999717,3.03466118325485,438.046915803206,2
2025-09-14 23:27:00,0.1331707102789,9.98174911078394,3.1169795554878,16.4481011109173,2.89176424317548,437.294390245153,2
2025-09-14 23:42:00,0.131121895447733,9.36385999976576,6.6661520005465,19.0217451109514,3.61916379107896,438.156876548543,2
2025-09-15 00:13:00,0.131267188035433,8.11845311083998,7.39166311175234,19.9726777777617,4.22474677579509,437.825695472026,2
2025-09-15 00:28:00,0.1397695977687,15.0890224443539,7.7655746671495,11.4949022220236,4.23808552825503,442.214562653977,2
2025-09-15 00:43:00,0.137657297759233,11.1848688885658,7.80982911138543,13.7305417780554,3.72806490037488,441.996829489243,2
2025-09-15 00:58:00,0.1278691680949,8.41769533331734,7.62846444467973,19.3184486667095,3.34570217636885,440.888273232583,2
2025-09-15 01:13:00,0.127319182906833,8.5205351110733,7.53469133351206,19.8340413333735,3.45665006717184,440.834675477033,2
2025-09-15 01:28:00,0.127374249572767,8.39126577775484,7.61137177805647,19.8593157777898,3.47901777933237,440.937089484743,2
2025-09-15 01:43:00,0.1275866495637,7.77831511101434,7.09675022277644,20.6424595555222,3.89714200702841,438.165010749833,2
2025-09-15 01:58:00,0.126383807402933,7.7390922735433,7.29716533366967,21.7292073337614,3.66733921698216,440.028554317833,2
2025-09-15 02:13:00,0.125601333343167,7.711088222205,7.2358826669591,21.230315778026,3.5542725516538,440.1508167195,2
2025-09-15 02:28:00,0.123777703708967,6.11448911107483,7.03380222267351,22.0611095557697,3.38754571051993,439.224036666706,2
2025-09-15 02:43:00,0.124349548165133,6.79388555550894,6.99798933379721,21.6774568891918,3.40588781748339,439.18098273426,2
2025-09-15 02:58:00,0.124213874087833,6.9184586665995,7.07068711156337,21.9408311113853,3.41408399001339,439.593073090246,2
2025-09-15 03:13:00,0.124010940761867,7.33502733327624,7.02535666697,21.8612786669708,3.28268218149747,440.14830581612,2
2025-09-15 03:28:00,0.124024044470367,6.78042355546984,6.82799488936284,21.3163495557412,3.31263871281768,438.466870311346,2
2025-09-15 03:43:00,0.123351903717567,6.70461866664613,7.00917800029913,22.2430602225247,3.29964489256915,440.21914987326,2
2025-09-15 03:58:00,0.1235612148283,5.18769266665677,7.00182377820167,22.992353555881,3.36919641817556,438.370381888213,2
2025-09-15 04:13:00,0.123642977791633,4.9186326666208,6.55489377823467,23.3677291113617,3.30729744584353,438.325800032503,2
2025-09-15 04:28:00,0.116228894506274,5.98500399996733,6.66679066712797,22.8201780003507,3.35500503737808,438.110692258207,2
2025-09-15 04:43:00,0.116435686417156,5.2807717777536,5.93710355599537,22.5948833337427,3.40670038384901,438.167498394763,2
2025-09-15 04:58:00,0.1236528889058,5.9892411110755,6.87242866709534,22.9569688892087,3.231397253055,438.84470048277,2
2025-09-15 05:13:00,0.1238488889027,5.00049355550843,6.78587177820454,23.84044666678,3.37477436718404,438.085681192167,2
2025-09-15 05:28:00,0.1238799259422,5.68874177773247,6.75271466708787,23.3879946667237,3.27037496814698,438.32232796026,2
2025-09-15 05:43:00,0.1239953926017,5.82547466665267,6.9720455559389,24.5125495554843,3.24201782874679,438.774864005883,2
2025-09-15 05:58:00,0.123699377785567,4.85880622213454,6.26962466708414,25.3316831110033,3.30950183145524,437.4038910426,2
2025-09-15 06:13:00,0.123722844454133,4.97848488883383,6.81149111151224,25.0376873332767,3.15259987170714,437.940990679323,2
2025-09-15 06:28:00,0.123746385201967,5.2590986666344,5.79609266706187,23.5873588889273,3.3284027553277,438.081139785087,2
2025-09-15 06:43:00,0.123549185197667,6.4747175555221,6.5961862226669,23.3227120000543,3.23941650001318,438.608049929814,2
2025-09-15 06:58:00,0.123614703721133,6.15435777774427,6.9115753337513,23.4315044445577,3.29121786860891,439.309341385367,2
2025-09-15 07:13:00,0.1237608000201,6.03656822217743,6.75777155597531,23.531981111189,3.32799347571369,438.540134919887,2
2025-09-15 07:28:00,0.1235652666834,4.96964266660077,6.36427377821767,23.2131328891597,3.41252050765448,438.070712555327,2
2025-09-15 07:43:00,0.1237712000091,4.36068399994263,6.121386000435,23.9360600001247,3.35432171097311,438.369024248787,2
2025-09-15 07:58:00,0.115841138058403,5.42446955554624,6.9960842225228,22.87247177799,3.31216745979931,439.786241948637,2
2025-09-15 08:13:00,0.123370433050067,5.24397511111439,2.86656400002907,21.4588579999366,3.21763605195198,438.04064136318,2
2025-09-15 08:28:00,0.1242977487245,6.35283377779377,7.288065333858,21.6988804445142,3.2562415308796,438.872251857103,2
2025-09-15 08:43:00,0.125094111687467,6.53854533333504,7.41357666716927,20.5619342220935,3.32274767484075,439.99786683793,2
2025-09-15 08:58:00,0.127737205689333,6.44311266668713,7.41073555599294,20.4830879998398,3.35749716752507,440.887780752383,2
2025-09-15 09:13:00,0.133841289491967,7.06991244441114,7.94101355594383,17.6079631114317,3.35266040204882,441.01675163708,2
2025-09-15 09:28:00,0.133040548178667,7.84922266650368,8.1476462225303,13.8675097775848,3.33149419749469,442.311359649983,2
2025-09-15 09:43:00,0.1305876501298,6.6622660000428,8.02792911156173,18.198420889216,3.33442808603352,441.289309343023,2
2025-09-15 09:58:00,0.1266074524039,6.18480311112723,8.20962400057697,19.8135142221422,3.44979296575966,440.733760227083,2
2025-09-15 10:13:00,0.1258252227688,6.2985824444521,8.48647622290624,20.5867519997691,3.46962867955737,440.30936327951,2
2025-09-15 10:28:00,0.1260684820389,5.7913839999771,9.04267533420881,20.6267957774398,3.45464172048106,439.938624821547,2
2025-09-15 10:43:00,0.1284074227911,6.0840464444381,9.217158223063,18.0736035554756,3.47445481828047,439.822019143156,2
2025-09-15 10:58:00,0.130637239899267,6.5482882222535,9.23507066745007,16.8686855558749,3.53967845033922,440.877594282713,2
2025-09-15 11:13:00,0.133026503717667,7.56449377767758,9.3489831116994,15.4945462225763,3.63479574411733,441.04853002527,2
2025-09-15 11:28:00,0.180856207383267,10.6347817776258,9.77837911183686,18.46805200024,3.66458497052944,444.233928246176,2
2025-09-15 11:43:00,0.128112489447367,5.74316755556493,8.96970911197481,18.0614666665853,3.72403386129685,439.811326304036,2
2025-09-15 11:58:00,0.618990805204229,12.152421777688,13.7884333323302,19.6984071115268,3.66629592156299,445.60120580785,2
2025-09-15 12:13:00,0.141293925973267,7.0577446666765,9.03164600088567,20.639406222263,3.69058411799387,440.655107830197,2
2025-09-15 12:28:00,0.130655986333367,6.73908111104108,8.93845066752857,17.6895717777103,3.77403186447299,440.118551201446,2
2025-09-15 12:43:00,0.126009860386333,6.1190548888445,6.67439822267627,19.6749908885551,3.88888992270278,439.67420597554,2
2025-09-15 12:58:00,0.129666126489933,6.00990444437506,2.99184666656043,20.1389182217953,3.78049464436792,439.95594460657,2
2025-09-15 13:13:00,0.113847900750481,3.32254957264883,1.56972900847957,22.8258235557767,3.72797365991033,437.69865203996,2
2025-09-15 13:28:00,0.1273996233924,3.7636890769323,1.608322119572,23.20042777792,3.82993296321525,437.358561581616,2
2025-09-15 13:43:00,0.130546513951467,6.04332442742247,8.36181200079004,22.7199137779213,4.04297470172815,443.681551300223,2
2025-09-15 13:58:00,0.130298021075133,6.50099555557593,8.2242906673888,21.8563740000395,3.96521390282303,445.44988432046,2
2025-09-15 14:13:00,0.113817211682312,3.30521205128766,1.39421475209093,26.319186017403,3.81203655939393,439.829704546083,2
2025-09-15 14:28:00,0.113594777267797,3.30115545302273,1.2940662221672,29.704429795293,3.90802243711483,437.052208160947,2
2025-09-15 14:43:00,0.114144881986562,3.279580393189,1.3340693674367,29.6134606840984,3.8758096959795,436.447327232847,2
2025-09-15 14:58:00,0.186332644401967,11.3101342219695,8.96786155591247,18.7213117777804,4.12458395368856,446.55893210327,2
2025-09-15 15:13:00,0.1262842655296,4.22379326499986,1.71178145296703,22.420487555668,3.96455937861902,440.173323221547,2
2025-09-15 15:28:00,0.113034388777719,2.8448960341942,1.3534521879597,26.7368209062227,3.99105524449851,438.9450004585,2
2025-09-15 15:43:00,0.133650447896767,4.04102945305837,1.67226863243613,29.774771145744,3.96690343309209,434.283688891267,2
2025-09-15 15:58:00,0.1239404125034,2.4152561025928,1.14397871786807,31.473350479325,3.94934750691393,432.642006819184,2
2025-09-15 16:13:00,0.1284703641102,4.32575008549766,1.52521808541387,28.2933527522083,4.02746546976116,434.501255573657,2
2025-09-15 16:28:00,0.129187150726233,4.711880205147,1.5727007862785,24.082418444655,4.28738079537669,437.79187593862,2
2025-09-15 16:43:00,0.132372042203467,5.99670516240833,1.61319511109207,22.619457777962,4.42417902186248,439.930536015346,2
2025-09-15 16:58:00,0.126626943034533,4.1407560341714,1.2352112991224,29.754919692447,4.36405449004498,433.742803485107,2
2025-09-15 17:13:00,0.149906859237467,6.96017244417344,2.47962222217927,23.8633877779477,4.28410525680152,438.500054751574,2
2025-09-15 17:28:00,0.150310518499967,6.8683359999379,2.394360888845,24.7268106668396,4.49623959620462,437.902634149217,2
2025-09-15 17:43:00,0.148362466663167,6.8806488887457,2.39156422217744,24.3465284446537,4.50903525796187,437.903569565794,2
2025-09-15 17:58:00,0.137845596325867,5.64233005127863,1.64388509406274,26.6193453334327,4.62946683291076,435.130670943134,2
2025-09-15 18:13:00,0.136807723695833,5.17931427710517,1.327258666683,31.1611745977853,4.58590077426172,432.440552651053,2
2025-09-15 18:28:00,0.1673120889234,7.64674177773669,1.80583422216797,29.18649422227,4.53278065318826,437.1123810676,2
2025-09-15 18:43:00,0.194022155638167,10.3958657775229,1.9131722221564,26.7937657769768,4.55438268045945,439.499325285594,2
2025-09-15 18:58:00,0.2730782147951,12.6060428888127,2.0783802221831,25.060252221751,4.62834552806104,438.07350784706,2
2025-09-15 19:13:00,0.203197488973833,12.5717188894202,2.097108666638,20.1390093339325,4.55425162391501,440.560969185986,2
2025-09-15 19:28:00,0.187352644489067,12.2741851113227,2.4601633332605,18.9795511111048,4.44495821149861,439.44174558877,2
2025-09-15 19:43:00,0.180399722257667,13.4363217779361,3.94277911107253,17.007307555758,4.42597445260074,438.099524197214,2
2025-09-15 19:58:00,0.169147325952867,14.0540055560907,3.9920439999696,15.8039933337341,4.59373957294086,440.245485565374,2
2025-09-15 20:13:00,0.170971225973767,12.8463035555247,4.66477355557873,12.5469880001946,4.37081158135687,438.26622570461,2
2025-09-15 20:28:00,0.165123137042733,13.0914091110424,4.38012088896726,12.5061071113236,4.47470337889975,438.125117001004,2
2025-09-15 20:43:00,0.201998200022866,15.8169993335486,7.78553577765664,11.5975359999265,4.74634936029594,440.543784041104,2
2025-09-15 20:58:00,0.154186855534133,11.0541928892692,4.98924777793053,12.7992157779505,4.52265740560747,437.680018907393,2
2025-09-15 21:13:00,0.181155311129334,12.2544677776316,5.16370288899627,11.390516666572,4.48207080608946,439.568905258604,2
2025-09-15 21:28:00,0.2118164852499,12.0671024445348,5.51922555565343,10.0462506663295,4.46261599586403,446.546587518377,2
2025-09-15 21:43:00,0.179724662972267,11.7618537775394,4.38556755564409,14.1790273335218,4.1035111434736,439.514137399427,2
2025-09-15 21:58:00,0.148671011120767,7.55559288869646,2.7054115556268,18.2557759998837,3.90464871412383,435.25579400438,2
2025-09-15 22:13:00,0.133743771846,7.4448353331407,4.9991433332874,11.6221595556771,4.01260545247516,436.048761733871,2
2025-09-15 22:28:00,0.133397753318567,7.43183933306727,4.41959222214977,13.6781213338567,3.72544297181103,436.361560874954,2
2025-09-15 22:43:00,0.134042479248267,7.0320631108877,4.13772733323454,14.1016888891878,3.81020708037311,435.271759339947,2
2025-09-15 22:58:00,0.135908148767767,7.85435711094176,5.89746311102773,10.1102537772802,3.82925288927347,438.598965048664,2
2025-09-15 23:13:00,0.135413356725933,7.79121088879563,6.17064066674924,10.4540517771407,3.77070578991822,440.07113266316,2
2025-09-15 23:28:00,0.137171653026767,8.58041444437119,6.470325111189,10.4072199996485,3.61103927310499,444.052101520507,2
2025-09-15 23:43:00,0.1347146604367,7.80686155537962,6.32083600010747,10.594040443773,3.73568648911396,439.717583057967,2
2025-09-16 00:14:00,0.135919530789333,7.54395088883273,5.2098084444195,9.73893622179173,3.36211117198278,441.313399283113,2
2025-09-16 00:29:00,0.135666005163433,8.16719044438936,5.04440688884852,10.0653575552247,3.43351724454578,439.194846007163,1
2025-09-16 00:44:00,0.1913799889208,10.5728426662686,8.47228533337734,9.35488155493673,3.25891409884193,442.03711154342,1
2025-09-16 00:59:00,0.1438926000193,8.29086488880956,4.57098622219829,13.290993555976,3.12406100983892,439.78845978833,1
2025-09-16 01:14:00,0.134267592894367,6.69849044446585,4.90734244443413,11.561572444493,3.03825086632519,438.779354901553,1
2025-09-16 01:29:00,0.132624418534733,7.37485822234373,7.4758971116434,10.5451164441422,3.0343322816768,440.627688885817,1
2025-09-16 01:44:00,0.132327174091533,7.32804622227286,7.6781820005985,10.2888806663538,2.89627489095118,440.346145911403,1
2025-09-16 01:59:00,0.133443640757433,7.91710533344149,8.0306722228286,10.4335535552232,2.89774216904719,442.770005780314,1
2025-09-16 02:14:00,0.1327909552822,6.96800888891852,6.9959517782459,10.4983408884494,2.9129862114652,441.162905899584,1
2025-09-16 02:29:00,0.132514409986133,6.88237977775865,5.41383977779386,11.0971037775038,2.85487755761782,440.223294175817,1
2025-09-16 02:44:00,0.132810433357633,7.15051311114572,7.09642822276057,13.9141517782185,2.78662586834708,440.012003373367,1
2025-09-16 02:59:00,0.133129781495767,6.94140933334606,7.40898511168514,11.1328037774622,2.82419418905152,440.47919135672,1
2025-09-16 03:14:00,0.1332017296456,6.99103444445369,7.61474111175647,10.5514095551429,2.96172298196489,442.1883176157,1
2025-09-16 03:29:00,0.1328414954671,7.03445711118459,7.51696888951167,12.0970435555523,3.02954839296534,440.5502111117,1
2025-09-16 03:44:00,0.1347102496051,8.0003846667639,8.03233911178213,14.130499333903,3.22934467077084,442.441258454253,1
2025-09-16 03:59:00,0.134465627383333,8.30374044449547,8.10577066725006,14.2894826671256,3.54282745375197,443.53962109975,1
2025-09-16 04:14:00,0.134672064405267,8.6891537778212,8.1556291117443,13.3639882224333,3.83977352586945,443.253664160557,1
2025-09-16 04:29:00,0.1343306384861,8.38979400004844,8.12926644500114,13.3962831111909,3.97973676378779,443.666971747553,1
2025-09-16 04:44:00,0.134922064419267,8.25020422228233,8.00344244493093,13.3432464445749,3.81310432897285,443.465213480427,1
2025-09-16 04:59:00,0.134784249603,8.13236600008007,7.98951400068316,13.5634491115603,3.85516566843137,441.45478186691,1
2025-09-16 05:14:00,0.133686190350667,7.3126993333715,7.85483400068524,16.4714764453619,3.81672219905794,439.376989876943,1
2025-09-16 05:29:00,0.133631534789567,7.562079333386,7.96235444508947,16.1024871119397,4.15464501104076,440.429003218937,2
2025-09-16 05:44:00,0.1341235607087,7.94155888898913,7.96182977840274,15.1491742227765,4.20553556716949,441.059563490693,2
2025-09-16 05:59:00,0.134927222241367,8.8701424445363,8.1622657784053,12.257614222102,4.2843433230362,443.31127301985,2
2025-09-16 06:14:00,0.138174903752867,8.46120622227717,8.0379891117848,15.4144628897844,4.37235141141333,440.591839373024,2
2025-09-16 06:29:00,0.134270885202567,7.88847844444563,7.71430866733387,15.2733915564592,4.19713282953879,440.932721099523,2
2025-09-16 06:44:00,0.133682803725933,8.03784177783483,8.11575155622217,15.8244913342507,4.19385343560809,441.182042934303,2
2025-09-16 06:59:00,0.1496551185337,9.31612444461266,8.36104800066007,15.3082937784435,4.66442288982897,442.21282152109,2
2025-09-16 07:14:00,0.1472329074261,9.50522400032476,8.38942866699654,14.9656613338627,4.56943809423852,443.631418368787,2
2025-09-16 07:29:00,0.1425100741059,7.90970244444147,7.78480000063817,15.4618646673872,4.51017678371446,439.41160818073,2
2025-09-16 07:44:00,0.152346348157833,8.7876953333517,7.93498555614097,16.141644222884,4.49745319488941,439.88710247319,2
2025-09-16 07:59:00,0.144675592609267,8.84068644471876,8.24319222266827,15.408764667141,4.64254673081714,442.09321461561,2
2025-09-16 08:14:00,0.1469971629751,8.35699733338294,7.91458355611331,16.284133556326,4.54528011360412,438.878069879526,2
2025-09-16 08:29:00,0.1474127259388,8.2894066668568,8.49301444512971,15.836693111594,4.53622302476541,438.717960378023,2
2025-09-16 08:44:00,0.149160225952167,8.48628311124943,9.47235000087227,16.9109175559277,4.63978818007441,439.925577527826,2
2025-09-16 08:59:00,0.146057803746933,7.7153395556694,9.3165753342148,16.6182735560106,4.51391780005706,439.891409252906,2
2025-09-16 09:14:00,0.144739885230667,7.39864800001827,5.74641022202156,14.9243662222551,4.51365290281405,441.113712261487,2
2025-09-16 09:29:00,0.153629077817567,9.97742888925164,9.46954533381626,10.9146957778378,4.60282939404463,450.768483360493,2
2025-09-16 09:44:00,0.179413311167533,12.8878777778645,14.0895966665604,9.37942533330376,4.37293658166524,458.729467791983,2
2025-09-16 09:59:00,0.183478288935567,15.1968251111706,19.6653528895223,10.0463179998905,4.47079710803542,464.57101438699,2
2025-09-16 10:14:00,0.1749916333901,13.9287197779015,19.6189533341037,11.0040246665101,4.62887050879279,464.588112723367,2
2025-09-16 10:29:00,0.1713682259757,13.298854222071,16.623656221814,12.6476715553825,4.43926909244385,464.095197849767,2
2025-09-16 10:44:00,0.1396375077031,8.22546044469267,8.09251288922627,15.3262342218907,4.50969779304587,451.572534935777,2
2025-09-16 10:59:00,0.134424432486467,7.57164266680987,8.0717144447709,18.4887451108688,4.57946742362054,447.099445705719,2
2025-09-16 11:14:00,0.1349139077112,6.77810644445314,8.28497888961154,20.0260233330546,4.59862539753526,444.090842161966,2
2025-09-16 11:29:00,0.138479674099033,7.9163464446462,8.14981222267033,17.8557206663501,4.56656657700746,446.071952351126,2
2025-09-16 11:44:00,0.135843896903233,6.11717688891913,4.76248733324364,17.0078044443957,4.34906816998126,441.012377372103,2
2025-09-16 11:59:00,0.126805265527233,3.1988016068484,1.34675437604943,25.9218976069887,4.48339827790713,440.838790522463,2
2025-09-16 12:14:00,0.147240281548334,7.63294822228407,7.23834644437113,21.594890666787,4.66092828807575,444.755250898553,2
2025-09-16 12:29:00,0.162956103747167,9.79116244462656,8.2029551110592,16.7299411107322,4.57722728687048,446.297663150453,2
2025-09-16 12:44:00,0.141091707411667,4.3293840342557,1.6476875726651,25.1969520514207,4.29224093558354,439.764842327447,2
2025-09-16 12:59:00,0.128888384084667,3.15226651286813,1.4386090768818,30.364236496219,4.19166041316276,435.689993210561,2
2025-09-16 13:14:00,0.131759428796,3.18607582910493,1.4420389401541,29.910834650133,4.18735753536374,435.736664593177,2
2025-09-16 13:29:00,0.1264784792628,2.7175107008499,1.0127064956867,35.4814481362693,4.22876763972548,429.969557365633,2
2025-09-16 13:44:00,0.1454337555483,6.15786444434234,2.18183999997654,28.2764637096833,4.32304528668677,431.52363477858,2
2025-09-16 13:59:00,0.138134614848167,3.5174404273549,1.84283627345427,32.035164444117,4.22564382063711,431.32669940829,2
2025-09-16 14:14:00,0.1387750963354,3.57443324788453,1.7872346666296,32.9550257600414,4.19281608673181,431.016696249004,2
2025-09-16 14:29:00,0.134959185196067,3.38343921365247,1.6159902221742,33.7175669223677,4.16802969047488,430.94483592144,2
2025-09-16 14:44:00,0.133592925942833,3.302294068324,1.36815148712953,34.5964421534573,4.11729353248813,429.959432635246,2
2025-09-16 14:59:00,0.1398816740821,4.8304662221833,1.72613644443544,28.7510647690963,4.24655836342392,430.587113813354,2
2025-09-16 15:14:00,0.146158022226167,6.3245753334407,1.94181555555587,25.7105828890497,4.40216801771242,431.999281617917,2
2025-09-16 15:29:00,0.1795978073806,14.1435266664506,9.2401208887871,14.7085831106448,4.82702615714186,443.916405403377,2
2025-09-16 15:44:00,0.133913851877667,2.7647206666306,1.25976399996547,31.7289485810107,4.24023637788176,430.036517750503,2
2025-09-16 15:59:00,0.1344426815012,2.95089533324213,1.28912222218507,37.2700371117047,4.21662603896314,429.285359268064,2
2025-09-16 16:14:00,0.134521859282133,3.02891733324543,1.03386022222403,40.3794419992467,4.2559904923172,428.83848803582,2
2025-09-16 16:29:00,0.142224651841133,4.05769444442853,1.35198111110233,29.7096464435597,4.45720575402223,429.24755424844,2
2025-09-16 16:44:00,0.1435579629162,4.22394164100473,1.47553911104787,30.7510893841894,4.34600750143759,432.919120297877,2
2025-09-16 16:59:00,0.1410462073826,3.5099762221724,1.4169793332659,36.4480911116347,4.39473291080377,429.737818670123,2
2025-09-16 17:14:00,0.188791488905267,5.87939977783014,2.15341977765597,31.923232887891,4.40498672796632,431.016180339297,2
2025-09-16 17:29:00,0.144287629555967,6.0287444444829,2.06289355545477,31.2363393327114,4.64895623764166,430.523323916274,2
2025-09-16 17:44:00,0.195040051860233,6.5126179999207,2.0379917777408,28.2090113340174,4.76097140873308,432.904205521503,2
2025-09-16 17:59:00,0.183897622230767,6.7393724445561,2.5271691110114,31.3620726660083,4.83644287556868,432.730660377366,2
2025-09-16 18:14:00,0.146854666595467,6.5727682222854,1.94127311100604,34.4778448882703,4.86655111578789,430.557201469271,2
2025-09-16 18:29:00,0.196149022259333,10.3185944285124,1.5574893332691,33.9396222218013,5.00922608812631,431.88797055551,2
2025-09-16 18:44:00,0.230315718563434,11.7679848882804,1.53357733328684,35.188783555018,5.18019061426408,433.06137278057,2
2025-09-16 18:59:00,0.284175037090234,13.50689422143,1.61930533331454,30.8128386661857,5.29600410018188,438.49241721537,3
2025-09-16 19:14:00,0.314739953787567,16.4240657780627,1.88905044441077,22.4095262219733,5.46749284423332,441.223252126707,3
2025-09-16 19:29:00,0.287467444496134,15.3949773331588,1.8828699999838,23.6652139991616,5.63180087616256,441.23693107724,3
2025-09-16 19:44:00,0.2912056852389,15.7884388892091,1.93706711110947,22.3177502214754,5.74266161406622,445.079584131614,3
2025-09-16 19:59:00,0.310850020452533,15.3402908891798,2.04384022222754,21.8111964440389,6.00666107774646,446.234795602457,3
2025-09-16 20:14:00,0.2804092741193,13.8285660007356,2.0466713333203,19.9552220009304,6.23265101039989,450.48206042045,3
2025-09-16 20:29:00,0.214724225999933,13.9466155561239,2.6577951111121,18.7482395560974,6.33939546798211,448.998094149867,3
2025-09-16 20:44:00,0.278332837074433,13.5071477782572,2.03387799996384,20.3247020008818,6.15871413639389,445.298560869634,3
2025-09-16 20:59:00,0.296331533329534,13.9916795560016,2.806696222228,18.2259911115812,6.43260575955238,457.222645857287,3
2025-09-16 21:14:00,0.206571270450533,11.5036935556537,2.91207666668604,20.3953506674662,6.19635569271328,444.845193878647,3
2025-09-16 21:29:00,0.2033332000626,11.5574846666427,2.77480666666537,20.9574602229636,6.23092666006272,442.038446074243,3
2025-09-16 21:44:00,0.217682214847733,21.1285653331263,7.58345377738383,7.38567977768427,6.1670194110989,439.20154153937,3
2025-09-16 21:59:00,0.204772666726033,15.6709635556359,6.63048044456949,10.4042375557433,6.11452123096811,449.576121629783,3
2025-09-16 22:14:00,0.200264796346567,15.1823980002151,6.46000066676432,13.2436544446752,6.24581344159263,444.94794032809,2
2025-09-16 22:29:00,0.1941271630019,16.4530135558857,7.62122066640291,13.4619453334612,6.11399050801034,439.008593314384,2
2025-09-16 22:44:00,0.186114866692166,16.3444760001467,7.62527355533284,12.0897746667751,6.05187794298248,438.772442792454,2
2025-09-16 22:59:00,0.1859865778169,12.4151677776482,5.57627111116192,15.8693317778858,5.90533469894007,439.271952467764,2
2025-09-16 23:14:00,0.187294881498567,11.422443999893,6.80089511108437,15.5523622223784,5.96900479274565,449.09141590536,2
2025-09-16 23:29:00,0.1819505925862,12.3168166663397,6.93038822210607,16.7419535559484,6.15726529949201,440.197447144557,2
2025-09-16 23:44:00,0.184848740759167,19.252015110728,10.1418851116231,8.94930244421016,6.28879390824966,445.893372548434,2
2025-09-17 00:13:00,0.180997985155633,11.4490239998403,7.60393355548221,14.2274724446807,7.03543976582546,449.459007822463,2
2025-09-17 00:28:00,0.183026962989367,12.3841619998118,6.18424888869063,16.4055702225152,6.43952395051416,439.872868110624,2
2025-09-17 00:43:00,0.1837273555503,11.5084948886756,8.16862399995297,12.632390666975,6.55342166295436,451.984019055566,2
2025-09-17 00:58:00,0.188924833304367,11.1067508886718,7.49119511106777,14.6627995556608,7.38609465509979,460.798564390163,2
2025-09-17 01:13:00,0.197596251837733,11.4850795554265,6.9565891110865,15.3404257778558,8.04714471109535,458.079792962897,2
2025-09-17 01:28:00,0.1873959777478,11.0826459996796,7.45498244441674,14.5209637779199,7.81113129318867,459.38358757025,2
2025-09-17 01:43:00,0.172500088891633,10.3343257774165,6.63327111108798,18.278481333392,7.13113111640824,439.140214260894,2
2025-09-17 01:58:00,0.1710827555616,10.6369099998682,7.61729755548994,13.9155608892086,7.35224781437098,447.08968552544,2
2025-09-17 02:13:00,0.187435218517566,11.0271168887188,8.10928555556664,11.922544000053,8.96590515690136,475.658503010313,2
2025-09-17 02:28:00,0.204006585205933,11.288808221957,7.06172311126457,16.8808415557257,10.0402515174696,461.29733071699,2
2025-09-17 02:43:00,0.184258662942267,11.1936153332391,8.5540655562104,14.8764964447374,9.34583366811464,462.34067092506,2
2025-09-17 02:58:00,0.1833153481388,10.8184084441951,7.89699666678055,13.1097008891054,8.99889569693644,465.01375217114,2
2025-09-17 03:13:00,0.1884408851675,11.037939333129,6.70401244459034,16.3128186667163,9.30177102864733,463.07909080729,2
2025-09-17 03:28:00,0.1727404074299,10.8389071111265,9.28988666755883,16.7951542224905,8.8272235589289,448.858341251633,2
2025-09-17 03:43:00,0.175736555534067,10.7753813335058,9.0846995564149,14.4451900002448,8.77478295106392,477.216636390763,2
2025-09-17 03:58:00,0.166792044459733,10.5905033334454,9.17830333407883,18.2039293335363,8.78943331773789,449.782805074487,2
2025-09-17 04:13:00,0.160436600015433,9.91376688898369,8.52760511167977,19.1892926668929,7.9619607752644,444.53128505839,2
2025-09-17 04:28:00,0.150052492607167,9.19376622237909,9.7115473342526,17.5720040004399,7.72798036980653,443.70049543162,2
2025-09-17 04:43:00,0.1511531370494,9.6169504447575,10.3817720010952,15.6279053336164,8.21395827196439,448.19495977533,2
2025-09-17 04:58:00,0.173765303692567,10.4301586669569,10.2795517787587,15.9313915557513,8.31049312158774,465.784190238463,2
2025-09-17 05:13:00,0.177873274057034,10.7186093335889,9.91488755651929,14.9822744447905,8.92526985895112,466.510531088973,2
2025-09-17 05:28:00,0.175759859244567,11.0336368890929,9.4606268897392,14.2613762224469,8.70336286568701,470.658978903276,2
2025-09-17 05:43:00,0.178592325906667,11.0092326667515,9.39435577867053,15.6374426670172,9.10949793656564,472.507410010126,2
2025-09-17 05:58:00,0.168203718558234,11.804665777565,9.42085600067443,14.0604151113276,9.43186580523518,448.62784049226,2
2025-09-17 06:13:00,0.205373622268933,18.2093357776607,10.0563682219415,7.9463055554695,8.94394596243089,455.377760187517,2
2025-09-17 06:28:00,0.175578459272967,11.4380993332075,8.57281444495284,13.036209111305,8.50678406514333,450.352033047053,2
2025-09-17 06:43:00,0.1738383407579,11.0298995555509,9.3692606675445,13.9225866669291,8.57587942581458,449.50795214565,2
2025-09-17 06:58:00,0.1983675185721,12.4956195555268,10.2100226673703,12.8478997779419,8.94821319667976,452.018888635546,2
2025-09-17 07:13:00,0.225967755587233,13.8505126666878,11.3414091121068,9.40976866648247,9.87540198625592,459.853635379463,2
2025-09-17 07:28:00,0.284237688884833,20.2276904442257,21.54814200007,5.56954266660357,9.91332506056343,491.782218497343,2
2025-09-17 07:43:00,0.238910496278333,19.9632780000097,15.6712217780259,4.7080646665888,9.8793115233418,477.074931817493,2
2025-09-17 07:58:00,0.222244792634633,14.9383351107121,11.2420080009295,7.23045799993837,9.52278580991658,463.676938361317,2
2025-09-17 08:13:00,0.233561088917633,16.1399693329547,14.2555942213225,5.63420288881491,10.2099404605017,467.298473575513,2
2025-09-17 08:28:00,0.2098667704431,14.0031377783002,11.9956382215209,12.9923684446627,10.7896117086392,450.598257916437,2
2025-09-17 08:43:00,0.1974112963516,12.9011764447874,11.2626677786544,10.7776824441406,10.3985296242306,450.73625564061,2
2025-09-17 08:58:00,0.208980733385233,13.7038788892746,11.343398000822,11.5714022223018,10.1178799114599,451.405948360156,2
2025-09-17 09:13:00,0.229613525897266,17.9117753328224,15.2000764436105,6.25167799993464,10.3390934287494,455.587162128193,2
2025-09-17 09:28:00,0.2061907740722,14.7160639990195,10.5624219995962,8.67742688867545,8.77546419576146,450.556366241363,2
2025-09-17 09:43:00,0.236737585169033,16.695251332798,16.2897695559642,6.5967355555909,10.076779951599,471.621792894653,2
2025-09-17 09:58:00,0.234666637006633,17.5488502220167,16.9037564447423,7.12726288888816,10.1636353656731,463.39966028026,2
2025-09-17 10:13:00,0.224985903689433,17.6606844441107,16.452082666798,7.2942748888915,10.1935720782003,460.552270653713,2
2025-09-17 10:28:00,0.222935014839333,16.851008221926,15.3561446666624,8.94364355539863,10.3601806972164,460.060523278953,2
2025-09-17 10:43:00,0.225896866648,14.5365291114103,14.8468971105528,10.0132784440414,10.4871451778964,460.286077105336,2
2025-09-17 10:58:00,0.235804533315267,17.0343371111887,16.2824857783527,10.6840091106303,10.5471840365578,478.329234272603,2
2025-09-17 11:13:00,0.2252489703628,14.6223502226386,14.3517568881669,12.4986517773388,10.4859478800323,465.093612494177,2
2025-09-17 11:28:00,0.214258303748166,14.1385326673088,11.8569702231467,14.2592935553926,10.481966789141,453.447993129526,2
2025-09-17 11:43:00,0.2006856000225,13.0270860004288,10.3827068896051,19.963160666799,10.2800036096868,448.792697210387,2
2025-09-17 11:58:00,0.182124207397,9.07485422224637,8.67604822277953,24.1909144446653,9.62940035347248,447.483109208007,2
2025-09-17 12:13:00,0.178863511083233,7.78259533335383,8.0302586672291,29.990360222078,9.21959448939417,440.87344838867,2
2025-09-17 12:28:00,0.173437688851967,6.26587666665872,3.68974066650927,33.2155250091263,8.44888462751787,433.605705612577,2
2025-09-17 12:43:00,0.171278822201933,5.42549456414794,3.01170547002897,33.8522379660093,8.09512924950465,432.283001050637,2
2025-09-17 12:58:00,0.161359422233133,5.00218577782433,2.68303844436474,34.91432806779,7.91295287462238,431.818013067537,2
2025-09-17 13:13:00,0.1727528889055,4.7503784444654,2.4800419999311,35.3197233328807,7.86338101066442,431.668576652753,3
2025-09-17 13:28:00,0.169128488926333,4.65512044447934,2.4208691110349,34.470190426911,7.01500596319101,433.987780122483,3
2025-09-17 13:43:00,0.174308251887167,4.97759644446704,2.50280755551177,32.9198893329227,8.98306963697585,434.047683669953,3
2025-09-17 13:58:00,0.194783711141267,8.4346786664018,2.43509577773504,29.460652666931,9.59428563046298,434.43106072489,3
2025-09-17 14:13:00,0.189446022241,7.31784576177356,2.50795177771967,31.8702082216357,8.84731503336704,433.268608272869,3
2025-09-17 14:28:00,0.175834407393933,5.59894641271773,1.71779266660124,35.4949975555137,8.71727905743795,433.035955151213,3
2025-09-17 14:43:00,0.155611511094167,3.7240377777578,1.5313162221613,41.9389835555606,5.32924365608034,430.74726112162,3
2025-09-17 14:58:00,0.157319888894133,4.3333176068606,1.3066826666109,42.7949264787304,4.52228326355877,431.640034372277,3
2025-09-17 15:13:00,0.162320851863,4.99609444448163,1.37900777770843,40.8908975550963,4.5311360239316,431.879295474017,3
2025-09-17 15:28:00,0.1656260444416,5.29848888890143,1.46609755549287,38.5662228883994,4.37131710550339,432.002907325607,3
2025-09-17 15:43:00,0.166941740737733,3.868186666642,1.4715175554977,36.2908137778427,3.97173914105676,432.18193094039,3
2025-09-17 15:58:00,0.159498622211967,3.53196387299033,1.4409531110666,34.9966637772973,3.92220386314693,430.681980511113,3
2025-09-17 16:13:00,0.143373096320233,3.31593666665763,1.45564888884354,35.9121337779027,3.8757015656445,430.667121152307,3
2025-09-17 16:28:00,0.145664600018067,3.4706435555469,1.52632377773183,38.8681122226297,3.91461503917946,431.491038272107,3
2025-09-17 16:43:00,0.144495429652733,3.4844811110964,1.55236666661737,37.8878764447633,3.8693226373003,431.25308870455,3
2025-09-17 16:58:00,0.1615206740593,3.59721599997587,1.49595333328397,38.8173533328913,3.58474840180052,430.662609697457,3
2025-09-17 17:13:00,0.153635303702067,3.6306099999856,1.4615653332935,40.3764777771993,3.60035418854967,431.040563528677,3
2025-09-17 17:28:00,0.168536414817067,3.89283688885761,1.4019051110882,39.198703999635,3.49729659448546,430.097452388164,3
2025-09-17 17:43:00,0.162987799998233,3.9336693333043,1.46944955552617,39.2216313328704,3.42893343978621,430.107596258987,3
2025-09-17 17:58:00,0.153834422214933,3.7542971110788,1.6054244444165,39.492399110544,3.11928636491133,429.595235186177,3
2025-09-17 18:13:00,0.150983207394767,6.64153406346079,1.32752577773203,36.4420304439867,3.36529542086339,430.92699300527,2
2025-09-17 18:28:00,0.164121325958867,8.25762088876649,1.21762311105697,37.5606006666615,3.15334537398148,431.893568398087,3
2025-09-17 18:43:00,0.166286362989333,8.15545888869656,1.135347555501,37.9602615555968,2.92558570211298,431.86155991228,3
2025-09-17 18:58:00,0.1668375852165,8.18633288867793,1.1106664444148,36.2560293332001,2.81095209122625,432.039582244457,3
2025-09-17 19:13:00,0.166468340762333,9.52478269821557,1.30715822221237,33.5309604442112,2.81913253614062,432.455451708777,3
2025-09-17 19:28:00,0.1591443851665,7.42736003168513,1.33189555555363,34.8941522223324,2.7535684768522,432.424741894767,3
2025-09-17 19:43:00,0.154984177778567,7.1359438253191,1.8836877777844,34.0210713331957,2.83313266788993,431.563236834346,3
2025-09-17 19:58:00,0.1563763851819,7.73721087283293,2.10197866666773,34.5501331112047,2.84157572122254,431.494487120323,3
2025-09-17 20:13:00,0.147932585189933,6.55738292052467,1.9581893333312,34.2327088887193,2.79223692475899,433.418502173367,3
2025-09-17 20:28:00,0.146695800006933,6.03882914279213,1.95644511112483,33.754215777694,2.90181371317889,432.833841400556,3
2025-09-17 20:43:00,0.142713259281133,5.22704480939103,1.85886866667686,31.1175953333943,3.00900048240991,432.571950318443,3
2025-09-17 20:58:00,0.138226970422067,5.04049777767687,1.419837555597,31.2998793334254,2.94425267055992,432.296920222956,3
2025-09-17 21:13:00,0.137586848203267,5.08785111097501,1.4242726666815,30.9333195552597,2.94022833049845,432.599708220166,3
2025-09-17 21:28:00,0.1365467667237,6.92222916225494,1.33015844446023,28.7929187693627,2.88558761575866,432.322730083253,2
2025-09-17 21:43:00,0.1361969593168,6.60135351137094,1.5042615042697,28.8710427691203,2.88074282269822,432.441916005806,2
2025-09-17 21:58:00,0.1396912852401,6.02035330148943,1.43877466670463,30.880807931127,2.86814068350761,435.814454379263,2
2025-09-17 22:13:00,0.135073044497533,6.00851747972353,1.18194311113837,29.5210531280327,2.73412737687163,433.411351707057,2
2025-09-17 22:28:00,0.134354614871167,6.62463116224903,1.4044140000128,27.93591268402,2.82400867821917,433.91663919938,2
2025-09-17 22:43:00,0.1380968370868,7.93625244432794,1.52863111109217,24.49111258124,2.96351320551037,436.316435890374,2
2025-09-17 22:58:00,0.135277400056233,7.8144948887306,1.53819044440523,23.5383383586333,2.84131923799589,436.668088408117,2
2025-09-17 23:13:00,0.141220037101434,9.87915799975409,1.9263042221979,21.1052815554933,2.88500229645003,437.468354187046,2
2025-09-17 23:28:00,0.1388199519007,9.2644419997989,1.48407888889957,22.9888848031693,2.87911805355466,436.41166934395,2
2025-09-17 23:43:00,0.1333385556082,8.40384422212696,1.32162244440033,21.8405122223104,2.73240621539995,436.921706961536,2
2025-09-18 00:11:00,0.1329593162968,7.2621084956034,1.15312511105237,23.1530219144171,2.74327426703617,435.41335788852,2
2025-09-18 00:26:00,0.1300126302209,7.3902062219731,3.18478799992137,17.7709497775422,2.86779759828267,436.827611599777,2
2025-09-18 00:41:00,0.131620431071667,7.41725444429123,1.31473311107477,22.130639555665,2.86336945563167,436.939591969866,2
2025-09-18 00:56:00,0.129618261550733,6.75658066645056,2.97767866658653,19.0411059997992,2.82566190472018,436.973523108913,2
2025-09-18 01:11:00,0.127321291191767,7.72605711083333,3.1194661196213,20.1864417777947,2.72664623596014,436.93352814766,2
2025-09-18 01:26:00,0.1267961852094,7.20000333310929,1.81690367518934,20.6550097782288,2.6857633076264,436.815047291566,2
2025-09-18 01:41:00,0.1285055908983,8.1468204443108,1.55699999996497,21.0489391115794,2.70802203844945,436.941459700203,2
2025-09-18 01:56:00,0.1315639264948,8.5209355552567,3.2054791111185,17.6045224443784,2.68219091073668,437.9095631685,2
2025-09-18 02:11:00,0.132008372093733,8.51155688860143,3.312512444472,17.1566531111059,2.62144370920352,438.528837302847,2
2025-09-18 02:26:00,0.127638372670567,6.72127222212409,2.38204177779987,21.2700537781007,2.59065552634769,437.7817588838,2
2025-09-18 02:41:00,0.128241542451767,6.33096911100983,2.30093377775887,20.357977555844,2.70676470701976,436.921775707897,2
2025-09-18 02:56:00,0.132219070395733,7.17257377775924,7.41869200052924,15.2582617782857,2.72276602142986,439.425894143337,2
2025-09-18 03:11:00,0.1336626185429,8.4469180000251,7.35200977824293,13.7826157782386,2.63811672160184,442.987990907633,2
2025-09-18 03:26:00,0.135320937048533,8.69179422244417,8.08998866704033,9.98413911081084,2.61329696459715,447.115516009664,2
2025-09-18 03:41:00,0.1346544074321,8.8518948889041,7.19555022275257,13.2420293336064,2.53215132258138,441.672749420734,2
2025-09-18 03:56:00,0.134484896319233,9.0221871111199,7.32627333369447,12.2113439999989,2.54786630992324,443.243005530217,2
2025-09-18 04:11:00,0.134193270393567,8.34219666670373,4.36467244450917,12.1373148889479,2.54339053052953,441.115747417627,2
2025-09-18 04:26:00,0.1675670000344,10.8946866668339,6.67132888875743,7.68533511087113,2.477019733764,447.358325016941,2
2025-09-18 04:41:00,0.1353369926051,8.85194866674957,5.201374444438,10.0700875551164,2.48544691981009,444.492413831964,2
2025-09-18 04:56:00,0.1363348481685,8.71234288897157,4.6851597777741,9.9473662218049,2.42300422271893,446.217531470731,2
2025-09-18 05:11:00,0.134611492606167,8.51584666675117,5.06199577773987,10.614942221834,2.46419680426653,444.696540705991,2
2025-09-18 05:26:00,0.1349375222416,8.61904155562137,5.0626566666376,10.1791022217095,2.47843000199004,444.87422399151,1
2025-09-18 05:41:00,0.1368691148275,8.7311233335626,5.60305222217203,8.15405777760574,2.46066183923438,447.118794811657,1
2025-09-18 05:56:00,0.1331357000239,8.2344651112298,3.64937266668644,15.1261991116661,2.48949086103497,442.694698359787,1
2025-09-18 06:11:00,0.134917951857467,8.54359977798053,6.10361866652433,9.76065866629206,2.55357181898595,445.633759589434,1
2025-09-18 06:26:00,0.142499170372733,9.10588466677444,6.3661017776258,6.9756919999191,2.49470443598431,447.19690562215,1
2025-09-18 06:41:00,0.138461855575767,9.08001822236564,6.68395866654647,8.43441533313529,2.63086873395721,447.36223999862,1
2025-09-18 06:56:00,0.135289919962767,8.36617644461567,5.37704422215847,14.7815628895306,2.65289475975232,442.713652506147,1
2025-09-18 07:11:00,0.160143703682867,8.85720311130333,6.5727737777065,6.52919444435027,2.61880432271849,455.16432319979,1
2025-09-18 07:26:00,0.1402409814928,8.88326155582573,7.03917511111257,8.97511444425263,2.6276467373712,448.35687593721,1
2025-09-18 07:41:00,0.138711000003267,8.82329044463503,8.1340124447337,7.2107482221464,2.71164502131503,447.181956105264,1
2025-09-18 07:56:00,0.141776181481633,8.87096688912057,8.00452066696403,9.16686644425359,2.68103005154886,449.242362216507,1
2025-09-18 08:11:00,0.151336605141467,9.98471599999643,10.5578840002698,5.88440755540893,2.74042901570938,453.800068576007,1
2025-09-18 08:26:00,0.140782290340267,9.5770486668637,7.94495688854734,8.05916977769087,2.89465563782374,448.167710900737,1
2025-09-18 08:41:00,0.137766682915733,8.59578244459153,7.44317288868034,9.19759288878313,3.21562060480756,445.428399667823,1
2025-09-18 08:56:00,0.1509257296482,10.1014902224726,7.310913555367,9.30466488860175,3.57171294799384,446.904076627133,1
2025-09-18 09:11:00,0.1329309065809,8.03656266677137,7.39118533321216,15.7947266671947,3.23265033031385,442.185229600693,1
2025-09-18 09:26:00,0.131063276935067,7.0485248889917,8.1657160002714,18.410372444905,3.30240500482864,440.410469641347,1
2025-09-18 09:41:00,0.134630706555967,8.22834866682683,7.78883333320676,9.84910199980265,3.44912233554962,446.58061303073,1
2025-09-18 09:56:00,0.144536723687833,8.80522777802913,7.92401799993766,10.3061237780167,3.68403052021598,453.098042744687,1
2025-09-18 10:11:00,0.136095713976967,7.4211722223695,7.5264944443579,13.8565719999228,3.51901173820006,445.227674295373,1
2025-09-18 10:26:00,0.133066484356667,6.56171511114643,6.99455266661623,18.7347919998852,3.55515879586641,444.741456460233,1
2025-09-18 10:41:00,0.135433691743266,8.21485711133987,7.76770177768123,15.9332033334353,3.94514148049898,449.354292293536,1
2025-09-18 10:56:00,0.142367713983967,8.2268388890516,7.65514911111656,14.3802148894401,4.46956945714052,456.49846944734,2
2025-09-18 11:11:00,0.141033699170333,8.0562642223826,7.69393200000266,15.1609200004051,4.94306508386455,452.92808466767,2
2025-09-18 11:26:00,0.133456788031667,6.8217924445439,8.1996708892539,21.680737777518,4.83008258715488,445.51731708465,2
2025-09-18 11:41:00,0.130847526429233,5.65107760688247,7.861724889332,25.6971122220806,4.57644734110943,446.106250655172,2
2025-09-18 11:56:00,0.1277452746002,3.94809900855867,7.40176000060423,28.8383687006533,3.91448554923077,438.200717630287,2
2025-09-18 12:11:00,0.129185309884333,3.74624032478537,7.6383591117804,32.916985504561,3.71541168118501,435.049653711094,2
2025-09-18 12:26:00,0.113409281072881,3.38081104275423,1.38867555551477,30.067193794938,3.96772250009505,435.618665042074,2
2025-09-18 12:41:00,0.124132442194667,3.39784579487053,1.4462326324299,25.759733761163,4.64427019189373,439.22118046223,2
2025-09-18 12:56:00,0.112604597697244,3.43615871797063,1.41253126491983,28.9152011281704,4.52506771705849,437.420082726014,2
2025-09-18 13:11:00,0.113153950768386,3.47110042736907,1.2934246153374,30.3540097952114,4.63515751694985,436.598580924964,2
2025-09-18 13:26:00,0.111786913036019,3.28862140174143,1.2176438973929,30.7149014361964,4.01710026438645,433.879215754997,2
2025-09-18 13:41:00,0.125432014270933,3.5239614529936,1.36514005127473,27.9153482737873,4.63905004655432,437.904124329713,2
2025-09-18 13:56:00,0.124388734994,3.39138282052774,1.1364507520743,32.62065165857,4.72298017204563,432.46288692155,2
2025-09-18 14:11:00,0.1247577378393,3.25501117950334,1.1345811452307,31.7871529919517,4.24921230128756,434.276934627807,2
2025-09-18 14:26:00,0.11066348737638,1.84294488890734,0.965878615324134,33.0262814195504,3.35108950896191,431.532228121804,2
2025-09-18 14:41:00,0.1317032358434,3.65041931624,1.38794422213944,34.1250454699713,3.25871820582461,429.940782072177,2
2025-09-18 14:56:00,0.131608295089933,4.75335688886877,1.34096533328187,31.664979418763,3.2266201906503,430.913162624057,2
2025-09-18 15:11:00,0.132824123677733,6.1105452649609,1.5809276923287,27.3377419147487,3.82554025425129,432.94633570393,2
2025-09-18 15:26:00,0.1437290666987,6.64989613778644,1.8485715555406,26.5555506668683,4.51450491955991,435.172206330073,2
2025-09-18 15:41:00,0.139361251857734,6.45192770937297,1.7066771111316,26.9515644789433,4.39670430137872,437.262733347163,2
2025-09-18 15:56:00,0.1331961857976,4.4654001026492,1.67741147006027,27.9177914362003,4.19663208668837,437.311784363654,2
2025-09-18 16:11:00,0.128834196062467,4.14847895730533,1.5333969230232,29.1042492309074,3.79724224427945,432.397286284357,2
2025-09-18 16:26:00,0.137721803709033,4.25260329923233,1.91803511106957,26.274378273899,3.46892440435328,432.993542921687,2
2025-09-18 16:41:00,0.111770630535209,1.9158633675387,0.739253281959234,34.1941922048713,3.31297309816142,428.974222995223,2
2025-09-18 16:56:00,0.141001377822767,4.17972320629803,1.4451002222231,34.4507304438483,3.27297457218483,430.636585890217,2
2025-09-18 17:11:00,0.1341216296479,4.45933066665676,1.23114355561,31.3871742047173,3.25216473884444,430.246734822063,2
2025-09-18 17:26:00,0.1425362296467,5.56957733306724,1.52544488888367,27.9055366664307,3.31475496210775,432.551310178177,2
2025-09-18 17:41:00,0.1849917481573,8.80959422197071,3.03798266661527,22.0056926669845,3.56417470787626,440.977109581353,2
2025-09-18 17:56:00,0.186709170390467,8.06944533321737,2.55973799994424,21.3009277781781,3.46283848750076,440.119455942024,2
2025-09-18 18:11:00,0.149558637022,6.84871311106123,2.4636644444145,24.9799408889677,3.29504397986954,435.823216754144,2
2025-09-18 18:26:00,0.143890548155267,5.12854155538517,1.94851244443763,30.5530544444056,3.17290505645078,431.402837754803,2
2025-09-18 18:41:00,0.151943470386533,7.06078599987937,1.65746355557487,28.5318057779283,3.13908373772751,433.14322920514,2
2025-09-18 18:56:00,0.1895661778102,10.2205428885606,2.87950199993114,21.8601977779483,3.10071647549002,441.73894665336,2
2025-09-18 19:11:00,0.196682725979567,10.8141146666224,1.81272511106683,22.8350122221377,2.98874714099653,443.524015825214,2
2025-09-18 19:26:00,0.307847903690967,11.9877077778353,1.81637866663937,20.4001535558048,3.00316678375201,442.192336427763,2
2025-09-18 19:41:00,0.2018388074704,11.1449855554773,2.89460599995454,20.0572457780406,3.00928074734977,441.624569090317,2
2025-09-18 19:56:00,0.1637113111022,10.3168522220644,2.98521955554994,23.8366484441046,2.96090110736017,438.721013492247,2
2025-09-18 20:11:00,0.146044444471667,9.66314977794487,2.85386711109923,17.5153022223943,3.0382451195963,437.115961531936,2
2025-09-18 20:26:00,0.156630937040267,11.0272951113324,3.67851955551743,16.5436906670462,3.09421786054615,437.463349985384,2
2025-09-18 20:41:00,0.160741255529667,11.6978811110493,4.8458197777841,12.8501128894415,2.96287179269938,437.983927327764,2
2025-09-18 20:56:00,0.1503976296381,10.981455555878,4.73393577791863,13.1208731115043,2.85441691766632,436.824733716107,2
2025-09-18 21:11:00,0.159380759233267,10.7274542225438,3.9123948889847,13.5031488894189,2.98494574529828,436.956458551504,2
2025-09-18 21:26:00,0.146479666697167,10.1100542220276,4.5299280001261,12.982587778187,2.84325622901743,436.196764652134,2
2025-09-18 21:41:00,0.134906679255733,9.7828179998071,4.44877400014663,12.471888000089,2.78709496223263,437.50785398941,2
2025-09-18 21:56:00,0.136006879237367,10.1714482219841,4.55885533337076,13.10823222262,2.92670324958946,438.007855848777,2
2025-09-18 22:11:00,0.135583501455933,9.90558577762972,5.31744888892417,10.8336097775212,2.85828176862291,437.730915837114,2
2025-09-18 22:26:00,0.135510384788233,9.29345377749083,4.40488022222306,12.9546008890092,2.87738986950224,437.949340683637,2
2025-09-18 22:41:00,0.135017835354467,8.72039555537415,5.02293866671066,11.5043617776016,2.98421712383809,437.608818722401,2
2025-09-18 22:56:00,0.136663903733867,9.78622555531343,5.74415866672963,10.0503499993008,3.0386939279906,438.407823937657,2
2025-09-18 23:11:00,0.1374618199737,9.52482355541003,5.25112711114113,10.1902593325638,3.12242334225394,439.65160905906,2
2025-09-18 23:26:00,0.1366016792348,8.80612222207626,5.10237533337726,10.2640406660103,3.16751251819574,441.733075119593,2
2025-09-18 23:41:00,0.1369266866492,9.23637755547146,5.15607466671576,9.9572655551439,3.2472881272792,444.268422786344,2
2025-09-19 00:09:00,0.138446072392467,8.61563577768579,4.7902257778045,10.2144397773419,3.28955800681063,443.561600810027,2
2025-09-19 00:24:00,0.138558938488567,8.96389377768513,4.75506288892673,9.5422404441431,3.26138956068881,446.324465963244,1
2025-09-19 00:39:00,0.149229249586833,8.9652831110899,4.9726566666863,7.73684799977803,3.33706899017623,447.76648458408,1
2025-09-19 00:54:00,0.139047982943733,9.09214311104589,3.5756822222607,8.58882644417083,3.3651995673407,445.801883825957,1
2025-09-19 01:09:00,0.1573935236487,9.22133600003507,3.52555733337923,6.66515822206866,3.23938649315811,451.169150502127,1
2025-09-19 01:24:00,0.159688456987767,9.29915911110643,3.48774822226477,6.46340333318183,3.25888105466193,451.488333523683,1
2025-09-19 01:39:00,0.160322577777367,9.61945911119257,3.91380755556084,6.44016733319296,3.38116522897311,452.212933887467,1
2025-09-19 01:54:00,0.161813437015667,9.11480000005094,3.8818844444629,5.63860799989936,3.21130073258945,459.019200387153,1
2025-09-19 02:09:00,0.171118622221767,9.86363444452213,3.86647866667994,5.70613244435993,3.21229866721588,454.75574151018,1
2025-09-19 02:24:00,0.1768389000098,10.5312004445025,5.38379466662687,5.42390399989483,3.3770781841187,453.068567153597,1
2025-09-19 02:39:00,0.221735600038733,11.7131168887324,5.99148355561864,4.60418799992293,3.3907764174683,460.298631528583,1
2025-09-19 02:54:00,0.170599118520634,10.0557666667473,4.99511311107684,4.91848311098556,3.32161267408221,460.487730171016,1
2025-09-19 03:09:00,0.182365896310567,10.8959977779726,5.48191533325937,5.98027666651383,3.46592051943995,461.20808060736,1
2025-09-19 03:24:00,0.215251311147267,11.4194271109851,5.20787266672197,6.51787511097309,3.6626682962794,455.368484527057,1
2025-09-19 03:39:00,0.2317190074643,11.9142355555224,7.04608799995614,5.16522266657213,3.64874605731419,461.252449527146,1
2025-09-19 03:54:00,0.1625074740721,9.680727555743,4.9423393332803,5.81532333324873,3.60194492868048,460.328152352027,1
2025-09-19 04:09:00,0.174116574068467,10.2327724445302,7.94997111059078,4.99277288877187,3.67976553664757,459.40653635197,1
2025-09-19 04:24:00,0.164522874073434,9.87047911124887,4.86150311105213,5.99809444435656,3.53125593336738,460.64497222763,1
2025-09-19 04:39:00,0.178407722228167,10.3310060001951,6.21788022216201,6.000431555461,3.54544164078932,467.18961122527,1
2025-09-19 04:54:00,0.162260807386467,9.52003311129274,5.8607402222007,5.98668333323686,3.47258027275947,467.687510873147,1
2025-09-19 05:09:00,0.1621299629466,9.62703444456931,5.51758377775277,6.12823222212633,3.48771991223108,461.980484258277,1
2025-09-19 05:24:00,0.1643046666602,9.53378155579847,5.63100444440956,6.27291599989356,3.55267138188696,471.994623086943,1
2025-09-19 05:39:00,0.1601943407258,8.94614466681533,4.98624377772147,5.74829466658036,3.4065140470414,463.596641375873,1
2025-09-19 05:54:00,0.160727407386,8.83599533355633,5.9180568888677,5.99376355544637,3.57487435469465,470.8682035894,1
2025-09-19 06:09:00,0.1627606518369,9.0992793334712,6.82915955540804,6.10914133323533,3.5719724636568,465.362437625303,1
2025-09-19 06:24:00,0.158744711106367,8.9305037779783,4.11648066663053,8.9696242219064,3.51435247955419,458.66834889662,1
2025-09-19 06:39:00,0.1686895110877,9.45734688900108,7.14765844429878,4.8936024443224,3.53852800569299,459.897550251234,1
2025-09-19 06:54:00,0.160669562945333,8.9063653334812,9.90672822140294,5.91198577770083,3.47548189200253,469.066817149073,1
2025-09-19 07:09:00,0.161080688876367,9.17474111126777,6.000559999989,5.55083666656866,3.6570379260814,461.09665050827,1
2025-09-19 07:24:00,0.1607858444307,9.0065157779623,6.1543059998681,5.82684066657593,3.46534581720599,467.13799645354,1
2025-09-19 07:39:00,0.162505251821433,9.1752857779336,6.20717622207447,5.91888955545943,3.55116549788221,463.182613407627,1
2025-09-19 07:54:00,0.1614736370119,8.99929755571143,6.27862933320397,6.23532888878949,3.6453035287054,470.918994242497,1
2025-09-19 08:09:00,0.1587017185139,8.90182044470217,5.8309506666259,7.01529777766187,3.67801648957909,459.778250827817,1
2025-09-19 08:24:00,0.1412722481509,8.7706253336021,5.60588888886556,8.13885355538381,3.64051813210583,448.470702757894,1
2025-09-19 08:39:00,0.173159462978334,10.2873222223815,7.6243575551591,6.69314377765347,3.94745037658217,452.372587895383,1
2025-09-19 08:54:00,0.156318292608967,9.7029366668586,7.56929888855234,7.34317488882097,4.07646438756931,448.267963087987,1
2025-09-19 09:09:00,0.147752138474633,9.1739193335621,7.86719555531831,7.99776866670497,4.22477566675701,456.085843501866,1
2025-09-19 09:24:00,0.179655800032767,13.0450588888159,15.3368113336208,8.55155355552484,4.43852097956069,465.34261457296,1
2025-09-19 09:39:00,0.183269859289467,13.6985324442385,15.8001515556877,9.75395044439011,4.59475679771182,480.126573933983,1
2025-09-19 09:54:00,0.173982834755667,11.839619999575,17.346770888921,10.3463422221547,4.82924476373739,490.287789409053,1
2025-09-19 10:09:00,0.172721081463,11.3647871106454,16.896698222013,11.2499671110955,5.00012633405626,495.212883102077,1
2025-09-19 10:24:00,0.167801733322367,9.6068353333276,11.0806173336456,12.3295695555904,5.01489485670354,485.29455181143,2
2025-09-19 10:39:00,0.165683103697467,10.6325886661997,13.7341197779896,12.9736591108211,5.08234566350939,477.453581509503,2
2025-09-19 10:54:00,0.149896447294033,9.48948888903107,10.1637353332285,15.1006691110853,5.08656238879817,471.608060191367,2
2025-09-19 11:09:00,0.147121373236167,9.40272822229896,11.4045535556704,16.5273331112903,5.34513318992808,468.45220898573,2
2025-09-19 11:24:00,0.135579617675833,8.20959133357537,7.2050775554455,17.7947024444847,5.23425076709225,452.821099004823,2
2025-09-19 11:39:00,0.1330838324688,7.29161533345943,8.69372311204287,19.6137884442523,5.07685504164765,447.2666961673,2
2025-09-19 11:54:00,0.129243290552333,7.05317111120116,7.8480853340805,21.7981999997706,5.04924667597773,446.750087045083,2
2025-09-19 12:09:00,0.134123084906367,6.59629133334093,3.8512746666148,22.075683555384,4.97041244089093,445.407022229216,2
2025-09-19 12:24:00,0.137547574385433,8.03701577790537,8.0164580005298,20.9928831110985,4.93045445660272,446.260197890323,2
2025-09-19 12:39:00,0.132746842731233,5.98147482049946,3.29689444438803,22.6866899998406,4.9422470166291,445.09268662151,2
2025-09-19 12:54:00,0.130585142459733,5.67303037601846,2.6265437435637,23.697898000021,4.81619655538097,443.521285387626,2
2025-09-19 13:09:00,0.137329344779967,5.82011253003629,1.93593799991773,28.3647752820307,4.88245959006575,438.409410084597,2
2025-09-19 13:24:00,0.144787096357334,6.14007543597276,2.17238177772243,28.6787100173633,4.83979776213047,435.267846736496,2
2025-09-19 13:39:00,0.136906051886967,6.3478574359656,1.99083622210397,28.6352420173693,5.0380214894871,436.284485286537,2
2025-09-19 13:54:00,0.152075237043334,7.12448355546377,2.72330577771494,27.3426308892067,4.88044044835981,434.263757036513,2
2025-09-19 14:09:00,0.146795811136434,8.06546316217737,2.41658822219737,24.4386002226907,4.84756079886497,442.437481466531,2
2025-09-19 14:24:00,0.143567425685034,5.0488409744385,1.7512488888327,31.91789495749,4.76094565275171,434.1843563904,2
2025-09-19 14:39:00,0.142861922235833,4.80362948721804,1.59991376070267,31.6393699150207,4.61830028674506,434.348082421974,2
2025-09-19 14:54:00,0.1336272487524,4.1994213675683,1.565795042743,29.8297781542087,3.89326482588467,433.65057904313,2
2025-09-19 15:09:00,0.146038629660367,6.92388622219844,3.07651822214717,20.6502593337157,3.70878653049296,441.948103606073,2
2025-09-19 15:24:00,0.133968329373467,6.382659333281,1.88209666659117,21.0979151113943,3.56680515822447,439.29878400668,2
2025-09-19 15:39:00,0.136142981505967,3.3184685128563,1.3684918632625,30.943460444788,3.43395878511467,431.004496144723,2
2025-09-19 15:54:00,0.125713401202967,2.79898574358483,1.15010548714603,34.1447864782074,3.44888172228369,431.570690741103,2
2025-09-19 16:09:00,0.134873248172434,2.9187962222187,1.15953676925283,33.7740650078963,3.62905789473932,430.376015367924,2
2025-09-19 16:24:00,0.148856333332733,7.2119644444175,2.22106555553437,24.7872102054223,3.53097740862832,434.9359829291,2
2025-09-19 16:39:00,0.1527433963026,8.05024955535644,2.3476508888686,24.3695693332043,3.59325449691761,436.8322531989,2
2025-09-19 16:54:00,0.161176814831167,6.11114888864817,1.67826355552793,27.3847057772294,3.50985703401441,434.159901072593,2
2025-09-19 17:09:00,0.165758518538,6.28579399978404,1.71533022219107,27.5329642214773,3.41724347770655,435.264310531027,2
2025-09-19 17:24:00,0.158651014830667,7.33107911098686,1.8228677777394,23.4556768882666,3.41555092741001,437.04044750606,2
2025-09-19 17:39:00,0.164950007419433,7.1919357776996,1.91418688884727,23.5694791104952,3.33612677006952,436.956525243273,2
2025-09-19 17:54:00,0.1946451148334,10.2084295553631,2.8246028888184,16.9819395554859,3.54362896422058,437.439786616353,2
2025-09-19 18:09:00,0.1902986259579,10.4408597775109,2.9797997776403,16.3429157777857,3.53146781488616,438.618496319223,2
2025-09-19 18:24:00,0.189767996350433,11.8605359997764,2.89240933318657,13.5535224446099,3.34430419839628,437.836664800327,2
2025-09-19 18:39:00,0.1906543815281,11.8596691110657,3.0449013332091,16.3323222221988,3.32223528212032,438.56833764101,2
2025-09-19 18:54:00,0.199400907445867,13.88795688917,3.007690222101,13.14302066687,3.3054046224222,438.44660003206,2
2025-09-19 19:09:00,0.2180189222643,17.5630173333575,3.31092688875547,10.6739637776947,3.34373662624617,438.76002488218,2
2025-09-19 19:24:00,0.216357970440033,16.5586724445552,3.6092839998377,10.8033064442738,3.25005867446522,438.647005148403,2
2025-09-19 19:39:00,0.2126287852222,19.3592973332438,5.24375755531973,6.89731733317594,3.28218514848256,439.07611546004,2
2025-09-19 19:54:00,0.220708444487633,21.7557986665822,5.8832326663539,5.63260244443406,3.17126424581221,441.383269738173,2
2025-09-19 20:09:00,0.2202204370784,21.4319693332585,5.8132188885834,5.37754066664117,3.28326223843743,440.542579433343,2
2025-09-19 20:24:00,0.209968437066433,21.5807884446268,6.59417288862427,5.09688955550406,3.21135607325139,441.067674457857,2
2025-09-19 20:39:00,0.2032882666962,18.690247778527,5.93312177767563,4.87931599992027,3.13141304254799,440.708779518847,2
2025-09-19 20:54:00,0.200121163004,16.63373533345,6.12690133329523,4.65241533325787,3.07561054826085,441.487057563784,2
2025-09-19 21:09:00,0.172941040761533,11.9513686664848,6.71285377778377,8.95120288820926,3.04334353042618,439.817382940867,2
2025-09-19 21:24:00,0.149673992617033,9.80599133294896,4.96378488892703,11.2355275555512,2.95427198908491,437.394696650147,2
2025-09-19 21:39:00,0.1569653629877,10.0853284442929,6.33125577783677,10.4564359992723,2.91877944255163,437.198782113554,2
2025-09-19 21:54:00,0.179194940740733,10.2920551105727,6.59319888887507,12.5325404443978,2.86541426972428,440.880104957427,2
2025-09-19 22:09:00,0.192134418553967,10.643381555122,8.208111333359,10.1395139991306,2.79395519462428,442.325065785523,2
2025-09-19 22:24:00,0.1376592815202,9.32058599959019,5.1042020000312,11.0453293328471,2.84286695288337,439.124407216294,2
2025-09-19 22:39:00,0.133995666415267,7.03307199985358,3.82128133334844,12.5461346669475,2.68239244496561,437.71244406805,2
2025-09-19 22:54:00,0.134436890332933,7.9546026666646,4.0845360000309,15.1992457786036,2.74102016697171,439.745648392337,2
2025-09-19 23:09:00,0.133602214830033,7.6784977777534,4.45262911116956,10.1310404439047,2.70213729021345,441.674359692047,2
2025-09-19 23:24:00,0.132439351878633,7.41773444437583,4.0189637777907,14.3516002227328,2.70609047640509,439.791439202484,2
2025-09-19 23:39:00,0.134929318549767,9.02289777773913,4.65962511112796,10.6062904440334,2.64468010126049,442.744626554484,2
2025-09-20 00:10:00,0.140655881508533,9.09907577780917,3.33154688892297,9.8486068884686,2.59542820349254,447.089402445927,1
2025-09-20 00:25:00,0.1401727407649,8.3697517778104,4.6840793333689,9.92754822186703,2.57143032670816,446.71254597719,1
2025-09-20 00:40:00,0.139577718545333,8.00764044440199,4.606176222247,10.4587117774683,2.6548560127835,444.268931378057,1
2025-09-20 00:55:00,0.138852533356267,8.52950955560913,3.29319777782043,9.91702222180973,2.65255792858253,446.34909983876,1
2025-09-20 01:10:00,0.142391637062233,9.63790644444305,3.68945977779087,9.49694688852873,2.66725482519043,448.709536863284,1
2025-09-20 01:25:00,0.136888755588233,9.3429771110796,3.37743422225964,9.83064511072543,2.73716174204549,444.183115161084,1
2025-09-20 01:40:00,0.1581392592638,9.231019111126,3.4573933333603,6.54307333320139,2.69012068918338,451.760936706507,1
2025-09-20 01:55:00,0.1597884888803,8.90562933338497,3.4966544444733,6.38955977765023,2.6585191958886,454.20118911175,1
2025-09-20 02:10:00,0.1597298148206,10.6993968889185,3.33998222225743,6.0036288887444,2.85859696097769,449.47677335155,1
2025-09-20 02:25:00,0.1600031777698,9.49545511103274,3.6070126666858,5.2226039998991,2.85403226383299,449.43619259539,1
2025-09-20 02:40:00,0.160089111098033,10.3925302222146,4.09793288888627,4.99610022210496,2.98990978148197,449.449384643687,1
2025-09-20 02:55:00,0.161815140717767,11.2430042220874,3.63083133337567,5.056951999942,3.05542081780465,450.58174522444,1
2025-09-20 03:10:00,0.145158242189667,10.8227920000897,3.92903733334224,6.96750822197477,3.78832890027569,448.423460219374,1
2025-09-20 03:25:00,0.161680390311333,9.78711244439277,6.00483355553684,4.71065444433033,3.47517775121761,455.05751302103,1
2025-09-20 03:40:00,0.1620642518305,9.48115622225424,6.11322888885397,5.11233022210696,3.34692263661734,458.728310878633,1
2025-09-20 03:55:00,0.141464323680633,11.0934419998782,5.01967622223787,9.34076844406756,4.02512016328161,445.471248179637,1
2025-09-20 04:10:00,0.1388216051562,10.29587266656,5.4062742222537,9.7112326661508,4.75480422331964,441.99075828444,1
2025-09-20 04:25:00,0.1606666495654,9.22649377787724,6.19317466656547,6.36184044434237,4.31735906172521,450.697867042783,1
2025-09-20 04:40:00,0.143265390338567,9.75682422232974,6.1432133332365,6.81629644430313,4.66857759573908,447.21375730027,1
2025-09-20 04:55:00,0.137171068123833,9.17411688899073,5.17798488890383,9.73031155513106,4.91683709321658,444.64486974874,1
2025-09-20 05:10:00,0.141611264404067,9.51299400007807,7.47937733299264,6.31552155543133,4.93820892208232,446.2716992906,1
2025-09-20 05:25:00,0.161243385174367,9.73822688887554,7.79688866623954,4.78682866653806,4.6115212720418,457.44887094662,1
2025-09-20 05:40:00,0.1616710962815,10.578140444503,6.95400622219123,4.56263533319893,4.50836004168403,453.18404294487,1
2025-09-20 05:55:00,0.160904022218833,10.0556760000289,6.91686399993584,4.67875755541567,4.49135565400014,452.487419408887,1
2025-09-20 06:10:00,0.158779155549133,9.54426155561941,5.11028644436086,6.42805488872956,4.53814962391087,452.36488050692,1
2025-09-20 06:25:00,0.161395881459333,9.42758377782224,5.91013466663767,5.8722059998876,4.29278962079136,460.70105320396,1
2025-09-20 06:40:00,0.1696726421718,11.5953315555392,7.45008155546438,4.22844644434037,4.48069982845204,457.318251541147,1
2025-09-20 06:55:00,0.171879703696067,11.7645675555087,7.44178288879088,4.45300066653844,4.78531424729305,448.759227431897,1
2025-09-20 07:10:00,0.168885442180067,10.7474553333883,7.69524844427157,4.79502577765187,4.62416754478166,452.698228727813,1
2025-09-20 07:25:00,0.1705877829137,10.2670195555533,9.1526677780661,5.0863468887643,4.67684188013543,462.216973192437,1
2025-09-20 07:40:00,0.142065708866267,9.83036511117604,6.65958933321767,7.2901539997942,4.94295202633311,447.06664744595,1
2025-09-20 07:55:00,0.142593922232067,8.97629977801687,6.5330388888135,7.2664144443511,4.83658338314698,447.43682135085,1
2025-09-20 08:10:00,0.1607561088292,9.92772600012204,7.79186844411007,6.22794444432329,4.8762963302825,451.695134682997,1
2025-09-20 08:25:00,0.166595881501134,10.3441297778685,8.24016777740694,6.7945033331455,5.02074843151263,450.483706093847,1
2025-09-20 08:40:00,0.173289907455833,12.2604135555175,10.8297413334421,7.33338799998787,4.93979555745508,463.882581232987,1
2025-09-20 08:55:00,0.150119292632967,9.36975844465313,7.80071266649684,9.23229444446505,4.6489930692947,451.38901617316,1
2025-09-20 09:10:00,0.156231433378,12.0329875552583,14.9462680002562,8.41938977775843,4.84196312976069,459.149017453253,1
2025-09-20 09:25:00,0.1572994222309,12.4340473332,16.611603999828,8.6756684444191,4.95898650024577,465.732331600403,1
2025-09-20 09:40:00,0.1430570769402,8.45658177797217,9.20836311081177,13.3635457782601,4.50857060835232,460.633302980144,1
2025-09-20 09:55:00,0.14301838293,8.56152822244647,8.1885888887604,12.0400715554799,4.90792659234954,449.86561971981,2
2025-09-20 10:10:00,0.155014366725133,9.81981066685207,9.48556377754156,10.4547524442902,5.10009436907185,460.213396234957,2
2025-09-20 10:25:00,0.162421563011433,11.0496560002218,11.3613422224136,11.3304984443108,4.92002762465268,467.429912540014,2
2025-09-20 10:40:00,0.146981533361867,9.2941357780227,9.50441422191077,13.1315411111591,4.97426522761307,462.588416885864,2
2025-09-20 10:55:00,0.1418274667226,8.62301888906913,7.5317913332484,18.0247657779605,5.08849384815083,450.071529631607,2
2025-09-20 11:10:00,0.1360764273759,8.2020622222908,8.4068382226578,21.0715677779201,5.46834277862574,447.32005697082,2
2025-09-20 11:25:00,0.137355192625833,8.72043377787316,7.29063688881156,21.2210182225214,5.76577150134167,446.697649887307,2
2025-09-20 11:40:00,0.137651857025167,7.15771533350447,7.7765546671977,26.299455589711,5.87738908071969,440.49334324935,2
2025-09-20 11:55:00,0.140192848486734,6.34256555564397,7.3341900006371,31.5199789057117,5.72259039810523,436.13454034025,2
2025-09-20 12:10:00,0.1351499418627,4.4755132137046,7.20200377841483,34.2473888716607,5.89412255755506,434.641006774601,2
2025-09-20 12:25:00,0.138051677538867,5.51646131626013,3.06631666667963,33.8699150600784,5.98837126790736,434.022350303827,2
2025-09-20 12:40:00,0.1474275516385,5.54562935047643,2.8848062221378,34.282299624203,6.4390665090512,433.061198219884,2
2025-09-20 12:55:00,0.1450239960628,4.3087222051732,1.65201244437183,35.409059315534,6.60180669286223,430.72338978798,2
2025-09-20 13:10:00,0.1462205037314,4.3393084444729,2.04330866655863,34.4014450763953,7.25078037488351,432.363042577467,2
2025-09-20 13:25:00,0.146842200004433,4.09158066669096,2.0403171110717,36.034331110975,7.61018984458554,432.959563998084,2
2025-09-20 13:40:00,0.157666511129667,4.3527777777997,2.20261999994224,37.7626855560663,8.723556767463,432.26879706894,2
2025-09-20 13:55:00,0.188540977801967,6.68422465063944,2.60459577772327,34.243817332988,11.6364276181864,432.510827172876,2
2025-09-20 14:10:00,0.1927326962804,6.27201580956643,2.89057333323141,36.642463111566,14.7190547729274,432.1510656871,3
2025-09-20 14:25:00,0.188046488845833,6.00868406351443,2.49188955545407,37.5204304449653,13.7123495186404,431.835264423743,3
2025-09-20 14:40:00,0.186598711063,5.50737717463577,2.33524355544137,35.9881148892164,12.7942597571504,432.539467595703,3
2025-09-20 14:55:00,0.1827369999806,5.5932305714384,1.88673511102844,35.9788562225273,11.6688698977496,432.828412117696,3
2025-09-20 15:10:00,0.186099570359567,7.16347315874329,2.0908113332564,35.4218326665233,12.1583624739231,433.037236205923,3
2025-09-20 15:25:00,0.1884384518187,6.6202917301691,2.15433422213514,37.3228004442173,13.7214219932969,431.95603181946,3
2025-09-20 15:40:00,0.189852081443867,6.49691658732906,2.14961822213804,38.0940115551247,14.1362400533599,431.11647477579,3
2025-09-20 15:55:00,0.201872074062734,7.21579576193809,2.0626668888173,36.484000222197,13.930443931267,431.099825313856,3
2025-09-20 16:10:00,0.2067083407362,7.45532687303175,2.11744755546947,34.902689333263,13.8569803464572,431.595295923806,3
2025-09-20 16:25:00,0.205569051848034,7.61204703178009,2.07510311103047,34.4990028886793,14.0674672131061,431.379720643626,3
2025-09-20 16:40:00,0.2042747999781,7.6441022381122,2.18970888882193,35.472210444313,14.4292909097987,431.558838880333,3
2025-09-20 16:55:00,0.221155429646767,7.88811671429073,2.2183528888459,34.7554157777877,14.6781737728541,432.178647261763,3
2025-09-20 17:10:00,0.214752118536433,8.62273055553142,1.9766204443722,34.5205935548123,14.5676791948824,432.721067104459,3
2025-09-20 17:25:00,0.217684444454633,9.63043763486402,2.08356911105154,34.9121357770453,13.9888433319495,433.517513541789,3
2025-09-20 17:40:00,0.224938629655,12.0094817774088,2.1748782221738,31.3015851105894,13.9081488571532,434.464628868546,3
2025-09-20 17:55:00,0.2187318741002,9.13543842857806,2.066866222149,31.7724948881562,14.2867360363395,434.421664311093,3
2025-09-20 18:10:00,0.2268619407657,11.866801110816,2.14544688884687,31.3670208884013,16.3204509957796,434.460432715786,3
2025-09-20 18:25:00,0.234102481512033,13.1531519994961,2.16087733329764,29.5146682228647,17.3852694270368,434.76280277089,3
2025-09-20 18:40:00,0.238981400049467,12.8293622218316,2.07142622218624,29.4950217782963,18.1801644240542,436.011185761606,3
2025-09-20 18:55:00,0.242236140785633,11.0082444442766,2.25443222218694,31.1463182217873,19.1201554140561,435.302147331379,3
2025-09-20 19:10:00,0.245989348189567,12.7411459997135,2.14758088885473,27.5642784439403,17.5007303156513,436.440802937427,3
2025-09-20 19:25:00,0.265799170419834,13.5980291111751,2.24733444441054,23.801117332955,16.6998715679132,442.610532333977,3
2025-09-20 19:40:00,0.262076222262967,12.5057895555247,2.29955977774157,22.7226128888168,16.9898595008858,443.36767034063,3
2025-09-20 19:55:00,0.2639994592976,12.7768837778582,2.5164893333093,22.8031244447703,16.8710139070922,447.04945471247,3
2025-09-20 20:10:00,0.2630177704109,13.4904900001144,2.44561777774487,21.5528455563425,15.7490629983967,444.65941345625,3
2025-09-20 20:25:00,0.2689383704049,13.8943284445435,2.5558475555271,21.4890933341028,15.4878074005586,444.20207890429,3
2025-09-20 20:40:00,0.266007800032134,12.3090884444439,2.4610146666464,21.8634824453572,15.8314889406954,444.318080356037,3
2025-09-20 20:55:00,0.311592466722367,13.1047551113625,2.44084577777517,20.9465611118763,15.4510093373065,446.12015891682,3
2025-09-20 21:10:00,0.312992125965767,13.5477851115282,2.27349644443157,21.753856889787,15.3910220574163,447.079262435087,3
2025-09-20 21:25:00,0.3206269518909,13.7910224445779,2.17906311109557,23.8422026662479,15.3790273138451,441.196738369923,3
2025-09-20 21:40:00,0.323406625969834,14.4155873336586,1.84661555554093,20.4287331117077,14.9991813307552,442.093225321543,3
2025-09-20 21:55:00,0.322635081503067,14.9749720006146,2.23787577781744,17.8531048891889,13.8291697842371,445.377954754747,3
2025-09-20 22:10:00,0.2176224667257,15.7985506666042,1.66243644446277,18.3145397781112,11.5101880195116,442.017582882343,3
2025-09-20 22:25:00,0.211372192665833,14.7491375559885,2.9668468888115,12.7323355556611,10.6969077665949,439.335731924693,3
2025-09-20 22:40:00,0.2132711333893,14.9217320001576,4.23632266659933,9.94454999974307,10.941222371497,439.433705826673,3
2025-09-20 22:55:00,0.211279977807966,16.3272995556568,5.10696155540313,7.74402511084374,9.23542074767027,439.72786323697,3
2025-09-20 23:10:00,0.2217422222706,19.9823380005767,6.5118206663558,5.91504199992473,7.34016453394187,439.93644666234,3
2025-09-20 23:25:00,0.203840407419633,19.442707778258,7.39239155523884,6.15229399989516,7.3110542717526,439.887392393844,3
2025-09-20 23:40:00,0.2174135703964,22.067339110972,8.63197622202127,6.09933177760917,7.5705950688576,440.18977103818,3
2025-09-21 00:11:00,0.194680418531533,17.63338866647,7.08420355542311,10.6649464442442,7.20394954542713,438.01784246583,3
2025-09-21 00:26:00,0.195980174094533,18.112307333022,7.35651177767194,9.74407422195875,7.23972339067846,438.109533710547,2
2025-09-21 00:41:00,0.1877446999845,17.5379624439656,6.86065599987694,9.65840244416998,7.3464246346227,437.796050677277,2
2025-09-21 00:56:00,0.1812844221646,19.2154655551846,8.03099888936923,8.18350799972008,7.50422122522485,438.76345417993,2
2025-09-21 01:11:00,0.181954511039533,18.6097908882133,6.88591199991217,7.54507311078794,7.37445232081448,438.469898686197,2
2025-09-21 01:26:00,0.179426881426567,18.6598917771153,7.45802955591413,9.19705955535068,7.54078724969578,438.46517999357,2
2025-09-21 01:41:00,0.168661459250533,14.3767199999071,7.30991533379007,12.478111333585,5.56453407790558,438.354501502647,2
2025-09-21 01:56:00,0.1666079074049,13.9674599996809,7.3425355560277,12.5585560002645,6.0169114976855,438.5891498046,2
2025-09-21 02:11:00,0.172630377748067,15.2159966666865,7.59940488938023,11.4039482222929,6.88268138654808,438.96468027984,2
2025-09-21 02:26:00,0.177446851797433,15.7935697777751,7.73918333381433,9.55417377745515,7.05158662030975,439.328048607697,2
2025-09-21 02:41:00,0.1773052221687,14.464187110669,7.84555466716003,10.5689493330236,7.03179281491301,440.097295185133,2
2025-09-21 02:56:00,0.169956266662967,12.9245777776494,7.90796733383013,11.7069439998702,7.12145080242535,439.968815015647,2
2025-09-21 03:11:00,0.160460129644633,13.0322244442957,7.73766866697029,9.49191733286426,4.9065327900461,441.344978294923,2
2025-09-21 03:26:00,0.140310359279967,13.204157777799,7.5502575559359,9.41118666619956,3.29684514275957,441.78936020056,2
2025-09-21 03:41:00,0.136449134791233,11.246294888607,7.38377822266813,12.0370877773273,3.40578410077995,440.189943866133,2
2025-09-21 03:56:00,0.134256153318,8.83017133310833,7.01948000046754,13.0211264442921,3.25534967529397,437.870919647183,2
2025-09-21 04:11:00,0.133951723673033,7.93965799973781,7.02767688933924,15.8733393329099,3.13679272912501,437.56339149515,2
2025-09-21 04:26:00,0.128542111115667,7.58182266649431,7.4982480002351,16.1156811107318,3.19393963949547,438.515259217737,2
2025-09-21 04:41:00,0.1295025925939,7.46047488874004,7.4836044446785,16.3479877774651,3.26774203082747,438.274629335653,2
2025-09-21 04:56:00,0.130327346164933,7.56972466653197,7.48501000019003,16.3042168888231,4.28518837692069,437.974093988263,2
2025-09-21 05:11:00,0.133678245883633,7.87714777765438,7.4575300002384,17.1556755554658,5.5168754548804,438.16304323247,2
2025-09-21 05:26:00,0.133871942180533,8.12936199983678,7.50598844463306,16.7221284444029,5.75451100026233,438.457055713217,2
2025-09-21 05:41:00,0.1309632424454,7.24581399997157,7.21524444489684,19.6224488886564,6.08512945107599,439.136732895483,2
2025-09-21 05:56:00,0.131538016518133,7.88834644433414,7.31902333359157,17.6157308887039,6.2820379308269,439.069492165513,2
2025-09-21 06:11:00,0.1308939239405,7.95701111097407,7.48081377792146,16.2394248888549,6.34192876512278,438.93511058401,2
2025-09-21 06:26:00,0.133838327387434,7.561530444365,7.1991055558787,15.7141540002112,6.50716166292182,439.665651577136,2
2025-09-21 06:41:00,0.1350585329281,8.21048933313334,7.21355133364097,14.5753439999448,6.49134455025482,439.357002867636,2
2025-09-21 06:56:00,0.135439694052033,8.17626622210448,7.51537355578813,14.666385333398,6.51450731710599,439.660805973266,2
2025-09-21 07:11:00,0.134095616262667,8.01515555551491,7.50693600019073,15.3195173335965,6.62606019395104,440.133090773736,2
2025-09-21 07:26:00,0.1350323347905,8.03787866659807,7.54302088907863,14.030761111017,6.84470036632563,439.71720630136,2
2025-09-21 07:41:00,0.134958723679667,8.09048777765681,7.54126688901103,14.6768915557249,6.73410296205007,439.74098479582,2
2025-09-21 07:56:00,0.1358142422075,8.27124977772418,7.5286775557436,12.5580139995187,6.74732905991279,441.57043573895,2
2025-09-21 08:11:00,0.1360256496007,8.57522999994254,7.59003911129266,11.8761168884316,6.43066224060955,441.35966274676,2
2025-09-21 08:26:00,0.1366405607238,8.46557666659887,7.5807546667833,12.3891106662481,6.00548574023342,441.49115116663,2
2025-09-21 08:41:00,0.1364581199691,8.1439988889532,7.77744622244106,10.3710833328748,5.82823530672463,441.30569870157,2
2025-09-21 08:56:00,0.154844229654933,9.35263088878807,7.89628088903923,8.4182764441032,5.99470070938568,442.8027939343,2
2025-09-21 09:11:00,0.1376197333525,8.45641888892174,7.95071822236273,10.1648093328295,5.29525028893981,441.49195140716,2
2025-09-21 09:26:00,0.1377629407674,8.53105644441023,7.95254555569666,10.9512293329231,5.15955075242758,440.934604375407,2
2025-09-21 09:41:00,0.1364913162769,8.03251155569737,8.25203511134313,10.9690384440139,4.82086602712209,440.75060180305,2
2025-09-21 09:56:00,0.134410023680467,7.30734577782887,8.2474886668976,15.2998066668103,4.144299532155,439.36591810251,2
2025-09-21 10:11:00,0.135176303732267,7.4528902222324,8.2475013335112,15.4109511112702,4.15258991565897,439.234063874397,2
2025-09-21 10:26:00,0.134060990348633,6.83064271796177,8.6738606669343,15.4281564446648,3.981456501619,439.76850533548,2
2025-09-21 10:41:00,0.134401834805733,6.429935470092,7.42445333330603,14.4690291108146,4.22987684429866,441.358184656703,2
2025-09-21 10:56:00,0.127924267225833,5.94564702562163,7.21698733330913,19.4709553331698,4.19783458900195,440.657269420687,2
2025-09-21 11:11:00,0.1299963868975,5.68651027347626,7.2211046667022,21.6158951109045,4.05181688691542,439.95726846022,2
2025-09-21 11:26:00,0.126229156104033,5.52020627347333,7.08749777775067,22.0040788886913,3.80305855379694,439.910858774773,2
2025-09-21 11:41:00,0.126430815360667,4.09628758972853,9.05629200047167,23.239470222186,3.74648908171861,437.467662008794,2
2025-09-21 11:56:00,0.126103504261033,3.87922642734707,9.03187000041324,23.6026528888183,3.73622878131876,436.700591663363,2
2025-09-21 12:11:00,0.131733809705267,4.17094266668137,8.99858155599334,25.8169733669823,3.70761016016578,435.350032716064,2
2025-09-21 12:26:00,0.126301704247933,4.11439753844533,8.93200022264717,27.582817675174,3.67026703597349,435.464981819117,2
2025-09-21 12:41:00,0.1274405332865,3.95426020512863,9.03980577825527,29.141457230912,3.5165184568719,434.66942905787,2
2025-09-21 12:56:00,0.129191230107333,3.77932996581347,8.93654355626164,29.3725032308693,3.46296741964058,434.506640005387,2
2025-09-21 13:11:00,0.131651366377,3.7295990940546,9.01795555600307,29.2573336751787,3.31844182459066,436.323628836241,2
2025-09-21 13:26:00,0.1285000062084,3.5838402051442,7.7437566669292,30.8461861196511,3.18691432090108,434.697837385694,2
2025-09-21 13:41:00,0.129538272834667,3.15696948720423,7.51011688929017,32.055617761113,3.09958873844314,434.004951144437,2
2025-09-21 13:56:00,0.129929939501067,3.24762022225317,7.24458711137973,32.5318154702514,3.04521258034915,434.014290894751,2
2025-09-21 14:11:00,0.128997211889267,3.18407560687447,7.11083800041993,33.7024280518084,2.95057772056401,433.885369744897,2
2025-09-21 14:26:00,0.129186149195467,2.98415800001897,7.36692622245954,34.5701339318067,2.85260220324006,433.615955147034,2
2025-09-21 14:41:00,0.1283563452269,3.04681671795843,7.2237328892194,34.825916564331,2.83989771033997,432.622764010884,2
2025-09-21 14:56:00,0.128928304193933,3.14645181195833,7.17108644476943,34.5069814704997,2.79343330149271,432.811494089387,2
2025-09-21 15:11:00,0.129509525238367,2.72216475217527,7.07477777804323,35.8700300680503,2.65983998011633,432.07496699343,2
2025-09-21 15:26:00,0.128121340086567,2.81405704273813,6.62012854759213,35.5305288033293,2.67524443022812,431.567587579943,2
2025-09-21 15:41:00,0.127676947491666,2.3720689230797,1.58192741875483,35.910490615059,2.73086754197175,430.93498515842,2
2025-09-21 15:56:00,0.128193923557166,2.64826794872,6.06090688941567,35.9862352646826,2.64500802136961,431.38208860137,2
2025-09-21 16:11:00,0.1233596626453,2.19099617094827,1.06480165810447,36.4447104959267,2.62937010442384,430.498043175067,2
2025-09-21 16:26:00,0.123812205117467,2.14509764104077,1.1049177606986,36.08936358925,2.64535134774678,430.42662150115,2
2025-09-21 16:41:00,0.123367823906467,2.00788581196973,1.16229294013677,36.7894644404963,2.68736470991458,430.235299535867,2
2025-09-21 16:56:00,0.113259544478183,1.9084729572513,0.9548299144761,36.989419889149,2.74451860472099,429.734524557754,2
2025-09-21 17:11:00,0.133185248174367,3.76274888889053,1.5226028888423,35.4490734485863,2.80896746355279,429.993774471767,2
2025-09-21 17:26:00,0.131069131506567,3.1038900000039,1.46643999996173,35.9149714998123,2.8342198016583,429.926342726237,2
2025-09-21 17:41:00,0.1308157894787,2.4004206666481,1.3848837777328,36.2798846668156,2.72112214741494,429.824972200137,2
2025-09-21 17:56:00,0.1243676040568,1.88172341879943,0.9525488546621,36.12771833365,2.7762267533818,430.553437863123,2
2025-09-21 18:11:00,0.1265523048874,2.27646702566697,0.948692461494765,35.9460581671007,2.78405312140727,429.597055455983,2
2025-09-21 18:26:00,0.132037266675433,3.69986733333376,1.26738711108497,35.297360696435,2.91388070800138,429.607268764176,2
2025-09-21 18:41:00,0.1307503759325,4.12805577773236,1.17308377776477,35.3093239442333,2.9113353084483,429.933717278233,2
2025-09-21 18:56:00,0.1357548129914,5.17628179359247,1.29375622222247,34.5009326106847,2.9762005153701,431.728269590596,2
2025-09-21 19:11:00,0.135168033377367,5.76255863485427,0.871296000013534,33.9509598283717,2.97868581616454,431.85221006806,2
2025-09-21 19:26:00,0.139508733377,7.64775136463739,1.4518253333156,31.2321931109303,2.94344423645448,432.28332009522,2
2025-09-21 19:41:00,0.135986629673533,6.8993626663416,1.08211355554523,31.2365079145057,2.95795203542982,432.11721672011,2
2025-09-21 19:56:00,0.135209896338167,6.2861524443995,0.808925777776333,31.079102803506,3.00619099718896,431.637615187583,2
2025-09-21 20:11:00,0.136404244490567,6.55569753966853,0.821303111108433,30.593339110867,2.93716042926054,431.87788972453,2
2025-09-21 20:26:00,0.1386307407794,8.13532044440481,1.29376000002803,28.4085462392997,2.97732521328796,432.4886623425,2
2025-09-21 20:41:00,0.135361012580733,7.5682893332481,1.221741111091,26.0744934698503,2.97822528685492,434.020423898907,2
2025-09-21 20:56:00,0.1333549584334,8.25440511105203,1.1814319999811,23.9762699140994,3.10252547312686,437.35929946635,2
2025-09-21 21:11:00,0.1287130239631,7.21445911108569,1.196407555537,25.7820456920237,3.0314638072135,437.62553769733,2
2025-09-21 21:26:00,0.1330761829377,8.59997688879156,1.16320965811157,23.2820468886644,3.03070275379527,437.201350539203,2
2025-09-21 21:41:00,0.130772464404667,7.51631577768519,1.13961654699823,25.2064168885133,2.9399085855291,437.146496158904,2
2025-09-21 21:56:00,0.136398308844433,11.7954660001291,1.34395266662973,21.9258108889913,2.98781283376829,438.323640884973,2
2025-09-21 22:11:00,0.136305018526767,11.4129113330718,2.7595955556248,19.1626517780277,3.1441904241638,438.134591389833,2
2025-09-21 22:26:00,0.136330645885433,12.3733468889436,1.82889155555387,20.3104079999167,3.00074112463903,438.792166536363,2
2025-09-21 22:41:00,0.136375119968567,12.7174757776313,2.43027444446907,18.5756826664672,2.95956405364077,438.1046332042,2
2025-09-21 22:56:00,0.135281316271967,11.3315104441523,4.4070662223756,13.2073702226155,2.84061768942349,437.91738828038,2
2025-09-21 23:11:00,0.1357583866615,13.5962279993986,3.6934851111892,14.2691606669104,2.86105194445225,437.888893337897,2
2025-09-21 23:26:00,0.137143668715167,11.9932668885941,4.450268666689,11.9623748887615,2.88006262908019,438.2350803165,2
2025-09-21 23:41:00,0.1359231835197,10.3871582220319,4.70919577791334,11.8880648887487,2.78231954430799,437.669317034184,2
2025-09-22 00:11:00,0.136422114578533,9.97444644431236,5.1717433334356,9.84013599936732,2.82936209129918,438.386990472907,2
2025-09-22 00:26:00,0.1393733094334,10.6049217776039,5.10939777781953,9.69763555512843,2.75462542075563,442.30939895977,2
2025-09-22 00:41:00,0.137899629655167,9.68331466667129,4.17015444446013,9.97028533288547,2.7635737929041,442.65134280823,2
2025-09-22 00:56:00,0.1372033037337,9.66308533340066,3.4219782222007,6.98452399981406,2.78110712564083,443.971483649067,2
2025-09-22 01:11:00,0.136703022262733,9.27009244452413,2.87687577774543,7.63813044420453,2.81491068819675,443.954779341811,2
2025-09-22 01:26:00,0.1368178370748,9.91370266676259,2.7632919999749,7.47868711089623,2.68650708405569,445.622348406187,2
2025-09-22 01:41:00,0.1375065852163,9.132935555586,3.09112888892027,9.73645777745253,2.8256427019525,446.254712439557,2
2025-09-22 01:56:00,0.1375558889218,8.71982155558536,2.72836155552926,6.9355462220728,2.88775561741485,445.589736519944,2
2025-09-22 02:11:00,0.136529844470067,9.0082828888431,3.0675220000363,10.5083837771515,2.91091452291101,442.10369882682,1
2025-09-22 02:26:00,0.135342274104967,8.81573355551051,3.376122666688,9.81312733287832,2.89211704355278,443.62131729541,1
2025-09-22 02:41:00,0.135083925948333,7.73163622222823,3.17705800002817,10.0876833328299,2.96911608897169,441.596906586373,1
2025-09-22 02:56:00,0.135520518547833,8.71755600002961,3.40706933336807,9.12790133295127,2.92496134581171,444.453202255337,1
2025-09-22 03:11:00,0.1354822889104,7.88286577783416,3.68200422225363,8.09476688866877,2.85703030658196,445.022309610994,1
2025-09-22 03:26:00,0.1362347555736,8.92394844453781,3.87422088889567,7.6162219997961,2.8098654670721,446.82481961741,1
2025-09-22 03:41:00,0.132478085202533,7.85865111113389,3.21393800004767,10.4604215551964,2.90977833852221,440.65045108228,1
2025-09-22 03:56:00,0.136103381497,8.61113911128247,5.09316666661494,7.5857802221336,2.86588885818178,446.59148339104,1
2025-09-22 04:11:00,0.1351016185421,8.70172911127286,5.9433784443279,8.33266111086693,2.91244015051359,445.91247442511,1
2025-09-22 04:26:00,0.141441537048433,8.99413800015007,6.02734111095777,7.3317815554501,2.8601289240799,447.427791963167,1
2025-09-22 04:41:00,0.141213988894967,8.87803644464591,4.70423044438263,8.09205599982367,2.84230804275103,448.28185904445,1
2025-09-22 04:56:00,0.137964144463,8.8969311112589,4.44228733331294,8.71762955533753,2.81880482836672,447.946724955777,1
2025-09-22 05:11:00,0.132449611130867,8.39062533352346,4.70893933328917,14.8478757784233,2.95594771822819,443.689959551567,1
2025-09-22 05:26:00,0.134005677806633,8.72261688905823,4.5310924443901,11.4027897775736,2.99688897625299,445.401583454217,1
2025-09-22 05:41:00,0.1369353666829,8.8952802223508,6.13177266651427,9.31264155526939,2.97716892346651,448.122764203654,1
2025-09-22 05:56:00,0.136430133349333,9.32832977787967,5.3295948888326,9.39096911074339,2.96980913185561,447.0197502777,1
2025-09-22 06:11:00,0.136217966692567,9.0521873334391,4.55219533330184,11.2042919999236,3.02963533447767,445.0272806963,1
2025-09-22 06:26:00,0.1368137088491,9.22706355560353,4.38609666663204,13.1539188891244,3.16124986919975,444.38630896892,1
2025-09-22 06:41:00,0.137518486656567,10.6574308888464,4.69098777769541,9.53286066620289,3.52362917886328,444.18549922589,1
2025-09-22 06:56:00,0.1390074741156,12.4873453331078,6.7005857776469,5.84517377763213,3.78094434978133,446.357316185043,1
2025-09-22 07:11:00,0.1401300370634,13.9940486669212,6.67370244434487,4.93190999986386,3.78287030204851,446.953558732736,1
2025-09-22 07:26:00,0.1423762051383,14.1958302223831,7.2876346663957,4.9481208887383,4.04116616184934,447.31192301678,1
2025-09-22 07:41:00,0.145944327377967,14.1942502224578,7.81746599987183,5.2723986665059,3.91607289007587,449.570403885117,2
2025-09-22 07:56:00,0.148450775529867,13.905988889105,8.16514377766507,5.13475066649387,4.04811376460056,452.269686033393,2
2025-09-22 08:11:00,0.149787434785267,12.4530039997016,9.67177000013701,5.14162777763597,3.7167287462684,457.705331053716,2
2025-09-22 08:26:00,0.1524580273825,13.2821359995568,13.6445431116893,5.24002911094927,3.72978903506863,459.136097061083,2
2025-09-22 08:41:00,0.1534353570118,13.3648695553469,16.4704788888243,5.7765853331367,3.72996473100699,463.559362434793,2
2025-09-22 08:56:00,0.152612733362133,12.5266013330133,15.5524180004387,6.297099777655,3.50504732793717,459.356735223396,2
2025-09-22 09:11:00,0.142822397749767,9.27663777795637,7.91640933314907,8.63054111109403,3.31506895855354,452.43205282231,2
2025-09-22 09:26:00,0.143121681500733,9.1314040001613,7.87647911094297,8.96496555559706,3.28672134687684,448.815549564203,2
2025-09-22 09:41:00,0.1576169926445,10.1063673335863,8.65316599989556,10.5339295554351,3.40359390935174,449.312711403033,2
2025-09-22 09:56:00,0.137711708856467,8.89329688904733,7.87244711097026,10.2272777775847,3.49191149531613,447.844873018853,2
2025-09-22 10:11:00,0.134758654715533,8.47731777794533,7.7171897776138,14.9700071117706,3.68768497024436,444.794243412423,2
2025-09-22 10:26:00,0.132514365842633,8.04533644454114,8.4786197779751,17.3208595562247,4.03496631909714,441.245535979307,2
2025-09-22 10:41:00,0.1308543954252,8.33242333315324,8.28580044468923,19.7117317779892,4.2664579125413,441.273514013793,2
2025-09-22 10:56:00,0.1371017704026,9.60123844412804,7.51448511098633,19.7243128888605,4.3731808063917,442.143882645047,2
2025-09-22 11:11:00,0.138203414855433,9.05957377756834,7.49120399986153,17.2750591114103,4.5331345896922,442.207397780303,2
2025-09-22 11:26:00,0.1345676866371,8.18999977774295,8.84173044474753,17.994512222798,4.59630999660138,441.774837562613,2
2025-09-22 11:41:00,0.134148975507233,7.65964688890487,7.47601111100003,19.5848671111442,4.59122028541186,443.733407488153,2
2025-09-22 11:56:00,0.135216975526333,7.8033417778333,9.36197844490653,18.714871333407,4.55004928316133,445.898679863026,2
2025-09-22 12:11:00,0.1286143338717,6.69900977784783,9.1943013338746,20.3277026666042,4.53982436839401,445.598128764919,2
2025-09-22 12:26:00,0.133095269513367,7.32415511111314,9.2304262226947,21.9751708888909,4.52946693084053,445.617243127319,2
2025-09-22 12:41:00,0.131572317945533,6.7622864444585,8.1883011115329,22.1256846663769,4.46395258134606,444.616124217479,2
2025-09-22 12:56:00,0.128668164625533,6.22204066668827,7.990103556045,22.7658542218957,4.39720166064415,444.539632846716,2
2025-09-22 13:11:00,0.127561606797367,5.66475116239214,7.7227637783267,23.885700444276,4.42474977856203,443.712333171103,2
2025-09-22 13:26:00,0.129989112223,4.91471400001333,7.7085024451562,24.2604013334436,4.51242494955643,441.02163669174,2
2025-09-22 13:41:00,0.129094659787633,4.61590148718033,7.10242777845064,24.2106073334389,4.34933735397576,440.967551865087,2
2025-09-22 13:56:00,0.129767521348233,3.74360652990433,2.05545133328273,27.1516461198083,4.42259913238271,438.19976479521,2
2025-09-22 14:11:00,0.124822486003233,3.50620917947996,1.6747776067978,30.201216888815,4.2307646835197,435.563146070907,2
2025-09-22 14:26:00,0.1284371322133,3.26220723078253,1.53844914523404,30.4120657605897,4.12138062831752,434.379951680367,2
2025-09-22 14:41:00,0.127639477538933,2.9230247350383,1.2301441880409,32.7787842737427,4.11810170904965,432.786181354931,2
2025-09-22 14:56:00,0.129400274688633,3.65608603419486,1.3188561195791,32.783018188085,3.98643868410044,432.548127503291,2
2025-09-22 15:11:00,0.1271182000284,3.3494927008699,1.12497743587547,32.08762246186,4.02589741348517,432.879118315994,2
2025-09-22 15:26:00,0.127636521407933,3.34663584616797,1.2043579315889,29.7319469232823,3.98788157580397,433.222941416987,2
2025-09-22 15:41:00,0.1285829932004,3.20857222222363,1.2842522306773,33.38795620515,3.98915280790147,431.50185143464,2
2025-09-22 15:56:00,0.127467737078833,3.1340646324788,1.06630834179953,35.233865033637,4.19012785147336,430.31958312789,2
2025-09-22 16:11:00,0.128693231656667,3.78733661539007,1.1441444273066,33.7948227006833,4.01389940074127,430.7032136121,2
2025-09-22 16:26:00,0.1326913988779,5.21458748711343,1.42791876923977,30.4584883247213,4.24414245152802,432.629098254837,2
2025-09-22 16:41:00,0.1316382678302,4.8974990426689,1.4658395555492,31.1081034015684,4.01580485821108,433.74110166076,2
2025-09-22 16:56:00,0.1307700644264,5.16267148710276,1.4328769914425,30.1028874360144,4.17654024783017,432.410843934584,2
2025-09-22 17:11:00,0.141730138478467,6.23649593145427,1.83070844441997,27.440045333574,4.10680219024619,431.622763352334,2
2025-09-22 17:26:00,0.136937871522167,5.33977504263597,1.51278883763977,29.9276650597063,4.10300895651091,432.472769815096,2
2025-09-22 17:41:00,0.136979549312733,5.3693517093421,1.51282305986574,29.5165879484983,3.98082852666459,433.250520380266,2
2025-09-23 00:09:00,0.159791985195767,9.40355666666997,3.4493008889247,6.75522444422826,3.50133730413209,451.90237589711,1
2025-09-23 00:24:00,0.158814718535467,9.06608688887456,3.44029644448117,6.65088088869696,3.52471055206381,452.056370996434,1
2025-09-23 00:39:00,0.1374177333573,9.14343155562641,3.65867244446277,10.2997955552062,3.61868832593741,446.6204993378,1
2025-09-23 00:54:00,0.159344103708333,9.29773622228624,3.9017180000066,6.88875222202193,3.51232615169142,452.996123128333,1
2025-09-23 01:09:00,0.159304770373567,9.25591533341234,3.6597642222428,8.98662866627959,3.44216412558064,452.191003144217,1
2025-09-23 01:24:00,0.159037303706433,8.9127144445277,3.30736600003407,7.44980488867544,3.38921095272993,454.377142664143,1
2025-09-23 01:39:00,0.159568822226733,9.06095222231821,3.85358688889823,7.08719511093187,3.41847209303267,461.32619084694,1
2025-09-23 01:54:00,0.1590958666634,8.95841444458001,4.2013600000029,7.7423493331714,3.31443071081443,455.180076183573,1
2025-09-23 02:09:00,0.159698533329533,9.00587177790921,3.7969557777841,8.5599442220022,3.30257534044426,454.83735175949,1
2025-09-23 02:24:00,0.159451192592867,8.97787444457814,3.7644484444507,8.3603771109047,3.14547875672267,454.91843970536,1
2025-09-23 02:39:00,0.1594087555587,9.14916666683174,4.3147811110749,6.83087822207977,3.15367052559355,456.056843466157,1
2025-09-23 02:54:00,0.150858903704433,8.75563244461797,3.9619699999824,9.34069999964323,3.02860606672982,451.48403224412,1
2025-09-23 03:09:00,0.1586902592553,8.8207297779317,3.6827537777866,9.18313822186863,3.12371403642265,454.006410122897,1
2025-09-23 03:24:00,0.159727192585434,8.63903222244094,3.6725293333445,9.04351688855333,3.11338735606429,461.992472151763,1
2025-09-23 03:39:00,0.1592211703671,8.68111600015937,3.86549200001277,7.21827866652151,3.12729510974224,470.615017846427,1
2025-09-23 03:54:00,0.160033207399267,8.87086422240794,4.52258622218657,6.7107646665565,3.10178895252061,472.32934621849,1
2025-09-23 04:09:00,0.1605548370193,8.84784488899197,4.41625066666207,6.1283853332474,3.07359224938397,470.249868619706,1
2025-09-23 04:24:00,0.160645637033267,8.65314733350884,3.77334555556733,8.77321355525314,3.13641433269953,471.02353719405,1
2025-09-23 04:39:00,0.1340764703848,8.237939333478,4.23067733333537,11.579447555493,3.41499814120314,444.99708999572,1
2025-09-23 04:54:00,0.1566322370332,8.7760391113195,4.3011233333179,7.70363511091467,3.25658137603041,458.300471487473,1
2025-09-23 05:09:00,0.140233848151967,8.837777333529,4.2793779999693,9.67071199964387,3.44171063870775,448.162377755753,1
2025-09-23 05:24:00,0.1426553000116,9.05164422240304,7.38706644418307,9.13222022191016,3.42915260263267,449.047459105537,1
2025-09-23 05:39:00,0.1587038148153,9.02888400019167,6.62307688876873,7.07557133317244,3.33644222593648,470.190966713197,1
2025-09-23 05:54:00,0.159254333330233,8.92156911133184,5.89086799984644,8.334444666435,3.34877692909142,470.11523948947,1
2025-09-23 06:09:00,0.163944656977267,9.40730644461217,7.8407235552633,6.78454533322827,3.25586423757099,472.73887373055,1
2025-09-23 06:24:00,0.159196681486667,9.17127066680677,6.66913644432374,6.62074155542673,3.29535968882332,464.830191558086,1
2025-09-23 06:39:00,0.1428801963117,9.286278666829,7.59762577753367,10.711717111147,3.33192189121418,450.319833387296,1
2025-09-23 06:54:00,0.145946862994933,9.77173666697186,6.68684333325907,9.11226555533863,3.37989022365658,452.369076440583,1
2025-09-23 07:09:00,0.1793638148333,11.4318704447454,9.79478799985297,7.0693444443621,3.47172240105325,480.893103617543,1
2025-09-23 07:24:00,0.2049127111196,14.857728222277,14.9062402226429,4.68799488876513,3.72932156377285,477.850614115023,1
2025-09-23 07:39:00,0.161635722225333,10.4168115557247,8.0417771113829,6.56143377764053,3.3632909393438,460.011752438403,1
2025-09-23 07:54:00,0.160864603702667,10.1415035558054,8.15014511139903,8.34041288869086,3.41403040380334,479.789689137169,1
2025-09-23 08:09:00,0.1719469222459,10.9301768891688,7.8777735551813,7.05438599989074,3.43179620986151,472.578857372136,1
2025-09-23 08:24:00,0.1377722814932,9.6099888890464,8.21176888918436,9.76816155531455,3.50221411977128,450.72927457297,1
2025-09-23 08:39:00,0.141597223679233,9.51610511131584,7.8384226663523,7.9250617777384,3.46767556256846,451.331742900373,1
2025-09-23 08:54:00,0.179995170403667,13.74947400002,15.0217724447421,6.28985399988931,3.47283699057461,461.052060273186,1
2025-09-23 09:09:00,0.1617148667148,10.7462604444401,14.1123995553599,8.59727577776294,3.42796733481791,459.347638613256,1
2025-09-23 09:24:00,0.1486464370531,9.51229933362927,15.3273944437398,9.75774644444104,3.46130123928149,457.77976801059,1
2025-09-23 09:39:00,0.151255225068,9.02544266693613,15.1841199993478,11.5895453334315,3.44617355550915,462.46630565977,1
2025-09-23 09:54:00,0.151025706544666,11.1642199994428,15.808205777805,11.8757311110639,3.59329406398339,464.869828811734,2
2025-09-23 10:09:00,0.137322439872667,8.13300111141977,7.13817355555256,16.7146197777744,3.51718251491047,453.242621079893,2
2025-09-23 10:24:00,0.1345225361819,7.68898266685567,7.81134777812016,19.3840764442179,3.53815977163841,448.791881882636,2
2025-09-23 10:39:00,0.135584099149667,8.08387600022343,7.89880533369976,17.7676164444631,3.43973636191629,449.691924073333,2
2025-09-23 10:54:00,0.137121002849033,8.3512417780815,7.30618577774489,16.3181724447896,3.66924038272661,452.034300306086,2
2025-09-23 11:09:00,0.1488320746621,9.20571644453886,11.083529555863,15.1833184450534,3.67479482857441,462.261555421084,2
2025-09-23 11:24:00,0.151177681547233,9.1519044446843,7.42688311106643,16.3482857781282,3.71608354242772,449.607119153933,2
2025-09-23 11:39:00,0.131265475780833,5.95293977779013,4.9812338633079,19.3825002223299,3.67264338466147,445.364133270973,2
2025-09-23 11:54:00,0.1361732484715,6.74861516236873,4.52357688877343,19.466766444703,3.56868196955758,444.800615478876,2
2025-09-23 12:09:00,0.132366160112533,6.16604032477203,4.19012866659227,21.6379895552286,3.55592588259257,444.780041132693,2
2025-09-23 12:24:00,0.161592892636533,11.1341231113552,10.4407844444782,17.1014140001007,3.77195593669558,457.290308030363,2
2025-09-23 12:39:00,0.180660933380333,16.2030640002133,23.393250666605,13.7019262222172,3.97764172668343,463.477110640286,2
2025-09-23 12:54:00,0.154549366704467,9.85225622257424,8.30701022277636,16.4643608887726,3.71718962370719,447.85069972703,2
2025-09-23 13:09:00,0.131973617703367,5.61151832481343,4.66330678629587,18.5539348889208,3.63818681930182,440.29768418191,2
2025-09-23 13:24:00,0.128244875745267,5.56295955557317,7.79593155617876,23.2818204442527,3.6635638328406,444.027601733226,2
2025-09-23 13:39:00,0.1262648314115,3.67203319661517,1.46435218805047,30.6548036925854,3.64044985786472,437.350700952604,2
2025-09-23 13:54:00,0.136742197733134,4.5373985983846,1.63153998291084,30.402491709715,3.65039211864675,437.276361377704,2
2025-09-23 14:09:00,0.125558131638067,3.45631393164623,1.50015996573817,29.5174628034694,3.63643074491177,437.602221537513,2
2025-09-23 14:24:00,0.132477446768733,4.65875509407153,1.76414218794544,29.8828722566067,3.75965353693232,433.37213137672,2
2025-09-23 14:39:00,0.133674203721,6.1172185983386,1.6548972991081,27.9195812312337,3.75228790918686,438.15574018125,2
2025-09-23 14:54:00,0.137538796295367,6.246132153873,1.9278817777301,28.2165036755373,3.81778347058698,433.863531441764,2
2025-09-23 15:09:00,0.152862918534333,10.6619231106555,8.4382317777184,24.7118511113572,3.87782561610931,440.08702965545,2
2025-09-23 15:24:00,0.199346029639533,15.7781411109911,11.7026626660372,18.666389778296,4.06980224948421,447.531291151457,2
2025-09-23 15:39:00,0.148201488875633,7.16756755558846,2.36015199994604,24.5363444450096,3.64002598548333,439.222873254473,2
2025-09-23 15:54:00,0.136494625648867,2.81397547011603,1.27105022222503,31.6809137608583,3.57983838253881,431.721436304346,2
2025-09-23 16:09:00,0.1375444667034,3.15140157265193,1.73107837596347,33.7899706493477,3.77013983622134,430.119181832973,2
2025-09-23 16:24:00,0.183555592583867,15.1646826669061,9.07349511131953,21.0796371112212,4.05661625477121,443.169157434763,2
2025-09-23 16:39:00,0.149010774061033,7.61493399968858,2.2204251110602,25.9146355214893,3.83850582816932,436.86469439178,2
2025-09-23 16:54:00,0.176521707389967,17.2752159999726,8.6079237783032,19.7390173338083,4.0859418378957,444.4527526705,2
2025-09-23 17:09:00,0.169731644448167,8.9492822220568,2.0501568888439,24.6320102220006,3.68402472077764,438.19010241291,2
2025-09-23 17:24:00,0.166720022198067,8.13740555548916,1.82815177772113,25.039122221817,3.93905513852742,437.709541258464,2
2025-09-23 17:39:00,0.174720399992067,8.95707244428517,1.9161559999416,25.4740995552406,3.87612298258732,436.740852568173,2
2025-09-23 17:54:00,0.200504481503633,18.0640155551444,4.99783155538367,18.8574473339163,4.18174932199686,445.29783121351,2
2025-09-23 18:09:00,0.2138971852321,24.1124702222138,6.25877955541897,14.3311691114957,4.20705460618809,442.416929360297,2
2025-09-23 18:24:00,0.2157091555912,19.9941531115878,2.80037177766864,15.7141873339083,4.19315799012924,440.20073057117,2
2025-09-23 18:39:00,0.2752673778328,14.7959073336597,1.90824444441901,21.4829348895372,3.95368947407288,441.608460191923,2
2025-09-23 18:54:00,0.204670866734267,14.7505200003621,1.94242533329257,20.9799375565958,4.27294393794633,442.42603230329,2
2025-09-23 19:09:00,0.2740730444842,15.710792445121,2.45056088890653,18.5240746667559,4.24818003926413,445.30465839587,2
2025-09-23 19:24:00,0.285454288947867,15.3385511116748,2.8941291110985,17.9204288887743,4.31629303417188,442.853220242423,2
2025-09-23 19:39:00,0.214582118613166,15.388817777848,4.76630733341636,12.7833942225567,4.64630459751765,450.0302659741,2
2025-09-23 19:54:00,0.210813855644466,14.1963802223055,5.70853488899569,12.5016206668654,6.023793416088,450.400473229597,2
2025-09-23 20:09:00,0.2002373667354,13.9892862223757,5.70570800011429,12.3502564446632,6.04658117271953,449.13188490891,2
2025-09-23 20:24:00,0.211950070446766,14.2333877780433,4.4062791112172,12.7542633337385,5.04600447645382,448.197591283137,2
2025-09-23 20:39:00,0.174285796318033,11.9105606665222,4.96365600012996,14.9933702221452,5.28790700765517,440.622798067617,2
2025-09-23 20:54:00,0.185023133375967,13.055509555435,5.52083977785156,12.900854889067,4.9042533708913,439.70296326551,2
2025-09-23 21:09:00,0.1724224518736,11.6549217775202,4.08349066676287,13.1046706670764,4.75983951989995,439.504991489664,2
2025-09-23 21:24:00,0.162296548134033,11.248905555402,4.1295464445504,13.1525113338942,5.24824071491498,437.540048103341,2
2025-09-23 21:39:00,0.156654262944033,10.9827388891158,4.99241777788996,13.0340795558946,5.4225309709726,437.282648742971,2
2025-09-23 21:54:00,0.155943874048867,10.7396668890952,5.04202244457753,13.5397173335484,5.08762216642974,438.80044099485,2
2025-09-23 22:09:00,0.1512226518225,10.7354811110613,5.61996666671369,13.3027260001697,4.995280557401,438.677645880117,2
2025-09-23 22:24:00,0.1539327592598,10.632213333222,5.64674422226539,11.3714453332106,4.7773837554076,439.501956378411,2
2025-09-23 22:39:00,0.152302751854633,10.654461555483,5.72603088895323,11.0426824443759,4.77301118575306,441.776171911674,2
2025-09-23 22:54:00,0.1477170037266,10.4834944440432,4.76863577779367,12.6182173333583,4.63577438214208,437.772009826364,2
2025-09-23 23:09:00,0.145074048178267,10.8045560000159,4.88359888890893,10.7310937775198,4.39416022203898,442.920680901964,2
2025-09-23 23:24:00,0.142847264413033,9.9955368888533,4.616297111118,11.2564062222062,4.4273801634713,443.40729476923,2
2025-09-23 23:39:00,0.147381688910133,9.8539728887178,5.77231422225323,10.463664221832,4.51289904604514,443.630774872027,2
2025-09-24 00:09:00,0.238386822252633,11.6729962221251,8.10738266682413,7.91178111075414,4.41701208346787,453.62318324326,2
2025-09-24 00:24:00,0.201052248139867,11.2240708886008,7.39923622232704,9.24726711065529,4.53700307352883,450.23200279443,2
2025-09-24 00:39:00,0.181050600008467,10.9136408890614,4.4834871111677,8.76568599953626,4.51972891953985,451.980566140953,2
2025-09-24 00:54:00,0.162187560706733,9.99952244439654,3.527813333373,7.03684555533293,4.79560369745921,454.385423118363,2
2025-09-24 01:09:00,0.159360834759367,9.0737044444647,3.62390555558387,6.87913622202036,4.82031395961057,460.665841951387,2
2025-09-24 01:24:00,0.1598585681017,9.34588177777733,3.4580177778249,7.1505591109013,4.62417736737154,454.098039698853,2
2025-09-24 01:39:00,0.160444234767467,9.35923044449061,3.50813533335813,6.57729355539139,4.73723625412588,460.95230077773,2
2025-09-24 01:54:00,0.160402259273233,9.3313377777818,3.44461022224323,7.5479206664509,4.68668104425372,458.806119218543,2
2025-09-24 02:09:00,0.138381882920067,8.66379444454027,3.3154528889346,10.0359319995814,4.53972974420425,445.567700261594,2
2025-09-24 02:24:00,0.1367373051323,8.45212377781643,3.44204555560243,10.1104822216283,4.5655160711947,442.255968483984,1
2025-09-24 02:39:00,0.135929637051367,8.5898015555866,4.66856555557146,8.3566797774393,4.56977158315259,444.585024401333,1
2025-09-24 02:54:00,0.138796864400167,9.45335999988211,5.04436422218174,8.55642711079679,4.44052691472054,444.869351731924,1
2025-09-24 03:09:00,0.140521603718533,7.95341888893393,4.4816240000558,7.49409777767163,4.35565767261117,446.175099419174,1
2025-09-24 03:24:00,0.1373030555721,8.21180111118183,4.49191555561063,8.5151971108949,4.06650556207476,446.32248152681,1
2025-09-24 03:39:00,0.135734718537967,8.58009822228737,4.76340977783557,8.01588711088714,3.93668201575846,444.836709705331,1
2025-09-24 03:54:00,0.1355759629705,8.74299355565091,5.09493133332,9.52950622182582,4.02104096453279,445.015965022987,1
2025-09-24 04:09:00,0.129517881229733,5.93813622217536,2.86802888889787,17.4795108888239,3.49075185121898,437.37286939154,1
2025-09-24 04:24:00,0.1325059666689,6.47861777786027,7.2458122226919,10.4886893327869,3.29622516011846,440.070692634877,1
2025-09-24 04:39:00,0.1345774259382,7.90123911129697,7.55102177797297,8.07586977771136,3.54422006501889,444.731982603046,1
2025-09-24 04:54:00,0.138554745889467,9.62459777768457,7.53868555580963,7.31536244428226,3.71876216138688,444.915440109533,1
2025-09-24 05:09:00,0.132777818547533,7.18369177780017,7.1394637781001,14.8789904446142,3.21853714120448,440.218707649873,1
2025-09-24 05:24:00,0.134599737050233,8.29217288903024,7.51367111130416,7.68534866661989,3.39928056042856,445.238908764363,1
2025-09-24 05:39:00,0.135587925937433,8.79908933336287,7.51593288903673,8.29132733315932,3.46037130061631,444.264002129527,1
2025-09-24 05:54:00,0.135351922236567,8.57440422242503,8.0743495559408,8.62600333313006,3.23716782301252,446.068966703023,1
2025-09-24 06:09:00,0.1368547629754,8.9076873334324,5.97958399992897,9.17396199966829,3.259973014376,445.203019056124,1
2025-09-24 06:24:00,0.136100529646233,8.8792055556923,6.02923644435557,7.55625711100496,3.13388605126363,446.624069482467,1
2025-09-24 06:39:00,0.136968933348933,9.01229066680506,6.69813133324393,7.39348577759113,3.07483102323726,445.557972950223,1
2025-09-24 06:54:00,0.1351550926058,8.55279777792676,5.8888126665294,9.29710888862996,3.00914410409576,445.516923502864,1
2025-09-24 07:09:00,0.139202523633567,9.13353244450227,6.64716155544633,6.06129733320693,3.28811357438474,446.032634912104,1
2025-09-24 07:24:00,0.164674166709733,10.9490820000182,8.4032946663334,6.45213777764419,3.59184272053136,445.574167044314,1
2025-09-24 07:39:00,0.138763405135,9.19404044453157,6.81653133320797,6.80447333321556,3.26073291498924,445.888516684923,1
2025-09-24 07:54:00,0.1355975666796,8.58003688904313,6.42320199989023,8.67785599987049,3.02394142424283,445.22880677452,1
2025-09-24 08:09:00,0.139748368088333,9.37089177781604,6.61333422213427,5.81798066653643,3.36521753108779,445.493696293387,1
2025-09-24 08:24:00,0.1668574481817,11.0243797778456,9.97602422242817,5.3529824442797,3.95586128433062,452.161440739973,1
2025-09-24 08:39:00,0.1786273778033,14.0310317780224,15.5971586665386,4.91558777758794,4.66485360466466,455.51331898613,1
2025-09-24 08:54:00,0.1717387185344,13.6133619999749,15.7069664444133,4.51844777757757,4.53059288046875,454.982491311024,1
2025-09-24 09:09:00,0.1713121889397,13.0481495556252,16.791760666256,5.70786977761923,4.72828830902403,460.01343036352,1
2025-09-24 09:24:00,0.152337422256733,11.7022906664542,15.5854900002713,7.88685777774787,4.78049550186827,457.829532981497,1
2025-09-24 09:39:00,0.153311434777367,11.7081473332422,19.6227106671627,8.44960377776616,4.73163410088752,461.995082931736,1
2025-09-24 09:54:00,0.163464181538067,13.0301733333017,22.827698222463,7.7161275555212,4.80338433102962,461.716173996686,1
2025-09-24 10:09:00,0.159559834764067,12.8202504444431,22.3889940003306,8.57861044440014,4.89406933026029,465.89515557303,2
2025-09-24 10:24:00,0.1532059037166,11.949246666465,16.7038117774473,8.90070266670924,4.56672619467843,465.173504292793,2
2025-09-24 10:39:00,0.143635528801033,8.39475822247623,8.99958533307617,13.4919051118107,3.97953259298185,461.372874591167,2
2025-09-24 10:54:00,0.1469920148487,9.2138024446726,9.47825688884576,11.9330980000005,4.3827221521974,461.904298257233,2
2025-09-24 11:09:00,0.163510870435333,10.742284444595,10.2904237778649,11.5545457777211,4.46157873759941,463.842727355993,2
2025-09-24 11:24:00,0.147779762992367,9.30295866693337,9.4348684443395,12.6938184445612,4.53424676845608,463.25698388726,2
2025-09-24 11:39:00,0.154183881538833,9.45146400025253,8.17178333322463,13.3761742225093,4.34224300134689,455.545899260217,2
2025-09-24 11:54:00,0.1341760028584,7.13468111125903,8.19799044480397,19.3740711106019,3.85927737729232,446.884181543976,2
2025-09-24 12:09:00,0.126520905378767,3.16232225640603,7.58864155621817,28.9839502565144,3.28057259511378,436.80227736303,2
2025-09-24 12:24:00,0.127666935615233,3.359261811987,1.69983034183143,27.6764078976637,3.25522962593655,437.476342722537,2
2025-09-24 12:39:00,0.1313873390625,5.4108573847065,1.63163333325673,24.9191485810837,3.30091272689053,435.816421016294,2
2025-09-24 12:54:00,0.160018251857933,8.64322466670592,4.26963399984927,22.1432242222477,3.9910677311817,442.069620728997,2
2025-09-24 13:09:00,0.183793911063267,11.1616868886573,8.09387977814756,16.8392995555197,4.43618966635977,448.541423318097,2
2025-09-24 13:24:00,0.160891503702133,9.45806044471643,8.260570000674,16.7608375553352,4.27782390042001,445.274601950813,2
2025-09-24 13:39:00,0.154520933391833,9.6870944444831,8.54995933367869,15.3318962219087,4.28761987118294,447.299038923576,2
2025-09-24 13:54:00,0.170213096315966,10.6616013336898,8.58603866710736,16.392871333105,4.28227723598783,448.036640962293,2
2025-09-24 14:09:00,0.153847040780433,8.89716666689116,8.31019333378116,17.7730339996935,4.30055792861672,445.159423156383,2
2025-09-24 14:24:00,0.155404511135867,8.17508866669893,4.0345564442935,21.952117111062,4.44742883436752,442.779223698283,2
2025-09-24 14:39:00,0.146389225955934,6.2842561368899,2.74836844439043,23.381987555865,4.21614196669563,440.51710638938,2
2025-09-24 14:54:00,0.1441587592839,6.01508444454053,2.4390951110828,23.783466222773,4.07484177764929,438.038428616474,2
2025-09-24 15:09:00,0.148494155537467,6.3028332479508,2.86851333328547,27.5691335562317,4.06336070823113,437.012646046017,2
2025-09-24 15:24:00,0.153531711121367,7.76294911114157,3.43710755551036,23.418794889211,4.16375527363676,438.951052512753,2
2025-09-24 15:39:00,0.1448814888711,4.9599305641688,2.2898604443472,28.0085513338764,3.97004337837716,433.451020446887,2
2025-09-24 15:54:00,0.1368734589865,4.13028764104426,1.73039755553697,30.8365531115433,3.82784046150672,432.482085958194,2
2025-09-24 16:09:00,0.1397674641125,3.68837017093866,1.5365459657992,31.2075727862553,3.69559607505754,431.661035356107,2
2025-09-24 16:24:00,0.1435506000067,5.4300196067321,2.08771418799137,29.6991333332604,3.66203769176089,431.461687968993,2
2025-09-24 16:39:00,0.1640923777618,8.71816866658385,3.99915222215523,21.2957542224316,3.81886264379053,443.349934549783,2
2025-09-24 16:54:00,0.1847905185199,9.5163984443582,3.86346688881653,19.6216526670257,3.71239372073467,443.15415307808,2
2025-09-24 17:09:00,0.185722666656667,7.83247111121318,2.7668277777074,22.148517333688,3.54991741096406,436.72852682903,2
2025-09-24 17:24:00,0.170510511083067,6.16413964115356,2.7607593332592,25.5880933334567,3.37416859947574,433.31879676152,2
2025-09-24 17:39:00,0.1509874370479,6.2571328888409,2.79624577772103,28.7223711109963,3.11278747331811,431.806352460027,2
2025-09-24 17:54:00,0.155259955564067,5.33073088869627,2.0068730769366,28.7569308889514,2.89726246745079,433.071738261471,2
2025-09-24 18:09:00,0.171624496308733,7.48625822204937,1.96982422221073,27.2119202215763,2.88899411960955,435.801587524577,2
2025-09-24 18:24:00,0.172989296304,8.44436733322322,2.0624802222045,24.9591293328847,2.85394391934604,437.18917820495,2
2025-09-24 18:39:00,0.161083162960033,6.85195222215027,1.4972964444451,26.551707777521,2.74352545296005,434.85377404961,2
2025-09-24 18:54:00,0.167754688897333,9.87972088891203,2.35490888887754,23.9870488887298,2.73534590134073,435.513988462284,2
2025-09-24 19:09:00,0.156385877793633,9.74389377764783,2.48206199999167,22.7363766664687,2.67715395710365,438.22149936064,2
2025-09-24 19:24:00,0.1503947999817,9.56939666657446,2.38832955556844,23.4329793330607,2.63770991219238,436.065442562233,2
2025-09-24 19:39:00,0.149960933336267,9.8858773335103,2.56067022221377,19.2530222224463,2.67578718902992,436.327691274263,2
2025-09-24 19:54:00,0.1509058222332,10.8192924446689,3.0079991111142,18.4310051111554,2.62875712680676,437.329185939973,2
2025-09-24 20:09:00,0.162582896318733,11.9487553334037,3.27359244442177,14.9969682225028,2.53052212087086,437.88405949919,2
2025-09-24 20:24:00,0.150746385166733,13.3091604445775,2.64952488894753,16.8259951109981,2.48048818505542,437.9027406102,2
2025-09-24 20:39:00,0.1475793740644,10.7782113331099,2.46485555561163,15.5165284442868,2.41731673322092,436.367824587707,2
2025-09-24 20:54:00,0.150206337033733,12.0239966665434,4.080670666768,11.8030417773256,2.46427106311896,436.424727111137,2
2025-09-24 21:09:00,0.188204403704067,11.9114886664705,5.38362622217586,11.1682968887716,2.48455332552509,437.896184906094,2
2025-09-24 21:24:00,0.147932181503767,10.6813208887371,4.1727013333987,11.9719542218348,2.59653015455239,436.405400431267,2
2025-09-24 21:39:00,0.1346002000385,8.34611444417686,3.91454355563243,12.5426971109201,2.45823918181108,435.027770707977,2
2025-09-24 21:54:00,0.134565431109733,9.02195266654799,3.62734955553953,13.7229597776708,2.38933278375404,436.68748060617,2
2025-09-24 22:09:00,0.135077012583567,8.49056244429139,3.73646533330797,12.371457110758,2.43699830352383,437.119518079587,2
2025-09-24 22:24:00,0.1346794829513,9.332909110962,4.10544733333903,12.2674853329603,2.39110871778025,436.3179679238,2
2025-09-24 22:39:00,0.134232413151467,8.33804088873083,4.1521884444615,11.2658951110643,2.2466001409288,436.787406592917,2
2025-09-24 22:54:00,0.135193361295967,8.4791893330595,3.96030688889164,11.3127686667453,2.27606855676821,437.51911585479,2
2025-09-24 23:09:00,0.1333673407829,7.18354644420943,3.74346622222324,13.2863202225448,2.21333717961856,437.093931369907,2
2025-09-24 23:24:00,0.136262116264833,8.21645155535697,4.40995444445119,9.38243022181622,2.20483603720373,440.135717832013,2
2025-09-24 23:39:00,0.136093940774767,8.46649488868723,3.23277711113867,10.0633502217885,2.25044988379115,440.070487875343,1
2025-09-25,0.1344188074358,7.53596488885233,3.79900666666407,7.9945386664717,2.22456410416549,441.556075682106,1
2025-09-25 00:15:00,0.135752281509,8.41249244445087,3.2967613333649,7.65579044427776,2.17043688916065,443.614308629357,1
2025-09-25 00:30:00,0.134950911127833,8.4085315555859,3.31943555558077,9.82630533290468,2.16689160165098,443.84367053277,1
2025-09-25 00:45:00,0.135355066679567,8.49524822226794,3.64322622223723,7.8457531109387,2.21988250911253,445.61631860187,1
2025-09-25 01:00:00,0.135826918528933,8.60623022229271,3.74952733333973,6.72330822211156,2.18545977534198,446.185892168207,1
2025-09-25 01:15:00,0.136115788908833,8.77642977791684,4.09817066662637,7.32326999986603,2.19590614110854,446.864805385227,1
2025-09-25 01:30:00,0.1356609370615,8.58672622237548,4.03251955553053,7.54267555544153,2.19100741200768,447.142061766543,1
2025-09-25 01:45:00,0.135915288907633,8.06187755567193,3.09297200002157,7.24680244436066,2.18355125511605,445.722484979587,1
2025-09-25 02:00:00,0.135581262988633,8.31020755570763,3.86003377777016,7.67274533317106,2.11368285611166,446.289480901787,1
2025-09-25 02:15:00,0.1364963037168,8.30793155571834,3.89145577776046,6.93696533329396,2.25539382310447,447.14172555313,1
2025-09-25 02:30:00,0.135235974099,8.2273333334586,3.4035408888973,7.8676166665585,2.18909340968284,446.114691366833,1
2025-09-25 02:45:00,0.1369964370407,8.4445200001189,3.98367733330587,6.51439155549506,2.19253823378444,446.218133497376,1
2025-09-25 03:00:00,0.137263659260567,8.51422177793527,4.11424933328976,6.30940488884089,2.20277782881818,446.090743530936,1
2025-09-25 03:15:00,0.1377596370357,8.59185777795794,4.64390466660083,6.2412071111089,2.09530939903234,446.2304955858,1
2025-09-25 03:30:00,0.137728511110433,8.61766422242577,3.97186288886236,5.94211400005063,2.20012200687243,446.38579861146,1
2025-09-25 03:45:00,0.139303622218067,8.7425833335996,3.96280755547593,6.01122533337913,2.16757566098741,447.298951407033,1
2025-09-25 04:00:00,0.143075799990433,8.82167377800861,4.0171697777189,5.68059755559753,2.07375146963883,446.99956401491,1
2025-09-25 04:15:00,0.139270703697467,8.75034733355711,3.8538008888542,6.05613222227973,2.18581319335648,447.190972743437,1
2025-09-25 04:30:00,0.145371088868867,9.18295288915687,5.88848022213707,5.73787577780803,2.2152589444743,446.78751185404,1
2025-09-25 04:45:00,0.152828377764067,8.88787466686394,5.74161111108843,5.60863777779613,2.19907387798869,448.334923917897,1
2025-09-25 05:00:00,0.138199203715633,8.58036066695724,3.7593897777449,6.8341955555859,2.2361872831541,446.991804363397,1
2025-09-25 05:15:00,0.144616340735967,8.82693933361934,5.67517488886973,5.8212913333775,2.18631400580395,446.712878160027,1
2025-09-25 05:30:00,0.142520592585733,8.77862177801484,3.8684291110797,5.9955651111591,2.20127964538482,447.54221179265,1
2025-09-25 05:45:00,0.1392155333307,8.58500644467224,3.93900466664103,5.95652600005704,2.23091154705805,446.531301077147,1
2025-09-25 06:00:00,0.149367111106967,8.9128371113169,5.75154466665356,5.9006897777944,2.25412373938395,447.826322065387,1
2025-09-25 06:15:00,0.150829140731067,8.96925644465744,6.10144799986153,6.21392822220633,2.29129123561061,449.940159305973,1
2025-09-25 06:30:00,0.132308596323967,7.94122222242496,3.34036866660434,16.5410628894547,2.29087767259454,442.328328971643,1
2025-09-25 06:45:00,0.1331578703842,7.21502488908686,4.90374511108163,14.5051266669289,2.49885978869404,442.67893375221,1
2025-09-25 07:00:00,0.135863737044733,8.21916911125293,5.73677844441613,8.60170488885189,2.49548451463527,447.204356374886,1
2025-09-25 07:15:00,0.136240211125,8.4517675557871,5.60196422221823,8.4121653331866,2.4739810207141,446.85902275392,1
2025-09-25 07:30:00,0.136763374084733,8.68698711137293,5.50073311110516,8.1911773331762,2.49358853283862,447.896575755644,1
2025-09-25 07:45:00,0.132811729653833,8.13419600015503,5.91582999995673,16.3878582228298,2.72635171863602,443.548252230633,1
2025-09-25 08:00:00,0.127039962981433,6.5609757778005,5.44105555556456,18.3880557779881,2.67809166127482,440.607718381484,1
2025-09-25 08:15:00,0.1308326741091,6.94233711120293,6.53111199990289,16.4019526670004,2.67861604284396,440.871056531124,1
2025-09-25 08:30:00,0.1336188074351,8.03749466692609,6.66326644434293,9.71786644416539,2.79522517785269,443.511995346887,1
2025-09-25 08:45:00,0.1337155037351,8.19058422250063,7.1189295553678,10.1388495553839,2.85367613082712,443.24250415569,1
2025-09-25 09:00:00,0.1480531459037,10.4194135556107,10.2101864447066,6.620736444298,2.81184306058889,456.654796776043,1
2025-09-25 09:15:00,0.138521119973067,9.3959980001541,7.44295733308847,9.14521044422436,2.82295509293495,446.530233775917,1
2025-09-25 09:30:00,0.139214034782133,7.7481713335731,7.55838088873576,9.50613311117336,3.02986292365111,447.516024633543,1
2025-09-25 09:45:00,0.1387434843361,7.17838711123077,7.59058422218156,10.052678444639,3.2790235676348,449.00625897151,1
2025-09-25 10:00:00,0.141957521384233,7.6686002221794,9.68476200001276,12.2886097778782,3.60047251639804,452.00052328294,1
2025-09-25 10:15:00,0.134161751024767,6.79720600005463,7.4762806665047,17.1893957779593,3.53464205789886,441.741875158097,1
2025-09-25 10:30:00,0.131815513988733,7.39382688903443,8.39357800019453,16.9477173340251,3.65921175157321,440.91435757057,1
2025-09-25 10:45:00,0.132848202871,7.41241066671017,8.18658066687773,18.4477695560712,3.88999758451628,440.863424927243,1
2025-09-25 11:00:00,0.134650271831533,8.06876911102084,8.0929415558517,16.5384073341137,3.88101001785733,440.5173862158,1
2025-09-25 11:15:00,0.126970948700433,6.5042786666222,8.0477837780396,20.800133777554,3.21010204634678,440.894257049426,1
2025-09-25 11:30:00,0.127722807967633,6.8052957777692,8.04977444469846,18.8289348887858,2.9434902244339,440.563530296786,2
2025-09-25 11:45:00,0.3035289036698,11.4008748886412,13.6065319990619,16.8033813338322,3.03655269238592,444.185395134023,2
2025-09-25 12:00:00,0.1261424079549,6.41559755557843,7.75048088935477,19.5727826664054,3.20756614686175,440.459679627343,2
2025-09-25 12:15:00,0.131189180634333,7.37251777767164,8.1446708891454,18.706993555699,3.43131696461551,441.06588965285,2
2025-09-25 12:30:00,0.135507170414967,8.47471777747455,8.2774591113441,15.3971937781425,3.72923484020997,441.122361462183,2
2025-09-25 12:45:00,0.129713768645133,6.8169695555355,8.12899711143046,19.8795591111062,3.2574482082214,441.082169489733,2
2025-09-25 13:00:00,0.161423244461133,9.20563088891566,8.58601288953044,17.4937168891827,3.07566391159167,440.667623831197,2
2025-09-25 13:15:00,0.125758341293333,6.0488966666805,7.9268342226601,21.0315071106402,3.1515331051533,439.752655888906,2
2025-09-25 13:30:00,0.1252710227715,6.19879288890887,8.02372111171604,20.7154159995705,3.03094614524713,439.816889149826,2
2025-09-25 13:45:00,0.126535882036567,6.48578866663557,8.3628620002238,20.6952237773346,2.97068975569092,440.571895853723,2
2025-09-25 14:00:00,0.128037264371033,7.31328044428121,8.27279800029473,17.7831871108221,3.00039447657428,440.785405155376,2
2025-09-25 14:15:00,0.124111748709,5.68382155555644,7.80958711148027,20.8836491110076,2.9029799726339,437.820954053627,2
2025-09-25 14:30:00,0.123463837583666,4.4378222393266,7.20946488944627,23.55742047836,2.83538185737461,435.979112815614,2
2025-09-25 14:45:00,0.1254912979833,5.47301449575267,8.00842733381197,21.7933375551561,2.92641687101817,440.352929909083,2
2025-09-25 15:00:00,0.1282885606729,7.34056222201308,8.64770022245064,17.6816637773568,3.06923280895709,439.638658549867,2
2025-09-25 15:15:00,0.125607212525866,7.0245955554037,8.3631866669599,20.1908893330933,2.90174222608139,439.733675391787,2
2025-09-25 15:30:00,0.125611009085033,4.0405034358974,8.3120244450597,23.1528591110767,2.89154720511174,436.65351459889,2
2025-09-25 15:45:00,0.114417161540195,3.1766604957562,1.50663923071577,22.4786693335943,2.99058171540804,437.364657597977,2
2025-09-25 16:00:00,0.125194990276333,3.5117589743687,2.18791711104907,22.683734666571,3.02752237478373,440.9876969841,2
2025-09-25 16:15:00,0.1267797161823,2.95918871793563,2.21733177770147,23.8757842223703,3.02753204040972,438.95532677379,2
2025-09-25 16:30:00,0.1255013424213,3.91700801710073,6.945773111723,23.648463999913,2.92954416861581,438.200660948663,2
2025-09-25 16:45:00,0.1253001310191,3.7674591281894,5.70261400040543,23.177019999957,2.94685794928673,440.569932868993,2
2025-09-25 17:00:00,0.1247672905709,4.9666697949925,8.8842331117344,23.1229095555097,2.9720855137144,438.917470148023,2
2025-09-25 17:15:00,0.12335652249,3.41988312822306,1.9909208888211,24.8140287006987,3.03199309612164,438.298541063207,2
2025-09-25 17:30:00,0.127361134484467,3.52268005130647,1.6561165640434,22.6077280002067,2.98975381019713,438.26407237222,2
2025-09-25 17:45:00,0.1649208000227,9.98465088875058,8.73863622294897,18.2895602222322,3.00703328502906,441.464253600046,2
2025-09-25 18:00:00,0.146882059293,10.1448811110991,3.3866022220914,19.168193555442,2.99586803672087,439.289733745093,2
2025-09-25 18:15:00,0.1604226889008,10.6457008887874,3.11309199992933,19.9973062222013,2.92306286340242,438.64524750906,2
2025-09-25 18:30:00,0.1701356296094,13.4516344446732,4.04529533326363,17.5141393333657,2.85712185745121,441.336975383403,2
2025-09-25 18:45:00,0.153060692621534,12.0662055557438,3.47311533332793,18.2190195555767,2.82323352691819,438.727357475157,2
2025-09-25 19:00:00,0.149301362989567,13.062593999894,2.87579133338426,17.5272562223326,2.68799933310503,438.07998883026,2
2025-09-25 19:15:00,0.145100781508633,13.5899886662107,3.67661444445143,14.2498302222875,2.64669733114456,437.682503051033,2
2025-09-25 19:30:00,0.1372032629941,12.5458717773023,4.24033177778703,11.5360248886318,2.62930749397833,437.994317896633,2
2025-09-25 19:45:00,0.136147700054333,9.8302415554402,3.94186244446593,12.5909046670978,2.790780442583,437.571104610774,2
2025-09-25 20:00:00,0.138254840781,10.2473635552735,3.40455355556093,12.7565200003084,2.87553503139854,438.449731150223,2
2025-09-25 20:15:00,0.135915533952967,9.84333133321972,2.8931635555604,13.1291168893158,2.81633514714513,438.737654566083,2
2025-09-25 20:30:00,0.135604429674267,8.61650333321876,2.83373599999603,13.2698317781308,2.87863213074795,438.78961770946,2
2025-09-25 20:45:00,0.135927845066833,8.62733711104633,2.97832444445307,11.4888593333261,2.9083232772634,439.195878276823,2
2025-09-25 21:00:00,0.135773688931133,8.68804355538466,3.05404999998483,11.2735346664341,2.69925385411319,441.31922238542,2
2025-09-25 21:15:00,0.136747470409733,8.80814266653433,3.08307599998474,13.3004422225541,2.83241901631265,442.01962117014,2
2025-09-25 21:30:00,0.134938737071667,8.47193177778977,3.39333822223407,14.8505255563238,2.82092416816234,445.268970610936,2
2025-09-25 21:45:00,0.137928082956333,10.5979337776401,3.3229280000289,13.612405778289,3.50701155136175,442.079833191466,2
2025-09-25 22:00:00,0.1367114533233,10.3952053331212,4.32982422223383,13.7967333337917,3.6314606557315,440.141531432413,2
2025-09-25 22:15:00,0.1371826384991,10.5686313330773,4.530228666685,13.2456328889733,3.41236931209588,440.528745402413,2
2025-09-25 22:30:00,0.138561886647667,12.7880268887505,7.32978777823163,12.0990673333097,3.40195445470098,442.753019106647,2
2025-09-25 22:45:00,0.136034423685967,10.2675577776145,7.44165177815704,15.1391366670271,3.3859250632622,442.579194624753,2
2025-09-25 23:00:00,0.131654753271267,8.93587733318364,7.52436688913267,17.1490057780371,3.456158581246,442.319569279363,2
2025-09-25 23:15:00,0.130555339597867,8.62925222201817,7.3215553337755,19.7076762220188,3.61145624572703,441.818328905217,2
2025-09-25 23:30:00,0.125019192578067,7.11535688883444,7.26701400021234,22.1637124444126,3.53267092035307,441.95730316203,2
2025-09-25 23:45:00,0.1249124740604,7.31550177756814,7.53781777787837,22.033514666621,3.41232330725541,441.725470180193,2
2025-09-26 00:12:00,0.1249521555532,5.21783892308284,6.93703244486597,23.2820793334183,3.3185781150618,439.62800803459,2
2025-09-26 00:27:00,0.126477785186967,8.04483755532137,6.5284820004566,20.9913742221729,3.27002451234872,439.550456532553,2
2025-09-26 00:42:00,0.135001833367033,10.7006226664146,6.66908977824097,15.3479375559866,3.20314797078565,440.937649626313,2
2025-09-26 00:57:00,0.137243785218,16.0902884438381,7.37687711156867,12.3755333334458,3.17279182334116,442.67076346134,2
2025-09-26 01:12:00,0.1354190518938,12.8402406666622,3.6617642222461,15.3624180004878,3.21370968642565,440.1490012454,2
2025-09-26 01:27:00,0.137329111155367,16.1004028884548,4.46015111112583,13.4419168893555,3.1532094322991,440.99102361665,2
2025-09-26 01:42:00,0.1367234667066,15.2698633328853,3.81156511112197,13.4991704449375,2.99021859321778,439.94072296652,2
2025-09-26 01:57:00,0.136736214866267,14.4370437774865,3.87628666668997,10.7912622221424,2.99587245471895,440.743222167973,2
2025-09-26 02:12:00,0.136273777834967,12.1239697777581,3.56809822221197,13.3942746671432,2.99633242681675,440.150480951903,2
2025-09-26 02:27:00,0.136453581528667,12.2700231110526,3.1305088888821,10.9281837777009,2.94846128119353,439.345796915273,2
2025-09-26 02:42:00,0.138249925962433,11.0350922220932,3.28095822219987,9.7099882218111,2.92882822822216,442.882054375667,2
2025-09-26 02:57:00,0.1373753407746,11.1629808887734,3.0102242222013,10.1406282218764,2.89427903099876,444.316440739057,2
2025-09-26 03:12:00,0.1364489111451,10.2262008889347,2.66450644441243,9.94025955507337,2.84581352346662,443.42761078387,2
2025-09-26 03:27:00,0.138436637060033,10.7047704445011,2.87456177775013,8.89767999972286,2.86766979206629,446.04147290811,2
2025-09-26 03:42:00,0.132738740790633,8.18634866675094,3.47318977779487,16.0391066676497,3.11851338283862,442.701184791877,2
2025-09-26 03:57:00,0.131366088931333,7.05136177784017,3.28850577779387,16.357236000929,3.14145756543265,441.54688195665,2
2025-09-26 04:12:00,0.131839962989733,7.31972600011074,4.80435399991947,15.3569197785483,3.23149844052044,441.438229601143,2
2025-09-26 04:27:00,0.1309993037181,7.20140333341854,5.47639577767394,17.5602017785512,3.29827553805452,441.37163908951,2
2025-09-26 04:42:00,0.127390792596533,7.63568399988191,5.75570511097614,18.3710537782268,3.33332888691533,441.492377702097,2
2025-09-26 04:57:00,0.125275688887833,6.8272606666325,4.77376599995264,21.0043179999053,3.41755737257588,441.186532455243,2
2025-09-26 05:12:00,0.124097177787467,6.15294933324593,2.6461559999896,21.2642026667398,3.55195493973286,438.45510057338,2
2025-09-26 05:27:00,0.124410333346233,7.38616666654998,4.80589577775944,21.1973631112271,3.47381111660436,439.706634219433,2
2025-09-26 05:42:00,0.1242369629795,7.28647844417019,4.0327033333459,21.0406806666762,3.5165133676852,438.32901563195,2
2025-09-26 05:57:00,0.117259871923579,6.93905666644219,2.1739124444315,21.5256026668231,3.29968503754745,437.825710061277,2
2025-09-26 06:12:00,0.123790488911033,7.36526755528933,3.28532644446127,21.2682226667093,3.38892851022113,437.957502452407,2
2025-09-26 06:27:00,0.123926222245767,8.02188288871553,1.95465266666597,21.5980222223353,3.41115002164185,437.52668064584,2
2025-09-26 06:42:00,0.127952055577433,9.85997999957796,3.51145511111807,19.737024444255,3.46719553331284,438.958395376856,2
2025-09-26 06:57:00,0.1259321259503,8.79001644420152,2.9846811111139,19.3526648886745,3.71458157959765,438.131766625647,2
2025-09-26 07:12:00,0.1257217963189,9.19104444420113,2.86652333334023,20.0772473331887,3.83570769291039,438.104548410513,2
2025-09-26 07:27:00,0.130052166687033,10.196111999596,4.22997577779117,17.2044940000009,3.84509625556595,438.589813680113,2
2025-09-26 07:42:00,0.128356907430367,10.0427657775864,4.54525844443004,16.9192357778013,3.91594925753327,439.565531300337,2
2025-09-26 07:57:00,0.1260021926146,8.38543622192507,4.55809933333264,19.4499911110517,4.01743314382072,438.97171869095,2
2025-09-26 08:12:00,0.1239667333619,8.23667288862601,4.98915911113967,21.0896508890115,4.18459028254923,439.12283211821,2
2025-09-26 08:27:00,0.125305348172333,8.31080311082514,7.16909333378601,20.647399777816,4.25513995138134,439.16020326425,2
2025-09-26 08:42:00,0.132453027368167,9.45396577747197,7.22891733363157,18.2687682222571,4.23519749948002,440.616068780627,2
2025-09-26 08:57:00,0.133107355585433,9.89810533316053,7.30663355601107,15.6268622226968,4.19571711840881,440.647328855194,2
2025-09-26 09:12:00,0.152102955593,9.84316111088997,7.64167044471106,14.3412993338068,4.05289632129775,440.886579024744,2
2025-09-26 09:27:00,0.132463303738833,7.99551733331371,7.34712133377904,16.3653353339657,4.00166990433071,440.087185682977,2
2025-09-26 09:42:00,0.135927533369033,10.1935213331098,7.73981844456373,12.5686757780065,3.66363038989478,442.97593772831,2
2025-09-26 09:57:00,0.134847645923467,10.5756599998217,7.37001088934334,15.2962077781988,4.34196039489479,440.724082150417,2
2025-09-26 10:12:00,0.1302950125336,8.26106666642135,7.51092888913427,18.2476197780135,4.13778678247715,440.421682107573,2
2025-09-26 10:27:00,0.214689200042933,10.9876279997025,9.7154637786031,18.9457942223241,4.00622383655972,441.42140398318,2
2025-09-26 10:42:00,0.134720381505633,8.67223777767027,7.50195311155774,20.8229013333871,4.10030588176647,440.106107415613,2
2025-09-26 10:57:00,0.1300870131098,7.55967533320321,7.38425577811614,18.8516188889589,4.42523215307969,440.638580326076,2
2025-09-26 11:12:00,0.130778462108033,7.63684666645701,7.59560711132976,19.0843844445453,4.52185902715955,440.877227480227,2
2025-09-26 11:27:00,0.132461188055733,8.31797711069751,8.17604466692307,16.9551684447346,4.91081826296603,440.942004006767,2
2025-09-26 11:42:00,0.135970975557234,9.7307206665116,8.13737600027843,13.301078666796,5.08857681051512,441.6708523446,2
2025-09-26 11:57:00,0.1348552940505,8.61370066630541,8.13254844475913,17.1254842226111,5.39490020645389,440.447520503017,2
2025-09-26 12:12:00,0.135560496325133,8.26057199974051,8.17878066691856,17.241243333773,5.53323315161587,440.747238994747,2
2025-09-26 12:27:00,0.136694859306333,9.85897244420183,8.29375533357353,13.1980562222587,5.4749457668574,441.586977880664,2
2025-09-26 12:42:00,0.134766377806333,8.34998955538365,8.01115288925913,18.7097368889089,5.43269647906,440.98702118862,2
2025-09-26 12:57:00,0.136330733372767,9.32645688861091,8.23000866700914,15.0435466671268,5.30187098022764,441.156553654697,2
2025-09-26 13:12:00,0.134146138490867,7.73710488875165,7.78554733397517,18.9344917778888,5.24256445840283,438.86914295605,2
2025-09-26 13:27:00,0.1359328815137,8.97103999966297,7.96794733377374,19.0771555556175,5.04424989441162,441.055864848024,2
2025-09-26 13:42:00,0.146316351917734,11.2594335552973,8.2179515558603,15.0453808892273,5.30353273040938,441.723080610957,2
2025-09-26 13:57:00,0.1495135667014,11.6991077775539,8.37686266719557,15.5847680003296,5.18330913685805,441.73821123615,2
2025-09-26 14:12:00,0.146352140810434,11.0954942218714,8.27591066725074,15.6937988891967,5.21514130867712,441.19699284203,2
2025-09-26 14:27:00,0.1502653037357,11.8979166664223,7.492881333905,16.2197268893339,4.99504146390053,439.197469067343,2
2025-09-26 14:42:00,0.15126925559,13.4203893334708,7.60057666722703,12.1415088890064,5.05611535018084,440.284443494447,2
2025-09-26 14:57:00,0.1508207222499,12.097313111069,8.34468022279877,12.934529555917,4.98363770791375,441.0396727464,2
2025-09-26 15:12:00,0.1447247000663,10.6063017775927,8.23305111142297,13.9797211114393,4.78133859713553,441.923791559277,2
2025-09-26 15:27:00,0.1439061778639,9.66648666647799,8.1837077783107,14.732702444688,4.80771992461212,441.693704378204,2
2025-09-26 15:42:00,0.138496711187667,8.25796955519987,7.99259488950554,16.1877757779248,4.6634135401342,439.908636802487,2
2025-09-26 15:57:00,0.142200692671567,8.78921866636583,7.8967071117429,17.778714666647,5.05763532693146,439.70546756273,2
2025-09-26 16:12:00,0.137250897764233,10.5510271103497,2.95298266664826,21.209311999936,4.66995491073728,438.481698465039,2
2025-09-26 16:27:00,0.1469966889007,14.8703248888723,3.47966377767717,17.6573348887581,4.75881014613081,438.36778869487,2
2025-09-26 16:42:00,0.1514381444619,17.3554231106972,4.50032288882983,13.3380848893407,4.70659648092795,439.88891958789,2
2025-09-26 16:57:00,0.153382114838833,13.5310473335672,4.8324151110507,15.3320113337437,4.65293242951842,439.256397727386,2
2025-09-26 17:12:00,0.1507394518747,11.6188355554192,4.27648622216656,16.0558784445592,4.67640835328975,437.98353994708,2
2025-09-26 17:27:00,0.150528133357667,12.6512813333134,7.06527622273203,14.01877866706,4.56365141519837,439.794183114836,2
2025-09-26 17:42:00,0.149198507440733,13.1001744444241,4.6740653333272,12.4784717777791,4.43826205858679,439.00437324034,2
2025-09-26 17:57:00,0.158633007430633,14.8244640003949,7.52545422276666,10.931027777612,4.84338836324744,440.20518917616,2
2025-09-26 18:12:00,0.1519036259507,17.6714597774729,7.86833822273673,8.27611288855421,5.21400908226985,444.15348930714,2
2025-09-26 18:27:00,0.148723177784,14.7957673332082,4.14876799997983,10.8532524439944,4.65283692233598,438.52566200446,2
2025-09-26 18:42:00,0.156761885176733,15.4900702218206,4.95048666665666,10.249969555297,4.59826978033087,438.217747549503,2
2025-09-26 18:57:00,0.161039651850533,14.678574000052,5.53548377784886,9.74418377745723,4.68699037354751,439.631484041427,2
2025-09-26 19:12:00,0.162022003703867,12.6339642223572,5.98934022223604,8.95816622174219,5.09480681245268,439.725852890063,2
2025-09-26 19:27:00,0.158769203702133,11.6013528889307,5.4225106666802,9.68540244407863,4.97152335083272,438.196281282044,2
2025-09-26 19:42:00,0.157164651858,11.7939819998804,5.80011822225097,8.52673733294335,4.87372147124112,441.380556560796,2
2025-09-26 19:57:00,0.1408107777889,11.3110137775902,5.87804822255566,9.7992935551816,5.00246482964127,439.404032562177,2
2025-09-26 20:12:00,0.152150981489433,11.8918384442619,5.45311000007333,9.27986244402882,4.72135378307678,441.406012582633,2
2025-09-26 20:27:00,0.141329562972033,11.193665333112,6.79861400046603,6.27609577766283,4.69599025668984,442.77574613531,2
2025-09-26 20:42:00,0.1444990000114,10.6722157776129,7.02282288940506,5.42338977763816,4.80474719533474,443.436696344367,2
2025-09-26 20:57:00,0.153408311121,10.9058882220985,5.6648297778685,6.5653839997713,4.72155404200982,443.742772132773,2
2025-09-26 21:12:00,0.176132740771433,12.2746308886829,6.02590422232087,7.87059866619946,4.66087210844887,443.158130195723,2
2025-09-26 21:27:00,0.1405169926162,9.85599755532907,5.1610182222091,6.42160733321879,4.7256783832684,445.007970408607,2
2025-09-26 21:42:00,0.158168770403833,11.2387600000539,5.78833933331506,6.98960933307956,4.84596415275007,445.298263834127,2
2025-09-26 21:57:00,0.1648722815098,11.4563926665951,5.95288288888016,5.4798962220192,4.53745508288208,445.879379019247,2
2025-09-26 22:12:00,0.148600148176033,9.39215533335677,4.7635515556371,6.88556688869676,4.51623593272279,443.353027019977,2
2025-09-26 22:27:00,0.1534622000381,10.2792993331727,6.94661377771044,5.34652977758586,4.68736171761775,445.041443278056,2
2025-09-26 22:42:00,0.173896774067567,17.8399944444792,29.397028667187,4.1442666664839,5.00162254658898,454.407056130756,2
2025-09-26 22:57:00,0.143206271825667,11.5243233330851,7.67167266639907,5.96757599987113,4.72048082803486,446.622730143127,2
2025-09-26 23:12:00,0.1364588125592,8.78389311091493,4.67895200002713,9.84728577736105,4.62492433190472,440.48308253518,2
2025-09-26 23:27:00,0.1373170421931,10.1077535553707,5.91261955546597,10.4324793331054,4.73569466991761,442.71482157228,2
2025-09-26 23:42:00,0.135874197758,9.5696455554388,5.2847008888856,13.1403911109892,4.59706265985171,441.811319562403,2
2025-09-27 00:14:00,0.139345145887333,9.45298955561561,5.3519677777719,6.37287911101203,4.38518099143948,446.217790231054,1
2025-09-27 00:29:00,0.144793219931567,8.97151422229267,5.23111622224073,6.69756999994556,4.47055945687451,446.949199216487,1
2025-09-27 00:44:00,0.1402822940062,8.8336048889749,5.38341711111173,6.80891911106763,4.53919859264309,446.850582148317,1
2025-09-27 00:59:00,0.1342813815026,8.6984511111593,5.37647266661251,12.5450573335434,4.16176938329314,442.928058218607,1
2025-09-27 01:14:00,0.127803396295533,7.23621800002901,5.71164133323183,18.4356506668672,3.99018338632871,440.609975617503,1
2025-09-27 01:29:00,0.131336114835133,7.0186066667418,4.8917431110916,15.6599244449813,3.91554252146173,440.700910937353,2
2025-09-27 01:44:00,0.132527107421967,7.16381044452437,4.9013984444423,14.1288235557522,3.883791553506,441.518248084767,1
2025-09-27 01:59:00,0.1275168185165,6.97227577783577,4.82611577775184,18.0000300002627,4.15502847967448,440.533596089873,1
2025-09-27 02:14:00,0.131552714837567,7.006740888924,4.94705866661104,16.0600228892756,4.49537668534062,440.217592055337,2
2025-09-27 02:29:00,0.131775048180733,7.09376822214871,4.49677822220594,16.0579195559164,4.63291866342659,439.083062618723,2
2025-09-27 02:44:00,0.131152944456167,7.18018666663597,5.28470066658887,17.2653484445283,4.95007070962082,439.965625090426,2
2025-09-27 02:59:00,0.1311734926047,7.16870533333111,5.58805066657217,17.6341695558707,5.05026283943946,440.737725229653,2
2025-09-27 03:14:00,0.131865203720067,7.13305977788586,4.72487444442457,15.3405800006434,5.09694007213879,440.451639879203,2
2025-09-27 03:29:00,0.132067003712767,7.29792955567583,4.8302397777358,14.7763782227577,5.21590433290804,440.537205183867,2
2025-09-27 03:44:00,0.132879085208067,7.84770800003363,4.8716728888439,14.967857111825,5.07125352518283,440.627187362297,2
2025-09-27 03:59:00,0.1268402629653,7.28006799996697,4.6715273333093,20.8206920003985,4.6917552298839,439.525689106727,2
2025-09-27 04:14:00,0.126595729634567,7.25689688888404,4.97925799993477,20.5100415557105,4.62323349748435,440.12604553106,2
2025-09-27 04:29:00,0.126868799998533,7.70911955548601,4.92759822217691,19.1262608888333,4.26764993547968,440.140115025017,2
2025-09-27 04:44:00,0.125478370951867,6.4370588888534,5.67772888862374,22.0793180001737,3.95246815213615,438.34390456902,2
2025-09-27 04:59:00,0.125553229632267,7.57235422210668,5.55955111096377,20.3864473333337,4.00727875674555,439.915526593473,2
2025-09-27 05:14:00,0.1254594222191,8.66738955540259,5.3358282220941,20.9182853333457,3.95045591667089,440.148360159543,2
2025-09-27 05:29:00,0.128489948138833,9.42451822201489,5.00011422215947,16.4260902221228,4.09820419160229,439.999360221843,2
2025-09-27 05:44:00,0.126687199994333,7.85119311097411,5.6147739998832,18.7657986664579,3.96826837760978,440.203773393137,2
2025-09-27 05:59:00,0.1320171703902,7.88440688878311,5.82427888875927,15.844223333471,4.15949033183586,440.20866385252,2
2025-09-27 06:14:00,0.134565859293667,8.7466355554239,6.72515199990663,11.8132508885426,4.08884097276204,441.244148750233,2
2025-09-27 06:29:00,0.135140911134067,10.5669348887256,6.0984228887834,11.001321555335,4.18019860344388,442.358233055194,2
2025-09-27 06:44:00,0.132745325966733,8.51569666648354,5.71596977768364,14.4280415555272,4.15721520877025,440.332293459794,2
2025-09-27 06:59:00,0.132988281506067,7.96406111109734,5.63581288878414,15.1758340004035,4.01538112100336,440.741638660317,2
2025-09-27 07:14:00,0.1355522370476,8.65143044450827,6.66727599988823,9.65253444410323,4.05142581565831,441.870261178003,2
2025-09-27 07:29:00,0.135947508859067,9.06408599998014,6.0486757776645,11.4192117777127,4.11828028123848,443.175153420533,2
2025-09-27 07:44:00,0.134817200011567,8.76329266669117,5.0418462222315,9.89292355511859,3.77559307372853,443.232867464804,2
2025-09-27 07:59:00,0.134444892610667,8.56182733338224,4.99680288888347,9.82657177743172,3.47509630358669,443.88336856488,2
2025-09-27 08:14:00,0.136288518530767,8.9507664445518,6.13420444433017,9.36256177738726,3.5922629186324,445.17888731516,2
2025-09-27 08:29:00,0.149257029650067,11.7488819997855,6.6909677776509,12.0150231110754,4.09183045377061,442.489199033454,2
2025-09-27 08:44:00,0.1418198199827,13.5481631113642,6.84756488879737,7.31960622191859,4.31018793290209,444.971809913477,2
2025-09-27 08:59:00,0.129131219935567,7.83768711106364,6.48174400023234,19.339800888926,3.39968977926817,440.498848695047,2
2025-09-27 09:14:00,0.135575131104067,8.52635933315118,7.59051600014143,14.8344140002048,3.33258884883313,440.511540034617,2
2025-09-27 09:29:00,0.134494879221233,8.43385355549831,7.20548444476227,15.8740440004872,4.35819059220542,440.287639046177,2
2025-09-27 09:44:00,0.134736157019067,8.22735088881384,7.4496457780224,15.4664315560362,4.72120748009346,440.64676028928,2
2025-09-27 09:59:00,0.1384105607307,11.2050144442722,7.75134333345553,10.668346221998,4.11005712512829,441.66996647345,2
2025-09-27 10:14:00,0.1344821977561,7.98778888878988,7.45952733353856,14.9454135555671,3.97946660284358,440.268802066486,2
2025-09-27 10:29:00,0.132507133356633,7.79662466657168,7.4856451113004,15.486826888991,3.44441254485263,440.373146283376,2
2025-09-27 10:44:00,0.132451085214267,7.42172222215847,7.55667622236536,16.1497188891244,3.54607447879034,440.330344702263,2
2025-09-27 10:59:00,0.1316683450286,7.49464022216344,7.057373110905,16.937436222216,4.01559680085554,440.670477790483,2
2025-09-27 11:14:00,0.133956377810467,8.21809533314674,7.7378368890571,14.9664711110284,4.27596803768648,440.090158186556,2
2025-09-27 11:29:00,0.133250833361533,7.61518888882654,7.6993435557206,16.1383648891414,4.16271077114323,440.366863598397,2
2025-09-27 11:44:00,0.1314156316419,7.51298444441674,7.6522033335997,16.6648693334543,4.0736886188103,440.026862053653,2
2025-09-27 11:59:00,0.129514488610833,6.9468282222561,7.92299177809463,19.5285935553691,3.26029308141258,439.688302403967,2
2025-09-27 12:14:00,0.132582539879767,7.53380555557407,7.90719911140696,20.0389704442925,3.17080241683249,439.750038075123,2
2025-09-27 12:29:00,0.133371528781567,8.28636577760041,8.1086828891582,16.9999204443279,3.39781595335859,440.008582123366,2
2025-09-27 12:44:00,0.135248982937634,8.21585488874951,8.13783755585593,15.101173333455,3.54631880497822,440.01889288882,2
2025-09-27 12:59:00,0.1313169695177,7.50173199999574,7.9952860002986,18.9799513331539,3.05685003922225,439.860547322033,2
2025-09-27 13:14:00,0.1324214732166,7.36564111110471,7.87017488949653,19.2492397775264,2.90428062363129,439.271997642393,2
2025-09-27 13:29:00,0.1351085088663,8.07953088881698,8.04034511151713,14.2427282221262,3.3926104913545,439.643271170807,2
2025-09-27 13:44:00,0.134577571827033,7.56434444434581,7.8619420006033,14.9157113335566,3.18355072871129,438.33562973825,2
2025-09-27 13:59:00,0.1342545778083,7.63377044434331,7.34939000062353,15.725241555532,3.40501487795769,437.002004851257,2
2025-09-27 14:14:00,0.133269964424333,7.06006488880247,7.82157600061313,16.2812453331551,3.61503737027732,437.626222068447,2
2025-09-27 14:29:00,0.1333647347908,6.50464066667907,3.91017288888243,16.4677906666609,3.71091436739994,437.775406890813,2
2025-09-27 14:44:00,0.133191734770633,7.39872955557561,7.96586444502977,16.7037393333644,3.75448261176156,439.52357314517,2
2025-09-27 14:59:00,0.1331694236575,7.59217288891964,8.01364577813377,17.7232573332679,4.4541008809525,439.805361222013,2
2025-09-27 15:14:00,0.129893144175733,7.57192288875724,7.97923533363973,19.740042888793,4.68215875221654,439.470838226196,2
2025-09-27 15:29:00,0.130047369510667,6.89658822219984,7.9312646670291,19.8919326664854,4.57998360609178,439.480144501826,2
2025-09-27 15:44:00,0.130362139884033,6.99403933328047,7.93232133393507,17.8111339998524,4.37711719166032,438.963458540903,2
2025-09-27 15:59:00,0.135203664435634,7.8147862221365,7.87569622266833,14.448011111163,4.50090047915057,439.302213363563,2
2025-09-27 16:14:00,0.129342428770333,6.76992088885297,7.858506000606,19.0748895552543,3.98488399937267,439.258631382416,2
2025-09-27 16:29:00,0.127090262689033,6.69421924785794,7.55022555593947,25.43519711074,3.71366355329194,437.237701263847,2
2025-09-27 16:44:00,0.129146059277167,6.63635702558317,6.95476666713164,27.8195935551797,3.61610082030569,434.72638797144,2
2025-09-27 16:59:00,0.1282540199578,6.55999027339743,4.94673822258407,26.8953102218737,3.34462192678489,437.350922947194,2
2025-09-27 17:14:00,0.1286998661217,6.2439371623081,4.98286911148893,27.6622611106963,3.35365330077544,434.93576414427,2
2025-09-27 17:29:00,0.129734209143133,6.70969982901854,6.87619688929207,27.8423402218537,3.52366890571768,434.948863938383,2
2025-09-27 17:44:00,0.1287082883449,6.213634666603,5.89816511149707,27.6317699995973,3.67804441216005,434.9729930855,2
2025-09-27 17:59:00,0.129066744737433,6.95189111103397,6.84237955593497,27.5941728884196,3.62887997818827,435.198625055207,2
2025-09-27 18:14:00,0.129349063244567,6.6976951110517,5.90099333371903,27.6295842219113,3.26199232539249,435.057935143957,2
2025-09-27 18:29:00,0.126521603980933,6.3639775555171,1.53258755550593,29.4943825302413,2.60089201758001,434.653717214173,2
2025-09-27 18:44:00,0.1256471555327,6.3472948888368,4.45837066698813,29.6449358635113,2.46554367063614,434.580993627553,2
2025-09-27 18:59:00,0.1259199367357,6.38981311105004,1.49520088885113,29.5141679832036,2.68429830675276,434.76155147366,2
2025-09-27 19:14:00,0.125694662665567,6.3245353332683,1.49085422218423,29.4829019832066,3.00850488662546,434.647032353426,2
2025-09-27 19:29:00,0.124959785164,6.2214348888593,4.45615422254293,29.7533477608536,3.06947497991515,434.515241485173,2
2025-09-27 19:44:00,0.124126170375167,6.5773579998967,3.26655733337527,22.98770999988,2.86064912725256,437.60578723661,2
2025-09-27 19:59:00,0.129167985199533,7.8530175553768,4.2768020000711,17.0208422223062,2.85835009394857,437.608222137393,2
2025-09-27 20:14:00,0.128056533334133,7.30533244438713,3.08048933335137,17.4796166669097,2.95801528194929,437.67260200837,2
2025-09-27 20:29:00,0.1339225333663,8.12390733323816,4.34094444448743,12.488902000123,2.98085007446713,439.466037886727,2
2025-09-27 20:44:00,0.1325181481695,7.38568933330632,4.06564244447457,16.5084791118636,3.14069153091301,438.309433268767,2
2025-09-27 20:59:00,0.1334328889088,8.24310111112417,4.51964111113387,14.714427111746,3.16144031247161,440.698284867173,2
2025-09-27 21:14:00,0.1329248889257,8.31358777763294,4.488562222216,15.3078202228235,3.47202690197667,439.302235682467,2
2025-09-27 21:29:00,0.1329348629956,7.62052666660803,4.11952911114326,15.9833800008955,3.5787657594466,438.121182643757,2
2025-09-27 21:44:00,0.134779866687733,8.36426333335268,4.9080324444269,14.5599011116397,3.75067046608096,442.036240760244,2
2025-09-27 21:59:00,0.135388874088933,8.22045977777186,4.3916513333844,9.89036533291755,3.74368538710656,440.627372616643,2
2025-09-27 22:14:00,0.1364095718112,8.6281640001334,5.14998088890434,7.94036355540343,3.86377301853559,445.919145168177,2
2025-09-27 22:29:00,0.136546599993933,8.5856573335045,6.02949777768817,7.08209133325019,3.67302491571785,445.894108974617,2
2025-09-27 22:44:00,0.135945711114933,8.33400000011293,5.22331088891044,7.25691688880943,3.84049585218423,445.36025415571,2
2025-09-27 22:59:00,0.137131753285267,8.75579666680507,5.23619555556457,7.41516911103186,4.03213174415741,446.236681937721,1
2025-09-27 23:14:00,0.139267990317033,9.07140044454727,4.88525577781153,7.06343977773043,4.1477861734936,446.557703312863,1
2025-09-27 23:29:00,0.1591913828876,8.94797244461353,6.1042331111147,6.44980555550426,4.28423060518427,455.51824195501,1
2025-09-27 23:44:00,0.1600427088198,9.24209444456437,6.38484511109004,6.48524755547679,4.14061643894903,453.813767164437,1
2025-09-28 00:08:00,0.141721223663767,9.24848066684121,5.22603600001737,7.46492288879643,4.11170049834866,447.457545046944,1
2025-09-28 00:23:00,0.152124331053933,9.44321044459847,5.27908955557384,7.0042882221359,4.11618519318842,450.171077488204,1
2025-09-28 00:38:00,0.1347247815036,8.44697577787047,5.5052631110913,12.0318764444582,3.37694335901185,443.36492357347,1
2025-09-28 00:53:00,0.133476974087233,8.27604622232086,5.25112622222767,12.0927508890632,3.10020113465436,442.96348340437,1
2025-09-28 01:08:00,0.135002537042433,8.315757555741,7.3934702225068,9.213431555323,3.37262202675186,445.55931652009,1
2025-09-28 01:23:00,0.135428537045733,8.51841444463233,7.8451642227111,8.01646155542073,3.10387018795685,446.700775779777,1
2025-09-28 01:38:00,0.1388022532861,8.73030444464783,7.2020091113918,7.6695308888098,3.30636716294122,447.226061671904,1
2025-09-28 01:53:00,0.160219192573,8.86617155576133,6.38159244443527,6.5614366665876,3.42368574884065,461.34742417112,1
2025-09-28 02:08:00,0.133417788903567,8.3359111112371,5.60353800000343,14.4016248894188,2.84574793745201,443.132351745804,1
2025-09-28 02:23:00,0.132744388901833,7.42403955573166,7.29116200045217,14.7427791117773,2.62341210808803,441.611487766264,1
2025-09-28 02:38:00,0.134344937047333,8.10838488906373,7.82281866729527,9.15615222194164,2.86948766271931,445.53112652942,1
2025-09-28 02:53:00,0.1341494185334,8.07326111118386,7.24988111161177,10.2314268884937,2.66404464179782,443.313527602374,1
2025-09-28 03:08:00,0.134484514825233,7.93378200011536,7.46507311174847,10.0652115550873,2.64447368941456,442.894593765867,1
2025-09-28 03:23:00,0.134951270383967,8.58562333351443,8.08105777816543,10.0561166662276,2.48794810810555,445.284820833107,1
2025-09-28 03:38:00,0.133929907417567,8.34461600012167,7.42682333384747,10.6407311107108,2.57725746711328,443.909986385897,1
2025-09-28 03:53:00,0.132461144466833,8.05509800019533,7.47186866691043,15.8453264453109,2.24933873875934,442.048432466307,1
2025-09-28 04:08:00,0.1324656111294,7.9658633335261,7.49056666686823,16.0624993341355,2.13692492775643,441.684673169977,1
2025-09-28 04:23:00,0.132701522234567,8.12582511127216,7.2621768892031,14.8874400008083,2.05862811832845,442.695581769003,1
2025-09-28 04:38:00,0.132722766681467,8.35917155564597,7.309921333807,13.9133351116597,2.00987850857412,442.505648571447,1
2025-09-28 04:53:00,0.1279649073877,7.82656755566807,7.09335755589477,19.6511693334936,1.95851747366127,441.91628655647,1
2025-09-28 05:08:00,0.1281376481261,7.36729888902023,7.0801077781045,19.574216000204,1.97966358393541,440.594676418964,1
2025-09-28 05:23:00,0.1317283518602,7.83656622240083,7.43663644463917,17.7444133340101,1.9803792118002,441.001663367134,2
2025-09-28 05:38:00,0.132335196318167,8.16692355577103,7.46373111131743,16.2241060008345,1.94897542376591,441.85788716812,2
2025-09-28 05:53:00,0.132859277803833,7.95896444452153,7.23390733381454,14.9432624451771,1.93150907252255,441.32885249797,2
2025-09-28 06:08:00,0.131712685209967,7.69653533341173,7.06642133382577,16.5863724451838,1.91494721324527,440.018522406853,2
2025-09-28 06:23:00,0.1279428185075,7.34790666674407,7.03846311159037,18.817192222443,1.95531839920556,439.671410895157,2
2025-09-28 06:38:00,0.127915862950267,7.15187711118726,6.887047778262,18.5523186670256,1.99032109482741,438.87987304182,2
2025-09-28 06:53:00,0.128672774061767,8.05139333348877,7.39194622241426,18.2925526670716,1.98524365109643,441.202068585844,2
2025-09-28 07:08:00,0.131824374092,7.85641822226777,7.17596577811184,17.6003251117578,1.98657993399129,441.212101143357,2
2025-09-28 07:23:00,0.132162685207267,8.02271400008147,7.44405266690984,17.2107528895838,1.98426083970344,440.87299752905,2
2025-09-28 07:38:00,0.128450307392967,7.79437977795487,7.3536268891382,18.3638082226215,2.00092985372635,441.063975872413,2
2025-09-28 07:53:00,0.131570337044333,7.52446111125123,7.2519928892891,18.0189246673468,2.0503476690648,440.57026912469,2
2025-09-28 08:08:00,0.131387374090767,7.6222604446065,7.17060866698677,16.8079793340803,2.0769672411829,440.480790985434,2
2025-09-28 08:23:00,0.130809937057167,7.0963857778878,7.2232362226907,16.6488013340669,2.08738245546218,439.533387008984,2
2025-09-28 08:38:00,0.1275606185213,7.38760488902777,7.4284420002074,18.9186517781846,2.16701102029549,440.702770165607,2
2025-09-28 08:53:00,0.130089444464733,7.39141133342174,7.3207402226347,18.8915828893806,2.24309604218647,440.347950581424,2
2025-09-28 09:08:00,0.130933299170967,7.0822997778848,7.4172173337064,18.0120322228834,2.35141828158812,440.057472684027,2
2025-09-28 09:23:00,0.132045113966533,6.74517266678003,8.07669355592154,15.8949440003528,2.48218695461341,441.532578852893,2
2025-09-28 09:38:00,0.133358069528833,7.95595000021577,8.45647911131852,10.8798271107655,2.61676545556127,444.000273983123,2
2025-09-28 09:53:00,0.133944143596533,7.905746222482,9.5087315561799,10.0969644444462,2.61434100207665,447.01856942057,2
2025-09-28 10:08:00,0.135745012553633,8.3579573335756,9.40215755607396,9.39903533312549,2.8999311299751,446.65223172474,2
2025-09-28 10:23:00,0.1358928570088,8.38283000019921,9.4264315561243,9.56386711084176,3.1600483483369,445.452529542797,2
2025-09-28 10:38:00,0.135712923677333,7.98608422244334,9.4717355561412,9.68483822193606,3.66689316403597,445.680485370366,2
2025-09-28 10:53:00,0.153211881540167,10.0916537779956,8.09592955535733,9.22069977750752,4.49812694033573,445.2101592401,1
2025-09-28 11:08:00,0.148013629706434,9.4094664446343,8.08813022203267,9.83286288880193,5.19097468611464,449.043565010933,1
2025-09-28 11:23:00,0.147956692674767,9.71022711110519,7.94767444429017,6.9475251110606,5.13624784778833,446.209095413226,1
2025-09-28 11:38:00,0.161137803765067,10.9511880002617,8.88012133317697,8.56409355527605,6.14209384451406,445.56553865427,1
2025-09-28 11:53:00,0.1901408518697,12.290388666713,9.60736577764393,8.11711688879089,5.94345103649429,447.819560540803,1
2025-09-28 12:08:00,0.1639858370976,10.949499555871,9.1496753332523,8.22035155538419,5.94253846379624,447.014901423983,1
2025-09-28 12:23:00,0.196189281506633,16.7217566662801,22.6023328890606,5.4310573332593,6.2655691628855,459.113846059906,2
2025-09-28 12:38:00,0.1882282592916,15.9047222218249,15.2079337783368,5.69007555546933,5.95317232058989,454.62175233447,2
2025-09-28 12:53:00,0.174427148208833,13.8679448886395,10.0537575555689,5.90100355547877,5.93671577799264,452.602155305593,2
2025-09-28 13:08:00,0.182588748163833,15.1018942216131,9.56535266657412,6.37400777768656,6.26368784690601,449.452310019197,2
2025-09-28 13:23:00,0.1843462222222,15.8823411108542,9.98016844495606,5.76237622211109,5.84463236802715,446.444018581347,2
2025-09-28 13:38:00,0.194372333327533,16.2114582218455,10.473919556149,4.88084288883624,5.68424126697986,446.428726789047,2
2025-09-28 13:53:00,0.196949107424233,16.53343377726,9.73273399982082,4.94062488882787,7.26866390561535,450.93714515851,2
2025-09-28 14:08:00,0.190905548166067,15.9406639993266,10.2253186672122,6.11349599987826,8.70837033863329,449.203319701997,2
2025-09-28 14:23:00,0.196144037060833,16.1789582216258,9.18286222208433,4.9340937777066,8.281407095259,449.165045036121,2
2025-09-28 14:38:00,0.191621459281633,15.9193053327851,10.1770037783161,5.2402244443837,8.73323633250435,448.681426247724,2
2025-09-28 14:53:00,0.187234725946033,15.1445348884139,10.0513448894246,6.40386044435749,7.8445355683122,448.034671741697,2
2025-09-28 15:08:00,0.1643959518819,13.3054337777708,9.6641028896626,9.24810799949595,7.50500178530527,444.903990593017,2
2025-09-28 15:23:00,0.1803178518804,16.3907124440631,9.2070395553906,6.78880288875976,7.68085597363684,448.013179790643,2
2025-09-28 15:38:00,0.179081651845833,12.8504439998592,7.4824411109308,10.8771326665707,7.99794609815452,442.075125859157,2
2025-09-28 15:53:00,0.161672040741167,11.4182935552285,6.7445364442519,12.5525524444332,8.32221090675384,438.708168065127,2
2025-09-28 16:08:00,0.181666359251433,12.3637217772975,7.55418422204734,12.7803644447103,9.01812370395726,439.418289951387,2
2025-09-28 16:23:00,0.179418762943567,14.2530273331587,8.76026911172571,9.99345733317434,7.97280323535378,442.36085267517,2
2025-09-28 16:38:00,0.182839270344933,13.8108844442317,7.66418199978437,9.21181488849533,6.18821242328136,441.25216849451,2
2025-09-28 16:53:00,0.188403388914667,16.123351777296,8.60852088851348,7.37918377754099,5.97894633426872,441.330280005084,2
2025-09-28 17:08:00,0.2063953185295,16.6706446662946,9.5016486669836,7.82767177755486,7.92031343349069,442.36452805869,2
2025-09-28 17:23:00,0.192218955565067,16.3528768885213,8.67996355526786,8.22220733302326,8.15007791924056,441.490463958797,2
2025-09-28 17:38:00,0.188040618554,17.0663386663893,8.80461777741884,5.814623555431,7.95072451061954,443.05071230486,2
2025-09-28 17:53:00,0.2075551518997,17.1222415556541,10.3225488889375,5.171442888785,7.31868191320241,444.37542757037,2
2025-09-28 18:08:00,0.202962429686833,18.2223919997886,10.4492522229323,4.74957866659173,6.33242687453339,447.03593714206,2
2025-09-28 18:23:00,0.2028373630207,17.952989999754,10.021225111245,4.94831999988666,6.28812157490384,447.306542904817,2
2025-09-28 18:38:00,0.209083548232633,17.863108666803,11.3647642232117,4.34304444437443,6.70771751026111,450.097993076886,2
2025-09-28 18:53:00,0.2161139111914,18.4537148885743,11.896393112307,4.14621044438523,6.95817401639882,450.396053579746,2
2025-09-28 19:08:00,0.225880737072133,18.2272622221033,11.1566077783912,4.15226777769394,6.02620663886449,450.510574066186,2
2025-09-28 19:23:00,0.232844381514467,18.2863975554367,12.019288444162,3.66672111105707,6.09629943030142,452.54799996861,2
2025-09-28 19:38:00,0.221783707453133,18.252383333016,10.3974291116151,3.91980666660084,5.78654249443299,451.314750545637,2
2025-09-28 19:53:00,0.221334163014,15.2243733333516,10.1167168894942,4.0224435554899,5.81707500899426,451.820583742517,2
2025-09-28 20:08:00,0.220279529680667,17.2884422224333,9.75739688950779,3.96723533329707,6.31430191080553,452.530465205663,2
2025-09-28 20:23:00,0.1949467074204,15.4843484439661,8.56221177787081,4.86251266660956,5.95257921430912,447.797844735127,2
2025-09-28 20:38:00,0.182761370365,12.8518179997916,8.07696022233718,6.09476111099377,5.44342737831066,448.202815715327,2
2025-09-28 20:53:00,0.156952948151733,10.7380019999698,6.60766711117423,11.0243044440112,4.62320575324136,437.91865043912,2
2025-09-28 21:08:00,0.1472073296635,10.113073110749,4.68867777784789,13.3017642223437,4.24259310308042,439.7661490237,2
2025-09-28 21:23:00,0.135532711133667,8.96667977745462,3.07927311109657,16.2724237778392,3.53720434285237,436.71431120038,2
2025-09-28 21:38:00,0.134480923682467,8.00273111083847,3.5352697777523,14.6832511110285,3.30243286778445,437.253629738113,2
2025-09-28 21:53:00,0.148558466688133,10.1493666666292,4.52262222219376,10.1187991106294,4.04101801341899,438.672289380367,2
2025-09-28 22:08:00,0.148624144485234,9.33106999963115,5.02137599999533,10.0930708884622,4.23048734694317,438.01659230003,2
2025-09-28 22:23:00,0.1493541741174,9.72359022193575,5.09331488887973,8.97736466636206,4.11082855432438,439.677292692027,2
2025-09-28 22:38:00,0.1389034963184,8.97468466638682,5.41755422224546,8.56663111076206,4.0945982231573,441.07320317345,2
2025-09-28 22:53:00,0.139159614841267,9.38105577765623,7.17883777827017,8.24327866643812,3.81085765389034,442.733802557436,2
2025-09-28 23:08:00,0.136799508865633,8.60874733324534,5.5180817778441,8.42468933307173,3.92539788432356,442.123678538027,2
2025-09-28 23:23:00,0.1369030199793,8.76057244437014,6.21450755591893,10.0404035550565,4.15150376443186,440.48388502163,2
2025-09-28 23:38:00,0.146586485208867,8.83238066656413,5.47292333338236,9.06027155527846,3.91411507994641,442.201048841867,2
2025-09-28 23:53:00,0.1371953273768,8.95779044455423,7.6984966672996,8.39511844424903,4.35529235830346,444.94129271812,2
2025-09-29 00:08:00,0.136129653309,8.5953153332252,4.97404600001326,9.95926244401046,4.39732575656899,440.473660761623,1
2025-09-29 00:23:00,0.139124219975767,10.3746006664752,7.3690417780982,8.29219711088642,4.36225186928145,444.91069110666,1
2025-09-29 00:38:00,0.1373175681272,9.37843355543309,6.98997155606843,10.0210028883277,4.01457384244159,441.375104206843,1
2025-09-29 00:53:00,0.1373090570099,9.30887577781494,7.3205340005314,9.94467777727009,3.51838521837255,442.867889697487,1
2025-09-29 01:08:00,0.138192396306833,8.59740888893213,7.3809093339595,9.95877688842177,3.19569457442503,442.825871757777,1
2025-09-29 01:23:00,0.136320260701033,9.13117466677903,7.9756362228494,10.2389591106456,3.4649723163655,443.7091342391,1
2025-09-29 01:38:00,0.134667640758,7.40074933337922,6.8620451116347,10.167999555116,3.15857643850795,441.98624020746,1
2025-09-29 01:53:00,0.1354137307866,7.59521111105199,6.14114066705313,10.6543271106909,3.26969074707124,439.98927671429,1
2025-09-29 02:08:00,0.136019845881133,8.55714688903483,7.83664000050327,10.3122328884282,3.19170008912193,444.70673769392,1
2025-09-29 02:23:00,0.1359725940425,7.72623032484289,7.3722737783926,10.2785806662783,3.08861032049306,443.915821878677,1
2025-09-29 02:38:00,0.1581919088301,9.31214555567337,7.8145573339552,7.3278235554843,2.88593508346351,456.578756976187,1
2025-09-29 02:53:00,0.154808582900467,8.6501748889581,7.64441777839897,7.8567746665349,2.71035992440305,452.645119378773,1
2025-09-29 03:08:00,0.1352507518676,8.38892400011037,7.8492224449457,10.0571342217787,2.67333627246166,444.94291339917,1
2025-09-29 03:23:00,0.132303344467367,7.68323755563876,7.0820851115801,15.1991588896417,2.65568455725768,440.260955073077,1
2025-09-29 03:38:00,0.133827111126033,8.0422831110824,7.5570595560654,12.6226277777543,2.58157385814035,441.75646190423,1
2025-09-29 03:53:00,0.1328724518673,7.19628533328227,6.89682333386547,14.0776331110976,2.43896284624656,438.589571150953,1
2025-09-29 04:08:00,0.1338801926147,8.17679266662364,7.46930711147606,12.6128824443831,2.34287311034281,441.695255306393,1
2025-09-29 04:23:00,0.1334782852072,7.52287400000713,7.40243444497777,12.2034435557285,2.27190031203633,439.928700614643,1
2025-09-29 04:38:00,0.133861322246133,7.28311266664333,6.59534266715967,13.4884151114008,2.30756642097843,438.636621995613,1
2025-09-29 04:53:00,0.133131381504833,7.25902600000926,7.39264555609154,12.8765346668535,2.18212196495406,440.090764365823,1
2025-09-29 05:08:00,0.134000870395533,7.91983866662773,7.4535853338624,12.9827533335848,2.13946753530763,440.58782319866,1
2025-09-29 05:23:00,0.132901036774733,6.61486977781392,4.4322011111431,13.5026177782545,2.10116872824651,439.182700394457,1
2025-09-29 05:38:00,0.133510014555467,7.30745977773729,4.28192688889583,11.0978464443916,2.03409657268409,438.460897542703,1
2025-09-29 05:53:00,0.133228196314833,7.6504575555925,7.4199240005307,13.6303288893392,2.00547500676123,440.693261510927,1
2025-09-29 06:08:00,0.133693559284,7.02989066668456,7.00400133385514,11.6172462222739,2.02932820986565,438.863962181383,1
2025-09-29 06:23:00,0.136307953291,8.85918355558037,7.7535037780464,10.3332639997347,2.15144407966017,442.610899114,1
2025-09-29 06:38:00,0.134890340756167,8.23646666665851,7.5566280005189,10.0894862218851,2.19397943289321,440.77324606997,1
2025-09-29 06:53:00,0.133740925951033,8.09491888879907,7.42672222275337,11.2679231109452,2.36079023426015,440.151485173953,1
2025-09-29 07:08:00,0.1344228222294,8.11519466668964,7.5467326671146,10.1122646663567,2.2579966901041,441.45839026718,1
2025-09-29 07:23:00,0.1339577481772,8.24543222212864,7.553692000512,11.4547773332128,2.30956798495995,440.647781767927,1
2025-09-29 07:38:00,0.1341517259447,8.44017488884501,7.57005177822407,10.8868211109239,2.22708727860187,441.6520547116,1
2025-09-29 07:53:00,0.132271074090567,7.3343668888282,7.43201622275101,14.6949317779222,2.13393974543164,439.268918710767,1
2025-09-29 08:08:00,0.134053370383267,8.19663933330731,7.4764651114756,11.7607982221796,2.03392821291754,441.675760277777,1
2025-09-29 08:23:00,0.133736251882133,7.99332688874117,7.30797911165087,12.2646779998833,2.33765476169943,439.366891840127,1
2025-09-29 08:38:00,0.138663945888267,10.9501417776229,7.59551822260653,9.24784155520443,2.540339938065,444.2226751382,1
2025-09-29 08:53:00,0.1380910199545,10.6156148887856,7.36968888935587,9.25004888851229,2.5702811308118,442.32332589057,1
2025-09-29 09:08:00,0.136449257022933,8.71285911097597,7.5852533336467,13.2144102219921,2.42773052835538,441.609803823083,1
2025-09-29 09:23:00,0.133126444453833,7.78165799998564,7.42256400036413,13.7767679998616,2.12876813837369,441.43712449632,1
2025-09-29 09:38:00,0.137454308867633,8.89763133314567,7.50567711163963,10.236952888543,2.1553534917115,440.335234649447,1
2025-09-29 09:53:00,0.135305953307567,8.44666599995328,7.51879666712293,14.5318668891426,2.26775670047823,440.491893581607,1
2025-09-29 10:08:00,0.136710101462433,9.26177666645237,7.6190893338327,13.4011046668021,2.40307246276099,441.461573903907,1
2025-09-29 10:23:00,0.140401111137767,11.2978184441838,7.9110655558292,9.08920688850218,2.67721578075134,444.306341776273,1
2025-09-29 10:38:00,0.140204666685533,11.3124395554504,7.52513311167013,8.91865311074455,2.68710022164641,443.002769852503,1
2025-09-29 10:53:00,0.138765057010167,10.4221437776912,7.5726768892648,9.75430688844725,2.73875643602407,444.423199446097,1
2025-09-29 11:08:00,0.138841575532,10.3649893331584,7.61697377814136,9.98760311073622,2.78553728975125,443.675949083487,2
2025-09-29 11:23:00,0.138946012573167,10.177877110939,7.68353111156873,9.57218222185538,2.84690082748623,444.470511268187,2
2025-09-29 11:38:00,0.138008982939133,9.20337977766753,7.63553044495686,9.09644311084046,2.83102425523248,443.207626480927,2
2025-09-29 11:53:00,0.139052271826567,9.69106511095264,7.7317546670023,8.86154244425432,2.89939633510364,443.50144278256,1
2025-09-29 12:08:00,0.137960597752733,9.2944742221494,7.68622822252453,9.82089733302896,3.02365578213319,442.165469883073,1
2025-09-29 12:23:00,0.1400889259623,10.0124897776008,7.84294755578806,9.41538711072829,3.00387966208366,443.561928200523,1
2025-09-29 12:38:00,0.1465835926106,11.2382215553073,7.8679297780455,6.38208022214853,3.08702841903969,445.32673245209,1
2025-09-29 12:53:00,0.156017603722533,11.1048675554113,7.90380511162073,6.39329711101806,3.05274137999377,444.911702326147,1
2025-09-29 13:08:00,0.152689966684234,11.6898031107746,7.98080133355083,6.69640399991476,3.16351435919503,445.915575640527,1
2025-09-29 13:23:00,0.154061848160967,11.7230197775339,7.78519666705843,9.10990155519571,3.2478679483389,445.7284717181,1
2025-09-29 13:38:00,0.1554815555591,11.9956768885774,7.89303600053713,7.27288044429309,3.12150181760486,445.223729630893,1
2025-09-29 13:53:00,0.153589300014,12.2725075552051,7.7435911115081,6.78368199987039,3.10156336658205,445.99967960299,1
2025-09-29 14:08:00,0.1411378496002,11.5526059998769,7.82756822236383,8.13164622186802,2.95098003789909,445.64131424522,1
2025-09-29 14:23:00,0.1374319607155,10.0351293331871,7.84118000027426,10.543099777588,2.90184173555583,442.7140978191,1
2025-09-29 14:38:00,0.136810612575433,9.1210668887394,7.8085562224921,12.8552940001205,2.79208356287145,441.982721084327,1
2025-09-29 14:53:00,0.1362623829456,8.32811955541847,7.08689311162557,10.2180713329408,2.79473753875385,438.628793128887,1
2025-09-29 15:08:00,0.138187894048567,9.61956955536547,7.57898666702886,9.92361999962035,2.86879313553842,442.492549245373,1
2025-09-29 15:23:00,0.140051644473067,9.69101888863603,7.6924037782768,10.1156964440813,3.03358523543302,441.418788003063,1
2025-09-29 15:38:00,0.140054103732033,10.6183233331675,7.87301488910483,9.59498733287499,3.27087474364077,443.5130301992,2
2025-09-29 15:53:00,0.138051940787767,9.51664244418237,7.5229142225869,12.8038666668486,3.11718859270804,442.036446411544,2
2025-09-29 16:08:00,0.1380861333595,9.93693999974096,7.6531162225285,14.1694375559847,3.13657191577744,440.425847494474,2
2025-09-29 16:23:00,0.153488303711434,11.4398668887098,7.7457788892471,10.3614304442036,3.40490148112946,442.500492819317,2
2025-09-29 16:38:00,0.1915505814891,15.3814073329744,8.7640391112993,7.31457755531176,3.65991379061901,446.667401138937,2
2025-09-29 16:53:00,0.168862725942267,14.2533800000221,8.18912600051626,7.38024977752296,3.89907467154504,444.915583407217,2
2025-09-29 17:08:00,0.163169096322367,13.1394091110861,8.0957668891514,8.41496044402292,3.9954616942269,446.047252616784,2
2025-09-29 17:23:00,0.175757466696733,13.2435613332892,8.22416400060916,8.96723622165089,4.44004769050885,444.3581970728,2
2025-09-29 17:38:00,0.152102607426667,10.9128415553676,7.74009466719693,9.52469599956218,3.93132214749324,443.237393083647,2
2025-09-29 17:53:00,0.339138525913667,14.1850388886448,10.9035053343325,7.32510111084679,4.11469688159108,447.43923520346,2
2025-09-29 18:08:00,0.203649881531,14.8662177774947,9.385131778498,5.76235511098016,4.46165802646751,449.4948253939,2
2025-09-29 18:23:00,0.1608470518854,11.3274717777935,7.99901422272946,8.40820666631286,4.41414264749701,445.228425766014,2
2025-09-29 18:38:00,0.153208544480134,11.097756444316,7.77283222263463,9.40453577726035,3.99619186928597,445.018068385107,2
2025-09-29 18:53:00,0.141411148157667,11.2413173332566,7.80166800030287,8.86272511073962,3.35006945196996,445.565387958103,2
2025-09-29 19:08:00,0.1414277259444,12.1762946664341,7.87195177802083,8.12817777754022,3.1910539757897,445.67266726722,2
2025-09-29 19:23:00,0.1447594740713,12.709841777688,7.9000720002714,6.07015644429546,2.97585427678031,446.470457965213,2
2025-09-29 19:38:00,0.142685851852,12.9730593334493,7.71454244502786,6.36547799983953,3.66275528408431,445.373668039833,2
2025-09-29 19:53:00,0.140731385197367,12.3917031110258,7.12833622271923,6.93756844428526,3.70499384295179,443.26234675646,2
2025-09-29 20:08:00,0.1567575963033,11.1386106665574,8.05149622285967,7.54676066636863,3.0871674365008,445.080809195523,2
2025-09-29 20:23:00,0.141171037040533,11.4195522221134,7.16153733391173,11.3263073333588,2.82017676332764,442.210442258067,2
2025-09-29 20:38:00,0.1365543607096,10.592267111047,7.5679697780616,14.0270248890836,2.86726601523592,443.248891344161,2
2025-09-29 20:53:00,0.137750301456867,9.80667066648607,7.83879600062983,10.249809777218,3.51871840042255,443.12880139665,2
2025-09-29 21:08:00,0.139039908866067,9.95595222210127,7.92160155605223,10.3490502217381,3.08136153291198,444.03920453317,2
2025-09-29 21:23:00,0.146123059292733,10.1739971110573,8.0288617783842,10.0129371107013,3.27235003743177,446.352484403151,2
2025-09-29 21:38:00,0.137305929651933,10.955445555509,7.39089444490867,14.9157268889754,3.63472185742304,441.598292679774,2
2025-09-29 21:53:00,0.148790474098633,12.1199304442152,7.5328202226961,13.2035740001914,4.54810999650583,442.13288220187,2
2025-09-29 22:08:00,0.1522208370229,13.1551928889681,7.06794466715563,12.8566124446793,5.09217015016226,440.315376749833,2
2025-09-29 22:23:00,0.144424425972267,10.3242999998179,3.9025480000111,14.9387742223505,3.4100164640371,438.834512663727,2
2025-09-29 22:38:00,0.1362047333576,9.92504466636223,7.0719708893561,16.5365504444507,2.87092530636587,439.679246623134,2
2025-09-29 22:53:00,0.134744360717234,9.37605933317611,7.53372200024234,16.0719531114768,2.56031318604427,440.92353482153,2
2025-09-29 23:08:00,0.1367197533206,10.296047110999,7.3711131115828,13.8093315558345,2.67340529098398,442.48581165379,2
2025-09-29 23:23:00,0.1408428273704,11.9452346664012,7.6465093335874,8.58067244413125,3.11190963636662,445.702666986343,2
2025-09-29 23:38:00,0.137624266683967,11.1251468888281,7.44554844492613,8.94682999960095,3.87869198820252,444.459709715257,2
2025-09-30,0.139046656987467,11.2913637776398,7.3673737781359,11.0581219999129,3.12096176201191,443.925970790637,2
2025-09-30 00:15:00,0.135552571831267,10.5884622220893,7.196966000481,15.1903491113182,2.39317297878585,441.060543029437,2
2025-09-30 00:30:00,0.137100294054967,10.7928497776273,6.85316200048993,13.1079657779378,2.46475709293444,440.287386162087,2
2025-09-30 00:45:00,0.1377049459089,11.2447317775391,7.1052513338262,13.211396444656,2.38505859776598,441.827983641133,2
2025-09-30 01:00:00,0.1351875088656,10.0419731110209,7.32197266714377,14.9334877782476,2.42053947679708,441.62118991041,2
2025-09-30 01:15:00,0.130824857561533,8.64730244426654,7.07227733381047,17.321646222335,2.50588828081345,439.452259900993,2
2025-09-30 01:30:00,0.1342426421942,8.35051244442927,6.94917111160674,16.1573366673613,2.58341196105434,439.353625893747,2
2025-09-30 01:45:00,0.1354841555715,9.1319993333874,7.49078911132817,10.4696842217829,2.71361378271549,443.483158081203,2
2025-09-30 02:00:00,0.133474796319033,7.95899755553869,6.68665044493177,14.2164364448992,3.02616676820153,440.052276944364,2
2025-09-30 02:15:00,0.132373651877733,8.29146555561161,7.0065633338203,16.2864633339581,3.07762036906292,439.831355599557,2
2025-09-30 02:30:00,0.132576533354833,8.29751511112031,7.2717953337953,16.8536782229021,3.04642386894288,440.292752676537,2
2025-09-30 02:45:00,0.133120903728567,8.31564555560274,7.08773088938447,15.3302497784517,2.99584645145339,440.303087817307,2
2025-09-30 03:00:00,0.1329528740998,8.65797155567194,7.3209880002872,16.0185155562904,3.09326468612715,441.59489434568,2
2025-09-30 03:15:00,0.128317551843933,7.74381044446353,6.70226844493704,18.1818782226103,3.0595864245481,438.963641004834,2
2025-09-30 03:30:00,0.134071862985933,8.6956668889079,7.35052800049314,13.7518088892046,3.05214250455716,442.666805532364,2
2025-09-30 03:45:00,0.1341070259444,8.04796066675446,5.1091035557418,10.1851893329104,3.23413309287384,443.306635897097,2
2025-09-30 04:00:00,0.134899625946533,8.7365573333743,5.19611733337657,11.5339491109092,2.86471083331042,442.84040054498,2
2025-09-30 04:15:00,0.1351958926058,8.71221133339987,5.0993144444805,10.1865335550233,3.02662064373948,443.407947391847,2
2025-09-30 04:30:00,0.134567707423967,8.38150111117553,5.11182888891664,10.6355253328278,3.06452471150716,443.414316585453,2
2025-09-30 04:45:00,0.135420514827567,8.76576066676393,5.02159911110887,10.0051735550858,4.58437834326709,444.689977877497,2
2025-09-30 05:00:00,0.136969537051967,8.6064228890147,5.06544599997084,9.85479577738147,4.85789849314373,447.302765461324,2
2025-09-30 05:15:00,0.1393394481607,8.89807111127627,5.77061599990377,8.5859611109171,4.66357139643906,448.09748934913,2
2025-09-30 05:30:00,0.1373375926197,9.52318377770241,5.21155088887493,9.76247155517873,4.6093294916528,445.871648581654,2
2025-09-30 05:45:00,0.128266844435867,8.5140686667232,4.81095399999404,18.2916568889565,2.95397906465881,440.883540688597,2
2025-09-30 06:00:00,0.128843688882067,8.60873333340704,5.40027933324827,17.555118444618,2.6304667792499,441.820280159487,2
2025-09-30 06:15:00,0.132942533375433,8.76268222211651,4.73375733332624,15.3918631118245,2.50927649250724,440.539302799457,2
2025-09-30 06:30:00,0.1347065852068,8.7221931110903,4.6873373333432,12.562999777779,2.61980632880825,442.356414200767,2
2025-09-30 06:45:00,0.133802729644433,8.39137377785993,4.9446759999626,13.464640444776,2.44352614761265,443.671365843451,2
2025-09-30 07:00:00,0.1343128629835,8.7006206666834,4.8587382222162,10.7027446663301,2.69600663436716,442.830598095057,2
2025-09-30 07:15:00,0.135666244457767,9.02633088897134,5.9426744443058,9.9081602216936,2.75190080926081,444.924797397577,2
2025-09-30 07:30:00,0.145855466672333,11.5481882220351,7.54126044407187,5.31142199985903,2.83481843402118,446.999376141674,2
2025-09-30 07:45:00,0.137317718542067,10.3514157777789,5.99167355541366,9.69594622155949,2.71858109888197,444.580965475024,2
2025-09-30 08:00:00,0.1332988778008,8.56847577788107,5.6570617776876,15.0925224451185,2.44289698555923,442.050007818247,2
2025-09-30 08:15:00,0.132698711146,8.67556866659358,5.59143333323861,15.5387695561884,2.55221450712347,440.866705560063,2
2025-09-30 08:30:00,0.144505992617233,15.3006817777631,7.80037355537227,5.65336822209433,2.60250261193319,447.32476882577,2
2025-09-30 08:45:00,0.1446732518774,12.2797273330882,7.8824975553555,5.69992888876533,2.53237996170396,447.827278089604,2
2025-09-30 09:00:00,0.1349138963099,8.98451155564973,5.95142377768567,11.7553566666499,2.31886883563877,444.12946694863,2
2025-09-30 09:15:00,0.133525344465467,8.3928615556057,4.9567671111078,14.4866802227271,2.45735884255306,443.061458752637,2
2025-09-30 09:30:00,0.1333906889123,8.55725155561617,4.92584555554794,15.1190217783366,2.5709651396357,441.773645060954,2
2025-09-30 09:45:00,0.1502192199615,12.2781488886644,9.6124275556955,7.61962044419286,2.55369133958424,453.14089487773,2
2025-09-30 10:00:00,0.1367871310823,9.32229933335747,7.3626626667442,13.5003446669145,2.44140043388446,443.42439080757,2
2025-09-30 10:15:00,0.128422603694167,7.90426911123133,7.42953000013446,20.3480111111339,2.54928028043384,441.040553655157,2
2025-09-30 10:30:00,0.131183799176767,7.5689726668453,7.55327266688176,17.207663111702,2.5361805154989,440.36101628478,2
2025-09-30 10:45:00,0.1289053857711,7.7042804445238,8.03805266696313,19.0253568892401,2.5452433840897,441.353177485957,2
2025-09-30 11:00:00,0.127943467227767,7.2633542222719,7.85281400044601,20.6054097778852,2.64050125964708,440.235251066997,2
2025-09-30 11:15:00,0.131186306571167,7.49127244459563,8.37625777803313,18.234844444997,2.68283846924835,439.91860001668,2
2025-09-30 11:30:00,0.128071919079533,6.970152444527,8.5991528893435,19.8448791113966,2.64665485422279,441.06352696987,2
2025-09-30 11:45:00,0.1313649806452,7.84095711123047,8.49978244482119,18.9671160004104,2.6713151953809,440.85901592412,2
2025-09-30 12:00:00,0.125603252407433,7.22377488896673,8.09110733395147,21.560226444294,2.54412635874186,439.30275866585,2
2025-09-30 12:15:00,0.135374664446467,9.43896888880661,8.11003977813773,15.0549006674548,2.63411576003494,441.27707641929,2
2025-09-30 12:30:00,0.137355385226,11.1302011110587,8.14822666693433,13.6879693337477,2.59611940846324,442.200044524523,2
2025-09-30 12:45:00,0.157966525965567,13.1195402221097,8.1266237777683,9.84567755526669,2.6579182076426,443.575072146603,2
2025-09-30 13:00:00,0.133486223672233,7.98767577770167,4.36487399991806,16.3338097787424,2.87857618733194,437.095029364997,2
2025-09-30 13:15:00,0.1323152644027,6.00799399999507,3.5088226665509,20.5177622218819,2.79234195393171,437.873095797736,2
2025-09-30 13:30:00,0.1341773265293,7.11124355562213,8.04786822267887,16.6238020007563,2.69232992838455,440.319105878413,2
2025-09-30 13:45:00,0.140375775544033,12.9227059999308,7.98095533316646,8.61785599958719,2.89115779771232,445.338546141287,2
2025-09-30 14:00:00,0.137076497769433,10.4839073331291,8.3181780003048,13.2943784446798,2.7691858758514,441.839494691113,2
2025-09-30 14:15:00,0.145155763029734,11.3770068886536,8.4013624446673,12.7816391111723,2.74027449951281,441.45110523674,2
2025-09-30 14:30:00,0.134301853325933,7.69604422203993,4.26313866651366,14.8803148890535,2.6841092665221,437.676112191413,2
2025-09-30 14:45:00,0.133201153292233,6.31597577778857,3.34450666653713,19.2094953330779,2.81042210980709,438.287524408297,2
2025-09-30 15:00:00,0.132232345882467,6.25250199994116,2.84117244432083,20.3291759999078,2.8621266409029,437.846227915566,2
2025-09-30 15:15:00,0.134027029672067,7.35204338458947,2.428413333235,21.434135999943,2.903331648783,438.682437110759,2
2025-09-30 15:30:00,0.133714790352067,6.57540116245517,2.43824022212617,22.1007115555247,3.01239431784237,438.28422890391,2
2025-09-30 15:45:00,0.129084648417067,4.35624198293643,8.13000022299454,27.6773087863797,2.9874622646404,436.878179144627,2
2025-09-30 16:00:00,0.131434113336933,4.51661695731793,8.0003206671574,30.8252187523656,3.00666260600734,434.652954034543,2
2025-09-30 16:15:00,0.127139855224833,5.57902140174647,7.25854355610497,26.142708786373,3.00740202788116,438.102882478344,2
2025-09-30 16:30:00,0.128086381699767,3.8906279829315,3.3875688889202,28.7312023417833,3.04149379354901,435.47531192278,2
2025-09-30 16:45:00,0.128944003415367,4.7631558803127,2.05724444436447,27.8857583417446,2.93069981931181,438.2757687849,2
2025-09-30 17:00:00,0.131987949250467,5.4894745127937,1.96171333324247,29.8602035383947,2.93140353753813,434.652011537897,2
2025-09-30 17:15:00,0.130982430164467,3.74809598289567,1.83660977769183,31.3852710769273,2.99738977861348,434.757955836297,2
2025-09-30 17:30:00,0.1308526752093,5.48837740165887,1.80263622215303,30.895271453081,2.95645236066369,434.46673397284,2
2025-09-30 17:45:00,0.1313679680682,6.007732222213,7.01904400053707,31.906607623737,2.86928248557406,434.100947572744,2
2025-09-30 18:00:00,0.1257868272908,5.38063538461107,6.81280688941487,31.5300313162537,2.82435362803686,434.44398838241,2
2025-09-30 18:15:00,0.123731269496633,3.9266257094328,1.4006242222047,34.1635378631667,2.72189304944451,433.051227489973,2
2025-09-30 18:30:00,0.1237873316524,5.06711059828317,0.998794837577867,32.8726897092254,2.80033874665491,432.79588343716,2
2025-09-30 18:45:00,0.1276031385078,7.03279288880813,0.866629452973434,31.9582505296643,2.69566588058561,432.375186663556,2
2025-09-30 19:00:00,0.1386579740922,10.1697720000343,1.42337177779373,28.2978863249783,2.57153395117648,433.117389056206,2
2025-09-30 19:15:00,0.136026805151033,12.5741797787524,1.09650355553357,28.7613518803467,2.59169763844449,433.365285389009,2
2025-09-30 19:30:00,0.1323374943093,12.1998548892674,1.24508188033133,26.987124221908,2.42628468491068,437.426318876857,2
2025-09-30 19:45:00,0.130547692911533,6.74399666646576,1.3275044444201,31.2975142048917,2.68436727933594,435.222730792783,2
2025-09-30 20:00:00,0.125951398875533,5.06711133334563,1.27084888886143,30.2912428378307,2.75226233938776,434.025019383486,2
2025-09-30 20:15:00,0.1262350325137,7.47545222222176,1.0554149743341,30.4015970599233,3.20560149656307,433.756404361876,2
2025-09-30 20:30:00,0.130257714269433,9.86914422199674,1.22499266664447,27.6036542216723,3.10796430822162,433.525015305146,2
2025-09-30 20:45:00,0.131221950728833,11.5719260001925,1.26826965811057,25.2993602220887,2.4803137111768,436.919656859447,2
2025-09-30 21:00:00,0.1355304384872,13.1980422228342,1.18976999999993,25.7868342220214,2.47716069824719,435.703941634774,2
2025-09-30 21:15:00,0.133964201458233,10.6496735553128,1.1951073333323,25.8488988886784,2.3724717316612,435.19513560303,2
2025-09-30 21:30:00,0.1320712755127,9.85654022197887,1.15033022221313,25.9002671108127,2.37372645090091,435.271613605024,2
2025-09-30 21:45:00,0.130516994037433,9.29193377758594,1.19672066663137,23.0985099995074,2.58763408873928,435.649111080457,2
2025-09-30 22:00:00,0.1331017236972,8.81633511090213,1.16502511106957,25.0686386663064,4.19007359619849,435.412658223357,2
2025-09-30 22:15:00,0.129608775525,9.1344602219999,1.33465288887454,24.4497111105961,2.78671042844789,435.263162425707,2
2025-09-30 22:30:00,0.127638309436367,8.1030542220704,1.14398111106883,22.8397266663284,3.43361904247566,435.318637715477,2
2025-09-30 22:45:00,0.127461135359633,8.9112528887266,1.2367733333103,21.4026660004163,2.83803884708135,437.50174327015,2
2025-09-30 23:00:00,0.125856261576633,6.30557266663656,1.31969199996403,24.1592488882737,2.58880957585404,436.28582576798,2
2025-09-30 23:15:00,0.128768561250167,6.05086199992954,1.679946666626,26.5572853329366,4.02457356499006,436.77648857283,2
2025-09-30 23:30:00,0.125243347627833,6.66897977773466,1.2210808888508,21.9008697781577,3.11687780627987,437.244175872523,2
2025-09-30 23:45:00,0.1260342273465,7.07066177767529,1.62564066664307,21.6763193335347,2.72510884857449,437.566570652476,2
