date,CO,NO2,NO,O3,PM2_5,CO2,AQHI
2025-09-01 00:13:00,0.1679402199482,8.16981488896812,8.25367266662777,6.32259155551847,9.7775832194192,478.811316549507,2
2025-09-01 00:28:00,0.165480338463533,8.5869088890401,11.1908166679811,6.34050155551653,10.342344091383,474.79871700147,2
2025-09-01 00:43:00,0.163017975492767,8.5970117779368,11.237708223596,6.51362377776266,10.2286317622305,472.12689728217,2
2025-09-01 00:58:00,0.162423634740533,8.53055955577694,11.4505406680508,6.57508199998036,10.1635785341841,473.55886779013,2
2025-09-01 01:13:00,0.163904131035767,7.53934911118583,8.20673511105407,6.56891955556036,10.2245961175413,475.799714540277,2
2025-09-01 01:28:00,0.168649464374367,8.57432333355144,10.6329633344418,6.63098866662696,10.0898790281819,517.548884094767,2
2025-09-01 01:43:00,0.1685845458601,8.82653200022937,10.3929582231656,6.64028622217296,10.3149870769734,517.15969278729,2
2025-09-01 01:58:00,0.1684972791918,8.76691422243643,10.098912889701,6.67310399995663,10.2928626661945,523.886413934773,2
2025-09-01 02:13:00,0.1700821236193,8.73585844465829,10.1601642230259,6.695330888833,10.159869655188,517.17660739744,2
2025-09-01 02:28:00,0.169523945853933,8.78915377796166,10.0894204452337,6.68416177773386,10.2110550586058,517.379944862077,2
2025-09-01 02:43:00,0.1686728421523,8.79679666687963,9.93729866754666,6.66345866661526,10.3729873279062,517.48733039206,2
2025-09-01 02:58:00,0.168896627337033,8.73131844463133,9.99000733412116,6.68528799994953,10.3874659419052,517.212628691807,2
2025-09-01 03:13:00,0.1737918791749,8.76423888905473,9.95204555632706,6.68416177773386,10.1107235318548,517.36092127582,2
2025-09-01 03:28:00,0.169503777755633,8.69798888905006,9.88631511184756,6.70619377774286,10.3180884516632,517.212121690477,2
2025-09-01 03:43:00,0.168881177758933,8.67658888906313,9.95190466744346,6.66853244438613,10.4946463421339,517.77473416306,2
2025-09-01 03:58:00,0.170728822201533,8.66694777795086,9.52708088947926,6.68079644439599,10.3453882329191,517.532380652343,2
2025-09-01 04:13:00,0.169209271787633,8.81007511128266,12.6931524438461,6.697077333292,10.4293372892592,517.408981937734,2
2025-09-01 04:28:00,0.170704451832833,8.6913462223717,13.2230511103006,6.90548711104506,10.085469012271,517.5167559843,2
2025-09-01 04:43:00,0.170167948129,8.65978822239243,9.40516822286356,6.60677488883686,10.188521072234,516.750512393067,2
2025-09-01 04:58:00,0.1760559555318,8.72254222236069,13.5835046657441,6.76954399996943,10.3974932631909,517.468690018673,2
2025-09-01 05:13:00,0.170943081460333,8.71521888904079,13.2948006658439,6.70080755550986,10.5220365475187,517.24981639351,2
2025-09-01 05:28:00,0.169149059240133,8.7192162223718,13.4214673324324,6.74722199996296,10.7171030091652,517.42569877157,2
2025-09-01 05:43:00,0.1690618222043,8.70646222236219,13.2736824436119,6.69087622217693,10.801317611444,517.21669933275,2
2025-09-01 05:58:00,0.1704909999807,8.7056004446123,10.8758193332724,6.64517244440046,10.7085657489365,517.126769087933,2
2025-09-01 06:13:00,0.169277392572733,8.71276533348546,13.1368853325167,6.60185088882596,10.9548919040942,517.52053521608,2
2025-09-01 06:28:00,0.170222377757467,8.7361244446162,11.2116624442467,6.5819204443835,10.7172008948555,517.480337540833,2
2025-09-01 06:43:00,0.170689622205733,8.76274466685193,12.7631513326386,6.45864244439596,10.9894360665092,517.280524849523,2
2025-09-01 06:58:00,0.1697097777539,8.64537288905166,9.0965146672673,6.5101073332672,11.1778409255957,517.069723718343,2
2025-09-01 07:13:00,0.1739351013938,8.7848366668173,13.1251131102898,6.5663548888245,11.2689122149582,517.801216229413,2
2025-09-01 07:28:00,0.171447231321567,8.76269177793957,9.20200133386599,6.58421422215696,11.4223996032549,517.448849841233,2
2025-09-01 07:43:00,0.171153034743167,8.78222666683376,9.13269622272836,6.679047999944,11.5929239936911,517.536749173233,2
2025-09-01 07:58:00,0.1723668421507,8.78101644461517,9.38586022278773,6.63349022217629,11.4045981639769,517.377095907717,2
2025-09-01 08:13:00,0.170679256969267,8.63979666684017,9.34428555632903,6.69348777772726,11.2480274540782,517.10543780506,2
2025-09-01 08:28:00,0.170501975501167,8.9519666668421,9.78190222297776,6.78616644439543,10.4000732472439,517.08405020201,2
2025-09-01 08:43:00,0.171416538466667,8.42655533347921,9.99877600109856,6.63194755552836,10.0649584154572,517.037130908223,2
2025-09-01 08:58:00,0.170376311116534,8.33402688901866,9.89974555654796,6.6762268888644,9.47053363713507,523.777608159573,2
2025-09-01 09:13:00,0.162189868109833,8.79547822257946,11.1061880011703,7.48282422218026,7.6443508136733,465.693676631463,2
2025-09-01 09:28:00,0.139512733350567,7.74713688906987,7.46650977773576,10.7588562221273,6.42498209332542,452.2827677648,2
2025-09-01 09:43:00,0.1402470370611,7.20286177787166,7.5080715555143,11.978641110864,6.08012010605214,449.965968003936,2
2025-09-01 09:58:00,0.1398101703877,6.94137666676923,7.61292422219,13.945342222021,6.24399603360785,449.482187079496,2
2025-09-01 10:13:00,0.1396585703812,6.56473622231633,7.52255355550943,14.3424675552146,6.34564324911263,449.11343059412,2
2025-09-01 10:28:00,0.1391989407496,6.38917400011893,7.52470911109036,12.2024611108191,6.63002738481316,452.123751891473,2
2025-09-01 10:43:00,0.1417991777947,6.43315688896773,7.67179688884713,14.2478051107436,6.79625081278473,450.631815047433,2
2025-09-01 10:58:00,0.136965355571367,5.86091977783073,7.05216511104093,17.4172888886543,6.72952214672151,446.754020643506,2
2025-09-01 11:13:00,0.1330802495376,4.55212162391536,8.72512644488651,24.772380888678,6.82677644698738,444.978009606373,2
2025-09-01 11:28:00,0.133812560648133,4.10278940172563,8.55012288928274,27.534802922711,6.60225344926073,439.152292483397,2
2025-09-01 11:43:00,0.135523975437434,3.40411794872737,8.01507866743847,32.949402171145,6.60995301871591,435.926225957614,2
2025-09-01 11:58:00,0.1349955121856,2.95975960685797,1.78646488880003,35.2825218460281,6.89199138260961,436.136561441491,2
2025-09-01 12:13:00,0.1312207663345,2.5241899487468,0.998541042688667,37.9132845554093,7.13464497613835,431.64490196458,2
2025-09-01 12:28:00,0.1300643070835,2.36957805128507,0.802485111117066,40.6465535553623,7.41297482250736,431.962748691277,2
2025-09-01 12:43:00,0.130579314499767,2.3353056068371,0.690611299138299,43.461724700777,7.63432433941162,431.897202658207,2
2025-09-01 12:58:00,0.127681100825567,2.2780163760551,0.663953333335299,43.4152704782044,7.68933031322228,431.973881376584,2
2025-09-01 13:13:00,0.1272311971193,2.25262071792653,0.661036666664333,45.6921050068953,7.87514262442671,432.274927081123,2
2025-09-01 13:28:00,0.1245332039608,2.23307451279457,0.657574854709366,47.7832638650214,8.00822443887061,432.44414677719,2
2025-09-01 13:43:00,0.124460455806833,2.20213229057053,0.657000017093233,45.930769209966,8.12303903290969,432.66696457219,3
2025-09-01 13:58:00,0.1234360775281,2.160395384575,0.6287100000113,46.3371598129877,8.10771611139966,432.23484644797,3
2025-09-01 14:13:00,0.1239528852027,2.84801668369893,0.888969999994666,47.5486568804561,8.03599892565779,432.31675642061,3
2025-09-01 14:28:00,0.115418379695499,2.1317678461167,0.623582000007999,48.7852687010217,8.42675729009084,432.31378445821,3
2025-09-01 14:43:00,0.124815416555767,2.46642705977407,0.630983760683266,44.518776000438,8.12702972154577,432.221771770844,3
2025-09-01 14:58:00,0.123554678714433,2.47334680338847,0.609266188029233,44.300953333484,8.55258029778941,432.033139923367,3
2025-09-01 15:13:00,0.136821281505367,3.35116801708546,1.02636355559623,44.164500222719,8.96990223648725,433.043394358927,3
2025-09-01 15:28:00,0.123677880934733,2.66760292302773,0.798616256424532,49.5415950211532,9.33674108800234,432.37968427391,3
2025-09-01 15:43:00,0.124365462966767,3.05882933331943,0.774538222214366,44.1603015558333,9.55397437069697,432.215020172387,3
2025-09-01 15:58:00,0.126415281465367,3.10640977776086,0.787460666683833,44.250745555861,9.91960366926258,432.02098791168,3
2025-09-01 16:13:00,0.116629385479477,2.86171972645203,0.862295333337665,50.9310205477091,9.81800461513029,432.234831735004,3
2025-09-01 16:28:00,0.131733859281933,3.19539469839343,0.925270666733466,48.4126556878851,9.66974559222885,432.295940598543,3
2025-09-01 16:43:00,0.124156824528033,2.58133413669667,0.774334068387133,50.185308999398,9.56935514898143,431.963480595084,3
2025-09-01 16:58:00,0.11694752075717,2.9451031794251,0.842325094014732,49.4903986654459,9.62164150516522,432.118499126777,3
2025-09-01 17:13:00,0.124550144190367,2.27387589740017,0.6380554871692,49.6466249477603,9.79170963809567,431.9603875259,3
2025-09-01 17:28:00,0.123432014261067,2.7508052478025,0.830791213673332,51.0303059713527,9.71395940824494,432.005471706754,3
2025-09-01 17:43:00,0.125232751865667,2.9748235555333,0.841661333334666,50.6840998727885,9.56181524107234,432.012136436877,3
2025-09-01 17:58:00,0.1252664333334,3.067315555548,0.794968888900533,49.7796788787649,9.71181207547528,431.91078266668,3
2025-09-01 18:13:00,0.1302639037156,3.22000647619177,0.8572760000509,44.2193889235037,9.70661454350816,432.04655702021,3
2025-09-01 18:28:00,0.135552896324967,3.5853268253849,0.893787999967534,43.4613164449414,9.65839130236188,430.81719409907,3
2025-09-01 18:43:00,0.144305714809233,4.82281555554687,1.2138124443916,42.8567175558334,9.68254005827695,431.77655930112,3
2025-09-01 18:58:00,0.148242311127067,5.86600355551327,1.33419822216297,42.6785120004797,9.78334784587233,431.755428423383,3
2025-09-01 19:13:00,0.1563576814785,6.80815799995153,1.33867444437544,42.0220637782307,9.8516329368961,432.470334764761,3
2025-09-01 19:28:00,0.171512970454267,10.4522013333524,2.86065199996533,24.156007777156,9.69811829924984,443.826590696247,3
2025-09-01 19:43:00,0.167964088971,11.3297162221582,2.89505999995973,21.0207577783475,9.6764694468171,441.552412765887,3
2025-09-01 19:58:00,0.169369759320233,10.8470562220684,4.65983822234484,16.7849271117164,10.0152860253798,439.105623627147,3
2025-09-01 20:13:00,0.165358433339367,10.9806373331518,4.79782333347527,16.4797982227754,9.83990977617419,443.192638655053,3
2025-09-01 20:28:00,0.1593524518117,10.3375239999519,5.19028333348797,15.7491240003616,10.0006606871342,437.556594263357,3
2025-09-01 20:43:00,0.1590639925493,10.6769208890955,6.0269731112616,13.4797291113653,10.0900321272671,439.81994447474,3
2025-09-01 20:58:00,0.174694755550967,11.0681348893771,7.3563866669406,9.42407577751469,10.0377350501042,446.662171483454,3
2025-09-01 21:13:00,0.173728274083,10.6196782226294,7.59418911131567,7.5725391110647,10.2281349046141,448.448832990844,2
2025-09-01 21:28:00,0.1734545185312,10.6195508893,7.5704875557349,7.52758066662004,10.5160591551615,449.259455540504,2
2025-09-01 21:43:00,0.172262796319767,10.5462991114587,7.9736620001834,6.15076511110043,10.6530798419162,454.54604763911,2
2025-09-01 21:58:00,0.172078359279667,10.1997880000017,7.97015111128357,5.39813711109783,10.6019989047271,455.80958834396,2
2025-09-01 22:13:00,0.169121433348267,9.5245866665416,8.11387866668624,5.18116355552706,10.6620935521053,459.007139468261,2
2025-09-01 22:28:00,0.1694349703832,9.42440777765361,8.19844177769627,5.30770733329879,10.6462949988608,463.212482916254,2
2025-09-01 22:43:00,0.170251862970034,9.18970599995746,8.14733266657904,6.02822266665143,10.7265936265714,463.272599267897,2
2025-09-01 22:58:00,0.1710112666744,8.71901244444496,7.68992577772367,6.20108755552523,10.8931862292237,473.747315120743,2
2025-09-01 23:13:00,0.169174770368334,8.47035733330036,7.54681666660673,6.29196466664103,10.7416544036177,474.457365168073,2
2025-09-01 23:28:00,0.1643075555417,8.8642733333222,7.0897502222133,6.2240582221713,11.1533704747007,471.04591685408,2
2025-09-01 23:43:00,0.165101592583467,8.19169333332509,7.27154555552343,6.25447222216703,11.0383396104741,474.551973412087,2
2025-09-02 00:11:00,0.167940116248167,8.14890844441642,6.60053488887857,6.21852555550533,11.3506486833682,477.36091425824,2
2025-09-02 00:26:00,0.167411649576667,7.89258044446146,6.91268266669207,6.29713133327473,11.2882511570123,482.033717589503,2
2025-09-02 00:41:00,0.168479901430267,9.24335088906787,9.46765200093283,6.24863888882793,11.5135453554421,487.795317283903,2
2025-09-02 00:56:00,0.168577908832167,8.75505355562187,9.05929288981673,6.2236357777214,11.1582351597895,520.167548471204,2
2025-09-02 01:11:00,0.168169531050433,8.57104155570554,9.17449200088973,6.21455333327586,11.1610664704871,520.510455633977,2
2025-09-02 01:26:00,0.168248094019433,8.55282244454274,8.8938680008809,6.15887822215226,11.3334488920143,520.207912726437,2
2025-09-02 01:41:00,0.168412590314433,8.44374533345914,9.0319348897823,6.3054424444046,11.1441919265858,520.913348777594,2
2025-09-02 01:56:00,0.168239819947233,8.53237666679961,9.1133882231113,6.193262888821,11.7307309674848,523.723943853467,2
2025-09-02 02:11:00,0.1685684792044,8.85282777796317,9.24327155624526,6.18381599992256,11.4316778940988,520.626694864503,2
2025-09-02 02:26:00,0.1691638866164,9.0771724446314,9.26047444518326,6.0912755554582,11.8611893837498,520.527102682257,2
2025-09-02 02:41:00,0.168322005129867,8.79409155573784,9.25438822296053,6.19884355548953,11.9634471970794,518.015510119573,2
2025-09-02 02:56:00,0.169050664374433,8.74778377795086,9.16047622281953,6.44282977770923,11.7476307111625,517.631764065573,2
2025-09-02 03:11:00,0.168932116218867,8.70528177797073,9.22440822291153,6.34463733329857,11.3819087524208,517.253376501873,2
2025-09-02 03:26:00,0.1686246273412,8.75686622241053,9.13959488949619,6.16041311104857,11.4282477104614,517.19980760674,2
2025-09-02 03:41:00,0.168213575488867,8.68690044462183,9.21879066735617,6.36339577773033,11.3080521191828,517.51173746731,2
2025-09-02 03:56:00,0.168559479180733,8.62079911129186,7.29289866691027,6.34709355551433,11.1296822536933,517.28074903216,2
2025-09-02 04:11:00,0.168829837018033,8.72323933351436,7.82717044460007,6.40221733330023,11.0008368097766,517.163713596794,2
2025-09-02 04:26:00,0.1701533407163,8.6704780001433,7.46371155567514,6.41096133329303,11.0508548270478,516.997324876317,2
2025-09-02 04:41:00,0.1702428444275,8.71244800017393,7.55820488899074,6.38273377774516,11.1495795909631,517.198359177123,2
2025-09-02 04:56:00,0.169010168070633,8.6563460001719,6.9860726668169,6.2442731110836,11.0654081371357,517.09683738912,2
2025-09-02 05:11:00,0.1684575680697,8.56047888905007,6.71201133347844,6.37513444439767,10.7319238070598,517.36266774355,2
2025-09-02 05:26:00,0.167980762944033,8.67287666681569,7.4881337778976,6.41284311107023,10.685551525338,517.558759504677,2
2025-09-02 05:41:00,0.168584029610533,8.7117146668356,7.63390444453464,6.33950755553516,10.7037541517374,517.163713596794,2
2025-09-02 05:56:00,0.1677699481297,8.6232484445922,7.36630644457174,6.39742755550633,10.2663940189216,517.454032325597,2
2025-09-02 06:11:00,0.168008051834033,8.6675740001522,7.46393022233897,6.39371999995013,10.3788392136284,517.403832767393,2
2025-09-02 06:26:00,0.167548266648333,8.56162311126247,6.69294311124011,6.373197777735,10.1412297765749,517.490909680253,2
2025-09-02 06:41:00,0.170112429607567,8.72986133348659,7.55020555564607,6.33652688887126,10.3571584942227,517.184797988863,2
2025-09-02 06:56:00,0.1701335629403,8.69283666679919,7.53183777785147,6.40223066662726,10.3078853602597,517.430901897633,2
2025-09-02 07:11:00,0.169312957247767,8.69679644459656,6.9279471111916,6.4127875555142,11.5593812086845,517.223276627347,2
2025-09-02 07:26:00,0.1683967851643,8.6148408890419,7.26640266678897,6.40366577772863,10.9622550215014,517.139676146374,2
2025-09-02 07:41:00,0.1693142347307,8.6532948890486,6.783794889029,6.42256422218673,11.5980124858859,517.28564280238,2
2025-09-02 07:56:00,0.169227056997533,8.72588844463137,9.02297111187453,6.45079377774627,12.0731944014646,517.37690971532,2
2025-09-02 08:11:00,0.168958962965,7.46714427355439,6.2612997776988,6.3413068888373,11.0298144752535,516.68382574427,2
2025-09-02 08:26:00,0.169915160694733,8.08107933342523,8.7954608897225,6.6822791110854,9.39817128434425,517.421227265237,2
2025-09-02 08:41:00,0.169799675518933,8.91262466698903,10.0891171120525,6.84997888883113,9.19044640189511,524.424165636407,2
2025-09-02 08:56:00,0.1691376755168,9.0493164447917,11.0680531121634,6.9818562221701,9.90121466958122,486.083277060179,2
2025-09-02 09:11:00,0.161920719953833,8.97870222255826,10.4491535564715,7.138424222214,9.66395562105116,476.735225304263,2
2025-09-02 09:26:00,0.139323708857833,8.2772986670686,7.90514888906717,10.7092104444394,8.4632366710061,453.252083880834,2
2025-09-02 09:41:00,0.139383768125067,7.9263064447138,7.31116088885789,10.5895182222839,8.35464399256647,452.822979511217,2
2025-09-02 09:56:00,0.139679362967833,7.48859644467014,7.4133886666086,10.5262606667077,8.24870453984853,452.27457096922,2
2025-09-02 10:11:00,0.143014681499433,7.29508200021483,7.65861777775783,11.2310955555792,8.00500885602473,453.745341778003,2
2025-09-02 10:26:00,0.136108249565967,6.88914822237307,7.03859244434427,19.7116573332934,8.36690712759198,446.45922541037,2
2025-09-02 10:41:00,0.137251392612533,6.8936420001513,6.95993466655803,18.4856728888396,8.6995511586346,446.85078545477,2
2025-09-02 10:56:00,0.1326349162021,6.29513266676323,8.82201511158487,23.3871873332015,8.50171667078922,447.478122557593,2
2025-09-02 11:11:00,0.1332755680478,4.98384895729377,8.69195844519324,25.3212451110693,8.67866316085065,448.132620160739,2
2025-09-02 11:26:00,0.134353479162334,4.34505229064697,8.56473266738317,27.671631145147,8.68265907559944,440.313402626341,2
2025-09-02 11:41:00,0.1351038307259,3.4718690598671,1.33664394869277,32.4530637267653,8.96783156308156,434.798392536204,2
2025-09-02 11:56:00,0.130876725882934,2.60868818805133,0.859743982884701,38.0555588891484,8.84547312376828,433.211006926153,2
2025-09-02 12:11:00,0.130136196548467,2.58611034187863,0.785798102556666,39.5486295552137,8.97896373282826,433.394779920994,2
2025-09-02 12:26:00,0.129731995982234,2.51641500854303,0.696230923087833,42.981221812052,9.27791013419966,433.08675588532,2
2025-09-02 12:41:00,0.129483721908167,2.4525397948756,0.687275589756966,52.0920187601356,9.47750548749553,433.54474732878,2
2025-09-02 12:56:00,0.128326144470267,3.00775822217353,0.9565575555445,50.046223430338,9.61598931849813,432.257254375214,2
2025-09-02 13:11:00,0.128478208559667,2.8621788717602,0.954531076921399,52.3884648098684,9.90793664286256,431.97147861135,3
2025-09-02 13:26:00,0.1261482111451,3.20688044438113,0.9468208888744,52.321505603279,10.066285608336,432.05696857147,3
2025-09-02 13:41:00,0.127973803730433,3.23060444438533,0.9546159999876,52.1028175697531,10.5048449407835,432.142517657383,3
2025-09-02 13:56:00,0.130964755574467,3.2885533332793,0.931557333333067,52.95475690444,10.9207209071395,432.378789409897,3
2025-09-02 14:11:00,0.130244511112034,3.4101217777188,0.961650000025066,52.5146837839949,10.6047321062477,432.50364699397,3
2025-09-02 14:26:00,0.1252126037386,3.3215204614696,0.941952222205133,56.3851231722583,9.9837648551637,432.123051327763,3
2025-09-02 14:41:00,0.1336961444505,3.39530246148417,0.994425333383965,54.2921270998993,10.743349971578,432.62225092398,3
2025-09-02 14:56:00,0.137990548171234,3.50449733327253,1.13482333336273,52.8869146880821,11.3171004045122,433.048686846417,3
2025-09-02 15:11:00,0.132028600015267,3.43607222214957,1.02064044449683,52.978398080367,10.9555152778167,432.15686525695,3
2025-09-02 15:26:00,0.129747614817167,3.381105111031,0.975581777818399,55.8218088971771,11.0227979942584,431.867275747174,4
2025-09-02 15:41:00,0.134095414842767,3.45429066659857,1.07178466671103,59.7633756968054,10.4072810376314,432.183404376457,4
2025-09-02 15:56:00,0.133235303736967,3.4634375554961,1.02518644450917,57.224829562401,10.4109585066015,431.878374685604,4
2025-09-02 16:11:00,0.134711948170433,3.48408999993044,1.04529755560863,56.2491077439358,10.5297905152259,432.043586192587,4
2025-09-02 16:26:00,0.131824133349467,3.42967799992937,0.979457555622799,57.5108611662097,10.5471807957124,432.11955475808,4
2025-09-02 16:41:00,0.134768881487067,3.58635577772607,1.41106444442544,57.8362821622447,10.19735672634,431.909556951987,4
2025-09-02 16:56:00,0.142685481471066,4.10670177775417,1.4727657777356,55.6211960686893,10.3130250877762,431.988051381357,4
2025-09-02 17:11:00,0.1381547407504,3.8444157777371,1.42857311108537,57.5420025852904,9.95149991263572,431.94357703744,4
2025-09-02 17:26:00,0.1445690889155,4.4057229205961,1.3460346666251,43.757172256532,10.2158620898199,431.602780345113,4
2025-09-02 17:41:00,0.1448838148366,4.40847869836367,1.34618488883817,43.7513349232094,10.1982821686308,431.9991845904,4
2025-09-02 17:56:00,0.1473088741081,4.95349847614607,1.27334066661247,43.724677589975,11.3580849906589,431.4811372155,4
2025-09-02 18:11:00,0.147737163001233,5.76597133329604,1.16334222213583,43.4422206668037,10.6620295483302,431.522085021374,4
2025-09-02 18:26:00,0.147167125967867,4.9046640317046,1.14691244436753,43.2871411454714,10.4959186760259,431.423657456307,4
2025-09-02 18:41:00,0.1517279778139,5.92624355553637,1.18147933325437,42.7674333334863,10.5222501187515,431.315367212913,3
2025-09-02 18:56:00,0.156568081539733,7.2475937777709,1.18967088880717,42.303935111403,10.6529177226563,432.052863312257,3
2025-09-02 19:11:00,0.169450940793333,9.2325302220698,1.3396737777002,40.4672071114057,10.8678852202396,432.87180512268,3
2025-09-02 19:26:00,0.176862644524133,10.5716186665307,1.7039902221733,33.2892931108107,10.8297697780997,436.081455144434,3
2025-09-02 19:41:00,0.177451244530867,10.2445055554892,2.15693555549927,26.701763110491,10.5842561037551,438.7876065751,3
2025-09-02 19:56:00,0.186628970472933,11.3861108891629,2.83076577772713,22.8806311108042,10.8663193984343,444.4749926847,3
2025-09-02 20:11:00,0.186174685276733,12.7500848895855,2.85042888884397,18.9994880006342,10.7685756727668,446.798977214754,3
2025-09-02 20:26:00,0.207290648207,13.5088686665876,6.07105555569883,12.855263333606,10.5385553189283,449.23584111848,3
2025-09-02 20:41:00,0.204383937088,12.0829866666433,5.839497111255,11.928738000204,10.4055650011651,452.691683904797,3
2025-09-02 20:56:00,0.204623096341767,12.1308155554721,6.08672777791433,10.6987851111736,10.6080236061433,450.025224910144,3
2025-09-02 21:11:00,0.192507100017433,11.5019202222476,7.8615126668644,6.56024955553293,10.4374397689374,456.645597565287,3
2025-09-02 21:26:00,0.188148529663667,11.4227184444552,7.82356622239574,6.09112155550463,10.7096492716437,458.13281331757,3
2025-09-02 21:41:00,0.184765066689134,11.2643326666495,8.07718688899683,4.7633806666575,11.0054595026663,461.127295214851,2
2025-09-02 21:56:00,0.185317155581067,10.4119713333465,8.06416133350743,6.4642659999229,11.0530497233652,465.299822451647,2
2025-09-02 22:11:00,0.1845453703933,10.9264411113982,8.2761435556882,5.0985644444005,11.3890579553531,464.963192905144,2
2025-09-02 22:26:00,0.180859570397667,9.92690933347929,8.2149684444738,5.30237555552046,11.1773422886735,470.015555887107,2
2025-09-02 22:41:00,0.1781190111257,9.55025888896976,8.36182533323971,5.53060399997187,11.4116027241287,470.331780526214,2
2025-09-02 22:56:00,0.1780157148277,9.8429753334066,8.15091088877234,5.3374615555109,11.5327257475215,468.072054837144,2
2025-09-02 23:11:00,0.178880477784,8.81134711112316,8.22402311101261,6.22830422221176,11.4413874931682,486.76327281878,2
2025-09-02 23:26:00,0.176401137046733,8.75086911104852,7.8729293332461,6.17696444443383,11.6382896305308,486.656736630977,2
2025-09-02 23:41:00,0.1733369111176,8.2664235555103,7.79057755547627,6.26629111109646,11.6707543644819,477.244284879367,2
2025-09-03 00:08:00,0.174902592595567,8.88380866667259,7.06732000003137,6.22561377773223,11.9777108412991,517.094003898577,2
2025-09-03 00:23:00,0.170861733330934,8.69422755555356,6.95862644447883,6.24193599994826,12.3249243712569,520.145199344713,2
2025-09-03 00:38:00,0.174166118522933,9.04644644448063,9.21993777870773,6.24384088883176,12.2402354187139,520.208942749633,2
2025-09-03 00:53:00,0.169648629631,8.63758800006487,9.24669355651473,6.29741222216573,12.1767193557945,520.25815851804,2
2025-09-03 01:08:00,0.1694232125415,8.69948511117693,9.16643111203316,6.26091666661013,12.1724418251845,517.219948629027,2
2025-09-03 01:23:00,0.170131429620633,9.33743400015957,9.46900600093479,6.27593311105023,12.3450760397565,520.54465321788,2
2025-09-03 01:38:00,0.170508874069733,9.17746288904687,9.4853171118519,6.36216111105003,12.5337929443086,520.785954212677,2
2025-09-03 01:53:00,0.169671071799767,8.89433533348277,9.47207822315456,6.3238802221641,12.3161225336907,517.306859394117,2
2025-09-03 02:08:00,0.169386760687667,9.041814222396,9.18817733400329,6.29210644438973,12.3961880840664,520.80073268289,2
2025-09-03 02:23:00,0.1692296495751,8.96561844462873,9.19094511170516,6.4578859999446,12.272854599936,517.923332428357,2
2025-09-03 02:38:00,0.169040531052567,8.9018124446213,9.17860288963939,6.21131511104073,12.2389514887947,520.794311769493,2
2025-09-03 02:53:00,0.1685550717951,8.91655911131523,9.19195444512833,6.4106688888414,12.1592852946129,517.98730309864,2
2025-09-03 03:08:00,0.168606368092267,8.91779311130423,9.19573622283059,6.393762222179,12.2887356286053,517.22182055694,2
2025-09-03 03:23:00,0.1681799977103,8.55528622239973,9.18784955644146,6.35852355551503,12.2152000785664,517.318383980883,2
2025-09-03 03:38:00,0.168658412535533,8.9994213335268,9.14486022289206,6.2269731110356,12.5070236516208,496.28897892894,2
2025-09-03 03:53:00,0.168375368083767,8.8108453335362,9.22050222290693,6.38930933328633,12.1524639506738,517.268491975493,2
2025-09-03 04:08:00,0.1691990643858,9.04967533352913,9.07216377838399,6.39916222217127,12.200178237133,520.689105291137,2
2025-09-03 04:23:00,0.169142116244833,8.9829297779762,9.12360577837989,6.38730088884526,12.5140121310172,517.667237266407,2
2025-09-03 04:38:00,0.168763456979267,8.89622866685603,9.29409866720419,6.44741866660556,12.2154754620357,517.362751784147,2
2025-09-03 04:53:00,0.1688053236398,8.7787495557295,9.25960533386429,6.4806439999349,12.0426020648431,517.523945625537,2
2025-09-03 05:08:00,0.168880071785833,8.77321111128593,9.13529488948419,6.47196444438623,11.7254760977487,517.25196178229,2
2025-09-03 05:23:00,0.1682502347489,8.71406755572636,9.08129177844646,6.4377606666176,12.0634822265804,517.55433610853,2
2025-09-03 05:38:00,0.169720131025833,8.73944244460757,9.16215822280066,6.42709911106517,11.9701066676761,517.129813574907,2
2025-09-03 05:53:00,0.170298123636567,8.58330355573143,9.20821977851617,6.36425422219527,11.8828283505476,517.10414910072,2
2025-09-03 06:08:00,0.1685931606736,8.70540222238493,9.06583288947419,6.45424577774157,11.9675645054994,517.172480445447,2
2025-09-03 06:23:00,0.168803005104067,8.67978577795643,9.18916733392533,6.39176666662537,11.7737357937677,517.063234952107,2
2025-09-03 06:38:00,0.171078568066233,8.70792733350563,7.8325395557548,6.38789999995937,11.8234013136124,517.185779864437,2
2025-09-03 06:53:00,0.171440523616,8.73201511127273,8.7428464448475,6.4588662221915,11.4260694910806,517.477221255383,2
2025-09-03 07:08:00,0.171359066646733,8.61307644461346,8.976928889487,6.45593133329547,11.4317943246019,517.174481886483,2
2025-09-03 07:23:00,0.172065368079867,8.71930000016596,9.0615233339337,6.48978955550173,11.7036975595587,517.218636462217,2
2025-09-03 07:38:00,0.172271108827933,8.7658966668494,9.08054844511659,6.53293355547553,11.428814961573,517.256715804217,2
2025-09-03 07:53:00,0.1734971903235,8.85836288905936,9.01351955613473,6.7048328887948,11.4475694607351,517.49547099758,2
2025-09-03 08:08:00,0.174413301439,8.9299762224008,9.30769133405239,6.7391002221404,11.3859698083967,517.613202084433,2
2025-09-03 08:23:00,0.1729685681077,8.98778933350316,9.20928400063286,6.77723577770636,11.3464233011839,517.30825458238,2
2025-09-03 08:38:00,0.173067237043333,9.1007497779338,9.28598733395619,6.771733111051,10.8788851668151,517.110764659297,2
2025-09-03 08:53:00,0.178816918528133,9.11866666683227,10.033838445528,6.6867651110693,10.2342102832736,517.444759767457,2
2025-09-03 09:08:00,0.183242392613,10.0105422225367,10.7608491121111,6.84972311103187,9.4839837637544,479.12532878021,2
2025-09-03 09:23:00,0.145988203756567,9.12105422261553,13.6768851104438,8.63695244453536,8.78576037621153,456.462365732177,2
2025-09-03 09:38:00,0.1431868866281,8.37701688929877,13.8884748881543,8.80753822231576,8.27045267185817,454.416999688973,2
2025-09-03 09:53:00,0.140985592588333,8.23143444481243,13.8470255548178,9.38901555566639,8.03245154514174,453.622120236317,2
2025-09-03 10:08:00,0.141108266670467,8.03769200032667,14.1126937770016,9.50264644452719,8.31974410434268,453.277278743747,2
2025-09-03 10:23:00,0.141416592592433,7.9709646669941,13.464995776941,9.63353555565403,8.38586865636613,454.657508515754,2
2025-09-03 10:38:00,0.140336570367867,7.9114482225317,7.54738311099036,9.45797866674386,8.28486027772947,452.856877437457,2
2025-09-03 10:53:00,0.138699903701567,7.86618400028087,7.37033911101779,10.4513251112974,8.26552282976538,453.053581121837,2
2025-09-03 11:08:00,0.138420540736467,7.7249288891388,9.09961955600207,10.6796520002339,8.23749042295559,453.887222916247,2
2025-09-03 11:23:00,0.136802029636333,7.52005311132687,9.15250711163554,12.4274902223045,8.24899507629817,453.490952602187,2
2025-09-03 11:38:00,0.135734251863467,6.9753513334421,8.95782000080434,16.4379631109633,8.42996640283526,448.369137473919,2
2025-09-03 11:53:00,0.132718408522767,5.55066400000496,4.30977177765414,20.2534615557645,8.45480787089813,445.002788032796,2
2025-09-03 12:08:00,0.131214252966867,5.25699355556793,3.40949444441451,23.038695555452,8.30950159056963,442.803144871529,2
2025-09-03 12:23:00,0.131162512226467,4.3857780683709,1.6142188888619,25.127253333596,8.20095087427463,441.754808966053,2
2025-09-03 12:38:00,0.132313352117934,3.95134615386613,1.44112278630623,29.1327960170397,8.43986779474522,439.092054161834,2
2025-09-03 12:53:00,0.132867946407867,3.62748582910273,1.23870839314723,31.6519448547536,8.54522651790449,435.247109781387,2
2025-09-03 13:08:00,0.132482941283567,3.12889806839253,0.923143076878168,34.0118625980097,8.66213099242144,433.189689653127,2
2025-09-03 13:23:00,0.1319004296865,3.73970755556689,0.994261333296833,33.3619097260237,8.68361744441617,434.130933871287,2
2025-09-03 13:38:00,0.135578723681733,3.90963866668223,1.09317244443957,33.108396837217,9.01110458756751,434.166405472537,2
2025-09-03 13:53:00,0.131950792655234,3.7761724444527,0.975353316199133,33.6670884780867,9.53023763207642,434.257185499067,2
2025-09-03 14:08:00,0.135414518550834,3.7269039999916,1.03361399998477,34.3185622903577,9.58783223537162,434.243856095863,2
2025-09-03 14:23:00,0.133075486645567,3.59207155552873,0.932868888870733,35.311922666877,9.70754384379235,434.33461540108,2
2025-09-03 14:38:00,0.140888688930333,3.80170433331336,1.16092311114137,34.8452737777063,9.83190221350264,434.533831508433,2
2025-09-03 14:53:00,0.138477303745633,3.71130550790943,1.0587700000276,36.5788155557813,10.3059021883716,434.480098501914,2
2025-09-03 15:08:00,0.141179185230733,3.55959666664603,1.09864111117067,39.8120462217847,10.4735964954484,434.362068534144,2
2025-09-03 15:23:00,0.1486987592678,3.91261066663956,1.9826928888566,39.3705819996384,10.449168666964,435.696371347431,3
2025-09-03 15:38:00,0.1528066629981,4.6376468412563,2.14880222218584,36.7122333334323,10.4365085508308,435.59999178276,3
2025-09-03 15:53:00,0.146124896311333,3.99572422219196,2.0280686666304,37.9846826665057,10.9298166465731,435.691626137094,3
2025-09-03 16:08:00,0.140002281520233,3.51043977775433,1.04504777782917,39.993199332897,11.1910016108011,434.421450642414,3
2025-09-03 16:23:00,0.1416555555844,3.67269799996977,1.18315955558663,40.6572215551344,10.8917416834437,435.29451403765,3
2025-09-03 16:38:00,0.1417780000334,3.67099977775363,1.1607168889376,40.5187191107567,10.8578647321204,435.066109437634,3
2025-09-03 16:53:00,0.138079488917367,3.41687422219183,0.985915333393232,43.3084231457637,11.1768089594471,434.413120271597,3
2025-09-03 17:08:00,0.1483428222152,4.0804788888754,1.82835422219167,43.2610778125417,11.2253322354623,435.333691641367,3
2025-09-03 17:23:00,0.148967399995967,4.0202902222152,1.87330422220017,40.6289946663514,10.9679498636057,435.502609764067,3
2025-09-03 17:38:00,0.141700659267633,3.76893533332553,1.28695577779543,41.9586991454137,10.9021987428886,434.34347705674,3
2025-09-03 17:53:00,0.147712799980533,3.90596622221903,1.75542622219684,42.546788701134,11.0839669926999,434.491692232654,3
2025-09-03 18:08:00,0.1534543703957,4.40575488886414,1.7752933332835,42.214060923247,11.1491429244573,433.210183044163,3
2025-09-03 18:23:00,0.154714074106867,4.5859439999768,1.45133799991967,40.8208428889143,10.8463344282026,432.30181144258,3
2025-09-03 18:38:00,0.1629348000304,4.96283177777787,1.4212637776889,42.986488222688,11.3695453931614,433.130719371274,3
2025-09-03 18:53:00,0.170046318562467,7.62048931735836,1.56254933325697,35.9570304443243,11.6132278470726,433.86325375652,3
2025-09-03 19:08:00,0.169781577843333,7.8112977618225,1.9664059999476,29.7936731109274,11.6721333905174,441.14394298298,3
2025-09-03 19:23:00,0.1819319556175,11.2456064441966,3.23166511103974,19.4320800002538,11.7115423363914,438.81530847383,3
2025-09-03 19:38:00,0.183443029689467,11.0133624442617,5.484982222289,14.0123362219562,12.003496981963,438.332141135281,3
2025-09-03 19:53:00,0.209899188949667,11.3421611111091,7.41866666695957,8.73165644427663,11.7312886071521,450.73699895871,3
2025-09-03 20:08:00,0.210488714886233,11.3283368888715,8.05429911137573,7.81042555545227,11.489030150822,455.893122452173,3
2025-09-03 20:23:00,0.204125981537733,11.2752215555695,7.95720400026006,6.12261333336589,11.807278759018,455.89745553649,3
2025-09-03 20:38:00,0.206211085243933,11.4873495555731,8.20857511135813,6.39590733329914,12.1363570785222,448.781323809494,3
2025-09-03 20:53:00,0.202038692617233,11.1262413333902,8.19958955564553,5.03093222223283,11.839446476033,461.579406640211,2
2025-09-03 21:08:00,0.194108496317067,10.534525111145,8.2945535556008,5.14326111111063,11.6977454781062,463.92270794295,2
2025-09-03 21:23:00,0.191672577797633,10.7386586667505,8.17039000006987,5.09848977778926,11.9749836558413,461.338136090627,2
2025-09-03 21:38:00,0.189243548182067,10.4495360000248,8.38278911114397,5.16152555553243,12.3751365437261,468.665483514227,2
2025-09-03 21:53:00,0.1898715777992,10.6568524444516,8.72281799987467,5.07685355550906,13.034529593705,472.098757069794,2
2025-09-03 22:08:00,0.1914074815103,10.1520440000916,8.43621577775074,5.69283577773436,13.647952619866,484.94677218007,2
2025-09-03 22:23:00,0.1916546666845,10.049192888909,8.61338688879834,6.22355777775396,13.9295248391921,519.76300417027,2
2025-09-03 22:38:00,0.195714681489167,10.4378613332823,9.20119466652804,6.17427622223027,14.8358559293629,523.216561380147,2
2025-09-03 22:53:00,0.199976459254267,10.3728635554904,9.30030777764283,6.27665066669617,15.6511931093287,489.36364922405,2
2025-09-03 23:08:00,0.1950220666789,10.3049186665497,9.30421422213477,6.2601873333345,15.8324745478226,520.526052083254,2
2025-09-03 23:23:00,0.192081911123967,10.1768273332316,8.82290200002565,6.20699822216523,15.9698057688298,517.23962563854,2
2025-09-03 23:38:00,0.192258911125933,9.92231666658007,9.2218395554049,6.29587866666557,15.8832840618318,517.04684143625,2
2025-09-04 00:13:00,0.1868103333442,10.1228331113497,9.6252004454338,6.2605948888317,15.7060608908191,517.308067646813,2
2025-09-04 00:28:00,0.185426866674867,10.2651582224596,9.80985044538336,6.30917111105696,15.6940141902071,517.565010403397,2
2025-09-04 00:43:00,0.1827794851911,9.60525711127192,9.36514088981813,6.28292288883553,15.5399971354824,517.171441638093,2
2025-09-04 00:58:00,0.1805318259364,9.398672889011,9.46339955649226,6.31632755550767,15.7230919863757,516.978681373093,2
2025-09-04 01:13:00,0.179856470376567,9.44571666678306,9.4804517787437,6.26869711105533,15.4911914890197,516.91708545481,2
2025-09-04 01:28:00,0.182584329639267,9.74688000016073,9.55271000096496,6.27316333327686,15.4738127004676,517.074237768593,2
2025-09-04 01:43:00,0.179605077780567,9.59567888904787,9.57069333406556,6.4863019999569,15.2175014872077,517.10335952712,2
2025-09-04 01:58:00,0.1773962296362,9.28307022235147,9.2664791119024,6.30162911105226,15.1128519071529,517.099448527847,2
2025-09-04 02:13:00,0.179316977783067,9.388684666841,9.3545851117921,6.50060733329026,14.9056741926372,517.17660212717,2
2025-09-04 02:28:00,0.181324485186067,9.92266733350593,9.30842777837989,6.19925244436323,15.1593961002513,516.73632771755,2
2025-09-04 02:43:00,0.1794234111127,9.35501466682123,9.34306422295443,6.37007688885346,15.0976286436512,517.11843955096,2
2025-09-04 02:58:00,0.175787514831067,9.38477288905106,9.08492022282569,6.4771773332637,14.7338504658066,517.54765749258,2
2025-09-04 03:13:00,0.174077725932533,9.2829151112853,9.27239533402552,6.397485999949,14.8719415253104,517.23302036813,2
2025-09-04 03:28:00,0.1744295481412,9.25204066682856,9.23321466725656,6.42841444438663,14.5321564161174,517.012905541693,2
2025-09-04 03:43:00,0.172388368089933,9.2139220001827,9.28156000057769,6.43879444439283,14.16594336151,516.9271760409,2
2025-09-04 03:58:00,0.170673545877367,9.0226795557347,9.1836195562368,6.4531802221568,14.0137264017235,517.227109330203,2
2025-09-04 04:13:00,0.172830094020233,9.08816000018026,9.20713866724906,6.4939711110367,13.938352758097,517.33422189149,2
2025-09-04 04:28:00,0.173016034750933,9.07251511129477,9.29795866722116,6.40647577773436,13.3401693933907,517.089832538503,2
2025-09-04 04:43:00,0.1741933458698,9.10719488908243,9.1908855561634,6.37528222217807,13.7970983861569,517.179542043357,2
2025-09-04 04:58:00,0.1734823851795,9.245134000154,9.23089555613652,6.4791948888131,14.3498044168228,517.060394682223,2
2025-09-04 05:13:00,0.1745845829059,9.17392022240883,9.24053000057742,6.40005177773463,14.2686218522089,517.149866174723,2
2025-09-04 05:28:00,0.172960518507734,9.2297286668394,9.24625666724702,6.44010266661817,14.3204479716101,516.808098436353,2
2025-09-04 05:43:00,0.174587153279033,9.1625700001597,13.3022697768253,6.5272517777395,14.2070543787634,517.428293257053,2
2025-09-04 05:58:00,0.174236822220667,9.26072644458963,9.24657866719596,6.4413384444068,14.598077186209,517.297544946497,2
2025-09-04 06:13:00,0.176902814811933,9.18095222235943,13.2796028879463,6.51767333330333,14.6426551912862,517.29369880828,2
2025-09-04 06:28:00,0.173288792582533,9.27233688904076,7.8084737779546,6.38201466663697,14.6226026807725,517.09221695102,2
2025-09-04 06:43:00,0.177557959269667,9.30691777793206,7.13251133345867,6.3859664444029,15.0001071182904,517.47163239349,2
2025-09-04 06:58:00,0.1734255925962,9.1577535557047,12.6802815546998,6.53171577774063,14.3104503686325,517.27886875642,2
2025-09-04 07:13:00,0.172531212536833,9.10527888907926,7.64697777797631,6.4488197777309,14.2922735766442,517.11555110059,2
2025-09-04 07:28:00,0.1726179014108,8.7055900001763,9.11939444512476,6.485112666612,12.3931832482116,517.381611445163,2
2025-09-04 07:43:00,0.1738889185188,9.2313035557031,9.15637600057382,6.53124999992717,14.4219301345839,517.003096186713,2
2025-09-04 07:58:00,0.174159471803933,8.9481328890784,9.07116800074926,6.5185502221696,13.2508111533178,517.343149598413,2
2025-09-04 08:13:00,0.172534777784933,8.48008000008477,9.1197131120409,6.65087377774966,12.6641128035557,517.203169591547,2
2025-09-04 08:28:00,0.1806590148279,9.52713111127967,10.0829762232832,6.69651644440423,13.273664884163,517.327340666654,2
2025-09-04 08:43:00,0.184845340756833,10.1183253336397,10.2007748896727,6.8682399999215,14.0910384539944,518.381211426653,2
2025-09-04 08:58:00,0.184418777807567,10.235494667119,11.1255171121254,7.00697577775466,13.7441085626,527.30815076961,2
2025-09-04 09:13:00,0.1656099037215,9.24642044477974,11.0725964454806,7.66785288889157,9.88529331608264,475.514448669273,2
2025-09-04 09:28:00,0.142941259264867,8.06865466706717,14.2995102214469,9.51102466678973,8.03607147804421,455.27111563612,2
2025-09-04 09:43:00,0.142861659262567,7.97687444476023,14.3874699993073,9.62519177790463,8.08233897955061,455.02652551256,2
2025-09-04 09:58:00,0.1444772592717,7.95397155584833,14.3079119992354,9.99048355570837,7.68495588869695,455.207047081923,2
2025-09-04 10:13:00,0.144952074088033,7.82665466693157,13.7757299992272,9.88053333343377,8.24332237041628,455.006699673227,2
2025-09-04 10:28:00,0.144847777793367,7.82538133360444,7.78707999993849,10.4441464446695,9.09359479164735,455.171530830797,2
2025-09-04 10:43:00,0.1381151481584,7.52776266690167,7.2767108888611,11.2466057779713,9.46366434430974,452.465430115083,2
2025-09-04 10:58:00,0.136206992605967,7.30767844463194,9.1090226671871,13.5024068887348,8.98656905771301,449.31870214727,2
2025-09-04 11:13:00,0.134634733349067,6.45262400012607,8.83383600066117,18.6783748890167,9.10614393048759,446.076048865969,2
2025-09-04 11:28:00,0.134464200017267,6.09363888900783,8.67801044524561,18.228723777981,9.17209585707506,444.337738638966,2
2025-09-04 11:43:00,0.131314578891533,5.2003457778036,3.82820452982427,23.0190951108038,8.89857014338773,442.726240600736,2
2025-09-04 11:58:00,0.130143282601733,4.64068977780773,2.1482505469756,24.5852248888617,8.64308501844404,441.431341824376,2
2025-09-04 12:13:00,0.1319986387197,3.56480673504393,1.39778225637883,26.1451026667963,8.73466278226007,438.349283354203,2
2025-09-04 12:28:00,0.128991433031834,3.56531032477523,1.40498196578687,25.4779208891036,8.98498571266855,438.66370733863,2
2025-09-04 12:43:00,0.1292210097158,3.55532924788363,1.4148243418897,26.2032375555563,9.24024489570937,437.9674500613,2
2025-09-04 12:58:00,0.1305426855076,3.9234844615834,1.531382529878,26.1409940001496,9.18977422348835,438.209540335377,2
2025-09-04 13:13:00,0.130556213709767,3.33702005128916,1.32828692309147,27.3509073675787,9.23374347089591,437.80446734941,2
2025-09-04 13:28:00,0.131665170980967,3.5533194530136,1.38714152136067,27.3542233674897,9.6526570319799,437.41793266197,2
2025-09-04 13:43:00,0.1340066177137,3.63063492310153,1.28568430765683,32.0734200856053,9.76068804757753,435.040271576617,2
2025-09-04 13:58:00,0.134021854758667,4.15831984621776,1.33369155552157,31.726684615625,11.0716511726926,435.032508840794,2
2025-09-04 14:13:00,0.139765959317633,4.73492059838277,1.58058931624313,30.7371410942357,13.1470410133675,435.27759498571,2
2025-09-04 14:28:00,0.141965607446333,4.97409304281107,1.75583176068374,31.1021849745793,13.7365328902117,434.789396883431,2
2025-09-04 14:43:00,0.145263540763433,5.33314482059443,2.22666466667293,30.4270806668448,13.8016825843659,434.829459337507,2
2025-09-04 14:58:00,0.141384033369867,4.64620147018163,1.6549342222386,31.4567075557063,13.0851239479356,434.550311455794,2
2025-09-04 15:13:00,0.132467353289567,4.0775219146132,1.23899533332237,32.3597625981923,12.3960490340194,435.51132142269,2
2025-09-04 15:28:00,0.143483674079633,4.48753027354916,2.20740044442234,31.6241014873193,11.9806174543932,433.441187146094,2
2025-09-04 15:43:00,0.141431540758367,3.7389133333378,1.9496206666227,34.2459152644683,12.3028948401592,433.270339330017,2
2025-09-04 15:58:00,0.153961548190033,4.3762802222326,2.27594088883507,33.2151591277013,12.8768688118976,434.78767200089,3
2025-09-04 16:13:00,0.144691044445667,4.15375177777064,2.12594777774027,34.337377708929,13.6689678504852,433.68278562792,3
2025-09-04 16:28:00,0.1435965703811,3.8861108888816,1.84952355552727,36.1019460000473,12.3205728175753,433.801076297597,3
2025-09-04 16:43:00,0.152335925967733,4.51144911111484,2.09036955550333,35.331637555224,12.9702263796486,434.693458711097,3
2025-09-04 16:58:00,0.155197792631467,4.62872866667364,2.17181755552844,35.882553111086,13.525230422298,436.00493070776,3
2025-09-04 17:13:00,0.1554500518914,4.89328782537794,2.035213999949,35.349814222347,12.9946380994822,434.428679588547,3
2025-09-04 17:28:00,0.156550725973333,4.9484724444317,1.79730399993927,32.8420782220104,12.5381901789291,435.60185745568,3
2025-09-04 17:43:00,0.152021629682533,4.42911977779713,2.216299999955,31.7613565124594,11.9543132562455,433.826641892293,3
2025-09-04 17:58:00,0.149921022259967,4.78862955557207,2.19731777774217,31.1141662900487,11.8600747580079,432.918922932603,3
2025-09-04 18:13:00,0.152571607456567,5.02767355555486,2.2973662221898,29.471529624077,12.1878887589017,435.11024054895,3
2025-09-04 18:28:00,0.159231444481533,6.37036622213951,2.35733911102553,26.3116217771041,12.22865338794,438.219368419467,3
2025-09-04 18:43:00,0.1674270741438,7.0897864443487,2.3904706665831,22.1776228893724,12.6750543093102,440.33075838924,3
2025-09-04 18:58:00,0.173575866721,10.0176217778722,4.0492493332593,16.5142853337433,12.5485903554105,438.002166463,3
2025-09-04 19:13:00,0.1783218444848,11.0792097774752,4.622068444369,12.7983340003098,12.4917222912268,436.969730305387,3
2025-09-04 19:28:00,0.1851152556275,11.3590662220333,7.21058044468796,9.88005888834706,12.4037576766223,442.89681769075,3
2025-09-04 19:43:00,0.206248255609133,11.5281255555413,7.43107377807373,8.8006273331348,12.2528110864829,453.390878088144,2
2025-09-04 19:58:00,0.205339218562,11.0166551111121,7.55714511137886,9.86115399974813,12.4419311466865,448.631221297027,2
2025-09-04 20:13:00,0.185328066723,11.4202219999382,7.5341526669708,9.20305799970886,12.3396364755062,445.827494562174,2
2025-09-04 20:28:00,0.192631922237933,11.2937397777771,8.0562220002209,6.1597626666577,12.3681557949583,452.82346615408,2
2025-09-04 20:43:00,0.193968307432067,11.5310311111475,7.92230200019097,6.2145457777775,12.4104770161635,456.04749969233,2
2025-09-04 20:58:00,0.2049503407853,11.6079897777622,8.09220488905933,5.92685977776286,14.0858557958633,456.06609158366,2
2025-09-04 21:13:00,0.215192296362267,11.7357704444015,8.47607866679913,5.07134066668926,14.5082711596007,457.97974395817,2
2025-09-04 21:28:00,0.216518692674967,11.0433824446392,8.65803600010437,5.09384466667913,16.3097526780962,459.202472818407,2
2025-09-04 21:43:00,0.2225598556098,11.0518955556417,8.67093844456077,4.93871933332686,17.6797601750357,465.468391546637,2
2025-09-04 21:58:00,0.2185708815397,10.6581411111,9.1743797776286,5.61018711110303,17.6781719890313,469.60621761963,2
2025-09-04 22:13:00,0.229065977824733,10.7830395554953,8.97263044430736,5.84274911114043,19.1519145088738,466.915021938507,2
2025-09-04 22:28:00,0.229512681525533,10.7278282221109,9.38401022201653,6.01892355559423,20.0794268414719,472.793014228023,2
2025-09-04 22:43:00,0.231519785233833,10.8042128886554,9.70476533310416,5.3845602222324,20.2984967914939,470.206189231687,2
2025-09-04 22:58:00,0.229398340784067,10.7671133331298,10.3349000000645,6.01880488887464,20.7066862535853,474.373591862177,3
2025-09-04 23:13:00,0.230853948192433,10.7524224442233,10.2272868889435,6.0715477777787,20.6163617917516,479.085647213867,3
2025-09-04 23:28:00,0.226428955597834,11.2888822221099,10.6968186676953,6.037836666639,20.5511635299402,490.61032372337,3
2025-09-04 23:43:00,0.227366837075067,11.3143715555164,10.5558104454363,6.02367399998163,20.6968586216483,522.08452741573,3
2025-09-05 00:13:00,0.218675022266967,10.6839615554893,9.03847333337754,5.93408577773417,19.8995224214475,476.144131401207,3
2025-09-05 00:28:00,0.216584655581233,11.033195111163,9.8104308897912,5.91093444438087,19.676128115499,488.783250958074,3
2025-09-05 00:43:00,0.213062700021367,10.4448735554083,7.90016222222651,5.97062711104683,19.308676352389,525.617449165164,2
2025-09-05 00:58:00,0.196070303712367,10.8271851112915,9.7802913342639,5.9840402221536,18.5687275890599,489.521787845247,2
2025-09-05 01:13:00,0.191250385202267,10.7212386668345,9.77120244526033,6.07268755547257,18.0794471254272,475.87987731702,2
2025-09-05 01:28:00,0.188565585195533,10.3629855558192,9.5714002229565,6.10017688880403,17.8927933357056,521.13683993673,2
2025-09-05 01:43:00,0.188583718529033,10.0353773335416,9.35072711200277,6.0696248888353,17.8108913246448,520.73758264675,2
2025-09-05 01:58:00,0.1843164889055,9.9811700002204,9.5192806675246,6.12136844439167,17.5096039330744,523.562459062227,2
2025-09-05 02:13:00,0.184258133345533,9.96790177797877,7.54778688915668,6.083846444386,17.5457466942054,523.719629709227,2
2025-09-05 02:28:00,0.1881895259361,10.2904826668683,6.63359044470217,6.02293755549046,17.5142637070006,489.51698037292,2
2025-09-05 02:43:00,0.184087925938933,10.1066742224296,7.80986977788717,6.1221764443712,17.1991143380287,520.553586288153,2
2025-09-05 02:58:00,0.188144674090267,10.1978897780229,6.96610222245181,6.09489066661137,17.5465558058077,524.793462571737,2
2025-09-05 03:13:00,0.181416848159367,9.82557177795843,7.42247466679037,6.32555822219553,17.1728186817579,517.36893528437,2
2025-09-05 03:28:00,0.1792918851832,9.42372688904453,7.20987155567734,6.10497799993953,16.1540992801198,520.86529037894,2
2025-09-05 03:43:00,0.179973529634333,9.56931533346457,7.64399266677954,6.36487977773577,15.9792268464706,517.739487214907,2
2025-09-05 03:58:00,0.1725653814785,9.11707244454313,6.22861555579897,6.22811222219767,15.47260290942,517.408625255583,2
2025-09-05 04:13:00,0.172362985181767,9.17816444458023,6.92578022236431,6.0856282221464,15.1040137566115,520.530143883193,2
2025-09-05 04:28:00,0.169946392583967,9.1628340001508,7.12374444455371,6.25500311107697,15.0224558641994,517.31347045951,2
2025-09-05 04:43:00,0.170781637034867,9.1515664445873,7.45104777789384,6.42076155551273,15.1232709040804,517.409479060747,2
2025-09-05 04:58:00,0.172713562962933,9.2159426668073,7.36328777791084,6.4058506666161,15.1404978332712,521.15010535881,2
2025-09-05 05:13:00,0.1723730444404,9.26791311126653,7.0998175556706,6.27312488885823,15.1113251649581,517.749815105377,2
2025-09-05 05:28:00,0.1706582296273,9.14744333349066,6.989811777892,6.393144444404,15.0826678512244,517.543519459713,2
2025-09-05 05:43:00,0.170637923655767,9.04163800016573,7.13246533344541,6.37657355551553,15.1302606018465,517.20787349622,2
2025-09-05 05:58:00,0.1709424888823,9.23158444461176,6.9321437779239,6.37737999996207,15.2502344638446,517.335494892943,2
2025-09-05 06:13:00,0.1709781481479,9.18249688904163,7.5168593334489,6.42324555550617,14.9625958588114,517.50877818638,2
2025-09-05 06:28:00,0.170229479208033,9.05574688905596,6.89193133348044,6.33156844440217,14.8545064782772,517.33854503401,2
2025-09-05 06:43:00,0.1720893703623,9.1351524446247,6.91687422236654,6.3281582221977,14.9270254642405,517.277149895287,2
2025-09-05 06:58:00,0.1731808592495,9.2529551112614,7.57526244453081,6.14100755549326,14.9545804088741,516.986126796133,2
2025-09-05 07:13:00,0.175178362957933,9.2605715556853,7.58090488898617,6.41735577773576,15.0387080884271,517.530379328863,2
2025-09-05 07:28:00,0.173573222216567,9.17323533346616,7.47010466678093,6.4257266666199,14.914315148557,517.31602748454,2
2025-09-05 07:43:00,0.1712417629622,9.10244133348196,7.30190488901011,6.42993177773147,14.6514867364317,517.10834925631,2
2025-09-05 07:58:00,0.180070159274433,9.27153533348613,9.08977711169542,6.4922386666192,14.8320203975422,517.4805931898,2
2025-09-05 08:13:00,0.179472259270433,9.18971422236573,9.12737377855726,6.4766688888325,14.5589257531272,517.135671104387,2
2025-09-05 08:28:00,0.1805432814896,8.65557933341582,8.98586955644677,6.620772444417,13.797302313881,516.951881275127,2
2025-09-05 08:43:00,0.179870162982433,9.52430866684253,9.60555222317963,6.76712711105323,13.7600436744689,517.639573440143,2
2025-09-05 08:58:00,0.179688400016667,9.66619311131673,10.1553271119904,6.84110399991476,13.5491115351488,520.2397442738,2
2025-09-05 09:13:00,0.1816046000238,10.1722960004405,14.093945332556,7.05569333330163,13.8589464075898,477.569721931973,2
2025-09-05 09:28:00,0.177135711130167,10.4309797782971,14.174092221489,7.89062911112573,13.9897647483172,473.302758819487,2
2025-09-05 09:43:00,0.1585253963555,9.88319066716216,14.2660504436435,8.68035177785917,13.1857218481924,457.689935584137,2
2025-09-05 09:58:00,0.142713640781933,8.6456544448573,14.2485797770034,9.0972868890108,11.5067854094063,456.759587325707,2
2025-09-05 10:13:00,0.142918908828333,7.94981177808443,14.1672546658939,9.60060022232596,9.66005010019472,454.816228350127,2
2025-09-05 10:28:00,0.1405214148105,7.79638177805884,14.2942942215336,9.85245622233793,9.46616356032702,454.201734331673,2
2025-09-05 10:43:00,0.140885318514733,7.52326488912367,14.2628213326285,10.2903144446002,9.55215867439872,452.056582869786,2
2025-09-05 10:58:00,0.138826592583467,7.2963220002433,7.35445777768599,10.6392744446336,9.93376070289969,452.210515491503,2
2025-09-05 11:13:00,0.138107133323233,6.9012060001674,9.16327400043957,10.4022022223813,9.97382199012865,452.510627474663,2
2025-09-05 11:28:00,0.1366279629642,6.71192777790886,9.04624844495896,12.5962140000509,9.92972452747011,452.189852724053,2
2025-09-05 11:43:00,0.135685288895133,6.17636000001906,9.00990311188971,15.6677113329989,9.0839430462885,447.304383899323,2
2025-09-05 11:58:00,0.134588314540533,4.86861666667573,4.30705497414104,16.9730055552881,8.73789348198813,444.245541364062,2
2025-09-05 12:13:00,0.133508692308133,4.23458170942049,3.99962899124147,18.2587853333736,8.64664415013947,443.640545446932,2
2025-09-05 12:28:00,0.131887710543067,4.13704852993533,2.6688484785887,21.9908008884847,9.27038980787169,440.777099214039,2
2025-09-05 12:43:00,0.1338533311123,4.50053347020227,1.56724329910557,25.665369555422,8.8344854262139,438.592016464683,2
2025-09-05 12:58:00,0.133588982965534,4.4452049573771,1.569343726468,25.5094819999416,9.02661576513146,438.41097436568,2
2025-09-05 13:13:00,0.132190197773933,4.32732902574107,1.4908923760296,28.587534888964,9.0350879132886,436.955809860691,2
2025-09-05 13:28:00,0.1307091088833,3.4568823077304,1.09124311106527,33.4103162729343,9.29289207789752,433.61484772894,2
2025-09-05 13:43:00,0.1333826444792,3.296523829127,1.153000888897,31.667041452857,9.75287552828456,433.25277318523,2
2025-09-05 13:58:00,0.135972074091333,3.41457338468117,1.27277929916097,31.491797999997,9.32117377669504,433.039073091713,2
2025-09-05 14:13:00,0.133510381520733,3.19821167527037,1.23982444444263,31.11817434176,9.97621161977615,433.466081690027,2
2025-09-05 14:28:00,0.1334271703997,2.96517234193406,1.20645577777967,31.2037490084793,10.1252245899509,433.76607608647,2
2025-09-05 14:43:00,0.1337634148428,2.90661550432146,1.0875831111234,31.8567959314153,10.0956030896016,433.21031042694,2
2025-09-05 14:58:00,0.133092081512533,2.98477781195296,1.0939455213546,34.023120495105,10.1430419608727,432.496453932803,2
2025-09-05 15:13:00,0.133726392623733,2.95695357259843,1.0477384444721,36.1345271109443,10.7857588363335,432.30332480169,2
2025-09-05 15:28:00,0.1416524889021,3.67779935038373,1.6727284443904,36.2567608886156,11.4824744222567,432.390465686874,2
2025-09-05 15:43:00,0.1342139407527,3.12666582657713,1.12687244446527,37.9582379999956,10.8363508172417,432.589031940284,2
2025-09-05 15:58:00,0.133730207419,3.15139227102313,1.0884900000249,38.402550888949,10.5580952714115,432.151743240787,2
2025-09-05 16:13:00,0.145197985215933,3.91234023807357,1.71031266660824,36.050389999887,10.4338170038873,432.615017170947,3
2025-09-05 16:28:00,0.1379813703853,3.4541295872589,1.34683666664703,36.4066384447027,10.5751586297622,432.20898574023,3
2025-09-05 16:43:00,0.147682985213467,3.85334623928613,1.708596222152,39.5317299999987,11.832113218894,432.94049746052,3
2025-09-05 16:58:00,0.1437862963254,3.92658755552747,1.65607844438274,38.175772222348,12.2403776026871,432.239253103304,3
2025-09-05 17:13:00,0.140376051852633,3.25086535038473,1.50999333329457,42.5965157776604,13.7136654383661,431.95788099528,3
2025-09-05 17:28:00,0.1410597999981,3.3035091281634,1.51290777774394,42.328945777441,13.0257366502335,431.951212196087,3
2025-09-05 17:43:00,0.140172918520167,3.27120468372309,1.51771311107784,42.8966547007057,13.7283763113454,431.798989751647,3
2025-09-05 17:58:00,0.148203844453667,3.7870522222222,1.54047644438464,46.468481419257,14.4377358073992,432.078077839073,3
2025-09-05 18:13:00,0.149269962992966,3.75005644441247,1.50150711103077,46.6864842160599,14.6450110616475,432.647807985967,3
2025-09-05 18:28:00,0.1528552815035,3.5481628888995,1.46909533326984,44.5194609232944,14.4903365298626,432.22011575092,3
2025-09-05 18:43:00,0.163365155599733,5.52603006349967,1.48149311100943,38.546426221947,14.3905695958753,433.483890706647,3
2025-09-05 18:58:00,0.1711199482256,7.81658020634727,1.8892342221498,30.6320519996131,14.4509503055873,437.225240167873,3
2025-09-05 19:13:00,0.182176807518133,8.38698466654117,2.2954964443765,27.180108443457,14.6605171402717,441.666806475553,3
2025-09-05 19:28:00,0.187793251941333,10.0101039996993,2.51376488881877,24.1826439995229,15.2007084013979,441.351596583613,3
2025-09-05 19:43:00,0.202738900066333,13.1624082223293,3.6361046666545,17.7758191115122,15.0693884648861,454.43833689743,3
2025-09-05 19:58:00,0.202829329693533,12.0505022221756,4.43842266673134,17.0416222225411,14.5836633974185,454.035614371827,3
2025-09-05 20:13:00,0.192702248228133,11.784015777779,3.8327282222295,18.0026726668496,14.1372949101203,448.598412986604,3
2025-09-05 20:28:00,0.208418737109466,13.5952733333784,6.06276422236106,13.0055655557538,13.899803831075,453.50912863695,3
2025-09-05 20:43:00,0.210316455630367,15.0557622230443,6.28834844458312,10.8223608889801,14.3723338758407,454.773300329947,3
2025-09-05 20:58:00,0.209138229697667,13.968472444506,6.7423586668498,9.284660888908,13.9448659013426,454.143821230417,3
2025-09-05 21:13:00,0.2084370148607,12.3198415555852,7.62733733357193,7.99099422200394,13.9162100121409,458.608010373074,3
2025-09-05 21:28:00,0.211815777834733,12.1510575555425,7.59347022245753,8.33610222198554,14.4442996697161,457.08138498124,3
2025-09-05 21:43:00,0.216263307474233,11.9409246666988,7.92294577796233,6.60269977775037,14.7954339231557,462.506529781477,3
2025-09-05 21:58:00,0.219068300059867,11.9980562223187,7.8960028890752,6.894866444416,15.6507527235664,456.642756687767,2
2025-09-05 22:13:00,0.219504181549667,11.6066848890371,8.09390688898113,5.03069999998629,15.6617498025839,466.674579654907,2
2025-09-05 22:28:00,0.2164382111724,10.9988906666437,7.98518111124803,6.78004355547333,15.7559610787945,469.69488918541,2
2025-09-05 22:43:00,0.219170274138933,10.5451566665721,7.89428577788466,5.50280577775253,15.6067681743973,473.72128095506,2
2025-09-05 22:58:00,0.212173518567733,10.4115168888001,7.87637911118486,5.85836022219833,15.6395172571112,471.699345881907,2
2025-09-05 23:13:00,0.205686448168533,10.4665673331955,8.16340688878727,5.37626133329517,15.8928198775341,470.850690998274,2
2025-09-05 23:28:00,0.2021206889077,10.3185822221074,7.8485528887692,5.9774608888534,15.9950912180788,486.205326134197,2
2025-09-05 23:43:00,0.196996529639767,10.0796595554145,7.68766511106887,6.18701866664077,16.4841117335559,478.87887506682,2
2025-09-06 00:13:00,0.201444659258133,10.2852277775521,8.56696355541674,6.20213066667083,16.2250793636921,520.764821384367,2
2025-09-06 00:28:00,0.202555525924133,9.99156777760238,8.39236466652331,6.22244888889967,16.8174856241472,521.064677574344,2
2025-09-06 00:43:00,0.2118840703872,10.4713508886804,8.57097133321394,6.1852991111136,17.1392459424096,521.31687158397,2
2025-09-06 00:58:00,0.2103294259423,10.2200911109759,8.75403022210327,6.2003268889082,17.3809707905004,522.471533474014,2
2025-09-06 01:13:00,0.2196181111685,10.4027524442738,9.38408911107477,6.13975844446174,18.6255090849778,521.505724760874,2
2025-09-06 01:28:00,0.2283261333674,10.9438046665454,9.4517580001134,6.1316362222034,19.4088438356167,518.153261594474,2
2025-09-06 01:43:00,0.2263376222555,11.1077628890147,10.7300126676963,6.14072911109793,19.6020365310794,517.921695270484,2
2025-09-06 01:58:00,0.2275712370792,11.1800806666064,10.2748464452946,6.13245155553983,19.573276763685,518.412743305214,2
2025-09-06 02:13:00,0.228865259296667,10.8327573333339,9.99600844446597,6.18516044444177,19.7007541419934,518.41876996618,2
2025-09-06 02:28:00,0.220673111155567,11.2753306668822,10.8460626677424,6.1805026666503,18.9003366651913,518.65709339415,2
2025-09-06 02:43:00,0.222314922264533,11.0671177779755,10.6429237788612,6.47830066667403,18.549241652795,518.12671899544,2
2025-09-06 02:58:00,0.2233631630047,11.1499628891284,10.4630266676214,6.5753542222276,18.5393876519232,518.72426327425,2
2025-09-06 03:13:00,0.222496962999533,11.2113557780589,10.635997112137,6.48948888889537,18.7049653181638,518.390857532617,2
2025-09-06 03:28:00,0.223368111150567,11.211123333596,10.7838068899626,6.49013755554973,18.8560385906538,518.654998237303,2
2025-09-06 03:43:00,0.211761251867833,10.9794284446545,9.92867044510479,6.58892155550993,18.4337912492882,518.534352175037,2
2025-09-06 03:58:00,0.2201630852286,11.0395117779682,10.5157682232844,6.5226655555692,18.5260245618663,519.00765944203,2
2025-09-06 04:13:00,0.216810748159333,11.0540717780844,10.1401295564707,6.5141402222326,18.175555672578,519.49229874486,2
2025-09-06 04:28:00,0.207283022225467,10.696471555766,10.0050837785941,6.57898533332067,17.8935550751475,519.980370113727,2
2025-09-06 04:43:00,0.207932800002033,10.9199773335045,10.0714402229893,6.57420133330067,18.5842639135837,519.400399458953,2
2025-09-06 04:58:00,0.212201659274467,10.8681855557826,10.0339895565443,6.53479200000107,18.5197914423705,518.91236024692,2
2025-09-06 05:13:00,0.206070844452633,11.06490911132,10.1107171118788,6.43421399997207,18.5916035595769,518.34726745325,2
2025-09-06 05:28:00,0.216259614827833,11.0290955558393,10.1151168897629,6.26037799996247,18.572818733005,520.378824588607,2
2025-09-06 05:43:00,0.205276466668767,10.8242193335066,10.1553948898505,6.51050355554963,18.3609331687574,518.823016954857,2
2025-09-06 05:58:00,0.2030542444431,10.8070882224059,9.88394866751299,6.50064133331887,18.0933087254205,518.28189093505,2
2025-09-06 06:13:00,0.197576162976633,10.5953893334945,9.51778733393563,6.5158502221562,18.26061303909,518.50171517253,2
2025-09-06 06:28:00,0.200676244449433,10.7367111113082,9.62774555617096,6.4949091110553,18.5325223057519,517.989496498157,2
2025-09-06 06:43:00,0.1945960518692,10.5204213335125,9.69833777869473,6.3863033332853,18.1617891908854,518.11981838338,2
2025-09-06 06:58:00,0.193212807423733,10.5337251112748,9.48903400060303,6.49632599992553,18.1684760678041,517.840460710804,2
2025-09-06 07:13:00,0.196658562971833,10.6418893335352,9.82402733402913,6.362045111045,18.3881346791051,517.427313569883,2
2025-09-06 07:28:00,0.195244385196466,10.5969200002148,9.7858191118149,6.40116577770883,18.0011822560151,517.860121202643,2
2025-09-06 07:43:00,0.193667296314867,10.6561644446471,9.82418800070143,6.32533488882893,17.9505015538549,517.680972228934,2
2025-09-06 07:58:00,0.1946430963127,10.4892702223934,9.75049355629143,6.39209422215913,17.8333585675641,517.86432958262,2
2025-09-06 08:13:00,0.202702266663567,10.5241080001283,9.8238297787037,6.50078133334567,17.2372688647427,518.444393210387,2
2025-09-06 08:28:00,0.220060655599567,11.5635597780796,11.2443140012095,6.71423288886293,17.5222120985871,519.78715659131,2
2025-09-06 08:43:00,0.220807014859267,12.1252266674624,11.8074986676736,6.99948933335854,17.72920401477,493.385013024479,2
2025-09-06 08:58:00,0.216596948189233,12.2818028898015,12.2464920011857,7.2843317778644,17.5524345180916,485.516701159126,2
2025-09-06 09:13:00,0.1872607111803,11.5947946676737,10.9003253341568,10.2020717778069,17.1688185676162,462.259941584934,2
2025-09-06 09:28:00,0.1655554222921,9.96872888934647,10.4872382229861,9.46969111117822,14.8772476034242,453.50393319541,2
2025-09-06 09:43:00,0.159993644519367,9.03941577817397,14.2862366658597,9.56881333341376,14.5350904935727,451.956250697017,2
2025-09-06 09:58:00,0.155447503779167,8.97805266698863,13.7892731104036,9.76060222226989,14.7152218234675,451.88840161167,2
2025-09-06 10:13:00,0.1447590741311,7.95777466689917,7.99304777761767,10.2203824446324,14.4642746532782,453.387868593246,2
2025-09-06 10:28:00,0.138310812582067,7.08354777793906,9.19294111155213,10.5916742222383,13.8454160422381,451.42326678557,2
2025-09-06 10:43:00,0.1379485852337,6.0647017778627,9.05424644516063,11.7369044443863,11.7492274328421,451.47211491925,2
2025-09-06 10:58:00,0.1446517926501,5.42009200004243,8.63115377844261,12.4509777776462,11.3898762486213,450.529279047499,2
2025-09-06 11:13:00,0.1340903607496,3.7817541709455,4.2798964442217,16.2248388881357,11.1699937256945,443.971165092106,2
2025-09-06 11:28:00,0.134950620005567,3.9584788376176,4.17363399978241,16.4725319994691,11.2856965881534,444.633215452666,2
2025-09-06 11:43:00,0.137634625970667,3.99649355560203,2.02463266663913,23.3461848886107,11.3603128560713,441.902071849859,2
2025-09-06 11:58:00,0.136157622237034,3.1217975385141,1.5760682051456,26.8367308035527,11.5010121649949,436.188463169324,2
2025-09-06 12:13:00,0.140964125948533,3.27145972653473,2.0313339828405,30.8951841368393,12.3011359822854,433.922448844297,2
2025-09-06 12:28:00,0.141799659268833,3.55390022217813,1.73010422214984,37.3497784447554,13.4774985182684,434.27033241649,2
2025-09-06 12:43:00,0.152942703711967,3.62383647615626,1.652873555477,42.8114304786957,14.4229756163949,432.972547036274,2
2025-09-06 12:58:00,0.151763592586033,3.66393599994573,1.65771977769714,46.9015131331742,14.7686116117799,432.475004892394,2
2025-09-06 13:13:00,0.139454133329967,3.0985926666057,1.53239933327967,42.9443451450404,14.1389545854208,432.201094681817,2
2025-09-06 13:28:00,0.147710718498767,3.51954092058763,1.57581511104177,42.744506256309,14.0589707579884,432.570345678904,2
2025-09-06 13:43:00,0.150804459253367,3.6578091598998,1.62149822213664,42.3233273673787,14.2986806106364,433.669247087237,3
2025-09-06 13:58:00,0.156094466682733,3.8332400487851,1.6107395554754,44.0085451455774,14.7268690432878,434.285327377837,3
2025-09-06 14:13:00,0.1607322147944,4.0492782539393,1.59320844435924,43.6547866669113,14.7473372934016,433.727303091363,3
2025-09-06 14:28:00,0.162966644427867,4.88141803171573,2.0351595554454,43.6911307010837,16.4446416176436,434.136295663217,3
2025-09-06 14:43:00,0.160211199981,4.27167515987353,1.9505644443697,53.3027941604575,17.2413357176004,433.463535565534,3
2025-09-06 14:58:00,0.154209785192333,4.07148960433877,1.6192451110275,44.2384873678024,15.8360791508968,433.55318947359,3
2025-09-06 15:13:00,0.152755348173867,4.9940260317184,2.06466999991337,44.042627367634,15.6435138546456,433.20718552854,3
2025-09-06 15:28:00,0.1537202444577,4.79676736503737,2.0595577776885,43.9824324788147,16.4728551777452,433.436334541033,3
2025-09-06 15:43:00,0.1626766666298,5.40058047619717,2.4932819999406,43.7994951454313,17.2557545551188,433.561754819167,3
2025-09-06 15:58:00,0.162367414780733,5.33987914284077,2.49799199994283,43.8880251454447,17.4004383248737,433.518432004437,3
2025-09-06 16:13:00,0.221709466654134,5.96093358731633,1.94531333325004,43.1001497779833,17.6141384779878,431.69551464881,3
2025-09-06 16:28:00,0.228221866663367,5.898059142863,2.12798022212814,43.327046034322,18.9817519652702,432.156502114744,3
2025-09-06 16:43:00,0.152053222251867,4.71241203169954,1.87421955545934,44.0056884787737,16.2232201570226,433.09064410863,4
2025-09-06 16:58:00,0.1523155630085,5.26047292062083,1.6776799999016,43.171597367752,15.7649584730542,432.049467202081,4
2025-09-06 17:13:00,0.1544380222569,5.88987469842886,1.8262786665696,42.986384478792,16.2868414952179,431.602398993591,4
2025-09-06 17:28:00,0.152345577823833,4.68338092058197,1.48446399991337,43.041212478901,14.5967163615187,431.548622961907,4
2025-09-06 17:43:00,0.151159185236233,5.0253973650417,1.18463022215807,42.1702713675727,12.6248713128407,431.32906087075,3
2025-09-06 17:58:00,0.150940851898967,4.77487733328407,1.2307728888294,42.1535922564837,12.4198659076085,431.275961793794,3
2025-09-06 18:13:00,0.155765511167033,6.36648555556163,1.28042133325283,42.4019086669163,12.529484436167,431.95368573942,3
2025-09-06 18:28:00,0.158855103755367,6.98528444435519,1.40527066658227,42.452686889108,12.4696617488855,432.370056711273,3
2025-09-06 18:43:00,0.163850718548933,7.91580022215843,1.3980513332432,39.9227662225973,12.514409703708,432.61216136761,3
2025-09-06 18:58:00,0.169744985227667,7.94129022217213,1.56896666658094,37.3735597777247,12.3970157701745,433.457828570684,3
2025-09-06 19:13:00,0.187070548242833,8.76632066665401,1.90313755550427,28.6788508892699,12.4027683233055,439.126123790184,3
2025-09-06 19:28:00,0.189726970471267,8.5697473333331,2.142980444411,27.6613448892256,12.3608489931821,442.451071924977,3
2025-09-06 19:43:00,0.215003992679066,9.80585177769373,2.6680695555276,23.7860695547954,12.430158359725,456.138047451493,3
2025-09-06 19:58:00,0.195671918625167,10.2533124442735,2.81342577774007,22.014822666505,12.5389969600492,443.92167121432,3
2025-09-06 20:13:00,0.213649088965133,10.5385591109881,2.97014288886403,19.607772444819,12.4069704418122,454.436903688033,3
2025-09-06 20:28:00,0.220563570430267,11.3638995556639,5.90750488903413,14.2926684442441,12.7248985722998,460.6711493054,3
2025-09-06 20:43:00,0.222526311167533,10.8133717780137,5.78423400016183,15.017839333241,12.7075438293169,456.58021386721,3
2025-09-06 20:58:00,0.220498063000133,10.7873153336505,6.4918926668295,11.7304420001219,12.8838891438232,460.784960047063,3
2025-09-06 21:13:00,0.219100633373967,11.0295688891891,7.87766711141886,8.7727488885541,12.9020666807722,463.066425811714,3
2025-09-06 21:28:00,0.215597522271167,10.5306755558322,7.89801333363026,8.64526355523183,12.7490994200516,470.49525007529,3
2025-09-06 21:43:00,0.215578300044233,10.539552000161,6.71704600015399,13.029230222441,13.2781734164912,467.885502605914,2
2025-09-06 21:58:00,0.215002707457867,10.5893904446197,6.41935088902893,14.6742424444452,13.3187548563658,461.237626390923,2
2025-09-06 22:13:00,0.218508885227767,10.7064913335726,7.01663155574176,10.6290704443467,13.3250743886026,465.783290160367,2
2025-09-06 22:28:00,0.220968718587467,10.7873842225211,8.9721288890533,6.22028755558426,13.1379413659962,522.081110392074,2
2025-09-06 22:43:00,0.220377196360767,10.7019884446743,9.2160648890096,6.38901911113916,13.1824987569434,525.674327995324,2
2025-09-06 22:58:00,0.2201062074773,10.8292811112848,9.09472466680333,6.7573619999921,13.644969026941,493.342768728917,2
2025-09-06 23:13:00,0.219618033385967,10.6393380001958,9.27824533334336,6.30158688889146,13.3367715604872,522.096941864104,2
2025-09-06 23:28:00,0.217186966721933,10.7204566668197,9.28823866671813,8.80877733298253,13.7586561627304,525.58744771858,2
2025-09-06 23:43:00,0.220506244479933,10.7584688889651,7.00813577773854,16.7452277778677,14.0194078541569,461.117649311953,2
2025-09-07 00:09:00,0.220123566722933,10.7879324445465,9.99469799992726,6.49566088892173,13.760120940909,497.68797705104,2
2025-09-07 00:24:00,0.217895103752967,10.9825882223724,10.101765555615,6.19325799997534,13.8896230338885,479.833903085473,2
2025-09-07 00:39:00,0.211590581506033,10.6982775557217,9.68978111113147,6.15203288888887,13.8044157442282,492.466976044534,2
2025-09-07 00:54:00,0.215228514845533,10.8757068890856,10.0233719999969,6.2364951111087,13.7940523222122,521.518248396087,2
2025-09-07 01:09:00,0.219509900041467,10.9005795557626,10.3616771111125,6.18365422222694,13.9125458048102,521.090951236434,2
2025-09-07 01:24:00,0.215693433357533,11.0398562224956,10.8137086674167,6.22121977775823,13.821085183042,518.196274715164,2
2025-09-07 01:39:00,0.219842300057333,10.7674277779481,10.4687257777726,6.22812911111593,14.0229670612828,497.252450872197,2
2025-09-07 01:54:00,0.2190341259714,10.9563304446502,10.4516331111662,6.16864066665867,14.1554379603813,485.68608353664,2
2025-09-07 02:09:00,0.220955955600633,10.9818262224406,10.7230944444688,6.2297708888894,14.0819140439638,518.036296545664,2
2025-09-07 02:24:00,0.219999888928533,10.9645662224903,11.297518222981,6.1658540000016,14.3797715794868,519.08092512549,2
2025-09-07 02:39:00,0.223642622269934,11.0375940001429,10.5677622222034,6.18623488890094,14.4885024580683,527.604650725484,2
2025-09-07 02:54:00,0.223036292644,11.1464193335093,10.5430791111656,6.2075953333207,14.9996567863716,483.16589202363,2
2025-09-07 03:09:00,0.220784622265867,10.8888048890139,10.5670577777825,6.1957722222351,14.5956588024163,477.636168805797,2
2025-09-07 03:24:00,0.215863288934533,11.4931922226009,11.9786346679848,6.20122088887903,14.2531734435372,472.20001345263,2
2025-09-07 03:39:00,0.173258896288366,9.85045422230383,7.1689346664835,13.9549588891782,10.263266800392,439.180769425517,2
2025-09-07 03:54:00,0.1517091037312,7.7098656068581,9.55280933396742,11.5537424438704,8.55340295419271,440.664371381857,2
2025-09-07 04:09:00,0.1473648074289,7.42550880349474,9.38302422292843,10.168881110831,8.31211340220393,443.51446295197,2
2025-09-07 04:24:00,0.1437393926204,7.75798511121864,9.40683400086273,8.71887022223155,8.23166506020505,444.045776707977,2
2025-09-07 04:39:00,0.1418107481643,8.41466000010058,8.91956266732393,8.00966822226882,8.01010704920986,445.569203778023,2
2025-09-07 04:54:00,0.14571187039,8.66274911130024,8.80979844491726,8.07709888892906,8.1432269460641,445.23025217212,2
2025-09-07 05:09:00,0.1381787963023,8.44089888907654,8.5928213337144,8.19616666671469,7.87138497265283,445.07395364201,2
2025-09-07 05:24:00,0.144485977799767,8.52106688905751,8.3339577782236,8.26334555559735,7.75238518728464,445.04858921701,2
2025-09-07 05:39:00,0.1384677037029,8.73419888902697,8.63058111180557,7.80351155559276,7.71650273488891,445.35968749153,2
2025-09-07 05:54:00,0.1390531111171,8.37823755564503,9.03556377867307,7.69799111114779,7.47830341242285,444.477263294693,2
2025-09-07 06:09:00,0.1506660495798,8.8827477779797,9.57140800089226,7.01237911108889,7.42007727404381,447.975063984703,2
2025-09-07 06:24:00,0.1579759680874,8.64921333349697,9.71506488990423,7.06088911109589,7.18403271027694,454.87641580414,2
2025-09-07 06:39:00,0.1410578125506,8.85670933350823,9.5455235564452,7.2781822222208,7.36010893945404,446.666026673893,2
2025-09-07 06:54:00,0.139335918523733,8.88845377796246,8.84841444496866,7.64343933336173,7.1548698522445,445.31633754445,1
2025-09-07 07:09:00,0.1467562074302,8.70395133344243,9.4243335565276,7.47680311111366,7.37156852332392,445.782236519437,1
2025-09-07 07:24:00,0.145177108837166,8.9022108891309,10.10444155654,7.30246822222433,7.20626146769377,447.53285155545,1
2025-09-07 07:39:00,0.155187442174233,8.92723600021686,10.0259000010224,7.20417511111696,6.87031780820803,450.951531493473,1
2025-09-07 07:54:00,0.1418901236599,8.90751377801139,10.1785464453423,7.75009888890253,6.8174340261769,448.784450272236,1
2025-09-07 08:09:00,0.143221022248967,8.82450755575293,9.49274177838763,8.45571466674125,7.07102008047148,447.639139599807,1
2025-09-07 08:24:00,0.1464442889321,9.03011777812626,11.2116906678915,7.8396008888802,6.7863083860442,453.875053812443,1
2025-09-07 08:39:00,0.144583540798233,8.7138946668668,10.1588022229749,9.33744466672162,7.26865712213627,452.642288629823,1
2025-09-07 08:54:00,0.141624751884967,6.29638066675546,9.20457666711723,10.1062166663709,7.53093240306375,452.053768809446,1
2025-09-07 09:09:00,0.1403517852149,6.46644444455556,7.4505917777419,10.6459897773961,7.13098346123202,447.737673652626,1
2025-09-07 09:24:00,0.1380571014641,5.95045577782973,9.0829880004409,11.0666539994095,6.84431718818405,445.924765962363,1
2025-09-07 09:39:00,0.139962801167967,5.8038744445017,7.48870199996896,11.5662286659938,6.5714994073715,444.769735533656,1
2025-09-07 09:54:00,0.1396022307972,5.79506822229697,7.46063799997397,11.5673871105124,6.53476228299632,445.41238622449,1
2025-09-07 10:09:00,0.1370745271195,5.41886911112877,8.954682889336,15.0376375545653,7.16008640031634,442.01005796102,1
2025-09-07 10:24:00,0.136357434757,5.2600088888763,8.95444866712167,15.8312775547911,6.86465075412894,440.530674517083,1
2025-09-07 10:39:00,0.1348285703651,5.2114048888572,8.9553457783084,17.9601382217788,6.7869455985753,440.018711759033,1
2025-09-07 10:54:00,0.132709086577567,5.08562422218144,8.8272831116847,20.0052493329121,6.57161033920058,439.729891195613,2
2025-09-07 11:09:00,0.132855308780333,3.0214865128231,8.59783777851197,24.9065486664503,6.55484411334782,434.64488991296,2
2025-09-07 11:24:00,0.133484771838,2.80887806842567,1.8775506666326,33.3437950593283,6.17776788705489,433.175600208024,2
2025-09-07 11:39:00,0.132812192609067,3.60465022218567,2.9548784443331,35.25893688883,6.93619538016079,433.32831039784,2
2025-09-07 11:54:00,0.134094888914233,3.2482759047293,1.3985535555416,35.229180888669,7.5285081505429,433.434594909157,2
2025-09-07 12:09:00,0.1444264444712,3.51755861535077,1.54899222218263,32.009623777637,7.67465973104938,433.410700594224,2
2025-09-07 12:24:00,0.140769503713667,3.4906441269374,1.50821311105887,34.8453792773293,8.04340381946146,434.36864624614,2
2025-09-07 12:39:00,0.1427897777893,3.84784019043873,1.5321739999594,34.7177384442117,7.59907354352834,434.61714568467,2
2025-09-07 12:54:00,0.156138444447533,3.94471441265187,1.63641133328317,34.594101555237,7.7100473671001,434.729536587364,2
2025-09-07 13:09:00,0.168957518496533,3.51628925027386,1.68485022216693,31.265508222064,8.06440608426992,433.477607423637,2
2025-09-07 13:24:00,0.140666918524633,3.08332511114237,1.5435484444144,30.037293333199,7.73886734225291,431.19144105948,2
2025-09-07 13:39:00,0.135289770372433,3.04113075212206,1.54576488885303,31.8004924438333,8.60755116585031,432.0057069589,2
2025-09-07 13:54:00,0.1311821777903,2.75583244440367,1.14435644437947,36.0931657779263,9.5341553149994,431.260030629477,2
2025-09-07 14:09:00,0.1314094962991,2.82674644439407,1.0929177777372,36.411967111,9.77139676833895,431.274729357367,2
2025-09-07 14:24:00,0.1311337333364,2.92941692058584,1.18317422220193,38.7654177777556,8.76444604087173,431.623274788204,2
2025-09-07 14:39:00,0.127340452438167,1.99600097431877,0.584000222185967,39.061755999748,6.85769935275684,431.71961601191,2
2025-09-07 14:54:00,0.126192088935733,2.6436186666078,0.967314888829167,40.3011795553793,6.98434491974385,431.649658396,2
2025-09-07 15:09:00,0.1252776666688,2.6149271110787,0.946195333340733,41.7491004443093,7.27398093603735,431.18089792282,3
2025-09-07 15:24:00,0.126733888886267,2.696226476162,1.00195200004027,42.6298690940547,7.48497189814245,429.74549640435,3
2025-09-07 15:39:00,0.1239703926061,2.78577333330523,1.0001522906489,43.327487931948,7.2265834275438,428.52309258961,3
2025-09-07 15:54:00,0.115187410851353,3.05563288889603,0.945961333403299,43.5206320174513,7.08699761123315,429.04398843632,3
2025-09-07 16:09:00,0.115322121359581,3.13548830769747,0.9146422222701,42.849396000358,6.9553600304821,429.57584200601,3
2025-09-07 16:24:00,0.1352046074114,3.3698893333573,1.09997755552407,42.1994549403327,7.08191345502827,429.874154979413,3
2025-09-07 16:39:00,0.142586281497933,3.99789307692903,1.1031366666278,41.995721145393,7.1048085634265,430.870808444541,3
2025-09-07 16:54:00,0.132738562969433,3.15051278630883,1.13750577775187,42.3884095899677,6.94985655422271,429.958583575417,3
2025-09-07 17:09:00,0.134482681477333,3.36310348715337,1.23396444442107,39.6264691110007,7.15876443383923,429.591328589343,3
2025-09-07 17:24:00,0.128016214821467,3.14076177777563,1.01521911114563,40.9759803245613,7.14668128772558,429.48328017759,3
2025-09-07 17:39:00,0.129887703719333,3.0920059487213,1.0144220000515,40.6459554527747,7.28940200772677,429.50750587743,3
2025-09-07 17:54:00,0.1391402666626,4.42345834919927,1.18567511109017,36.2060097776477,7.24094729086274,430.343541587203,3
2025-09-07 18:09:00,0.1395659111207,4.38976161906247,1.23090733332227,36.5529782220767,7.3264327667851,430.838866428083,3
2025-09-07 18:24:00,0.146593118536267,6.0568985713806,1.5493062222117,30.5552217771813,6.96683752354526,434.18714383348,3
2025-09-07 18:39:00,0.149873496315733,7.30165031732373,1.45429088887587,34.008847999841,6.8895735697167,431.58606018316,3
2025-09-07 18:54:00,0.1489755111201,7.24951222207373,1.4768904444532,28.2543055553507,7.03528338419942,433.05396933295,3
2025-09-07 19:09:00,0.150731429652467,7.24257866655837,1.67315266666613,27.4185775550877,6.77826389183553,434.11923934248,3
2025-09-07 19:24:00,0.148673466648067,8.72382755555743,1.99692177777713,25.0563133330162,6.8943577257778,434.760831506967,3
2025-09-07 19:39:00,0.147302844423333,8.7190795555715,2.34405377774477,23.5441744443617,6.55655052973418,435.782247407023,3
2025-09-07 19:54:00,0.1491835296055,9.7408544444112,2.3922799999702,21.1470300000537,6.37804745560122,436.467451940123,3
2025-09-07 20:09:00,0.145175414777834,9.41548266682247,1.80649111111217,23.5133128887109,6.42894676015555,435.53259704181,2
2025-09-07 20:24:00,0.148581977761167,10.0799575555968,2.93503888883037,17.2027022225063,6.26589765382858,435.02216497334,2
2025-09-07 20:39:00,0.1492167444479,10.7392911111635,3.12826511110254,16.2837173331775,6.37895720673629,437.287496523407,2
2025-09-07 20:54:00,0.148633174080867,10.2771171111232,3.964578666618,14.3877095557563,6.30194104670105,435.635351129904,2
2025-09-07 21:09:00,0.1461103629869,9.95188044419477,4.92603444445026,13.2758420004185,6.06315021428841,436.303167330717,2
2025-09-07 21:24:00,0.148864166708134,9.43449333284452,5.48174600003916,11.8712088889547,6.12825973870206,437.251024638454,2
2025-09-07 21:39:00,0.141830366696567,9.29476733283189,6.80235755577743,10.7543299993491,6.14262909191638,437.401459761561,2
2025-09-07 21:54:00,0.141762737058,9.07139444437669,6.78933333356247,10.5669675552312,6.08373404651817,443.33670096994,2
2025-09-07 22:09:00,0.1463695703963,8.711083777683,7.4405746667405,6.94942733322583,5.97988239073856,444.41618815224,2
2025-09-07 22:24:00,0.1384267630001,8.50671333329443,7.39084177784484,7.5364279998803,6.10375751660556,443.655279077554,2
2025-09-07 22:39:00,0.141580840748133,8.16368822220569,7.53283355557817,6.94114977776043,6.22818705262486,444.59577639669,2
2025-09-07 22:54:00,0.160183219953367,8.20362555552506,7.47274777778124,6.43091311111306,6.07273040731591,459.700140342433,2
2025-09-07 23:09:00,0.160701834771567,7.94399755555429,7.487276222224,6.539753999986,6.18306896592529,467.383791179787,2
2025-09-07 23:24:00,0.160033731064767,7.83386577776495,7.6286382221915,6.49208377778464,6.20021784746274,466.055488566733,2
2025-09-07 23:39:00,0.160696982913167,7.84723888889082,7.6079237777177,6.37802844444036,6.17810666811026,466.20135333435,1
2025-09-08 00:12:00,0.160829108836433,7.59150311113289,8.28559911100696,6.30896777776797,6.35011573707123,471.56782975159,1
2025-09-08 00:27:00,0.161792901419333,7.84574644447492,7.92198533326347,6.34394799998436,6.13801543934634,472.16551569402,1
2025-09-08 00:42:00,0.1599888866048,7.45874822225909,7.58567355555127,6.360475111074,6.20315432211215,468.111347864404,1
2025-09-08 00:57:00,0.1606712273464,7.79301755558622,7.4612831111127,6.33829688886196,6.10950119139045,467.904591807667,1
2025-09-08 01:12:00,0.160841834751367,8.04321466671289,7.56750799997267,6.2848999999522,6.18947145336381,467.888131094784,1
2025-09-08 01:27:00,0.161656708829233,7.94142644450522,7.66119111110787,6.31310711106656,6.17249635153318,470.2876374824,1
2025-09-08 01:42:00,0.160296419938867,7.22407244446959,7.58700999999654,6.46003177775604,6.20306476138492,466.511212639524,1
2025-09-08 01:57:00,0.161432679202933,7.64082777780266,7.408917555635,6.3778077777194,6.17001208999196,473.892678739533,1
2025-09-08 02:12:00,0.161269175496367,8.03532688896076,8.8197060008489,6.29514622217003,6.24695573285379,468.23748277149,1
2025-09-08 02:27:00,0.161541901420033,8.53713844452974,9.33124488984157,6.30571488883713,6.07256540229054,470.82531249175,1
2025-09-08 02:42:00,0.1607028051198,7.55294333336533,7.6025171111915,6.34222533329013,6.25310189496727,471.813812326873,1
2025-09-08 02:57:00,0.164700701410167,8.27743955569137,10.127964001122,6.32872288883696,6.35934095373163,475.422656587527,1
2025-09-08 03:12:00,0.163669901407367,7.23612210257299,7.48454622220863,6.3131197777263,6.27982816996866,474.65148713137,1
2025-09-08 03:27:00,0.166876538452533,7.41572788037679,7.6401962222786,6.30925622216186,6.19994780343849,477.626393265667,1
2025-09-08 03:42:00,0.1611573236288,8.58228555572097,10.1161328900044,6.40359711106226,6.2304059331987,467.213987860217,1
2025-09-08 03:57:00,0.160553575482833,7.37272810260206,7.36938488888953,6.41654533329166,6.16602036417765,466.582062736943,1
2025-09-08 04:12:00,0.162309464370067,8.09509822229753,9.84728577886743,6.34152311106386,6.08322974640863,470.384289370103,1
2025-09-08 04:27:00,0.164600108818333,7.62960743595535,9.55815022324497,6.28910777771833,6.18082445778158,474.748025835147,1
2025-09-08 04:42:00,0.163922523629833,8.7690266668395,10.0813528900092,6.28749799994223,6.0884480159195,474.927629245653,1
2025-09-08 04:57:00,0.167028486598533,8.25368177789017,10.0624213344535,6.32284911105063,6.04671063805624,477.578603534743,1
2025-09-08 05:12:00,0.165968975483233,8.19729288900384,10.0604580011206,6.32655133327036,6.05323014964929,476.84316011703,1
2025-09-08 05:27:00,0.164425997705133,8.54720222238007,10.1003062233411,6.3499491110551,6.23576115461858,475.05175679529,1
2025-09-08 05:42:00,0.1646332273382,8.52314133349077,9.9673957788042,6.37660377771883,6.25118077423553,475.697281056483,1
2025-09-08 05:57:00,0.1676927754769,7.53337321372453,9.71344977884714,6.51762333332526,5.98881052722208,479.854854378726,1
2025-09-08 06:12:00,0.162982731030167,8.50332133349317,10.0726108899799,6.56356177775513,6.32857393063964,473.418033627013,1
2025-09-08 06:27:00,0.164385471781733,8.46934355571857,10.0886048900074,6.34936733327256,6.12676180926855,475.6093282909,1
2025-09-08 06:42:00,0.1625422791838,8.55954733350494,9.95283488991143,6.5867742222013,6.23159224244201,473.323589723343,1
2025-09-08 06:57:00,0.162510086604833,8.74997266681167,9.98489977880229,6.39328977772373,6.12982764171815,468.19915108296,1
2025-09-08 07:12:00,0.165713560670467,8.50404755572884,10.0470482233233,6.61896511107226,5.97964477411135,478.01445922526,1
2025-09-08 07:27:00,0.161542582899867,8.25174182915137,9.8643342233156,6.65965955553439,6.13040564180293,469.28572658705,1
2025-09-08 07:42:00,0.1618451977161,8.7002693335093,10.1217075566689,6.511823555517,6.0837035768986,468.152531578113,1
2025-09-08 07:57:00,0.161495108827667,8.25952466678041,9.8071293343942,6.62979511110336,6.03856295807354,468.349885978237,1
2025-09-08 08:12:00,0.161192768074033,8.23987977790804,9.96573511221036,6.70862066665319,6.02357744913146,468.782349628083,1
2025-09-08 08:27:00,0.162466190309167,8.68814933354633,10.0020773342998,6.64508466664323,5.95818709140102,472.75143662853,1
2025-09-08 08:42:00,0.1620749088273,8.73519955576267,10.1505411122222,6.65522155554639,6.06881939900999,468.566653769017,1
2025-09-08 08:57:00,0.1623034643831,9.03942777800336,10.2702340009183,6.88386199997136,6.00761371455243,467.35258693962,1
2025-09-08 09:12:00,0.139058938454233,8.25431822245544,10.2461453344522,7.88639400007496,6.0625845131838,447.855380939843,1
2025-09-08 09:27:00,0.138076382895833,8.06739622238967,9.44471600067374,8.40440111123418,5.89892378918459,446.579301095973,1
2025-09-08 09:42:00,0.137588079197733,7.9336542223919,9.72346377871593,8.51428177789505,5.76974072678615,447.100760714697,1
2025-09-08 09:57:00,0.137819738440633,7.43243955568703,9.85983577849817,8.30267666676765,5.53020495876788,447.243226968339,1
2025-09-08 10:12:00,0.138054901457533,6.7956283590552,9.80111755617326,8.87412755545713,5.63251473928799,447.424925372379,1
2025-09-08 10:27:00,0.136052133318567,6.57892547015306,9.78396044508616,8.98976622212683,5.68803398743397,447.550330720152,1
2025-09-08 10:42:00,0.135946674054267,6.55058991460036,9.26822022271197,9.36932688866863,5.70588417993117,447.138206834213,1
2025-09-08 10:57:00,0.137377542214934,6.44211605130513,7.13700911098897,15.7289302220173,6.52364199861673,441.051368855713,1
2025-09-08 11:12:00,0.136830649557433,6.24145382913657,9.33693533394127,8.86857733331511,6.1836600751012,446.153593741433,1
2025-09-08 11:27:00,0.1351657481292,5.97863427354087,9.42906044525204,9.1168977777259,5.88276200232722,446.990092292363,1
2025-09-08 11:42:00,0.135038844426767,5.4232602735494,9.17916133413071,9.50015044425794,5.7080397688699,443.481399664406,1
2025-09-08 11:57:00,0.134509788873167,6.09617071804663,9.17646200054366,10.3789459997987,5.50537950272083,445.705032327363,1
2025-09-08 12:12:00,0.134573811097167,6.08423627360989,9.0602842226769,10.8450053328654,5.55943311132573,444.891195286933,1
2025-09-08 12:27:00,0.1327077888788,5.95287827358333,9.21882911165986,13.5959568881494,5.51335823345745,441.862507672569,1
2025-09-08 12:42:00,0.1332568148248,5.7457602222582,8.94565400043537,15.3549531103134,5.78398618040044,442.26279193834,1
2025-09-08 12:57:00,0.134010948167867,5.66851155554803,8.98854444490154,16.5905275551133,5.66467484482668,442.281748850253,1
2025-09-08 13:12:00,0.131895931037633,5.54153355550627,8.89095311161757,19.958407555179,5.87319797727321,441.896705025863,1
2025-09-08 13:27:00,0.132262108813567,3.66140275212987,8.70373088929934,24.516048222005,5.86436031851347,438.487952972327,1
2025-09-08 13:42:00,0.1265328039366,3.18455335037587,2.6336251110411,24.0017762220413,6.00455382589779,439.612050423856,2
2025-09-08 13:57:00,0.134694254704167,4.32023733327853,8.5285604450947,23.3804466664666,5.9219043036696,440.634221744827,2
2025-09-08 14:12:00,0.1310429754585,4.81790237604083,8.70970155607477,23.0520671109618,6.14383799808373,438.986651284303,2
2025-09-08 14:27:00,0.1311203087997,4.55197054696696,8.7252193340557,22.6921651108622,6.18895166447852,438.579048541513,2
2025-09-08 14:42:00,0.132366238140333,2.15606317947127,1.89363244439877,25.085570444159,6.07583119408933,434.34242431776,2
2025-09-08 14:57:00,0.132584156649833,2.1660295384496,1.94938155548063,27.891801931765,6.09215453228231,433.608161470077,2
2025-09-08 15:12:00,0.130898134462967,2.01386570941107,1.18436263246273,24.9576191108547,6.27012099696306,433.890245809223,2
2025-09-08 15:27:00,0.131557645566467,2.09933482051193,1.55408789743823,27.892870171269,5.93186447043086,432.993935913327,2
2025-09-08 15:42:00,0.1321336330293,2.1308156239211,1.08532232473307,37.9703332780194,5.96714016866825,433.57684665931,2
2025-09-08 15:57:00,0.127312472382867,2.03124256163077,0.7499474529256,36.657605111401,5.83139525029385,432.181259733874,2
2025-09-08 16:12:00,0.1275698147693,1.89145140168623,0.583641333246933,42.2126115552189,5.73239707386795,432.82184985959,2
2025-09-08 16:27:00,0.1260646051804,1.9370993137592,0.525965282029766,40.2010444444606,5.91548336867908,432.076773525897,2
2025-09-08 16:42:00,0.1237268268688,1.9112790060655,0.532239726485433,40.4111937776003,6.17192357441173,431.94127953533,2
2025-09-08 16:57:00,0.125460065575267,2.1284166812782,0.664115640973966,37.1483514448013,5.92156991887169,431.6439258542,2
2025-09-08 17:12:00,0.123596251356867,1.85390762388567,0.629490256325433,36.5102372225167,6.46573547107238,431.49235515917,2
2025-09-08 17:27:00,0.124637540751333,1.9082175042512,0.615335846064267,37.8881008892836,6.53204672381856,430.893790102277,2
2025-09-08 17:42:00,0.124171021670733,1.8631615042309,0.5686695042099,39.0907886664786,6.65924344771475,430.809756682087,2
2025-09-08 17:57:00,0.123521234782133,2.49051678626977,0.808541957247699,37.9710222224017,6.68240001820631,430.17960540122,2
2025-09-08 18:12:00,0.113963082565665,2.78485044440917,0.836976076908633,37.345516667036,6.67359259817568,430.6770848405,2
2025-09-08 18:27:00,0.129247385222733,3.92907628567473,1.01910822222613,34.5529179993423,6.81080748811549,430.493478103706,2
2025-09-08 18:42:00,0.135350814857733,4.85685579364373,1.05644555552063,35.509490000137,7.01953343698203,431.816943250363,2
2025-09-08 18:57:00,0.146781181469533,8.5543386984499,1.57402422219597,30.9997382221373,6.9706429998974,433.52027309361,3
2025-09-08 19:12:00,0.145296070366533,8.5938931429087,1.4920599999741,29.9148392646907,6.8879368483231,434.712997306094,3
2025-09-08 19:27:00,0.148409433332933,9.55991999992133,1.2987895555378,29.636843777585,6.88975837222079,434.088206801204,3
2025-09-08 19:42:00,0.143927085153867,9.71437422223523,1.51955999999513,24.4516226663898,7.0678844079153,435.48888748655,3
2025-09-08 19:57:00,0.146037496263733,10.6986102222344,1.44159555555133,22.8547768887996,6.9412423387799,435.132762774824,3
2025-09-08 20:12:00,0.1432865481489,10.862384000075,1.28173355555873,20.5901553336297,6.83873393314484,435.231049568686,3
2025-09-08 20:27:00,0.1475734444348,11.3429453332159,2.7106522221957,15.6704684444299,7.10288628168435,435.510113704283,2
2025-09-08 20:42:00,0.143856825927533,11.0950275551321,4.66243444440567,11.8893486666236,6.76728947349539,436.142415299913,2
2025-09-08 20:57:00,0.138387622218867,10.7466053332245,5.52558599988327,8.71750199971796,6.86360301020225,439.397992055157,2
2025-09-08 21:12:00,0.139472288874,10.6370757777616,6.97225422242194,7.51101444417914,6.79277282689036,439.908596264583,2
2025-09-08 21:27:00,0.158952716245233,10.3686206667407,7.21723377792627,5.36438288884006,6.63202728686681,447.512145671527,2
2025-09-08 21:42:00,0.1390127458749,10.2487537777401,7.14261133348593,5.2377017777149,6.75753933513471,441.89367275992,2
2025-09-08 21:57:00,0.1472754672536,8.92953733325342,7.02362644458274,5.59284999996243,6.52418349587206,444.486958805067,2
2025-09-08 22:12:00,0.159250570962,9.04455844437906,6.829970000055,5.35001599993573,6.21745213305968,447.341485371147,2
2025-09-08 22:27:00,0.141652274665567,8.44124422211275,6.8499273333678,5.67644399994747,6.18123962139066,443.540809045953,2
2025-09-08 22:42:00,0.159219911690133,7.98144622213809,6.94731999999617,5.63100511106246,5.65177638881175,458.019631430087,2
2025-09-08 22:57:00,0.159187519093667,7.47216377774232,6.91559377778044,6.28695711108349,5.47522616708592,464.531325268497,2
2025-09-08 23:12:00,0.1588130717982,7.80375288887609,6.46750111125933,6.53689199996697,4.50796416292217,452.663147998263,1
2025-09-08 23:27:00,0.1398648757832,6.76737343588119,7.14197711120887,7.08731733331617,3.586177000846,443.736702260407,1
2025-09-09 00:09:00,0.1601429640966,6.92758765815039,7.74667888880137,6.47773866665187,3.73139938950994,466.22725269605,1
2025-09-09 00:24:00,0.159917427330267,7.37198343592089,7.13453533338804,6.59748066660987,3.70473149294469,470.5517897756,1
2025-09-09 00:39:00,0.134219295165667,6.11756088888035,8.11320466655347,7.49980266668503,3.49672543690138,443.468736804177,1
2025-09-09 00:54:00,0.134871709969467,6.22784511110892,7.88157666663044,7.60699222225997,3.53815866387374,444.65848018139,1
2025-09-09 01:09:00,0.136388982905333,7.62332933342929,8.1802568895191,8.35783755561073,3.51102452009765,445.032154977847,1
2025-09-09 01:24:00,0.133912880343333,5.41795066661289,6.54838222178153,7.61002155563909,3.83620848904148,441.605825736886,1
2025-09-09 01:39:00,0.134058093732133,5.43424844448113,6.2563008885473,9.54732644452085,4.13581779787983,441.28786916692,1
2025-09-09 01:54:00,0.134422293734833,4.79711977778707,5.5199446663154,9.94872133322454,4.19739337094697,441.845239108417,1
2025-09-09 02:09:00,0.134638478921433,5.74552466669599,5.8149073330959,10.4697866665842,4.12986030939879,440.76596908935,1
2025-09-09 02:24:00,0.1338353888974,6.10824488895837,8.11557311172234,9.43446422221634,4.18101581295686,443.657561065327,1
2025-09-09 02:39:00,0.134734766667933,7.0459833334375,8.2365724450355,8.84159400008276,4.08464112369874,445.52389292846,1
2025-09-09 02:54:00,0.134805003709233,6.7046004444982,8.01802288944147,9.18946044451796,3.86268441561315,442.49841126967,1
2025-09-09 03:09:00,0.135174912553333,6.22841721369449,7.81037222278934,10.5225219999329,4.19493813444677,441.03429107608,1
2025-09-09 03:24:00,0.135198682926767,5.69913237609146,7.47312977824577,10.5826804443364,4.30298577915241,441.59596362478,1
2025-09-09 03:39:00,0.1346516715103,6.39152511114725,6.45348399966847,10.0286317778483,4.34842568679938,442.59098821196,1
2025-09-09 03:54:00,0.134932082922333,6.53562965813315,6.168784666267,9.72606133344616,4.52030427541767,442.097787078203,1
2025-09-09 04:09:00,0.1364580533031,7.19174844452043,8.01287911165103,8.43702311114092,4.71077185493057,442.397109939793,1
2025-09-09 04:24:00,0.136914357002733,6.99239866680254,8.13796400043407,9.73713311117914,4.5461312330736,444.62208605771,1
2025-09-09 04:39:00,0.136202942192067,6.59520200009797,8.03201644486867,9.11650866667927,4.18489618868253,445.664493690907,1
2025-09-09 04:54:00,0.1373012643617,6.7360068889467,8.42041777812166,8.2262708889363,3.90640185949039,445.75042796087,1
2025-09-09 05:09:00,0.137743508807533,7.54506355568347,8.62605866724344,8.24139822232239,3.95510446800156,445.575944622233,1
2025-09-09 05:24:00,0.1355669940155,6.27516121374116,7.31041933356714,8.60676400006106,3.94730505443903,443.735087435533,1
2025-09-09 05:39:00,0.137654997711933,7.66091088896727,8.28165688948354,8.26466733343492,3.99216287424993,445.849633447607,1
2025-09-09 05:54:00,0.136908960672033,6.7581488889407,8.04875577842073,8.32623888895199,3.96846107156086,444.055600787687,1
2025-09-09 06:09:00,0.136936516231267,6.36884610255756,7.90571311163751,8.00169844451776,3.97670059181354,443.063920859403,1
2025-09-09 06:24:00,0.1375992569677,7.7983215556857,8.53896422296024,8.13000888898802,3.89102450961913,445.820853013087,1
2025-09-09 06:39:00,0.1368604643797,6.98698099149349,7.49799355561104,7.89584577781676,3.74187125338174,446.148276390837,1
2025-09-09 06:54:00,0.1420511902918,7.29759943594826,7.52666111122217,7.53350044447379,3.66556305280102,447.54416321085,1
2025-09-09 07:09:00,0.137192938453067,7.15985121376389,7.72688422230957,7.90261911114873,3.7470211570673,446.041708993443,1
2025-09-09 07:24:00,0.138159205110233,7.85615155566153,8.4996544451254,8.32934888901112,3.72517411485454,446.507551701053,1
2025-09-09 07:39:00,0.1376143828845,7.86262333346063,8.46071044509457,8.28224600008632,3.46360203163677,446.32222167491,1
2025-09-09 07:54:00,0.135608866649233,6.83507444452967,8.20978422280814,8.24292511119552,3.48183412114059,445.566749801623,1
2025-09-09 08:09:00,0.133037925640767,5.34326753852626,6.30534133290954,9.65627688898558,3.43824309720868,443.855882147589,1
2025-09-09 08:24:00,0.1354615925665,6.75135866676006,8.48125377838234,8.19925955565809,3.36565026729485,446.08017728382,1
2025-09-09 08:39:00,0.134623911096533,6.20712844454503,8.11989844504497,8.66453533337946,3.52269489100532,444.91354525282,1
2025-09-09 08:54:00,0.133318058976433,5.27096042741027,7.33410333348194,9.42897933332724,3.59223294088105,444.580132494346,1
2025-09-09 09:09:00,0.1322089923095,5.13751745303126,6.1767955551152,10.1770264444617,3.6216907936946,443.664910287149,1
2025-09-09 09:24:00,0.132901714813733,5.7558596069194,8.65604977845354,9.84506755557864,3.57808219610646,443.95919185542,1
2025-09-09 09:39:00,0.132626359260833,5.5427996581744,8.37158288951374,9.76527000003978,3.6864810331359,444.930334876233,1
2025-09-09 09:54:00,0.134408068112433,5.49687538467417,8.89872333406061,10.1557255555206,3.64922489672403,446.506036630006,1
2025-09-09 10:09:00,0.1350562384795,5.49495671800717,8.82340711187264,10.778394221922,3.73086638431329,445.892611156479,1
2025-09-09 10:24:00,0.133069728775533,5.388587162437,9.05260444527324,10.9047008884571,3.66554634990995,445.421623483189,1
2025-09-09 10:39:00,0.132432099146133,5.8458022735485,9.20757088969767,10.893156666237,3.36734062198015,446.012222958849,1
2025-09-09 10:54:00,0.132416039887733,5.9349044957657,9.12002088956473,10.9833626662175,3.47528407084955,445.161951372642,1
2025-09-09 11:09:00,0.1316286769316,6.26199605132493,9.22351533388863,13.2271015548854,3.42627622521363,442.888983022733,1
2025-09-09 11:24:00,0.1312966324891,5.95120916243517,9.04788488956594,13.3105006659551,3.43550601357814,441.755001838613,1
2025-09-09 11:39:00,0.130920091751533,5.5793782735279,9.17337088971681,11.8112668882674,3.54396107324716,440.519904398189,1
2025-09-09 11:54:00,0.130681136195467,4.73289538462294,8.18913066735504,13.5774366658457,3.51630573649688,440.210229975769,1
2025-09-09 12:09:00,0.131252721363233,5.3095929401804,8.93609488971538,14.3901155546451,3.2765357708353,441.207478612583,1
2025-09-09 12:24:00,0.131022039891833,5.12093938461503,8.53287666742014,12.8447259991974,3.40611776467187,439.500951418829,1
2025-09-09 12:39:00,0.130961869515866,4.77036671793837,8.43965400076064,13.898431554695,3.4065853131009,439.186577957606,1
2025-09-09 12:54:00,0.1317632028279,4.75451938460957,8.87861577857721,15.8261573325984,3.54879968214234,441.368580980353,1
2025-09-09 13:09:00,0.1345626187936,3.7819328034081,4.28066911091434,15.6878973323771,3.72998859865207,442.890633659136,1
2025-09-09 13:24:00,0.136592353304,4.874396000009,8.82090355635184,13.9817844435586,4.01336677787011,444.187936173486,1
2025-09-09 13:39:00,0.1337948592591,4.54581555554257,8.74818933413191,17.3260382219576,3.92589706160259,442.936492608236,1
2025-09-09 13:54:00,0.136802797765567,4.0855644102573,4.53650288871073,14.7129031101975,3.99438888341632,441.505840144479,1
2025-09-09 14:09:00,0.134514492299867,3.96120993160593,4.92017977769947,16.0891384435116,4.44604990725927,443.820951695203,1
2025-09-09 14:24:00,0.132367412506367,3.98741222218583,7.86844711177447,18.9055951106466,4.59296009808668,442.004211783266,1
2025-09-09 14:39:00,0.132183234722033,3.12410129911213,7.87115022298381,24.563725555418,4.72490170580652,439.694985167346,1
2025-09-09 14:54:00,0.135121278141134,2.8303407521447,1.4653861879882,24.5257311108315,4.80257767054759,440.122981190016,1
2025-09-09 15:09:00,0.134094568155533,2.6541363760919,1.49225323071097,25.46589377758,4.62512142787554,437.703648208326,1
2025-09-09 15:24:00,0.130856545922967,2.93720982911377,1.44375485467443,27.6376226669287,4.73308711744142,435.090570220394,2
2025-09-09 15:39:00,0.131641091785767,2.88208109407757,1.38986085467813,27.9248028894247,4.67893248328596,434.615011297477,2
2025-09-09 15:54:00,0.1290672205808,2.6842773846932,1.3399317093657,27.936751863622,4.71583159498852,433.725736291597,2
2025-09-09 16:09:00,0.1328716176946,2.15395338466053,1.1323386495795,28.60447312869,4.9933070224528,433.354349796957,2
2025-09-09 16:24:00,0.1282710228398,2.4571193675817,1.2814187692052,28.838305863685,5.04901481398433,432.439996867687,2
2025-09-09 16:39:00,0.1289874872328,2.45214369238607,1.12352319656153,30.100177607285,4.84410610600908,431.879797157077,2
2025-09-09 16:54:00,0.1290165362218,2.41900692313736,1.12307135039563,30.9329232138013,5.07632000513305,432.377133143337,2
2025-09-09 17:09:00,0.128483491794867,2.36741299150353,1.08772032474447,32.2491909742697,5.02400735036419,432.626556264357,2
2025-09-09 17:24:00,0.131657651888333,2.31109661545657,1.0643822222247,30.9832980683947,5.13304851817585,432.088370765881,2
2025-09-09 17:39:00,0.130709819982367,2.35096439320783,1.03421529914197,31.5878616751367,5.23015468897403,432.153145269197,2
2025-09-09 17:54:00,0.132003859281734,2.48699317945563,0.966858854720533,33.2385037943807,5.37367225952502,431.841251879114,2
2025-09-09 18:09:00,0.135747237062133,2.5975234358419,1.29524044439733,32.2785055555107,5.31119027756867,431.583547970184,2
2025-09-09 18:24:00,0.142028770392767,4.01578468372733,1.33553266662963,30.504801777271,4.86111772838173,435.33096018209,2
2025-09-09 18:39:00,0.1521040296114,6.92498888876257,1.7669193333086,24.2767782218772,4.49859805876337,435.709175603397,2
2025-09-09 18:54:00,0.158973414810967,8.66582666659576,1.89259755550007,24.2096817771593,4.46886262298241,437.933589660807,2
2025-09-09 19:09:00,0.170294829688533,10.8876179998637,2.41291377769634,20.149537555984,4.31440944347207,440.69529339495,2
2025-09-09 19:24:00,0.169809474133367,11.448346667038,2.44020222215007,20.2405406671423,4.2747506144647,440.854240561156,2
2025-09-09 19:39:00,0.1736937778396,10.973704666859,2.37639622214923,21.7120073337335,4.39866364630891,440.94267705499,2
2025-09-09 19:54:00,0.173522214856567,13.301273778359,2.6662466665964,18.350759778125,4.22334996129732,439.291209192703,2
2025-09-09 20:09:00,0.184237266684967,14.8498331115858,5.73386044456923,12.745349333509,4.10585341916465,447.071990856397,2
2025-09-09 20:24:00,0.175730155604867,14.7804864448778,4.78773599994357,12.0914255554964,3.91065644293299,438.211332066544,2
2025-09-09 20:39:00,0.171061607425667,14.117538000517,3.87139155543397,11.1508173330352,3.81459749373753,437.903977245394,2
2025-09-09 20:54:00,0.169667540763834,10.8785351112183,6.82380133351437,9.20177799934133,3.9332992258923,437.174843803063,2
2025-09-09 21:09:00,0.164042355569767,11.3688362228433,6.5959275553811,4.7554615554336,3.67575477410014,437.534706557697,2
2025-09-09 21:24:00,0.1581770037163,10.7390406671128,7.07616666672763,5.111035555529,3.60615615766197,441.604659086677,2
2025-09-09 21:39:00,0.157799237052967,10.767637111562,6.8961148889849,5.07981377775173,3.67513380974708,442.764832579333,2
2025-09-09 21:54:00,0.158541137043233,10.8293248893943,6.7477353333999,5.10730377776627,3.49174509642757,444.011573851343,2
2025-09-09 22:09:00,0.157595337040967,10.5038873334192,6.70640977787744,5.0344148888342,3.25734351673369,444.083998689897,2
2025-09-09 22:24:00,0.161990007409133,10.1983160000341,6.43159399999184,4.99048799994403,3.19540439913264,448.968530235293,2
2025-09-09 22:39:00,0.137695923675833,9.43276733332917,6.20092955561233,5.60796666657884,2.92811994873735,442.78556812718,2
2025-09-09 22:54:00,0.136324292314367,7.54736822203176,6.41614777773983,5.16038644430776,2.85733508259025,441.311178191247,1
2025-09-09 23:09:00,0.134599196590867,6.89459688883275,6.494045777706,6.4661597776734,2.85070336711098,441.836785947313,1
2025-09-09 23:24:00,0.157927992593867,6.76716066664535,6.47021977768047,6.3689491110574,2.78509201639337,454.961359523624,1
2025-09-09 23:39:00,0.159720148135133,6.86741333333712,5.71336977775231,5.97219777770107,2.78829698417587,464.907586433573,1
2025-09-10 00:14:00,0.136181829621667,7.08202577781662,5.5653157777547,6.91419222219699,2.71735602399944,444.628615282213,1
2025-09-10 00:29:00,0.1581849036823,7.21015466670019,5.47829799997583,6.5334019999568,2.69817598687029,454.6569959203,1
2025-09-10 00:44:00,0.1504282296144,7.39139733340209,5.51421622246397,6.637021999965,2.71055645022217,447.552133120167,1
2025-09-10 00:59:00,0.158233459234533,7.56636666675412,5.54162200023637,6.5574999999525,2.58543666609101,454.552569177327,1
2025-09-10 01:14:00,0.159138711087033,7.92135733339359,5.44790288912827,6.41068066661073,2.651634074686,458.050365229527,1
2025-09-10 01:29:00,0.159846377757,8.53553155571964,6.06215777797587,6.40601155548596,2.59838880352709,458.782482652737,1
2025-09-10 01:44:00,0.1595289555317,8.17220911116016,4.43625177797857,6.26181955548967,2.61202481448384,466.15865367237,1
2025-09-10 01:59:00,0.160450970349967,8.57900377795297,5.31294866683614,6.23747911101903,2.54185524959437,466.640267020233,1
2025-09-10 02:14:00,0.160446444422633,8.56499577795977,5.13816355573864,6.25950177770463,2.68652063910936,466.137416053033,1
2025-09-10 02:29:00,0.1601765481321,8.36910444460047,4.73544533351623,6.11689377770506,2.5429075953518,467.357013642313,1
2025-09-10 02:44:00,0.1642686147971,7.9920162223269,4.36690777798057,6.0214266665946,2.58314169724516,476.520355005957,1
2025-09-10 02:59:00,0.164009348126767,8.54423222237467,5.2914533334846,6.04937444437637,2.63492884470533,475.75797939348,1
2025-09-10 03:14:00,0.1623515036823,8.04745444454583,5.53941666689424,6.33226355552777,2.63112687078335,474.679339998247,1
2025-09-10 03:29:00,0.1645239481295,8.32078200014287,6.06665422246587,6.3211602221841,2.71556820876335,478.032937355277,1
2025-09-10 03:44:00,0.163204703682967,8.29961866682037,6.18409422248447,6.33985199996843,2.807420556236,476.13673365402,1
2025-09-10 03:59:00,0.162863748126167,8.3803606668426,9.0461160007846,6.32853666664473,2.82152846168598,475.8418057135,1
2025-09-10 04:14:00,0.160044659239733,8.3750984446162,9.15134022311017,6.42906888886587,2.93274274835737,468.45565411915,1
2025-09-10 04:29:00,0.159892570346133,7.95799400009613,8.70216266752864,6.72632644440867,3.02288905298943,467.988657000867,1
2025-09-10 04:44:00,0.160239303682067,7.97181649580617,8.62591444528314,6.44625822217643,2.96655531766778,469.330745840987,1
2025-09-10 04:59:00,0.164710303685167,8.44457088905884,9.09273200075769,6.46069244438967,2.91477475518897,478.013102768843,1
2025-09-10 05:14:00,0.160163103683667,8.33538555572787,9.15346155644487,6.56762622220209,3.0099707883495,468.9296852613,1
2025-09-10 05:29:00,0.160079414795633,8.35105155570757,9.03418066746396,6.72533288887336,3.14243678083688,468.68219789501,1
2025-09-10 05:44:00,0.1359406962864,8.04019266673883,8.6409495560228,8.28226666677735,3.23110195693714,447.301524485336,1
2025-09-10 05:59:00,0.1386783925826,8.28461000018367,9.30049622299003,7.69988111112693,3.1288109015335,449.3644399055,1
2025-09-10 06:14:00,0.136855288881767,8.30057288909333,9.20195022292229,7.95260044448099,3.16011990884552,448.192539309016,1
2025-09-10 06:29:00,0.135682096285233,7.47337866676447,8.10865400041274,8.30680933346389,3.18656957617811,447.495672542989,1
2025-09-10 06:44:00,0.135679488876433,7.76453533341977,8.18676000042507,8.30573933350189,3.14502804612027,447.064617196726,1
2025-09-10 06:59:00,0.135812437030633,7.934896444532,8.13657822260107,8.38947066679616,3.23535454402916,447.779687002013,1
2025-09-10 07:14:00,0.135426096284967,7.36724955564813,7.86830444490844,8.26500200012629,3.19856033425522,447.363588405479,1
2025-09-10 07:29:00,0.135095199985433,6.61136422229556,7.95993177839141,8.14357800011466,3.13112313727662,446.41857192957,1
2025-09-10 07:44:00,0.135188525911233,6.73236577784653,7.6597351113692,8.69869288880266,3.17252326561769,447.212002303919,1
2025-09-10 07:59:00,0.1353505036896,6.63028400006309,7.58852111132883,8.69784711102566,3.21723248337897,447.11046223705,1
2025-09-10 08:14:00,0.1351292740606,6.54094235902026,7.91667777803423,9.28417244428847,3.20825418633335,447.876326806482,1
2025-09-10 08:29:00,0.1328582703748,5.9892391624565,7.87172022260613,9.78682733314024,3.11112088510452,446.973438825866,1
2025-09-10 08:44:00,0.1334783185074,5.9117229402307,7.91000311162503,9.55283088869791,3.16756147777421,446.029514504616,1
2025-09-10 08:59:00,0.133338544435367,5.94824071803763,7.92498888923873,9.78965355531512,3.26144098679416,446.922825764199,1
2025-09-10 09:14:00,0.1342060222101,5.93809982912193,8.06838622253263,9.75164822198808,3.48806543803132,447.286323442426,1
2025-09-10 09:29:00,0.1339291999762,5.90295582917089,8.1842593337147,9.71919355531072,3.49523957120097,447.138699112356,1
2025-09-10 09:44:00,0.133706491726667,5.99472382917706,8.26466666692953,10.0425339997135,3.3039483338944,446.703932013932,1
2025-09-10 09:59:00,0.133901303700033,5.67439591462123,8.35541044490764,10.8979597775081,3.52114122595577,446.723559039286,1
2025-09-10 10:14:00,0.1346286074136,5.62228933338323,9.14251666743584,11.1147346663792,3.47725617441051,446.889008816979,1
2025-09-10 10:29:00,0.135636488878433,5.33193488894377,9.07668844507934,10.2099715552563,3.54700355717175,447.894915936043,1
2025-09-10 10:44:00,0.1368453407299,5.7097726667506,9.3308966671753,10.4389593329945,3.59738431478869,448.134710943783,1
2025-09-10 10:59:00,0.137257740726567,5.69241111119333,9.540101333937,10.6552057774725,3.66644631314814,450.112658267366,1
2025-09-10 11:14:00,0.137541822207067,5.67730822227903,9.6515195562288,11.344316222031,3.65907519719093,452.157963975226,1
2025-09-10 11:29:00,0.137152844427733,5.29020266670677,9.1476813340994,11.5787659998196,3.8187933000897,451.021537114549,1
2025-09-10 11:44:00,0.137277607393467,5.29977555562603,8.982791111702,13.2627679998511,3.79860176051841,451.495428796019,1
2025-09-10 11:59:00,0.136894177777433,5.18585022226047,9.08613355629777,14.3136708887488,3.94103335349118,451.551378843776,1
2025-09-10 12:14:00,0.1350078923192,3.4671020170866,5.61478266635053,14.2084084442059,3.94389833489799,446.367351670049,1
2025-09-10 12:29:00,0.133479077506667,3.38737779486293,4.50422146990874,15.7640071104574,4.00523263998486,443.573151882499,1
2025-09-10 12:44:00,0.1332836330575,3.37030401709023,4.1210747007483,16.9274493326146,3.97191759246772,442.151619116362,1
2025-09-10 12:59:00,0.130961638165467,3.2904692307766,2.6416836580636,21.1010351105323,4.08989836065386,439.347356598212,1
2025-09-10 13:14:00,0.1330640997299,3.36900345300823,3.4020183760242,17.6442902219033,4.11319635357564,438.586624969946,1
2025-09-10 13:29:00,0.1381459778132,3.79602994876753,2.5452271111279,21.0216922216468,4.0885683474867,437.533706629052,1
2025-09-10 13:44:00,0.141266651880934,4.28860432487073,2.81503666667727,20.6274042218094,4.1886827895144,437.187522385286,1
2025-09-10 13:59:00,0.133422274113133,2.83985697437473,1.18513967521373,24.5256155383213,4.25203079356242,437.133403797303,1
2025-09-10 14:14:00,0.1326535566559,2.11454719659026,0.977453743553301,29.8177870604793,4.07699321274239,432.963443085243,1
2025-09-10 14:29:00,0.124146446783467,2.23156658121627,1.08632758974237,26.713352974492,4.00592118934003,432.048966904334,2
2025-09-10 14:44:00,0.127687210316433,2.64476781203896,1.25650051280083,27.091292222405,4.08162014503766,432.402098262094,2
2025-09-10 14:59:00,0.126529017113167,2.1965974701121,1.0745096068342,28.3340941714703,4.08707506913402,432.440302660167,2
2025-09-10 15:14:00,0.130953945896067,3.32940061547266,1.3279152991665,23.1766655553443,3.98396157307611,432.970607941257,2
2025-09-10 15:29:00,0.129862770980967,2.75470123085993,1.26349704273673,24.0145631111376,4.36935500392893,432.63116908928,2
2025-09-10 15:44:00,0.128277077835867,2.60043666674183,1.25361586324293,24.7916433333243,4.35265662438697,432.162042917114,2
2025-09-10 15:59:00,0.1259035476167,2.38878709405643,1.13011796580447,25.8987196581757,4.45945756841751,431.321231450557,2
2025-09-10 16:14:00,0.127831570126633,2.56618565818983,1.21590275212857,27.2394803080463,4.53289089472145,431.407116327207,2
2025-09-10 16:29:00,0.1328013703923,2.7274172308598,1.22094752140677,26.9974848039753,4.55615810122353,430.926834464087,2
2025-09-10 16:44:00,0.128951238215233,2.7398398975375,1.2603479145229,26.8746460857533,4.72109623609862,430.304838226933,2
2025-09-10 16:59:00,0.128902022835,2.55319834196506,1.22495169230137,27.797453419303,4.7560413244435,429.823488238247,2
2025-09-10 17:14:00,0.127601320533533,2.41644668380023,1.1821528034191,27.884870598744,4.82073865123867,429.999472229537,2
2025-09-10 17:29:00,0.128042329370467,2.91792917956967,1.26394658118513,27.2276813336813,4.97454963300529,429.369631376934,2
2025-09-10 17:44:00,0.127465159003267,2.3963642564499,1.1206114700652,29.727555060216,4.95069289335533,428.426378596594,2
2025-09-10 17:59:00,0.129662533339667,3.95317998289756,1.138219555591,28.3640164442119,4.9149835109775,428.899214473031,2
2025-09-10 18:14:00,0.134806155578933,4.31377560673693,1.07707888890287,27.8279204441776,4.86441485985756,430.17581690048,2
2025-09-10 18:29:00,0.1512240518573,6.08901977758583,1.55362155553693,26.561719111004,4.70449583595622,434.200844245253,2
2025-09-10 18:44:00,0.1568656370427,9.2807773333624,1.73191422219163,23.4596497773398,4.60873872878184,435.994803684004,2
2025-09-10 18:59:00,0.163267562980967,12.1397408891109,1.84185155552173,19.1628700008904,4.53261297258143,438.341540999014,2
2025-09-10 19:14:00,0.1646675555724,13.0625882225327,2.0510759999439,17.9799731117152,4.38614720231144,437.029655322883,2
2025-09-10 19:29:00,0.169176614824033,13.7775142226395,3.49478844433837,11.5384706665376,4.25698278170116,437.673788522667,2
2025-09-10 19:44:00,0.167422262993667,13.9006124448549,4.04222777767754,8.60916911097675,4.14209651016724,436.060470444173,2
2025-09-10 19:59:00,0.163842737070567,13.4510251115824,4.88931555541227,7.0566099997964,4.18523049935352,437.50511665703,2
2025-09-10 20:14:00,0.160200411118133,12.52286888918,5.99826222203941,7.94302422183736,4.07888162086127,436.75242267791,2
2025-09-10 20:29:00,0.157445522227067,12.2948813337177,5.98439911085884,5.26427666660257,4.11540847753567,437.139812746066,2
2025-09-10 20:44:00,0.155847496296167,11.6486486671175,5.91117311092737,4.82424777771813,4.01491468478093,437.527694758173,2
2025-09-10 20:59:00,0.154341588888033,11.1491893332736,6.78089844459127,4.4891964443696,3.99103531962586,439.608909273743,2
2025-09-10 21:14:00,0.154901022219467,11.4894468889336,6.4439624445049,4.92894622219543,3.91127470203036,442.10751116577,2
2025-09-10 21:29:00,0.1526137073946,11.246250444496,6.4430044444814,4.80812288885847,3.98464186593695,443.83141933707,2
2025-09-10 21:44:00,0.142157003695367,10.6958195555671,6.1876426666812,4.95152999994006,4.0516714446335,443.88482317853,2
2025-09-10 21:59:00,0.160202331058933,9.80805866668176,6.39446599996897,4.95058644433906,4.23077356939608,446.843568590337,2
2025-09-10 22:14:00,0.158684412545167,9.20694199993917,6.39657599996477,5.165828444354,4.04566196390747,446.645015185514,2
2025-09-10 22:29:00,0.156298723670333,9.08224088883573,6.32006022213941,5.07617044435063,3.98707057516887,446.264372167714,1
2025-09-10 22:44:00,0.1601086353345,8.60338044435806,6.39198622213267,5.07421288882906,4.19460186257227,449.789153010387,1
2025-09-10 22:59:00,0.1603191390242,7.70672288884423,6.25909822214914,5.39669644437747,3.93434843433096,458.50159599503,1
2025-09-10 23:14:00,0.160035857534033,7.75089533330662,6.38789644435174,5.4779377777113,4.03085819966401,452.269136021537,1
2025-09-10 23:29:00,0.160834197712567,7.46523311105305,6.42161177768794,5.98634111104453,3.99298074649507,458.641485212037,1
2025-09-10 23:44:00,0.160735116214233,7.58763666666482,5.22434533332747,5.95691088881047,4.03684770157311,464.67710185511,1
2025-09-11 00:13:00,0.160934419912667,7.38189822226575,5.1067315555294,5.999102666591,4.06631146355696,465.304478811113,1
2025-09-11 00:28:00,0.1610924370218,8.5695253334247,4.39041622241737,6.00010911103413,4.02824258337476,466.86166791909,1
2025-09-11 00:43:00,0.161449029602667,8.26518733346756,4.3653044446472,5.95473333326223,4.2600079430151,467.145126664057,1
2025-09-11 00:58:00,0.160681148126533,7.40734533341362,4.24214044464043,5.84256866659136,3.92690339629784,469.054907121597,1
2025-09-11 01:13:00,0.161558755537033,8.40202288907324,4.58881933352857,5.86104066658553,3.79696865685755,472.925166577673,1
2025-09-11 01:28:00,0.1617766296151,8.38756044462527,4.57576777797597,5.87642555547153,3.81017576856578,473.09869483321,1
2025-09-11 01:43:00,0.160543088866167,8.55928088909584,5.0701804446285,5.90496288881579,3.88015447217866,468.512144782823,1
2025-09-11 01:58:00,0.161569222202967,8.51460622242431,5.076766000184,5.87476399992126,3.78976218945913,473.08191177419,1
2025-09-11 02:13:00,0.161826681460467,8.47540666684794,5.23621000016713,5.8906284443485,3.64546356748673,473.425272417727,1
2025-09-11 02:28:00,0.162114162938933,8.70395377799407,6.66499000011157,5.92011377769136,3.64773332969762,473.79809613477,1
2025-09-11 02:43:00,0.161830392572167,8.5005477779458,5.20465133345417,5.93439399992536,3.49899698523242,473.67198219227,1
2025-09-11 02:58:00,0.161326392572433,8.54304177798094,5.02564377791157,5.90046288880863,3.29844583726946,472.059356010867,1
2025-09-11 03:13:00,0.1615441333083,8.56948733352133,6.5592857778774,5.9642504443791,3.20119511656628,471.896391875447,1
2025-09-11 03:28:00,0.1616054147951,8.5472975557676,5.01801622234793,5.90010399990496,3.30860707809179,473.41906340162,1
2025-09-11 03:43:00,0.1629792296073,8.60039288909027,5.9965871112292,5.9098746665784,3.1431355945519,474.882630011137,1
2025-09-11 03:58:00,0.163857629611033,8.65082000019494,6.52026800010133,5.88657733324623,3.16666555593997,476.24735422717,1
2025-09-11 04:13:00,0.1642331777582,8.6129393335154,11.249369777097,6.1580355555335,3.13387284702478,477.205105172006,1
2025-09-11 04:28:00,0.1640924370188,8.54684933349457,12.5838951102247,6.0015077777041,3.11961960230531,476.28136012235,1
2025-09-11 04:43:00,0.163396192574667,8.57159711128567,6.3880177778654,5.81236755549363,3.1339597655838,476.047351604603,1
2025-09-11 04:58:00,0.163172570350133,8.58939222238263,11.9214779992083,5.93536066663903,3.04222027400414,476.115687721486,1
2025-09-11 05:13:00,0.164620281464867,8.57443177792317,9.10329733303205,5.91224577774427,2.84668879558067,477.875002080477,1
2025-09-11 05:28:00,0.164671703683733,8.62165688906737,12.7237408880061,5.96583044444203,3.21655166087179,474.75619628547,1
2025-09-11 05:43:00,0.1649670592404,8.68546666682056,11.8931459992064,5.78014999996033,3.10500048608176,477.81977974924,1
2025-09-11 05:58:00,0.1671384592378,8.68697377793963,12.5655328880051,5.7693704444318,3.08815103981142,477.150808372086,1
2025-09-11 06:13:00,0.1646444666494,8.68474444459237,11.8796951103205,5.48267999998646,2.81480660718322,476.658465983453,1
2025-09-11 06:28:00,0.165406303685467,8.68347733350343,12.2943571102663,5.67083688889406,2.86711564070144,478.876220112186,1
2025-09-11 06:43:00,0.1642707703533,8.64444044460997,11.1863431104374,5.70218088887263,3.00345460837328,477.762549993276,1
2025-09-11 06:58:00,0.171873037023033,8.65127866679163,12.4703019991362,5.7551124444289,3.13309953308842,480.58342570006,1
2025-09-11 07:13:00,0.1676739036893,8.62121088903943,6.2366768889731,5.85038799997747,3.19336718373081,484.899769508846,1
2025-09-11 07:28:00,0.168688577766767,8.55969955567283,11.8726913325528,6.10660244440567,3.26642756917016,497.146786257453,1
2025-09-11 07:43:00,0.168272103686333,8.56076711124136,6.30994266674964,6.26523377773453,3.15970901460695,524.321408059344,1
2025-09-11 07:58:00,0.1685170073885,8.57408755568927,6.32902866674467,6.3568564444052,3.1973324630395,521.334596066237,1
2025-09-11 08:13:00,0.167429762946567,8.60313911121527,6.4504393334374,6.31730399996153,3.36167910701421,483.8855741667,1
2025-09-11 08:28:00,0.1648416444242,8.67947644458319,11.864001332574,6.48103333328776,3.64542293152268,477.002748356807,1
2025-09-11 08:43:00,0.161416666643233,8.61194000016366,6.7013817778976,6.46546733328537,3.48601223684846,473.186843937553,1
2025-09-11 08:58:00,0.160173266644367,8.26692466683017,9.02495488975863,6.65807577773833,3.51100016740688,468.744449246197,1
2025-09-11 09:13:00,0.134473284884633,6.21364777777812,5.37802999990217,8.36395844445636,3.59054589061354,445.984010706139,1
2025-09-11 09:28:00,0.135097599973533,6.18529222228699,7.79712400051464,9.06307866656753,3.79382640692,448.440949281753,1
2025-09-11 09:43:00,0.1373355555266,6.22527716245526,8.12659400025014,9.49061888862664,3.7282516024055,448.492379239879,1
2025-09-11 09:58:00,0.1378271777685,6.1539173334374,8.96215377825737,9.62203222193821,3.75190840628243,449.067009050813,1
2025-09-11 10:13:00,0.137865488879767,6.17228844454153,8.5870162225175,9.62682599971528,3.84876911252743,449.068581198133,1
2025-09-11 10:28:00,0.1379772222178,6.20936911121213,9.4016091115627,9.55987311082334,4.0113050798509,448.695135971436,1
2025-09-11 10:43:00,0.136655666658467,5.82798866678953,10.1912086676061,9.78559777753515,4.08909645968955,448.991242085656,1
2025-09-11 10:58:00,0.137705555551467,6.18775644456226,13.5847706659912,10.0835124441369,4.03865919337623,450.418391604639,1
2025-09-11 11:13:00,0.137903637023167,5.91560800007209,10.3377473340269,10.154431999735,4.3238208323809,451.688142676086,1
2025-09-11 11:28:00,0.137200429618633,6.1793297778576,9.87658066728983,9.91777199970638,4.4254619825278,450.836004469473,1
2025-09-11 11:43:00,0.134976748121967,5.80396480352023,9.51852733412024,9.76560733314081,4.70826853072786,449.415514665962,1
2025-09-11 11:58:00,0.132889188582733,4.6422782051806,7.88299244474543,9.92653911088578,4.6624548483573,447.167553380449,1
2025-09-11 12:13:00,0.131217710837667,4.0428377607201,6.19869399950208,10.0069655553957,4.47351201281083,444.601299020582,1
2025-09-11 12:28:00,0.132632351559433,4.70537642739483,6.53310399951874,9.33098533328144,4.69298311438701,444.817835308446,1
2025-09-11 12:43:00,0.132251109956833,3.88876606840243,6.79592688832464,10.1014171108969,4.82476414518823,447.129517603649,1
2025-09-11 12:58:00,0.133492462664633,3.73933601712076,6.9182795549695,10.1889968886496,4.93242852923095,449.883642879612,1
2025-09-11 13:13:00,0.1356846256386,3.50855490599519,6.86169555497637,10.2334733330859,5.00051183486678,450.378134034972,1
2025-09-11 13:28:00,0.136039833036033,3.8391348205456,6.23695999948994,10.1897355552794,5.11428917809405,450.704740192862,1
2025-09-11 13:43:00,0.135423892307267,3.4752033504402,6.91032777718774,10.4245135552716,4.95201665234804,450.152977094725,1
2025-09-11 13:58:00,0.134334403432,3.37714223933136,6.54313999944963,11.3265642219668,4.9985191313883,448.542776971649,1
2025-09-11 14:13:00,0.1331531663922,3.26185423930403,4.88400728186794,12.5787653324598,4.99958765038343,443.537550287949,1
2025-09-11 14:28:00,0.133499818244967,3.28232668376196,5.36816461523227,11.7104475551888,4.84101099225966,445.154087099289,1
2025-09-11 14:43:00,0.132551447882333,3.23644405127303,4.46711882048024,12.9618475547016,4.8468345244324,440.620766215439,1
2025-09-11 14:58:00,0.130686380638367,3.1984987863247,3.81763415381784,14.4447053324935,4.79972482086123,439.411094559182,1
2025-09-11 15:13:00,0.131358580636133,3.24085700855507,3.73117046151144,16.1605835552687,4.7899056570887,438.629253739563,1
2025-09-11 15:28:00,0.132189307136467,3.25151189744463,3.5279309743179,17.0307473331496,4.74382241385451,438.110065714796,1
2025-09-11 15:43:00,0.1307053732299,3.24581145299646,3.58319820509517,16.7687691108916,4.58281020130295,437.714150633989,1
2025-09-11 15:58:00,0.130455134460133,3.29787811966223,2.469418632432,21.3240395549503,4.74226593977288,436.877797909266,1
2025-09-11 16:13:00,0.130019934459567,2.52647500854777,1.2391263247296,24.3759586664681,4.7944247952934,436.6169146097,1
2025-09-11 16:28:00,0.111322654603448,2.1800522222311,1.07998535036783,24.58241133327,4.62305068064814,432.703505715113,1
2025-09-11 16:43:00,0.112740452963112,3.45705270088776,1.89305480336323,21.2692559994918,4.63190437758053,433.476648783473,1
2025-09-11 16:58:00,0.112709773476333,3.2279037606949,1.80205919653427,21.8870833330423,4.51583746271463,434.468564894296,1
2025-09-11 17:13:00,0.111922309869728,2.59934924785923,1.11384885464507,24.0302051111513,4.67273818578791,433.471685823143,1
2025-09-11 17:28:00,0.112893787129495,2.2767916068458,1.09078859822163,27.423467094389,4.75247516955838,431.303762207224,2
2025-09-11 17:43:00,0.125625072949733,2.80653984614027,1.0435857093903,27.7540763075907,4.79918719266543,431.909442379227,2
2025-09-11 17:58:00,0.126417271849233,4.48029417097836,1.23703692306493,26.649802444367,4.81583488688626,433.126096604157,2
2025-09-11 18:13:00,0.1311755755276,5.29519671797183,1.19986933335197,24.6156396922347,4.86474843003743,433.59219726369,2
2025-09-11 18:28:00,0.1339888037771,5.72883805128473,1.2255657777632,23.8485725811006,4.83082243348704,434.868906239904,2
2025-09-11 18:43:00,0.143203625976967,8.27222399979767,3.00945755550413,13.9746297775258,4.72756076899493,434.658193786953,2
2025-09-11 18:58:00,0.144660611140134,8.92275799979036,3.65964733328197,11.4101835552442,4.68438525458467,436.061733425677,2
2025-09-11 19:13:00,0.149655062992467,10.1073279999883,5.3911904443693,8.50498399973078,4.53775424379657,437.365452828953,2
2025-09-11 19:28:00,0.1493300148284,10.129386444333,6.54299111096164,7.72023999977379,4.41498543942271,437.918702149004,2
2025-09-11 19:43:00,0.151711637037267,11.0305366668123,6.23969977760477,7.44522466638649,4.28888675237538,437.726787618377,2
2025-09-11 19:58:00,0.1433473888853,10.7360215555182,6.30560377751724,5.38585844438236,4.26553402011126,438.12012542884,2
2025-09-11 20:13:00,0.139040368087667,10.7609759998191,7.56470333350407,4.95336133323036,4.20620764696735,439.448651777953,2
2025-09-11 20:28:00,0.1385183472974,10.7209153332406,7.16798844460417,5.013230222142,4.20078948949474,439.764233298143,2
2025-09-11 20:43:00,0.140922247289967,10.8280493333431,6.8048797778624,5.24761399997343,3.99772528692431,442.664269836223,2
2025-09-11 20:58:00,0.140933279201133,10.736995111145,6.7217991112621,5.2102688888568,4.15480242896433,443.324690874076,2
2025-09-11 21:13:00,0.1604976598383,10.01653511114,6.9784720000124,4.98590088884656,4.03580761923511,448.433008859854,1
2025-09-11 21:28:00,0.1598083464422,9.08422422225686,6.22969866668393,5.2431442221813,4.0352124291611,448.37075727234,1
2025-09-11 21:43:00,0.160335361261533,8.68830933330483,6.44011955552307,5.14721599993619,3.99798168677959,453.664038829057,1
2025-09-11 21:58:00,0.160663656976367,8.65101711099309,6.54267333324387,5.15487311103066,4.06669398698451,447.441958985527,1
2025-09-11 22:13:00,0.159907650144733,8.52227777770536,6.5266302221297,5.10217955547486,3.99854309542146,451.58068678254,1
2025-09-11 22:28:00,0.159762096298433,7.30193688884336,6.3916413332429,6.00138355548656,4.10850861802707,458.701098515587,1
2025-09-11 22:43:00,0.1591370444445,6.90314466663238,6.35281933324264,6.04685399994563,4.10018118375765,461.29017059059,1
2025-09-11 22:58:00,0.159360792577933,7.42201533336072,5.44963577775144,6.1198497777275,3.94440740215629,464.148205348447,1
2025-09-11 23:13:00,0.159614911102733,7.24282711107636,5.60766244441341,5.92500111104423,3.83216377761921,459.85208958108,1
2025-09-11 23:28:00,0.160015688871933,8.17536488892669,5.49380400023494,6.07568577771883,4.04304235509049,466.187322742347,1
2025-09-11 23:43:00,0.1597170666528,7.07304644443448,5.39248955552374,5.9259722221557,3.83935923179243,461.179049123283,1
2025-09-12 00:09:00,0.1606808814619,6.69032088892569,5.37670422220037,5.9535082221492,3.91335552252918,472.346879766663,1
2025-09-12 00:24:00,0.160204377759967,7.72060222228796,4.32567022243003,5.95133777770326,3.9904589617299,465.847008478177,1
2025-09-12 00:39:00,0.160658570352267,7.19030822230399,5.1275648888728,5.9170677777035,3.93142550649906,472.28885651773,1
2025-09-12 00:54:00,0.160845644425167,8.22820266682803,4.54895955575763,5.98611466658563,3.80665217800353,468.925404742514,1
2025-09-12 01:09:00,0.1612090888685,8.19325711125689,4.3946371113212,5.9734299999261,3.74967871232005,471.89798960335,1
2025-09-12 01:24:00,0.1607151481275,7.22578133341219,4.3683920001977,5.9623951110316,3.64285508217718,473.194763155134,1
2025-09-12 01:39:00,0.163318933315467,8.4462635557277,4.6874522224146,5.96754466657933,3.528935981251,474.14164819784,1
2025-09-12 01:54:00,0.1614961999836,8.2939453334909,4.5599608890851,5.92993177769363,3.56317815464307,473.960240021487,1
2025-09-12 02:09:00,0.163218444427633,8.09789422236496,4.36262000020717,5.89446955547257,3.84462898417363,475.000914606987,1
2025-09-12 02:24:00,0.164565703685233,8.5589997779588,5.18982800014564,5.93980911104406,3.93750635052056,477.397435171223,1
2025-09-12 02:39:00,0.161613170351033,8.01803066681633,4.2855613335362,5.88765133324943,4.21438048443206,472.80682712743,1
2025-09-12 02:54:00,0.164536903685067,8.46169600015767,5.28810600012404,5.92183555548096,4.22613597922108,475.456802353813,1
2025-09-12 03:09:00,0.164600637017067,8.44316644461027,5.19305800016127,5.92519288881616,4.65682155153811,476.707555111087,1
2025-09-12 03:24:00,0.163969948128733,8.35699222238737,4.58942911130717,5.86187111102186,4.77400788241877,475.676901186157,1
2025-09-12 03:39:00,0.167111192576333,8.51377911128577,5.24237933347747,5.9245651110447,4.95364512646527,478.627202424126,1
2025-09-12 03:54:00,0.167072570352733,8.51090866682557,5.24097933347844,5.91738844437133,5.02782322738982,488.68334869262,1
2025-09-12 04:09:00,0.168021822208,8.55826200018297,5.2646220001433,5.88880955546973,4.74251061759253,520.735104765434,1
2025-09-12 04:24:00,0.1678635999828,8.2693255556945,4.64244222241603,5.93216533327203,4.84686276267703,520.94650463091,1
2025-09-12 04:39:00,0.167591992578467,8.30423555569234,5.0710395557425,5.9167453332664,4.99705429514684,495.77995286782,1
2025-09-12 04:54:00,0.1677378666493,7.955250444572,4.27147955576993,5.91864755549543,5.03503075178844,520.564229667024,1
2025-09-12 05:09:00,0.167745533317467,8.55405088904826,5.1537680001449,6.22584999996007,5.29327681013836,517.72201525796,1
2025-09-12 05:24:00,0.167732577765433,8.48644066682173,5.1563175557247,6.22151599998747,5.16221199612565,517.51064176719,1
2025-09-12 05:39:00,0.1674450592479,8.47483888902573,5.1734371112802,6.12141666662146,5.09363122122023,490.232281150957,1
2025-09-12 05:54:00,0.167673777764333,8.61903866684613,5.40237355567554,6.02771511104053,5.07338049702028,520.667818106954,1
2025-09-12 06:09:00,0.168077940727367,8.64005022237893,6.54789000011667,6.04088288881477,5.23945724479128,520.60118982872,1
2025-09-12 06:24:00,0.1682146222075,8.66592555571309,6.5231982223417,5.97488577771276,5.23839792405992,520.77607803652,1
2025-09-12 06:39:00,0.168313340723367,8.66892066682766,6.47067044456614,6.23382755551947,5.27261042868888,517.409283070957,1
2025-09-12 06:54:00,0.168135933317333,8.5726431112959,6.53374955567613,5.96109533326336,5.47222833551642,523.61434989346,1
2025-09-12 07:09:00,0.1677473036884,8.42647711127854,5.16827733350127,6.11720444443397,5.49919460161238,496.789681385297,1
2025-09-12 07:24:00,0.167786385168633,8.54208755569966,6.18405955568704,6.26381244440646,5.60616879041336,524.925700469884,1
2025-09-12 07:39:00,0.168373992575333,8.60912444462743,6.2973571112395,6.00558088883137,5.58538027650857,520.84842032782,1
2025-09-12 07:54:00,0.1678371999849,8.52973088906103,5.14348711127197,6.1700737777545,5.58651981633443,517.45327623071,1
2025-09-12 08:09:00,0.167528155539533,7.9252466667698,4.2611213335375,6.29598222218747,5.44110061433126,520.909362204244,1
2025-09-12 08:24:00,0.1664609333172,7.05433088891842,5.71315600003487,6.4289375555211,5.35419738451915,489.464746146117,1
2025-09-12 08:39:00,0.1626035310379,7.26018632482126,7.03197644465137,6.7771231110575,5.30797418945115,473.908454751023,1
2025-09-12 08:54:00,0.1629657754786,8.37458777806443,9.70167733430716,7.154581333305,5.43321186257364,479.011019132893,1
2025-09-12 09:09:00,0.1380897703654,7.8623682225044,9.6280364451976,8.96830044449129,5.70029156594783,452.8473372979,1
2025-09-12 09:24:00,0.134047866668033,6.13034977785463,9.15212666711657,13.2682471103508,5.85014301650348,445.220169337243,1
2025-09-12 09:39:00,0.1321823740727,6.20388027355167,9.2014208894372,13.4301724437152,5.94742749660304,442.549785467893,1
2025-09-12 09:54:00,0.135272414807433,6.05794555562179,9.10125377823187,10.8146853328863,5.84651730436665,449.683977049669,1
2025-09-12 10:09:00,0.136147792592267,5.79385511114383,9.1936408893248,11.506421999311,5.89724363271344,449.727301863316,1
2025-09-12 10:24:00,0.1360570740646,5.67964933337483,9.11555444496534,11.452419777284,5.70867486903362,450.656293526949,1
2025-09-12 10:39:00,0.137164881470133,5.18086000003397,9.18265888966487,11.309373999777,5.47401502632099,451.258824774003,1
2025-09-12 10:54:00,0.135637303705833,5.7203633333524,9.2100626671069,12.9890335548612,5.76215135150435,446.702474808333,1
2025-09-12 11:09:00,0.135239348147367,5.61127311113467,9.0250842227397,14.1830079990967,5.5550743710278,445.838098823039,1
2025-09-12 11:24:00,0.134996155557733,5.1541562222209,9.00269844522634,14.4426739991346,5.69861024459812,444.995799427439,1
2025-09-12 11:39:00,0.134171459258333,4.4136793333231,8.42826533409908,16.5053931104455,5.57753322010169,442.377401838396,1
2025-09-12 11:54:00,0.130695201111167,2.98506427348307,2.1601008888304,23.779327110919,5.6194643839741,439.979610956089,1
2025-09-12 12:09:00,0.124734748697633,2.04673278634883,1.1748456238806,27.656213367954,5.75412020286271,434.776429501614,1
2025-09-12 12:24:00,0.110691236444756,1.97707367522577,1.12093557258387,28.577718479463,5.59932533785232,432.425662940914,2
2025-09-12 12:39:00,0.112710267937176,2.1426319829301,1.07992849565763,27.3430807867563,5.6486412745347,431.562434926914,2
2025-09-12 12:54:00,0.126436491662667,2.00981280345007,1.0352758289935,29.2587102571516,5.74856871201484,432.76339288328,2
2025-09-12 13:09:00,0.123541400562367,2.01711001710357,1.0448911110514,29.089747402339,5.95393170498498,432.571244835117,2
2025-09-12 13:24:00,0.123372713392167,2.2027513675183,1.0094960341323,29.8944496245457,6.16971872106157,432.982155522239,2
2025-09-12 13:39:00,0.113535001127461,2.56681753844483,1.10407637604707,27.1565286325143,6.43317722884503,432.361328286333,2
2025-09-12 13:54:00,0.113236233486216,2.48090379486376,1.01128904270787,28.525731624175,6.66569615837708,432.928696440486,2
2025-09-12 14:09:00,0.1237055590004,2.37307186324063,0.783345487137034,32.0211507520644,6.29612465379718,432.072346414483,2
2025-09-12 14:24:00,0.1269892535795,3.65222049571947,1.0491461880071,30.0288760855513,6.44824129823072,432.708009158407,2
2025-09-12 14:39:00,0.127196158437533,2.86066772648763,0.973853299112366,29.054260683855,6.383454120565,433.280849287846,2
2025-09-12 14:54:00,0.129231472404567,4.04981782909206,1.10222582903937,28.6770644613973,6.28700305333521,433.08939174977,2
2025-09-12 15:09:00,0.128123416017833,3.64604714532753,1.1739355213493,29.115689641066,6.43012765165032,432.43179253318,2
2025-09-12 15:24:00,0.125930275893133,2.37039153845273,0.843888683724667,31.557310684022,6.86149470290811,432.08191834972,2
2025-09-12 15:39:00,0.123606330006733,2.27035993159687,0.617872905892266,37.4065608892043,7.12647949516472,432.071321511167,2
2025-09-12 15:54:00,0.114958564219522,3.40112990478504,0.825852085435133,35.3515937776237,7.09974563584091,432.101241377707,2
2025-09-12 16:09:00,0.127189503745933,3.71167044443357,0.815424888874566,31.8619772479617,7.09531989000604,432.248433030803,2
2025-09-12 16:24:00,0.130773988951,3.9384739682131,0.969959999988433,34.3618659993877,7.05137546946451,431.254274701673,2
2025-09-12 16:39:00,0.134336503748767,6.41478688881434,0.968036444439666,28.4566387690533,7.21039225354249,431.588176675113,2
2025-09-12 16:54:00,0.132118696349833,5.35442294005237,1.0458113333435,28.7306502395367,7.05636867388312,431.50244673159,2
2025-09-12 17:09:00,0.127156105164333,4.18293996826577,0.836750888864733,31.4700604445636,7.10697957229965,431.94176796211,2
2025-09-12 17:24:00,0.126043916826133,3.196681965842,0.810870290577134,32.914298837807,7.21251687297627,431.88267750188,2
2025-09-12 17:39:00,0.124285855274633,3.54696996823757,0.824263982891967,34.4313887521563,7.35881712231915,431.450938802947,2
2025-09-12 17:54:00,0.128172257005,4.50719799999014,0.803637777722367,31.150814239168,7.34076997218106,432.250124881936,2
2025-09-12 18:09:00,0.136157577824567,6.97635866672797,1.04583155552563,28.3360209910327,7.24384998606569,432.589675132023,2
2025-09-12 18:24:00,0.150709270344267,9.69655044427831,2.1350762221958,21.6449199999418,6.94660895855107,436.165431952177,2
2025-09-12 18:39:00,0.1427969259409,10.573092888971,1.54831422219137,18.9084451110336,6.87380233166084,435.742694458496,2
2025-09-12 18:54:00,0.149205940727933,11.2575913335634,4.73515822221807,12.6369615558735,6.78181137900647,435.0145803644,2
2025-09-12 19:09:00,0.153003800007233,10.789000222382,4.84722222220577,11.4876019999558,6.83130493984987,435.336726786233,2
2025-09-12 19:24:00,0.1533098481348,11.2588942221431,7.19389444471603,10.4106173332679,6.6036978236539,440.534168582764,2
2025-09-12 19:39:00,0.152305325928834,10.5603224442732,5.25495711108357,10.3265588887201,6.91903987286674,435.099802216684,2
2025-09-12 19:54:00,0.1441487444403,10.9597148886238,6.32959288877161,8.86745755518356,6.78224839185705,437.952750522504,2
2025-09-12 20:09:00,0.138268448147967,11.2345575554234,7.62336333353077,5.61427666650323,6.82797724348986,439.89619976884,2
2025-09-12 20:24:00,0.137417242180033,10.3956279998605,6.5045613331204,6.91109377760886,6.74799106563722,439.580784494377,2
2025-09-12 20:39:00,0.149286168100033,9.67923044445866,7.6280357779988,7.66154311090967,6.79756997315148,446.222390692193,2
2025-09-12 20:54:00,0.143341556127767,10.1317415555805,7.28809377789807,5.2906684444188,6.68828628171129,444.18687892811,2
2025-09-12 21:09:00,0.143570385766433,10.0699002222326,7.07281311120524,5.24385333329057,6.92652001040868,443.743726352363,2
2025-09-12 21:24:00,0.148580045588133,9.64121844439287,7.43495555550741,5.06901555548047,6.92582799100583,445.312327310903,2
2025-09-12 21:39:00,0.147351800589633,9.3381155555879,6.86410111111261,5.2234806665824,6.89358427072528,444.126173002483,2
2025-09-12 21:54:00,0.1606069168054,7.95498866658939,6.98520044438847,5.4684871110675,6.88487244679014,459.033091846883,2
2025-09-12 22:09:00,0.158940909405967,8.23200355546679,6.3249293333544,5.26129399994806,6.87655614517083,457.29580313304,2
2025-09-12 22:24:00,0.160117139034967,8.74998155544639,6.55006866658504,5.0189973332649,6.73387576366036,449.420873886624,1
2025-09-12 22:39:00,0.160095175481433,7.88445599992053,6.54754266656673,5.377591333256,6.69664645545795,452.042794162807,1
2025-09-12 22:54:00,0.158752237019733,7.50825022220705,5.69023733330514,6.1610557777094,6.69134491045557,459.92201245448,1
2025-09-12 23:09:00,0.159295548139633,6.77819644445312,5.62959822219131,6.15092399993633,6.54003581023547,464.868772497207,1
2025-09-12 23:24:00,0.158394414794567,7.41717755556149,5.31824711112314,6.24004688883706,6.51922097347369,464.783022177547,1
2025-09-12 23:39:00,0.159123866654533,6.93233466668781,5.30424888889427,6.54684822214629,6.81811238488161,468.090513568657,1
2025-09-13 00:09:00,0.159280548132033,6.83561000001935,5.44125844441081,6.1496855555,6.49926635813846,465.969286662453,1
2025-09-13 00:24:00,0.159441037018333,7.29663933337076,5.4863975555374,6.022614666616,6.5696068910595,467.142952273003,1
2025-09-13 00:39:00,0.1604281777565,8.15144333339363,5.61266333358907,6.00392111105143,6.5138788682998,468.326890733107,1
2025-09-13 00:54:00,0.1592143481307,7.10654088894159,5.65641111106313,6.08013911105399,6.53303436534926,466.87242508446,1
2025-09-13 01:09:00,0.160192199981,8.20537488898076,5.57770666690884,6.06641799994416,6.68896251272067,467.176102448147,1
2025-09-13 01:24:00,0.1606543333152,8.47922933348314,5.93334311131744,6.03104066658966,6.58038141358306,470.004134675804,1
2025-09-13 01:39:00,0.163283525907267,8.4245033334685,5.89443511132704,6.02385644436117,6.53650459670909,473.7598152626,1
2025-09-13 01:54:00,0.161322814795733,7.99349333339223,5.5514435557993,6.0592455554955,6.44167503467587,472.596643044777,1
2025-09-13 02:09:00,0.160242407387567,7.29887333336889,5.1901980001573,6.04814044437353,6.5916454946764,470.66962769269,1
2025-09-13 02:24:00,0.1614921036834,8.47927755571007,6.74919200016757,6.0814677777098,6.47333627332623,473.040497890463,1
2025-09-13 02:39:00,0.160212629609767,7.06966844446345,5.6837666666506,6.05600222215546,6.65500094639721,470.69932720879,1
2025-09-13 02:54:00,0.1609625259064,8.10340955565463,5.74634533359253,6.22100244442693,6.52814657289514,471.741779709277,1
2025-09-13 03:09:00,0.1664094962827,7.02445666665912,5.6956857777191,6.1931346666508,6.5359782537914,489.723884362517,1
2025-09-13 03:24:00,0.1672691036875,8.4867828890445,6.76904266686184,6.1966688888454,6.46630029335504,490.04876268652,1
2025-09-13 03:39:00,0.167171570357367,8.05945066677647,6.17884844479573,6.06017466661276,6.41173947045315,523.611182376254,1
2025-09-13 03:54:00,0.167232103689667,8.40638977792237,8.23733377841321,6.11996755550053,6.31903055512714,488.027532981494,1
2025-09-13 04:09:00,0.167401155538633,8.36379822238754,9.1235868897781,6.3203251110858,6.45570901777161,518.02161257773,1
2025-09-13 04:24:00,0.167401155538633,8.37442355572353,9.1604766675538,6.3328237777527,6.39458737638462,517.763590749697,1
2025-09-13 04:39:00,0.167547177761867,8.4526322223981,9.10073022300223,6.30084555554393,6.54125346218333,518.04582273268,1
2025-09-13 04:54:00,0.1676117333151,8.39532755571534,9.17263555642237,6.1127117777211,6.38229404809995,517.312382570663,1
2025-09-13 05:09:00,0.1678068666497,8.62549311128537,9.0859526672587,6.44205266662083,6.25641443272746,520.946734329073,1
2025-09-13 05:24:00,0.167531999983967,8.5191468890701,9.11543577853569,6.26659266665447,6.37176467783285,517.2265224581,1
2025-09-13 05:39:00,0.167697844428533,8.6191188890741,9.22302488957813,6.31515333331033,6.31664660263197,517.716841737573,1
2025-09-13 05:54:00,0.167334614798733,8.60429333351443,7.39578933360741,6.10604288882337,6.27792020730654,489.92600576265,1
2025-09-13 06:09:00,0.167313148134633,8.44493044459204,6.23476044469324,6.26262555554387,6.23907738481531,520.777206970477,1
2025-09-13 06:24:00,0.167946977762233,8.67773311127089,7.5554448889975,6.13747644437463,6.20968181761501,523.73960499727,1
2025-09-13 06:39:00,0.167478503689033,8.6416384445822,6.95727600013804,6.08759844438113,6.08625732663638,520.457540316304,1
2025-09-13 06:54:00,0.1676754444288,8.6493106668271,7.06161466677587,6.2486068888541,6.02326232696765,520.71668532887,1
2025-09-13 07:09:00,0.166689792578467,8.53824044459104,6.76568711128151,6.0631884443694,6.06150337049487,477.570568487747,1
2025-09-13 07:24:00,0.1673998148013,8.51930111126867,6.74574488905984,6.2617439999788,5.846669000507,523.868710303304,1
2025-09-13 07:39:00,0.167372711094767,8.04475844454667,5.5994115558181,6.33622555552607,5.56046363673687,521.020078317104,1
2025-09-13 07:54:00,0.167629999982333,8.44762800016544,7.10416266697501,6.37429244441807,5.25796510309402,517.47470912184,1
2025-09-13 08:09:00,0.1674823999833,8.31020866682324,9.07230488976657,6.44310111106903,5.27052708751937,518.218491459957,1
2025-09-13 08:24:00,0.166316303686933,7.08868822225319,6.39349644454536,6.62509777771443,4.91464098865116,489.83721860964,1
2025-09-13 08:39:00,0.165470214796,8.51997822247993,9.2204808896127,6.97703666660697,4.64135025220954,490.059146098593,1
2025-09-13 08:54:00,0.163413496271767,8.63108155582044,10.0081155563178,7.2427008888269,4.61947213755749,486.681147010656,1
2025-09-13 09:09:00,0.1624594370151,8.64396000028417,10.9166015566395,7.210868666629,4.45067883491429,484.527475785556,1
2025-09-13 09:24:00,0.134516076931333,7.2038628890691,9.2796060005631,8.67908600009133,4.04474978315168,448.139641337043,1
2025-09-13 09:39:00,0.133150566669067,6.4693430257259,9.45944844495464,9.6920771107279,3.87028019494943,440.155522753893,1
2025-09-13 09:54:00,0.133507588892,6.84685022235133,9.49216488938483,9.7169017773618,3.98362532196842,440.14504337518,1
2025-09-13 10:09:00,0.132682396293133,6.44546849581383,9.3395917783614,9.72755044412643,4.25814120990892,441.40729524673,1
2025-09-13 10:24:00,0.132787070373367,6.34987205135429,9.31814288936777,10.4615713329061,4.36831176361841,441.718739222793,1
2025-09-13 10:39:00,0.132434258413567,6.2156678291448,9.30761355612007,10.4923466663457,4.26085899973006,444.797717860923,1
2025-09-13 10:54:00,0.134716251848333,6.15258191462986,7.4430857777738,10.9838991105354,4.06634580629206,446.784191597393,1
2025-09-13 11:09:00,0.134954822221633,6.12816177788786,7.48575355555986,10.8740499994947,4.05022811028492,447.726309970723,1
2025-09-13 11:24:00,0.135487992589033,5.67257600006056,9.07339488934897,11.322464443905,4.07910614146288,448.045711068023,1
2025-09-13 11:39:00,0.134488288881833,5.734061111156,9.1825011115488,11.8036768880693,4.31590903283882,446.844291841496,1
2025-09-13 11:54:00,0.132083180608967,4.99563502563137,8.95438755632181,15.8706939991904,4.48821330298319,443.342990014179,1
2025-09-13 12:09:00,0.1312254330531,3.351803572641,3.9327050938491,17.5232935551658,4.20299452600792,440.724966050019,1
2025-09-13 12:24:00,0.133048647872933,3.2195086837539,3.35333847849644,18.5813988883039,4.40390966866922,439.390254215063,1
2025-09-13 12:39:00,0.131446371489133,2.0805722905908,1.78782736751097,24.9393342219453,4.6183022947175,434.905569320789,1
2025-09-13 12:54:00,0.132926952670933,1.9920132649752,1.09594591449213,29.1850343937943,5.91912248620318,431.911250681337,1
2025-09-13 13:09:00,0.127489397635567,1.9776370427576,0.961012854647201,28.96047545359,6.91420391864004,431.542857474807,1
2025-09-13 13:24:00,0.133308080328734,2.11963656414396,1.09371545294757,28.4644710603663,8.18310584451396,430.491828201941,2
2025-09-13 13:39:00,0.132340436997267,2.0565076581352,0.791350427260834,34.685921692153,9.01755110844488,430.376711306863,2
2025-09-13 13:54:00,0.130408795442667,1.99275374358533,0.802449555486567,33.713570136533,7.76742968963496,430.00801880521,2
2025-09-13 14:09:00,0.1329055304998,2.25897206833413,0.899337794814533,36.2284580857517,7.80213639738512,430.321965379387,2
2025-09-13 14:24:00,0.128450055566667,2.71709555549867,1.03827999993897,37.0319404445617,8.35260760148646,430.737785752397,2
2025-09-13 14:39:00,0.1253349185573,2.55842666660463,0.9861989999289,38.0953573164387,8.66143569098011,429.773657626594,2
2025-09-13 14:54:00,0.1237400740723,2.75582536503457,1.04920599998243,38.8996573331693,8.25387259009979,430.37572828804,2
2025-09-13 15:09:00,0.123835362991267,2.5484383418342,0.911596222181066,40.9785704442433,8.00942707726855,430.027888343614,2
2025-09-13 15:24:00,0.115036933628304,2.9313471110822,1.10359266670347,40.2924317776354,8.60319092869806,429.616752038574,2
2025-09-13 15:39:00,0.11556131001479,2.8728833333079,1.06201466672893,41.5243386833714,9.55699296505034,429.665804633424,2
2025-09-13 15:54:00,0.115156586651985,2.80157622219363,0.998915111168966,43.695515897755,10.9410182886616,430.245343858057,3
2025-09-13 16:09:00,0.1313205703877,3.41938688887186,1.340235555526,42.8288869745367,11.1435753143157,431.026157875197,3
2025-09-13 16:24:00,0.1317171926141,3.45396017091187,1.29289822218074,42.5638864958197,10.1854096642134,429.126316039963,3
2025-09-13 16:39:00,0.140096333332067,3.59683955553066,1.3626109743292,42.3816260343307,9.84862907939471,429.106960067556,3
2025-09-13 16:54:00,0.130627288913466,3.28532700852446,1.30072497432607,42.696646307833,9.15964106440005,428.727337404103,3
2025-09-13 17:09:00,0.130590733359233,3.23663654699186,1.2662432649147,42.3840747693167,8.86293009585986,428.763985759683,3
2025-09-13 17:24:00,0.127639214846067,3.1450144957118,1.19489066665154,42.887537042861,8.44693204254058,428.756802374416,3
2025-09-13 17:39:00,0.131882955562533,3.20981232481077,1.12497688886083,41.3696675381274,8.39957770644512,429.12361648032,3
2025-09-13 17:54:00,0.1357488888931,3.8841393333692,1.12966622218723,41.9802307351214,9.26298515774868,430.069947973487,3
2025-09-13 18:09:00,0.133719800014433,3.61421133334803,1.19014288886537,42.0353864786874,9.35312389748313,430.042577117203,3
2025-09-13 18:24:00,0.147191659272633,6.17687907934043,1.24315511107347,36.4591617773183,9.14501197774769,431.436730675777,3
2025-09-13 18:39:00,0.148231111161867,7.13748112695113,1.75407088885097,31.1648973326537,9.01053334495478,433.37967598953,3
2025-09-13 18:54:00,0.153745340751534,7.00538644422557,2.0770693332945,28.4637393325313,8.60026713200171,437.14375776226,3
2025-09-13 19:09:00,0.15892786669,8.21215511072226,2.39173511106497,26.0613226661409,9.03596302213819,439.07544020779,3
2025-09-13 19:24:00,0.153096281484834,7.77123177746366,2.25699111107303,26.8094146659462,9.11431864257016,437.61275458966,3
2025-09-13 19:39:00,0.155580437037667,9.88482577717559,2.8188157777696,23.0894411112867,9.21986948155952,440.369737226007,3
2025-09-13 19:54:00,0.173781392598733,10.9160537776453,3.1546622222227,18.9196104448479,8.96376971137557,456.43164595133,3
2025-09-13 20:09:00,0.1733344185051,10.7926499999296,3.82604155558924,18.6940568892251,9.65265283317158,455.498044253373,3
2025-09-13 20:24:00,0.155574785169733,9.06712977743774,3.50416755559287,20.5115237782803,9.7472445935811,445.352888094667,3
2025-09-13 20:39:00,0.165520488936267,10.4978253328078,3.47491933335917,19.4857673336073,10.4830292328668,447.863315583151,3
2025-09-13 20:54:00,0.1801153482464,10.410980221961,3.25643800001613,21.3966204444526,12.2082700656751,446.54257312695,3
2025-09-13 21:09:00,0.178630911176967,9.95535622209066,2.7804011111252,25.8553193327047,13.3721677981365,440.290962171197,3
2025-09-13 21:24:00,0.182007163050167,10.8080433328493,3.7105200000378,22.682831777513,13.2554417325925,443.253391331483,2
2025-09-13 21:39:00,0.184729614909867,11.0722833327367,3.62512200004314,20.0615080004489,13.2997984883348,446.512253512304,2
2025-09-13 21:54:00,0.183412377868467,10.5548339998769,3.0839637777705,22.0897613330868,13.1122744076291,443.34130332758,3
2025-09-13 22:09:00,0.181930696393733,10.5843455554343,3.15732977779274,21.8025117778512,13.0821139103549,444.044390859393,3
2025-09-13 22:24:00,0.176475566686867,11.353972666362,4.04368222224443,18.6705420004275,13.0176931739309,439.714525088354,3
2025-09-13 22:39:00,0.178155881498867,11.0939479998275,6.7352680001996,10.7238615548235,12.7254989561581,441.946516590727,2
2025-09-13 22:54:00,0.173830251906733,10.4390595554385,7.8952568890669,8.42387733305966,12.5842457672826,442.367140891957,2
2025-09-13 23:09:00,0.170414703748267,9.45380866632954,5.86757733323257,9.34235866605876,12.9415646656074,437.6337324023,2
2025-09-13 23:24:00,0.173359281525033,9.85398533300614,6.96103444419031,7.12021377761433,12.8684820061978,440.22598008744,2
2025-09-13 23:39:00,0.177604718564633,10.1137131110627,8.19161622235347,6.52119044437946,12.6786898971823,444.39915849212,2
2025-09-14 00:14:00,0.172356740793267,9.42647711091077,7.34712288860714,6.71403733326019,12.7609817135961,440.87850965497,2
2025-09-14 00:29:00,0.173713348185167,9.76851333324437,8.0556364444692,7.06951977775393,12.5134486802997,443.778926462973,2
2025-09-14 00:44:00,0.173805340754934,9.65988466658441,8.76931199986624,7.05212600000596,12.2007164495618,444.770876741207,2
2025-09-14 00:59:00,0.1634130444564,8.6779142222839,8.77816266655241,7.21037999990446,11.738001177919,441.84485624563,2
2025-09-14 01:14:00,0.165671044455,9.15026688901346,8.72273599987847,7.07976955556896,11.5890233784913,444.05113717758,2
2025-09-14 01:29:00,0.174398348159967,9.01091911127229,8.95060999984651,6.89225999999756,11.435622412425,451.753950476527,2
2025-09-14 01:44:00,0.176957777779667,9.34797266680416,9.13887933320487,6.78821088890826,11.2222721024961,453.96884913539,2
2025-09-14 01:59:00,0.1746842259271,9.03292888899936,8.54652155556147,6.82837511109277,11.374302413858,457.219979840607,2
2025-09-14 02:14:00,0.175732014814967,9.21192444454699,8.58293622222238,6.84283644441807,11.2790440461135,454.880104365387,2
2025-09-14 02:29:00,0.171649622224467,9.14297066677275,8.58419933332814,6.94509466662813,11.0858473287061,451.9495454001,2
2025-09-14 02:44:00,0.1796087851786,9.6872673334221,8.73364222222374,6.71186844442961,11.6442085811176,457.547230407874,2
2025-09-14 02:59:00,0.1644774222295,8.769918444271,7.14666977764504,10.5740635550543,12.0123993595681,438.596103038514,2
2025-09-14 03:14:00,0.159996055575067,9.6284484446084,8.14354822228664,7.1473162221695,11.8348296750304,444.4251113184,2
2025-09-14 03:29:00,0.1597069222318,8.83751577779763,8.9598484443408,7.1734966666437,11.7953168475803,442.706151521843,2
2025-09-14 03:44:00,0.174622685179033,9.60095022238723,9.37701444518363,6.85798044442389,11.3656691500803,457.329979743901,2
2025-09-14 03:59:00,0.160408570375167,9.43256488908782,9.7863400009859,7.21254200001346,11.1837179933236,445.751951794487,2
2025-09-14 04:14:00,0.173096188887367,9.9342951113349,10.334148890008,6.92015022217363,10.9919250116045,455.43009792296,2
2025-09-14 04:29:00,0.1713640407368,9.08113733343373,8.36654088889288,6.90186288887043,10.5291618716879,457.158236188914,2
2025-09-14 04:44:00,0.171456603695967,9.06795644452789,10.0909891122019,6.6737428888587,10.2783350100329,466.11466154474,2
2025-09-14 04:59:00,0.17172016666,9.0876517779022,10.2291695566774,6.70293599996796,10.0860856305245,466.446403598487,2
2025-09-14 05:14:00,0.171718759254833,9.26506511123543,10.1689551122017,6.84620022220049,9.83009388078625,458.197881185684,2
2025-09-14 05:29:00,0.1732546407343,9.36428244460022,9.84919733434653,6.88683288886616,9.67214211687956,457.42928703055,2
2025-09-14 05:44:00,0.152830233329,8.63787666669947,7.66284977779344,7.39170133333613,9.62954371565681,443.3174543646,2
2025-09-14 05:59:00,0.149561222244767,8.6818646667658,9.5115513343345,7.44427955552076,9.29852894286075,445.830964668654,2
2025-09-14 06:14:00,0.169673348149933,9.2243095557059,10.0541262232454,6.77626488885119,9.12523352501979,459.748837956054,2
2025-09-14 06:29:00,0.165300259253767,9.1057993335092,10.0596304454489,6.95461577772856,9.05624187686021,457.521579534817,2
2025-09-14 06:44:00,0.163725844444267,8.56344777783866,9.55685777875706,7.09847888889986,9.03297410724871,452.399221726717,2
2025-09-14 06:59:00,0.1669427851858,9.1429353335162,10.0367497787368,6.9849699999768,9.0969511968328,461.391104527277,2
2025-09-14 07:14:00,0.170089755558367,9.01112555564726,10.0874700011169,6.65128244440773,8.90344591750495,467.62108605536,2
2025-09-14 07:29:00,0.1690643037118,9.2049306668262,10.1297222233144,6.58218155554063,8.62762800812071,473.275594140913,2
2025-09-14 07:44:00,0.1709867259343,9.26598444459237,10.0064857788016,6.5857346666434,8.51296575204944,476.057480466486,2
2025-09-14 07:59:00,0.1623806199395,8.91292022241667,9.29905155642063,7.12550688886356,7.36290256190127,458.2232143489,2
2025-09-14 08:14:00,0.139606770372567,8.7383293334703,9.3161511119787,7.473731333316,7.2792940808145,446.947343137017,2
2025-09-14 08:29:00,0.139142553291033,8.3622126668148,9.39597755653227,7.77567822228506,7.19290846700833,445.935374783113,2
2025-09-14 08:44:00,0.137896222225367,7.93721933329926,7.393436889242,7.72030955561519,7.3157183086101,443.357657260383,2
2025-09-14 08:59:00,0.148169559285033,8.7976935556329,8.41935400065293,7.98125177785339,7.52499229918527,446.100050986184,2
2025-09-14 09:14:00,0.157138059243133,8.93728244459926,8.04066644510293,14.7026940003217,7.78101068986426,438.612958967097,2
2025-09-14 09:29:00,0.135566942190733,7.2318917778831,8.07909400031933,12.7421179996589,5.50713547843205,441.020328337777,2
2025-09-14 09:44:00,0.131753722228167,6.24813991456116,7.92956888916666,16.512237111008,3.29924895606599,441.037571554406,2
2025-09-14 09:59:00,0.129283505129967,6.0962082734763,7.0023440000004,19.0383617774443,1.92103730664543,440.713925592663,2
2025-09-14 10:14:00,0.127581068089267,5.9560240512588,7.57742777792147,20.0944317773659,1.79436781679853,437.375748754933,2
2025-09-14 10:29:00,0.126461994011733,6.05849680339804,7.63050177795386,19.3314844440671,1.74418660424545,436.643371228237,2
2025-09-14 10:44:00,0.126025194010433,6.00562524782717,7.49221133356776,20.673150888594,1.7210997892416,436.668324635513,2
2025-09-14 10:59:00,0.124914627336366,5.63221480339457,7.21852444478773,21.2534251110255,1.72832486945934,435.931320073914,2
2025-09-14 11:14:00,0.125055605106566,5.80191302560794,7.43065400027266,21.2134728887919,1.76476416818342,435.86978602563,2
2025-09-14 11:29:00,0.125100496269866,5.6544394700688,7.21957444478573,21.1828966665865,1.7708962453104,434.726384162004,2
2025-09-14 11:44:00,0.123824560656033,4.0563008717965,7.04435266718613,22.5013902222643,1.85894965442975,433.812941630194,2
2025-09-14 11:59:00,0.124839634737533,5.4364012478389,7.35659044469343,21.9595462220308,1.92282499964555,435.203065220343,2
2025-09-14 12:14:00,0.124684168071933,5.0139029401472,7.18296066716997,21.9398102220305,1.97407918589375,434.254447020664,2
2025-09-14 12:29:00,0.126332275473133,5.52512382905867,7.729231333856,19.3603348884646,2.12403626138629,434.860690856717,2
2025-09-14 12:44:00,0.124212136999566,5.1957810427269,7.7026486672494,21.6067668887255,2.22328894057435,433.742434081397,2
2025-09-14 12:59:00,0.123716848100933,5.33466082051164,7.7667402226522,21.7652071110172,2.41576522946591,434.33579161478,2
2025-09-14 13:14:00,0.129475351808467,5.37674449573977,8.3466931115974,17.8752726662671,2.55858808477026,437.027155219973,2
2025-09-14 13:29:00,0.128818485139267,5.59074844447407,8.88758866713941,20.6738013329536,2.74553844377372,438.116615499373,2
2025-09-14 13:44:00,0.129063581443067,5.48112988036704,8.7224975560363,21.7628013331031,2.67933757160541,438.075655772766,2
2025-09-14 13:59:00,0.1293775162044,4.25217305980857,8.77566511155017,23.9390871109503,2.77148996678831,436.962101175327,2
2025-09-14 14:14:00,0.130899731024967,4.30950972644553,8.78284711155047,23.7470917775886,2.89502865571791,438.31165990322,2
2025-09-14 14:29:00,0.1320499088041,3.54413164103344,7.08260377774373,25.8510212817867,2.92366604419611,432.58970751136,2
2025-09-14 14:44:00,0.1326727680571,3.47057764102817,7.76409266683077,26.837125059714,2.8941453823411,432.11128793758,2
2025-09-14 14:59:00,0.132018568048267,3.1597525811971,8.61517155603201,27.7065519487327,2.90038296696481,431.71725383443,2
2025-09-14 15:14:00,0.132737634708167,2.98918858119907,8.63802911182514,28.1483463933457,2.91948735349143,430.93792606271,2
2025-09-14 15:29:00,0.134345271723967,2.74755218808233,8.4821211118598,30.3656055218643,2.94174201377704,431.43997971739,2
2025-09-14 15:44:00,0.134156079128467,2.62909647867713,8.24000155629507,31.526081658488,3.04143095895222,431.251505768654,2
2025-09-14 15:59:00,0.134454533259533,2.45169912822493,2.65381888885777,34.3837995555187,3.06933796720899,431.01819455546,2
2025-09-14 16:14:00,0.134256236984433,2.34274721369967,1.7712576580839,35.2144205808581,3.05613163293095,429.152919245847,2
2025-09-14 16:29:00,0.134003155513134,2.24467206836343,1.6929411110874,37.324263111595,3.07860766742685,429.538678885337,2
2025-09-14 16:44:00,0.1258088591687,1.8762782905719,0.761710102439034,37.6777898892097,3.05420796132732,428.4616407358,2
2025-09-14 16:59:00,0.111495739334697,1.88106451279777,0.716309726354466,37.288238444873,3.02358964908859,426.918023269071,2
2025-09-14 17:14:00,0.113422702147896,2.913204393183,0.7625348546638,32.2361465811697,3.01292500635905,431.083503115753,2
2025-09-14 17:29:00,0.114245834349624,2.42466170943457,0.7343340854004,33.9026751796597,3.11471128947087,431.23055517114,2
2025-09-14 17:44:00,0.124738437636667,4.10031847866793,0.946117965792966,30.067482837815,3.00172654052941,432.10797040313,2
2025-09-14 17:59:00,0.127686697471033,4.91793271794316,1.1390348888758,26.848302358664,3.05053606612053,434.67053578829,2
2025-09-14 18:14:00,0.137299440784267,6.7528684443857,1.27289555554983,24.6041030256943,3.09556047257466,434.81599646814,2
2025-09-14 18:29:00,0.1350157222657,6.26775222215793,1.28425133330523,24.713674359001,3.14952746764026,435.435664179824,2
2025-09-14 18:44:00,0.132592528795833,5.9847517776163,2.2338624444072,18.2097237776067,3.02465795277301,434.15914647015,2
2025-09-14 18:59:00,0.134487095453067,8.04090933305516,2.82064088882354,15.4029179999009,2.90267766514886,434.879100074207,2
2025-09-14 19:14:00,0.135896336220067,9.59613466640674,3.7275679999188,13.4738835554674,2.88517268615313,434.744780328247,2
2025-09-14 19:29:00,0.1381791199602,9.9153844442048,5.10831799999597,11.1118257776277,2.81501294815375,435.244694943267,2
2025-09-14 19:44:00,0.136123432505367,10.3026462220055,4.8354039999899,13.1652300002367,2.81334449275493,436.297500589524,2
2025-09-14 19:59:00,0.136229158423533,10.2386582219894,5.71169444460243,12.3367888886878,2.86006581457228,436.359249273137,2
2025-09-14 20:14:00,0.1358384895269,9.25477688871484,4.22270777772887,10.1272877774515,2.88241015560874,436.262528918547,2
2025-09-14 20:29:00,0.1378340000518,9.87645155542097,5.41721022227643,9.47654844394759,2.78160169234477,439.065151024117,2
2025-09-14 20:44:00,0.1339537744131,8.01793511088427,5.2582751110474,8.33055022195002,2.82295416437462,438.248525601153,2
2025-09-14 20:59:00,0.1337435618756,8.43023088873313,6.07498222226804,6.53434866649029,2.74212772660466,440.476629063083,2
2025-09-14 21:14:00,0.1368044889138,10.1279551108955,6.25753955557837,4.58965155541277,2.72961533082273,441.858334226076,2
2025-09-14 21:29:00,0.141536707140233,10.0606817777037,6.24654955557484,4.91712666656523,2.65598897083651,444.66282181019,1
2025-09-14 21:44:00,0.139049918536833,10.5421455554357,6.12311555558237,5.56335777769137,2.57150665016036,444.078713444993,1
2025-09-14 21:59:00,0.150853370378933,9.2270353333447,6.25710066662257,4.8737346665716,2.5639645614953,445.06651152716,1
2025-09-14 22:14:00,0.1500065333468,8.50957955545206,6.31548022215951,5.1462399999252,2.51546992189399,444.937189673127,1
2025-09-14 22:29:00,0.159209266678067,8.6285653333245,6.08824266659224,5.042872666585,2.51276773881322,447.115809347904,1
2025-09-14 22:44:00,0.159025999998267,8.70583355552869,4.83656755552297,4.78176755545787,2.47538429142366,447.38265938665,1
2025-09-14 22:59:00,0.159183525907633,8.1803891111367,4.2003702223559,5.1446079998938,2.46328524128888,453.161047399004,1
2025-09-14 23:14:00,0.159675348142833,7.78861844446956,4.20305977769457,5.1019504443622,2.39645452406084,457.75457510694,1
2025-09-14 23:29:00,0.1602009999832,7.34631311118359,3.4548146666178,5.5520531110147,2.39495861043995,460.484714109833,1
2025-09-14 23:44:00,0.1601927036981,7.27143622228663,3.80711377768733,5.11934177768183,2.44015133121848,460.01191835192,1
2025-09-15 00:14:00,0.161121370348733,6.94802133338059,3.81645777773143,5.80603666659603,2.42273732474112,474.189663272427,1
2025-09-15 00:29:00,0.1661415703532,7.05252622227885,3.9689582221856,5.80185777769746,2.41366406137471,478.53507887831,1
2025-09-15 00:44:00,0.166174481466633,6.91207822227899,4.6290726666248,5.79760999992147,2.3859006040838,488.623824317477,1
2025-09-15 00:59:00,0.1633371259053,7.04024777783086,4.45496399998554,5.80674333325413,2.34364827386343,475.423145877793,1
2025-09-15 01:14:00,0.161653422199967,8.19659088904433,4.30199044464683,5.84931844436437,2.35766661259897,474.132907207537,1
2025-09-15 01:29:00,0.160919355536567,8.36731044455577,4.34004844464254,5.83623199992316,2.38640770596868,468.193549885947,1
2025-09-15 01:44:00,0.160638422200333,8.56693444461914,4.76305155573923,5.92752155547753,2.35884017889564,468.92467324425,1
2025-09-15 01:59:00,0.1608983555364,8.58975666683277,4.65840088906987,5.85040466658469,2.31459735591719,468.615670090177,1
2025-09-15 02:14:00,0.160111762941667,8.64250088909947,4.3628084444131,6.09023644435713,2.38801022393387,468.36719010645,1
2025-09-15 02:29:00,0.160576140723,8.59815244466587,4.85823088902016,6.1166913332373,2.36061195269413,467.32247357598,1
2025-09-15 02:44:00,0.159964933312867,8.4144195557839,4.76901400016377,6.37949755546823,2.35238572282013,458.601382575993,1
2025-09-15 02:59:00,0.159546644422267,8.30862800016647,4.08728977778553,6.4093566665961,2.47204578371736,459.162930401927,1
2025-09-15 03:14:00,0.155397614794333,7.8916697779208,3.2081517778037,6.7240466666829,2.47710905500975,452.930528109236,1
2025-09-15 03:29:00,0.160580392570267,8.21486622237331,4.4774202224018,6.18919133327926,2.44064663656139,469.18787457171,1
2025-09-15 03:44:00,0.161338992568567,8.38666666682954,5.03974555571413,6.0553777777494,2.46672686594677,471.35898694071,1
2025-09-15 03:59:00,0.163879970346867,8.57357644460117,5.59847622233774,6.00356355549813,2.40138035097771,475.836955553213,1
2025-09-15 04:14:00,0.163551725904,7.97634555566983,4.33122911131427,6.04236711106066,2.44407015342063,477.199250758063,1
2025-09-15 04:29:00,0.160672859239667,8.23180333347604,4.66828933352537,5.9812375554926,2.47517449748407,468.126040044173,1
2025-09-15 04:44:00,0.167032414796933,8.33563600013577,4.70089177796693,6.1037244444304,2.35290510552659,481.936855279646,1
2025-09-15 04:59:00,0.1617026814585,8.5221791112711,5.21946066681284,5.94447066660453,2.52660949817894,472.955071727267,1
2025-09-15 05:14:00,0.161881503681767,8.5444533334968,5.22372200014624,6.13170555553273,2.46133857386197,473.720574223053,1
2025-09-15 05:29:00,0.1650759481305,8.58767866686716,5.24353444458857,6.1775439999844,2.49032964660993,478.083898402963,1
2025-09-15 05:44:00,0.1678069777608,8.53062666683593,5.18705822237357,6.19980644441047,2.41988541426112,521.030704805873,1
2025-09-15 05:59:00,0.162251933311967,8.64290088906463,6.5136442223376,6.12102333330536,2.52548568460978,473.45422882249,1
2025-09-15 06:14:00,0.160450614792533,8.372057111281,5.1194466668354,6.2742613333161,2.5332052619756,468.617605825877,1
2025-09-15 06:29:00,0.161198325904067,8.58192977794313,6.21983266679404,6.14460533327856,2.55030832793857,468.4708908302,1
2025-09-15 06:44:00,0.160971488866767,8.632914222397,6.6788180001125,6.01598044437426,2.52421254014336,468.113003288187,1
2025-09-15 06:59:00,0.160766096271367,8.53771444460633,6.02110488885816,6.12890911103803,2.56102861235395,467.476880185753,1
2025-09-15 07:14:00,0.1604136222083,8.53410933356227,4.79500822235186,6.092360888796,2.47155598745572,467.778691808607,1
2025-09-15 07:29:00,0.1601079925716,8.27900955571404,4.3535400001661,5.98335733330227,2.52251565753962,469.449084752777,1
2025-09-15 07:44:00,0.1605094444295,8.46510000020004,4.6585735556855,5.86383777773557,2.47765779428696,467.916740558223,1
2025-09-15 07:59:00,0.1602641925755,8.3159237779593,4.69218555570087,5.80303044439473,2.55678349535895,468.779126202653,1
2025-09-15 08:14:00,0.160427666648367,8.28262155572847,4.5572968890582,6.39046066665283,2.44123347145088,469.02893606302,1
2025-09-15 08:29:00,0.160083370343367,7.75784977788437,3.9876195557389,6.5350146666497,2.48551317565629,462.420854756327,1
2025-09-15 08:44:00,0.1601296147888,8.1619213334739,4.498514666858,6.80983911106257,2.50518093679789,462.04874910821,1
2025-09-15 08:59:00,0.1348951185004,7.36979511119733,4.23592933355013,8.37133777780763,2.62267105391075,447.495310406769,1
2025-09-15 09:14:00,0.138152999995367,7.49517022241656,8.67313066753771,8.35138911115726,2.61162712866258,452.788923147396,1
2025-09-15 09:29:00,0.137839896290367,7.67979666693197,8.04558177799916,9.42849755557243,2.79841874842654,452.692346800807,1
2025-09-15 09:44:00,0.139620674080133,6.2422653334518,7.44127422218,11.4504944443945,3.01581699202554,451.842704088483,1
2025-09-15 09:59:00,0.139123881488367,6.19397822230653,7.60080955553687,12.5548848884648,3.11910434364696,451.781739329113,1
2025-09-15 10:14:00,0.136865400005,6.06939644453186,7.44020288893477,15.3780124436377,3.07634836657733,449.503895847986,1
2025-09-15 10:29:00,0.138666251863933,6.09361822232157,7.49983866662983,16.9213791103568,3.19991222811347,452.491409158536,1
2025-09-15 10:44:00,0.1339855976919,5.57037288893097,7.06104222221636,22.7812053330852,3.13410472273494,450.052535114913,1
2025-09-15 10:59:00,0.1343613162036,3.95263400002953,7.91396266694637,26.2335368888593,3.1827292919724,441.194798128537,1
2025-09-15 11:14:00,0.1362760643238,3.36490333340194,7.16942311158927,34.442855675219,3.2362505359765,434.874846715844,1
2025-09-15 11:29:00,0.1367744643216,2.78111360690557,8.21621844519757,34.468977880246,3.18815012577422,434.669608632967,2
2025-09-15 11:44:00,0.134388705941134,2.39944172657224,1.08014982903363,33.959965333478,3.19426849366887,432.921255298067,2
2025-09-15 11:59:00,0.1338069640582,2.31245494025254,0.984919367458601,34.308257111278,3.1706826123829,432.603483025207,2
2025-09-15 12:14:00,0.133826920750234,2.53909972655843,0.932425846061167,35.8444429572217,3.25670778056643,430.915537889654,2
2025-09-15 12:29:00,0.131293140124833,2.46878471796213,0.8489979828714,38.458374666895,3.34415193988162,431.2827976999,2
2025-09-15 12:44:00,0.130665947550934,2.36672235897067,0.712240256394766,41.2015848888133,3.37057872912598,431.326805501203,2
2025-09-15 12:59:00,0.113127614617081,2.01463512818447,0.667681572644799,42.3636139995207,3.29637915068046,431.295222576797,2
2025-09-15 13:14:00,0.114928384618897,1.95500512815673,0.654432803410333,41.9819426660147,3.18007823047128,431.367907187703,2
2025-09-15 13:29:00,0.115180658294118,2.0803784956972,0.6443570256327,41.7902335553247,3.28835310091609,431.362357967383,2
2025-09-15 13:44:00,0.116295301761094,2.2801022905976,0.651794187997233,39.884247111106,3.33211009819638,431.68488680555,2
2025-09-15 13:59:00,0.116143469872446,2.2327729572493,0.705185743539933,39.2323342220776,3.35416373521801,431.54792255221,2
2025-09-15 14:14:00,0.116583027059245,2.1546469572409,0.612396905971633,41.5597473330867,3.32762352414057,431.708913583073,2
2025-09-15 14:29:00,0.117543412797212,3.1395390866769,0.827116273511199,36.7421957776937,3.41371641330632,431.554150324273,2
2025-09-15 14:44:00,0.116229474199761,2.21684594870447,0.731516256367966,38.4242379999553,3.33294992399941,431.30911525803,2
2025-09-15 14:59:00,0.115337045858121,2.0561184444028,0.724457658067333,38.3960926667356,3.32191391382922,431.431343488924,2
2025-09-15 15:14:00,0.115381845639215,2.10250235893677,0.7239823759929,37.7390837780843,3.3868811965201,431.456384339037,2
2025-09-15 15:29:00,0.11546681466652,2.00740678628457,0.727732752075399,39.2925951109433,3.35428343909592,431.39664792843,2
2025-09-15 15:44:00,0.115227716672428,1.95282820507187,0.6334882221966,41.2777375550517,3.27457093425783,431.29144485207,2
2025-09-15 15:59:00,0.113550350904245,1.77632027345657,0.5995375383544,40.2029139999653,3.29140309124678,431.365429576943,2
2025-09-15 16:14:00,0.114451547013826,1.82740805123963,0.592622649467133,39.6721326667247,3.27449679553142,430.842801639044,2
2025-09-15 16:29:00,0.115811014796041,1.8821584956782,0.511818649548001,40.946089777584,3.31134378579028,431.28989575119,2
2025-09-15 16:44:00,0.115559887095553,1.9525598290258,0.513238205111567,41.8571842561753,3.22235835705189,431.359292750751,2
2025-09-15 16:59:00,0.114148658880825,1.8121699486621,0.534913042694633,43.520997948738,3.3098499131182,429.296444740634,2
2025-09-15 17:14:00,0.114198322402545,2.0337102734896,0.6561360341078,38.1067895558913,3.2695406736076,431.334287222293,2
2025-09-15 17:29:00,0.113602482108139,1.83185794867667,0.534576153811266,42.7311919480717,3.24864520665153,430.089810971197,2
2025-09-15 17:44:00,0.114820018814423,2.12785623930767,0.5876469059438,42.96368492258,3.40823863492872,430.247461799387,2
2025-09-15 17:59:00,0.127554799995633,4.48004720636383,0.772218888882433,36.5352471109177,3.39228414111222,431.24851162239,2
2025-09-15 18:14:00,0.145990629613467,10.595773111295,1.99417555554726,19.7887073339649,3.28420774119492,447.269892375383,2
2025-09-15 18:29:00,0.146137851823133,10.7917017780748,2.2678940000072,19.8755653340873,3.29936447579137,440.774468649704,2
2025-09-15 18:44:00,0.147306196291067,12.1018324446406,2.9445508889122,18.1279333336062,3.239462691741,446.70686442726,2
2025-09-15 18:59:00,0.1446729555651,12.3130868888737,3.53801799997727,16.1742480002262,3.20831147543032,437.50751313268,2
2025-09-15 19:14:00,0.139467833368333,12.5910926666595,4.3144422222098,14.2997233336269,3.12332294239464,437.171563544263,2
2025-09-15 19:29:00,0.1380329458894,13.1869868888386,4.26112444442267,14.3163895558196,3.0203649683377,436.72972716584,2
2025-09-15 19:44:00,0.139086819959233,14.8878542223821,5.51742111126183,11.3473913332254,2.8636308402429,438.759029297184,2
2025-09-15 19:59:00,0.154384716247833,15.4879473334584,5.86757577797363,8.68721444441073,2.80254765250262,444.95730481736,2
2025-09-15 20:14:00,0.1543450014366,15.9757915557048,5.3724000001621,7.6761659999191,2.8528656616247,446.652480856003,2
2025-09-15 20:29:00,0.1505863421748,15.1773771113341,4.89361933348536,5.8093566665362,2.75605694716027,445.317416188997,2
2025-09-15 20:44:00,0.160609234763467,15.1936233335194,4.88427977794273,5.34487133323483,2.67058370801893,447.892379709673,2
2025-09-15 20:59:00,0.1531638866167,15.025484444287,5.02145711127823,5.75266022209966,2.64102247919019,447.368454653867,2
2025-09-15 21:14:00,0.161677931054967,14.0140308887589,5.0162002223572,4.43799355549443,2.68912239301496,450.305175628007,2
2025-09-15 21:29:00,0.158461925933667,13.7735548886001,5.28847044457573,5.54290533319516,2.57048535738801,448.564023987403,2
2025-09-15 21:44:00,0.159606081490933,11.092553555523,5.1122577778883,5.09682911105326,2.53604883290133,447.9130608932,2
2025-09-15 21:59:00,0.1599016370384,10.9701722221928,4.64909622218433,3.98678199993647,2.44601932993266,452.65004947896,2
2025-09-15 22:14:00,0.160572970373,10.7572864443828,4.13820066668904,4.0270642221584,2.53609427844345,452.112364719637,2
2025-09-15 22:29:00,0.159578555555533,9.4369864444975,3.81971155548227,4.4381384443489,2.55848294516645,449.04384840174,2
2025-09-15 22:44:00,0.160499377781633,10.3560286666381,3.7437697776926,4.33383199992053,2.55987182042958,452.809439103034,2
2025-09-15 22:59:00,0.160599118526367,8.3710648889736,3.64671222213636,4.57786311101006,2.54114590705268,455.519893932471,1
2025-09-15 23:14:00,0.1598840888932,7.5406031111737,3.70339266658943,4.80248555551273,2.48960243538466,460.180510175864,1
2025-09-15 23:29:00,0.159958170358033,7.95328733344199,2.8353793332939,4.62573133328147,2.47304651604916,460.534993530787,1
2025-09-15 23:44:00,0.1587848148235,7.20407733343759,2.72647511109566,6.24321666664327,2.40335021901881,463.874011732466,1
2025-09-16 00:09:00,0.160775170355767,6.97466044450369,2.71764533328523,5.12055666667276,2.43503607690623,466.65476018455,1
2025-09-16 00:24:00,0.1606389777603,7.50358577790399,3.5970128890562,5.23085288887923,2.48922643367353,472.28831061561,1
2025-09-16 00:39:00,0.1603204222068,6.58722755562599,2.55680977771043,5.10122511111743,2.38443818460398,470.499996764733,1
2025-09-16 00:54:00,0.160480488868067,7.43076955570269,2.90373755558117,5.16852577778317,2.38827027544378,473.90754673475,1
2025-09-16 01:09:00,0.1615555629448,8.65270400020887,4.25963733349233,5.15487688889243,2.36082952963118,473.52879078581,1
2025-09-16 01:24:00,0.160604199981333,7.19561088897309,2.92878599998126,5.1497402222202,2.29696691690566,473.718664668407,1
2025-09-16 01:39:00,0.1612375110923,8.51700000022904,3.8629993333106,5.1339202222191,2.26517892465923,473.985464347777,1
2025-09-16 01:54:00,0.161563599979067,8.39462333353467,4.29924800015873,5.14695377778837,2.27098919449906,473.647352414727,1
2025-09-16 02:09:00,0.1639033851637,8.6383724446778,4.56280555569033,5.07806755557403,2.33356164139894,476.916570891813,1
2025-09-16 02:24:00,0.163966740721567,8.65610377803754,4.5309704445714,5.0693115555686,2.31620258823894,476.43282741054,1
2025-09-16 02:39:00,0.163395518497933,8.57989155580374,4.56571644457196,5.1188464444475,2.36224581291525,476.408428830323,1
2025-09-16 02:54:00,0.164553155534967,8.64277777801933,5.60579266678586,5.16926288888733,2.42071765047536,476.265179012767,1
2025-09-16 03:09:00,0.1646807110928,8.721364444703,5.39272777787516,5.13333000000793,2.41301005096345,476.745204426443,1
2025-09-16 03:24:00,0.165694918498233,8.49409866691198,4.56836111125346,5.06472933334897,2.38526675758667,478.65221339708,1
2025-09-16 03:39:00,0.1645526370163,8.63470511136194,5.15675733341739,5.1476340000012,2.47851750404473,476.51047610384,1
2025-09-16 03:54:00,0.1673043333171,8.52708600022061,4.55059088902423,5.06247555556157,2.47929913500952,489.536944821533,1
2025-09-16 04:09:00,0.1646026666431,8.65525155578914,6.25960088899216,5.14698777778387,2.45706771498332,476.175704193353,1
2025-09-16 04:24:00,0.167937725905067,8.63728155576607,6.2932171111992,5.15971066667193,2.35245533843461,483.98599063348,1
2025-09-16 04:39:00,0.168144281459633,8.60544866686203,6.11530266675913,5.1822708888928,2.42834425827144,479.43430538657,1
2025-09-16 04:54:00,0.167968399978467,8.6020675557452,6.20250377788266,5.1683851111136,2.42887508263734,481.01061060741,1
2025-09-16 05:09:00,0.167417674053367,8.5950428891076,4.52107844454603,5.13248000000673,2.32857997183168,481.81304470844,1
2025-09-16 05:24:00,0.167876844422467,8.6068275557522,6.27145111121446,5.17021400000226,2.43113173602711,479.38966200528,1
2025-09-16 05:39:00,0.1679447333107,8.62533844463707,6.29198777786483,5.3310497777822,2.43633619288093,480.18544882884,1
2025-09-16 05:54:00,0.168779437016033,8.64449066686573,6.19954844455083,5.33304911110847,2.40772693771756,489.516341483027,1
2025-09-16 06:09:00,0.1678035925714,8.578363333553,5.58770488901069,5.14917711110983,2.47453315022388,481.471247317523,1
2025-09-16 06:24:00,0.165945348122267,8.57619088907943,5.57724488901106,5.33458555554377,2.39617864747072,479.194987267823,1
2025-09-16 06:39:00,0.167824014789067,8.66757666687407,6.20522533343893,5.30062555556247,2.4617472585155,482.108378300496,1
2025-09-16 06:54:00,0.1690895333085,8.65873622242653,6.20455200010646,5.32056688889147,2.45615663200601,521.001294138757,1
2025-09-16 07:09:00,0.169061192571767,8.66332111129906,11.6019135548195,5.37984333334847,2.54419685267068,489.593819296853,1
2025-09-16 07:24:00,0.169407481465167,8.586656444599,6.15923422232729,5.3653642222154,2.53025958234477,496.996748082397,1
2025-09-16 07:39:00,0.1698549999807,8.61843244461047,6.1139751112051,5.39881799998943,2.6018032310007,518.054402005883,1
2025-09-16 07:54:00,0.168195481465033,8.53830466685003,4.4545340001124,5.5275735555344,2.52742317264936,517.75139654262,1
2025-09-16 08:09:00,0.1678430592471,8.17270222234694,4.16971000017206,6.05174355551497,2.61933650091631,518.49004822688,1
2025-09-16 08:24:00,0.168196044426333,8.52539666681443,5.8878897778903,6.32186533328113,2.65060627410798,521.140722267937,1
2025-09-16 08:39:00,0.1675008666526,8.16296400012434,4.42206111130003,6.25960533329323,2.64549679081564,521.14951221637,1
2025-09-16 08:54:00,0.166672222206733,8.57426466681956,5.57930777787327,6.54324244437836,2.65641587453066,478.985421959126,1
2025-09-16 09:09:00,0.163457103679967,7.97996844455577,6.0078231114568,6.55814977771213,2.75679493491833,476.236196661367,1
2025-09-16 09:24:00,0.1397325925777,8.02187888913513,9.03171155638163,7.86772244446736,3.32269035214859,453.18934264454,1
2025-09-16 09:39:00,0.1382069259245,7.68416022241907,9.54410577827223,9.42047133332246,3.61621623685786,451.781545011116,1
2025-09-16 09:54:00,0.137236814806767,7.6288684447204,10.1677471118813,9.49459333338129,3.53052159793836,452.838773358083,1
2025-09-16 10:09:00,0.138851748146867,7.8434431114137,12.1166735555666,10.533831111261,3.69322379291746,453.610683882997,1
2025-09-16 10:24:00,0.138743014813167,7.8573422224802,12.3111026662498,10.668871333513,3.75762829373295,453.22391893081,1
2025-09-16 10:39:00,0.137716437033833,7.714458889134,9.5514306673423,10.5515744446263,3.72998069668831,452.988903805487,1
2025-09-16 10:54:00,0.1367094666764,7.2973715557973,8.98551800063814,10.888340222409,3.7611708058483,452.5379420891,1
2025-09-16 11:09:00,0.1357234774998,5.5881097777983,6.54633799954404,10.9011848891368,3.69794143219293,448.220723041009,1
2025-09-16 11:24:00,0.1357069777828,5.9302308889468,8.14185733396951,16.957835555296,3.76805356912789,446.057589472993,1
2025-09-16 11:39:00,0.134409381213833,5.21827844446986,4.9931894186073,17.3476682223441,3.91670384745296,444.585918922316,1
2025-09-16 11:54:00,0.132159682612667,5.06916111115973,3.79585080336717,19.9892317781215,3.91310438809972,441.914503479269,1
2025-09-16 12:09:00,0.132992381202433,4.80344444446629,3.45052871784367,19.8924757780161,4.00014005776316,441.489077730506,1
2025-09-16 12:24:00,0.1304279196329,3.41820027350896,1.3662848375695,25.7238295555181,3.99101116182309,441.778854423303,1
2025-09-16 12:39:00,0.130912423350067,3.1573047179519,1.26798825637363,26.0587540000457,4.03830537306753,439.212051259887,1
2025-09-16 12:54:00,0.1329713384169,2.96830623934767,1.13090762389833,32.1244937439373,3.98331856364547,434.667779733453,2
2025-09-16 13:09:00,0.133313791416567,2.45784943594517,1.07851743586827,32.4633754533103,3.9580705037372,433.919656408754,2
2025-09-16 13:24:00,0.132324425610233,2.79679817098043,1.04734593159593,33.1696098290224,3.97760500167776,433.970863646464,2
2025-09-16 13:39:00,0.129091941262667,2.45874463252083,0.917484170903301,33.5084690252877,3.94256520560057,433.135190160557,2
2025-09-16 13:54:00,0.126993359491767,2.44450859829847,0.855815470019334,34.994891538052,3.97865440589289,431.922299698067,2
2025-09-16 14:09:00,0.126170336132233,2.2711405128177,0.808872683692701,35.4652778114874,4.05394807722831,431.930894390364,2
2025-09-16 14:24:00,0.131320460371133,2.3198172820469,0.802953418754667,37.3305523078581,4.07816883922378,432.1354620021,2
2025-09-16 14:39:00,0.1245756945363,2.09994116235843,0.708072205078266,38.307995778345,4.07899024949737,431.87192733937,2
2025-09-16 14:54:00,0.125876268332533,2.0854861880008,0.737224769166399,38.34587955626,4.24176494679289,431.915573266393,2
2025-09-16 15:09:00,0.123997749243433,2.01933933329353,0.727523760616266,38.572416667412,4.23133114319937,431.171407450813,2
2025-09-16 15:24:00,0.1251182785994,1.92064582903603,0.661935572505266,39.143887555696,4.25477113378968,431.001264007087,2
2025-09-16 15:39:00,0.1251475452709,1.8831096068037,0.6099502050242,40.3335899998917,4.27996013903356,431.057928615147,2
2025-09-16 15:54:00,0.115491988552023,1.8980680512189,0.5363354871203,42.1049164782923,4.22022501978396,431.034655885064,2
2025-09-16 16:09:00,0.115883080737884,1.91228982899303,0.5062396751694,44.2501627214452,4.72320347328205,431.132308324301,2
2025-09-16 16:24:00,0.116587214973047,1.92982516233187,0.494196786284133,44.0258758465537,4.8082766820867,431.254442869264,2
2025-09-16 16:39:00,0.11637402121911,1.88014827343593,0.508776564059233,44.475958513206,4.89848527096621,431.570528269641,2
2025-09-16 16:54:00,0.116347461987408,1.891696717885,0.503461640972967,45.3976950321979,5.05230022781892,431.016745646597,2
2025-09-16 17:09:00,0.1233731982865,2.76433331617497,0.669611487187033,42.2221998460223,4.91106014820782,431.351330319314,3
2025-09-16 17:24:00,0.115842553756513,1.96854097431973,0.523811282016666,42.9671418456307,5.5473603585988,429.896037449083,3
2025-09-16 17:39:00,0.115714037266959,1.912573042673,0.499292119635,43.9978106844307,5.55312372124458,430.899400413437,3
2025-09-16 17:54:00,0.1238285037313,3.79118711107493,0.834431367526066,36.3598371113407,5.49773303875156,431.85578261224,3
2025-09-16 18:09:00,0.156267214866134,6.65263287294387,2.00738466663107,30.2343657773767,5.37238408931877,437.01309037609,3
2025-09-16 18:24:00,0.1598134815494,8.0472102063223,1.91973244440407,29.0847057775839,5.3897630986208,441.04883222092,3
2025-09-16 18:39:00,0.180686522263867,9.56996955549613,2.44524177772167,24.8829024438246,5.49270248935822,455.199997703356,3
2025-09-16 18:54:00,0.1832155260109,12.5703362227648,2.71431511107553,21.6247759999505,5.48936152155498,448.761342472614,3
2025-09-16 19:09:00,0.2064070408298,15.5274351118009,3.64373622221817,17.2524553336365,5.29866519317376,463.779300596009,3
2025-09-16 19:24:00,0.208341774165867,15.3145204451948,4.45213288896251,16.0296562224052,5.2319621275684,460.86535897588,3
2025-09-16 19:39:00,0.190682048176833,15.7165046670802,4.79363422234074,14.9530326666855,5.35866678669547,451.05473731322,3
2025-09-16 19:54:00,0.197208411132467,17.2555431113113,5.38036444453763,11.1727971112032,5.23220738143773,457.201917554464,2
2025-09-16 20:09:00,0.197321403740333,17.4048535557733,6.97509400017854,6.93995844444214,5.3291122037427,461.666061627321,2
2025-09-16 20:24:00,0.188567707433333,15.993629556038,6.96955288913784,7.73418066654896,5.15940592669866,460.26027832986,2
2025-09-16 20:39:00,0.185833818538067,15.6423844446597,5.132821111227,11.1054428889022,5.3206180267925,458.82367353214,2
2025-09-16 20:54:00,0.181370788893333,14.4999184447301,6.55428422239046,5.58432866660753,5.19939868691569,472.884864226197,2
2025-09-16 21:09:00,0.181235607406767,14.4115106670247,6.06995155572893,5.45559488882693,5.34243513013063,474.007522417187,2
2025-09-16 21:24:00,0.180960655557267,13.2801084446886,5.96025733347096,4.36995777771103,5.49696634186695,492.748608860037,2
2025-09-16 21:39:00,0.178896607392934,12.9859068890745,5.26244422238006,5.11903066660003,5.74004363906643,495.570058480537,2
2025-09-16 21:54:00,0.175165125928767,10.779103777717,5.43031266679206,4.73285799992683,5.84524817135333,466.713050427814,2
2025-09-16 22:09:00,0.174931262961033,11.0323379999716,6.11865377789803,4.24794555546277,6.0012897258693,473.38815200108,2
2025-09-16 22:24:00,0.172818129622567,10.851231777753,6.0105300001458,5.12402688881026,6.35907993283948,462.82099148107,2
2025-09-16 22:39:00,0.173589307400567,10.6481753334324,6.3707917777947,4.3452784443662,6.52395081536836,477.233268128084,2
2025-09-16 22:54:00,0.167892111121067,10.0166884444984,5.97761155559127,4.55923399989337,6.6894858916501,509.41297169688,2
2025-09-16 23:09:00,0.171420466683834,9.74480355541054,6.07159044447,4.62650866657583,7.02460834005049,488.207913072754,2
2025-09-16 23:24:00,0.174193192606134,9.77930822208397,5.953984000007,4.65477844436077,7.36551823665202,518.83322879011,2
2025-09-16 23:39:00,0.1746127555645,9.40105066650927,6.18278311104076,4.7045782221318,7.40410676753133,511.39580883005,2
2025-09-17 00:11:00,0.174050392602434,8.7485626665919,6.13577444443454,5.7715188888002,7.97694762475553,525.66942129512,1
2025-09-17 00:26:00,0.172023762961234,8.78256955556409,5.35992777776966,6.00845577769557,8.08809410332096,496.01587206155,1
2025-09-17 00:41:00,0.168069059257633,8.70859444449419,5.34422666663893,5.9247242221551,7.93244016818926,517.676306732627,1
2025-09-17 00:56:00,0.1687462569828,8.64185622228229,5.35739711106077,5.9602777777047,7.92598723818445,516.208823692037,1
2025-09-17 01:11:00,0.170920777777634,8.36864466660782,5.96806199997223,5.77097066659107,7.45894546942769,519.526653292713,1
2025-09-17 01:26:00,0.170880501426,8.29749711114536,5.82332999997897,6.0253819999266,7.05219081923092,516.506261901683,1
2025-09-17 01:41:00,0.171099644440034,8.25020399995866,5.64861311106877,5.9075615554826,7.12651335203902,515.90009305047,1
2025-09-17 01:56:00,0.171131637026234,8.23257711109766,5.53359911106947,5.9059977777071,7.46179146017104,516.20778359335,1
2025-09-17 02:11:00,0.1738195977231,8.887842666798,5.6426708891277,6.00638199991796,7.41841355300482,516.955791576173,1
2025-09-17 02:26:00,0.171959182908967,9.1095133334882,5.72364377801143,5.9758831110409,7.17134552126535,516.605973996527,1
2025-09-17 02:41:00,0.171807182907967,9.09515888904297,5.6623626669028,5.9841071110405,7.06683664367472,516.831523432717,1
2025-09-17 02:56:00,0.173344553279833,9.1361515557261,6.10002977798804,6.0369024443643,7.0078435338368,516.827170494463,1
2025-09-17 03:11:00,0.1753403754881,8.80462933346991,6.0734280002102,6.05743888881763,6.74833038603986,517.860714207493,1
2025-09-17 03:26:00,0.177389708836967,9.3729055557459,6.73075088900797,6.00405755547246,6.80711464404435,518.459560213647,1
2025-09-17 03:41:00,0.176622642169533,9.01928488904447,6.07154977797867,6.0400884443636,6.61632928778243,517.899212023113,1
2025-09-17 03:56:00,0.177427131058267,9.18914977797284,6.69206577791047,6.03428488880983,6.7202101689882,518.70371009422,1
2025-09-17 04:11:00,0.1800240888868,9.72354155569871,6.32003022240014,5.96013244437026,7.0474718660529,516.963953747683,1
2025-09-17 04:26:00,0.183269755556067,9.61717311127974,6.93985933345481,6.0158597777014,7.32990569762669,518.335455279853,1
2025-09-17 04:41:00,0.1808246814745,9.42631911125107,6.74696711123708,6.04062977768157,7.60011768569598,518.64000375615,1
2025-09-17 04:56:00,0.181180762962267,9.58903866682484,6.5151900001827,6.0138282221446,8.71652611356413,517.001916490507,1
2025-09-17 05:11:00,0.181812903709367,9.22669244454916,6.11704244465744,6.0824868888258,8.52789551866915,517.86506498313,1
2025-09-17 05:26:00,0.1785569777679,9.27237577791756,7.52508933342427,6.14480577770993,8.39798135570395,518.87640374903,1
2025-09-17 05:41:00,0.184696629628533,9.6950311112872,7.2436342223046,6.03404622214013,8.43062860561958,518.590589377297,1
2025-09-17 05:56:00,0.178717037026267,9.28474755570223,9.98556622192165,6.13913888883047,8.19216812022031,520.281296750107,1
2025-09-17 06:11:00,0.182890074076767,9.58607800016993,7.0379737778697,6.0501437776928,8.15832633654469,518.422504553177,1
2025-09-17 06:26:00,0.1825033333344,9.5171922223927,6.95443644459221,6.03631177769353,7.65730249567413,518.621265551097,1
2025-09-17 06:41:00,0.175680931055433,8.83972288902,5.33502888896533,5.9810779999455,6.79670483936459,520.88611710953,1
2025-09-17 06:56:00,0.169084118499,8.64606666682166,6.1823906665697,6.34139955548084,6.09565439024124,521.457806795937,1
2025-09-17 07:11:00,0.1658535851713,8.55396155570353,6.21251222217417,6.01218488880777,5.45462799415977,491.889529243167,1
2025-09-17 07:26:00,0.166404037019467,8.48388400013834,5.94009288887577,6.0361413332902,5.22970442078175,519.05860062515,1
2025-09-17 07:41:00,0.1658214296264,8.34112355573007,5.1161191111226,8.88517866645774,4.69011766433776,527.757529943577,1
2025-09-17 07:56:00,0.161818274064367,8.6325306668998,5.95093088881314,8.59711199976857,4.26124483920493,478.091121482137,1
2025-09-17 08:11:00,0.1615044421632,8.78516200018217,8.05419511154043,6.3916346666504,6.60969948900679,475.510474645837,1
2025-09-17 08:26:00,0.167383496278633,8.63442088905823,8.4724088893304,6.56950199992436,5.21665799172781,480.612717311433,1
2025-09-17 08:41:00,0.166058288870567,8.63699022238966,8.3645260005081,6.72652599992216,3.91201693928893,480.26482955905,1
2025-09-17 08:56:00,0.160338044417867,8.56574977795906,8.0589224447698,7.19313555546403,3.69354079050509,474.027216815887,1
2025-09-17 09:11:00,0.133064093986433,7.662030444544,6.9103004444057,21.321144222155,3.80476376673089,449.038336100216,1
2025-09-17 09:26:00,0.1612344888594,8.47260577806257,9.46292688966897,7.170302222183,3.60921409376562,483.33471515659,1
2025-09-17 09:41:00,0.137937316240233,7.3942051112087,7.07330866658063,19.9186031111161,3.80663365020315,450.165990175743,1
2025-09-17 09:56:00,0.1381666273287,4.28642117953157,7.1173833332574,27.941191811701,3.84342648732886,442.415519717777,1
2025-09-17 10:11:00,0.135295005098334,4.19192229063193,7.0948697777218,28.770864033966,3.96772721724843,440.846143357874,2
2025-09-17 10:26:00,0.137559331029734,4.20199806841957,7.07217822216443,26.1148842221526,3.84483674472043,443.259261576137,2
2025-09-17 10:41:00,0.1372211606399,4.16121740175073,6.81620399998616,32.3429270079597,3.77675410156965,439.663523876297,2
2025-09-17 10:56:00,0.138924986830233,3.32236837615987,6.7775537777296,34.351390222057,3.78127274261988,434.510015935977,2
2025-09-17 11:11:00,0.133813548075167,2.95821936756077,7.00412355585323,39.20830022232,3.92793904928131,433.29651978544,2
2025-09-17 11:26:00,0.133090810790167,2.58272994874913,0.959153829008301,38.914825556564,4.24456473911926,431.165958894937,2
2025-09-17 11:41:00,0.131636266628034,2.61789675216313,0.842253811945267,39.4930653332207,5.48103466925216,431.66110706587,2
2025-09-17 11:56:00,0.1261745823014,2.4176538290432,0.725015247877065,40.5115542222986,5.33542064163902,433.176254865427,2
2025-09-17 12:11:00,0.1254147071533,2.77149141878053,1.1169839144933,39.620881110889,5.05654473106009,431.82491187291,2
2025-09-17 12:26:00,0.125005740127433,2.17063994867957,0.646404324789099,43.0365555548586,5.08343234174059,431.727050642956,2
2025-09-17 12:41:00,0.115851019362945,2.33797326492276,0.677700136743933,43.287310922443,5.02802599829241,431.46233276991,2
2025-09-17 12:56:00,0.123444044746333,2.74566210253843,0.717516153848866,44.1033555214697,4.84987004631391,431.291868284237,2
2025-09-17 13:11:00,0.1305995889274,3.59358273019306,0.804543111086733,43.7798162224747,4.27790446032567,430.687291199266,2
2025-09-17 13:26:00,0.136035685209267,4.59056311116014,0.862320888867333,43.2651006670204,3.85091310989874,431.25696086381,3
2025-09-17 13:41:00,0.132643159270533,4.97200866666289,0.740608666642033,42.2414942224534,3.58790438597215,431.871354568517,3
2025-09-17 13:56:00,0.130830585195233,4.84994711095796,0.6925437777617,42.4660846669874,3.11371388360794,432.27092076163,3
2025-09-17 14:11:00,0.131393951871567,5.6684864442769,0.6860171111105,41.8057870772944,2.88187283489897,432.04817006697,3
2025-09-17 14:26:00,0.130231855584,4.09615511106457,0.692321999993767,42.0308231283877,2.85633664109458,431.322090171337,3
2025-09-17 14:41:00,0.1338698593096,3.5745992820561,0.877137555555668,40.4521749740794,2.86770144722446,430.830019540627,3
2025-09-17 14:56:00,0.1250785991595,2.55326599751353,0.8685811111007,40.8439239996286,2.90700639658456,431.457837308167,3
2025-09-17 15:11:00,0.114059059008765,1.82321451278623,0.554909042675033,40.341297110932,2.9929374116106,431.616145007734,3
2025-09-17 15:26:00,0.113616646163143,1.78666406831853,0.528954820464734,40.771525333024,3.04791323794075,431.468842474833,3
2025-09-17 15:41:00,0.125323199929,1.80523517945727,0.5521106495005,39.7319304441813,3.07697654172505,430.476209901064,3
2025-09-17 15:56:00,0.132025059219167,1.98930940168527,0.595720649489767,44.348729111458,2.95544272449989,431.421920049434,3
2025-09-17 16:11:00,0.126714036982233,1.87137162390186,0.578903538382,44.1816433679467,2.87508311653796,430.671805322224,3
2025-09-17 16:26:00,0.128059962905,1.88047495723546,0.561348427284533,45.8882963404919,2.80499538477137,431.792419483281,3
2025-09-17 16:41:00,0.1249584147582,1.8162118461192,0.561856427288634,46.1826722041262,2.79902978953491,430.52891319774,3
2025-09-17 16:56:00,0.1249016295818,1.8162934016719,0.551457316173734,46.1386238845411,2.83237457602101,429.62555115887,3
2025-09-17 17:11:00,0.111535172643952,1.83174572645207,0.536520598231934,45.5540925984604,2.86290578317609,429.18592065824,3
2025-09-17 17:26:00,0.111983882703486,1.79863883754863,0.522610598229734,44.7341171497427,2.82185818465938,428.9485138813,3
2025-09-17 17:41:00,0.112479631537646,1.90747439312583,0.496838871767434,44.1116561710837,2.83772481856398,428.27726295551,3
2025-09-17 17:56:00,0.113948119506712,2.03674697434037,0.561627811920933,41.8906066488044,2.84575411937969,429.157801955397,3
2025-09-17 18:11:00,0.114772867031522,2.23018288884443,0.6208690769165,41.458531418161,2.76280493057139,429.78569428424,3
2025-09-17 18:26:00,0.115108757630347,2.2701305982429,0.6126947692205,40.9755136063987,2.77304478966388,429.076332668256,3
2025-09-17 18:41:00,0.11541341289539,2.33275237358863,0.582915589734101,40.0794291108137,2.78696693877556,428.562029210973,3
2025-09-17 18:56:00,0.127176690286733,2.71774511107887,0.659912461542167,38.4079962221417,2.85607013869552,428.25389529357,3
2025-09-17 19:11:00,0.127796472898467,4.8324119999051,0.620413692316434,37.487070666471,2.8051466776759,429.295083723967,3
2025-09-17 19:26:00,0.115350538551681,5.79578111102304,0.6335833333194,35.8721004444647,2.86921788141872,429.050697643017,3
2025-09-17 19:41:00,0.1307679686439,6.34426955542706,0.6738553504043,35.9717526665934,2.78607562642257,429.265426311823,3
2025-09-17 19:56:00,0.1313620296263,7.11909155532897,0.6826411452501,34.063636444583,2.77607023756099,430.41365255189,3
2025-09-17 20:11:00,0.1266990911984,6.92705210244773,0.698076444406767,32.062552136921,2.75869752130065,433.165786928174,2
2025-09-17 20:26:00,0.126946225687967,7.11403488878696,0.722965230731301,31.730126376105,2.78532806015779,434.03949235739,2
2025-09-17 20:41:00,0.128263505723267,9.14886777784347,1.0922874358804,28.1274959995437,2.74924337400864,434.65355909214,2
2025-09-17 20:56:00,0.130118542215667,10.0384942220847,1.27352121365697,25.257835777511,2.68562565142946,438.056870733643,2
2025-09-17 21:11:00,0.126803444742867,10.1040117777624,1.20954941877823,27.1106245295713,2.79749280852037,437.8890351404,2
2025-09-17 21:26:00,0.124048023969933,6.97894222224427,0.994258991426934,30.0990350601036,2.74202193461544,434.400586980323,2
2025-09-17 21:41:00,0.116553526071532,4.36796160687263,0.930721213634601,30.345326752309,2.8523847497955,432.79227932507,2
2025-09-17 21:56:00,0.117949339042909,6.29217894013607,1.25007654696307,25.8433693330727,2.86761654006416,438.022589011087,2
2025-09-17 22:11:00,0.116114184880817,4.36321977786153,1.23569977773597,29.2409355557303,2.83429872079402,433.151879202603,2
2025-09-17 22:26:00,0.11611828929143,4.10387688893007,1.27953266662203,28.1182262220583,2.76508860927532,433.091703749836,2
2025-09-17 22:41:00,0.116435398793091,3.35383955554497,1.16271822217077,28.0838731108583,2.84535997872819,434.611197436993,2
2025-09-17 22:56:00,0.114904332391853,3.0549798461555,1.35439244445627,30.9160893502876,3.02837895908685,431.46857686489,2
2025-09-17 23:11:00,0.115224937571154,2.6090506666571,1.1747986666596,30.0284507870966,3.03854254772512,432.163191217256,2
2025-09-17 23:26:00,0.1234766768895,3.04134133329667,1.41728733331943,29.0405018123933,2.93545339110148,433.903758080676,2
2025-09-17 23:41:00,0.115720072524663,2.5587633332935,1.14586688887827,28.4519329230396,2.97610395637447,434.041532033343,2
2025-09-18 00:11:00,0.116503913007574,5.74679822212097,1.2379351110936,25.490907777777,2.81143561893821,437.888589023053,2
2025-09-18 00:26:00,0.116427751625179,5.3588473332848,1.4159388888508,26.311752666686,2.79423569634936,437.935952665413,2
2025-09-18 00:41:00,0.1241393778055,8.75221355532496,1.74828244444913,21.4197540001527,2.7458128843656,437.679417489936,2
2025-09-18 00:56:00,0.1338563592828,10.290219777629,3.6982293333501,15.9658464442691,2.66094121726304,439.56774896731,2
2025-09-18 01:11:00,0.1392080037259,10.4036062222892,3.65749400000327,14.9251446665276,2.6001527413267,443.746521314963,2
2025-09-18 01:26:00,0.1332014814959,8.85801444434772,3.1526071111088,16.3372119996273,2.57577559599619,440.515747432623,2
2025-09-18 01:41:00,0.1463021185304,8.66911066661583,3.5112395555627,13.9038026668679,2.50460175141668,445.37032612156,2
2025-09-18 01:56:00,0.134817733366467,9.4734444444997,2.97321422221287,14.1196935557311,2.53081282919979,442.775834664324,2
2025-09-18 02:11:00,0.134441170407367,8.28100622219223,2.82317600003927,14.7602068892391,2.49406898574614,441.449762518203,2
2025-09-18 02:26:00,0.134157096335167,9.01488288881617,3.0103308889124,15.1216617781725,2.61283214367393,441.191826064317,2
2025-09-18 02:41:00,0.135044866706967,9.52419444436297,2.84000666669113,14.0782811113333,2.47638064065342,441.697274152137,2
2025-09-18 02:56:00,0.135682355591667,9.97507377775193,2.83310822224543,13.4618526667168,2.38038582001977,442.35232950173,2
2025-09-18 03:11:00,0.156585970380833,9.02108466675337,2.72919511113287,9.1023371108185,2.41227672597637,448.66640246429,2
2025-09-18 03:26:00,0.139090281513167,9.09310400012798,3.0229735555713,10.4412215553926,2.44619289592112,446.21564918503,2
2025-09-18 03:41:00,0.1557862296361,8.11605866678866,2.14772088887103,10.6364828889159,2.43660395912948,450.19312084993,2
2025-09-18 03:56:00,0.158543177781933,9.04170800015121,3.27107866667243,9.72224844423903,2.44086356909924,453.24895333262,2
2025-09-18 04:11:00,0.159660133340433,8.70582155570377,3.0456686666933,9.01764177749433,2.4344021067113,459.92358437729,2
2025-09-18 04:26:00,0.157926444457267,7.14146511121009,2.89982111109223,9.93247311095113,2.37542993570728,451.57691427741,1
2025-09-18 04:41:00,0.158541488892533,8.85440377793248,2.97784822224143,9.8005648887196,2.44924845741919,452.81042332799,1
2025-09-18 04:56:00,0.159110244447367,8.86411111129821,3.72330444442963,8.51047044429206,2.44104021937273,455.04874091275,1
2025-09-18 05:11:00,0.147062755567233,8.93856266682334,3.38080466666276,9.16470199978066,2.41807228579897,449.02562690062,1
2025-09-18 05:26:00,0.136726855578267,8.9077473334812,3.39561644443366,9.8755339997323,2.42846318604059,446.129825158087,1
2025-09-18 05:41:00,0.154039755549967,8.74693977801781,3.65147688887676,7.8627333332461,2.39073540437718,454.365085044077,1
2025-09-18 05:56:00,0.160079540721967,8.85185977803927,4.08172622213883,5.8732393333198,2.29466916577779,460.49426733484,1
2025-09-18 06:11:00,0.160546674055767,8.72986844468064,4.36273155548687,5.5776666666595,2.33465326782532,468.524268738477,1
2025-09-18 06:26:00,0.160127385168433,8.66602777801304,4.39539444437026,5.4936133333244,2.27641139266104,469.698038872883,1
2025-09-18 06:41:00,0.1600062740543,8.61311533354134,3.8900502222147,5.5731855555672,2.30499540355099,468.645687478827,1
2025-09-18 06:56:00,0.159684244427067,8.56592133356997,3.9503628888665,5.809204888846,2.43331580297258,467.38516716829,1
2025-09-18 07:11:00,0.160274199980367,8.53576822240157,5.94888066664016,5.9803653332492,2.418089536373,468.38798556348,1
2025-09-18 07:26:00,0.159760703679833,7.7292951112005,3.12393355558936,6.0935011110519,2.43684251269591,469.07699579098,1
2025-09-18 07:41:00,0.159563385164233,8.24502400013287,3.8213715555867,6.1006295555447,2.53012857381577,469.83219131557,1
2025-09-18 07:56:00,0.159295725911433,8.25005200012097,3.590560000011,7.22363666662484,2.59662756527534,472.463919296843,1
2025-09-18 08:11:00,0.136912892603633,8.09484200013637,3.5710000000145,10.4192708886636,2.590991480469,449.89720834587,1
2025-09-18 08:26:00,0.131403840751333,7.05982244447517,4.54131799996474,18.5645666669104,2.78841575457503,442.092626170957,1
2025-09-18 08:41:00,0.1259455407025,4.38947977775173,6.6368755558348,23.610755777716,2.88034234707885,442.701806616699,1
2025-09-18 08:56:00,0.125949533287433,4.20155680337737,7.01211311126696,23.837670222109,2.88459062109688,439.833523154083,1
2025-09-18 09:11:00,0.125009462090133,5.39255080335717,7.24815422241596,21.9359286664252,2.91851829207681,440.30806663322,1
2025-09-18 09:26:00,0.125231741277566,4.20385092302507,7.17165866676789,23.774482444323,2.97257853482828,438.37737075311,1
2025-09-18 09:41:00,0.124852400539966,4.16325936747513,7.2205551112068,23.6893377776683,3.02128224306742,437.00171704409,1
2025-09-18 09:56:00,0.127735785728633,5.4411580512373,7.3689660001261,20.1031586662491,3.01346420722123,437.836569276016,1
2025-09-18 10:11:00,0.129153726459,5.2713198290138,7.73815244463977,20.5005742217629,3.14646254453464,438.615279701393,2
2025-09-18 10:26:00,0.1282790198874,5.05318601706127,7.9266228890572,22.4741402220458,3.06791368813898,438.40360055193,2
2025-09-18 10:41:00,0.131053442137367,5.11373276919084,8.19734755578964,21.5274919996341,3.12317163130846,439.322382622496,2
2025-09-18 10:56:00,0.1314735532452,4.96253588032256,8.8333948893764,22.4061751108416,3.11924837489142,439.531148852526,2
2025-09-18 11:11:00,0.132508242139733,4.9667541025582,8.74404088931017,22.4223982219634,3.15261740978326,440.133737213666,2
2025-09-18 11:26:00,0.132232753244133,4.85290377777317,8.85186911154034,23.1501728886636,3.18074657596798,443.13005328509,2
2025-09-18 11:41:00,0.132178797685367,4.90084400000673,8.7672615560123,23.7766184442988,3.22714160846283,444.790559298413,2
2025-09-18 11:56:00,0.133730787995233,3.0634188205269,7.48707511162787,26.1315893333643,3.18881813901216,439.19452056989,2
2025-09-18 12:11:00,0.1334608768782,2.77989393162607,7.0443762228759,26.1644197777973,3.23673919937704,437.985462053053,2
2025-09-18 12:26:00,0.133692753798633,2.9488061538688,7.0686795559963,30.151740171135,3.22485811332355,435.710103142237,2
2025-09-18 12:41:00,0.1364786386567,2.11779123079067,2.15690111104813,32.7397327523907,3.29206759239893,433.442469804324,2
2025-09-18 12:56:00,0.130378350350533,1.8012338462024,1.0703836068384,33.642510427637,3.31453834647982,432.898177549493,2
2025-09-18 13:11:00,0.130676935548933,1.9482035555615,0.897426393130468,35.554185025656,3.29269869914453,431.057573004293,2
2025-09-18 13:26:00,0.1237625053816,1.64929381203727,0.872210427267301,33.129240854772,3.25041498179565,432.73728982649,2
2025-09-18 13:41:00,0.127573252925433,1.91405246155943,0.852543897347768,33.59357326502,3.23239451616746,432.34025555094,2
2025-09-18 13:56:00,0.124725512777,1.84420105982443,0.831785572518635,34.8356127008287,3.29409918906249,431.962564933577,2
2025-09-18 14:11:00,0.184961555531,6.06695658127613,10.2823675567251,27.526056889527,3.51147255439469,434.254295252834,2
2025-09-18 14:26:00,0.133233852387467,1.7335532137303,0.856005401640035,33.2274017951054,3.30508299421542,431.439558230457,2
2025-09-18 14:41:00,0.128060158928833,1.86456740172793,0.7842506152572,36.034617418727,3.29132830640196,430.87549172938,2
2025-09-18 14:56:00,0.127219368047767,2.02366801710957,0.766676170820601,34.3519890255227,3.1987375768272,430.75513802194,2
2025-09-18 15:11:00,0.1281746045008,1.974758820528,0.711504153702534,34.835675367166,3.29245973213877,431.87880110907,2
2025-09-18 15:26:00,0.123487932217967,1.8002109914007,0.707817897307967,36.8370458942604,3.25729900812791,431.496491480353,2
2025-09-18 15:41:00,0.1237979965827,1.82252266663816,0.717913059705,36.6983971463774,3.24678036480923,429.743409756103,2
2025-09-18 15:56:00,0.127290221024067,1.87679478630786,0.6704156750724,38.431715556783,3.27161075029035,429.218356610054,2
2025-09-18 16:11:00,0.1252406033627,1.85171750426693,0.660882375942433,38.5902313345443,3.22975025167754,429.895739172073,2
2025-09-18 16:26:00,0.127562639255667,1.86762083761176,0.682609555418267,39.1369757780983,3.1612701887329,429.39800038905,2
2025-09-18 16:41:00,0.127281669468367,1.85710128204,0.667637726373333,39.3899311112313,3.14491199760309,429.26579732571,2
2025-09-18 16:56:00,0.1324992227564,1.9686559487055,0.587613230718634,40.5971443243717,3.09687926062314,429.485382122493,2
2025-09-18 17:11:00,0.112628094595552,1.74029861533403,0.5824264272904,40.0287144438503,3.14617238616718,429.126708337987,2
2025-09-18 17:26:00,0.124030123658467,1.76025750422947,0.575583487139133,40.8102128371813,3.11757813314586,429.142892497774,2
2025-09-18 17:41:00,0.1247422809187,1.86828528202853,0.5495510427126,40.7931427859676,3.19591191697469,428.266100661407,2
2025-09-18 17:56:00,0.125373423939367,1.93457663245503,0.559805111094634,41.2867984606963,3.22921407536209,427.983619502783,2
2025-09-18 18:11:00,0.1254671036821,3.11310244437183,0.647076632459266,40.2536920685357,3.21585207455637,427.982226840414,2
2025-09-18 18:26:00,0.138554559268567,8.71546577764909,0.910892222226301,34.3971204439604,3.28855141498766,432.196854801833,2
2025-09-18 18:41:00,0.154293659273667,11.8091753330798,1.984553111081,27.7312562215901,3.19596048416085,438.01537796852,2
2025-09-18 18:56:00,0.1785004444676,14.0643606667704,2.58242688887323,22.5506573328913,3.08611982957844,455.97760715869,2
2025-09-18 19:11:00,0.172100833338767,15.9611482224717,2.64857244445723,17.924963556222,3.0145349014161,453.792454834564,2
2025-09-18 19:26:00,0.1548946888847,17.448394000937,2.39803822224253,19.9024271118282,2.88124295197834,441.049391643727,2
2025-09-18 19:41:00,0.148305418503667,17.8182120004571,2.90968822224207,17.9100088888765,2.81290011308751,437.10434827704,3
2025-09-18 19:56:00,0.147445014821334,17.0483713334349,3.66749266669987,13.8279704445632,2.82612513969897,436.48786926226,2
2025-09-18 20:11:00,0.142755914816333,17.1257808889607,4.00395177788807,12.0090704444876,2.78062467102454,440.217381664234,2
2025-09-18 20:26:00,0.140400977794,16.7470853332668,3.53189622232943,11.8487551109663,2.68485962416002,437.100141459153,2
2025-09-18 20:41:00,0.140514105148167,17.1209697778322,4.03180733346276,8.09769911079846,2.67946487882723,438.397999622214,2
2025-09-18 20:56:00,0.138688445882667,13.5595442221808,3.61159488903023,10.6761513333101,2.62433480185707,438.64753277501,2
2025-09-18 21:11:00,0.1399476347698,13.6246415555964,4.06118800013823,8.63434266625646,2.49185107171491,439.736847933093,2
2025-09-18 21:26:00,0.1392263709671,12.8925677777356,3.6438337778718,7.1438144441498,2.45129226758588,440.725407437613,2
2025-09-18 21:41:00,0.1399548926168,14.1244659996928,3.87282977783503,5.3545182221267,2.42005299218131,443.476281575533,2
2025-09-18 21:56:00,0.136665248201567,11.9273591109643,2.90184911111633,6.71030088869674,2.50105681911219,442.5213729617,2
2025-09-18 22:11:00,0.143431588906933,11.1394911110169,3.28809644444737,4.65609533329607,2.34273404035154,444.879494079503,2
2025-09-18 22:26:00,0.139990185222533,11.0220573332406,3.1346944444329,5.60051733328497,2.28725478057132,444.272887422217,2
2025-09-18 22:41:00,0.152081325932833,10.2505013331981,3.18230777778133,4.16616133337193,2.34193331109958,446.540580088903,2
2025-09-18 22:56:00,0.1592665925825,9.8031631112247,2.9969811110793,3.61601177780794,2.30762295870222,449.01596457255,2
2025-09-18 23:11:00,0.1594780962846,9.98617688894046,2.7477215555041,3.31613822222503,2.32361015399932,452.547010948457,2
2025-09-18 23:26:00,0.1608360296221,9.2941893334679,3.18520444437993,3.5524202222597,2.32282638282263,452.650898460451,1
2025-09-18 23:41:00,0.1594066221971,7.84885355565153,2.6488939999596,4.2906260000042,2.21641703840822,453.456735671927,1
2025-09-19 00:14:00,0.161144081466167,9.23196866671067,3.75686755571763,3.61225266667223,2.21936367958251,457.413507860787,1
2025-09-19 00:29:00,0.159537511082833,7.15276555563369,2.82223888892673,5.22881755558063,2.29830016595305,465.481963049337,1
2025-09-19 00:44:00,0.161276770341533,8.95273866683007,4.24450288882806,4.9797317777838,2.2356187061125,460.295962636694,1
2025-09-19 00:59:00,0.1612094666367,8.57532933353894,4.26540222238223,5.23934155557183,2.20499681985591,468.542000723187,1
2025-09-19 01:14:00,0.161285429597367,8.28304511129904,3.99933177794483,5.30257088890747,2.30777914288324,467.530008508137,1
2025-09-19 01:29:00,0.161463029598733,8.69484311138457,4.60518933346463,5.241800444449,2.20595444537016,467.54951960809,1
2025-09-19 01:44:00,0.161044570335367,8.66611866689031,4.41594377792893,5.15204733335803,2.29843445792892,467.78650327429,1
2025-09-19 01:59:00,0.160852214776067,8.67279066690937,4.71320222236973,5.1606557777981,2.2507424919228,467.151648675447,1
2025-09-19 02:14:00,0.1612689925558,8.68479577805447,4.72143155570009,5.08423533334617,2.15362429999599,467.850181453423,1
2025-09-19 02:29:00,0.1610247481162,8.71093111140377,4.63312955568796,4.96481133334637,2.2027177454768,468.604897650997,1
2025-09-19 02:44:00,0.161693525895367,8.78112444472364,5.3893231112069,5.0922240000032,2.13795486858228,468.596361603967,1
2025-09-19 02:59:00,0.161029814783733,8.70503888917737,4.63015555568766,4.8603713333568,2.15159690109549,468.535387290367,1
2025-09-19 03:14:00,0.161954799970967,8.72089711139484,4.59707911121576,4.86651755557693,2.08325975255063,468.238132837677,1
2025-09-19 03:29:00,0.162909918486433,8.8756742224852,6.2241528889988,4.56202600003044,2.0770888981652,468.58122219144,1
2025-09-19 03:44:00,0.164061829591867,9.05230977808963,6.28016644455579,4.48835177779507,2.07201728328373,467.92124451353,1
2025-09-19 03:59:00,0.1639045999616,8.90672511142193,4.51981733346126,4.45252955558204,2.03485139453914,468.05131543379,1
2025-09-19 04:14:00,0.165311711072467,9.13404311142417,6.3240875556598,4.1867651111317,2.0687257696799,466.964283095223,1
2025-09-19 04:29:00,0.1655832295881,9.03561666696473,5.59438866678419,4.09006800002314,2.10812848968873,467.637920160733,1
2025-09-19 04:44:00,0.165994829587,9.18616755587647,6.30399222231413,4.00907755558597,2.11965946270999,467.298922473647,1
2025-09-19 04:59:00,0.166214407365767,9.3180475559099,11.562882888062,3.967714888924,2.07516512887296,468.24760355152,1
2025-09-19 05:14:00,0.166489474032233,9.39372311148844,8.71866977752391,3.97251377781417,2.04696175086758,467.3484275802,1
2025-09-19 05:29:00,0.168165851808967,9.52381888923928,6.1878191112151,3.89980933338717,2.00534434211483,471.954977245066,1
2025-09-19 05:44:00,0.167100829588233,9.52146977817461,6.53352822224947,3.87295422226124,2.08171728874306,468.858237639523,1
2025-09-19 05:59:00,0.167950585146067,9.48019066702347,10.0003313328093,4.00382600004137,2.15309008728356,470.35464878091,1
2025-09-19 06:14:00,0.170031918478733,9.43321822255527,6.11435288899536,3.90467355559304,2.11690969611768,475.8873711988,1
2025-09-19 06:29:00,0.1697088962542,9.42538466702643,6.24433644453266,3.87709311114594,2.05930114788245,474.61531994092,1
2025-09-19 06:44:00,0.1679222518092,9.3855757781394,9.31261155521444,3.94404488892094,2.0549091823044,471.95794088912,1
2025-09-19 06:59:00,0.168217629588133,9.2645022225409,11.3331268881919,4.00906200003847,2.11672376982709,473.41155650036,1
2025-09-19 07:14:00,0.170164585143567,9.29238666697657,11.5283831103736,4.03821422225791,2.08101284331743,474.717959170606,1
2025-09-19 07:29:00,0.1681936295878,9.55336400037261,12.2206586658341,3.90908511115811,2.13621523940954,472.96913984612,1
2025-09-19 07:44:00,0.171412140700733,9.36734577810384,12.2380408880602,4.04037711116844,2.11513468450721,472.97040784099,1
2025-09-19 07:59:00,0.170851540703367,9.10890666690054,11.5615144437151,4.12319688891081,2.15107871514094,477.032909814123,1
2025-09-19 08:14:00,0.168130066629867,8.8554957780345,4.45807111125303,4.57108688889601,2.26296507885848,475.88300465216,1
2025-09-19 08:29:00,0.168097703672633,8.02245000014534,4.14251200017673,5.18184444442214,2.40934056702204,480.658883157603,1
2025-09-19 08:44:00,0.168419992562867,8.51235200020763,4.40882800013796,5.43622066663973,2.44970745891731,489.934646204406,1
2025-09-19 08:59:00,0.1683334592385,6.77389377784493,3.2189588888426,5.44767177776253,2.61479568626373,517.625620073683,1
2025-09-19 09:14:00,0.168674748127167,8.30397711138537,4.65574288905567,6.37670155549324,2.56573336145772,520.93664137179,1
2025-09-19 09:29:00,0.162430629605067,8.61781444467727,6.96193533345157,7.04802844438451,2.53414311156002,485.027195205576,1
2025-09-19 09:44:00,0.1629264740499,8.5846173336601,14.1549797768607,7.91317644443874,2.81407500203844,487.501461077756,1
2025-09-19 09:59:00,0.141320162967,7.88559088919953,14.2872646659829,10.482511777917,3.29686782991616,455.060666355467,1
2025-09-19 10:14:00,0.145929170373967,6.2528448890055,14.3894891103362,11.1951786665021,3.07798220270848,454.12413226326,1
2025-09-19 10:29:00,0.144938888889533,6.2524931112269,9.3304306663689,11.8841853332395,3.22702572622735,453.591261511573,1
2025-09-19 10:44:00,0.140676125917067,6.13640244457176,7.83439222217157,13.1596484444164,3.37489086752719,453.55598436857,1
2025-09-19 10:59:00,0.140575570365133,6.0044313334614,7.5322353333063,14.6164915554601,3.61397342209253,455.80089375426,1
2025-09-19 11:14:00,0.138389259266433,5.99042622233383,7.40243666663926,16.2530508882839,3.36263547009647,452.118479144206,1
2025-09-19 11:29:00,0.1351208222233,5.2711473333539,8.99104044489703,18.9544988882609,3.38899024260927,448.486911018479,1
2025-09-19 11:44:00,0.132618897388433,3.54285593159367,2.7858742221173,23.6525062220062,3.34826405484944,446.699609653093,1
2025-09-19 11:59:00,0.132728215906433,2.83191680339873,2.06126244438917,24.863743999807,3.40974940788657,443.552592411292,1
2025-09-19 12:14:00,0.1321305640959,2.25989011967073,1.32781357260567,25.4937204442397,3.40803155020804,439.788075050187,1
2025-09-19 12:29:00,0.1322502455748,2.22636345300893,1.30007817089683,27.5651510596107,3.52813635125028,437.79955720377,1
2025-09-19 12:44:00,0.132682191428933,2.17284211968633,1.18745116233833,29.42731550464,3.55992509197423,437.321475466917,2
2025-09-19 12:59:00,0.128000755469167,1.82859755563717,0.965604444381468,32.670078290742,3.55819032103545,433.91550120254,2
2025-09-19 13:14:00,0.128789321274067,2.0906282222753,1.09657073497767,31.5809732313687,3.47766672582762,434.033492132483,2
2025-09-19 13:29:00,0.113948865960427,2.09158076926707,1.05145714523963,31.6312511286933,3.50773690424195,433.192847072023,2
2025-09-19 13:44:00,0.113472153280524,2.25584581198333,1.1700948033655,28.9131160348683,3.40365402181939,433.476692930847,2
2025-09-19 13:59:00,0.125905925333233,2.26703923079757,1.24808317943433,27.3294309231043,3.55549372972764,436.666268881994,2
2025-09-19 14:14:00,0.128807231317867,2.2298787692599,1.27077817088263,25.376907110919,3.57530840430273,438.55276899554,2
2025-09-19 14:29:00,0.113828699169479,2.30600687181023,1.17234770936437,28.8625375390383,3.54774448140863,433.808180185634,2
2025-09-19 14:44:00,0.11447481602465,2.20717273505833,1.00745247858613,31.133918872323,3.52372052985835,433.29391044257,2
2025-09-19 14:59:00,0.113159701253153,2.27255957266937,1.15630948712113,28.8734780177437,3.59788246179003,433.531321633983,2
2025-09-19 15:14:00,0.1142137228744,2.2289567863217,0.818639418739967,34.0692880170107,3.57882701477898,431.288817098526,2
2025-09-19 15:29:00,0.114825982701924,2.42926740167033,0.822611521304301,33.2881170428517,3.51650842294454,431.88226329238,2
2025-09-19 15:44:00,0.115903732723687,2.27768466666494,0.730864615323333,35.5764957433264,3.36780704308353,431.669175949887,2
2025-09-19 15:59:00,0.114204068549393,3.01364172651707,0.788084957215067,33.0408176070867,3.50158995223825,431.46983696272,2
2025-09-19 16:14:00,0.114089764867238,3.43189810253223,0.945295435865066,30.597834649821,3.42760342416616,432.423994622893,2
2025-09-19 16:29:00,0.114747290674578,2.6293925982634,0.795594068310867,31.922648358892,3.49674218599806,431.856524244297,2
2025-09-19 16:44:00,0.115497407984804,2.4445650597972,0.746976923022701,32.02005430764,3.52840806699727,431.605012898893,2
2025-09-19 16:59:00,0.123927072380267,2.2074699145189,0.899982324725668,30.834489538922,3.5855286586726,431.81831206792,2
2025-09-19 17:14:00,0.1233553276412,2.6632534016611,0.906072974315734,29.960172667072,3.66168129917913,431.79997416345,2
2025-09-19 17:29:00,0.114483338693315,2.65819307688663,0.913747846102967,30.683473162777,3.65498785399104,431.60332070401,2
2025-09-19 17:44:00,0.114538656038906,2.8600470940016,1.03712355552293,27.670782752028,3.65083350191191,432.540987454874,2
2025-09-19 17:59:00,0.124781457572667,3.96221206840347,1.10137454699033,27.5234636579393,3.64368093004423,432.88956938066,2
2025-09-19 18:14:00,0.132443657001567,6.8054095555896,1.11962933329147,24.6945281365053,3.62099177723901,434.53221927427,2
2025-09-19 18:29:00,0.143795074109134,10.5668813332699,2.36145066661183,15.633228888991,3.88036768776361,436.444638373673,2
2025-09-19 18:44:00,0.146970729637667,13.008587555464,3.72585288883137,11.0116855553568,3.84395398373616,436.87260423431,2
2025-09-19 18:59:00,0.147894959273567,13.3179979999738,4.8506631109836,7.36844844430476,3.42040026239694,437.714496089936,2
2025-09-19 19:14:00,0.1394828361979,13.2512884445785,6.28822022201497,6.30691266655547,3.29664513210014,439.069844040306,2
2025-09-19 19:29:00,0.140031980638567,13.4170240001393,6.9069655557415,6.15903933317713,3.16373531241235,439.781093558597,2
2025-09-19 19:44:00,0.139882576943767,13.307016444585,5.7623144443755,5.8084246665445,3.17225585399768,439.251425720423,2
2025-09-19 19:59:00,0.140295151013267,13.3672000001407,5.95799733346597,4.74979666657087,3.04289232254202,440.152501851143,2
2025-09-19 20:14:00,0.1404577723829,13.0476304440043,5.3760388890099,4.6459951110484,3.02138150067071,443.038347203023,2
2025-09-19 20:29:00,0.148527913109567,13.0047222218529,5.28024177790173,4.43010444435764,2.93551021164549,444.235169589236,2
2025-09-19 20:44:00,0.1425339917481,11.8781788888548,5.986516444489,4.47577711102764,2.86974229531885,444.042218286443,2
2025-09-19 20:59:00,0.160468651853467,11.4567639999771,5.74446600008567,4.08925622216467,2.79127265418715,452.332377751477,2
2025-09-19 21:14:00,0.161473318524,10.7883766667053,6.03162288890121,4.174487111065,2.68952062415253,452.457230345407,2
2025-09-19 21:29:00,0.160190911117467,10.2756626665758,6.16384133326424,4.32424933326173,2.71704871741949,452.90816463437,1
2025-09-19 21:44:00,0.159363651860233,9.20918422226121,5.960027111049,4.5137428887926,2.62801121391321,453.797473376837,1
2025-09-19 21:59:00,0.1611053111083,9.26613533346457,4.56924799998144,4.42175111100847,2.56503601666655,455.158186416087,1
2025-09-19 22:14:00,0.160805266662733,8.99909977781903,3.7549339999622,4.39459666657123,2.57765344125788,455.255018244851,1
2025-09-19 22:29:00,0.160127837023067,8.22296755561983,3.16355844440026,4.77451177767433,2.53762081941553,460.732131570687,1
2025-09-19 22:44:00,0.160356518507933,8.8225911111371,3.01110844445337,4.3689817776628,2.3914251111343,456.835592969727,1
2025-09-19 22:59:00,0.159183162954933,8.1596886667455,2.471507333331,5.01866599992147,2.35674296702578,462.52551669638,1
2025-09-19 23:14:00,0.160726274061533,8.99967422234404,3.82442866666506,5.2748068888423,2.31704975481767,459.895764235877,1
2025-09-19 23:29:00,0.160700466659033,9.26982111121927,3.64282355554206,4.6311162222214,2.14473574226809,463.09468217294,1
2025-09-19 23:44:00,0.160578518507633,8.81022311120964,3.15317800005306,4.19847377776517,2.14382784984677,460.438152630627,1
2025-09-20 00:08:00,0.1600426962797,8.77158711125801,3.30424666667056,4.8066157777965,2.15307967226438,460.927623192447,1
2025-09-20 00:23:00,0.1622294814597,8.92086977794817,4.69816044456773,4.86650977779376,2.18924384395789,466.980492051263,1
2025-09-20 00:38:00,0.161314962940533,8.75308711123087,4.43813933348323,4.9672486666926,2.28241748517712,467.48673882813,1
2025-09-20 00:53:00,0.1614847184963,8.62404555577631,4.47928000015196,5.0785628889124,2.46504528943266,468.789124330277,1
2025-09-20 01:08:00,0.1615877184988,8.81115733356501,4.69086533346113,5.06953088890893,2.29297033051909,468.853815484537,1
2025-09-20 01:23:00,0.161363666645667,8.49290844463908,4.27466444459783,5.0856037777943,2.4044570379588,470.392697708287,1
2025-09-20 01:38:00,0.162574592569233,8.83265866688604,5.70188955567623,5.1302515555607,2.29867792374656,472.26165497426,1
2025-09-20 01:53:00,0.1618962962732,8.68075622248524,4.55662311123843,5.08231044446203,2.4089703740409,472.60727946991,1
2025-09-20 02:08:00,0.164349007383533,8.77172044469984,4.57028266675606,5.0883682222298,2.35797106735366,476.610531365976,1
2025-09-20 02:23:00,0.161779474051133,8.40869533352748,4.27158155571563,5.0894953333497,2.44967749673918,473.84463650056,1
2025-09-20 02:38:00,0.1608346444182,8.51696466689867,4.5767446668013,5.17280066667827,2.51640822775913,468.78068230902,1
2025-09-20 02:53:00,0.1614635925658,8.66750577801277,6.28650888899393,5.189661333336,2.5111185174794,468.611880082617,1
2025-09-20 03:08:00,0.1622517036788,8.68879333357677,5.63667155567583,5.13259111111283,2.57042790118015,473.029138115757,1
2025-09-20 03:23:00,0.161134599975367,8.62440511134737,5.15003422230366,5.2136940000053,2.55173807960848,468.712912749773,1
2025-09-20 03:38:00,0.161455288863833,8.52564888910777,4.56448266679623,5.09522311112557,2.51623921476798,469.709788958967,1
2025-09-20 03:53:00,0.1609411110852,8.55343133354627,4.72019400007356,5.18263000000733,2.49040146118437,468.757589445293,1
2025-09-20 04:08:00,0.1618685333082,8.53854577800467,4.56428800012903,5.0995742222353,2.41803433110901,472.91433606463,1
2025-09-20 04:23:00,0.162011155528167,8.44671933354107,4.55478555569933,5.09740177779037,2.43558609771056,473.87890620165,1
2025-09-20 04:38:00,0.161048822195467,8.59835377801373,4.546976666766,5.31278088889987,2.44232978992368,470.151791652737,1
2025-09-20 04:53:00,0.161937777749967,8.54732177801321,4.56806933346423,5.0824502222355,2.41215539345272,474.072600988113,1
2025-09-20 05:08:00,0.161498481449967,8.61716422242773,6.27484911121383,5.3632273333244,2.41782174532132,470.25502347314,1
2025-09-20 05:23:00,0.161134459227633,8.6451662224114,6.2346986667742,5.21778022222347,2.43314801156234,469.948008755887,1
2025-09-20 05:38:00,0.161817533301233,8.6208637779891,6.29785688897793,5.17938288889443,2.39687860856645,469.749313478783,1
2025-09-20 05:53:00,0.161608999968967,8.65920444466604,6.26004266676896,5.17299800000373,2.3909794018105,469.00149550151,1
2025-09-20 06:08:00,0.1644589555222,8.6668615557743,6.26764355564386,5.15961755555707,2.40999299803145,477.287023140393,1
2025-09-20 06:23:00,0.162227688855933,8.6592397779923,6.59619066669503,5.34553044445043,2.49651640991354,473.259276774987,1
2025-09-20 06:38:00,0.161737451821767,8.5802006669036,4.70940777785419,5.126752444453,2.44227972052509,471.955975748117,1
2025-09-20 06:53:00,0.1649549629369,8.58239866688293,4.4373711112133,5.30895288887794,2.40479253820545,477.50674609342,1
2025-09-20 07:08:00,0.1621787184869,8.63177955578,4.96879511119336,5.2552257777792,2.46031235076324,475.617267318813,1
2025-09-20 07:23:00,0.161535785153967,8.56255200020847,4.4871088890221,5.24870044445283,2.56187177196416,471.743079682967,1
2025-09-20 07:38:00,0.161591829606367,8.4810895557428,4.49742711122156,5.32483977778123,2.61151859649709,470.328499252857,1
2025-09-20 07:53:00,0.164590962942433,8.35152044462327,4.45019888903613,5.26588888888853,2.62998234560394,477.59127985446,1
2025-09-20 08:08:00,0.1633625407181,8.5358824446489,4.65989777785636,5.3867435555443,2.62177572015408,475.874542832666,1
2025-09-20 08:23:00,0.164080177757167,8.64171911132093,4.9895844445302,5.5162964444358,2.68363785795165,477.1998168083,1
2025-09-20 08:38:00,0.167266118504767,8.55713133352677,5.8138022223397,5.86469733330397,2.81251875526704,481.31738970095,1
2025-09-20 08:53:00,0.164175281460467,8.58055044463893,4.96112666678326,6.170517777747,2.82305171564761,477.368594392127,1
2025-09-20 09:08:00,0.164916607387633,8.30931333347164,4.51182955573964,6.292198888859,3.10550414596689,476.985338455257,1
2025-09-20 09:23:00,0.1620782199337,8.52983000026847,8.9516831118231,6.82082644440017,3.10417522735462,484.159921217543,1
2025-09-20 09:38:00,0.163183316240967,8.54153666696507,9.79786088963122,7.66498377774074,3.52417493043878,484.51875794685,1
2025-09-20 09:53:00,0.160477266651367,8.54897266703417,14.7403753325859,9.25210977786974,3.93902844347369,472.303982835373,1
2025-09-20 10:08:00,0.147191755570533,8.49586111119174,14.793863555163,13.4645988893953,4.25114552938418,461.602947112376,1
2025-09-20 10:23:00,0.148024429650633,7.5396755555983,14.8603079996997,13.8806360003997,4.25700044211713,459.093328671843,1
2025-09-20 10:38:00,0.1461274296412,6.3285775557067,14.4468848881865,14.1680615557264,4.05442439069355,457.897667267797,1
2025-09-20 10:53:00,0.141262666690167,5.7530462223252,7.38243244440213,19.0190364439594,4.00162711984575,451.568922267093,1
2025-09-20 11:08:00,0.132332330978167,3.9779900683882,7.02622511108226,30.6429773675037,4.24381524520516,435.508979489967,1
2025-09-20 11:23:00,0.126933303085067,3.33001273504773,8.47297555620403,34.9272874868244,4.30315368726099,433.442337470174,2
2025-09-20 11:38:00,0.113186060429899,3.3353269743777,1.30112136747057,36.2711171105127,4.4353102070717,433.163398667253,2
2025-09-20 11:53:00,0.113787360724929,3.5661949743657,1.34383278625003,35.695002444264,4.15921291339047,432.948775217873,2
2025-09-20 12:08:00,0.114257942399486,3.254939641055,1.07334921359893,36.109993777121,4.29242154403607,432.836581272773,2
2025-09-20 12:23:00,0.1285879071636,2.68652582661804,1.62821488884637,37.9887755553757,4.44453070600175,433.760656537647,2
2025-09-20 12:38:00,0.113824783992261,0.748127438747935,1.0757748888485,38.279638222169,4.5617513496828,433.098506820537,2
2025-09-20 12:53:00,0.114151162185912,0.739837469395359,0.729547538344566,39.7132075557203,4.07364675333853,432.37410486394,2
2025-09-20 13:08:00,0.130054577214867,2.55052668376134,1.8404419999199,37.6211097224577,3.66180915874281,433.044631520494,2
2025-09-20 13:23:00,0.112933702531241,0.617694170289607,0.801237076805433,39.6996244449436,3.30463745079019,432.39630599699,2
2025-09-20 13:38:00,0.112652214042083,0.596207335647151,0.8789917776916,37.638510888745,3.07101918251891,430.98304733035,2
2025-09-20 13:53:00,0.113466085929508,2.38414847867483,0.700395111055834,38.2106482218501,3.18876104075358,431.4775704265,2
2025-09-20 14:08:00,0.127622550014533,3.15911247619147,0.735311333335133,35.4273086665487,3.05492274227161,432.27845524246,2
2025-09-20 14:23:00,0.135764840789367,4.16410222220027,1.94423266658036,38.361967111426,4.06158382867299,433.362003898873,2
2025-09-20 14:38:00,0.124274165288067,3.77810041271587,0.787113316234533,35.068232000083,3.19094271728277,431.539695969326,2
2025-09-20 14:53:00,0.123500041086467,4.01964808548103,0.7232456068184,35.0706744445557,3.07169976895606,431.199908961936,2
2025-09-20 15:08:00,0.116702301410986,4.9661747692015,0.839405418745667,32.2486685981037,3.04480665914296,433.583079203233,2
2025-09-20 15:23:00,0.118669065176055,6.56384538445163,1.59276967520123,21.812548444603,2.88664161414191,436.631710337927,2
2025-09-20 15:38:00,0.125588263289033,7.63439622189753,3.6997493504112,18.651596222468,2.90383741286472,435.695249063437,2
2025-09-20 15:53:00,0.133414759609267,8.43481066659977,6.0669005642585,13.1963488893202,2.82846847263473,442.557928155497,2
2025-09-20 16:08:00,0.124268855882233,7.02774711090612,2.61386646145037,20.1283251112128,2.89413768403857,434.811579343887,2
2025-09-20 16:23:00,0.138040435957467,10.633670221967,6.21203967525443,13.0536057779242,2.93175870534701,440.838934847833,2
2025-09-20 16:38:00,0.1365620356664,9.91338733325173,6.04158900870843,14.1730600002644,2.84907825783775,443.486886383644,2
2025-09-20 16:53:00,0.1581229065879,8.95549044446134,7.32898288917013,9.3026702219361,2.79950826101944,453.324882241134,2
2025-09-20 17:08:00,0.160724965826833,9.48755777774937,7.46334577798291,6.33497844436617,2.78278277327701,459.858124580464,2
2025-09-20 17:23:00,0.160226136199633,10.614709111101,6.7833442224509,8.7620844442687,2.85748865564322,449.436990778047,2
2025-09-20 17:38:00,0.134175324273,9.31019755543286,5.81039145317373,12.400878888681,3.1944245014276,438.029337403074,2
2025-09-20 17:53:00,0.127315132796133,7.6502297776116,2.3897831281579,18.9766046667343,3.70036573185018,435.015883266027,2
2025-09-20 18:08:00,0.1328375841136,7.29980088866287,3.88265234191697,12.2507524441808,4.17306031904024,435.750621649104,2
2025-09-20 18:23:00,0.131631319732367,6.69092911086666,4.0419873333516,11.6414408885566,4.01262628674481,435.60300721863,2
2025-09-20 18:38:00,0.1317620382419,6.74640022207489,5.3755553332054,7.2883395555095,3.89304889587549,439.288162196547,2
2025-09-20 18:53:00,0.133149894625333,7.25344888868346,5.51460711105867,5.74219666664383,3.67317601082343,440.442816118643,1
2025-09-20 19:08:00,0.134824969244233,7.01105955551382,6.95411333325877,7.01918511110963,3.52693897678392,442.7387603331,1
2025-09-20 19:23:00,0.132215073822867,6.58188577765186,5.39201911112693,9.57080355517679,3.19461109113647,439.417887743393,1
2025-09-20 19:38:00,0.132911618269967,7.06375355538179,5.09866533333743,9.71401333296783,3.16963089852285,438.054225360963,1
2025-09-20 19:53:00,0.129847088636333,5.81637155548599,3.4632913333682,17.6900913337767,3.43078671105299,437.21525548811,1
2025-09-20 20:08:00,0.116998804430895,6.10515066653493,1.24792577776403,21.8345953337431,3.74000096900718,436.415509721537,1
2025-09-20 20:23:00,0.132295903444167,6.12627533327185,3.78154977779174,13.5983148894212,3.57146367252662,437.959904888407,1
2025-09-20 20:38:00,0.131358807146167,6.08128666671962,3.42899533334457,16.5011564453455,3.7524877160721,437.78042491183,1
2025-09-20 20:53:00,0.129727970125867,5.27998688882842,3.00746177778107,16.5618257784048,3.64531200939738,436.73724402637,1
2025-09-20 21:08:00,0.127584681199333,6.56037755547865,3.39852200004957,19.156986222346,3.66713229147107,437.97171728343,1
2025-09-20 21:23:00,0.1329963478798,6.19763399994102,4.95961711111897,9.12481399977419,3.55038948209424,441.11154492734,1
2025-09-20 21:38:00,0.1328953701016,6.18568333326409,5.0766486666803,8.65769333318126,3.6666010636165,441.36148834364,1
2025-09-20 21:53:00,0.130909244177,6.31928533337665,3.31935466668154,17.4035795562935,4.33310000996129,438.116647126097,1
2025-09-20 22:08:00,0.127937495170834,5.80091022221752,1.3837271110962,22.779110222525,4.56420423600364,436.78272539707,1
2025-09-20 22:23:00,0.130607161238067,4.6102131110606,1.50804577774317,29.8112231112573,5.40747159861676,433.823446583696,2
2025-09-20 22:38:00,0.132732619996967,5.18640444449956,2.25792799999707,28.4614053336536,5.83957555985868,433.671137620634,2
2025-09-20 22:53:00,0.1285541538533,4.7019386325435,6.67091600025847,32.3316417092523,4.96359247013286,432.62589365033,2
2025-09-20 23:08:00,0.127799821644267,4.4755309060215,6.5403011115289,32.227224393011,5.00994890678931,434.393958052283,2
2025-09-20 23:23:00,0.1264735333023,4.34203333337496,6.81885044484323,34.2189775557833,4.14911118809252,431.583942886423,2
2025-09-20 23:38:00,0.128027178915367,4.7818273675788,6.73716555596804,31.2425469056383,4.82853695310369,433.241803519943,2
2025-09-21 00:12:00,0.132291855570667,7.34729866679173,7.07887577825994,15.3591062229315,3.27950071669243,440.78934134371,2
2025-09-21 00:27:00,0.133147107420267,7.79066088899129,7.16355688940147,11.7760533332885,3.14027642928995,441.477257268334,2
2025-09-21 00:42:00,0.134237188898233,6.99585666673572,7.26554933394527,8.12719288880797,3.11409794324584,444.619614246514,2
2025-09-21 00:57:00,0.1422459629471,8.45468600014474,7.47375644472263,7.1690364444033,2.84067982061692,448.158436000303,2
2025-09-21 01:12:00,0.1335321222303,6.68846244448655,6.48234533379903,9.43726222198247,2.8100895899831,444.112959203367,2
2025-09-21 01:27:00,0.1326287814867,7.7104802223576,7.22433155592913,15.6271066673616,2.61692688059654,442.237251537477,2
2025-09-21 01:42:00,0.1262551481266,4.4602435555145,5.73306422263687,30.359383094096,2.67347112780228,434.338343982993,2
2025-09-21 01:57:00,0.125236429597967,4.10049688889617,5.9384411115454,33.223676221774,2.82443354466883,432.12833121836,2
2025-09-21 02:12:00,0.125688484864733,4.19783435899813,6.63820822250263,32.233474905783,3.00424493458718,434.41661576618,2
2025-09-21 02:27:00,0.126539481433067,4.5217066667027,6.79744333374254,28.472038888853,2.96330961274697,433.669599341427,2
2025-09-21 02:42:00,0.125170222214967,4.66618555551503,6.45028422268273,23.2678513333864,3.10323185194582,435.467139654954,2
2025-09-21 02:57:00,0.124823277482933,3.69281777771883,1.4816577777596,26.2129057778107,3.12181874243576,434.418236422924,2
2025-09-21 03:12:00,0.124787637027,4.8328013333603,6.86625133375087,23.953249555369,3.32681443326301,435.383330452547,2
2025-09-21 03:27:00,0.124723407407467,5.2089686666914,6.8636831114236,22.5335108891933,3.41162059483489,437.364731122217,2
2025-09-21 03:42:00,0.1264201148029,6.73136533341283,7.01639733366313,21.0716035555869,3.60423657159303,439.813773360497,2
2025-09-21 03:57:00,0.1329737888995,7.43641488896336,7.28094377824907,13.6113020003296,3.55887212692642,440.724941769117,2
2025-09-21 04:12:00,0.148240718502533,8.32721755572037,8.48437955628497,6.94291333334306,3.31361730611824,448.944962436483,2
2025-09-21 04:27:00,0.160094970350733,8.69166688906853,7.64375311131037,6.16059733326503,3.23438255409123,466.892659982887,2
2025-09-21 04:42:00,0.160164111091667,8.50650488903837,6.16357466691144,6.32168755550203,3.34748943418764,466.12759219359,2
2025-09-21 04:57:00,0.159302096273533,8.1193368889954,5.2324222223059,6.2934271110736,3.20202370896861,466.97414599011,2
2025-09-21 05:12:00,0.159634503681633,8.46497711126364,6.11219000001694,6.4436408888533,3.10045120298948,468.20385531302,2
2025-09-21 05:27:00,0.160131081461867,8.5986468890496,6.35148600001937,6.40302711108547,2.88386479234232,468.210158272767,1
2025-09-21 05:42:00,0.162777237015767,8.34482266681227,6.11652066691267,6.37423622218947,2.80593963960255,476.063512251203,1
2025-09-21 05:57:00,0.166250148133433,8.6312575557413,6.85581555571284,6.32672133330867,2.91569485326159,478.588127072517,1
2025-09-21 06:12:00,0.161050637015733,8.47607866683227,6.56633688909111,6.22778088886773,2.81460873477958,471.804027819857,1
2025-09-21 06:27:00,0.161349037016667,8.5867648890526,6.87425600013584,6.31486666663603,2.6680561148756,472.448366237757,1
2025-09-21 06:42:00,0.1635527036845,8.6423051112758,6.80237666675931,6.3134288888677,2.67914316401512,475.774072921496,1
2025-09-21 06:57:00,0.1634419481278,8.60052977791667,5.37954266679637,6.05188155548213,2.60260385997832,474.730694180977,1
2025-09-21 07:12:00,0.163533207387567,8.5988675557236,6.21316511123607,6.10669177770947,2.54146545775456,475.089952507597,1
2025-09-21 07:27:00,0.163614570349833,8.64116511128583,5.6764137778812,6.22019466663647,2.53611755135651,475.966461737423,1
2025-09-21 07:42:00,0.1674009481313,8.63349600016966,5.47742688901413,6.11428377772507,2.46616193701495,490.42342905441,1
2025-09-21 07:57:00,0.1669230592466,8.58406177793566,5.2233695556966,6.1756233332724,2.36487211384336,479.119389083247,1
2025-09-21 08:12:00,0.1663631185045,8.61444466683143,6.1706997779062,6.344210666626,2.3874651266411,478.3302042671,1
2025-09-21 08:27:00,0.163304185163933,8.59543288905053,6.22528577790607,6.37490422218137,2.39479951109161,476.196683853327,1
2025-09-21 08:42:00,0.161313748126967,8.54570933348323,5.18975844459194,6.34570133329237,2.36302544947012,472.63780985758,1
2025-09-21 08:57:00,0.160453274052933,7.03105005130022,5.63101711104134,6.33362688886967,2.43314587508926,472.475156190173,1
2025-09-21 09:12:00,0.160206948122,7.41857288897706,8.42919333416368,6.61528844438803,2.45010767921828,469.52335943244,1
2025-09-21 09:27:00,0.161423911080367,8.2346980002388,9.0953286674996,7.12655199997787,2.45479007489904,469.11711120039,1
2025-09-21 09:42:00,0.137060292594267,7.84962711134146,7.76699133359149,10.4484355555561,3.16246272564602,450.862401393554,1
2025-09-21 09:57:00,0.1358523740811,6.37165577788809,8.3608493336735,13.645715554952,2.94025633499153,447.1298641219,1
2025-09-21 10:12:00,0.1366094963073,5.64593711113083,7.20899555546657,17.0101275553331,2.97999266362096,445.460643182703,1
2025-09-21 10:27:00,0.135607200001033,5.80226755561113,7.35712399997643,15.7903873326294,3.0217400389256,446.027730509116,1
2025-09-21 10:42:00,0.137733800014033,5.83298666671257,7.34472955549863,15.7211471104403,3.25779071324236,446.761582721333,1
2025-09-21 10:57:00,0.137592066684567,5.72648333340317,7.2519366665835,17.1046939996017,3.05954449834605,447.690872681336,1
2025-09-21 11:12:00,0.1376268222299,5.4397308889424,7.1728257777321,19.471810443737,3.17375895011434,450.106310660509,1
2025-09-21 11:27:00,0.1336758050879,3.5041498290843,8.64171911155367,25.6835315554713,3.49363118913853,441.033772132727,1
2025-09-21 11:42:00,0.133120427306067,3.68206280341917,8.50893377838027,25.4014071110833,4.03742616514572,446.639478452773,1
2025-09-21 11:57:00,0.1342181384134,2.6071398803293,6.44856600057613,28.2096150597513,3.37189999632484,437.989052497597,1
2025-09-21 12:12:00,0.1374240933746,2.2470533504699,1.6679435555293,33.0454724105317,3.83225030563835,433.998497799424,2
2025-09-21 12:27:00,0.135862193082433,2.55186423935573,2.08248222215567,36.1022438802347,3.40078200952962,432.313918798147,2
2025-09-21 12:42:00,0.133925386853367,2.24867553850947,0.958196649543135,35.751581316225,3.29723794803674,430.450840690917,2
2025-09-21 12:57:00,0.135653150914767,2.38173680344886,1.68810711102273,36.231845760515,3.03721283527452,431.578690301027,2
2025-09-21 13:12:00,0.1326883293,2.05530117947993,0.8901313674298,38.1832409447847,3.24795651280775,430.83317948266,2
2025-09-21 13:27:00,0.1323109293004,2.0410616239244,0.7921475383552,38.2345185558414,3.12841824336434,430.342090336137,2
2025-09-21 13:42:00,0.1335930740249,2.0807702906084,1.02011560676647,37.6710854450627,2.91445976816197,430.165016247694,2
2025-09-21 13:57:00,0.1327183406936,2.02214456411056,0.746820769136233,38.844206667401,2.77550170944842,430.359208805134,2
2025-09-21 14:12:00,0.1327170740325,1.96304123076097,0.660174991356333,40.198011999718,2.89635201854256,430.350973461357,2
2025-09-21 14:27:00,0.1315856295824,1.96546145298676,0.606532102494033,41.9962726661123,2.95190775917809,430.268283007903,2
2025-09-21 14:42:00,0.112210976297775,1.79071960680973,0.541710153788367,43.9735744782384,3.13644340825121,430.70243741853,2
2025-09-21 14:57:00,0.114686271894759,1.89623883758203,0.508352427321134,42.658477503821,3.41211582287869,429.16322266511,2
2025-09-21 15:12:00,0.115381926849803,1.83155039312177,0.5077062051191,42.4473544782984,3.25272145630283,429.157318880686,2
2025-09-21 15:27:00,0.115244700761425,1.81722239312267,0.495435675206901,43.4687150599141,3.64789674311624,429.24523590013,2
2025-09-21 15:42:00,0.1253402775179,2.1167250427186,0.555390376063167,41.523449041719,3.8193869477975,428.765032844457,2
2025-09-21 15:57:00,0.115371568748647,1.81963883757007,0.515143760699366,40.6691917433227,3.43639176416515,429.124384483796,2
2025-09-21 16:12:00,0.123536039320433,1.89329150424073,0.493179059812434,41.3672968369633,3.45115630033748,428.638670132477,2
2025-09-21 16:27:00,0.124315842171767,1.8294277264619,0.517827709375233,41.0976308714453,3.31267223349519,428.601543089687,2
2025-09-21 16:42:00,0.115076931991977,1.9839480170711,0.554466854661667,43.526378820673,3.32348599270387,428.95476604072,2
2025-09-21 16:57:00,0.124032094000433,2.55353941877987,0.581967897381966,42.6740350593914,3.24448022401087,429.40314487255,3
2025-09-21 17:12:00,0.132178837054167,5.61949111097393,0.713256222209866,41.8228226667153,3.30754624829367,430.943554317197,3
2025-09-21 17:27:00,0.142038103687933,9.10804177756459,0.965047777749634,34.509900222476,3.15852773477426,432.55410494258,3
2025-09-21 17:42:00,0.1414641555419,9.21894844425743,1.04912311110293,31.8914919997094,3.17390877380522,432.759243905317,3
2025-09-21 17:57:00,0.141906640741634,10.0703673332594,1.23293199997857,26.1279233337594,3.20712981363551,436.99315826019,3
2025-09-21 18:12:00,0.1456418629309,12.6727873333655,1.76309466665833,20.3638728891584,3.06847567571367,438.177640170363,3
2025-09-21 18:27:00,0.149235840719667,14.4800837777742,4.22337844456277,15.576444666671,3.0673137614905,439.081724256643,2
2025-09-21 18:42:00,0.145830155574067,14.568038666628,4.5642717777564,12.986268000316,3.04131344329905,436.96052313828,2
2025-09-21 18:57:00,0.1445435037262,15.7774477776598,3.71816022218177,14.3446217779996,2.92195751953898,436.524069777743,2
2025-09-21 19:12:00,0.140384764405867,15.1147340002057,4.96615533339683,8.98838599967943,2.90508003580582,437.549577172997,2
2025-09-21 19:27:00,0.1394356236594,15.0606257778882,4.02252466673383,9.4988437776294,2.9474682476241,436.964349668683,2
2025-09-21 19:42:00,0.140150149601067,15.108649555666,3.8281126667807,7.53942688863556,2.88624715466059,438.314547023103,2
2025-09-21 19:57:00,0.139263954711267,13.5590708888547,4.55730155570723,6.52694622199963,2.79148058184222,440.000285239343,2
2025-09-21 20:12:00,0.1422131353328,14.9412924444001,5.05114822235767,4.47142488882741,2.77618626234675,444.205779105647,2
2025-09-21 20:27:00,0.140333040467133,13.56544866677,4.81348533349656,5.9690855554291,2.737240356292,441.606340703687,2
2025-09-21 20:42:00,0.152388001423433,13.7810571109727,4.95502377781906,4.23689488880357,2.66898013045054,445.851373601143,2
2025-09-21 20:57:00,0.148725448157067,11.4323902222813,4.6257560000842,5.18488399992233,2.62235677126771,445.36650349349,2
2025-09-21 21:12:00,0.159142244444833,11.1471073332548,4.35493399997834,3.9980844443575,2.72361741749815,447.510271342603,2
2025-09-21 21:27:00,0.160454288898667,10.4937228889276,3.67056333326393,4.14969933326883,2.60355046721856,448.918607203414,2
2025-09-21 21:42:00,0.161514437044233,10.1587935554906,3.83889577769983,4.32475688880147,2.67538600701409,453.279352393834,2
2025-09-21 21:57:00,0.160613385192167,8.94977244462117,3.3356208888061,4.5397617777059,2.67172392984726,453.589265631614,2
2025-09-21 22:12:00,0.1606124963083,8.5767475557212,3.7726708888007,4.36957244440587,2.76171772180428,454.808737608934,1
2025-09-21 22:27:00,0.160680044443867,8.3037153334069,3.19912955548573,4.03274600001163,2.6740773890266,456.62159615579,1
2025-09-21 22:42:00,0.160828933319567,7.37089177785883,2.67418555550006,4.30820622221223,2.74498023421678,462.511452030834,1
2025-09-21 22:57:00,0.161151088873367,7.24367711119706,3.16231422215983,4.42256400000277,2.82376711961625,466.031908324707,1
2025-09-21 23:12:00,0.162024118505767,9.10197177786897,4.10255000016063,3.64609511110527,2.78777898039783,465.429062294194,1
2025-09-21 23:27:00,0.1609510666426,7.26050355561826,3.26703533344923,4.95400911113147,2.85150835206478,470.934116635297,1
2025-09-21 23:42:00,0.1642198147932,8.43340777791874,3.7502962223948,4.81218933334867,2.94874177561324,469.630558748577,1
2025-09-22 00:12:00,0.161083355530733,7.10916933341263,3.2477908890029,5.064976444463,2.9210046422737,473.98062791338,1
2025-09-22 00:27:00,0.161975074052933,8.27547444458557,3.95982177794896,5.03610155557533,2.94425720237372,472.959092406407,1
2025-09-22 00:42:00,0.163861740721567,8.38763355576848,4.1810180001671,5.07617822223517,3.08397553565528,476.605793217913,1
2025-09-22 00:57:00,0.163697629606967,8.05993888905037,3.68213200017346,5.05847800001727,3.04052072279562,476.350160202623,1
2025-09-22 01:12:00,0.161093577755667,6.8666811111618,2.85935533329606,5.0639957777963,2.95097870458116,473.988082105997,1
2025-09-22 01:27:00,0.1619828740527,8.4431022224203,4.5776206668075,5.13867888890383,2.99776826121401,474.043403181617,1
2025-09-22 01:42:00,0.163424133318233,8.08378555574757,3.95132355573953,5.1616164444406,3.1233339669039,476.42935124927,1
2025-09-22 01:57:00,0.1668373555435,8.27249422241917,4.17539288905676,5.29714311109373,3.04959074507019,479.379395747313,1
2025-09-22 02:12:00,0.1631509703519,6.83034066670562,3.27664533345256,5.38674355555737,3.11014523246767,476.506777910457,1
2025-09-22 02:27:00,0.1674463481384,8.42025888907024,4.60240866680643,5.58858888884896,3.05104122734395,523.35675782377,1
2025-09-22 02:42:00,0.167637844431933,8.45410955573124,4.69981644458387,5.65519111106927,2.89390815090925,520.74332174521,1
2025-09-22 02:57:00,0.169667888874967,8.2061926668028,4.31874222239483,6.1525375555071,2.96952477010274,517.394434046,1
2025-09-22 03:12:00,0.169833866645567,8.37518355572074,4.73899822238937,5.97139933326673,3.04671649154565,517.165740500797,1
2025-09-22 03:27:00,0.1677122666476,7.94746244455247,4.13469800018393,6.1475262221883,3.02935842771217,517.525566137997,1
2025-09-22 03:42:00,0.168353977758867,8.53039022240277,5.09321111125104,5.94096199993,2.9712812625407,517.189495460827,1
2025-09-22 03:57:00,0.1701535555324,8.61245044463097,5.29277000011697,5.95811311104313,2.96414064036008,517.325293258357,1
2025-09-22 04:12:00,0.170103666645,8.57372466684483,5.15423733347204,6.14280088886153,2.92770082420728,517.353039868157,1
2025-09-22 04:27:00,0.1680350592408,8.40688533349184,5.11868755571984,5.94134777771373,3.01022298925086,521.00600086885,1
2025-09-22 04:42:00,0.168123925908133,8.58290244463573,5.53201755564503,6.16633688887333,2.94931558412442,520.96468639361,1
2025-09-22 04:57:00,0.167945755538033,8.48362600016867,5.03485133344623,5.9374491110353,3.04855082109178,520.92332144433,1
2025-09-22 05:12:00,0.167932133314267,8.56750733351493,5.1821213334218,6.0847015555162,2.935186326764,517.535953234247,1
2025-09-22 05:27:00,0.168080377762867,8.56608400017856,6.0405793334513,6.07554133329283,2.93038360723196,517.501211960913,1
2025-09-22 05:42:00,0.167584066653867,8.54764333351276,5.19143400009103,5.96248822215527,3.09437896654286,524.784712451704,1
2025-09-22 05:57:00,0.167701488876233,8.4787608890507,4.75279533347046,6.19685222216427,3.08331296121099,497.362881311023,1
2025-09-22 06:12:00,0.167810799981667,8.30507888904407,4.61979400016143,6.19393311107043,2.95202833578491,521.15585022087,1
2025-09-22 06:27:00,0.1679485110928,8.5075426668234,4.94775400012907,5.9799691110418,3.00482821324739,520.99674458141,1
2025-09-22 06:42:00,0.167638237022033,8.46728244458994,4.86689200013243,6.2241953332819,2.85500380002651,524.28115358178,1
2025-09-22 06:57:00,0.167858511092633,8.5267048890458,5.51387088898107,6.22778466662977,2.94017188526299,518.324519697167,1
2025-09-22 07:12:00,0.168343037017967,8.58269577796147,6.05614733345547,6.20287355552813,3.04410638421571,521.098196088943,1
2025-09-22 07:27:00,0.168001822203433,8.55923711129403,5.34794555568524,6.2105399999674,3.03875057695584,517.98089771088,1
2025-09-22 07:42:00,0.168372229609433,8.61767333348197,6.52811733345183,6.24485022218246,2.86442469776902,517.491372713993,1
2025-09-22 07:57:00,0.168111614793467,8.56796733348506,6.208047777909,6.2202399999653,4.82542277538735,517.656964204827,1
2025-09-22 08:12:00,0.162650096273467,8.66100066687097,4.88458244438427,6.06143044434107,3.37520577372886,480.702681219947,1
2025-09-22 08:27:00,0.133325611127833,8.12100333354066,4.15934488887157,15.6990824448345,3.46605736102372,443.880081534631,1
2025-09-22 08:42:00,0.132328218535067,8.00991333344036,6.5594939998913,18.1320257782158,3.57649280075928,441.56075963394,1
2025-09-22 08:57:00,0.1286569222074,7.4659777779092,5.85854844435687,18.8096224448025,3.54006848341335,440.63243801218,1
2025-09-22 09:12:00,0.129604151841233,7.40073755566153,7.51821444456923,18.6864913335785,3.64771559311098,440.474928618924,1
2025-09-22 09:27:00,0.128779981476,6.9635115555955,7.5859506668019,18.7998060002789,3.66276154409977,440.706202769167,1
2025-09-22 09:42:00,0.128566337037967,6.65403355556983,6.3450099998197,20.3582182222276,3.74955120764614,442.42488679513,1
2025-09-22 09:57:00,0.125487950994433,5.96629955555173,7.18656511130779,22.470146888756,3.80827208013246,441.767100827543,2
2025-09-22 10:12:00,0.125707963540733,5.957364222209,7.29704555568549,22.482007777672,3.89858706237494,441.633563120947,2
2025-09-22 10:27:00,0.126451156129667,6.11340133328937,7.31505600014423,21.3773595552675,3.80717647250065,441.69477533053,2
2025-09-22 10:42:00,0.1285228672339,5.82474880340266,6.93118533330083,18.4693739998212,3.84453908514193,442.34314423338,2
2025-09-22 10:57:00,0.126244674630233,5.27029827346377,7.79132088909273,22.1185504442612,3.91881928098383,442.087645367046,2
2025-09-22 11:12:00,0.126899170932133,5.2912378802754,6.9444177776887,22.4012679997881,3.93720967484965,440.904234038406,2
2025-09-22 11:27:00,0.126312889443433,3.62313859828413,7.93971533348757,25.1765563586373,3.85591486823256,437.328909067137,2
2025-09-22 11:42:00,0.1256494079769,3.4338842392804,8.07268666726814,26.1393802217697,3.99757863860696,435.729235554427,2
2025-09-22 11:57:00,0.125537474639767,3.5879957948501,8.83833888945094,24.4632637774923,3.91816924130626,436.250513312267,2
2025-09-22 12:12:00,0.1260799931411,3.58420437605407,8.77877755605854,24.376049333178,4.00152509362826,436.436284689323,2
2025-09-22 12:27:00,0.1254111931507,3.19420753842673,8.64454488959367,26.537623589384,4.00424644348526,435.286777023227,2
2025-09-22 12:42:00,0.1291202893518,2.63346198286807,8.23759800080451,30.228591145576,4.10909595386476,434.693212356263,2
2025-09-22 12:57:00,0.1320964158582,2.35077092305283,1.95699911103097,30.2483467011184,4.40637919880296,434.65084697125,2
2025-09-22 13:12:00,0.131975753189633,3.05986791457744,8.56294377822577,33.4426201878337,4.58995185391808,434.67861371389,2
2025-09-22 13:27:00,0.126609791980567,3.14578384613744,7.33560311183004,34.8483217260857,4.3865718994028,433.551767564597,2
2025-09-22 13:42:00,0.1251862700479,3.42693986323467,2.56272622221607,32.998931777615,4.36479867282175,433.73762921477,2
2025-09-22 13:57:00,0.113417661651121,2.67924251279417,1.34754374356904,32.5598278630577,4.29745937583689,433.807088041813,2
2025-09-22 14:12:00,0.113834454979438,2.28541863248776,1.53729558972963,33.7805919657033,4.35145548624843,432.92628499474,2
2025-09-22 14:27:00,0.113594954560236,2.2832207350314,1.20878206835004,32.3351415213383,4.11957189818987,434.04430884188,2
2025-09-22 14:42:00,0.134473886518333,2.37672699147627,7.3059726673531,32.257561265323,4.07515445586762,434.937254574534,2
2025-09-22 14:57:00,0.1335995618028,2.47899418810287,1.17293442732567,35.5648534185397,4.06127479239689,432.826547676797,2
2025-09-22 15:12:00,0.127379693374267,2.18791480341254,0.913824170877534,37.5483663329557,4.01540409788727,432.222209877077,2
2025-09-22 15:27:00,0.1262799230055,2.0997130256265,0.8195665469315,37.7998519442954,4.10243440241695,431.693318486527,2
2025-09-22 15:42:00,0.112233289681756,2.0305676922914,0.767035811915466,39.2801811112027,4.19265545861186,431.92562894982,2
2025-09-22 15:57:00,0.123388033566167,2.04037080341973,0.877904512750667,41.2642320000497,4.08056462234457,431.79213525002,2
2025-09-22 16:12:00,0.11291734427125,1.97522490596347,0.649443965776233,42.5860606661839,4.06504419436723,431.576784464554,2
2025-09-22 16:27:00,0.112073296463355,1.92351579484134,0.667147982864466,41.315999999925,4.0703888830269,431.541242210037,2
2025-09-22 16:42:00,0.113424341282414,1.99342437604903,0.626743572624133,41.940546221807,3.83816158591461,431.43095427116,2
2025-09-22 16:57:00,0.113554965488277,1.94906793160873,0.5562965298533,43.4474844787074,4.02771184561402,431.17754108415,2
2025-09-22 17:12:00,0.113779119716277,1.92614656408583,0.571048854649333,42.6514228886933,3.94887247270447,431.373471258394,2
2025-09-22 17:27:00,0.115066780416542,2.8843742539762,0.752523948682201,37.4198728889483,3.92950722371873,431.527696350803,2
2025-09-22 17:42:00,0.115682085548235,4.0388437777917,0.8192240170789,34.0296071284324,4.02647318891912,431.581231410086,2
2025-09-23 00:11:00,0.164831651856133,6.46720955556535,6.07863466659144,5.87325644436267,3.44993124901261,490.893973401007,1
2025-09-23 00:26:00,0.165612570365967,6.61951400002492,5.5549108888816,5.9416315554567,3.35820827043424,523.44074842277,1
2025-09-23 00:41:00,0.1658692888696,7.39565955561779,4.021030666684,5.90651155547486,3.36344546808701,521.053342802267,1
2025-09-23 00:56:00,0.166434555539333,7.69409266671042,3.6996724444979,5.92467133325233,3.36580092368564,520.1605216386,1
2025-09-23 01:11:00,0.164559318504933,6.90804866669652,5.33822288887203,5.86025022214244,3.39886411595667,491.383025324537,1
2025-09-23 01:26:00,0.166519118500467,7.63651111116706,3.6821751111699,5.93651399991913,3.32246874961807,517.3343749535,1
2025-09-23 01:41:00,0.1677801407264,8.68564911126057,4.70829933352613,5.93821599991703,3.35415358283784,517.1688923082,1
2025-09-23 01:56:00,0.1677683629509,8.41904200013879,3.6405242222634,5.92871555547163,3.16298859203079,517.151501055127,1
2025-09-23 02:11:00,0.167622718505,8.67593933347657,4.74389511128894,5.96394377769706,3.18813245247613,517.292987377257,1
2025-09-23 02:26:00,0.166074666653533,6.97813244450732,5.1024464443975,5.95862066658257,3.1059273513241,516.976633853417,1
2025-09-23 02:41:00,0.165987281463867,6.85939133336536,5.09595999995603,5.99331577769703,3.18866452229228,518.076170214043,1
2025-09-23 02:56:00,0.166091474060133,8.02567866676966,3.5860217778103,5.96614911104317,3.11189727365665,499.317799484974,1
2025-09-23 03:11:00,0.1662913481331,7.99861577788266,3.7024595556163,6.0163975554849,3.21121681340241,489.097961425003,1
2025-09-23 03:26:00,0.167518577761467,8.58105133349033,5.12640755574093,5.99515622213386,3.22138746122067,517.77696454125,1
2025-09-23 03:41:00,0.1674332888724,8.09461355565233,3.71948044449697,6.02420422215827,3.14629398606998,517.88840045811,1
2025-09-23 03:56:00,0.1674238222045,8.5078042223514,4.92174000018787,6.02432066657613,3.0812339488796,516.83841871662,1
2025-09-23 04:11:00,0.1694842222033,8.40698422235877,5.93008266687437,5.99990599990943,3.1755550578495,516.86897451144,1
2025-09-23 04:26:00,0.170748881463667,7.04631955557126,5.66226799994857,6.01354288881973,3.14987978683482,516.57099408262,1
2025-09-23 04:41:00,0.167572022205967,8.46128933347894,6.67440222235181,6.0727868888293,3.31197604012821,516.969067487657,1
2025-09-23 04:56:00,0.1680238666491,8.4036364445606,6.02335555575524,6.07523311104787,3.21709301547687,516.79411918646,1
2025-09-23 05:11:00,0.171059199980633,8.09423200010007,5.60454266689947,6.05014244438697,3.13403626237005,516.968324228573,1
2025-09-23 05:26:00,0.1695416666473,8.47685066681934,6.15591666685507,6.0266515554753,3.19636048181523,516.992301273657,1
2025-09-23 05:41:00,0.1674853555393,8.44332244459854,6.491033777952,6.0662248888287,3.25948995388881,516.982214256827,1
2025-09-23 05:56:00,0.168041733314367,8.3725524445832,5.97557911132624,6.19021599997556,3.1727747226424,516.896925521124,1
2025-09-23 06:11:00,0.1678349555366,8.40177822236354,6.14347600022867,6.1329762221735,3.17689403594858,517.10889043126,1
2025-09-23 06:26:00,0.1694563555367,8.1894917778976,5.73570955581047,6.0025059999231,3.22427398604373,516.56855935278,1
2025-09-23 06:41:00,0.171763562944567,8.7614168890734,6.89305488902321,6.0094826665801,3.0655102809375,516.891312761137,1
2025-09-23 06:56:00,0.1696593555357,8.50414422235534,6.68196333348394,6.0415355554969,3.19066152042717,516.620677264317,1
2025-09-23 07:11:00,0.169464222203967,8.16204288899753,5.8349286668943,6.04786733327043,3.18715278667457,516.772529556633,1
2025-09-23 07:26:00,0.171575622202767,8.01534711120653,5.6552582224845,6.2678044444396,3.22022343387172,516.916681610853,1
2025-09-23 07:41:00,0.174466288868,8.41707377790987,6.1427915557936,6.1355377777251,3.19690336393543,517.968277160227,1
2025-09-23 07:56:00,0.171305444423133,7.93318627358326,5.48781000025477,6.34027644441937,3.13694425988206,517.598241005757,1
2025-09-23 08:11:00,0.171542511090467,8.06509644455767,8.8779768897723,6.35207444441473,3.1303230881903,517.521237457553,1
2025-09-23 08:26:00,0.171266874052467,7.4520706667519,8.48526822305301,6.46392577772403,3.27052806158448,517.740178172703,1
2025-09-23 08:41:00,0.1673517555368,8.34558844459577,9.0289631119573,6.71055733325473,3.31694216652979,517.378721957437,1
2025-09-23 08:56:00,0.166791229619167,8.42375622238444,9.28430377869049,6.7324817777087,3.57926537570696,519.734479922947,1
2025-09-23 09:11:00,0.158479037037633,8.20010088901684,8.50351333414317,7.2064864444235,3.95879078902966,486.898167818466,1
2025-09-23 09:26:00,0.135380617666433,7.5182248890869,8.20059155603473,10.9551875554382,4.13147253747517,449.496012407583,1
2025-09-23 09:41:00,0.1371321629623,6.8014537779416,9.0893771115562,9.6538404444468,4.2297601430188,452.09770327126,1
2025-09-23 09:56:00,0.139300777785667,7.26187511133087,7.43496133328883,10.9880695554304,4.26068196169085,451.839630850983,1
2025-09-23 10:11:00,0.1355525851802,6.8377037779128,9.2071864448902,11.0084957774838,4.23766435091331,449.590689101463,1
2025-09-23 10:26:00,0.137727207410267,6.93424977793067,8.22981844463471,10.8459115557171,4.13793486952748,452.87105408915,1
2025-09-23 10:41:00,0.140166140752633,6.85247844462016,7.30531644437966,14.9170162226483,4.19719162570762,455.85547853062,1
2025-09-23 10:56:00,0.1379624444459,7.10451866684363,6.99789666667616,17.4362877776386,4.14851148228464,454.837339063217,1
2025-09-23 11:11:00,0.1358688963053,6.10206266676853,7.9110211115999,20.2782862217083,4.19618751207516,449.167043486416,1
2025-09-23 11:26:00,0.133834423340233,5.0821622222368,3.9123726664854,21.0266302220674,4.13928073439775,446.185760397299,1
2025-09-23 11:41:00,0.132188149261834,4.11829562393363,1.60388864955733,26.094188666744,4.13418270080456,444.739249054436,1
2025-09-23 11:56:00,0.132598423336334,3.5650903418944,1.3794146495267,27.3007848888203,4.08175400055825,440.363621616053,2
2025-09-23 12:11:00,0.132315127042167,3.5718284444654,1.38597904268847,29.2943683417853,4.18096698594042,439.019960962944,2
2025-09-23 12:26:00,0.133900980013367,3.5523055897673,1.3350769401253,31.6618469400803,4.18189755264793,435.022508264577,2
2025-09-23 12:41:00,0.133857218197834,3.23190276926707,1.17700873501173,34.2391697777364,4.13078471663547,433.897999793594,2
2025-09-23 12:56:00,0.1260886529236,2.539394700853,0.8317730084755,36.0495882216056,4.21540283434424,431.683549164564,2
2025-09-23 13:11:00,0.1156343559216,2.57623923075373,0.828998256353667,36.0175196234947,4.13971102203521,432.25024317048,2
2025-09-23 13:26:00,0.115952788968117,2.95065748718353,0.870687726473435,33.7668875898544,4.13948021907795,432.443966141096,2
2025-09-23 13:41:00,0.123344774322133,2.56768933332657,0.868304649505634,35.3023212986807,4.25282823581091,431.466518196343,2
2025-09-23 13:56:00,0.116610270634427,2.40721211962533,0.791032017042701,35.597542153048,4.18777772789911,431.189285010653,2
2025-09-23 14:11:00,0.115964581938058,2.3011627179166,0.754938324757066,37.9762622825373,4.19861875854308,430.665796210543,2
2025-09-23 14:26:00,0.11483752206974,2.1791860512417,0.7591184272983,37.6696890601757,4.20833401529043,429.77632192076,2
2025-09-23 14:41:00,0.124160831876167,2.04158521365057,0.699289794851466,40.8047995554493,4.26682661333675,430.009319699677,2
2025-09-23 14:56:00,0.114734666320133,1.95680512816403,0.682615709363234,40.5414302222433,4.22834801719047,429.933236003417,2
2025-09-23 15:11:00,0.116379890103276,1.9891930085192,0.6248673162527,41.8794437770783,4.08392289138927,429.908046928923,2
2025-09-23 15:26:00,0.116204908957477,2.05154042733787,0.595813008540667,41.1039295552137,4.05115145362797,429.73919519634,2
2025-09-23 15:41:00,0.116941510493219,2.5444368888352,0.753995760670434,40.6847880682287,4.06067274085323,429.677599299953,2
2025-09-23 15:56:00,0.116303625947245,1.8585572478241,0.598268119629,43.894792239361,4.16792305798984,429.762348025327,2
2025-09-23 16:11:00,0.116164866553165,1.82153738458337,0.5215650426764,42.989753401401,4.09236605892436,430.093530596433,2
2025-09-23 16:26:00,0.115093291265184,1.80264338457337,0.534085931560366,42.3360802557737,4.03767843856084,429.699724415603,2
2025-09-23 16:41:00,0.115096978597787,1.8886562734768,0.540507008506766,41.1306226663404,3.99557691710763,429.892213461013,2
2025-09-23 16:56:00,0.114929539423822,1.88522049570337,0.5830887007696,40.0982122223167,4.01482585414212,430.094527364023,2
2025-09-23 17:11:00,0.115408217352749,1.97643560682397,0.594009555457734,39.345445333439,3.97237997273106,429.771542802257,3
2025-09-23 17:26:00,0.115108615833508,1.9107311623761,0.621604187926434,39.27906177818,3.88679577271765,429.953475792253,3
2025-09-23 17:41:00,0.115281282936755,1.9207169401537,0.6077849400637,39.557619556104,3.98146237487316,429.77503900858,2
2025-09-23 17:56:00,0.116370683022864,2.52604584614447,0.6251819999588,39.5871851110764,4.00844628528482,429.735934939557,2
2025-09-23 18:11:00,0.1277973703741,3.7735702393192,0.788511777721998,41.3029377774367,4.00358484261601,431.550068655893,3
2025-09-23 18:26:00,0.132479488885634,5.25353799998264,0.790217555550467,39.3400153335224,3.86321220818809,431.441754271927,3
2025-09-23 18:41:00,0.133509374072834,6.53689199992666,0.7739266666636,39.1592204446843,3.89746236667442,431.508262488607,3
2025-09-23 18:56:00,0.1342182036933,7.06204777771546,0.722589777760233,36.050732888466,3.8439067028549,431.689410006823,3
2025-09-23 19:11:00,0.1682663222151,13.7230751113149,1.9823246666604,21.1461048889339,3.78855812438182,453.43983910067,3
2025-09-23 19:26:00,0.173349074080434,15.6464488892605,3.09518488890487,17.9015453337471,3.80399550933753,464.5707238912,3
2025-09-23 19:41:00,0.167007996285433,13.3807426668511,1.97564711111703,18.225009778119,3.699087946911,461.353037180973,2
2025-09-23 19:56:00,0.145169644435233,12.8328020001268,1.8313904444422,20.3513233339265,3.77232023315187,442.72677158881,2
2025-09-23 20:11:00,0.1479859999958,13.4921097779766,2.27697177777867,18.6885933335938,3.73332725920357,448.968959493163,2
2025-09-23 20:26:00,0.165003714810733,14.5330597777957,3.90762133345833,14.9879682222924,3.70367549694413,456.512610178473,2
2025-09-23 20:41:00,0.171798088890167,15.1564373334842,5.42220733350403,8.84647666673353,3.53060381901349,456.001378248224,2
2025-09-23 20:56:00,0.166370966667333,14.1454635556646,5.88203577798463,8.13379933327043,3.55680382705152,457.106425287087,2
2025-09-23 21:11:00,0.162900301434933,13.8520964446249,5.32057222240663,9.05752488883246,3.46895736698259,451.456700131937,2
2025-09-23 21:26:00,0.167295784754867,12.8817433334568,5.04986777792916,5.5944626665763,3.30994921774001,472.996959372323,2
2025-09-23 21:41:00,0.168253916815833,12.728799555483,5.18358044458436,4.90282355548753,3.36292493496497,474.518134146217,2
2025-09-23 21:56:00,0.1671473242341,11.3874373333853,4.95227911125956,5.72591377764054,3.27951492517233,464.918308663317,2
2025-09-23 22:11:00,0.1649533014237,10.9103804444084,5.22657333347873,5.15899866657693,3.25060896349877,460.99670312042,2
2025-09-23 22:26:00,0.163401429640433,10.0226935555747,5.99113488902164,5.27163977769569,3.18404666531439,463.756024298257,2
2025-09-23 22:41:00,0.165688844462367,9.99595222220847,5.38760266680867,4.46856466659067,3.10191309592441,477.88674495221,2
2025-09-23 22:56:00,0.165197081498033,8.86032622223053,5.4035108890362,5.22561888880786,3.12454614875943,468.172967072887,2
2025-09-23 23:11:00,0.159524570379767,9.1218213332962,5.58056955570687,5.42207644437593,3.17771533732085,456.64813699235,2
2025-09-23 23:26:00,0.161949288904033,8.26525466661179,5.64817911124844,4.9620326665649,3.17655940301276,470.381831275087,1
2025-09-23 23:41:00,0.159970955569,8.09243444435735,5.90636911118684,4.9854326665774,3.27763051875427,469.938118705417,1
2025-09-24 00:10:00,0.1592879703698,7.78786999994849,5.98065066660534,5.18189488882203,3.14778727099881,459.599259255393,1
2025-09-24 00:25:00,0.159480955540767,7.66374155554116,5.37591044440507,5.8520726666041,3.15258769095869,459.84147922857,1
2025-09-24 00:40:00,0.159632814803467,7.02853199997609,5.48515466664204,5.72848022213447,3.20309723311278,465.342703296197,1
2025-09-24 00:55:00,0.161103777761067,8.49306844449573,3.87553555560173,5.90035599991983,3.14225927264426,470.826836884397,1
2025-09-24 01:10:00,0.160861148131033,7.33544511115022,5.3785159999718,5.85026955547373,3.17739365881632,471.664596394667,1
2025-09-24 01:25:00,0.1591976221993,8.08437911117149,3.72196711116827,6.22433044437577,3.18042223907712,465.32840118477,1
2025-09-24 01:40:00,0.159917177758333,7.61972622228382,4.30067022243063,6.16512155548337,3.00867017578384,465.841259735274,1
2025-09-24 01:55:00,0.160486266653367,8.5204671111829,4.3937631113163,5.81971288881126,3.04167125610696,465.388583448967,1
2025-09-24 02:10:00,0.159201570351833,7.18387688896855,4.7251991110805,5.89102155548057,3.0355884798692,466.719698198267,1
2025-09-24 02:25:00,0.1606849999822,8.20403133342566,4.16745155575343,5.87090844436466,2.98400145983692,467.31821702951,1
2025-09-24 02:40:00,0.1613802666438,8.2806337779476,4.54312777797653,5.84058711103493,2.87643631737593,471.882199100337,1
2025-09-24 02:55:00,0.1636515110885,8.15968466681417,4.29111422242207,5.82533533325193,2.786520126777,475.679107455743,1
2025-09-24 03:10:00,0.161841703679633,7.8956802223434,3.3876057778341,5.86845777769143,2.74760782066869,473.894419186733,1
2025-09-24 03:25:00,0.156417725916134,7.5305642223464,2.84957355561797,15.313238666978,2.49668408460107,459.448285639584,1
2025-09-24 03:40:00,0.1324229000118,7.6061862222446,3.61292866668547,17.9264491114968,2.45376998987851,443.416501109483,1
2025-09-24 03:55:00,0.1569787185058,8.37840866675423,4.83465066662797,11.1843068889411,2.46399551380446,458.391969550583,1
2025-09-24 04:10:00,0.159906229610067,8.50569444457584,5.68618355547764,6.38933222220123,2.48849921438808,472.626171465627,1
2025-09-24 04:25:00,0.162310918498867,8.52633600013807,5.9567244444013,5.94657199991554,2.44233961660748,476.829371289353,1
2025-09-24 04:40:00,0.1604971407193,8.65626355571124,4.5446919999656,6.18602066654864,2.33312140564209,475.044522962143,1
2025-09-24 04:55:00,0.1594612888746,8.6942144446419,4.56217177772797,6.68559844431137,2.306683339952,470.990274248857,1
2025-09-24 05:10:00,0.1603879259057,8.60131622240513,4.66457022216777,6.17434311102633,2.22851044166287,470.318056093134,1
2025-09-24 05:25:00,0.143503407396633,8.72599444465667,5.93558333331403,6.65663533326306,2.29649368795772,446.834868008933,1
2025-09-24 05:40:00,0.143540829619533,8.67204044467957,5.9069988888674,6.68059911105053,2.21067804113546,447.244308375953,1
2025-09-24 05:55:00,0.139415977776767,8.57796266690707,5.64011644440676,6.8740026665968,2.18940515944163,447.682252404543,1
2025-09-24 06:10:00,0.154934585178533,8.70602755580643,4.50059933326333,6.523212888837,2.14316144121984,457.026466706764,1
2025-09-24 06:25:00,0.147412185194533,8.7427517780756,3.6292419999258,6.8597279999878,2.19504396655137,449.64066354512,1
2025-09-24 06:40:00,0.1581591851802,8.9229948891946,3.62547288881003,6.68321177773507,2.21337020086756,459.999470635167,1
2025-09-24 06:55:00,0.125583814804533,7.59255311124263,3.18005622218456,21.0752660000281,2.41897674521399,442.38323171889,1
2025-09-24 07:10:00,0.125499970373,4.54596711111793,3.32495577769177,24.4234624441777,2.43722342726695,435.648217731507,1
2025-09-24 07:25:00,0.125543948138067,4.18810311109897,2.95900022215826,26.8110864440447,2.48785237783216,435.43894463817,1
2025-09-24 07:40:00,0.1273355554913,3.3359964444249,2.6160539999628,29.8876791115463,2.54945137050025,433.625510415303,1
2025-09-24 07:55:00,0.126570244407133,3.59047977777737,4.4841444441966,28.8737744444164,2.58767102026341,433.940492294197,1
2025-09-24 08:10:00,0.125546037030733,3.9696542222091,4.900012666562,24.641452221763,2.55667027668546,434.939328943627,2
2025-09-24 08:25:00,0.1248241333278,3.74688488887807,4.37107355538664,28.6005564442537,2.57896279136448,434.899975744454,2
2025-09-24 08:40:00,0.1234930370346,3.4342779999688,4.78670577752983,27.7360811108643,2.60795733908769,435.03865880192,2
2025-09-24 08:55:00,0.1234763407348,3.4206828888392,5.22305844429683,24.6362748887333,2.69738163872945,436.211796766807,2
2025-09-24 09:10:00,0.130037911064767,5.06094022218997,7.08383844452899,22.2999633329828,2.80519448918445,443.285053260643,2
2025-09-24 09:25:00,0.132497716220867,5.22767911106083,7.69408511129427,20.6388946660929,2.808882218126,442.203850011526,2
2025-09-24 09:40:00,0.1364442444592,5.33906111114204,7.1297077776824,17.6850384439583,2.89346523354793,442.847635725726,2
2025-09-24 09:55:00,0.137607362972,5.48509022230034,7.41654755548113,17.5399962211279,2.86554427997581,447.427287043836,2
2025-09-24 10:10:00,0.135230222226667,5.28453355556597,9.02529488931587,19.2589077771983,2.85477515455094,448.826860247276,2
2025-09-24 10:25:00,0.1358451851818,5.20971600004097,8.64736288929973,19.1177051103704,2.91330605804385,449.843556956356,2
2025-09-24 10:40:00,0.133898382875,5.10721088888313,7.9413968892538,23.6730139998817,2.95544494892243,448.272651885786,2
2025-09-24 10:55:00,0.135309385176333,5.32182400002584,7.97642466702693,20.388666221459,2.92219623525981,447.961381357973,2
2025-09-24 11:10:00,0.132567427308,4.1925382222095,7.15731933396527,24.0168004442603,2.93124427387745,445.707402624073,2
2025-09-24 11:25:00,0.1325777617769,3.5621255384473,2.48396866658297,24.9781455554343,2.91024130351536,445.021642614359,2
2025-09-24 11:40:00,0.1344290734554,2.50416292307027,2.06735311103173,31.0912170255434,2.92541772282627,437.035224079277,2
2025-09-24 11:55:00,0.132474352121534,2.30013034190014,1.2144921538088,29.051894854851,2.88134644723144,436.185639084307,2
2025-09-24 12:10:00,0.132941825616634,2.26741724788767,1.20848305977687,30.8456303422697,2.86683376103943,436.413740589934,2
2025-09-24 12:25:00,0.133785313343267,1.87722596589407,0.997357606796934,34.061117247962,2.84531425699218,431.94578489156,2
2025-09-24 12:40:00,0.1302316517909,1.8515247521972,0.984098376006267,33.714117453219,2.84603731952441,432.162699536797,2
2025-09-24 12:55:00,0.126717361181767,2.0488045812219,0.846399777670267,35.312835264533,2.90401402773672,430.870453002163,2
2025-09-24 13:10:00,0.126127454063067,1.9139249914409,0.737226290500367,36.9435656543897,2.9030417234253,430.171522433793,2
2025-09-24 13:25:00,0.112756810870517,1.8799183418781,0.734720734922867,35.680002734535,2.84838897288266,430.136089087363,2
2025-09-24 13:40:00,0.125081322465233,2.01842921368236,0.745415025525667,35.4141749738956,2.88678311491593,430.38740815082,2
2025-09-24 13:55:00,0.114038702549173,1.77649699141183,0.721570170816667,37.23480333838,2.89009475994459,430.096176146243,2
2025-09-24 14:10:00,0.113601260482883,1.79222054696817,0.7136815383393,37.5343976718857,2.86705354069689,430.676602156393,2
2025-09-24 14:25:00,0.113866251914407,1.75408410254147,0.725650649459566,36.413382308384,2.83224342842741,430.10148635145,2
2025-09-24 14:40:00,0.113056050988087,1.84045799996483,0.674528307551066,38.2322717276684,2.84612257651589,429.894068801463,2
2025-09-24 14:55:00,0.113928797850187,1.81384822218857,0.663252820368533,38.39271456092,2.84929924619857,429.83882145989,2
2025-09-24 15:10:00,0.113237982266897,1.7909467179183,0.6607972648224,38.8446651117277,2.91630842393098,430.029328964227,2
2025-09-24 15:25:00,0.114736562152819,1.91066933332123,0.649686598176566,37.866876222733,2.91404630152565,430.928531258536,2
2025-09-24 15:40:00,0.115101097385349,1.9709238290433,0.626752358859267,37.4439380005953,2.91280336386139,430.372982685654,2
2025-09-24 15:55:00,0.114751102427373,1.86040839313847,0.666103640895566,38.9728040004537,2.95716123187314,429.786492814293,2
2025-09-24 16:10:00,0.114678610020734,2.04054032476463,0.629579042664467,38.9507708887223,2.906243679656,430.115149573297,2
2025-09-24 16:25:00,0.123877810876667,2.74062030036403,0.761172358939766,35.9566548376444,2.99247128665948,429.644417338333,2
2025-09-24 16:40:00,0.115118808609244,1.9493230085138,0.598434803321234,37.4418913338,3.02288058725769,429.99651916264,2
2025-09-24 16:55:00,0.115799493561387,2.88186102561863,0.691711880294534,36.9525611112257,2.916603871828,429.676701851057,2
2025-09-24 17:10:00,0.115078547080222,2.77565327470844,0.721229042700233,36.975598444576,3.01262629093655,429.4434098149,2
2025-09-24 17:25:00,0.133862548164133,4.35220961905133,1.16104755551273,36.269534666358,3.03863817403982,430.62020715415,2
2025-09-24 17:40:00,0.124680339581367,3.18762363367457,0.761466222222299,35.3589366666833,2.94907202756143,431.14770257903,2
2025-09-24 17:55:00,0.1244423555751,3.18340533334293,0.793844666666333,32.935663418719,3.03830154337668,429.919626469817,2
2025-09-24 18:10:00,0.1282205481454,4.74820044447363,0.7551799999814,33.7859184440017,2.96651052683525,430.840154825427,2
2025-09-24 18:25:00,0.137171762966767,8.433175333214,0.793842222212033,31.2318984445717,2.79133130796925,432.53284874128,2
2025-09-24 18:40:00,0.143632166655833,10.7599759999235,1.3054775555434,28.961323554588,2.70662880553508,434.42505625233,2
2025-09-24 18:55:00,0.1472883407447,16.7415855558982,2.23868999995387,18.0976653331392,2.62607926314266,436.924854341203,2
2025-09-24 19:10:00,0.146355533352967,18.0420235556251,2.33446799995853,14.9551897780546,2.54169749976211,436.02435967202,2
2025-09-24 19:25:00,0.148095066658667,16.6477859998689,4.10146222226923,12.0510873334098,2.63416630516087,436.69730201086,2
2025-09-24 19:40:00,0.155716159235167,16.6396113332356,4.61852533347687,8.25781177757996,3.09006677177129,439.901223793647,2
2025-09-24 19:55:00,0.142053933321167,16.773029111022,4.48445755570186,8.29881133300783,2.73039559866947,439.51705898243,2
2025-09-24 20:10:00,0.1397708273673,16.484955999969,4.39098155570776,8.62147377742726,2.37384289255445,440.726358071703,2
2025-09-24 20:25:00,0.147724774057667,14.9461151111111,3.95368266680627,12.3224524444663,2.25285816009231,438.907912385857,2
2025-09-24 20:40:00,0.140397481224633,14.7723053331719,4.4333613334613,5.93593888876214,2.16816803334732,443.157907951153,2
2025-09-24 20:55:00,0.1385517148381,13.6668108885584,4.64702733342373,5.25101377769463,2.15678330823642,443.16731755208,2
2025-09-24 21:10:00,0.142926344474933,11.2303377777719,3.84723866670503,5.55084555545907,2.1626815291231,444.91321171279,2
2025-09-24 21:25:00,0.159391725930567,11.14686955548,3.15705399999416,5.06515666661053,2.09911276327612,448.255628344587,2
2025-09-24 21:40:00,0.160604007416367,11.8222975555039,2.9743451111448,3.93819533331337,2.07453288746337,450.12324741741,2
2025-09-24 21:55:00,0.148100977791333,10.4741351109824,3.01827044442523,5.1633233333354,2.07838863954604,446.049878666154,2
2025-09-24 22:10:00,0.148152340742067,10.6315504442882,2.7298086666638,4.1144731111788,2.12513138474687,445.592871703913,2
2025-09-24 22:25:00,0.1429524296309,10.2258013333603,3.16942955558496,3.70351488894884,2.08210113886232,444.51513735927,2
2025-09-24 22:40:00,0.155247229617,9.28273577782676,2.42570155553523,3.548548444486,2.03288794324789,446.885846041824,1
2025-09-24 22:55:00,0.159696807386034,9.42209800002403,2.60651088889803,3.52587644445247,1.99794743427687,450.262315659284,1
2025-09-24 23:10:00,0.1426629259002,7.9209911112139,2.21430088891316,4.35021355561123,2.0460320101741,446.544868021513,1
2025-09-24 23:25:00,0.159961533304833,8.96582022235977,3.34807422222343,4.03253577779867,2.09796146561538,450.87347259758,1
2025-09-24 23:40:00,0.160360851817833,8.99625088901507,3.52433822223376,3.91205355558333,2.1059842655105,450.771210187477,1
2025-09-25 00:12:00,0.162398459227667,9.04956466680421,4.50202866682127,4.82770422225366,2.06259372280192,452.490840510284,1
2025-09-25 00:27:00,0.163759659225967,9.12249244460774,4.86440955569726,4.60098577780453,2.03416330211231,452.361376140364,1
2025-09-25 00:42:00,0.164140511070033,8.97270711139134,3.93568133336349,4.63202733334707,2.04879143296328,458.1520978358,1
2025-09-25 00:57:00,0.165415888844167,9.01829066693868,3.65525644445053,4.61506622224453,2.02626119156753,458.91772881894,1
2025-09-25 01:12:00,0.165809481438567,9.32923355592983,4.60555511124633,4.3134968889098,1.97259725982285,458.53101176938,1
2025-09-25 01:27:00,0.165314118477333,9.38730955590124,4.05465244459669,4.4771615555811,2.03286679340386,456.117639541703,1
2025-09-25 01:42:00,0.166783814773867,9.75908977823328,6.27677644454676,3.9587833333718,1.96329528809165,455.89270886062,1
2025-09-25 01:57:00,0.1668708332955,9.64396955598171,3.95561488902726,4.28450511113717,2.07563524254699,459.719309266527,1
2025-09-25 02:12:00,0.168548048113367,9.99750622268943,6.24487244455153,3.92992444447467,2.00413395849685,460.090599365034,1
2025-09-25 02:27:00,0.169626892553733,9.89798844496994,3.09214488884993,4.09428555557603,2.0096900244912,461.130901845,1
2025-09-25 02:42:00,0.1749087369815,10.0729306671836,6.13305244454686,3.9285900000211,1.93199801667269,462.48374283684,1
2025-09-25 02:57:00,0.175506966616667,10.1891080005072,5.10530200011083,3.93151400001994,1.99530657569598,468.98199958719,1
2025-09-25 03:12:00,0.174325951800567,10.0499408894167,5.43015066663166,3.92804866668837,1.99867978871723,459.73827877633,1
2025-09-25 03:27:00,0.173603529573833,10.0200064449068,6.07553133314967,3.8024215555852,1.96735911457245,460.762250418223,1
2025-09-25 03:42:00,0.174925848094733,10.1154980005008,6.05968266676783,3.9513611111328,1.9230906310117,462.86965779765,1
2025-09-25 03:57:00,0.175322803649467,10.1108200004959,6.10350511119473,3.91016888891724,1.89235227604419,467.308074395057,1
2025-09-25 04:12:00,0.174390959205633,10.1032413337915,6.00852355565663,3.93921911112354,1.98518480772601,467.963098826183,1
2025-09-25 04:27:00,0.174201203648467,10.0858391115809,6.07476155565526,3.967822888901,1.97344899910203,467.74209772328,1
2025-09-25 04:42:00,0.172987062905333,9.97962400042767,5.291558222191,3.97393466669117,1.9560151395966,463.60405383483,1
2025-09-25 04:57:00,0.173504855498533,10.0559748893232,9.07774777742745,3.96473288890724,1.97409701061558,468.01494496238,1
2025-09-25 05:12:00,0.173714077722533,10.020365333775,8.56450422194034,3.9279771111354,1.99542550518494,468.065619921437,1
2025-09-25 05:27:00,0.174587477717733,10.0096008892882,12.3840751102072,3.71454222225874,1.98077806611219,467.95608300067,1
2025-09-25 05:42:00,0.173663055501467,10.0920924448879,11.4878424435465,3.77245755559067,1.90459209015876,468.177826505557,1
2025-09-25 05:57:00,0.173960359204467,10.0027042226229,11.5378262214131,3.76215333338757,1.92886244550614,469.462721791347,1
2025-09-25 06:12:00,0.1742518184649,10.0317048893272,11.4778551103247,3.75320577781287,1.98492554244474,468.475873240717,1
2025-09-25 06:27:00,0.1745657443898,9.98627333372911,5.93779200010506,3.88665200003671,1.95589221449109,469.2972227737,1
2025-09-25 06:42:00,0.174327277727233,9.92705933376904,2.78034711108316,3.86802422226524,1.95699723467026,472.445909028273,1
2025-09-25 06:57:00,0.1757018406878,9.88819711152138,5.42642022218139,3.80780155559264,2.02669101335281,474.49438600215,1
2025-09-25 07:12:00,0.1761595443946,9.90389177819271,6.05096511119479,3.79311600004941,2.03595666076304,474.351547792916,1
2025-09-25 07:27:00,0.175730262906167,9.82288977818131,5.52253333329703,3.81233600003524,2.09713305930683,473.034619426883,1
2025-09-25 07:42:00,0.171338662932967,9.38674355585357,3.54095800017063,3.95397222223347,2.03736152007743,475.236031734253,1
2025-09-25 07:57:00,0.173156896264433,9.4559882225796,4.59592222230283,3.96054155558407,2.22670584999483,478.933891308096,1
2025-09-25 08:12:00,0.169767029588867,9.04387555581727,4.52615399995506,4.09254955557237,2.22151639834115,475.565727421833,1
2025-09-25 08:27:00,0.163934192558567,8.33648311127387,3.55005000000663,4.99228444444327,2.14914469497804,473.633030234617,1
2025-09-25 08:42:00,0.162923659226833,8.45493555576884,4.40944111125033,5.4357608888613,2.27120606241731,473.889742148063,1
2025-09-25 08:57:00,0.162026148125233,8.44968600019857,4.46794533345367,5.55058799997197,2.33864253816291,470.567551111667,1
2025-09-25 09:12:00,0.161604274053167,8.53169911129293,4.8838768889658,5.57341599996406,2.25553319129014,471.88579633184,1
2025-09-25 09:27:00,0.160805296278567,8.26039466684647,4.43661622238737,5.95101244442753,2.3382433151177,470.01968865102,1
2025-09-25 09:42:00,0.161072044423933,8.47494622238037,6.2040391112077,6.46380422215897,2.41535116810261,468.956516846227,1
2025-09-25 09:57:00,0.136055348135667,7.19066333345453,4.0672877777508,7.97239111118029,2.4501027530381,448.966970702579,1
2025-09-25 10:12:00,0.1357618518327,6.98578577788446,4.09403999997193,8.20925622222589,2.81838980100162,449.359811709276,1
2025-09-25 10:27:00,0.1360191888934,7.71810933347646,5.91184888889823,9.1382602222272,2.72808845422123,451.15834199785,1
2025-09-25 10:42:00,0.134596396296233,6.56547733342276,6.61736044440266,13.656114443771,2.83334541556388,446.56440796268,1
2025-09-25 10:57:00,0.1397740740847,5.5161602222007,6.73400222215093,16.7924744442247,3.00832107245001,446.993510888053,1
2025-09-25 11:12:00,0.1348636888635,5.30773511107497,6.60048444433896,21.0317315550395,2.94166451612549,446.380041297749,1
2025-09-25 11:27:00,0.1348687976917,3.54647432474763,6.52260155545323,24.2954619997603,3.02008277553083,440.400893373133,1
2025-09-25 11:42:00,0.137069316219333,5.341411555522,6.64949822214297,20.111978221727,3.41647715339951,444.95144650434,1
2025-09-25 11:57:00,0.134334116219967,5.1668999999835,6.46832933322619,22.2500248885587,3.00569242367857,444.067302000266,1
2025-09-25 12:12:00,0.134577071775567,3.43701415383053,6.9613519999176,24.4326973331316,3.03918646359228,439.66914831899,1
2025-09-25 12:27:00,0.137608834735733,3.29164305983033,7.15610577772047,24.9115819999593,3.08564117215327,440.844452390224,1
2025-09-25 12:42:00,0.136083108724433,3.00962505985714,7.14151733326197,30.7450004791923,3.07502002417867,436.603131193977,2
2025-09-25 12:57:00,0.1277120546576,3.06756733333956,6.94142022218313,31.489911094708,3.02889948335308,434.352482478463,2
2025-09-25 13:12:00,0.1277004694655,2.99623801709787,7.722010000096,31.5672416758183,2.99902517575639,434.14887594305,2
2025-09-25 13:27:00,0.1276487435147,2.81092965814173,7.27602444474047,32.404744581466,2.96785985864945,433.931621575847,2
2025-09-25 13:42:00,0.1302351195512,2.8551836068605,7.71422555578751,32.506241162771,3.04769222812511,435.026612138407,2
2025-09-25 13:57:00,0.129792637538467,3.61385511112004,8.71305733375041,29.5353169229557,3.07115588515249,438.159567659817,2
2025-09-25 14:12:00,0.1338406420911,3.29233714536314,8.47961355596057,34.3995883587697,3.06830886654832,435.196344942761,2
2025-09-25 14:27:00,0.1332275930357,2.8869251965983,8.28728644502953,31.2570225642363,3.07340011609731,435.529820455354,2
2025-09-25 14:42:00,0.132582612419767,2.84070317954153,8.5035320004586,34.321438957249,3.06375100416572,434.836954270467,2
2025-09-25 14:57:00,0.129822981655633,2.57588505985133,8.35767422298694,34.8078642223347,3.05625294301207,433.621907398324,2
2025-09-25 15:12:00,0.127242319022833,2.18663405128723,1.73754533325773,34.6980266157037,3.06780131532431,432.81867627562,2
2025-09-25 15:27:00,0.1258423041976,1.93513401710867,1.58310333330097,36.4151195549717,3.08588940497951,432.340420266867,2
2025-09-25 15:42:00,0.113150623710295,1.6628105641088,1.02190256405157,36.9423912218266,3.07146834299883,432.16896686778,2
2025-09-25 15:57:00,0.113951898763232,0.721060960205301,0.7010790084541,39.5070764444567,3.03118843899008,431.197382844743,2
2025-09-25 16:12:00,0.113927507086609,0.717439231521846,0.792315846060767,37.4224531111914,3.06914219378443,431.829602716703,2
2025-09-25 16:27:00,0.113365770173937,0.636634394747465,0.850866991396867,37.393669889212,3.03565324408658,430.21431792328,2
2025-09-25 16:42:00,0.112157825193143,0.509836539438357,0.867961452937168,35.7833920334437,3.10487626125703,429.815215351493,2
2025-09-25 16:57:00,0.113830659130065,3.2290877948868,1.24530314524073,27.087399589969,2.91347486626052,438.05363724364,2
2025-09-25 17:12:00,0.115942844283367,4.29890280340407,1.3065090597669,25.1219653676787,2.83568911050668,439.661489495907,2
2025-09-25 17:27:00,0.116284413678462,5.44708654697517,1.28351418798217,23.094343555787,2.76320416104559,438.720076354783,2
2025-09-25 17:42:00,0.124379633073933,8.5148308887254,1.27396923072173,22.6068393336166,2.80396438800261,438.254380522696,2
2025-09-25 17:57:00,0.127382266962733,10.1994546666261,1.24572700850637,25.0791351454133,2.65444837327393,438.839339174467,2
2025-09-25 18:12:00,0.1298295877886,9.92072599992167,0.946383709364434,30.8483863932713,2.71495642897509,433.26287104446,2
2025-09-25 18:27:00,0.1289164248403,9.4986382222112,0.940304871772534,30.514664034301,2.92332874692897,433.82443708893,2
2025-09-25 18:42:00,0.130653347319933,11.4024546665967,2.1220557778068,20.1274864444603,2.64873834874748,438.776708587674,2
2025-09-25 18:57:00,0.128866710274,10.3218182223018,1.41058210256053,21.0882577779987,2.61227028446064,437.404900549353,2
2025-09-25 19:12:00,0.135603877844167,12.7819324441417,4.1439115557028,13.1609053335583,2.54689703227108,439.356536823033,2
2025-09-25 19:27:00,0.135927611161233,12.6400075553459,3.9815140001343,12.2285524444151,2.48859958357826,439.141824567857,2
2025-09-25 19:42:00,0.1352730630175,12.5666939995354,3.68068333347686,12.3195439999197,2.5592698051321,437.93283908924,2
2025-09-25 19:57:00,0.1357739296757,13.3958415549993,5.3219022223976,10.1025084441532,2.48283183139916,440.001785583273,2
2025-09-25 20:12:00,0.136378092639167,11.661100444487,5.58945044460534,9.67606977741753,2.47115885477071,442.350393704984,2
2025-09-25 20:27:00,0.136686737079367,11.1777677777944,5.36885844457453,7.43114933308614,2.45270510710111,443.52466105037,2
2025-09-25 20:42:00,0.135819955601967,10.3054344442456,5.53663177782263,10.1727666660506,2.50082776923766,439.576247011873,2
2025-09-25 20:57:00,0.143035048166,11.2021819999428,3.84165866667617,4.5582411110381,2.36035629164652,444.837037978837,2
2025-09-25 21:12:00,0.143495733348633,10.6809053332434,3.27885222220443,5.32315866660883,2.40510521259708,445.02731147985,2
2025-09-25 21:27:00,0.152760355561333,11.1572771110069,2.8720680000091,4.15680311111957,2.46457666983665,447.140152237797,2
2025-09-25 21:42:00,0.148407851854733,11.1908142220132,2.6150051110604,3.35445377777647,2.48276916557036,445.511568305277,2
2025-09-25 21:57:00,0.1429278592561,9.8250282222199,2.7274000000149,3.9245755556263,2.37848677206988,445.0504731685,2
2025-09-25 22:12:00,0.1592092296056,9.63093577780716,2.6868204444468,3.60184288891227,2.3168301205,447.93493733684,1
2025-09-25 22:27:00,0.159144999971667,8.75317533330486,2.51145222224967,3.5786133333593,2.31771834187287,450.69005590451,1
2025-09-25 22:42:00,0.160638903672767,8.86989422226063,3.0271035555744,3.5860408888916,2.28814591559697,457.407399073233,1
2025-09-25 22:57:00,0.160482548116633,8.37099000005663,3.21353888901816,3.5666464444589,2.21167273271876,457.978922134977,1
2025-09-25 23:12:00,0.162820681458233,9.40023977778207,4.51539422237563,3.45648511113254,2.24494026798697,458.012186244414,1
2025-09-25 23:27:00,0.162072948115,7.6820962223299,2.4404433333227,4.6089822222503,2.24575919820801,459.0130850365,1
2025-09-25 23:42:00,0.163171014779067,7.91858022234167,2.541858000014,4.40064933335577,2.14241932143633,458.113185743834,1
2025-09-26 00:14:00,0.165700096253367,8.62485577796927,3.7555142223964,4.07460311113377,2.18718942042724,465.154391771314,1
2025-09-26 00:29:00,0.166077540697867,9.36445244472784,4.64164311124896,3.82444400002947,2.27802209278248,461.452244853357,1
2025-09-26 00:44:00,0.1666174073684,9.42379000037714,4.41872355569803,4.0035557778105,2.18341455187893,467.576742011617,1
2025-09-26 00:59:00,0.1668811629242,9.72486977823434,4.01851733345159,3.88846955559797,2.18218750763143,467.68639143839,1
2025-09-26 01:14:00,0.167055296259,9.67016222268274,4.53129244450093,3.82654155560167,2.20613451841906,468.296557288553,1
2025-09-26 01:29:00,0.166396985145233,9.40688022261224,3.77212355570503,4.02791222225207,2.1416635050854,468.436822032923,1
2025-09-26 01:44:00,0.165940251811833,9.26015111148624,3.74445044445593,4.08157088891847,2.19396213776167,468.01879766303,1
2025-09-26 01:59:00,0.165844866627767,9.1052148892273,3.69439955552616,3.9037140000359,2.37876194688815,471.878910429846,1
2025-09-26 02:14:00,0.165673977733833,8.7925028891504,3.66653533332883,4.06464555557887,2.36776479283174,470.146315161323,1
2025-09-26 02:29:00,0.163722333297233,8.74023577801827,3.65884644444449,4.237433777798,2.32384147599946,469.459405698827,1
2025-09-26 02:44:00,0.1656592370066,8.50155088910504,4.4168924446028,4.65509555557204,2.41712338317001,473.88117331961,1
2025-09-26 02:59:00,0.164739725895967,8.6670613335735,4.6449300001378,4.75823066668124,2.34264269036804,476.502431937583,1
2025-09-26 03:14:00,0.1641968370042,8.38684355576504,4.35465133350083,4.89138666667934,2.37532741872889,476.651614691293,1
2025-09-26 03:29:00,0.161976770334833,8.45864044466131,4.54603155571503,4.88531977779503,2.43188933304015,474.412726389187,1
2025-09-26 03:44:00,0.163795837002533,8.38530111129291,4.4160651112699,4.9050811111237,2.39671317597287,476.444998165483,1
2025-09-26 03:59:00,0.162096525891067,8.48234044467394,4.63631333348053,5.0528948888978,2.39355983171057,473.951538497127,1
2025-09-26 04:14:00,0.164807718491167,8.57096800025114,4.53836711124499,5.06802733333603,2.48730997775923,477.573673781573,1
2025-09-26 04:29:00,0.167345451826433,8.61722133357997,4.53105155567596,5.08362644445487,2.43213085230247,479.301051440733,1
2025-09-26 04:44:00,0.1679908444223,8.55709466689154,4.54092777791586,5.24295044445647,2.3962267343202,521.365757060784,1
2025-09-26 04:59:00,0.168515570352433,8.60257977799974,4.5166562223221,5.1194555555664,2.41650868528306,520.863800231714,1
2025-09-26 05:14:00,0.168013762947867,8.32266466683381,4.22064755571706,5.11871244445303,2.53167325008222,520.942275106747,1
2025-09-26 05:29:00,0.1680508962788,8.55812688908297,4.97256444452006,5.34316999999283,2.50009141841444,490.433790107033,1
2025-09-26 05:44:00,0.167479185168,8.55367400021423,4.5130146667953,5.3135575555529,2.51803514962196,480.110989752626,1
2025-09-26 05:59:00,0.167455088872967,8.57724577798767,4.53781888902003,5.30999911110857,2.70149323731444,490.64685381895,1
2025-09-26 06:14:00,0.168667659243233,8.64298466684876,6.22179488899003,5.4487057777535,2.51843323270242,518.07928165663,1
2025-09-26 06:29:00,0.168591940723267,8.67539066687536,6.29070844452726,5.46236866666547,2.57822355057121,517.649994677233,1
2025-09-26 06:44:00,0.167887518502033,8.6437786668701,4.69154911118923,5.26445044443876,2.56447577889034,517.49440898596,1
2025-09-26 06:59:00,0.168688592576533,8.69208288908266,6.22512644454543,5.42616644443933,2.8299465646569,521.09345478417,1
2025-09-26 07:14:00,0.168154666650167,8.66006022242999,5.55788733345399,5.3698068888745,2.85609253041432,521.086720461907,1
2025-09-26 07:29:00,0.16811098517,8.63402266688446,4.7327102222998,5.27364511110583,2.97558291156939,520.967485189723,1
2025-09-26 07:44:00,0.167923651838567,8.60030666687807,4.51595222235203,5.37409666666176,2.90226054027118,518.29030510398,1
2025-09-26 07:59:00,0.168632637023833,8.66408066681713,11.8978357769744,5.73399711109433,2.99364505867426,524.412892411093,1
2025-09-26 08:14:00,0.1673605259143,7.8817144445735,3.95213644462749,5.82326599997637,3.12758597138253,520.968736929133,1
2025-09-26 08:29:00,0.1679289333216,8.4757451112757,4.71768488902743,6.1792251110555,2.9520387500766,518.547539684717,1
2025-09-26 08:44:00,0.1677721999817,8.3003113334806,4.68912555572837,6.21104999996363,3.03826517326118,518.11588412494,1
2025-09-26 08:59:00,0.167758281463967,8.5302668890327,5.82336822232537,6.25348688885016,3.04203168379873,521.171691076114,1
2025-09-26 09:14:00,0.161485392570833,8.47973955569864,5.05714622236534,6.26350177774233,3.49095747193386,473.316198198517,1
2025-09-26 09:29:00,0.1671268740584,8.55957955571273,5.84879777789934,6.45212044437203,2.95347060645887,489.279937218023,1
2025-09-26 09:44:00,0.166748088873933,8.28006066678827,4.53284622240683,6.4141997777382,2.90980913349518,480.676405451986,1
2025-09-26 09:59:00,0.164181266649267,8.5660764445865,6.51562866676264,6.46801644439373,2.88408286647992,476.39456634119,1
2025-09-26 10:14:00,0.163463511091967,8.55566977793417,6.70944977792537,6.43249599995463,2.95846051748221,475.975955098397,1
2025-09-26 10:29:00,0.1406130572742,8.3350097779486,7.78897155584196,15.1641917781048,2.98296766151271,449.718725870007,1
2025-09-26 10:44:00,0.126809876897333,4.19467553843827,6.56288244439523,29.4048493330397,3.09502948999652,437.098916241427,1
2025-09-26 10:59:00,0.1283683413043,3.99454347006447,6.51847711101376,28.1280784442293,3.2807145071855,437.06226205959,1
2025-09-26 11:14:00,0.1261150968625,3.71423418801127,7.60613377787703,28.679513640882,3.50526234856688,436.069603720013,1
2025-09-26 11:29:00,0.1259584820566,3.78092707689843,6.879370444443,28.019568444219,3.65669057134216,436.02349005178,1
2025-09-26 11:44:00,0.125812778359867,3.88283258116767,7.72101822233517,27.3151735893177,3.67662970749165,436.008766252373,2
2025-09-26 11:59:00,0.125563948727967,4.53422208542943,7.29338688888047,24.9819248888983,3.96927780575788,435.895698216483,2
2025-09-26 12:14:00,0.124106968096267,6.65149293998833,7.94182222245103,22.4000755556203,4.28614034945607,439.655407189533,2
2025-09-26 12:29:00,0.123570659826733,5.58343606830674,7.91640888916273,22.54558333355,4.21006643740594,439.5470596846,2
2025-09-26 12:44:00,0.127043756118133,6.654435555527,8.2270660002307,19.0031251108931,4.025130356033,439.575878436887,2
2025-09-26 12:59:00,0.1377809852174,7.48963066680401,8.03643200018853,22.840358444719,4.17126986824503,437.37947056703,2
2025-09-26 13:14:00,0.127522045603067,6.34702740154404,8.03700911125724,22.4502866667841,4.18523927650287,438.962566935207,2
2025-09-26 13:29:00,0.1247109190742,5.3786499315356,8.1626271113058,22.219149555493,3.92291392521166,439.237494104897,2
2025-09-26 13:44:00,0.1250214894307,4.58181064951453,7.78573577822023,22.6010437776543,3.74395376836668,439.078231281107,2
2025-09-26 13:59:00,0.124402630197233,4.40265991453754,7.16497533392317,23.4838084444594,4.16336856715188,437.68357218632,2
2025-09-26 14:14:00,0.1248905863266,5.25998547008831,8.01032755582581,23.336556444405,4.52693246335795,438.297878328693,2
2025-09-26 14:29:00,0.1242034375955,4.38501569229547,7.42179200058734,24.6165595894753,4.01125539319857,436.3964209192,2
2025-09-26 14:44:00,0.1249068153718,4.9493487521872,7.96119088907977,24.7133872305233,4.01897714156203,436.727247396153,2
2025-09-26 14:59:00,0.124798119066767,4.85661658125153,7.87968444472144,24.1115254527374,3.89686874769445,436.66922767122,2
2025-09-26 15:14:00,0.125243348690333,4.6443568034304,7.83590288942957,26.167095367531,3.85472476392741,435.72701725306,2
2025-09-26 15:29:00,0.130864735618467,4.37000076923687,6.53890711164281,31.129468170901,4.19608988032123,434.223094536323,2
2025-09-26 15:44:00,0.1259572774617,3.7682159144943,5.20436155597637,30.5149292823933,3.80198859333612,434.11561765888,2
2025-09-26 15:59:00,0.1297439327866,8.1756419996165,3.83103712815774,18.9162053331322,3.69984849468025,437.762958148113,2
2025-09-26 16:14:00,0.128277046750067,8.85376488866423,3.142684341863,21.021143999983,3.89624804696314,437.851393202253,2
2025-09-26 16:29:00,0.127848120231767,6.63313671787034,1.69962044439977,24.1741984446813,3.97369797496022,438.366075278564,2
2025-09-26 16:44:00,0.1349000496219,8.31890044433807,7.2298942227966,25.382423111279,4.00542708413888,438.65221032102,2
2025-09-26 16:59:00,0.152432622209167,10.1434013329752,7.7624815561001,24.935728888581,3.96008246728714,441.905120089287,2
2025-09-26 17:14:00,0.134605938489834,10.1103313328862,2.04216999991443,25.0363035553763,3.90770658829325,437.881332798823,2
2025-09-26 17:29:00,0.134311407461333,9.1014077772432,1.3150157777203,27.6024924445196,3.95406915688865,434.471089181993,2
2025-09-26 17:44:00,0.132644849597567,7.51163733309746,1.72819311105457,29.3093682387366,3.89874979572935,434.411510061286,2
2025-09-26 17:59:00,0.126320081519167,4.38372475212613,1.37357989739873,33.5047725298407,3.59026028957105,433.55798917101,2
2025-09-26 18:14:00,0.11607507835628,4.1306189743638,1.18641478630713,34.071714307664,3.67392906425418,433.35951769752,2
2025-09-26 18:29:00,0.116326967275779,4.27883871793994,1.02550511108513,31.817334957147,3.71656622848258,433.501728032953,2
2025-09-26 18:44:00,0.116404815512349,4.34358333333337,1.1268014529703,33.170560034308,4.13358188197661,433.662568712353,2
2025-09-26 18:59:00,0.116204695885005,3.51450317949543,1.44700022218543,33.346013948676,3.8826554523706,433.2444954772,2
2025-09-26 19:14:00,0.124677180027933,3.70575940171576,1.56016333328117,33.8875749571777,3.9105473394557,432.80252349031,2
2025-09-26 19:29:00,0.116105181684566,3.6375625128264,1.18248700853623,33.2130072306977,4.06499945006212,432.990659372007,2
2025-09-26 19:44:00,0.1240775105067,3.1570364102875,1.57195622218183,34.2096769570463,3.97194081977843,433.33031194658,2
2025-09-26 19:59:00,0.124275621609267,3.35587097439956,1.64921888882477,35.4722082219534,4.06734700839004,433.013972775186,2
2025-09-26 20:14:00,0.127505941856667,3.61470097436877,1.57308533327723,35.05936488875,4.21708475795914,432.744613581363,2
2025-09-26 20:29:00,0.115467662203954,3.35891252995553,1.1081974529953,35.8461375553157,4.26898978558858,432.46025792848,2
2025-09-26 20:44:00,0.1247040364128,3.52881964106063,7.05662022281354,35.328220444304,4.16892053122687,432.80991222596,2
2025-09-26 20:59:00,0.114980868300663,2.7699867009136,1.35730300853443,35.6901995553587,3.92848920307458,432.7046425125,2
2025-09-26 21:14:00,0.1246887179138,3.47876945302177,1.46763622218113,35.4100195553727,3.64179315665333,432.9164648037,2
2025-09-26 21:29:00,0.11514010726836,3.17967711359607,0.937676769207801,36.1383268885217,3.52562239419862,432.224383881663,2
2025-09-26 21:44:00,0.1242002216246,2.21836396585757,1.65801458110183,37.09250111073,3.23476143787182,433.408477874693,2
2025-09-26 21:59:00,0.124184821619633,2.1393099658506,1.6388810255345,36.963708888534,3.27277744931421,433.386412126043,2
2025-09-26 22:14:00,0.124072917917233,2.9571366129854,1.604343333243,36.20987422167,3.46163166098836,433.183984787117,2
2025-09-26 22:29:00,0.114741246565345,2.66787870089596,1.10475211960537,37.2016093329613,3.49688524757392,432.92963970424,2
2025-09-26 22:44:00,0.115093231908322,2.7887584151823,0.9805109913954,37.1710419997313,3.52343305371045,432.455723553573,2
2025-09-26 22:59:00,0.115031833085339,2.70898181200513,0.970385880282267,37.152086888661,3.49383694956679,432.2434522566,2
2025-09-26 23:14:00,0.114794905934377,2.8619022882044,1.1363071110676,37.2302351109367,3.84404528095212,433.009787264437,2
2025-09-26 23:29:00,0.115454414366828,2.7272840659736,0.9121822734472,36.6931315552483,4.15835735639568,432.083400051997,2
2025-09-26 23:44:00,0.11666233520668,3.44455939927587,0.728900717903067,36.0551606667783,4.25062540388807,431.083409745733,2
2025-09-27 00:14:00,0.116057387451063,2.96563757999077,0.781380102538533,37.411506444297,4.62717431690373,431.556283068567,2
2025-09-27 00:29:00,0.1255421094406,3.35528592676704,0.782351880331033,37.0041322217784,4.8259134226989,431.741666224314,2
2025-09-27 00:44:00,0.116603789267401,3.68439138712167,0.638182786345767,37.6697946661044,4.39939760596744,431.954013673647,2
2025-09-27 00:59:00,0.127767747606233,8.23669688902547,0.6368516752216,37.6715044445153,4.17432126833961,434.748935029703,2
2025-09-27 01:14:00,0.129963071228467,8.81243733344554,0.716410888904934,36.495364222044,4.05455472345261,433.913323419866,2
2025-09-27 01:29:00,0.1326811396277,7.82645244432313,0.836333777764101,33.1151804443903,3.67501042822201,434.211871143663,2
2025-09-27 01:44:00,0.130872912836333,7.76746822211613,0.842357111091501,31.924853641056,3.47312195601417,433.98179996339,2
2025-09-27 01:59:00,0.130302465850833,10.2430375556601,0.905902546970701,31.5155856409276,3.36708655310441,433.574679688173,3
2025-09-27 02:14:00,0.130260837339533,10.9896173338695,1.15654485467073,29.8692084277743,3.28944323175666,435.460592911807,3
2025-09-27 02:29:00,0.1306126265259,10.3723024445781,1.3442792136558,27.8745637773687,3.40487218087746,435.10197395583,3
2025-09-27 02:44:00,0.130525419119133,10.766122000149,1.29172664955227,27.8684495551877,3.46187036936428,435.042304622883,3
2025-09-27 02:59:00,0.126997022271533,8.59313666663921,1.22665565809973,25.8566871107881,3.42498829398244,435.372236804027,3
2025-09-27 03:14:00,0.126693133382533,7.93961066667373,1.23177188031443,25.7811059996907,3.27312073781931,435.70636189865,3
2025-09-27 03:29:00,0.130458018861,7.42676844416539,4.229319777818,14.6414106674916,3.30293564867364,435.433627448134,2
2025-09-27 03:44:00,0.132868581239867,7.1989526665608,5.98841266672293,8.28111644408047,3.47009814450113,440.73034008157,2
2025-09-27 03:59:00,0.136054650153167,7.43452733324713,6.1728115555749,6.47868822204159,3.93880032312085,441.720867446203,2
2025-09-27 04:14:00,0.1377090057118,7.10798355553458,6.0662971111248,7.29119222212693,3.8404949465683,444.053696770584,2
2025-09-27 04:29:00,0.158821748144033,6.70343200000782,6.3430488887832,6.29017911105906,3.28287469984955,464.57996642215,2
2025-09-27 04:44:00,0.159500042152467,7.60700377778802,5.40630844446303,6.29726422215203,3.47258337765133,469.143716042303,2
2025-09-27 04:59:00,0.194164307460533,10.5787962220332,7.87963822228774,6.84354155553677,6.96519658306574,446.935686548706,2
2025-09-27 05:14:00,0.160081627328667,7.19918377780235,5.66123244442637,6.2702071110571,3.40338894572222,465.424250381193,2
2025-09-27 05:29:00,0.159663044424767,8.20921577786279,8.68934377863631,6.16269822216236,3.22548164837807,466.803763365167,1
2025-09-27 05:44:00,0.158955881461867,7.39640977781162,7.34904511167694,6.11544866662006,3.0223684126513,466.453605392257,1
2025-09-27 05:59:00,0.1604606866049,7.98906177778039,5.72557777775397,6.23070755552286,3.0827564958262,465.039400879803,1
2025-09-27 06:14:00,0.159165153250267,7.42693688890629,5.59957044454847,6.79638599994003,2.81367545949709,457.273470018947,1
2025-09-27 06:29:00,0.160501140720633,6.95968888887159,5.85664555551844,6.04461888884093,2.97298574544267,471.105151287777,1
2025-09-27 06:44:00,0.1594112518304,7.12243666667232,7.3610424450123,6.10127266661286,2.79263631953265,467.12248573037,1
2025-09-27 06:59:00,0.157946548150433,7.40862111117246,7.0060426672027,7.42057688875587,2.69962069716714,470.096960189493,1
2025-09-27 07:14:00,0.1578085407454,7.28952111115719,5.39885955564953,7.20248199989663,2.88510370011274,470.36230811217,1
2025-09-27 07:29:00,0.1600318073877,8.52380511124284,7.95877711160467,6.39469044436503,3.00117408391177,470.8783382942,1
2025-09-27 07:44:00,0.163297881461333,8.3479342223698,9.17392977864396,6.1129724443826,2.67583727651318,474.91351991014,1
2025-09-27 07:59:00,0.1581386370292,8.5775062224323,7.9416186672441,9.13276999973866,2.94215382937978,459.557189902877,1
2025-09-27 08:14:00,0.137758149582433,7.70882511117525,7.3337193339391,10.0213942218631,3.11943927148941,445.591588251414,1
2025-09-27 08:29:00,0.1589865184987,8.3660595556871,8.44174466739387,6.09626511104693,3.13843459967175,468.446705616443,1
2025-09-27 08:44:00,0.1600021036923,8.26837088900616,7.8388520006268,6.35936933324743,3.41451968204114,471.427514151303,1
2025-09-27 08:59:00,0.133900742198033,8.0281368890024,7.0284591116072,16.2172968897822,4.07272689423384,439.882596137217,1
2025-09-27 09:14:00,0.133910425937267,7.655317555616,6.74286355604357,17.9193455560446,4.11317749724045,437.764022718644,1
2025-09-27 09:29:00,0.1305320925925,7.14127044456,7.21610266697593,20.0592264443792,4.00195593203712,440.22018862184,1
2025-09-27 09:44:00,0.129534411673367,7.04814688896627,7.2977811113637,20.8183840001569,3.84845765355581,440.098996689857,1
2025-09-27 09:59:00,0.125606988881633,6.435686222301,7.04589422255693,20.9410222223179,3.71478293388138,439.512914668763,1
2025-09-27 10:14:00,0.1257374999904,6.81642844451037,7.4619828890547,20.7356864446397,3.73294166716603,439.84863624377,2
2025-09-27 10:29:00,0.127131581473967,6.8549902222651,7.1215431114405,19.174386666604,3.75714521733691,439.901281617857,2
2025-09-27 10:44:00,0.1309755518702,6.84073377782687,7.23160266712294,17.2864540003272,3.68703126597281,439.549775959423,2
2025-09-27 10:59:00,0.132598114831367,7.3173266667795,7.21272155602714,14.8460666672155,3.84191130366465,439.642256045247,2
2025-09-27 11:14:00,0.126946302003167,5.5228973333321,7.21473777782563,25.1516728886143,3.46048025734807,437.128403325637,2
2025-09-27 11:29:00,0.124651059263033,5.32743533338257,7.05309955579357,22.1794231113713,2.72215179155095,437.37382649315,2
2025-09-27 11:44:00,0.1283277518469,7.18887822229764,7.3881846668151,18.7715535556262,2.35000337967239,440.492143905603,2
2025-09-27 11:59:00,0.1236923703634,5.1632251111071,6.23932622268757,21.8114017781277,2.34432927744944,437.460651913383,2
2025-09-27 12:14:00,0.1254355518465,5.96692377780316,6.7758146671507,20.9648057780209,1.81657532649062,438.084791603407,2
2025-09-27 12:29:00,0.1251305555507,4.85544444443837,6.78648133377424,23.289677555645,1.7172991051329,435.878325960167,2
2025-09-27 12:44:00,0.1256592148049,4.32994333330923,6.73134444488797,23.371762222318,1.68865623534065,435.768865360947,2
2025-09-27 12:59:00,0.125173474065033,4.98166111110357,7.07801555579077,22.4726557781507,1.71753024511193,439.29736967934,2
2025-09-27 13:14:00,0.1256074222067,4.8960200000074,6.7659108891309,26.2617682221413,1.75141527711465,435.246657661964,2
2025-09-27 13:29:00,0.125395333323267,4.85663644446376,6.9244568892646,24.6193702220837,1.80498127714496,435.248407985744,2
2025-09-27 13:44:00,0.1251487259168,4.81842524785537,6.88471800030096,22.64713955566,1.84058682068824,438.98369675249,2
2025-09-27 13:59:00,0.1249875555503,5.11133977780193,7.16501555568626,22.5880064447257,1.96565573306867,436.955950490517,2
2025-09-27 14:14:00,0.124939370364,5.1673324444708,6.7933404447065,23.968192888787,1.9469394010735,436.16359672031,2
2025-09-27 14:29:00,0.124972429624433,4.82278444444573,6.73760577820447,23.3631384444034,1.86400835559889,436.029950140767,2
2025-09-27 14:44:00,0.124397022225633,5.3590497778357,7.10717577803633,21.8809193337377,1.80837589891553,439.248584520577,2
2025-09-27 14:59:00,0.124770651841267,4.8051984444788,6.9518724448018,22.5180395557367,1.81986574121937,435.777529189944,2
2025-09-27 15:14:00,0.124986251836367,5.0114297778116,7.1191800000659,24.6210686663757,1.79923389693939,435.207166280794,2
2025-09-27 15:29:00,0.1249850222066,4.59111333332736,6.7184477781833,25.2377248886847,1.80368572460867,434.627936200467,2
2025-09-27 15:44:00,0.126582770343267,4.86180400002473,6.6865208891591,29.931075641191,2.00321580103677,433.667592461506,2
2025-09-27 15:59:00,0.1255322370166,5.76429666658933,7.17935066669267,34.2099697778567,2.38373302893901,432.137062730386,2
2025-09-27 16:14:00,0.124630488861067,4.6216955555306,7.17023844446973,34.8549722223777,1.92693029224315,432.20676058421,2
2025-09-27 16:29:00,0.124616237010833,4.59200822221727,7.1694875555871,34.6138320002323,2.00782142100807,431.840698153627,2
2025-09-27 16:44:00,0.1249816147859,4.66727644446123,6.6777528891583,33.201837555098,1.89218638965936,432.363559586083,2
2025-09-27 16:59:00,0.125341918496633,5.5764827179475,6.06069377800037,31.0972525808263,1.80463965860338,434.018424348316,2
2025-09-27 17:14:00,0.126020533301533,4.71145622225336,4.43565755545537,29.676582872128,1.78507095445884,433.460608074,2
2025-09-27 17:29:00,0.1246085703563,5.01543977773226,2.69805933331087,33.8505815554296,1.84082758779727,433.278895491353,2
2025-09-27 17:44:00,0.125120444430433,5.07363977777363,4.62420622206047,26.9662673330647,1.79077642853102,436.365236684027,2
2025-09-27 17:59:00,0.1248765777848,6.38220066661927,4.3061384444036,20.9941633334922,1.74398136209468,438.569983309013,2
2025-09-27 18:14:00,0.124097822233033,6.77380177776363,4.23786533329267,21.8598928890757,1.76290237075245,438.234932808567,2
2025-09-27 18:29:00,0.127734900006533,6.65950688891004,3.26082688892333,17.6512451111916,1.740646733636,439.084310655857,2
2025-09-27 18:44:00,0.123933459257367,6.03541333341539,3.23703088890303,21.7246631114883,1.7446270606608,440.662768896927,2
2025-09-27 18:59:00,0.124332770374533,6.85076000003273,3.1814911111268,21.7368644448607,1.76700825074772,440.40910246735,2
2025-09-27 19:14:00,0.1265356481378,6.09532511113132,2.08420488889033,20.7630946667882,1.76013429492474,438.096584687283,2
2025-09-27 19:29:00,0.133930640762933,8.06110555568263,4.19481199998574,12.442636222444,1.70251384274297,443.587982886817,2
2025-09-27 19:44:00,0.134140396306933,7.95953044460966,3.53836444446613,8.96946999997773,1.68678475593961,445.749625682213,2
2025-09-27 19:59:00,0.134195922233367,7.84312333345956,3.7185473333457,8.27546666666986,1.73088470893093,446.608590406093,2
2025-09-27 20:14:00,0.1345294259329,8.0324506668316,4.32366844439767,8.72669422225619,1.71053907096097,447.111690825243,2
2025-09-27 20:29:00,0.1334756629777,7.82485911121739,3.18307733336493,11.5791828888413,1.72472019809541,443.30889209669,2
2025-09-27 20:44:00,0.134279744454833,7.23095955563446,3.16826333338843,7.9764635554786,1.72000179939273,444.25563548517,1
2025-09-27 20:59:00,0.1368386740622,8.10236777793583,4.4527328888848,7.0775988888127,1.70955382063031,446.932701491277,1
2025-09-27 21:14:00,0.137024437027333,8.26690844463646,4.61232999995477,7.06260022213436,1.72043014682682,446.81805688969,1
2025-09-27 21:29:00,0.1371384814737,8.34411622238567,4.52479999997157,6.87757577771983,1.85411971663259,446.532396887337,1
2025-09-27 21:44:00,0.142767214803633,8.55539777801267,5.4507977778995,6.832779999956,1.76755030163491,447.004617889213,1
2025-09-27 21:59:00,0.142238785174833,7.91083644460317,3.5858182222784,6.80235177773006,1.7785153143631,447.09224309167,1
2025-09-27 22:14:00,0.158923466644433,8.40992822242584,4.60448955575007,6.43563288881143,1.73827328097662,454.878466262753,1
2025-09-27 22:29:00,0.159767977751767,8.46612044464641,4.5017197777812,6.32698555547776,1.74857630057369,458.887185440903,1
2025-09-27 22:44:00,0.159700703678733,8.31049622239354,3.9550137778069,6.38815577769916,1.7010864046648,458.68350599442,1
2025-09-27 22:59:00,0.160414777755333,8.58430600022863,5.12652600013684,6.2143228887907,1.73378619688741,466.312066623677,1
2025-09-27 23:14:00,0.160133170346533,7.92030511125087,4.23154688907727,6.2859584443842,1.77976806785898,460.22434401123,1
2025-09-27 23:29:00,0.1604182592333,8.26372488902667,4.56836444461687,6.2412964443853,1.76628541918315,468.824123782433,1
2025-09-27 23:44:00,0.160322355534133,8.4977617779661,4.40053933330804,6.15910799991717,1.79067404129401,467.578714371007,1
2025-09-28 00:08:00,0.1604161703479,8.28774888904437,4.6292697779487,6.21948622215837,1.85457902643544,467.02775911709,1
2025-09-28 00:23:00,0.160426214790867,8.57030711129193,5.12666288899847,6.2743633332973,1.81890961849994,469.636971583047,1
2025-09-28 00:38:00,0.1609057259036,8.4029746668267,5.07876600016167,6.10047311109213,1.802842804919,470.83475828085,1
2025-09-28 00:53:00,0.161535659237033,8.2249106668259,4.58575111129354,6.18958355553593,1.79030648991741,473.526659973283,1
2025-09-28 01:08:00,0.164068674051567,8.56751955573617,6.05359666678897,6.22118177774453,1.78889759466751,475.866843018707,1
2025-09-28 01:23:00,0.1637602814587,8.25853844458737,4.69194644462383,5.9425606665974,1.69584780727925,476.222266616893,1
2025-09-28 01:38:00,0.164560725905933,8.54268777794197,5.1781357779003,6.11997422219257,1.66643740524201,477.560817460716,1
2025-09-28 01:53:00,0.167073792575167,8.31706311124827,4.70827355574223,6.08261266664057,1.79318440504766,481.74186393522,1
2025-09-28 02:08:00,0.1676865036867,8.3103131112429,4.7179971112981,5.95805355548933,1.84852162604278,490.32615768246,1
2025-09-28 02:23:00,0.167688399981233,8.64121155571496,6.5755393334477,6.12647111107336,1.67151439850785,489.217025543793,1
2025-09-28 02:38:00,0.167969281463633,8.52767688905497,5.22844977792124,5.986061999936,1.76833422597153,520.969190929023,1
2025-09-28 02:53:00,0.1678945777578,8.57466888903983,5.61887644454824,6.22521399996496,1.80513012812341,520.980931724204,1
2025-09-28 03:08:00,0.168030133314133,8.31794400013524,4.7084013335232,5.946916666606,1.77639079171403,517.476393898463,1
2025-09-28 03:23:00,0.1680944222031,8.5609517779563,5.23716266681534,5.95572511104713,2.17020488637162,517.47554984439,1
2025-09-28 03:38:00,0.1686784814541,8.53610422238507,5.20682288904147,6.20114644440947,2.16884064387048,521.12500808382,1
2025-09-28 03:53:00,0.168037866647333,8.48957600017217,5.17567044460567,6.15377866664276,1.75925848235089,517.46104579291,1
2025-09-28 04:08:00,0.167143637019,8.5843244446193,5.7199042223248,5.9360046666062,1.60290010616892,489.520157868667,1
2025-09-28 04:23:00,0.1677697036877,8.55231377795217,5.20764666681837,6.16797511108853,1.62306979912779,520.956757115153,1
2025-09-28 04:38:00,0.166491237017967,8.54002711127247,5.21946066681284,6.07540644441207,1.59027274486626,478.79928551427,1
2025-09-28 04:53:00,0.167051525908167,8.5999628890535,5.90381755566674,6.11807288886713,1.61816968063089,479.223402629056,1
2025-09-28 05:08:00,0.164649281461833,8.32177600014277,4.6853371113004,6.14888666665943,1.63206146770165,477.846995242096,1
2025-09-28 05:23:00,0.164639103685067,8.44316644461027,5.19305800016127,5.9306862221555,1.68701978378661,476.715324673287,1
2025-09-28 05:38:00,0.169503214803,9.1552322223746,5.42901244458047,6.25066333329473,3.62382301456703,476.487027147503,1
2025-09-28 05:53:00,0.163583414793767,8.47090777794267,5.17435000016067,6.0752108888589,1.88365751772692,476.488882379776,1
2025-09-28 06:08:00,0.162107096273533,8.58043644460313,6.258511111242,6.1057504443929,1.75334590813594,473.296699195777,1
2025-09-28 06:23:00,0.161886837015767,8.53019977794196,5.22142866681244,6.09114399996853,1.69285228499308,473.768500560023,1
2025-09-28 06:38:00,0.161265681459,8.42247644460354,5.19847333350227,6.09138999999203,1.66271460251914,471.98647142884,1
2025-09-28 06:53:00,0.1609374518294,8.5905506668418,6.15994866679247,6.22242422220303,1.678304811405,468.862298192653,1
2025-09-28 07:08:00,0.161795703681167,8.52232066684327,5.2848662223657,5.95081133326627,1.67180754501543,473.194327297177,1
2025-09-28 07:23:00,0.1631284962829,8.67140822237634,4.69339000019504,5.9612471110494,2.92941358767658,471.283213464577,1
2025-09-28 07:38:00,0.161743859238633,8.54388377793453,5.21241688904077,6.20892333330727,1.67487032270224,473.569557145087,1
2025-09-28 07:53:00,0.160718459238,8.41165755573897,5.16921333350107,5.95702933327243,1.7471957189133,468.13649615676,1
2025-09-28 08:08:00,0.160413214792367,8.2731155557122,4.6418620001892,6.06932155550793,1.78859005336036,468.991476703853,1
2025-09-28 08:23:00,0.160506170350867,8.4319955557187,5.04548933351244,6.0253566666119,1.80162831094643,468.582022280057,1
2025-09-28 08:38:00,0.1594564518316,8.35519133345867,4.28940244445213,6.21362866661104,1.89970541369982,469.17043519866,1
2025-09-28 08:53:00,0.141007329634333,8.22049600017027,3.7559871111358,8.06877422206537,2.05170784808517,449.359805831637,1
2025-09-28 09:08:00,0.1348176777796,8.0144151112409,4.4005322222009,10.8047139997745,2.15811826035505,445.654700297797,1
2025-09-28 09:23:00,0.134051055559733,8.19883044457437,5.6738439998909,11.8006024444544,2.21424536264856,444.426360569614,1
2025-09-28 09:38:00,0.133844055561967,7.9657368889351,5.50890244438127,14.1404675558917,2.13504016022217,444.29838052036,1
2025-09-28 09:53:00,0.1322507814922,7.57499133339366,5.3018568888431,16.6578731117319,2.19655494262343,442.646539996004,1
2025-09-28 10:08:00,0.1318005000097,7.5303400000464,5.4588266666421,17.9306162227205,2.17836444219309,441.71685529836,1
2025-09-28 10:23:00,0.131812677791133,7.03227977786993,7.23884200040837,17.0798004449479,2.22051329474196,441.051439286854,1
2025-09-28 10:38:00,0.132324322232567,7.27334844452487,7.3544477779823,17.9518233336903,2.31888944275013,441.745292991017,1
2025-09-28 10:53:00,0.133264514818233,7.61515466676846,7.5120637780227,14.2906062224743,2.86660082470532,442.41795086035,1
2025-09-28 11:08:00,0.132898403712867,7.63027977789253,7.2374957781027,14.1398086669833,2.7301397276817,441.84848055725,1
2025-09-28 11:23:00,0.134839890329933,7.68037800013297,7.4697020001949,15.3720693336518,3.84635488166757,442.032322605167,1
2025-09-28 11:38:00,0.132175233346233,7.2441642223335,7.47304555575523,17.4193804448277,2.26554082957755,440.7898846463,2
2025-09-28 11:53:00,0.1330522037088,6.96882555566696,7.6336053335694,15.6914237780612,2.36626430631036,441.441871966083,2
2025-09-28 12:08:00,0.131971425933533,6.66958955557613,7.51121333355233,18.6281537780118,2.46763763301236,441.84734583942,2
2025-09-28 12:23:00,0.1316841666814,6.01121822222373,6.77348466717494,17.5138982224556,2.43695950233535,439.802532168519,2
2025-09-28 12:38:00,0.1315225074172,6.23136866670959,7.8180675560627,18.4553542223223,2.53875828433716,441.91669289032,2
2025-09-28 12:53:00,0.1318753370466,6.38222311117153,7.85758577823847,16.1611335558181,2.55299111061293,440.284902395133,2
2025-09-28 13:08:00,0.130974862974733,5.56751666666106,6.88593400052767,18.1196440002257,2.72111313105226,437.493289907387,2
2025-09-28 13:23:00,0.126662379192467,5.83127733333513,7.2079513338742,20.8793031110497,2.7987088744761,438.790270616083,2
2025-09-28 13:38:00,0.1302937832273,5.34680155550439,3.69436034182047,14.7484031116596,2.83270032041467,436.534223413793,2
2025-09-28 13:53:00,0.1309576988789,5.06878022219382,3.61681288883623,15.1779188893082,3.06198363655323,436.467414268904,2
2025-09-28 14:08:00,0.1317202766535,5.02505177775499,4.67905399991203,10.414164221936,3.33005377335769,437.389389552787,2
2025-09-28 14:23:00,0.131763519097967,4.80384599997116,5.82775955520424,7.51872244449413,3.28205146812817,440.320913873507,1
2025-09-28 14:38:00,0.132079458123,4.75215644440723,6.2445617773596,7.97228977781453,4.23767609800844,440.872877714563,1
2025-09-28 14:53:00,0.131991221094,4.75967933332416,6.14920311067937,7.93003955559796,5.08063166399599,440.063507585597,1
2025-09-28 15:08:00,0.133531315989267,5.24359688887996,6.05868022182807,8.31330777777906,5.65464755571855,441.01026266664,1
2025-09-28 15:23:00,0.136498138478367,7.01587666660566,6.32852866627893,6.82189688894313,5.52892304484866,441.85348190487,1
2025-09-28 15:38:00,0.1354108532986,7.78671844454826,5.84286911084163,8.33018311110136,5.71790976477032,441.610084830656,1
2025-09-28 15:53:00,0.1345327795068,6.36174355549552,6.9151179996099,7.26208155561639,5.28502565072986,441.464685738923,1
2025-09-28 16:08:00,0.135601660417233,6.82938711104465,6.60022999961147,7.00471177782489,5.39489624653009,442.12760017548,1
2025-09-28 16:23:00,0.136747056981933,7.37637933335652,7.21067133334917,7.2618053333367,5.22967639483631,444.12101798468,1
2025-09-28 16:38:00,0.1390382703741,7.87118511114112,7.5002697777389,7.28401844446166,5.88357764669141,444.413034014143,1
2025-09-28 16:53:00,0.160451018529333,8.8297513332601,8.2703988889315,7.40928133322556,7.43627075050802,441.405761201614,1
2025-09-28 17:08:00,0.1600100592561,8.53455888894583,7.7785646672143,6.81559111106006,5.91585628939755,456.135044444854,1
2025-09-28 17:23:00,0.152811018518766,9.136779777674,5.39360911108303,15.1756026671929,7.35864723308714,438.847583202387,1
2025-09-28 17:38:00,0.1554541185422,8.84815777793933,7.43387844449864,8.70261355543223,7.43650504777823,444.101035007814,1
2025-09-28 17:53:00,0.167476637036467,9.49368444448183,8.14281044512884,7.11591155550693,6.27576831137337,457.151782601457,1
2025-09-28 18:08:00,0.165818170366934,8.94939244450262,7.9698295562385,6.92059444438963,6.01806792184019,461.94866828356,1
2025-09-28 18:23:00,0.152587944426367,9.19977355570679,8.1800155562755,15.7402531114428,5.7840683689279,440.940531471314,1
2025-09-28 18:38:00,0.136661525942367,8.34612377781306,5.4784797778982,14.0481275561249,5.47199998652303,444.588148157427,1
2025-09-28 18:53:00,0.1441643407464,7.65277022216829,6.79551600054554,20.8995519999462,5.20457525536348,439.373549154327,2
2025-09-28 19:08:00,0.133867250757733,7.11545400010296,7.2640751117107,25.1758557775696,4.80775563649304,436.26457167055,2
2025-09-28 19:23:00,0.1264734849319,4.8298690597906,1.24985034185547,24.926545110899,4.586722522716,435.77475267669,2
2025-09-28 19:38:00,0.1285917738107,6.69939890601112,2.65366955558627,21.5584746669827,4.42473264281088,437.945224071187,2
2025-09-28 19:53:00,0.126360611425334,6.54054399993592,1.60953723071657,21.9229788892464,4.09384041482244,436.957846945033,2
2025-09-28 20:08:00,0.1324326239728,6.81399977768989,5.05162011971666,16.0482704451922,4.04965706249831,437.49972642186,2
2025-09-28 20:23:00,0.125966548206067,5.61473377771783,1.16410377772803,24.406461110613,3.79767611946564,435.50232088387,2
2025-09-28 20:38:00,0.123729527688433,5.56778138455457,1.18613256406667,25.2924655553183,3.67118853000575,435.954796958873,2
2025-09-28 20:53:00,0.126354650199133,3.78772372643667,1.08558767518497,28.5162519999353,3.93982586630875,432.89781034246,2
2025-09-28 21:08:00,0.128620841616634,4.94742916230487,1.03749100851763,30.200749111146,4.29302661562794,433.849180323103,2
2025-09-28 21:23:00,0.131796037086567,4.58367466666044,1.56358733328577,31.5593208888064,4.29809853780617,432.955452172906,2
2025-09-28 21:38:00,0.1306848142407,5.37674888882983,1.72577733329913,32.183139965585,4.23753086733778,435.063897501423,2
2025-09-28 21:53:00,0.1298546410169,4.32015533332227,1.61435422218843,32.4837062562623,4.13644237541915,432.737570726693,2
2025-09-28 22:08:00,0.128660954411467,4.0155504444492,1.5624779999553,32.975960837444,4.03884708663796,432.649091972887,2
2025-09-28 22:23:00,0.129027970950267,3.9189162221792,1.51206244439847,30.2220008035913,3.69865963039357,433.234822410747,2
2025-09-28 22:38:00,0.1283865464137,4.99316206842186,7.47713755607653,29.2545802222913,3.6305381481951,434.153484113473,2
2025-09-28 22:53:00,0.126545256952767,4.16473875210466,6.4922706672464,30.136692136995,3.5263098860253,433.584263696433,2
2025-09-28 23:08:00,0.1260799196209,4.04809784611297,1.78635133330007,28.321935555338,3.45691641752514,434.244006323943,2
2025-09-28 23:23:00,0.1259276865828,4.15715275211263,6.54149444497491,27.7396455554003,3.50069955934179,434.777363974613,2
2025-09-28 23:38:00,0.1256419196625,5.69105155553949,2.3033871110928,21.4116815559765,3.26988317165296,437.881437884223,2
2025-09-29 00:12:00,0.133122284061067,6.97889777783472,5.01757844452596,14.833306889506,3.69946893760218,442.6843064556,2
2025-09-29 00:27:00,0.132955454433867,6.43412111106319,4.63533666668073,13.0003513336304,4.07898253959606,438.742580232191,2
2025-09-29 00:42:00,0.1603707680901,9.60967400003977,8.2814044448012,6.4628331109586,4.24862574975999,454.555416281343,2
2025-09-29 00:57:00,0.1585571287683,6.83962177778685,6.77161755549754,6.23060844441313,3.29921677744114,467.259027254007,2
2025-09-29 01:12:00,0.1270577421505,7.71829288898456,7.41545066720087,20.3326202223332,3.08805801007452,440.492486215704,2
2025-09-29 01:27:00,0.125224227341933,4.7269569572277,6.44430022270844,24.858556222018,3.08539361745931,435.49089367024,2
2025-09-29 01:42:00,0.125551627341733,4.70834244444263,7.06431911156237,25.787303110933,3.01548455462993,434.896263622757,2
2025-09-29 01:57:00,0.125532545862933,4.79745919659467,7.61250333391827,23.536177777708,2.93790372022967,435.656735369484,2
2025-09-29 02:12:00,0.1244435903054,4.69564251276684,7.120628000642,22.3606726668567,2.88916630209131,437.03320088335,2
2025-09-29 02:27:00,0.124578242160467,5.67237829057566,7.36756155621114,21.5159782224957,2.88912864199689,437.418706098736,2
2025-09-29 02:42:00,0.125715449572267,6.51163335040333,7.91531933357476,21.2251111113115,2.96506307142429,439.714049633227,2
2025-09-29 02:57:00,0.123595504842633,4.26812606838047,1.9090213333099,22.0115506670757,2.84016186180558,436.99894664444,2
2025-09-29 03:12:00,0.135881244169867,6.88509933340052,6.91729533343243,8.81733822206404,2.79331666819275,445.978070681704,2
2025-09-29 03:27:00,0.159417992579733,6.95421311112499,6.83175466670797,6.57228733329123,2.91401608893669,470.03461464661,2
2025-09-29 03:42:00,0.1338881572992,7.34122622221493,5.1618930086382,15.1380724449379,2.83007932615017,441.798798967634,2
2025-09-29 03:57:00,0.133577106581167,7.87663866666086,6.9001377783306,15.0938017783121,2.62157958600183,439.435409916754,2
2025-09-29 04:12:00,0.139814243308633,8.06176066668723,6.01196466674696,9.49456511090853,2.76242976202385,446.853361262954,2
2025-09-29 04:27:00,0.158857037025433,7.67696888886778,7.3784168894081,6.39049799994036,2.98452668878441,459.972069187677,2
2025-09-29 04:42:00,0.159712659238833,7.33844200000365,6.74741888900497,6.2871739999605,2.89937996222023,468.231920898154,1
2025-09-29 04:57:00,0.1632129703525,7.39370311113962,6.18474911118507,6.2168879999437,2.71050531797304,475.896017541813,1
2025-09-29 05:12:00,0.161670770349433,7.23189288890509,5.81831844443944,6.1684308888361,2.66195058208573,473.287216787807,1
2025-09-29 05:27:00,0.1627533481304,7.35301733335892,5.9081582222598,6.1080539999351,2.60342579313742,473.127412239973,1
2025-09-29 05:42:00,0.141597296314333,10.5783975557399,8.11073088915716,9.32948422181559,2.85352964768642,447.700506145547,1
2025-09-29 05:57:00,0.1321478219816,6.60675977764306,4.36035444445946,14.003873778295,2.70991503478696,437.93872310608,1
2025-09-29 06:12:00,0.1325862034475,6.90405777768029,3.85012311112384,15.4947022230363,2.54201432296945,437.448241752924,1
2025-09-29 06:27:00,0.131329725681933,6.08137933322469,3.7214626666912,15.5745480010434,2.52347543989968,437.361516806857,1
2025-09-29 06:42:00,0.135928664405967,8.64134799998637,7.08421200049003,11.9993206666874,2.46812914061341,440.873084578914,1
2025-09-29 06:57:00,0.1587586073873,7.21419222222866,5.50792688892333,6.4038879999384,2.45343587760127,468.91551108801,1
2025-09-29 07:12:00,0.162755874054533,7.09241755555179,6.45075911121653,6.14489222215153,2.46639881044634,474.810465409737,1
2025-09-29 07:27:00,0.1665081703535,7.13894533334332,6.4548124445658,6.1374957777034,2.37377071179441,517.139077456123,1
2025-09-29 07:42:00,0.167208237025767,8.1009620001007,8.93917222312184,6.0987011110322,2.36346476613704,495.112184195234,1
2025-09-29 07:57:00,0.166882748134533,8.01377088897677,8.71662355641517,6.0795111110284,2.32696622833294,488.481212701284,1
2025-09-29 08:12:00,0.159768214795933,8.7272257779086,7.93150955604154,6.23559622213513,2.39046386393305,473.09283506529,1
2025-09-29 08:27:00,0.132606144192333,8.42337955534966,4.00677711113717,15.9948648891112,3.00225129734507,439.857887667783,1
2025-09-29 08:42:00,0.1334768074393,9.19856755540147,7.20730155607367,15.4918235558988,3.24047272964204,440.82713200527,1
2025-09-29 08:57:00,0.1286536407445,7.15463644444159,6.56650422271734,17.9390468892156,3.29488073613493,439.340818770383,1
2025-09-29 09:12:00,0.131623618541333,7.61672111119259,6.9292086671597,16.7088191118675,3.44707550163202,439.613288068144,1
2025-09-29 09:27:00,0.1322597478797,6.47842377776132,5.6405211114651,14.5339364450252,3.5573531527853,439.332026012074,1
2025-09-29 09:42:00,0.1321534145478,5.84433955549638,4.87396688884113,10.1882088886607,3.82805003705374,438.503345128957,1
2025-09-29 09:57:00,0.132057851579033,5.92673800001136,4.54752844447693,15.282642000569,4.34588181216169,438.457055102883,1
2025-09-29 10:12:00,0.1345641481521,6.77839755556146,7.1947731116203,7.88163000005542,4.70602746285076,442.483947486273,1
2025-09-29 10:27:00,0.133341855563433,6.63705644448166,7.19461111164507,10.1914795553598,4.13697177652163,441.169297236763,1
2025-09-29 10:42:00,0.1330379997227,6.05831311114239,5.8075888886877,9.44121044447503,3.9890826138252,441.003839676653,1
2025-09-29 10:57:00,0.131335277787367,5.55262222223496,7.31181822282751,15.1436804446215,3.37887159223225,437.365680377443,1
2025-09-29 11:12:00,0.132306707421267,6.78548444456273,7.87844377835847,13.9407606664045,3.10142745332867,440.65461725124,1
2025-09-29 11:27:00,0.131551307426033,6.83656155561307,7.92078133391,17.4841635556591,3.00047791087849,439.303711289707,1
2025-09-29 11:42:00,0.1318171963248,7.04387244437434,7.51528533383447,16.1031388890942,3.27493549995761,438.930758067567,1
2025-09-29 11:57:00,0.133586588907333,7.35377488889593,7.9694380005374,10.7082586662265,3.03707067841233,441.27504352279,1
2025-09-29 12:12:00,0.132834144452433,5.9867955555522,7.613119778399,10.1624931107744,3.01395058894148,439.74003871548,1
2025-09-29 12:27:00,0.133209574074833,6.8243895556526,8.17429666702,11.5083244440863,3.11499325337947,441.090307735403,1
2025-09-29 12:42:00,0.1338528703727,7.18760111127676,8.3623944446637,10.533329110678,3.01970635409718,441.483094257237,1
2025-09-29 12:57:00,0.133722462969033,7.33395577789286,8.5546706668897,11.3771268885504,3.02104345593994,440.989752521093,1
2025-09-29 13:12:00,0.1323380629675,5.39974066668623,7.9308575561935,13.5781222218844,3.23319231121507,438.14620764355,1
2025-09-29 13:27:00,0.133088870374767,6.87660688900447,8.6156342226815,12.6927977774832,3.18002193657968,441.012567726343,1
2025-09-29 13:42:00,0.131995596303967,6.24943044449237,8.4464404449843,14.7933173331002,3.15129845760086,439.775775879277,1
2025-09-29 13:57:00,0.1314355000116,6.63575066674077,8.4780922227531,15.7507966667921,3.10214964776608,439.35953065683,1
2025-09-29 14:12:00,0.1314085370422,6.0156182222964,8.58470244512177,14.2536628884464,3.05098192960042,438.462259430663,1
2025-09-29 14:27:00,0.1339027051397,5.9831218290925,9.2401662228222,15.5301842220913,2.99671258419952,439.91489210924,1
2025-09-29 14:42:00,0.135405719958633,6.23586205128256,7.14216377767283,16.3886908885613,2.97924654226761,440.680925031433,1
2025-09-29 14:57:00,0.1298013888981,5.39738360685454,9.11538688973367,16.2958042221532,3.37290125563927,436.622888791183,1
2025-09-29 15:12:00,0.129977762695567,4.38656714529,4.34323155535484,15.3430957775173,3.33787590460255,435.579552302827,1
2025-09-29 15:27:00,0.129721740474933,4.45439381196876,4.61291799982743,15.9007928885548,3.22154153912429,435.55626843939,1
2025-09-29 15:42:00,0.129503961834167,4.46768242736646,4.81388799987357,14.7586171107951,3.42642589853434,434.393843307967,1
2025-09-29 15:57:00,0.1302363914695,4.7916435385008,4.45471644425887,13.1162304439087,3.24060003363928,437.76978903191,1
2025-09-29 16:12:00,0.129673758421133,5.09240694014807,8.57076600079881,14.5922299995535,3.36184733763152,437.140647561597,1
2025-09-29 16:27:00,0.125204230194333,4.5411880512494,6.84293422268873,20.1010917771697,3.36676645152556,437.00444357944,1
2025-09-29 16:42:00,0.112072722388889,3.9358770085248,2.46799933325823,21.6689420001227,3.37041227753757,437.00823311524,1
2025-09-29 16:57:00,0.112163970833491,3.04508724788257,1.64379500849943,22.5430935564113,3.60714973517976,436.621943440733,1
2025-09-29 17:12:00,0.2041666666877,8.1077568889503,4.3634979998173,19.6459451112592,3.50092337460037,437.858406112257,1
2025-09-29 17:27:00,0.113773025205736,2.68417413673947,1.38568965805727,22.5342873336027,3.15263277081082,433.681224769243,1
2025-09-29 17:42:00,0.131817639944633,5.2585406665982,4.23431945295094,13.2695784439194,3.17673184450817,437.258757767847,1
2025-09-29 17:57:00,0.131909833385067,6.10969644444656,4.19687456404747,15.5211468897601,3.03396374442612,435.20504513276,1
2025-09-29 18:12:00,0.1297028307975,5.98642333330887,1.30534622218447,27.0641470255787,3.5816849495115,433.534049310947,2
2025-09-29 18:27:00,0.124304475826167,6.20781777774893,1.2348080854255,27.0480911109447,3.29007097709574,435.471490760023,2
2025-09-29 18:42:00,0.1333967767044,8.30594466652493,5.02561611963607,12.2927077778667,3.04975292432382,436.317066412467,2
2025-09-29 18:57:00,0.1379999817793,8.34597599975996,7.23354088898147,5.29431199986157,3.17915356415735,441.514702139813,2
2025-09-29 19:12:00,0.135133949311133,9.31303088882217,5.92460266640754,4.97104955552083,3.04228666415867,440.79367652822,2
2025-09-29 19:27:00,0.135568121953133,9.0343593331638,6.42407022213337,4.75525133318706,2.98498498755259,441.518170783397,2
2025-09-29 19:42:00,0.1467224034347,9.12802400003873,6.579179555448,5.2016499999138,2.82377987109813,444.23316521709,1
2025-09-29 19:57:00,0.1411356923259,9.12160088890603,6.02869888882611,5.40314888880824,2.50997439212977,444.06945585206,1
2025-09-29 20:12:00,0.140201303709,7.64512155549279,6.41604333324477,5.7213871110529,2.4208024093769,443.422167655246,1
2025-09-29 20:27:00,0.151097377778867,8.80678844437646,5.40190311107724,5.07868533324296,2.35118456032508,445.456821298997,1
2025-09-29 20:42:00,0.1590499481379,7.80827111106853,5.9238068888191,5.24253422214186,2.30766891589755,457.966910434593,1
2025-09-29 20:57:00,0.159336948148333,7.47841311109613,6.05947688880997,5.2632628888044,2.15213551048864,457.942602358047,1
2025-09-29 21:12:00,0.159149325903433,7.95322644448769,4.19105155568213,5.51296444434489,1.90979656148135,452.329306288564,1
2025-09-29 21:27:00,0.1593815333106,7.60938177781599,3.7706082222056,5.9416642221433,1.87832318462056,459.38381526026,1
2025-09-29 21:42:00,0.160414288866333,8.19699600008843,4.04983088907873,6.1119755554801,1.78966465394742,466.85036085114,1
2025-09-29 21:57:00,0.160787666649233,8.41629444455973,4.03712888906683,5.94135955546537,1.62128486063937,465.24504519981,1
2025-09-29 22:12:00,0.160599229616233,8.68307533345674,4.0235308890582,5.54008888883173,1.64633037518874,461.096526390643,1
2025-09-29 22:27:00,0.1603331333208,8.3156975557037,4.00820755572833,5.63130666663016,1.63105143144119,468.178952162737,1
2025-09-29 22:42:00,0.160917962947233,8.48701577797627,4.26161666683026,5.31126933333139,1.60463808572938,469.62146988451,1
2025-09-29 22:57:00,0.1612544740544,8.9199222224773,4.73344155564743,5.21639244444316,1.58080117672149,472.148791572207,1
2025-09-29 23:12:00,0.1609049851649,8.64681622242214,4.3619544445961,5.12284266668373,1.58967275966013,469.14111220651,1
2025-09-29 23:27:00,0.161522540718267,8.57366644468304,4.54203400015197,5.07923155557827,1.64186798618542,471.919521472203,1
2025-09-29 23:42:00,0.160965229609867,8.41946466689541,4.24311822238203,5.20007755557587,1.75831331059621,469.21968174803,1
2025-09-30 00:12:00,0.161972674050133,8.29986044464911,4.2008580001672,5.08113600001537,1.89631366078505,474.260040486017,1
2025-09-30 00:27:00,0.161177829603633,8.33714066684567,4.29822222238143,5.1197491111333,1.92364158410251,470.399892832344,1
2025-09-30 00:42:00,0.160753422195067,8.0833177779783,3.97994111128556,5.1620348889077,1.75361504875641,469.328731088293,1
2025-09-30 00:57:00,0.161711844414367,8.58466622248191,4.52992466679533,5.08372688889883,1.66329721739583,473.871875147167,1
2025-09-30 01:12:00,0.162344044412867,8.6649891113634,5.53830955567466,5.15464244444547,1.63132281649524,474.551899226283,1
2025-09-30 01:27:00,0.1639157184884,8.61432422247717,4.53105155567596,5.0843968889026,1.67086547711201,476.557550033077,1
2025-09-30 01:42:00,0.164071474043533,8.53558911135931,4.54655400013289,5.0712617777858,1.70869309043716,476.912046636486,1
2025-09-30 01:57:00,0.164531422189467,8.72431977803927,6.25050066676963,5.1117779999991,1.67848611099006,476.547985758607,1
2025-09-30 02:12:00,0.164093118483533,8.81160444469567,6.20027400010779,4.93154577777873,1.80428253331568,476.545285504923,1
2025-09-30 02:27:00,0.1680242518212,8.86253288915737,6.19625044455056,4.9324753333316,1.74699650509359,481.576551687067,1
2025-09-30 02:42:00,0.168259185157467,8.82126977802414,6.19057600010663,4.80165822223484,1.84554377829961,488.181127768923,1
2025-09-30 02:57:00,0.1691607407143,8.8622948891581,6.24295755566026,4.73122577778573,1.86896013073127,488.535371596117,1
2025-09-30 03:12:00,0.1689591481238,8.73650444472864,4.57023533343826,4.4587364444707,1.91859604944731,478.13903389098,1
2025-09-30 03:27:00,0.170615962931,8.93038911137757,5.64616555567376,4.40753800001174,1.95355763453302,482.206882074473,1
2025-09-30 03:42:00,0.171474548115133,9.0611888891704,6.28378688897543,4.1056022222367,1.93827454046112,482.45582649319,1
2025-09-30 03:57:00,0.172268074038567,9.172912666967,8.66100088861141,4.02981777778734,1.93958610745259,479.49616621045,1
2025-09-30 04:12:00,0.172550207371333,9.20020866695137,10.9335697771449,3.97849688890167,1.95283142829032,488.51962082281,1
2025-09-30 04:27:00,0.1700855406988,9.20931088918797,6.18806755566116,3.89004844446807,1.95320663592119,476.054623507416,1
2025-09-30 04:42:00,0.1726954518165,9.28428955589584,10.693197332731,3.94930555557151,1.89611553338471,477.830033799076,1
2025-09-30 04:57:00,0.170471207366633,9.36647800033817,6.16488977786856,3.91252800002621,1.87445159207986,475.071503360903,1
2025-09-30 05:12:00,0.173580451815333,9.53612200038544,6.17013600010309,3.81055933335641,1.83276062080152,489.523905496793,1
2025-09-30 05:27:00,0.173424896260533,9.58747755594831,11.3777968881777,3.83417600002284,1.79803885290037,488.112065231946,1
2025-09-30 05:42:00,0.169484385147167,9.55527022266374,4.24519555561886,3.81966533336594,1.78738504363014,475.15002021671,1
2025-09-30 05:57:00,0.169652733295233,9.58797200039431,6.17961355565996,3.79949488892691,1.78405413523947,476.22033763237,1
2025-09-30 06:12:00,0.171323255520267,9.84694955597254,11.508294665836,3.74550822224787,1.87370649366695,476.103125041477,1
2025-09-30 06:27:00,0.170927299963833,9.75105622264061,6.10895088899606,3.68450066669864,1.88062290306404,475.726675908326,1
2025-09-30 06:42:00,0.1736292518192,9.50234577812268,6.18349066675383,3.90410377781277,1.91292895255955,490.179872202413,1
2025-09-30 06:57:00,0.173416518483867,9.39043777811264,6.23327955564403,3.93795555560897,1.90958937961924,490.11144272163,1
2025-09-30 07:12:00,0.172008770334567,8.98193222252407,4.4776902223714,4.00674355556187,1.95409727109186,488.450574732147,1
2025-09-30 07:27:00,0.172130525892067,9.0880180003265,4.51072200009336,3.98136933335047,2.05211323529018,489.016833343817,1
2025-09-30 07:42:00,0.174931118502867,7.22628338477353,2.76312666671153,7.80698955541991,2.51257136548257,522.841025517327,1
2025-09-30 07:57:00,0.172559733320733,8.3535486669277,3.1810164444575,8.02533599991281,2.7915862128472,524.90730012437,1
2025-09-30 08:12:00,0.173464399979033,6.83384622228499,2.60833266666023,5.36016444443694,2.52379601812061,524.94435752184,1
2025-09-30 08:27:00,0.174203296277867,7.98864733348257,4.01948044462263,5.34234466665704,2.46083401320989,521.926218679573,1
2025-09-30 08:42:00,0.173615088871167,8.02625311126403,3.90679266684713,5.643702888881,2.5363356074216,521.816374615634,1
2025-09-30 08:57:00,0.173183740721067,7.14457288896236,3.0236460000654,6.15238777772987,2.62886567636041,521.797621323377,1
2025-09-30 09:12:00,0.170111977789367,5.97475622229636,4.53984929917883,6.99593022218171,3.54244809369725,526.486415038194,1
2025-09-30 09:27:00,0.163050096277167,6.33483288891902,2.90205155559777,18.2351968886851,4.11850314964582,519.790570151287,1
2025-09-30 09:42:00,0.155438899143833,5.91426800004813,7.3940304450573,19.7401926664371,3.6914654241107,488.927668053723,1
2025-09-30 09:57:00,0.129803359263567,6.2315090256306,7.31211911121916,18.6877371109622,3.26832511296663,441.361363205996,1
2025-09-30 10:12:00,0.1319759532174,3.32197389746597,6.61971622217173,31.3917684275013,3.16614132228616,434.80687912045,1
2025-09-30 10:27:00,0.1335859976761,3.1645451966025,6.81717311106536,33.0337506663393,3.28483572159633,434.839840732966,1
2025-09-30 10:42:00,0.126591029564167,3.21725548720944,7.45067355564487,32.6332047347313,3.35573112396137,433.815249927716,1
2025-09-30 10:57:00,0.126104634724333,3.39305564099813,7.54312377785747,32.715497470026,3.40067826463823,434.02361963445,2
2025-09-30 11:12:00,0.125921203945267,3.34340041024973,7.6647022223879,33.30451008534,3.33166739997543,433.18886970578,2
2025-09-30 11:27:00,0.126169585135133,3.5905299316228,7.72072800017614,32.037886273472,3.31187948855028,433.27532502599,2
2025-09-30 11:42:00,0.126446488286633,3.259546051248,7.55152088898577,34.4229619484723,3.29351014601307,433.603002067753,2
2025-09-30 11:57:00,0.1262054882779,3.2539299487079,7.3388226670885,35.3211486662846,3.3156579946514,433.273531886063,2
2025-09-30 12:12:00,0.125253488281833,3.3927426153931,7.4170900005796,33.8302802049963,3.25937974756027,433.088310757467,2
2025-09-30 12:27:00,0.1251403623599,3.4835124957266,7.54234222279077,33.815273846035,3.34668169461281,433.251724185557,2
2025-09-30 12:42:00,0.129157433601933,2.73181813673937,1.90672466653837,34.002828905865,3.50896123407124,432.854502480817,2
2025-09-30 12:57:00,0.1321488665941,2.36190473504493,8.5196757781743,36.1497315553494,3.49337892618509,433.35567886567,2
2025-09-30 13:12:00,0.130441703604733,2.10352051281693,8.45345311168941,37.073620166752,3.36396237704871,433.274122107844,2
2025-09-30 13:27:00,0.1265351623391,2.24215695724143,8.54705022295477,38.5231359999526,3.42489464664627,433.211766630403,2
2025-09-30 13:42:00,0.1260757030707,1.72782873501393,5.89038244492746,38.608830222513,3.36389576330137,433.068144423427,2
2025-09-30 13:57:00,0.124048962367167,2.40442688888773,1.9133559998688,38.4570548890277,3.33956028921105,433.033405386863,2
2025-09-30 14:12:00,0.11373228717877,2.45613608545033,1.04561666660583,40.7427891104816,3.36664978191043,432.107286488773,2
2025-09-30 14:27:00,0.114375578164581,2.4086433333039,0.967239333252134,40.266724666313,3.32745364848538,431.314322373483,2
2025-09-30 14:42:00,0.114743392474329,2.36289825639497,0.6454879999484,42.6533426666507,3.30295690278193,431.6106555157,2
2025-09-30 14:57:00,0.115245811632773,3.1594195213632,0.603362222179568,42.4714991111183,3.38162401143749,432.512776894693,2
2025-09-30 15:12:00,0.114932594487568,4.45306044437256,0.7194199999518,38.965188444472,3.25239644256376,433.011986876073,2
2025-09-30 15:27:00,0.114891909035204,3.77983577773877,0.898208222189367,38.8355146668003,3.19747211033874,432.718496256857,2
2025-09-30 15:42:00,0.123982125318433,2.72879466668407,1.68169577769817,38.0353437777097,3.09979493592306,432.450447721896,2
2025-09-30 15:57:00,0.11416797958162,3.21438933333113,1.02965311105673,38.078932888598,3.09607545503418,432.23681359576,2
2025-09-30 16:12:00,0.114457204139595,2.86011866667157,1.07224466663107,39.863002888574,3.11062688241155,432.766375751446,2
2025-09-30 16:27:00,0.127144538462733,3.86217088886537,6.53176400051704,38.9433111106486,3.24089202701204,433.520403485716,2
2025-09-30 16:42:00,0.126890640727433,3.9748249059218,0.591206666668333,41.1304526665166,3.18182742005881,432.956046037483,2
2025-09-30 16:57:00,0.125683640470733,4.24194777769413,0.949693555511866,39.164667777571,3.25528091337471,433.213202880363,3
2025-09-30 17:12:00,0.115860044269999,2.74837333331483,0.921808666614866,41.385657931343,3.32106161038131,432.183977296093,3
2025-09-30 17:27:00,0.116266460183296,2.5105464102306,0.863854085448533,42.295687657906,3.26917447077834,431.212212476287,3
2025-09-30 17:42:00,0.115890073996859,2.4553167521283,0.912518752081568,40.465162221965,3.28038374657692,431.276925337227,3
2025-09-30 17:57:00,0.115717108524772,3.283362888868,0.949092888847233,40.1088013328923,3.22462808852396,432.54571829656,3
2025-09-30 18:12:00,0.116074561023424,4.77811463238217,0.544079333340333,41.7450904957187,3.29149209529718,432.829920654444,3
2025-09-30 18:27:00,0.116102573424668,4.6355824443869,0.901317999955865,39.3948542221817,3.06671169775572,432.734847858506,3
2025-09-30 18:42:00,0.115904971810414,3.33979799998023,0.9539311110626,39.8275526664093,3.11497453269877,432.539641086603,3
2025-09-30 18:57:00,0.115488852112501,2.53729275211783,1.24465133330337,39.3779991109347,2.9556112744838,432.702089544143,3
2025-09-30 19:12:00,0.115205085955578,2.37490897434413,1.46166311105533,39.194283555257,2.89906153950616,432.27711935829,3
2025-09-30 19:27:00,0.123458903103467,2.75000008547957,1.6493991110283,39.2879811107137,2.85092750459744,432.555597401683,3
2025-09-30 19:42:00,0.115040650332127,2.7217642222092,1.4266362221791,39.5275673329674,2.84341150616939,432.075604718213,3
2025-09-30 19:57:00,0.115219621772772,2.1799034529734,1.4616811110655,39.7232439995834,2.9914894381182,431.487392559716,2
2025-09-30 20:12:00,0.1235427919825,2.23627600000924,1.69774088881233,38.1698824444323,2.96080489851871,431.545984337626,2
2025-09-30 20:27:00,0.115230379622288,2.00985955555994,0.9743615555204,38.7106153332726,2.95609285084412,431.209218681387,2
2025-09-30 20:42:00,0.115775280232274,4.31253777771523,0.600520666610068,42.0965955555047,2.88956730249729,431.85902277419,2
2025-09-30 20:57:00,0.123730644430767,7.96104018798931,0.570866666681833,41.3001130256976,2.63606654475304,432.416738527516,3
2025-09-30 21:12:00,0.1256685036994,8.38349511099537,0.556816666676933,41.234243846095,2.4790346242964,432.653140456393,3
2025-09-30 21:27:00,0.126163903697667,7.58815596574054,0.553709777792466,41.0775810257016,2.42213871000634,432.495181705916,3
2025-09-30 21:42:00,0.125678199987733,8.00085200010421,0.5765648889025,38.4591851112273,2.39970589414211,432.704908781616,3
2025-09-30 21:57:00,0.117614763297079,7.50829577794228,0.587113333351433,38.1418104444783,2.28676160069132,432.881840385657,3
2025-09-30 22:12:00,0.123376103710967,6.8342308889172,0.640068222183667,38.027294444616,2.18506126270446,433.541624960813,3
2025-09-30 22:27:00,0.123489051850533,7.5073904446351,0.653164888850567,38.277402000272,2.08263000577199,433.348190286803,3
2025-09-30 22:42:00,0.116721922383147,7.6763786667773,0.922574888824433,37.8608459999703,2.02850749235238,432.898165592817,3
2025-09-30 22:57:00,0.11661762563534,8.19310155569114,0.904799777713866,37.3457142222877,2.00885627838128,432.78739604287,3
2025-09-30 23:12:00,0.116762435222218,5.8226717777425,0.929681333267566,36.9052448884683,1.97485752321354,432.524738523583,3
2025-09-30 23:27:00,0.116537033185703,5.48812866661433,1.0295186666013,35.420857999711,1.95913030592423,431.83440541091,3
2025-09-30 23:42:00,0.123986881445967,5.084022222139,1.5516728888294,34.3554404443257,1.89298418337974,432.98656957337,3
