date,CO,NO2,NO,O3,PM2_5,CO2,AQHI
2025-09-01,318.254666666667,5.57266666666667,1.78066666666667,9.20733333333333,21.4413333333333,624.57,3
2025-09-01 00:15:00,321.742666666667,5.07,1.66333333333333,8.618,21.242,629.466666666667,3
2025-09-01 00:30:00,325.647333333333,4.77066666666667,1.97933333333333,6.544,21.0606666666667,629.266,3
2025-09-01 00:45:00,318.002,5.06,1.61733333333333,10.126,21.03,635.080666666667,3
2025-09-01 01:00:00,312.722666666667,4.59066666666667,1.586,8.298,20.352,641.309333333333,3
2025-09-01 01:15:00,320.125333333333,4.27666666666667,1.74133333333333,6.25133333333333,20.0193333333333,659.938,3
2025-09-01 01:30:00,303.24,4.17666666666667,1.68933333333333,5.95066666666667,19.9586666666667,669.310666666667,3
2025-09-01 01:45:00,301.982666666667,4.04533333333333,1.608,7.82133333333333,19.746,654.792666666667,3
2025-09-01 02:00:00,297.473333333333,3.886,1.84066666666667,5.252,19.1386666666667,670.521333333333,2
2025-09-01 02:15:00,348.3,3.92333333333333,1.76666666666667,5.632,18.4086666666667,675.636666666667,2
2025-09-01 02:30:00,313.138,3.67266666666667,1.89066666666667,3.88266666666667,18.598,676.166666666667,2
2025-09-01 02:45:00,345.711333333333,3.604,2.08333333333333,3.81533333333333,17.7646666666667,670.505333333333,2
2025-09-01 03:00:00,308.244,3.55133333333333,2.11333333333333,4.674,19.1606666666667,687.256666666667,2
2025-09-01 03:15:00,292.766666666667,3.43533333333333,1.998,5.944,19.0433333333333,685.826666666667,2
2025-09-01 03:30:00,286.517333333333,3.304,2.424,3.69933333333333,17.6813333333333,697.068666666667,2
2025-09-01 03:45:00,286.151333333333,3.31466666666667,2.25133333333333,5.09133333333333,16.5273333333333,696.297333333333,2
2025-09-01 04:00:00,283.271333333333,3.25466666666667,2.42333333333333,3.968,16.564,698.988,2
2025-09-01 04:15:00,278.651333333333,3.18666666666667,2.628,3.42533333333333,16.6073333333333,707.106,2
2025-09-01 04:30:00,276.082666666667,3.10733333333333,2.97266666666667,2.28866666666667,16.0573333333333,722.185333333333,2
2025-09-01 04:45:00,270.002666666667,2.958,3.17333333333333,0.945333333333333,16.386,714.782666666667,2
2025-09-01 05:00:00,269.147333333333,3.06533333333333,2.96733333333333,4.684,15.6906666666667,705.354,2
2025-09-01 05:15:00,266.03,2.96266666666667,3.22333333333333,2.97466666666667,15.9613333333333,708.036666666667,2
2025-09-01 05:30:00,265.988666666667,3.00933333333333,3.26866666666667,3.416,15.8813333333333,691.392,2
2025-09-01 05:45:00,260.222666666667,2.902,3.512,3.15933333333333,15.9913333333333,710.896,2
2025-09-01 06:00:00,269.924666666667,3.128,3.482,4.99133333333333,15.498,697.983333333333,2
2025-09-01 06:15:00,260.707333333333,2.84333333333333,3.548,2.68066666666667,15.922,710.493333333333,2
2025-09-01 06:30:00,267.455333333333,2.94933333333333,3.39,4.63066666666667,14.872,700.681333333333,2
2025-09-01 06:45:00,279.662,3.04733333333333,5.14866666666667,3.484,14.9186666666667,707.379333333333,2
2025-09-01 07:00:00,270.049333333333,2.872,3.64066666666667,3.76533333333333,15.4713333333333,701.219333333333,2
2025-09-01 07:15:00,265.364,2.95333333333333,3.57066666666667,3.98,15.6713333333333,698.754666666667,2
2025-09-01 07:30:00,263.841333333333,3.07733333333333,3.16,8.04866666666667,15.778,665.15,2
2025-09-01 07:45:00,265.417333333333,3.16933333333333,3.25533333333333,5.98933333333333,17.07,647.725333333333,2
2025-09-01 08:00:00,267.02,3.292,3.00533333333333,5.988,17.752,641.76,2
2025-09-01 08:15:00,287.577333333333,3.59,3.248,4.04,17.704,634.172,2
2025-09-01 08:30:00,295.074666666667,3.78,4.27266666666667,-4.75466666666667,19.7513333333333,610.685333333333,2
2025-09-01 08:45:00,276.247333333333,3.91333333333333,4.34,-2.30666666666667,22.2473333333333,598.208,2
2025-09-01 09:00:00,262.388,3.85733333333333,4.29066666666667,-1.72266666666667,21.0766666666667,581.424666666667,3
2025-09-01 09:15:00,244.412,3.70333333333333,4.28466666666667,1.59333333333333,21.72,570.296,3
2025-09-01 09:30:00,259.814666666667,3.688,4.84866666666667,1.72066666666667,20.5193333333333,557.704666666667,3
2025-09-01 09:45:00,229.622666666667,3.77133333333333,4.19666666666667,7.86466666666667,23.8946666666667,550.463333333333,3
2025-09-01 10:00:00,234.146666666667,4.11466666666667,3.53866666666667,9.416,22.2553333333333,539.573333333333,3
2025-09-01 10:15:00,233.275333333333,4.914,3.17666666666667,11.5133333333333,20.638,530.990666666667,3
2025-09-01 10:30:00,223.017333333333,6.09333333333333,3.49,9.42666666666667,17.212,527.715333333333,3
2025-09-01 10:45:00,210.272666666667,6.41666666666667,3.31333333333333,13.9646666666667,20.5133333333333,525.168666666667,3
2025-09-01 11:00:00,207.002,6.46466666666667,3.30066666666667,14.4693333333333,19.1746666666667,522.487333333333,2
2025-09-01 11:15:00,212.898,6.56133333333333,2.846,16.68,24.8826666666667,513.740666666667,3
2025-09-01 11:30:00,208.817333333333,5.93333333333333,3.262,15.1626666666667,20.446,506.691333333333,3
2025-09-01 11:45:00,211.522,5.782,3.17933333333333,18.1133333333333,23.5193333333333,502.492,3
2025-09-01 12:00:00,215.830666666667,5.612,3.34666666666667,16.3633333333333,24.3606666666667,498.767333333333,3
2025-09-01 12:15:00,196.489333333333,5.464,2.86066666666667,18.994,23.948,495.057333333333,3
2025-09-01 12:30:00,183.187333333333,5.48933333333333,3.33866666666667,17.4433333333333,21.57,490.078,3
2025-09-01 12:45:00,180.763333333333,5.32133333333333,2.45533333333333,24.9786666666667,22.0146666666667,489.292,3
2025-09-01 13:00:00,187.468,5.42133333333333,2.61866666666667,22.4366666666667,19.8926666666667,486.192,3
2025-09-01 13:15:00,190.371333333333,5.336,2.20666666666667,27.6233333333333,22.9873333333333,481.881333333333,3
2025-09-01 13:30:00,193.202666666667,5.546,2.282,24.7453333333333,21.3353333333333,479.624666666667,3
2025-09-01 13:45:00,208.138666666667,5.686,2.264,26.4233333333333,22.0306666666667,477.793333333333,3
2025-09-01 14:00:00,205.397333333333,5.93533333333333,2.28666666666667,25.6133333333333,22.228,473.121333333333,3
2025-09-01 14:15:00,193.508666666667,5.86066666666667,2.23133333333333,28.294,23.222,469.314666666667,3
2025-09-01 14:30:00,204.166,6.24866666666667,2.31133333333333,24.6833333333333,22.6573333333333,462.673333333333,3
2025-09-01 14:45:00,175.834,6.418,2.24066666666667,26.3573333333333,23.372,458.016,3
2025-09-01 15:00:00,165.130666666667,6.78533333333333,2.26533333333333,27.342,22.2553333333333,452.107333333333,3
2025-09-01 15:15:00,167.09,6.57933333333333,2.25,27.924,22.5586666666667,447.627333333333,3
2025-09-01 15:30:00,181.639333333333,6.38266666666667,2.35066666666667,30.0613333333333,22.654,442.784,3
2025-09-01 15:45:00,196.542666666667,6.23466666666667,2.49466666666667,33.6753333333333,23.1673333333333,442.792666666667,3
2025-09-01 16:00:00,233.258,6.20333333333333,2.57066666666667,32.494,24.4906666666667,439.772,3
2025-09-01 16:15:00,234.975333333333,6.25533333333333,2.54733333333333,27.68,23.9546666666667,440.119333333333,3
2025-09-01 16:30:00,222.182,6.24466666666667,2.59533333333333,29.9106666666667,23.7713333333333,438.254666666667,3
2025-09-01 16:45:00,225.576666666667,6.16,2.56333333333333,29.1633333333333,23.3066666666667,432.05,3
2025-09-01 17:00:00,268.574666666667,6.65933333333333,2.81133333333333,32.4566666666667,23.6886666666667,436.689333333333,3
2025-09-01 17:15:00,331.301333333333,6.64,2.76866666666667,22.5526666666667,22.34,435.581333333333,3
2025-09-01 17:30:00,301.753333333333,6.2,2.68933333333333,18.586,20.8186666666667,444.027333333333,3
2025-09-01 17:45:00,305.683333333333,6.55066666666667,2.932,27.97,21.324,457.109333333333,3
2025-09-01 18:00:00,356.745333333333,8.01066666666667,3.17866666666667,34.7613333333333,21.912,471.890666666667,3
2025-09-01 18:15:00,425.946666666667,8,3.41133333333333,29.5493333333333,24.4353333333333,479.366666666667,3
2025-09-01 18:30:00,427.951333333333,8.00533333333333,3.80866666666667,34.6813333333333,22.9966666666667,487.532666666667,3
2025-09-01 18:45:00,449.178666666667,8.06866666666667,4.21333333333333,34.4706666666667,24.2153333333333,493.428,3
2025-09-01 19:00:00,466.804666666667,8.72466666666667,4.31133333333333,32.4173333333333,24.544,500.965333333333,3
2025-09-01 19:15:00,484.312,8.266,4.10066666666667,29.1726666666667,24.4093333333333,510.290666666667,3
2025-09-01 19:30:00,428.388,6.55733333333333,3.30066666666667,27.46,25.5553333333333,513.02,3
2025-09-01 19:45:00,430.571333333333,6.19933333333333,3.22466666666667,41.7153333333333,28.0046666666667,490.818,3
2025-09-01 20:00:00,426.483333333333,5.632,2.824,38.858,31.778,482.000666666667,3
2025-09-01 20:15:00,395.86,5.52666666666667,2.71266666666667,39.7646666666667,30.6773333333333,480.886666666667,3
2025-09-01 20:30:00,381.642,5.422,2.63866666666667,42.5413333333333,29.7073333333333,484.144666666667,4
2025-09-01 20:45:00,373.608666666667,5.26933333333333,2.594,44.2013333333333,27.27,487.855333333333,4
2025-09-01 21:00:00,376.069333333333,5.16266666666667,2.54066666666667,44.6346666666667,30.158,491.090666666667,4
2025-09-01 21:15:00,373.631333333333,5.16,2.50933333333333,44.6073333333333,28.2266666666667,491.644,4
2025-09-01 21:30:00,372.227333333333,5.26866666666667,2.452,45.242,30.7406666666667,493.122666666667,4
2025-09-01 21:45:00,374.606,5.50866666666667,2.386,43.796,28.1046666666667,496.952666666667,4
2025-09-01 22:00:00,367.085333333333,5.44666666666667,2.33533333333333,43.2206666666667,26.5173333333333,497.795333333333,4
2025-09-01 22:15:00,361.969333333333,5.61133333333333,2.26733333333333,42.8,25.8046666666667,499.916666666667,4
2025-09-01 22:30:00,357.280666666667,5.71133333333333,2.214,42.65,26.244,499.850666666667,4
2025-09-01 22:45:00,356.514666666667,5.784,2.166,41.2546666666667,23.8353333333333,501.736,4
2025-09-01 23:00:00,350.622,5.74133333333333,2.06266666666667,40.5533333333333,22.864,502.236,4
2025-09-01 23:15:00,343.39,5.70466666666667,1.92933333333333,40.6133333333333,24.0693333333333,503.625333333333,4
2025-09-01 23:30:00,339.083,5.698,1.826,40.267,24.938,505.391,4
2025-09-02,332.564,5.73866666666667,1.45866666666667,38.802,23.5633333333333,510.427333333333,4
2025-09-02 00:15:00,332.495333333333,5.75133333333333,1.28133333333333,37.8806666666667,21.622,511.822666666667,4
2025-09-02 00:30:00,329.161333333333,5.70333333333333,1.04733333333333,36.7073333333333,23.142,516.374666666667,4
2025-09-02 00:45:00,329.279333333333,5.74066666666667,0.910666666666667,36.562,22.878,518.174666666667,4
2025-09-02 01:00:00,328.704666666667,5.65866666666667,0.782,34.07,22.4513333333333,524.365333333333,4
2025-09-02 01:15:00,320.557333333333,5.39066666666667,0.962666666666667,28.5426666666667,21.7693333333333,535.888666666667,4
2025-09-02 01:30:00,315.196,5.30533333333333,1.15533333333333,25.58,20.8586666666667,548.768,3
2025-09-02 01:45:00,313.656,5.32666666666667,1.228,25.41,20.318,554.629333333333,3
2025-09-02 02:00:00,312.652,5.21933333333333,1.26266666666667,22.9113333333333,21.0253333333333,565.269333333333,3
2025-09-02 02:15:00,306.092,5.086,1.386,19.9613333333333,20.9633333333333,582.346666666667,3
2025-09-02 02:30:00,307.934,5.13666666666667,1.02666666666667,20.2566666666667,21.9326666666667,588.450666666667,3
2025-09-02 02:45:00,308.089333333333,5.078,1.10266666666667,17.4246666666667,21.7573333333333,592.626666666667,3
2025-09-02 03:00:00,306.244,5.01,0.962,16.4993333333333,22.2333333333333,603.610666666667,3
2025-09-02 03:15:00,301.339333333333,4.57866666666667,1.11266666666667,14.4293333333333,21.782,607.185333333333,3
2025-09-02 03:30:00,300.716,4.556,1.01933333333333,14.258,21.034,610.339333333333,3
2025-09-02 03:45:00,301.447333333333,4.12666666666667,1.61133333333333,6.19933333333333,20.3386666666667,619.148,3
2025-09-02 04:00:00,293.674666666667,4.312,1.23333333333333,14.8813333333333,20.642,621.684666666667,3
2025-09-02 04:15:00,296.49,4.10133333333333,1.26066666666667,11.924,20.128,621.157333333333,3
2025-09-02 04:30:00,295.321333333333,3.83733333333333,1.268,10.908,20.1613333333333,621.179333333333,3
2025-09-02 04:45:00,293.072666666667,3.604,1.56466666666667,7.03333333333333,19.19,634.284666666667,3
2025-09-02 05:00:00,289.341333333333,3.52333333333333,1.67666666666667,7.38333333333333,18.9193333333333,642.290666666667,2
2025-09-02 05:15:00,290.761333333333,3.46866666666667,2.01,5.45733333333333,18.5846666666667,640.822,2
2025-09-02 05:30:00,287.262,3.578,1.866,8.796,18.7846666666667,648.063333333333,2
2025-09-02 05:45:00,286.486666666667,3.44866666666667,1.92933333333333,8.79666666666667,18.2486666666667,647.026666666667,2
2025-09-02 06:00:00,295.142666666667,3.49533333333333,2.02066666666667,6.87733333333333,17.8813333333333,652.231333333333,2
2025-09-02 06:15:00,299.266666666667,3.334,1.95733333333333,5.60066666666667,17.3853333333333,653.965333333333,2
2025-09-02 06:30:00,321.151333333333,3.35266666666667,2.51733333333333,3.26733333333333,18.2553333333333,651.46,2
2025-09-02 06:45:00,305.912,3.30733333333333,2.20666666666667,7.14333333333333,17.606,661.978666666667,2
2025-09-02 07:00:00,336.607333333333,3.70133333333333,4.07,3.92,17.632,657.192666666667,2
2025-09-02 07:15:00,360.554666666667,3.73266666666667,4.02666666666667,2.334,19.002,661.738,2
2025-09-02 07:30:00,357.102,3.42533333333333,2.76066666666667,3.29866666666667,17.758,657.200666666667,2
2025-09-02 07:45:00,323.865333333333,3.32533333333333,2.17133333333333,7.07666666666667,18.656,639.19,2
2025-09-02 08:00:00,313.433333333333,3.438,2.058,5.83333333333333,19.2053333333333,632.429333333333,2
2025-09-02 08:15:00,314.856666666667,3.60733333333333,2.35466666666667,7.212,21.8426666666667,593.535333333333,2
2025-09-02 08:30:00,308.176,3.86266666666667,3.022,5.21333333333333,23.7506666666667,579.546,3
2025-09-02 08:45:00,311.921333333333,4.06066666666667,3.35533333333333,1.82066666666667,26.5753333333333,566.498,3
2025-09-02 09:00:00,329.146,4.13133333333333,3.88866666666667,3.04466666666667,26.7253333333333,559.584666666667,3
2025-09-02 09:15:00,317.673333333333,3.958,3.87466666666667,2.72866666666667,27.3406666666667,554.316666666667,3
2025-09-02 09:30:00,357.026666666667,3.83,3.8,0.519333333333333,27.9666666666667,545.325333333333,3
2025-09-02 09:45:00,295.048,4.63733333333333,4.02533333333333,-0.566,30.0346666666667,532.91,3
2025-09-02 10:00:00,289.65,5.73466666666667,4.28333333333333,4.056,39.6893333333333,528.885333333333,4
2025-09-02 10:15:00,319.135333333333,6.498,4.37466666666667,8.57333333333333,48.0333333333333,519.620666666667,4
2025-09-02 10:30:00,300.534666666667,6.724,4.03133333333333,11.556,48.92,513.757333333333,5
2025-09-02 10:45:00,290.83,6.752,3.826,13.6026666666667,44.512,507.495333333333,5
2025-09-02 11:00:00,272.948,6.31933333333333,3.76666666666667,13.7053333333333,39.952,504.476,5
2025-09-02 11:15:00,281.892666666667,6.36466666666667,3.38333333333333,17.474,45.3866666666667,500.677333333333,5
2025-09-02 11:30:00,280.502666666667,5.888,3.53466666666667,15.956,45.376,502.275333333333,5
2025-09-02 11:45:00,302.910666666667,5.85,2.95666666666667,20.8273333333333,48.8453333333333,495.899333333333,5
2025-09-02 12:00:00,299.102666666667,5.64533333333333,2.98866666666667,21.114,47.4306666666667,493.098666666667,5
2025-09-02 12:15:00,301.174,5.66866666666667,2.42533333333333,25.15,56.152,493.803333333333,5
2025-09-02 12:30:00,312.243333333333,5.51533333333333,2.39666666666667,24.3893333333333,54.1606666666667,489.491333333333,6
2025-09-02 12:45:00,346.629333333333,5.50933333333333,2.17866666666667,21.7186666666667,65.344,483.527333333333,6
2025-09-02 13:00:00,321.092666666667,5.348,2.424,25.2453333333333,64.2333333333333,480.981333333333,6
2025-09-02 13:15:00,341.886,5.33,2.17333333333333,28.1733333333333,68.594,480.394,7
2025-09-02 13:30:00,360.126,5.36933333333333,2.012,30.166,71.4186666666667,480.378,7
2025-09-02 13:45:00,411.766666666667,5.472,2.14933333333333,30.838,82.766,474.799333333333,8
2025-09-02 14:00:00,492.932666666667,5.566,2.046,33.3633333333333,104.795333333333,472.968,9
2025-09-02 14:15:00,465.155333333333,5.752,2.12,30.898,86.6,472.164,9
2025-09-02 14:30:00,480.862666666667,5.86266666666667,2.008,35.1166666666667,94.5266666666667,466.664666666667,10
2025-09-02 14:45:00,428.738666666667,5.94266666666667,2.05066666666667,32.1826666666667,82.826,460.560666666667,10
2025-09-02 15:00:00,412.396,5.918,1.86733333333333,29.994,78.192,457.149333333333,9
2025-09-02 15:15:00,441.708,5.89533333333333,1.72466666666667,32.1473333333333,86.068,453.448,9
2025-09-02 15:30:00,454.141333333333,6.08133333333333,1.54,29.514,91.258,447.536666666667,9
2025-09-02 15:45:00,465.731333333333,6.252,1.26,33.1606666666667,99.664,442.574666666667,9
2025-09-02 16:00:00,441.003333333333,6.26066666666667,1.03466666666667,33.1193333333333,90.2273333333333,440.166666666667,10
2025-09-02 16:15:00,432.266,6.33866666666667,0.673333333333333,29.686,86.2733333333333,432.716666666667,10
2025-09-02 16:30:00,409.360666666667,6.36866666666667,1.102,33.1986666666667,78.9386666666667,432.674666666667,9
2025-09-02 16:45:00,437.44,6.11,0.783333333333333,21.2266666666667,62.4566666666667,435.82,8
2025-09-02 17:00:00,402.831333333333,6.17,1.66066666666667,27.8613333333333,65.334,437.686,8
2025-09-02 17:15:00,400.760666666667,6.39333333333333,2.01333333333333,25.884,61.4533333333333,443.934,7
2025-09-02 17:30:00,396.893333333333,6.644,2.29066666666667,20.9626666666667,53.8546666666667,452.701333333333,7
2025-09-02 17:45:00,462.560666666667,7.532,2.798,33.5906666666667,53.0546666666667,464.482,6
2025-09-02 18:00:00,548.685333333333,7.44533333333333,3.12533333333333,37.5273333333333,52.168,475.529333333333,6
2025-09-02 18:15:00,565.133333333333,9.09733333333333,3.29333333333333,34.1466666666667,51.972,490.778,6
2025-09-02 18:30:00,587.493333333333,9.83866666666667,3.16266666666667,28.6413333333333,47.0906666666667,496.688,6
2025-09-02 18:45:00,519.244,8.28866666666667,3.034,20.8413333333333,41.308,505.504,5
2025-09-02 19:00:00,522.724,9.518,3.30733333333333,25.6533333333333,41.2266666666667,514.272,5
2025-09-02 19:15:00,536.427333333333,9.51533333333333,3.83533333333333,30.2993333333333,40.5546666666667,523.142666666667,5
2025-09-02 19:30:00,538.227333333333,8.96466666666667,3.96333333333333,31.4366666666667,42.358,524.453333333333,5
2025-09-02 19:45:00,710.067333333333,8.32466666666667,2.924,16.278,37.034,542.336666666667,5
2025-09-02 20:00:00,530.642,8.16733333333333,2.73933333333333,24.594,37.9513333333333,547.096666666667,4
2025-09-02 20:15:00,572.22,9.88266666666667,2.838,24.9386666666667,39.03,564.273333333333,4
2025-09-02 20:30:00,546.782666666667,9.22133333333333,2.93733333333333,24.5886666666667,41.1006666666667,567.944,4
2025-09-02 20:45:00,626.998,8.25933333333333,1.79,15.3006666666667,41.0633333333333,573.193333333333,4
2025-09-02 21:00:00,518.424666666667,8.40266666666667,1.85066666666667,22.1373333333333,42.9253333333333,572.977333333333,5
2025-09-02 21:15:00,517.477333333333,8.636,1.43533333333333,18.4213333333333,42.62,590.578,5
2025-09-02 21:30:00,581.987333333333,8.304,0.885333333333333,15.5193333333333,42.5093333333333,591.422,5
2025-09-02 21:45:00,511.638666666667,7.942,0.656,15.762,42.0833333333333,598.897333333333,5
2025-09-02 22:00:00,501.121333333333,8.22066666666667,0.513333333333333,16.9073333333333,42.796,603.675333333333,5
2025-09-02 22:15:00,490.951333333333,6.96466666666667,0.990666666666667,6.57066666666667,40.8973333333333,603.908,5
2025-09-02 22:30:00,453.658,6.73,1.00733333333333,11.4726666666667,39.5106666666667,609.904666666667,5
2025-09-02 22:45:00,472.073333333333,7.59533333333333,0.62,14.4973333333333,40.8593333333333,618.86,5
2025-09-02 23:00:00,480.164666666667,7.384,0.549333333333333,14.046,44.2013333333333,625.443333333333,5
2025-09-02 23:15:00,480.95,6.47266666666667,0.750666666666667,10.1993333333333,43.4833333333333,624.07,5
2025-09-02 23:30:00,474.377,6.593,0.693,11.137,43.542,640.001,5
2025-09-03,457.321333333333,4.91666666666667,1.66933333333333,1.47466666666667,43.8906666666667,628.045333333333,5
2025-09-03 00:15:00,454.854,5.326,1.52533333333333,12.974,52.7466666666667,624.047333333333,5
2025-09-03 00:30:00,479.401333333333,4.96,0.95,11.296,56.344,651.724666666667,6
2025-09-03 00:45:00,470.552,4.63733333333333,0.988,11.0046666666667,58.2906666666667,645.814,6
2025-09-03 01:00:00,467.333333333333,4.30066666666667,1.15533333333333,8.06466666666667,57.028,656.904666666667,6
2025-09-03 01:15:00,457.516,4.06666666666667,1.31333333333333,7.86533333333333,56.916,657.593333333333,6
2025-09-03 01:30:00,443.991333333333,3.858,1.48466666666667,7.67066666666667,54.9806666666667,659.312,6
2025-09-03 01:45:00,435.537333333333,3.788,1.626,6.61266666666667,54.48,666.684,6
2025-09-03 02:00:00,437.546,3.74933333333333,1.81533333333333,4.362,55.698,671.695333333333,6
2025-09-03 02:15:00,435.388666666667,3.68333333333333,1.89333333333333,6.132,55.2853333333333,669.286666666667,6
2025-09-03 02:30:00,412.982,3.496,2.044,6.492,51.3393333333333,662.228,6
2025-09-03 02:45:00,395.042666666667,3.44533333333333,2.162,7.48266666666667,47.0906666666667,658.246,6
2025-09-03 03:00:00,375.791333333333,3.4,2.13733333333333,7.77466666666667,44.62,656.976,5
2025-09-03 03:15:00,358.302,3.29,2.52733333333333,9.41,41.9213333333333,633.496666666667,5
2025-09-03 03:30:00,354.77,3.29666666666667,2.426,11.756,41.5406666666667,633.337333333333,5
2025-09-03 03:45:00,359.598666666667,3.32533333333333,2.44133333333333,11.2533333333333,40.666,641.309333333333,5
2025-09-03 04:00:00,357.8,3.306,2.60466666666667,10.5213333333333,40.5993333333333,649.903333333333,5
2025-09-03 04:15:00,353.505333333333,3.25733333333333,2.616,9.776,39.072,657.602,5
2025-09-03 04:30:00,355.434,3.29266666666667,2.76466666666667,9.16533333333333,39.0633333333333,661.167333333333,4
2025-09-03 04:45:00,352.348666666667,3.19066666666667,2.90333333333333,8.36866666666667,38.6413333333333,666.01,4
2025-09-03 05:00:00,346.534666666667,3.242,2.96466666666667,8.592,36.9526666666667,670.145333333333,4
2025-09-03 05:15:00,345.163333333333,3.27333333333333,3.17266666666667,5.84866666666667,36.1513333333333,680.776666666667,4
2025-09-03 05:30:00,344.728666666667,3.33466666666667,3.47,4.76666666666667,35.99,686.115333333333,4
2025-09-03 05:45:00,346.390666666667,3.31333333333333,3.318,5.61933333333333,35.7026666666667,683.360666666667,4
2025-09-03 06:00:00,344.514666666667,3.14533333333333,3.378,5.09466666666667,34.8946666666667,687.576666666667,4
2025-09-03 06:15:00,358.038666666667,3.17,3.61733333333333,4.086,35.192,692.708666666667,4
2025-09-03 06:30:00,362.408666666667,3.146,3.85,3.832,34.3033333333333,698.882,4
2025-09-03 06:45:00,372.938,3.03266666666667,9.18533333333333,3.62266666666667,34.314,703.774,4
2025-09-03 07:00:00,375.386,3.11466666666667,4.142,3.252,35.2053333333333,699.083333333333,4
2025-09-03 07:15:00,440.780666666667,3.15133333333333,4.20733333333333,3.81533333333333,34.1146666666667,697.992666666667,4
2025-09-03 07:30:00,375.879333333333,3.23066666666667,3.73866666666667,3.82666666666667,34.884,695.712,4
2025-09-03 07:45:00,388.852666666667,3.20933333333333,3.84866666666667,4.47466666666667,34.6553333333333,684.043333333333,4
2025-09-03 08:00:00,386.916666666667,3.29333333333333,3.35333333333333,3.492,36.594,666.554666666667,4
2025-09-03 08:15:00,372.338,3.554,4.206,1.80533333333333,38.9233333333333,655.932666666667,4
2025-09-03 08:30:00,363.940666666667,3.606,4.07066666666667,-0.766666666666667,40.548,645.277333333333,4
2025-09-03 08:45:00,345.130666666667,3.79533333333333,4.09266666666667,-1.00066666666667,41.906,617.414,4
2025-09-03 09:00:00,350.685333333333,3.776,5.032,-4.28133333333333,43.876,600.734,5
2025-09-03 09:15:00,326.907333333333,3.64133333333333,5.19133333333333,-0.731333333333333,44.4546666666667,586.161333333333,5
2025-09-03 09:30:00,313.454,3.86466666666667,5.73933333333333,-1.592,43.2866666666667,569.742666666667,5
2025-09-03 09:45:00,310.464666666667,5.11533333333333,5.74333333333333,0.368666666666667,44.1646666666667,557.102,5
2025-09-03 10:00:00,280.414,5.83266666666667,5.35533333333333,3.518,44.5666666666667,548.020666666667,5
2025-09-03 10:15:00,281.445333333333,6.24466666666667,4.566,5.00466666666667,45.1166666666667,540.538666666667,5
2025-09-03 10:30:00,276.088666666667,5.75466666666667,5.03133333333333,2.35133333333333,42.474,532.435333333333,5
2025-09-03 10:45:00,265.822,5.62133333333333,4.648,8.10533333333333,43.256,525.979333333333,5
2025-09-03 11:00:00,271.94,5.58333333333333,4.81066666666667,8.01866666666667,43.7833333333333,517.693333333333,5
2025-09-03 11:15:00,259.504,5.522,5.31066666666667,10.8386666666667,42.33,510.184666666667,5
2025-09-03 11:30:00,267.793333333333,5.54333333333333,4.52133333333333,14.1813333333333,41.904,509.223333333333,5
2025-09-03 11:45:00,255.185333333333,5.57,4.18066666666667,17.6566666666667,42.9573333333333,505.641333333333,5
2025-09-03 12:00:00,250.329333333333,5.628,6.262,19.7313333333333,42.3726666666667,499.37,5
2025-09-03 12:15:00,322.184666666667,5.346,2.73733333333333,28.4526666666667,43.666,497.674,5
2025-09-03 12:30:00,282.546,5.46666666666667,2.632,21.4426666666667,40.6873333333333,493.179333333333,5
2025-09-03 12:45:00,284.27,5.55,2.436,23.432,43.9146666666667,488.932,5
2025-09-03 13:00:00,256.260666666667,6.23933333333333,3.32866666666667,18.6846666666667,38.0533333333333,484.754666666667,5
2025-09-03 13:15:00,233.954,6.42666666666667,2.89466666666667,22.606,38.3633333333333,479.544,5
2025-09-03 13:30:00,231.728666666667,6.518,2.764,24.9113333333333,36.558,476.966,4
2025-09-03 13:45:00,264.13,6.162,2.42666666666667,27.4833333333333,38.71,471.314666666667,4
2025-09-03 14:00:00,225.243333333333,6.48933333333333,2.378,27.5233333333333,36.6746666666667,465.420666666667,4
2025-09-03 14:15:00,215.547333333333,6.82533333333333,2.42933333333333,26.038,33.6386666666667,461.139333333333,4
2025-09-03 14:30:00,222.930666666667,6.428,2.44066666666667,31.1453333333333,35.204,458.674,4
2025-09-03 14:45:00,240.431333333333,6.53466666666667,2.31466666666667,28.5286666666667,35.0393333333333,453.126666666667,4
2025-09-03 15:00:00,219.595333333333,6.53333333333333,2.30466666666667,27.306,33.3886666666667,448.099333333333,4
2025-09-03 15:15:00,212.866,6.56533333333333,2.28066666666667,30.464,34.774,444.623333333333,4
2025-09-03 15:30:00,221.365333333333,6.44066666666667,2.18933333333333,30.2646666666667,33.1493333333333,438.568,4
2025-09-03 15:45:00,232.618,6.37933333333333,2.06933333333333,29.6113333333333,33.122,432.858,4
2025-09-03 16:00:00,228.282,6.38533333333333,1.854,28.6573333333333,31.416,427.535333333333,4
2025-09-03 16:15:00,214.922,6.19,1.75733333333333,28.5766666666667,31.578,427.985333333333,4
2025-09-03 16:30:00,249.754666666667,6.30933333333333,1.87066666666667,28.5566666666667,31.164,426.338666666667,4
2025-09-03 16:45:00,263.9,6.23333333333333,2.10666666666667,25.9333333333333,27.71,428.956666666667,4
2025-09-03 17:00:00,294.448,6.528,2.47533333333333,26.1166666666667,31.0593333333333,431.631333333333,4
2025-09-03 17:15:00,295.115333333333,7.67,2.32866666666667,21.152,27.7566666666667,437.925333333333,4
2025-09-03 17:30:00,376.954,8.002,2.858,24.0126666666667,25.1926666666667,446.22,3
2025-09-03 17:45:00,403.512,9.92,3.298,32.224,24.0346666666667,460.474,3
2025-09-03 18:00:00,473.534666666667,10.8926666666667,3.71466666666667,34.1386666666667,24.5553333333333,471.803333333333,3
2025-09-03 18:15:00,523.412666666667,10.57,4.112,30.5273333333333,24.5086666666667,479.527333333333,3
2025-09-03 18:30:00,487.018,16.9526666666667,3.55333333333333,25.502,25.5993333333333,483.632,3
2025-09-03 18:45:00,550.348666666667,18.308,3.57866666666667,23.204,29.916,495.716,4
2025-09-03 19:00:00,553.512,11.774,4.00866666666667,25.036,28.1466666666667,507.310666666667,4
2025-09-03 19:15:00,571.854666666667,9.66933333333333,4.54333333333333,27.9,31.974,513.637333333333,4
2025-09-03 19:30:00,700.284666666667,12.3733333333333,3.99666666666667,25.6206666666667,35.8226666666667,529.022666666667,4
2025-09-03 19:45:00,1063.15733333333,11.2793333333333,4.19,23.6573333333333,41.3406666666667,539.606666666667,4
2025-09-03 20:00:00,664.821333333333,10.7393333333333,3.74,22.396,49.7226666666667,543.098666666667,4
2025-09-03 20:15:00,689.374666666667,10.6346666666667,3.356,24.1753333333333,54.29,554.734666666667,5
2025-09-03 20:30:00,746.630666666667,9.84866666666667,2.39066666666667,13.3353333333333,60.3573333333333,561.231333333333,6
2025-09-03 20:45:00,700.231333333333,9.27866666666667,2.43533333333333,20.2193333333333,65.1866666666667,556.605333333333,6
2025-09-03 21:00:00,701.112,9.262,1.69733333333333,13.2626666666667,62.7993333333333,566.088666666667,7
2025-09-03 21:15:00,669.191333333333,9.052,1.658,19.3153333333333,60.4426666666667,567.325333333333,7
2025-09-03 21:30:00,639.433333333333,8.89733333333333,1.13933333333333,15.2306666666667,56.3406666666667,582.96,7
2025-09-03 21:45:00,592.050666666667,8.55866666666667,0.768666666666667,16.224,49.3333333333333,585.768,6
2025-09-03 22:00:00,563.982666666667,8.19733333333333,0.567333333333333,15.1633333333333,45.858,594.763333333333,6
2025-09-03 22:15:00,592.763333333333,8.28133333333333,0.688666666666667,10.338,48.566,609.969333333333,6
2025-09-03 22:30:00,556.958,7.86266666666667,0.532666666666667,16.1686666666667,48.1433333333333,597.212,5
2025-09-03 22:45:00,586.542,7.478,0.844,8.88133333333333,52.8826666666667,615.969333333333,5
2025-09-03 23:00:00,511.027333333333,6.62,0.761333333333333,10.3606666666667,42.3586666666667,608.260666666667,5
2025-09-03 23:15:00,494.556,5.96533333333333,0.972666666666667,8.706,41.6786666666667,622.134,5
2025-09-03 23:30:00,515.251,6.244,1.148,8.74,47.382,633.857,5
2025-09-04,437.053333333333,5.03533333333333,1.03133333333333,9.562,34.982,637.583333333333,4
2025-09-04 00:15:00,411.968666666667,4.66733333333333,1.26866666666667,8.392,32.074,631.007333333333,4
2025-09-04 00:30:00,394.943333333333,4.444,1.32933333333333,10.562,30.7173333333333,624.921333333333,4
2025-09-04 00:45:00,375.392,4.21,1.502,8.172,28.3433333333333,636.678,4
2025-09-04 01:00:00,354.206666666667,3.94266666666667,1.82733333333333,7.70133333333333,26.4826666666667,629.232666666667,3
2025-09-04 01:15:00,346.398666666667,3.956,1.828,9.11266666666667,26.36,638.668666666667,3
2025-09-04 01:30:00,347.763333333333,3.85466666666667,1.838,9.406,27.4693333333333,636.684,3
2025-09-04 01:45:00,345.91,3.756,1.958,8.016,27.4793333333333,642.676,3
2025-09-04 02:00:00,341.034,3.74333333333333,1.96533333333333,8.34933333333333,26.6966666666667,645.380666666667,3
2025-09-04 02:15:00,335.444,3.67466666666667,2.10466666666667,6.438,26.782,661.601333333333,3
2025-09-04 02:30:00,335.412666666667,3.57666666666667,2.02533333333333,7.98066666666667,26.924,657.682666666667,3
2025-09-04 02:45:00,340.662,3.61066666666667,2.054,8.07533333333333,27.3486666666667,655.162,3
2025-09-04 03:00:00,339.558666666667,3.51266666666667,2.16066666666667,7.708,28.0246666666667,668.104,3
2025-09-04 03:15:00,341.909333333333,3.41133333333333,2.458,7.73533333333333,28.5753333333333,669.952,3
2025-09-04 03:30:00,342.545333333333,3.304,2.72933333333333,6.66133333333333,28.524,671.26,3
2025-09-04 03:45:00,338.639333333333,3.254,2.84666666666667,6.78133333333333,26.9706666666667,677.219333333333,3
2025-09-04 04:00:00,335.649333333333,3.224,3.01733333333333,5.56666666666667,26.484,683.482666666667,3
2025-09-04 04:15:00,336.892,3.13733333333333,3.432,4.13466666666667,27.764,690.909333333333,3
2025-09-04 04:30:00,338.174,3.08933333333333,3.286,6.61133333333333,27.7813333333333,681.299333333333,3
2025-09-04 04:45:00,333.5,2.988,3.468,4.86733333333333,27.0253333333333,690.371333333333,3
2025-09-04 05:00:00,334.604666666667,2.99533333333333,3.61066666666667,5.42066666666667,27.8146666666667,694.089333333333,3
2025-09-04 05:15:00,342.468,2.91533333333333,3.532,7.028,29.3446666666667,684.059333333333,3
2025-09-04 05:30:00,336.284666666667,2.70466666666667,3.94,4.414,29.1833333333333,699.036,3
2025-09-04 05:45:00,335.042,2.79866666666667,3.922,5.668,29.1026666666667,698.786666666667,3
2025-09-04 06:00:00,340.985333333333,2.77733333333333,3.854,5.72533333333333,28.7846666666667,698.858666666667,3
2025-09-04 06:15:00,344.171333333333,2.69666666666667,4.09266666666667,5.21933333333333,30.1753333333333,702.937333333333,3
2025-09-04 06:30:00,343.576,2.56,4.714,4.04866666666667,29.4793333333333,711.006666666667,3
2025-09-04 06:45:00,361.756666666667,2.68866666666667,4.29466666666667,4.73733333333333,30.282,705.162,3
2025-09-04 07:00:00,365.52,2.60733333333333,5.19666666666667,4.34266666666667,30.4453333333333,709.876,4
2025-09-04 07:15:00,399.227333333333,2.678,5.058,4.79733333333333,31,708.117333333333,4
2025-09-04 07:30:00,412.118,2.788,4.432,4.82866666666667,32.058,695.251333333333,4
2025-09-04 07:45:00,411.221333333333,3.252,5.22733333333333,5.78066666666667,35.828,676.11,4
2025-09-04 08:00:00,415.280666666667,4.148,19.8106666666667,-1.01,38.8573333333333,673.300666666667,4
2025-09-04 08:15:00,421.76,3.98,13.8133333333333,-2.03266666666667,42.7833333333333,662.766,4
2025-09-04 08:30:00,456.747333333333,4.02466666666667,12.428,-5.166,50.0046666666667,650.922,5
2025-09-04 08:45:00,453.458666666667,3.73066666666667,4.30933333333333,-1.90266666666667,57.844,625.42,5
2025-09-04 09:00:00,452.442,3.74066666666667,5.538,-3.966,67.2673333333333,599.355333333333,6
2025-09-04 09:15:00,499.716,3.724,5.704,-1.68933333333333,67.7066666666667,585.592,7
2025-09-04 09:30:00,500.655333333333,3.78133333333333,6.29733333333333,-4.75133333333333,65.8546666666667,568.882,7
2025-09-04 09:45:00,445.546,4.80133333333333,6.49333333333333,-1.258,63.8673333333333,549.144666666667,7
2025-09-04 10:00:00,420.932666666667,5.77666666666667,7.07466666666667,-3.086,63.4973333333333,534.258,7
2025-09-04 10:15:00,399.649333333333,5.81533333333333,6.18066666666667,0.474,63.9206666666667,526.356666666667,7
2025-09-04 10:30:00,960.426666666667,5.45333333333333,7.69666666666667,0.946666666666667,64.4073333333333,515.574,7
2025-09-04 10:45:00,444.653333333333,5.448,6.102,4.65466666666667,63.3673333333333,506.748666666667,7
2025-09-04 11:00:00,347.685333333333,5.45666666666667,5.91066666666667,6.38133333333333,61.47,496.848666666667,7
2025-09-04 11:15:00,702.55,5.474,6.39666666666667,7.36933333333333,61.454,491.516,7
2025-09-04 11:30:00,329.291333333333,5.63266666666667,5.42666666666667,11.8173333333333,60.3846666666667,489.806666666667,7
2025-09-04 11:45:00,394.347333333333,5.926,5.42933333333333,14.672,62.0626666666667,488.448666666667,7
2025-09-04 12:00:00,314.728666666667,6.36933333333333,4.408,16.406,61.6953333333333,482.596666666667,7
2025-09-04 12:15:00,303.655333333333,6.53,4.10533333333333,21.56,59.48,477.224666666667,7
2025-09-04 12:30:00,323.696666666667,5.97866666666667,3.14666666666667,25.712,61.5526666666667,474.132,7
2025-09-04 12:45:00,343.478,6.1,3.14,23.8653333333333,61.7586666666667,470.302,7
2025-09-04 13:00:00,326.283333333333,6.51266666666667,3.11533333333333,22.3013333333333,61.164,468.888,7
2025-09-04 13:15:00,355.223333333333,6.276,2.716,27.5886666666667,61.646,465.459333333333,7
2025-09-04 13:30:00,338.457333333333,6.94,2.84666666666667,23.2106666666667,57.678,462.031333333333,7
2025-09-04 13:45:00,320.191333333333,6.76066666666667,2.97133333333333,27.3093333333333,58.9453333333333,464.175333333333,6
2025-09-04 14:00:00,325.569333333333,7.04666666666667,2.64666666666667,25.5153333333333,56.6086666666667,456.081333333333,6
2025-09-04 14:15:00,322.879333333333,6.67933333333333,2.51066666666667,27.0006666666667,55.8686666666667,452.998,6
2025-09-04 14:30:00,282.562666666667,6.70933333333333,2.34066666666667,28.9093333333333,50.6373333333333,449.474,6
2025-09-04 14:45:00,290.334,6.666,2.28266666666667,31.2886666666667,55.3866666666667,444.984666666667,6
2025-09-04 15:00:00,280.625333333333,6.38933333333333,1.97466666666667,29.7473333333333,51.8833333333333,441.442666666667,6
2025-09-04 15:15:00,291.902666666667,6.46133333333333,2.23666666666667,31.9646666666667,56.2686666666667,437.54,6
2025-09-04 15:30:00,308.852666666667,6.56,2.426,33.672,55.8346666666667,432.970666666667,6
2025-09-04 15:45:00,339.348,6.54666666666667,2.29733333333333,33.3806666666667,56.438,428.307333333333,6
2025-09-04 16:00:00,371.627333333333,6.98133333333333,2.56933333333333,34.54,54.5833333333333,422.709333333333,6
2025-09-04 16:15:00,378.756,6.78133333333333,2.47866666666667,32.0653333333333,53.1706666666667,420.55,6
2025-09-04 16:30:00,376.47,6.57666666666667,2.46933333333333,29.202,52.9326666666667,422.525333333333,6
2025-09-04 16:45:00,505.62,6.93333333333333,2.52333333333333,28.9566666666667,53.96,423.013333333333,6
2025-09-04 17:00:00,385.514666666667,6.56866666666667,2.68466666666667,26.6326666666667,55.3766666666667,429.872666666667,6
2025-09-04 17:15:00,447.480666666667,7.608,2.56133333333333,19.2746666666667,58.6626666666667,440.287333333333,6
2025-09-04 17:30:00,467.768,8,2.65866666666667,26.6606666666667,58.304,445.641333333333,6
2025-09-04 17:45:00,655.715333333333,9.948,3.27533333333333,35.1386666666667,70.7293333333333,458.61,7
2025-09-04 18:00:00,628.906666666667,10.4653333333333,3.63666666666667,34.4793333333333,60.9586666666667,468.824,7
2025-09-04 18:15:00,630.692,16.4466666666667,3.87666666666667,34.4106666666667,57.9546666666667,478.997333333333,7
2025-09-04 18:30:00,649.053333333333,13.4313333333333,3.972,29.2793333333333,60.1553333333333,486.312,7
2025-09-04 18:45:00,627.062666666667,10.2826666666667,3.77133333333333,27.7326666666667,53.6866666666667,494.158666666667,6
2025-09-04 19:00:00,660.334,11.2266666666667,3.95533333333333,26.1706666666667,53.784,502.902,6
2025-09-04 19:15:00,741.699333333333,8.30333333333333,3.32533333333333,22.798,54.806,510.154,6
2025-09-04 19:30:00,1242.44733333333,11.0873333333333,3.852,25.3166666666667,56.6786666666667,526.366666666667,6
2025-09-04 19:45:00,847.223333333333,12.0686666666667,3.66866666666667,24.2893333333333,56.914,533.816666666667,6
2025-09-04 20:00:00,1172.28066666667,12.0573333333333,4.05133333333333,27.996,67.7946666666667,540.023333333333,6
2025-09-04 20:15:00,1015.60933333333,9.99733333333333,3.66533333333333,26.2066666666667,76.278,540.61,7
2025-09-04 20:30:00,996.616,8.69133333333333,2.64866666666667,21.846,78.8646666666667,540.192666666667,7
2025-09-04 20:45:00,793.081333333333,7.35733333333333,2.05,16.2026666666667,74.638,549.843333333333,8
2025-09-04 21:00:00,833.68,7.69266666666667,1.754,23.296,79.294,555.89,8
2025-09-04 21:15:00,829.858666666667,7.276,1.34333333333333,18.7306666666667,76.742,558.500666666667,8
2025-09-04 21:30:00,768.472666666667,7.38266666666667,1.10066666666667,17.2786666666667,72.8253333333333,567.799333333333,8
2025-09-04 21:45:00,774.063333333333,7.15866666666667,0.574,17.3986666666667,73.6793333333333,573.555333333333,8
2025-09-04 22:00:00,761.277333333333,7.13466666666667,0.62,15.2633333333333,73.102,586.34,8
2025-09-04 22:15:00,843.516666666667,7.51933333333333,0.849333333333333,12.0233333333333,70.9853333333333,596.230666666667,8
2025-09-04 22:30:00,727.492,6.46866666666667,0.762,13.4746666666667,68.4286666666667,604.068666666667,8
2025-09-04 22:45:00,626.153333333333,6.07,0.742666666666667,16.7706666666667,66.3053333333333,592.345333333333,7
2025-09-04 23:00:00,605.486666666667,5.67666666666667,0.861333333333333,16.6873333333333,66.412,592.104666666667,7
2025-09-04 23:15:00,596.543333333333,5.526,0.936666666666667,16.1713333333333,66.6186666666667,594.256,7
2025-09-04 23:30:00,591.388666666667,5.328,0.96,17.034,63.692,593.372666666667,7
2025-09-04 23:45:00,582.816666666667,5.28333333333333,1.14666666666667,12.6133333333333,63.0566666666667,606.896666666667,7
2025-09-05,0.574369333333333,4.904,1.204,13.946,61.4193333333333,606.59,7
2025-09-05 00:15:00,0.559770666666667,4.66266666666667,1.38,11.9573333333333,60.2993333333333,617.615333333333,7
2025-09-05 00:30:00,0.550381333333333,4.544,1.45133333333333,12.2346666666667,60.5686666666667,622.078666666667,7
2025-09-05 00:45:00,0.530429333333333,4.27,1.63933333333333,10.736,57.0273333333333,622.122,6
2025-09-05 01:00:00,0.499448,4.05933333333333,1.866,9.69266666666667,54.4026666666667,624.102666666667,6
2025-09-05 01:15:00,0.484171333333333,4.00666666666667,1.946,10.6066666666667,53.7926666666667,628.228666666667,6
2025-09-05 01:30:00,0.471481333333333,3.9,2.00333333333333,10.2046666666667,52.2533333333333,630.172,6
2025-09-05 01:45:00,0.451503333333333,3.804,2.16266666666667,10.5586666666667,50.876,630.734666666667,6
2025-09-05 02:00:00,0.443960666666667,3.744,2.24466666666667,10.9513333333333,49.102,630.182,6
2025-09-05 02:15:00,0.441398,3.76466666666667,2.222,10.7246666666667,48.794,637.906,6
2025-09-05 02:30:00,0.441419333333333,3.718,2.18933333333333,11.0386666666667,48.6233333333333,636.668666666667,5
2025-09-05 02:45:00,0.439958666666667,3.668,2.208,10.2266666666667,48.3166666666667,644.234,5
2025-09-05 03:00:00,0.438872666666667,3.778,2.02933333333333,11.7293333333333,47.7373333333333,643.382666666667,5
2025-09-05 03:15:00,0.434224666666667,3.57333333333333,2.14066666666667,10.0793333333333,47.2673333333333,648.104,5
2025-09-05 03:30:00,0.433114,3.518,2.196,9.612,45.8186666666667,652.03,5
2025-09-05 03:45:00,0.426864666666667,3.444,2.39733333333333,8.36333333333333,45.1073333333333,663.24,5
2025-09-05 04:00:00,0.422290666666667,3.372,2.606,7.51066666666667,43.7546666666667,671.052,5
2025-09-05 04:15:00,0.418790666666667,3.30666666666667,2.71933333333333,7.798,43.974,674.561333333333,5
2025-09-05 04:30:00,0.416043333333333,3.334,2.78666666666667,8.07266666666667,44.4753333333333,678.456,5
2025-09-05 04:45:00,0.412215333333333,3.184,3.054,5.852,43.3746666666667,687.784666666667,5
2025-09-05 05:00:00,0.411946,3.216,3.02333333333333,6.54333333333333,42.9006666666667,689.288,5
2025-09-05 05:15:00,0.408966666666667,3.05533333333333,3.28733333333333,5.50133333333333,43.272,693.373333333333,5
2025-09-05 05:30:00,0.404262666666667,3.10866666666667,3.21266666666667,6.538,41.792,693.126,5
2025-09-05 05:45:00,0.413614666666667,3.21133333333333,5.08266666666667,4.68666666666667,40.9006666666667,701.082,5
2025-09-05 06:00:00,0.409648666666667,3.098,4.218,4.03466666666667,41.874,703.958666666667,5
2025-09-05 06:15:00,0.416460666666667,3.13,4.17466666666667,4.32666666666667,40.5293333333333,700.088,5
2025-09-05 06:30:00,0.435843333333333,3.02466666666667,3.73466666666667,4.56733333333333,40.6126666666667,704.408,5
2025-09-05 06:45:00,0.415353333333333,2.99533333333333,3.93733333333333,4.88666666666667,40.136,705.121333333333,5
2025-09-05 07:00:00,0.410508666666667,2.97066666666667,3.824,6.402,40.128,700.256666666667,5
2025-09-05 07:15:00,0.443985333333333,3.02133333333333,3.89666666666667,5.46,39.4533333333333,692.266666666667,5
2025-09-05 07:30:00,0.453039333333333,3.148,4.21933333333333,3.81266666666667,40.4206666666667,690.892,5
2025-09-05 07:45:00,0.515436,3.626,9.57266666666667,1.86533333333333,41.0973333333333,687.304666666667,5
2025-09-05 08:00:00,0.471150666666667,3.32666666666667,5.39733333333333,1.662,43.4513333333333,677.556666666667,5
2025-09-05 08:15:00,0.550014,3.68666666666667,6.608,-0.863333333333333,46.812,672.488666666667,5
2025-09-05 08:30:00,0.473434666666667,3.632,4.82333333333333,-3.02466666666667,49.5793333333333,655.698666666667,5
2025-09-05 08:45:00,0.520302666666667,3.70866666666667,4.56,-2.05933333333333,55.1106666666667,632.736,5
2025-09-05 09:00:00,0.434241333333333,3.786,4.28466666666667,0.874666666666667,60.8273333333333,612.636666666667,6
2025-09-05 09:15:00,0.454888666666667,3.88066666666667,4.68466666666667,-2.05666666666667,68.0433333333333,595.990666666667,6
2025-09-05 09:30:00,0.480086666666667,3.816,5.19866666666667,-2.228,70.212,588.218,7
2025-09-05 09:45:00,0.457221333333333,3.73533333333333,5.228,-2.664,78.6206666666667,574.922666666667,7
2025-09-05 10:00:00,0.476278666666667,4.11866666666667,6.63733333333333,-3.072,85.146,553.207333333333,8
2025-09-05 10:15:00,0.497006666666667,5.06466666666667,8.13666666666667,-1.952,86.9573333333333,543.918,9
2025-09-05 10:30:00,0.478174666666667,5.688,8.406,-2.42333333333333,88.144,530.268,9
2025-09-05 10:45:00,0.45924,6.00133333333333,6.24933333333333,7.53666666666667,99.23,524.061333333333,9
2025-09-05 11:00:00,0.470802,5.78133333333333,6.14266666666667,5.728,89.2793333333333,518.794,10
2025-09-05 11:15:00,0.456848666666667,5.82666666666667,4.88733333333333,12.8813333333333,85.3986666666667,515.250666666667,10
2025-09-05 11:30:00,0.496633333333333,5.84933333333333,4.39266666666667,11.7626666666667,87.6426666666667,511.606666666667,10
2025-09-05 11:45:00,0.489086666666667,5.556,4.48733333333333,12.6786666666667,88.678,507.616,9
2025-09-05 12:00:00,0.485655333333333,5.45866666666667,4.048,17.2713333333333,81.6193333333333,503.192,9
2025-09-05 12:15:00,0.479916666666667,5.56533333333333,3.216,21.3413333333333,84.0286666666667,499.418666666667,9
2025-09-05 12:30:00,0.476732666666667,5.38866666666667,3.51533333333333,18.9013333333333,71.5846666666667,494.984666666667,9
2025-09-05 12:45:00,0.462372666666667,5.41333333333333,2.95333333333333,23.792,83.8866666666667,490.89,9
2025-09-05 13:00:00,0.448544666666667,5.288,3.098,20.9713333333333,73.8306666666667,486.239333333333,8
2025-09-05 13:15:00,0.442725333333333,5.24066666666667,3.006,22.4393333333333,78.9046666666667,483.094,8
2025-09-05 13:30:00,0.458410666666667,5.33533333333333,2.74466666666667,24.6893333333333,82.356,476.886,8
2025-09-05 13:45:00,0.447779333333333,5.45933333333333,2.88666666666667,21.11,80.3706666666667,472.269333333333,8
2025-09-05 14:00:00,0.417146,5.70866666666667,3.042,24.3573333333333,78.818,473.562,9
2025-09-05 14:15:00,0.435169333333333,5.74533333333333,2.69266666666667,25.6506666666667,76.526,469.258666666667,8
2025-09-05 14:30:00,0.461632666666667,5.82,2.46333333333333,27.5226666666667,76.6053333333333,468.438666666667,8
2025-09-05 14:45:00,0.44999,6.16133333333333,2.142,32.6306666666667,73.4033333333333,460.674,8
2025-09-05 15:00:00,0.468972666666667,6.03266666666667,1.974,31.344,74.5473333333333,459.702666666667,8
2025-09-05 15:15:00,0.47497,5.95866666666667,2.00733333333333,29.108,74.8353333333333,463.966,8
2025-09-05 15:30:00,0.461959333333333,6.016,2.02866666666667,25.344,70.606,460.818666666667,8
2025-09-05 15:45:00,0.449358666666667,5.98266666666667,2.02533333333333,23.9253333333333,68.7113333333333,456.515333333333,8
2025-09-05 16:00:00,0.429581333333333,5.82533333333333,2.15266666666667,18.1386666666667,68.7746666666667,461.910666666667,8
2025-09-05 16:15:00,0.437260666666667,5.87266666666667,2.122,22.1593333333333,67.9173333333333,465.765333333333,7
2025-09-05 16:30:00,0.417772666666667,5.89933333333333,2.334,25.188,66.2026666666667,466.36,7
2025-09-05 16:45:00,0.411316666666667,5.91,2.23333333333333,27.2166666666667,67.2666666666667,468.423333333333,7
2025-09-05 17:00:00,0.437704,6.03666666666667,2.36666666666667,28.1933333333333,65.8946666666667,466.022,7
2025-09-05 17:15:00,0.439391333333333,6.13066666666667,2.41866666666667,31.9553333333333,65.48,466.175333333333,7
2025-09-05 17:30:00,0.479902,6.36533333333333,2.55333333333333,31.9653333333333,63.4046666666667,469.964,7
2025-09-05 17:45:00,0.512551333333333,6.39866666666667,2.63133333333333,33.976,68.096,472.566,7
2025-09-05 18:00:00,0.521108666666667,6.24866666666667,2.74066666666667,33.522,68.8986666666667,477.255333333333,7
2025-09-05 18:15:00,0.538340666666667,5.786,2.81133333333333,36.4866666666667,72.6926666666667,480.547333333333,7
2025-09-05 18:30:00,0.533499333333333,5.63,2.79666666666667,32.0346666666667,78.1933333333333,483.639333333333,8
2025-09-05 18:45:00,0.545279333333333,5.74933333333333,2.84466666666667,34.7006666666667,81.9873333333333,487.542,8
2025-09-05 19:00:00,0.569673333333333,5.57266666666667,2.80866666666667,37.188,80.7646666666667,490.578,8
2025-09-05 19:15:00,0.573854,5.57466666666667,2.75533333333333,37.4733333333333,84.5686666666667,491.893333333333,9
2025-09-05 19:30:00,0.576235333333333,5.626,2.8,38.85,83.8113333333333,495.467333333333,9
2025-09-05 19:45:00,0.606751333333333,5.67733333333333,2.78666666666667,39.8126666666667,85.6586666666667,494.503333333333,9
2025-09-05 20:00:00,0.621096,5.692,2.724,39.3933333333333,96.2686666666667,494.656,9
2025-09-05 20:15:00,0.625677333333333,5.73533333333333,2.70933333333333,40.4713333333333,88.8553333333333,500.428,9
2025-09-05 20:30:00,0.587502,5.65133333333333,2.63133333333333,37.8533333333333,79.7226666666667,503.36,9
2025-09-05 20:45:00,0.597657333333333,5.518,2.64466666666667,37.738,78.6726666666667,504.621333333333,9
2025-09-05 21:00:00,0.576458666666667,5.544,2.634,38.0153333333333,75.114,515.437333333333,9
2025-09-05 21:15:00,0.581634,5.98066666666667,2.478,36.4793333333333,72.126,526.277333333333,8
2025-09-05 21:30:00,0.584441333333333,6.668,2.00333333333333,34.4733333333333,70.122,537.51,8
2025-09-05 21:45:00,0.596719333333333,6.892,1.53,30.8553333333333,73.05,550.695333333333,8
2025-09-05 22:00:00,0.593814,6.952,1.18533333333333,29.254,74.296,554.011333333333,8
2025-09-05 22:15:00,0.590638,7.16333333333333,0.894,26.6906666666667,72.734,561.896,8
2025-09-05 22:30:00,0.584225333333333,7.33,0.576,23.65,68.632,574.286666666667,8
2025-09-05 22:45:00,0.578019333333333,7.32666666666667,0.530666666666667,22.588,68.556,577.289333333333,8
2025-09-05 23:00:00,0.568938666666667,6.754,0.567333333333333,21.3313333333333,67.5133333333333,579.258,7
2025-09-05 23:15:00,0.579876,6.13666666666667,0.74,15.0693333333333,69.7146666666667,593.542,7
2025-09-05 23:30:00,0.578345333333333,6.03733333333333,0.828,16.8786666666667,73.128,601.410666666667,7
2025-09-05 23:45:00,0.551633333333333,6.00666666666667,0.703333333333333,16.5033333333333,66.0333333333333,601.516666666667,7
2025-09-06,0.540154666666667,5.44933333333333,0.856666666666667,13.8926666666667,65.0733333333333,609.273333333333,7
2025-09-06 00:15:00,0.528148666666667,5.25533333333333,0.965333333333333,12.2073333333333,63.3073333333333,619.446,7
2025-09-06 00:30:00,0.525966666666667,5.15666666666667,1.04666666666667,12.0693333333333,63.412,622.642,7
2025-09-06 00:45:00,0.525448666666667,4.82066666666667,1.174,11.7,64.5,621.228,7
2025-09-06 01:00:00,0.529678,4.69533333333333,1.29533333333333,10.418,65.342,626.552,7
2025-09-06 01:15:00,0.521806666666667,4.47733333333333,1.38266666666667,10.0466666666667,64.3266666666667,631.554666666667,7
2025-09-06 01:30:00,0.52424,4.39266666666667,1.54333333333333,10.5806666666667,67.1313333333333,629.789333333333,7
2025-09-06 01:45:00,0.524748666666667,4.26533333333333,1.64866666666667,9.528,66.7953333333333,631.369333333333,7
2025-09-06 02:00:00,0.516588666666667,4.13066666666667,1.74466666666667,9.27666666666667,67.3966666666667,637.914,7
2025-09-06 02:15:00,0.511932,3.99933333333333,1.836,8.81866666666667,66.0146666666667,641.952,7
2025-09-06 02:30:00,0.501984,3.94933333333333,1.90733333333333,7.93466666666667,64.604,650.456,7
2025-09-06 02:45:00,0.515385333333333,3.878,2.00866666666667,8.42733333333333,67.1953333333333,641.992666666667,7
2025-09-06 03:00:00,0.510272,3.82333333333333,1.92733333333333,10.0146666666667,68.7033333333333,645.140666666667,7
2025-09-06 03:15:00,0.490697333333333,3.762,1.902,9.20066666666667,63.4846666666667,662.019333333333,7
2025-09-06 03:30:00,0.490559333333333,3.79066666666667,1.86533333333333,8.39866666666667,62.0386666666667,668.491333333333,7
2025-09-06 03:45:00,0.498105333333333,3.69866666666667,1.88733333333333,7.648,61.4553333333333,663.382666666667,7
2025-09-06 04:00:00,0.491914666666667,3.57133333333333,2.02933333333333,5.73866666666667,60.802,669.502666666667,7
2025-09-06 04:15:00,0.488991333333333,3.59466666666667,2.12733333333333,5.30333333333333,59.6866666666667,669.872,7
2025-09-06 04:30:00,0.482942,3.51933333333333,2.21866666666667,4.736,59.0213333333333,679.228,7
2025-09-06 04:45:00,0.480058666666667,3.416,2.18333333333333,5.08666666666667,59.672,682.391333333333,6
2025-09-06 05:00:00,0.488893333333333,3.43266666666667,2.292,5.75266666666667,59.0566666666667,682.928,6
2025-09-06 05:15:00,0.480153333333333,3.38733333333333,2.40266666666667,4.89333333333333,58.81,689.136,6
2025-09-06 05:30:00,0.478652,3.38933333333333,2.54333333333333,4.99933333333333,57.6953333333333,694.596,6
2025-09-06 05:45:00,0.472926666666667,3.32133333333333,2.586,5.4,57.47,694.942,6
2025-09-06 06:00:00,0.461918666666667,3.16466666666667,3.02,2.25733333333333,56.0686666666667,712.959333333333,6
2025-09-06 06:15:00,0.464498666666667,3.206,2.93,4.336,55.2186666666667,709.498666666667,6
2025-09-06 06:30:00,0.458147333333333,3.22266666666667,3.03333333333333,3.76466666666667,55.3566666666667,720.033333333333,6
2025-09-06 06:45:00,0.460846,3.23066666666667,3.072,4.586,54.7313333333333,716.580666666667,6
2025-09-06 07:00:00,0.453331333333333,3.09933333333333,3.31333333333333,2.06266666666667,53.81,725.871333333333,6
2025-09-06 07:15:00,0.450097333333333,3.07533333333333,3.42466666666667,2.56333333333333,53.7913333333333,730.351333333333,6
2025-09-06 07:30:00,0.451406,3.09733333333333,3.534,3.14066666666667,54.2786666666667,729.805333333333,6
2025-09-06 07:45:00,0.466570666666667,3.186,2.95466666666667,5.17266666666667,53.442,705.434666666667,6
2025-09-06 08:00:00,0.495848666666667,3.3,3.49333333333333,2.01866666666667,54.6793333333333,710.286,6
2025-09-06 08:15:00,0.523626,3.45933333333333,3.72066666666667,-0.752666666666667,60.36,703.724666666667,6
2025-09-06 08:30:00,0.540386666666667,3.44066666666667,4.088,-1.934,67.044,685.216666666667,6
2025-09-06 08:45:00,0.523232666666667,3.52533333333333,3.01333333333333,0.682666666666667,70.8953333333333,661.61,7
2025-09-06 09:00:00,0.514202,3.67333333333333,3.91733333333333,0.507333333333333,73.0573333333333,643.615333333333,7
2025-09-06 09:15:00,0.507334666666667,3.90266666666667,3.44066666666667,0.0226666666666667,75.8846666666667,633.376666666667,8
2025-09-06 09:30:00,0.543454,3.89933333333333,4.384,-1.75266666666667,85.4726666666667,611.986,8
2025-09-06 09:45:00,0.56529,3.934,4.412,0.350666666666667,95.6253333333333,592.176666666667,9
2025-09-06 10:00:00,0.578998666666667,4.02066666666667,4.516,0.433333333333333,94.3933333333333,589.455333333333,9
2025-09-06 10:15:00,0.661334666666667,4.086,6.938,-0.0166666666666667,102.519333333333,577.305333333333,10
2025-09-06 10:30:00,0.672622,3.76533333333333,4.96066666666667,-2.08533333333333,117.528,561.126,11
2025-09-06 10:45:00,0.823068,4.558,6.34866666666667,-4.35333333333333,157.168666666667,547.668,12
2025-09-06 11:00:00,0.979947333333333,5.502,6.98066666666667,0.28,181.932666666667,541.806,14
2025-09-06 11:15:00,0.999478666666667,6.138,6.452,4.006,195.154666666667,535.656666666667,17
2025-09-06 11:30:00,1.02293066666667,6.34,6.06533333333333,5.32466666666667,197.414666666667,529.144,19
2025-09-06 11:45:00,1.189746,6.33866666666667,5.87666666666667,7.78533333333333,220.401333333333,522.807333333333,20
2025-09-06 12:00:00,1.210162,6.09666666666667,5.712,9.77133333333333,226.756666666667,517.758,21
2025-09-06 12:15:00,1.28372533333333,5.74866666666667,6.86866666666667,6.382,230.504,512.088666666667,22
2025-09-06 12:30:00,1.32488466666667,5.67666666666667,5.88933333333333,14.5593333333333,231.493333333333,513.020666666667,23
2025-09-06 12:45:00,1.24848533333333,5.59533333333333,5.27333333333333,17.1186666666667,221.367333333333,510.505333333333,23
2025-09-06 13:00:00,1.23057666666667,5.61733333333333,4.52933333333333,20.7573333333333,220.336666666667,504.717333333333,23
2025-09-06 13:15:00,1.06643533333333,5.656,4.03533333333333,21.422,196.093333333333,500.921333333333,22
2025-09-06 13:30:00,0.966178,5.43466666666667,4.22866666666667,21.932,183.032666666667,497.787333333333,21
2025-09-06 13:45:00,0.815966666666667,5.402,3.59066666666667,24.9313333333333,153.956,496.591333333333,19
2025-09-06 14:00:00,0.731238666666667,5.47666666666667,3.20333333333333,25.3026666666667,132.438666666667,495.307333333333,17
2025-09-06 14:15:00,0.746615333333333,5.46866666666667,2.648,28.312,123.314,492.359333333333,15
2025-09-06 14:30:00,0.78703,5.51,2.356,30.0793333333333,157.167333333333,491.453333333333,15
2025-09-06 14:45:00,1.83061466666667,5.566,3.72533333333333,29.798,375.882,499.497333333333,20
2025-09-06 15:00:00,1.87644133333333,5.62733333333333,3.94266666666667,31.7873333333333,360.342,501.923333333333,26
2025-09-06 15:15:00,1.42295333333333,5.59,3.418,33.006,287.144,499.57,30
2025-09-06 15:30:00,1.329384,5.538,3.06733333333333,33.7293333333333,270.396,493.692666666667,33
2025-09-06 15:45:00,1.31515266666667,5.584,2.73066666666667,35.602,264.199333333333,489.516,30
2025-09-06 16:00:00,1.327768,5.59266666666667,2.62066666666667,36.0673333333333,265.810666666667,490.088,28
2025-09-06 16:15:00,1.28110733333333,5.55733333333333,2.19933333333333,34.804,249.138,489.242666666667,27
2025-09-06 16:30:00,1.31719666666667,5.614,2.48933333333333,33.4353333333333,260.727333333333,491.194666666667,26
2025-09-06 16:45:00,1.33793666666667,5.67,2.16666666666667,33.7833333333333,267.116666666667,492.71,27
2025-09-06 17:00:00,1.387894,5.62266666666667,1.83466666666667,36.5433333333333,258.19,497.650666666667,26
2025-09-06 17:15:00,1.31191933333333,5.59266666666667,1.796,37.1313333333333,235.930666666667,498.414,26
2025-09-06 17:30:00,1.048618,5.59733333333333,1.89066666666667,41.1293333333333,179.262666666667,498.879333333333,24
2025-09-06 17:45:00,0.872391333333333,5.496,1.936,42.278,134.316,498.172,21
2025-09-06 18:00:00,0.780305333333333,5.396,1.96666666666667,42.938,111.114,500.717333333333,17
2025-09-06 18:15:00,0.762214,5.32933333333333,1.956,41.596,101.498,501.160666666667,14
2025-09-06 18:30:00,0.719747333333333,5.13466666666667,1.95733333333333,41.782,101.714666666667,503.376,12
2025-09-06 18:45:00,0.671243333333333,5.05933333333333,1.93866666666667,42.164,80.5333333333333,503.640666666667,12
2025-09-06 19:00:00,0.658464,4.98866666666667,1.93133333333333,43.4786666666667,83.9233333333333,503.368,11
2025-09-06 19:15:00,0.646008666666667,4.974,1.926,45.8146666666667,85.2793333333333,502.862,10
2025-09-06 19:30:00,0.589568,4.97333333333333,1.92266666666667,48.1273333333333,73.4646666666667,503.328,10
2025-09-06 19:45:00,0.551756,4.954,1.89666666666667,49.042,59.596,505.037333333333,9
2025-09-06 20:00:00,0.545131333333333,4.95733333333333,1.89,48.6273333333333,61.8226666666667,506.194666666667,8
2025-09-06 20:15:00,0.550869333333333,4.934,1.87,47.412,65.132,507.198,7
2025-09-06 20:30:00,0.579519333333333,5.004,1.84,46.592,69.9513333333333,509.309333333333,7
2025-09-06 20:45:00,0.598655333333333,4.998,1.81266666666667,46.164,71.4593333333333,509.294666666667,7
2025-09-06 21:00:00,0.599969333333333,5.12066666666667,1.79333333333333,45.164,78.196,512.081333333333,8
2025-09-06 21:15:00,0.632642666666667,5.33733333333333,1.766,41.1693333333333,84.374,516.915333333333,8
2025-09-06 21:30:00,0.625218666666667,5.48666666666667,1.74333333333333,41.5073333333333,86.642,518.664,9
2025-09-06 21:45:00,0.600354,5.57666666666667,1.724,40.5686666666667,77.2166666666667,519.539333333333,9
2025-09-06 22:00:00,0.584155333333333,5.59933333333333,1.692,39.0446666666667,69.4646666666667,521.233333333333,8
2025-09-06 22:15:00,0.555525333333333,5.52,1.64933333333333,40.15,62.7593333333333,518.769333333333,8
2025-09-06 22:30:00,0.533052666666667,5.67866666666667,1.63066666666667,43.4,57.036,522.102,7
2025-09-06 22:45:00,0.545340666666667,5.486,1.56866666666667,36.0926666666667,63.354,524.871333333333,7
2025-09-06 23:00:00,0.524734666666667,5.71533333333333,1.57866666666667,39.5026666666667,58.5273333333333,525.528666666667,7
2025-09-06 23:15:00,0.530512,5.77133333333333,1.46133333333333,36.5986666666667,56.404,529.150666666667,6
2025-09-06 23:30:00,0.526899333333333,5.87066666666667,1.35,34.9966666666667,54.2993333333333,532.5,6
2025-09-06 23:45:00,0.533233333333333,6.12666666666667,1.27333333333333,38.75,57.0966666666667,531.496666666667,6
2025-09-07,0.509925333333333,5.60666666666667,1.09066666666667,34.0853333333333,55.2673333333333,534.459333333333,6
2025-09-07 00:15:00,0.493036666666667,5.64666666666667,1.132,33.7566666666667,48.9846666666667,536.080666666667,6
2025-09-07 00:30:00,0.489772,5.64733333333333,1.10466666666667,32.3133333333333,49.2833333333333,539.140666666667,6
2025-09-07 00:45:00,0.496128666666667,5.568,1.172,31.3006666666667,48.952,542.69,6
2025-09-07 01:00:00,0.492887333333333,5.55066666666667,1.29333333333333,28.8353333333333,51.0486666666667,547.033333333333,5
2025-09-07 01:15:00,0.485121333333333,5.448,1.42333333333333,28.7673333333333,49.516,545.5,5
2025-09-07 01:30:00,0.490028666666667,5.32866666666667,1.476,27.8266666666667,47.9293333333333,548.592,5
2025-09-07 01:45:00,0.481828666666667,5.23,1.57666666666667,27.3233333333333,47.5693333333333,548.752666666667,5
2025-09-07 02:00:00,0.482220666666667,5.14533333333333,1.66933333333333,27.7793333333333,48.0653333333333,550.591333333333,5
2025-09-07 02:15:00,0.478382666666667,5.056,1.71266666666667,27.0586666666667,45.94,551.257333333333,5
2025-09-07 02:30:00,0.477651333333333,5.00066666666667,1.80666666666667,28.108,45.0533333333333,547.98,5
2025-09-07 02:45:00,0.473394666666667,4.932,1.926,27.3673333333333,47.2646666666667,550.494,5
2025-09-07 03:00:00,0.475849333333333,4.876,1.95866666666667,26.922,48.936,550.734666666667,5
2025-09-07 03:15:00,0.479403333333333,4.85666666666667,1.95466666666667,28.8526666666667,51.12,549.466666666667,5
2025-09-07 03:30:00,0.48931,4.83333333333333,2.03466666666667,28.7006666666667,53.3966666666667,549.98,6
2025-09-07 03:45:00,0.496758666666667,4.85,2.174,27.97,51.2686666666667,547.186,6
2025-09-07 04:00:00,0.48924,4.85266666666667,2.18266666666667,27.4586666666667,54.0566666666667,544.979333333333,6
2025-09-07 04:15:00,0.481229333333333,4.78333333333333,2.25466666666667,26.0766666666667,52.7293333333333,548.262666666667,6
2025-09-07 04:30:00,0.481056666666667,4.81133333333333,2.25333333333333,27.238,52.6186666666667,549.618666666667,6
2025-09-07 04:45:00,0.471423333333333,4.79066666666667,2.27533333333333,27.0053333333333,51.5686666666667,548.944,6
2025-09-07 05:00:00,0.487118,4.83866666666667,2.31466666666667,25.398,54.884,552.060666666667,6
2025-09-07 05:15:00,0.497724666666667,4.752,2.31866666666667,25.1886666666667,58.0173333333333,557.647333333333,6
2025-09-07 05:30:00,0.499965333333333,4.728,2.36466666666667,25.3506666666667,56.366,560.209333333333,6
2025-09-07 05:45:00,0.520109333333333,4.78733333333333,2.36066666666667,26.082,63.6406666666667,555.417333333333,6
2025-09-07 06:00:00,0.503139333333333,4.77,2.43666666666667,25.348,58.454,553.690666666667,6
2025-09-07 06:15:00,0.496086,4.744,2.35666666666667,25.29,56.4686666666667,551.948,6
2025-09-07 06:30:00,0.474642,4.75133333333333,2.39866666666667,24.948,54.9906666666667,554.813333333333,6
2025-09-07 06:45:00,0.500658,4.48733333333333,2.41266666666667,20.9933333333333,63.744,587.534666666667,6
2025-09-07 07:00:00,0.518472,4.47,2.17666666666667,22.064,64.4533333333333,585.504,6
2025-09-07 07:15:00,0.557563333333333,4.28466666666667,1.98333333333333,19.918,69.3953333333333,595.87,7
2025-09-07 07:30:00,0.598154,4.206,1.966,16.8586666666667,72.888,605.730666666667,7
2025-09-07 07:45:00,0.592661333333333,4.16333333333333,2.02666666666667,14.2046666666667,69.948,608.155333333333,7
2025-09-07 08:00:00,0.629235333333333,4.12133333333333,1.91533333333333,15.3806666666667,76.6473333333333,608.291333333333,8
2025-09-07 08:15:00,0.648159333333333,4.07866666666667,1.94666666666667,14.3826666666667,81.852,606.341333333333,8
2025-09-07 08:30:00,0.711936666666667,4.09,2.17933333333333,11.8686666666667,90.2333333333333,610.210666666667,8
2025-09-07 08:45:00,0.807821333333333,4.21,2.98333333333333,10.2186666666667,88.296,606.695333333333,9
2025-09-07 09:00:00,0.754332666666667,4.232,2.30333333333333,11.592,95.0186666666667,594.377333333333,9
2025-09-07 09:15:00,0.784542666666667,4.476,2.51933333333333,11.5086666666667,99.902,580.486,10
2025-09-07 09:30:00,0.719086666666667,4.63066666666667,2.48666666666667,11.2326666666667,93.9286666666667,569.219333333333,10
2025-09-07 09:45:00,0.676108,4.72333333333333,2.478,11.5866666666667,90.6426666666667,562.682666666667,10
2025-09-07 10:00:00,0.696320666666667,4.66666666666667,2.90066666666667,9.53,93.7526666666667,561.366,10
2025-09-07 10:15:00,0.636604,4.66666666666667,2.66533333333333,12.6233333333333,88.4166666666667,556.284,10
2025-09-07 10:30:00,0.67281,4.76666666666667,2.39666666666667,11.9266666666667,84.346,555.665333333333,9
2025-09-07 10:45:00,0.715058,4.664,2.91066666666667,10.794,77.9266666666667,546.496,9
2025-09-07 11:00:00,0.543074,4.62133333333333,2.38133333333333,13.27,73.274,541.662,9
2025-09-07 11:15:00,0.513194,4.49866666666667,2.08133333333333,11.6953333333333,67.52,534.788,8
2025-09-07 11:30:00,0.525552,4.37333333333333,1.95533333333333,13.6013333333333,64.8546666666667,532.892,8
2025-09-07 11:45:00,0.508143333333333,4.18,2.41466666666667,12.5846666666667,68.2666666666667,524.55,7
2025-09-07 12:00:00,0.507290666666667,4.296,2.59333333333333,13.3413333333333,71.0533333333333,515.556666666667,7
2025-09-07 12:15:00,0.533693333333333,4.57933333333333,3.02133333333333,16.0286666666667,92.8286666666667,513.494,8
2025-09-07 12:30:00,0.568511333333333,4.74533333333333,3.06466666666667,19.4033333333333,109.606666666667,514.892,9
2025-09-07 12:45:00,0.60031,4.50133333333333,2.52733333333333,23.918,117.17,517.147333333333,10
2025-09-07 13:00:00,0.590916666666667,4.42066666666667,2.12733333333333,23.8986666666667,108.048,517.500666666667,11
2025-09-07 13:15:00,0.623124666666667,4.42666666666667,1.978,24.4133333333333,112.575333333333,518.352,12
2025-09-07 13:30:00,0.674774,4.36466666666667,1.65466666666667,25.5193333333333,118.977333333333,520.72,12
2025-09-07 13:45:00,0.871992,4.374,1.48533333333333,24.3166666666667,165.187333333333,521.707333333333,13
2025-09-07 14:00:00,0.864672666666667,4.45,1.45666666666667,25.7986666666667,161.773333333333,524.428666666667,14
2025-09-07 14:15:00,0.79335,4.59733333333333,1.344,25.2166666666667,139.134,525.529333333333,15
2025-09-07 14:30:00,0.673610666666667,4.60266666666667,1.33,23.1186666666667,105.348,523.667333333333,15
2025-09-07 14:45:00,0.555663333333333,4.496,1.37533333333333,20.7046666666667,71.7266666666667,520.56,12
2025-09-07 15:00:00,0.513230666666667,4.40266666666667,1.41866666666667,20.8246666666667,61.6753333333333,520.68,10
2025-09-07 15:15:00,0.551548,4.448,1.432,22.282,69.9393333333333,523.771333333333,8
2025-09-07 15:30:00,0.513020666666667,4.48866666666667,1.46066666666667,23.5913333333333,60.162,523.964666666667,7
2025-09-07 15:45:00,0.462084666666667,4.49866666666667,1.47333333333333,23.7086666666667,47.38,521.546666666667,6
2025-09-07 16:00:00,0.399987333333333,4.51266666666667,1.53333333333333,24.0286666666667,33.2693333333333,521.844,6
2025-09-07 16:15:00,0.39822,4.63733333333333,1.57866666666667,25.2913333333333,29.9166666666667,521.989333333333,6
2025-09-07 16:30:00,0.409156,4.47666666666667,1.60133333333333,24.546,30.7886666666667,521.112666666667,5
2025-09-07 16:45:00,0.365146666666667,4.47,1.64666666666667,26.3166666666667,27.5733333333333,521.423333333333,5
2025-09-07 17:00:00,0.374162666666667,4.75866666666667,1.64066666666667,25.9793333333333,28.894,522.888666666667,4
2025-09-07 17:15:00,0.384884,4.76,1.65466666666667,23.8466666666667,31.4593333333333,521.643333333333,4
2025-09-07 17:30:00,0.400957333333333,4.71066666666667,1.68866666666667,23.8586666666667,33.086,523.491333333333,4
2025-09-07 17:45:00,0.376640666666667,4.48333333333333,1.69266666666667,23.4346666666667,31.59,522.744666666667,4
2025-09-07 18:00:00,0.371306666666667,4.524,1.73333333333333,26.4066666666667,34.788,523.378,4
2025-09-07 18:15:00,0.388786666666667,4.84266666666667,1.72466666666667,25.7533333333333,33.768,523.794666666667,4
2025-09-07 18:30:00,0.381128,4.95466666666667,1.76333333333333,26.6013333333333,32.7333333333333,525.466,4
2025-09-07 18:45:00,0.357265333333333,5.01333333333333,1.77733333333333,26.2986666666667,25.398,525.610666666667,4
2025-09-07 19:00:00,0.361561333333333,5.14,1.68666666666667,25.5266666666667,25.376,528.557333333333,3
2025-09-07 19:15:00,0.352080666666667,5.16333333333333,1.58733333333333,24.88,23.4313333333333,530.372,3
2025-09-07 19:30:00,0.353188,5.236,1.47,25.416,22.8906666666667,532.636,3
2025-09-07 19:45:00,0.353306,5.26133333333333,1.334,25.3073333333333,22.9493333333333,534.112,3
2025-09-07 20:00:00,0.354488,5.25933333333333,1.21133333333333,25.7653333333333,23.3013333333333,534.852,3
2025-09-07 20:15:00,0.36803,5.298,1.19133333333333,24.4306666666667,24.934,536.908,3
2025-09-07 20:30:00,0.378391333333333,5.26,1.21266666666667,24.01,26.5386666666667,540.016,3
2025-09-07 20:45:00,0.398414,5.246,1.30533333333333,24.2,31.1986666666667,539.412,3
2025-09-07 21:00:00,0.394378,5.348,1.27666666666667,23.984,27.6586666666667,540.418,3
2025-09-07 21:15:00,0.385546666666667,5.41,1.30933333333333,25.3406666666667,22.986,542.119333333333,3
2025-09-07 21:30:00,0.373172666666667,5.70266666666667,1.18666666666667,30.2066666666667,20.7646666666667,542.521333333333,3
2025-09-07 21:45:00,0.389586666666667,6.30733333333333,0.898,32.6966666666667,23.038,543.516666666667,3
2025-09-07 22:00:00,0.387328666666667,7.022,0.574666666666667,32.096,20.112,546.431333333333,3
2025-09-07 22:15:00,0.381227333333333,7.03866666666667,0.286666666666667,31.5673333333333,18.2453333333333,550.454,3
2025-09-07 22:30:00,0.383278666666667,6.98533333333333,0.362,28.014,16.614,554.284666666667,3
2025-09-07 22:45:00,0.389727333333333,6.36133333333333,0.406,25.714,18.2546666666667,555.216666666667,3
2025-09-07 23:00:00,0.390737333333333,5.906,0.506,23.88,18.6046666666667,557.52,3
2025-09-07 23:15:00,0.379393333333333,5.29466666666667,0.594666666666667,21.7446666666667,17.374,561.599333333333,3
2025-09-07 23:30:00,0.375339,4.789,0.71,20.156,16.302,562.001,3
2025-09-08,0.394754,4.10933333333333,1.04,15.94,19.1033333333333,564.394666666667,3
2025-09-08 00:15:00,0.402003333333333,3.954,1.12733333333333,15.5226666666667,21.38,569.871333333333,3
2025-09-08 00:30:00,0.394652,3.7,1.19466666666667,15.1153333333333,20.5573333333333,571.251333333333,3
2025-09-08 00:45:00,0.402129333333333,3.594,1.176,15.4633333333333,21.4073333333333,571.235333333333,3
2025-09-08 01:00:00,0.432209333333333,3.528,1.31133333333333,15.558,20.3053333333333,570.190666666667,3
2025-09-08 01:15:00,0.452122,3.45533333333333,1.37466666666667,16.0706666666667,21.0253333333333,569.204666666667,3
2025-09-08 01:30:00,0.424406666666667,3.368,1.484,16.074,19.1166666666667,568.522,3
2025-09-08 01:45:00,0.412928666666667,3.27133333333333,1.474,15.2386666666667,17.3713333333333,571.003333333333,2
2025-09-08 02:00:00,0.369899333333333,3.226,1.55266666666667,15.2546666666667,11.7933333333333,571.274,2
2025-09-08 02:15:00,0.363796,3.18,1.51333333333333,14.9853333333333,11.47,573.082666666667,2
2025-09-08 02:30:00,0.364786,3.16466666666667,1.52666666666667,13.7786666666667,11.8553333333333,574.093333333333,2
2025-09-08 02:45:00,0.365422,3.05,1.54266666666667,11.9926666666667,12.208,581.111333333333,2
2025-09-08 03:00:00,0.369920666666667,2.948,1.572,11.588,12.786,580.679333333333,2
2025-09-08 03:15:00,0.364862666666667,2.89666666666667,1.75666666666667,12.15,11.648,580.598,2
2025-09-08 03:30:00,0.355104666666667,2.91466666666667,1.93266666666667,14.1446666666667,9.47866666666667,578.388666666667,2
2025-09-08 03:45:00,0.342519333333333,2.89533333333333,1.84733333333333,13.432,7.18066666666667,580.582,2
2025-09-08 04:00:00,0.335124666666667,2.88333333333333,1.91133333333333,13.954,6.168,577.65,2
2025-09-08 04:15:00,0.325765333333333,2.864,1.948,13.688,5.24666666666667,580.613333333333,2
2025-09-08 04:30:00,0.328542,2.86666666666667,2.15733333333333,12.6566666666667,4.548,582.316666666667,1
2025-09-08 04:45:00,0.317374666666667,2.97266666666667,2.12,11.872,4.44866666666667,583.864666666667,1
2025-09-08 05:00:00,0.303817333333333,2.946,2.07333333333333,11.2353333333333,4.13333333333333,585.480666666667,1
2025-09-08 05:15:00,0.297816666666667,2.83666666666667,2.29066666666667,11.89,4.078,584.324,1
2025-09-08 05:30:00,0.304734666666667,2.80066666666667,2.21,11.9893333333333,4.93733333333333,586.080666666667,1
2025-09-08 05:45:00,0.313368666666667,2.874,2.478,11.8106666666667,4.79,585.945333333333,1
2025-09-08 06:00:00,0.305585333333333,2.8,2.26533333333333,12.322,4.56,587.568,1
2025-09-08 06:15:00,0.309181333333333,2.822,2.31733333333333,11.4346666666667,4.122,590.826666666667,1
2025-09-08 06:30:00,0.297183333333333,2.81866666666667,2.47933333333333,11.7526666666667,3.64866666666667,589.469333333333,1
2025-09-08 06:45:00,0.295963333333333,2.92333333333333,2.79333333333333,11.8386666666667,3.36666666666667,589.382,1
2025-09-08 07:00:00,0.314864666666667,2.996,2.694,13.0313333333333,3.14133333333333,591.004,1
2025-09-08 07:15:00,0.317176666666667,2.98466666666667,2.526,12.8993333333333,3.02933333333333,590.651333333333,1
2025-09-08 07:30:00,0.315216,3.06533333333333,2.59133333333333,11.5626666666667,3.01866666666667,587.840666666667,1
2025-09-08 07:45:00,0.311687333333333,3.10866666666667,2.81,11.74,2.79666666666667,588.981333333333,1
2025-09-08 08:00:00,0.312732,3.04333333333333,2.72533333333333,11.4653333333333,3.032,590.892666666667,1
2025-09-08 08:15:00,0.315460666666667,3.06733333333333,2.696,11.9926666666667,3.17466666666667,591.790666666667,1
2025-09-08 08:30:00,0.322234666666667,3.14133333333333,2.59066666666667,11.1613333333333,3.102,591.598666666667,1
2025-09-08 08:45:00,0.303276,3.04466666666667,2.48666666666667,11.8253333333333,3.106,590.457333333333,1
2025-09-08 09:00:00,0.314877333333333,3.20333333333333,2.93133333333333,9.06266666666667,3.54066666666667,590.264666666667,1
2025-09-08 09:15:00,0.303621333333333,3.04733333333333,2.444,10.874,3.43066666666667,585.424,1
2025-09-08 09:30:00,0.305427333333333,3.226,2.918,8.37333333333333,3.64533333333333,584.54,1
2025-09-08 09:45:00,0.286332666666667,3.14866666666667,2.436,9.49133333333333,4.10733333333333,582.877333333333,1
2025-09-08 10:00:00,0.305362,3.17933333333333,2.774,8.496,5.67066666666667,581.232,1
2025-09-08 10:15:00,0.312064,3.22466666666667,2.93266666666667,9.12333333333333,7.89466666666667,580.622,1
2025-09-08 10:30:00,0.326086666666667,3.432,3.53333333333333,10.284,7.90933333333333,581.658,1
2025-09-08 10:45:00,0.313344666666667,3.37333333333333,2.758,10.3533333333333,7.20333333333333,577.136,1
2025-09-08 11:00:00,0.297788666666667,3.46066666666667,2.58133333333333,9.68333333333333,7.07933333333333,574.487333333333,1
2025-09-08 11:15:00,0.301034666666667,3.71,2.862,8.12266666666667,7.52533333333333,569.122666666667,1
2025-09-08 11:30:00,0.307592,3.80933333333333,3.62866666666667,2.96066666666667,9.31266666666667,563.887333333333,1
2025-09-08 11:45:00,0.302350666666667,4.15933333333333,3.48066666666667,6.196,9.728,556.003333333333,1
2025-09-08 12:00:00,0.297522666666667,4.09733333333333,3.408,5.932,9.88333333333333,553.136666666667,1
2025-09-08 12:15:00,0.290760666666667,4.20466666666667,3.29733333333333,8.11533333333333,10.2133333333333,549.498666666667,1
2025-09-08 12:30:00,0.290664666666667,4.30066666666667,3.34466666666667,7.01133333333333,10.5466666666667,546.744666666667,2
2025-09-08 12:45:00,0.292116666666667,4.49666666666667,3.16666666666667,6.60533333333333,10.482,540.12,2
2025-09-08 13:00:00,0.298024,4.41333333333333,2.99,6.00866666666667,10.23,535.126,2
2025-09-08 13:15:00,0.291333333333333,3.99466666666667,3.38866666666667,2.49533333333333,10.1186666666667,529.642,2
2025-09-08 13:30:00,0.270391333333333,3.844,2.93466666666667,4.34933333333333,9.63733333333333,525.014,2
2025-09-08 13:45:00,0.237465333333333,3.85666666666667,2.92666666666667,9.14333333333333,6.69733333333333,527.007333333333,1
2025-09-08 14:00:00,0.243122666666667,3.94,1.966,15.3546666666667,7.49333333333333,530.026,1
2025-09-08 14:15:00,0.255886,4.20133333333333,1.38733333333333,19.752,7.802,530.669333333333,1
2025-09-08 14:30:00,0.256697333333333,4.59933333333333,1.30533333333333,22.2126666666667,5.21266666666667,533.455333333333,1
2025-09-08 14:45:00,0.283819333333333,4.79933333333333,1.36,20.034,6.034,537.784,1
2025-09-08 15:00:00,0.285942666666667,4.80266666666667,1.422,18.3426666666667,5.77933333333333,538.346,1
2025-09-08 15:15:00,0.304992,4.878,1.424,18.442,5.402,539.478,1
2025-09-08 15:30:00,0.323126,4.79933333333333,1.43,15.9553333333333,5.18133333333333,539.382,1
2025-09-08 15:45:00,0.283668666666667,4.51666666666667,1.472,13.1986666666667,4.796,537.389333333333,1
2025-09-08 16:00:00,0.283941333333333,4.57266666666667,1.48,14.27,4.77533333333333,531.328,1
2025-09-08 16:15:00,0.280474666666667,4.18733333333333,1.46266666666667,10.0466666666667,5.324,525.738666666667,1
2025-09-08 16:30:00,0.367693333333333,4.21066666666667,1.49333333333333,11.99,5.16533333333333,522.220666666667,1
2025-09-08 16:45:00,0.282085,4.22,1.4,10.665,4.6,521.64,1
2025-09-08 17:00:00,0.283114666666667,4.242,1.56733333333333,17.0566666666667,5.282,525.490666666667,1
2025-09-08 17:15:00,0.256705333333333,4.14066666666667,1.626,22.5673333333333,5.44466666666667,530.91,1
2025-09-08 17:30:00,0.307633333333333,4.78133333333333,1.8,26.4046666666667,5.504,537.583333333333,1
2025-09-08 17:45:00,0.343268666666667,5.25533333333333,1.40866666666667,28.37,6.85933333333333,540.424666666667,2
2025-09-08 18:00:00,0.370015333333333,5.58933333333333,1.064,26.5526666666667,6.79066666666667,544.665333333333,2
2025-09-08 18:15:00,0.364393333333333,5.70533333333333,0.916666666666667,24.0506666666667,7.24333333333333,547.097333333333,2
2025-09-08 18:30:00,0.397607333333333,5.53466666666667,0.932666666666667,19.858,8.88466666666667,550.501333333333,2
2025-09-08 18:45:00,0.398418,5.502,1.094,19.468,7.93,553.215333333333,2
2025-09-08 19:00:00,0.392198,5.414,1.12066666666667,20.1346666666667,7.65733333333333,557.022666666667,2
2025-09-08 19:15:00,0.374931333333333,5.304,1.1,18.4886666666667,9.05333333333333,560.05,2
2025-09-08 19:30:00,0.371542666666667,5.19533333333333,0.976666666666667,16.9666666666667,9.23866666666667,566.45,2
2025-09-08 19:45:00,0.387711333333333,5.16666666666667,1.02866666666667,15.85,9.39466666666667,577.073333333333,2
2025-09-08 20:00:00,0.366113333333333,5.004,0.874666666666667,13.9686666666667,10.0126666666667,581.12,2
2025-09-08 20:15:00,0.376264,4.92,1.31666666666667,10.1793333333333,9.54466666666667,592.434,2
2025-09-08 20:30:00,0.369004,4.702,1.47133333333333,9.49866666666667,10.6813333333333,596.113333333333,2
2025-09-08 20:45:00,0.368074666666667,4.492,1.32266666666667,7.39733333333333,10.9293333333333,601.08,2
2025-09-08 21:00:00,0.37926,4.54133333333333,1.01933333333333,9.064,10.49,612.307333333333,2
2025-09-08 21:15:00,0.373084,4.28,0.944,8.282,10.4986666666667,624.984666666667,2
2025-09-08 21:30:00,0.381819333333333,3.92733333333333,1.68733333333333,2.756,9.36466666666667,624.713333333333,2
2025-09-08 21:45:00,0.378192666666667,3.94066666666667,1.47133333333333,4.72933333333333,9.59866666666667,636.492666666667,1
2025-09-08 22:00:00,0.366942,3.676,1.73466666666667,3.07333333333333,9.38466666666667,635.922,1
2025-09-08 22:15:00,0.366914,3.62133333333333,1.50266666666667,4.03533333333333,9.36933333333333,642.546666666667,1
2025-09-08 22:30:00,0.367474,3.458,1.806,2.52,9.146,640.035333333333,1
2025-09-08 22:45:00,0.3585,3.37666666666667,1.994,2.75733333333333,8.93933333333333,644.505333333333,1
2025-09-08 23:00:00,0.353936666666667,3.14,2.44733333333333,0.429333333333333,8.98933333333333,650.142,1
2025-09-08 23:15:00,0.351855333333333,3.106,3.32866666666667,2.27666666666667,8.89333333333333,641.244666666667,1
2025-09-08 23:30:00,0.346744444444444,3.13777777777778,2.47111111111111,3.53666666666667,8.90444444444444,657.322222222222,1
2025-09-09,0.343046,3.03066666666667,2.30133333333333,3.41333333333333,6.67866666666667,661.585333333333,1
2025-09-09 00:15:00,0.336047333333333,2.91133333333333,2.558,2.728,6.32666666666667,669.478666666667,1
2025-09-09 00:30:00,0.33445,2.88666666666667,2.79133333333333,1.71933333333333,7.59733333333333,674.062,1
2025-09-09 00:45:00,0.332401333333333,2.816,2.94933333333333,1.024,6.752,677.146666666667,1
2025-09-09 01:00:00,0.334909333333333,2.78133333333333,3.094,2.09733333333333,6.99666666666667,679.105333333333,1
2025-09-09 01:15:00,0.33986,2.726,2.888,2.276,6.90133333333333,667.801333333333,1
2025-09-09 01:30:00,0.338401333333333,2.714,3.15133333333333,2.07866666666667,6.90333333333333,678.816666666667,1
2025-09-09 01:45:00,0.344413333333333,2.65066666666667,3.29533333333333,1.71333333333333,6.97066666666667,675.637333333333,1
2025-09-09 02:00:00,0.350409333333333,2.72266666666667,3.10733333333333,2.84866666666667,8.046,673.26,1
2025-09-09 02:15:00,0.342736,2.62066666666667,3.382,0.892,7.784,672.441333333333,1
2025-09-09 02:30:00,0.343959333333333,2.628,3.30866666666667,1.99066666666667,8.492,673.148666666667,1
2025-09-09 02:45:00,0.357727333333333,2.75933333333333,3.06933333333333,2.71266666666667,8.55,674.560666666667,1
2025-09-09 03:00:00,0.362932666666667,2.72933333333333,3.03133333333333,2.20133333333333,9.00266666666667,675.733333333333,1
2025-09-09 03:15:00,0.366372666666667,2.59533333333333,3.11866666666667,0.992,9.63266666666667,669.164666666667,1
2025-09-09 03:30:00,0.369936666666667,2.56733333333333,3.154,1.85066666666667,9.55066666666667,662.445333333333,1
2025-09-09 03:45:00,0.376578,2.57733333333333,3.05733333333333,1.274,9.454,661.239333333333,1
2025-09-09 04:00:00,0.381083333333333,2.58066666666667,3.036,1.24066666666667,10.026,660.565333333333,1
2025-09-09 04:15:00,0.382440666666667,2.58266666666667,3.10866666666667,1.31866666666667,10.3813333333333,663.560666666667,1
2025-09-09 04:30:00,0.386899333333333,2.578,3.15866666666667,0.927333333333333,10.8093333333333,659.496666666667,2
2025-09-09 04:45:00,0.390192666666667,2.59266666666667,3.21266666666667,-0.0826666666666667,10.6413333333333,659.504666666667,2
2025-09-09 05:00:00,0.388605333333333,2.548,3.25866666666667,0.865333333333333,10.838,658.092666666667,2
2025-09-09 05:15:00,0.389095333333333,2.574,3.28,0.495333333333333,11.502,659.410666666667,2
2025-09-09 05:30:00,0.38954,2.56466666666667,3.32466666666667,0.285333333333333,10.5806666666667,651.82,2
2025-09-09 05:45:00,0.389657333333333,2.59066666666667,3.81333333333333,0.802666666666667,11.1353333333333,654.132666666667,2
2025-09-09 06:00:00,0.386753333333333,2.59533333333333,3.266,0.717333333333333,12.1946666666667,650.784666666667,2
2025-09-09 06:15:00,0.391754,2.60266666666667,3.19,-0.026,12.7666666666667,646.287333333333,2
2025-09-09 06:30:00,0.397374,2.66533333333333,3.36866666666667,-0.242666666666667,11.802,641.300666666667,2
2025-09-09 06:45:00,0.409988,2.58733333333333,3.34333333333333,0.219333333333333,12.5753333333333,642.314666666667,2
2025-09-09 07:00:00,0.461346666666667,2.652,3.502,0.546,13.852,643.614,2
2025-09-09 07:15:00,0.426257333333333,2.65866666666667,3.30866666666667,1.59866666666667,14.7153333333333,644.513333333333,2
2025-09-09 07:30:00,0.413326666666667,2.706,3.36066666666667,0.53,14.4413333333333,646.408666666667,2
2025-09-09 07:45:00,0.43676,2.76533333333333,3.21666666666667,0.811333333333333,10.4413333333333,641.326,2
2025-09-09 08:00:00,0.397422666666667,2.79466666666667,3.082,0.255333333333333,10.5193333333333,633.111333333333,2
2025-09-09 08:15:00,0.420028,2.78333333333333,3.328,0.0746666666666667,13.068,633.432666666667,2
2025-09-09 08:30:00,0.394995333333333,2.85533333333333,2.98866666666667,1.43933333333333,15.214,639.825333333333,2
2025-09-09 08:45:00,0.394208666666667,2.91733333333333,2.93466666666667,0.599333333333333,13.1613333333333,635.031333333333,2
2025-09-09 09:00:00,0.397327333333333,2.964,2.72466666666667,2.042,13.828,634.156,2
2025-09-09 09:15:00,0.387201333333333,3.076,2.85066666666667,-0.391333333333333,14.6646666666667,627.258,2
2025-09-09 09:30:00,0.397895333333333,3.17533333333333,4.07866666666667,0.744,17.1113333333333,623.427333333333,2
2025-09-09 09:45:00,0.394132,3.31133333333333,2.85,0.757333333333333,17.1573333333333,618.49,2
2025-09-09 10:00:00,0.389656,3.48133333333333,4.53533333333333,-0.166,17.8866666666667,612.813333333333,2
2025-09-09 10:15:00,0.408042666666667,3.61133333333333,3.502,-1.89866666666667,18.182,605.94,2
2025-09-09 10:30:00,0.407129333333333,4.032,3.142,-1.41533333333333,18.4313333333333,595.484,2
2025-09-09 10:45:00,0.434343333333333,4.18133333333333,3.602,-14.2793333333333,18.2906666666667,578.983333333333,2
2025-09-09 11:00:00,0.40711,3.76066666666667,4.576,-15.7113333333333,18.59,568.015333333333,2
2025-09-09 11:15:00,0.389808,4.26533333333333,4.45933333333333,-12.0173333333333,20.33,558.324,2
2025-09-09 11:30:00,0.384318666666667,4.894,3.966,-7.452,21.002,555.079333333333,2
2025-09-09 11:45:00,0.361570666666667,5.276,3.11133333333333,-3.88666666666667,21.3773333333333,545.724666666667,3
2025-09-09 12:00:00,0.361518666666667,5.7,3.066,-1.46333333333333,18.788,545.652666666667,3
2025-09-09 12:15:00,0.37073,4.90933333333333,2.342,6.10866666666667,21.1406666666667,547.074,3
2025-09-09 12:30:00,0.371830666666667,4.978,1.90533333333333,6.42933333333333,20.97,538.160666666667,3
2025-09-09 12:45:00,0.362127333333333,5.388,2.03933333333333,8.052,20.0993333333333,534.033333333333,3
2025-09-09 13:00:00,0.357297333333333,5.342,1.90133333333333,10.354,19.8106666666667,528.476666666667,3
2025-09-09 13:15:00,0.364528666666667,5.362,1.858,12.636,19.6806666666667,527.842,3
2025-09-09 13:30:00,0.376052,5.37666666666667,1.808,12.5626666666667,19.2793333333333,524.045333333333,2
2025-09-09 13:45:00,0.379698,5.924,1.83066666666667,10.5786666666667,20.6113333333333,524.044,2
2025-09-09 14:00:00,0.376880666666667,5.74733333333333,1.90133333333333,14.1693333333333,20.2026666666667,524.190666666667,2
2025-09-09 14:15:00,0.382584,5.91933333333333,1.89133333333333,14.6766666666667,19.9153333333333,520.39,3
2025-09-09 14:30:00,0.382399333333333,6.488,1.92866666666667,10.2286666666667,18.6113333333333,514.834666666667,2
2025-09-09 14:45:00,0.351696,6.32266666666667,2.05933333333333,13.4826666666667,17.752,510.569333333333,2
2025-09-09 15:00:00,0.341959333333333,6.30866666666667,2.00733333333333,17.1053333333333,17.39,504.5,2
2025-09-09 15:15:00,0.343485333333333,6.04066666666667,2.036,15.8546666666667,16.6626666666667,500.630666666667,2
2025-09-09 15:30:00,0.330962,5.62933333333333,2.08666666666667,14.8986666666667,15.702,494.648,2
2025-09-09 15:45:00,0.306214666666667,5.39533333333333,2.152,15.2973333333333,14.8206666666667,486.801333333333,2
2025-09-09 16:00:00,0.315516666666667,5.39666666666667,2.188,18.0733333333333,15.1486666666667,485.502,2
2025-09-09 16:15:00,0.321728666666667,5.594,2.01,17.4973333333333,12.8766666666667,483.591333333333,2
2025-09-09 16:30:00,0.359139333333333,5.382,2.00066666666667,11.8346666666667,12.6366666666667,484.579333333333,2
2025-09-09 16:45:00,0.323256666666667,5.37,2.09,14.64,13,484.12,2
2025-09-09 17:00:00,0.36758,5.46,2.14733333333333,15.5406666666667,12.4286666666667,496.27,2
2025-09-09 17:15:00,0.395388,5.794,2.37066666666667,29.7086666666667,13.292,506.572,2
2025-09-09 17:30:00,0.351930666666667,5.48933333333333,2.594,33.418,11.8206666666667,517.974,2
2025-09-09 17:45:00,0.409754,6.72866666666667,2.65333333333333,29.9526666666667,11.8473333333333,526.486,2
2025-09-09 18:00:00,0.399861333333333,8.31,2.54466666666667,30.2253333333333,11.5546666666667,535.174666666667,2
2025-09-09 18:15:00,0.421641333333333,9.26533333333333,2.19066666666667,24.8013333333333,12.8426666666667,540.247333333333,2
2025-09-09 18:30:00,0.455915333333333,9.79866666666667,2.25866666666667,26.1753333333333,12.5,548.895333333333,2
2025-09-09 18:45:00,0.45411,9.26933333333333,1.782,16.2506666666667,14.538,546.992666666667,2
2025-09-09 19:00:00,0.470616666666667,6.10533333333333,1.78533333333333,15.5546666666667,20.0213333333333,539.469333333333,2
2025-09-09 19:15:00,0.463154,5.276,1.96333333333333,19.486,20.848,530.107333333333,2
2025-09-09 19:30:00,0.432812666666667,4.6,2.24666666666667,19.7266666666667,20.9606666666667,525.9,2
2025-09-09 19:45:00,0.39208,4.57533333333333,2.292,23.0986666666667,19.544,526.728,3
2025-09-09 20:00:00,0.364876666666667,4.78066666666667,2.17533333333333,26.5533333333333,17.976,529.376,3
2025-09-09 20:15:00,0.363523333333333,5.07866666666667,1.978,28.6893333333333,17.5013333333333,531.141333333333,3
2025-09-09 20:30:00,0.34342,5.15666666666667,1.908,29.624,16.5546666666667,530.123333333333,3
2025-09-09 20:45:00,0.328355333333333,5.31266666666667,1.77866666666667,33.0673333333333,15.1846666666667,530.308,3
2025-09-09 21:00:00,0.332563333333333,5.414,1.61733333333333,31.648,14.918,534.116,3
2025-09-09 21:15:00,0.342820666666667,5.43733333333333,1.478,30.166,15.194,533.954,3
2025-09-09 21:30:00,0.331658666666667,5.504,1.33466666666667,31.4833333333333,15.6806666666667,535.751333333333,3
2025-09-09 21:45:00,0.327162,5.58733333333333,1.15133333333333,30.9446666666667,15.5946666666667,537.349333333333,3
2025-09-09 22:00:00,0.326464,5.65533333333333,0.955333333333333,31.8353333333333,15.7306666666667,540.056,3
2025-09-09 22:15:00,0.326268666666667,5.66466666666667,0.79,30.4126666666667,15.5013333333333,541.155333333333,3
2025-09-09 22:30:00,0.323897333333333,5.638,0.693333333333333,30.282,15.2806666666667,541.244666666667,3
2025-09-09 22:45:00,0.324972666666667,5.60733333333333,0.711333333333333,29.7233333333333,15.9033333333333,544.473333333333,3
2025-09-09 23:00:00,0.3263,5.51933333333333,0.844,28.414,15.7293333333333,549.379333333333,3
2025-09-09 23:15:00,0.327916,5.662,0.940666666666667,28.7266666666667,15.8233333333333,549.354,3
2025-09-09 23:30:00,0.326511333333333,5.52066666666667,1.04866666666667,26.146,15.8273333333333,559.552,3
2025-09-09 23:45:00,0.334202857142857,5.47714285714286,0.948571428571429,25.66,16.5714285714286,564.165714285714,3
2025-09-10,0.331157333333333,5.41666666666667,0.942666666666667,23.3633333333333,16.2246666666667,576.904666666667,3
2025-09-10 00:15:00,0.327764,5.25133333333333,0.888,22.6593333333333,15.3986666666667,578.262,3
2025-09-10 00:30:00,0.329597333333333,5.24733333333333,0.947333333333333,22.3726666666667,15.2113333333333,571.724666666667,3
2025-09-10 00:45:00,0.328702,4.82,0.991333333333333,19.436,15.3333333333333,587.967333333333,3
2025-09-10 01:00:00,0.326249333333333,4.62066666666667,0.930666666666667,18.67,15.0206666666667,595.493333333333,3
2025-09-10 01:15:00,0.329560666666667,4.63,0.873333333333333,18.9713333333333,14.7346666666667,593.405333333333,2
2025-09-10 01:30:00,0.328814666666667,4.60333333333333,0.876666666666667,17.6066666666667,14.1553333333333,597.91,2
2025-09-10 01:45:00,0.319051333333333,4.10666666666667,1.26,10.44,12.698,608.598,2
2025-09-10 02:00:00,0.314862,4.28066666666667,1.11866666666667,13.7086666666667,13.42,612.482,2
2025-09-10 02:15:00,0.311101333333333,4.048,1.25,11.0013333333333,12.5626666666667,615.640666666667,2
2025-09-10 02:30:00,0.308632,3.934,1.32866666666667,8.486,12.656,628.750666666667,2
2025-09-10 02:45:00,0.305092,3.912,1.34933333333333,8.89666666666667,12.4373333333333,628.15,2
2025-09-10 03:00:00,0.302218666666667,3.86066666666667,1.30733333333333,9.916,13.3426666666667,623.387333333333,2
2025-09-10 03:15:00,0.299400666666667,3.60466666666667,1.566,7.07666666666667,12.8993333333333,629.233333333333,2
2025-09-10 03:30:00,0.299156,3.642,1.62533333333333,5.606,12.7113333333333,633.842666666667,2
2025-09-10 03:45:00,0.299219333333333,3.62133333333333,1.63733333333333,6.04933333333333,12.824,633.786666666667,2
2025-09-10 04:00:00,0.300910666666667,3.52466666666667,1.74933333333333,5.26,13.362,635.890666666667,2
2025-09-10 04:15:00,0.298809333333333,3.54666666666667,1.77066666666667,4.696,13.218,639.680666666667,2
2025-09-10 04:30:00,0.298120666666667,3.558,1.89333333333333,3.616,13.1413333333333,646.649333333333,2
2025-09-10 04:45:00,0.295532,3.47133333333333,1.97266666666667,3.368,13.7933333333333,648.649333333333,2
2025-09-10 05:00:00,0.294962,3.41733333333333,2.12533333333333,3.65733333333333,13.8073333333333,645.155333333333,2
2025-09-10 05:15:00,0.298686,3.48933333333333,2.594,4.32133333333333,14.0713333333333,638.042,2
2025-09-10 05:30:00,0.29905,3.75466666666667,2.95066666666667,3.442,13.5906666666667,652.478,2
2025-09-10 05:45:00,0.309712666666667,3.46,2.792,1.89866666666667,13.8433333333333,650.416666666667,2
2025-09-10 06:00:00,0.29766,3.37333333333333,2.36533333333333,2.104,14.3353333333333,641.880666666667,2
2025-09-10 06:15:00,0.296064,3.41533333333333,2.334,4.32133333333333,14.6733333333333,645.196666666667,2
2025-09-10 06:30:00,0.295770666666667,3.39266666666667,2.29266666666667,4.29066666666667,14.4793333333333,649.266666666667,2
2025-09-10 06:45:00,0.304628666666667,3.48066666666667,2.72266666666667,4.04733333333333,14.0993333333333,648.264,2
2025-09-10 07:00:00,0.367212,3.46533333333333,3.09733333333333,3.674,13.95,652.558666666667,2
2025-09-10 07:15:00,0.323650666666667,3.50866666666667,2.54266666666667,4.31933333333333,14.0893333333333,659.160666666667,2
2025-09-10 07:30:00,0.317668,3.43933333333333,2.22866666666667,4.19733333333333,14.144,661.737333333333,2
2025-09-10 07:45:00,0.573960666666667,3.458,2.21533333333333,3.386,14.3073333333333,664.42,2
2025-09-10 08:00:00,0.316723333333333,3.45,2.97466666666667,2.01733333333333,14.734,655.636,2
2025-09-10 08:15:00,0.337927333333333,3.502,2.52733333333333,2.73933333333333,14.4586666666667,658.46,2
2025-09-10 08:30:00,0.308928,3.54666666666667,2.68133333333333,1.114,15.2886666666667,641.06,2
2025-09-10 08:45:00,0.349782,3.70066666666667,3.35133333333333,0.600666666666667,15.7013333333333,634.276666666667,2
2025-09-10 09:00:00,0.322799333333333,3.80533333333333,2.902,1.11333333333333,15.8806666666667,630.31,2
2025-09-10 09:15:00,0.345545333333333,3.932,5.94133333333333,-0.697333333333333,16.4986666666667,622.489333333333,2
2025-09-10 09:30:00,0.313578666666667,3.954,3.13533333333333,0.358,16.5553333333333,614.282,2
2025-09-10 09:45:00,0.324917333333333,3.91466666666667,3.41066666666667,-1.86666666666667,16.6993333333333,601.434666666667,2
2025-09-10 10:00:00,0.310806,3.96466666666667,2.996,1.07066666666667,15.1446666666667,592.304666666667,2
2025-09-10 10:15:00,0.312035333333333,3.922,3.06133333333333,-4.15266666666667,15.902,579.224666666667,2
2025-09-10 10:30:00,0.310594,3.706,3.19066666666667,-5.81666666666667,14.8466666666667,564.963333333333,2
2025-09-10 10:45:00,0.29066,3.944,3.204,-2.456,13.5946666666667,561.012666666667,2
2025-09-10 11:00:00,0.281573333333333,4.57866666666667,2.83533333333333,-0.579333333333333,18.6313333333333,549.074666666667,2
2025-09-10 11:15:00,0.276498,5.71933333333333,3.84133333333333,-0.0226666666666666,20.4046666666667,536.072666666667,2
2025-09-10 11:30:00,0.282248,6.23466666666667,3.23533333333333,4.30666666666667,19.8726666666667,529.481333333333,2
2025-09-10 11:45:00,0.258154,6.51933333333333,2.414,8.47933333333333,18.9306666666667,524.429333333333,2
2025-09-10 12:00:00,0.270212,6.53866666666667,2.76933333333333,13.5126666666667,19.612,520.214666666667,2
2025-09-10 12:15:00,0.253921333333333,6.44666666666667,2.01,15.9886666666667,18.22,515.709333333333,2
2025-09-10 12:30:00,0.277318666666667,6.62,1.98,12.852,18.0713333333333,510.289333333333,2
2025-09-10 12:45:00,0.253996666666667,6.60733333333333,2.05866666666667,14.7506666666667,18.48,506.002,2
2025-09-10 13:00:00,0.258581333333333,6.562,1.94333333333333,18.988,18.148,505.930666666667,2
2025-09-10 13:15:00,0.265917333333333,6.57333333333333,1.956,15.5286666666667,18.7713333333333,506.476,2
2025-09-10 13:30:00,0.272514666666667,6.51066666666667,2.04666666666667,19.074,18.6813333333333,507.920666666667,2
2025-09-10 13:45:00,0.277283333333333,6.538,2.07333333333333,19.0626666666667,19.268,504.798,2
2025-09-10 14:00:00,0.287242,6.266,2.09333333333333,16.2033333333333,18.8593333333333,500.327333333333,2
2025-09-10 14:15:00,0.284794,6.19,2.102,17.2253333333333,18.54,497.395333333333,2
2025-09-10 14:30:00,0.287544,5.98466666666667,2.112,16.8526666666667,17.9986666666667,494.350666666667,2
2025-09-10 14:45:00,0.280423333333333,5.69733333333333,2.154,17.036,17.0793333333333,491.636,2
2025-09-10 15:00:00,0.285253333333333,5.67066666666667,2.17733333333333,19.2246666666667,18.4106666666667,489.22,2
2025-09-10 15:15:00,0.289362,5.63133333333333,2.16866666666667,19.2613333333333,19.042,484.609333333333,2
2025-09-10 15:30:00,0.296577333333333,5.574,2.16466666666667,18.4073333333333,18.3326666666667,479.970666666667,2
2025-09-10 15:45:00,0.289057333333333,5.42333333333333,2.16666666666667,17.0986666666667,18.39,475.617333333333,2
2025-09-10 16:00:00,0.294091333333333,5.462,2.136,18.0866666666667,18.05,471.409333333333,2
2025-09-10 16:15:00,0.293115333333333,5.504,2.162,16.992,16.8006666666667,467.66,2
2025-09-10 16:30:00,0.285824666666667,5.53333333333333,2.13066666666667,12.9353333333333,14.4273333333333,469.714666666667,2
2025-09-10 16:45:00,0.28301,5.54666666666667,2.20333333333333,16.02,15.3333333333333,474.126666666667,2
2025-09-10 17:00:00,0.334086,5.542,2.34866666666667,20.1433333333333,16.2553333333333,483.390666666667,2
2025-09-10 17:15:00,0.422803333333333,5.70066666666667,2.602,29.4366666666667,16.578,495.177333333333,2
2025-09-10 17:30:00,0.401958,6.056,2.64333333333333,31.7733333333333,15.9673333333333,505.640666666667,2
2025-09-10 17:45:00,0.449716,6.67933333333333,2.59133333333333,28.7773333333333,15.762,514.448666666667,2
2025-09-10 18:00:00,0.461742666666667,7.39466666666667,2.648,24.302,15.91,523.039333333333,2
2025-09-10 18:15:00,0.478603333333333,8.09933333333333,2.34066666666667,20.576,15.432,532.894,2
2025-09-10 18:30:00,0.455943333333333,7.67533333333333,2.5,20,16.3586666666667,538.770666666667,2
2025-09-10 18:45:00,0.426776,7.20466666666667,2.40533333333333,19.732,15.1246666666667,540.474,2
2025-09-10 19:00:00,1.04468666666667,7.94066666666667,3.40466666666667,14.7646666666667,16.0533333333333,552.696,2
2025-09-10 19:15:00,0.46105,8.43133333333333,1.88066666666667,19.5246666666667,14.36,557.794,2
2025-09-10 19:30:00,0.439735333333333,8.01466666666667,1.75533333333333,17.1,16.4453333333333,559.456666666667,2
2025-09-10 19:45:00,0.436136,8.01533333333333,1.17666666666667,11.536,14.836,569.066,2
2025-09-10 20:00:00,0.414796,7.61866666666667,0.730666666666667,13.8993333333333,15.452,569.852666666667,2
2025-09-10 20:15:00,0.449616,6.52733333333333,0.701333333333333,11.6906666666667,17.9533333333333,559.809333333333,2
2025-09-10 20:30:00,0.437251333333333,5.73133333333333,0.994666666666667,11.1253333333333,17.002,557.431333333333,2
2025-09-10 20:45:00,0.448659333333333,5.46466666666667,0.785333333333333,16.1253333333333,25.3746666666667,547.050666666667,2
2025-09-10 21:00:00,0.405390666666667,5.158,1.002,13.7026666666667,19.0126666666667,545.090666666667,2
2025-09-10 21:15:00,0.389324666666667,5.11133333333333,1.112,18.1113333333333,21.696,538.200666666667,3
2025-09-10 21:30:00,0.382498666666667,5.16933333333333,1.2,20.5686666666667,21.6013333333333,543.878,3
2025-09-10 21:45:00,0.357390666666667,5.19533333333333,0.96,17.374,18.138,567.982,3
2025-09-10 22:00:00,0.339876666666667,5.458,1.12066666666667,16.908,16.5073333333333,578.524,2
2025-09-10 22:15:00,0.33681,5.706,1.38466666666667,13.3426666666667,14.654,582.116,2
2025-09-10 22:30:00,0.326936666666667,5.312,1.476,12.0426666666667,12.7073333333333,586.949333333333,2
2025-09-10 22:45:00,0.320536666666667,5.594,1.04666666666667,16.2113333333333,13.006,594.803333333333,2
2025-09-10 23:00:00,0.335993333333333,5.63533333333333,0.980666666666667,18.7633333333333,14.8553333333333,585.135333333333,2
2025-09-10 23:15:00,0.336734666666667,5.07733333333333,1.41933333333333,14.6893333333333,13.612,568.53,2
2025-09-10 23:30:00,0.319655,4.892,1.663,13.176,12.922,570.358,2
2025-09-11,0.321134,4.62666666666667,1.382,14.6706666666667,16.8953333333333,620.795333333333,2
2025-09-11 00:15:00,0.326782666666667,4.54266666666667,1.23466666666667,12.8673333333333,16.5686666666667,634.396666666667,2
2025-09-11 00:30:00,0.326868666666667,4.52266666666667,1.114,12.1986666666667,15.5146666666667,638.233333333333,2
2025-09-11 00:45:00,0.318086666666667,4.50333333333333,1.052,11.7146666666667,14.4266666666667,641.077333333333,2
2025-09-11 01:00:00,0.314506666666667,4.37933333333333,1.12666666666667,9.60533333333333,13.912,646.729333333333,2
2025-09-11 01:15:00,0.301979333333333,4.158,1.18666666666667,8.87733333333333,12.522,652.158,2
2025-09-11 01:30:00,0.296206666666667,4.05133333333333,1.312,7.99533333333333,12.2806666666667,656.766666666667,2
2025-09-11 01:45:00,0.293578,3.89466666666667,1.31533333333333,7.57533333333333,11.95,657.457333333333,2
2025-09-11 02:00:00,0.295802,3.738,1.47733333333333,6.07066666666667,11.4613333333333,660.966666666667,2
2025-09-11 02:15:00,0.288662666666667,3.60133333333333,1.49133333333333,5.70066666666667,11.7533333333333,668.739333333333,2
2025-09-11 02:30:00,0.28483,3.56266666666667,1.50533333333333,5.878,11.3933333333333,678.993333333333,2
2025-09-11 02:45:00,0.285022666666667,3.50266666666667,1.54733333333333,5.87866666666667,11.044,671.638,2
2025-09-11 03:00:00,0.281662,3.32133333333333,1.754,4.028,10.7506666666667,679.539333333333,2
2025-09-11 03:15:00,0.27791,3.22733333333333,2.07666666666667,3.27466666666667,10.838,698.225333333333,2
2025-09-11 03:30:00,0.275166,3.09466666666667,2.42733333333333,2.47133333333333,10.5573333333333,704.616,2
2025-09-11 03:45:00,0.274724666666667,3.10666666666667,2.564,3.04733333333333,10.0893333333333,701.14,2
2025-09-11 04:00:00,0.271288666666667,3.04866666666667,2.57533333333333,3.04,9.754,708.430666666667,2
2025-09-11 04:15:00,0.268968666666667,2.90733333333333,3.26933333333333,1.64266666666667,10.008,728.585333333333,2
2025-09-11 04:30:00,0.267362,2.89133333333333,3.018,3.42,10.158,723.132666666667,2
2025-09-11 04:45:00,0.265645333333333,2.80933333333333,3.57533333333333,1.74,9.57666666666667,741.240666666667,1
2025-09-11 05:00:00,0.262945333333333,2.75066666666667,3.86866666666667,2.09733333333333,9.26533333333333,758.248,1
2025-09-11 05:15:00,0.262847333333333,2.76933333333333,3.76066666666667,2.51666666666667,8.91533333333333,751.099333333333,1
2025-09-11 05:30:00,0.263633333333333,2.73866666666667,3.65333333333333,2.862,8.69,738.968666666667,1
2025-09-11 05:45:00,0.263179333333333,2.726,3.47933333333333,4.36466666666667,8.946,723.800666666667,1
2025-09-11 06:00:00,0.270447333333333,2.67066666666667,3.636,2.668,7.652,720.603333333333,1
2025-09-11 06:15:00,0.288277333333333,2.61333333333333,3.388,2.93,7.62666666666667,713.168666666667,1
2025-09-11 06:30:00,0.320013333333333,2.55,5.09733333333333,1.59666666666667,7.53533333333333,715.818666666667,1
2025-09-11 06:45:00,0.369168666666667,2.54933333333333,5.03666666666667,1.26133333333333,7.71333333333333,739.328,1
2025-09-11 07:00:00,0.392698,2.63933333333333,5.406,1.284,7.678,730.471333333333,1
2025-09-11 07:15:00,0.319985333333333,2.65666666666667,5.07133333333333,1.68533333333333,7.628,730.272,1
2025-09-11 07:30:00,0.288168666666667,2.80866666666667,3.81666666666667,2.596,7.70066666666667,714.315333333333,1
2025-09-11 07:45:00,0.304418,2.886,3.42266666666667,1.69666666666667,8.392,699.196,1
2025-09-11 08:00:00,0.352117333333333,2.95466666666667,4.95,-0.226,9.45733333333333,699.084,1
2025-09-11 08:15:00,0.312255333333333,3.05333333333333,3.77133333333333,-0.350666666666667,9.52466666666667,690.026,1
2025-09-11 08:30:00,0.301180666666667,3.11866666666667,3.85866666666667,-1.39266666666667,10.002,680.928,1
2025-09-11 08:45:00,0.308172666666667,3.32733333333333,3.266,-5.28133333333333,12.0313333333333,652.11,2
2025-09-11 09:00:00,0.292212666666667,3.66066666666667,3.476,-5.14466666666667,13.44,626.656,2
2025-09-11 09:15:00,0.28418,3.74466666666667,3.97866666666667,-7.11466666666667,15.7613333333333,599.973333333333,2
2025-09-11 09:30:00,0.278456666666667,3.72666666666667,3.83133333333333,-8.28866666666667,16.3226666666667,580.422,2
2025-09-11 09:45:00,0.27721,3.57066666666667,4.02133333333333,-6.004,16.6833333333333,574.344,2
2025-09-11 10:00:00,0.268599333333333,3.78666666666667,4.284,-7.47,14.7226666666667,563.084666666667,2
2025-09-11 10:15:00,0.256714,4.12333333333333,4.138,-1.41533333333333,12.852,562.434,2
2025-09-11 10:30:00,0.255395333333333,4.11,3.182,2.52666666666667,17.2846666666667,554.316,2
2025-09-11 10:45:00,0.258130666666667,5.08333333333333,2.55333333333333,1.92866666666667,16.8646666666667,542.754666666667,2
2025-09-11 11:00:00,0.25146,5.88466666666667,2.53666666666667,7.55066666666667,18.53,536.82,2
2025-09-11 11:15:00,0.634030666666667,6.24533333333333,3.01733333333333,10.2573333333333,19.9993333333333,536.418666666667,2
2025-09-11 11:30:00,0.446428666666667,6.508,2.446,9.376,20.352,531.455333333333,2
2025-09-11 11:45:00,0.295371333333333,6.50666666666667,2.13066666666667,14.6226666666667,15.7533333333333,532.002,2
2025-09-11 12:00:00,0.293279333333333,6.27333333333333,1.814,15.5806666666667,19.77,528.251333333333,2
2025-09-11 12:15:00,0.298564,6.408,1.71933333333333,18.396,18.3293333333333,521.941333333333,2
2025-09-11 12:30:00,0.283411333333333,6.20266666666667,1.868,19.412,19.6193333333333,520.728,2
2025-09-11 12:45:00,0.273261333333333,6.11133333333333,1.818,18.972,19.384,519.596666666667,2
2025-09-11 13:00:00,0.275398,5.77533333333333,1.88466666666667,21.2993333333333,17.522,517.669333333333,2
2025-09-11 13:15:00,0.364086666666667,5.81,1.94066666666667,19.884,18.796,515.187333333333,2
2025-09-11 13:30:00,0.77944,5.97,1.89666666666667,18.008,19.6213333333333,513.324,2
2025-09-11 13:45:00,0.294366666666667,6.52866666666667,2.00533333333333,15.784,18.004,507.905333333333,2
2025-09-11 14:00:00,0.281757333333333,6.39466666666667,2.008,19.2493333333333,18.3973333333333,503.128,2
2025-09-11 14:15:00,0.739090666666667,6.402,2.06866666666667,18.5573333333333,19.1533333333333,502.468666666667,2
2025-09-11 14:30:00,0.332804666666667,6.502,2.07266666666667,18.3306666666667,18.7046666666667,497.947333333333,2
2025-09-11 14:45:00,0.285633333333333,6.40266666666667,2.07933333333333,19.318,17.504,494.8,2
2025-09-11 15:00:00,0.27208,5.94866666666667,2.068,15.73,15.8286666666667,490.946,2
2025-09-11 15:15:00,0.269972666666667,5.908,2.09,19.0986666666667,17.6653333333333,486.433333333333,2
2025-09-11 15:30:00,0.270601333333333,5.61,2.06466666666667,16.962,17.762,480.724,2
2025-09-11 15:45:00,0.274112666666667,5.54133333333333,2.074,18.5513333333333,18.3233333333333,480.395333333333,2
2025-09-11 16:00:00,0.275880666666667,5.44733333333333,2.10066666666667,20.1266666666667,19.794,479.005333333333,2
2025-09-11 16:15:00,0.289487333333333,5.46466666666667,2.08266666666667,20.192,19.99,482.033333333333,2
2025-09-11 16:30:00,0.371186,5.50533333333333,2.15933333333333,21.908,18.1313333333333,479.214666666667,2
2025-09-11 16:45:00,0.62531,5.575,2.22,22.31,17.01,476.235,2
2025-09-11 17:00:00,0.33513,5.456,2.19,22.7213333333333,17.5186666666667,479.513333333333,2
2025-09-11 17:15:00,0.307914,5.79,2.398,34.0026666666667,17.2386666666667,487.525333333333,2
2025-09-11 17:30:00,0.330864,5.62333333333333,2.59333333333333,37.5293333333333,16.7246666666667,492.127333333333,2
2025-09-11 17:45:00,0.331064666666667,5.54133333333333,2.65466666666667,35.5853333333333,15.2786666666667,496.214666666667,3
2025-09-11 18:00:00,0.352417333333333,5.49533333333333,2.618,34.802,16.4313333333333,501.545333333333,3
2025-09-11 18:15:00,0.338,5.34666666666667,2.61466666666667,29.282,13.8393333333333,501.649333333333,3
2025-09-11 18:30:00,0.326064666666667,5.32866666666667,2.616,30.07,11.8233333333333,502.517333333333,3
2025-09-11 18:45:00,0.329436666666667,5.19533333333333,2.528,29.7526666666667,13.0693333333333,504.187333333333,3
2025-09-11 19:00:00,0.316123333333333,5.078,2.54466666666667,30.3653333333333,12.3506666666667,504.974,3
2025-09-11 19:15:00,0.323928,5.03666666666667,2.532,32.8146666666667,12.7726666666667,507.191333333333,3
2025-09-11 19:30:00,0.34512,5.04,2.46333333333333,32.3553333333333,14.0286666666667,511.838666666667,3
2025-09-11 19:45:00,0.340103333333333,5.258,2.41733333333333,32.2346666666667,14.22,513.453333333333,3
2025-09-11 20:00:00,0.334124,5.31133333333333,2.40333333333333,32.0586666666667,13.532,514.528666666667,3
2025-09-11 20:15:00,0.327799333333333,5.45066666666667,2.38333333333333,32.656,13.576,517.502,3
2025-09-11 20:30:00,0.333204,5.57866666666667,2.19333333333333,31.7986666666667,14.018,520.206,3
2025-09-11 20:45:00,0.323397333333333,5.644,2.02733333333333,31.618,13.7366666666667,520.816666666667,3
2025-09-11 21:00:00,0.332210666666667,5.78666666666667,1.79733333333333,32.562,12.906,526.180666666667,3
2025-09-11 21:15:00,0.329608666666667,5.91,1.48,31.7133333333333,13.7033333333333,531.488666666667,3
2025-09-11 21:30:00,0.328494,5.96933333333333,1.25466666666667,30.17,12.1953333333333,530.854,3
2025-09-11 21:45:00,0.324474,5.87666666666667,1.206,29.458,13.0866666666667,531.442,3
2025-09-11 22:00:00,0.322812666666667,5.852,1.05866666666667,28.6246666666667,13.034,535.937333333333,3
2025-09-11 22:15:00,0.320693333333333,5.85933333333333,0.85,28.4853333333333,12.6293333333333,538.555333333333,3
2025-09-11 22:30:00,0.318437333333333,5.88333333333333,0.707333333333333,26.9693333333333,12.9126666666667,537.486,3
2025-09-11 22:45:00,0.312879333333333,5.69533333333333,0.696666666666667,24.7573333333333,13.0593333333333,535.607333333333,3
2025-09-11 23:00:00,0.304842666666667,5.54333333333333,0.748,24.6526666666667,11.6946666666667,535.076,3
2025-09-11 23:15:00,0.301824,5.53066666666667,0.832666666666667,24.4653333333333,11.6006666666667,536.250666666667,3
2025-09-11 23:30:00,0.299202222222222,5.43,0.866666666666667,22.9777777777778,11.5144444444444,535.055555555556,3
2025-09-12,0.295335333333333,5.356,1.00333333333333,24.892,12.904,541.3,2
2025-09-12 00:15:00,0.293304666666667,5.35933333333333,1.05666666666667,23.7246666666667,13.0506666666667,546.928666666667,2
2025-09-12 00:30:00,0.294604,5.29866666666667,1.046,25.1993333333333,13.7526666666667,567.172666666667,2
2025-09-12 00:45:00,0.296243333333333,5.41533333333333,1.41866666666667,21.7853333333333,12.0066666666667,548.164666666667,2
2025-09-12 01:00:00,0.295378666666667,5.32666666666667,1.314,21.6873333333333,12.1173333333333,545.154666666667,2
2025-09-12 01:15:00,0.284880666666667,4.94066666666667,1.574,19.6426666666667,11.3033333333333,543.613333333333,2
2025-09-12 01:30:00,0.280949333333333,4.994,1.46266666666667,22.01,11.4826666666667,549.329333333333,2
2025-09-12 01:45:00,0.276746666666667,4.95266666666667,1.52866666666667,22.3086666666667,11.4653333333333,548.44,2
2025-09-12 02:00:00,0.280478,5.03466666666667,1.61666666666667,22.586,12.5233333333333,558.082666666667,2
2025-09-12 02:15:00,0.285843333333333,5.206,1.29133333333333,23.8913333333333,13.1773333333333,567.990666666667,2
2025-09-12 02:30:00,0.290759333333333,5.18666666666667,1.12933333333333,21.1306666666667,13.3213333333333,584.163333333333,2
2025-09-12 02:45:00,0.294274666666667,5.06666666666667,0.996666666666667,20.0893333333333,13.266,591.542666666667,2
2025-09-12 03:00:00,0.291992666666667,4.76533333333333,1.53533333333333,17.034,12.6793333333333,573.058,2
2025-09-12 03:15:00,0.286438666666667,4.794,1.62466666666667,18.4046666666667,12.6353333333333,565.806666666667,2
2025-09-12 03:30:00,0.280001333333333,4.68066666666667,1.46466666666667,19.0573333333333,12.5653333333333,577.49,2
2025-09-12 03:45:00,0.282164,4.56866666666667,1.58133333333333,16.934,12.7786666666667,586.838,2
2025-09-12 04:00:00,0.285251333333333,4.61133333333333,1.37,18.104,12.9966666666667,586.306666666667,2
2025-09-12 04:15:00,0.281143333333333,4.35133333333333,1.41466666666667,14.7593333333333,12.9386666666667,595.766666666667,2
2025-09-12 04:30:00,0.28124,4.18,1.62,12.18,12.86,595.41,2
2025-09-12 05:45:00,0.27691,3.92333333333333,1.61,9.44666666666667,12.7406666666667,617.028666666667,2
2025-09-12 06:00:00,0.285446666666667,3.98933333333333,1.67133333333333,9.22733333333333,12.042,625.868,2
2025-09-12 06:15:00,0.290128,3.864,1.70866666666667,8.10466666666667,12.622,631.37,2
2025-09-12 06:30:00,0.278899333333333,3.76466666666667,1.63533333333333,9.04333333333333,12.1113333333333,631.906666666667,2
2025-09-12 06:45:00,0.295552666666667,3.78266666666667,1.76466666666667,7.77466666666667,12.878,633.254666666667,2
2025-09-12 07:00:00,0.339652666666667,3.63133333333333,2.086,5.96266666666667,12.9433333333333,642.290666666667,2
2025-09-12 07:15:00,0.283070666666667,3.58666666666667,1.93933333333333,6.43533333333333,12.974,645.308666666667,2
2025-09-12 07:30:00,0.317592666666667,3.646,2.178,5.96533333333333,12.71,646.457333333333,2
2025-09-12 07:45:00,0.327772666666667,3.59933333333333,2.22266666666667,5.17466666666667,13.002,642.274,2
2025-09-12 08:00:00,0.30295,3.70533333333333,2.19266666666667,4.26066666666667,13.336,633.183333333333,2
2025-09-12 08:15:00,0.311456,3.822,2.58733333333333,2.62666666666667,13.7953333333333,622.481333333333,2
2025-09-12 08:30:00,0.304619333333333,3.994,2.642,1.19066666666667,14.2573333333333,612.675333333333,2
2025-09-12 08:45:00,0.344318666666667,4.56933333333333,4.15133333333333,-4.51,14.6986666666667,601.618666666667,2
2025-09-12 09:00:00,0.331334666666667,4.46666666666667,3.45933333333333,-2.84866666666667,14.8073333333333,574.189333333333,2
2025-09-12 09:15:00,0.309966666666667,4.04866666666667,3.154,-0.896666666666667,14.57,557.809333333333,2
2025-09-12 09:30:00,0.285759333333333,3.736,2.716,-0.923333333333333,15.5486666666667,547.756666666667,2
2025-09-12 09:45:00,0.268884666666667,3.936,2.672,0.514,15.4386666666667,537.388666666667,2
2025-09-12 10:00:00,0.250985333333333,4.46533333333333,2.70933333333333,4.03,15.034,528.99,2
2025-09-12 10:15:00,0.251424666666667,5.17066666666667,2.70266666666667,7.21266666666667,14.966,524.373333333333,2
2025-09-12 10:30:00,0.240704,6.08466666666667,2.644,7.61733333333333,14.924,517.58,2
2025-09-12 10:45:00,0.259912,6.62,2.95066666666667,9.32733333333333,13.9153333333333,515.348666666667,2
2025-09-12 11:00:00,0.221896666666667,6.66133333333333,2.452,17.4133333333333,14.1693333333333,519.292,2
2025-09-12 11:15:00,0.234928666666667,6.77733333333333,2.012,15.584,13.5573333333333,514.777333333333,2
2025-09-12 11:30:00,0.23509,6.85266666666667,1.82066666666667,18.746,13.9893333333333,510.764,2
2025-09-12 11:45:00,0.237328666666667,6.79533333333333,1.93533333333333,18.2966666666667,14.8766666666667,508.256666666667,2
2025-09-12 12:00:00,0.230939333333333,6.65933333333333,1.854,18.4033333333333,14.178,506.282,2
2025-09-12 12:15:00,0.244919333333333,6.54733333333333,1.914,21.1326666666667,14.0373333333333,507.584666666667,2
2025-09-12 12:30:00,0.233099333333333,6.65866666666667,1.942,21.6986666666667,14.9413333333333,506.604,2
2025-09-12 12:45:00,0.234566666666667,6.432,2.02666666666667,25.6246666666667,14.284,505.904666666667,2
2025-09-12 13:00:00,0.248502,6.084,2.08,24.6306666666667,13.9433333333333,505.856666666667,2
2025-09-12 13:15:00,0.264818,6.348,2.098,21.3553333333333,12.9486666666667,504.250666666667,2
2025-09-12 13:30:00,0.240569333333333,6.34,2.166,20.4453333333333,12.1373333333333,502.083333333333,2
2025-09-12 13:45:00,0.228383333333333,6.08866666666667,2.208,18.9213333333333,11.97,495.876666666667,2
2025-09-12 14:00:00,0.226802666666667,5.89666666666667,2.23333333333333,20.8646666666667,11.4233333333333,493.878,2
2025-09-12 14:15:00,0.225064,5.76866666666667,2.27,22.1566666666667,11.664,491.482666666667,2
2025-09-12 14:30:00,0.234776,5.51066666666667,2.28333333333333,22.1426666666667,11.4666666666667,489.879333333333,2
2025-09-12 14:45:00,0.223373333333333,5.42733333333333,2.32466666666667,23.7666666666667,12.1006666666667,489.131333333333,2
2025-09-12 15:00:00,0.234608666666667,5.334,2.34733333333333,23.372,12.1286666666667,483.976666666667,2
2025-09-12 15:15:00,0.232093333333333,5.29333333333333,2.34,24.3926666666667,11.8926666666667,483.036,2
2025-09-12 15:30:00,0.242834,5.42266666666667,2.444,30.156,12.0746666666667,483.922,2
2025-09-12 15:45:00,0.244585333333333,5.532,2.51066666666667,33.25,12.8666666666667,486.241333333333,2
2025-09-12 16:00:00,0.266056,5.65933333333333,2.54533333333333,31.7593333333333,12.8586666666667,487.526,2
2025-09-12 16:15:00,0.279166,5.688,2.53066666666667,30.26,14.0053333333333,486.024,2
2025-09-12 16:30:00,0.280634,5.602,2.44133333333333,26.796,12.9213333333333,480.884666666667,2
2025-09-12 16:45:00,0.275486666666667,5.61,2.5,30.8766666666667,12.6733333333333,481.993333333333,2
2025-09-12 17:00:00,0.28858,5.71533333333333,2.54266666666667,30.2126666666667,12.504,486.410666666667,2
2025-09-12 17:15:00,0.316292,5.61266666666667,2.59533333333333,31.4306666666667,12.248,490.384666666667,3
2025-09-12 17:30:00,0.302268666666667,5.65533333333333,2.65333333333333,33.216,12.1506666666667,491.958666666667,3
2025-09-12 17:45:00,0.304256666666667,5.65066666666667,2.63666666666667,29.728,10.9786666666667,494.464666666667,3
2025-09-12 18:00:00,0.277527333333333,5.622,2.72666666666667,31.6046666666667,8.13666666666667,495.627333333333,3
2025-09-12 18:15:00,0.281208,5.566,2.73066666666667,32.1373333333333,6.78733333333333,496.664,3
2025-09-12 18:30:00,0.281244666666667,5.502,2.738,30.6466666666667,6.53333333333333,499.908,3
2025-09-12 18:45:00,0.310981333333333,5.47933333333333,2.65933333333333,28.7973333333333,8.85,502.532,3
2025-09-12 19:00:00,0.296437333333333,5.404,2.654,29.1646666666667,8.74533333333333,505.304,3
2025-09-12 19:15:00,0.2875,5.23866666666667,2.65866666666667,30.41,8.43533333333333,503.866,3
2025-09-12 19:30:00,0.291742666666667,5.14066666666667,2.646,31.964,9.064,505.97,3
2025-09-12 19:45:00,0.295615333333333,5.07133333333333,2.63266666666667,32.4666666666667,10.66,508.306666666667,3
2025-09-12 20:00:00,0.290694,5.08866666666667,2.61066666666667,31.644,9.14266666666667,508.787333333333,3
2025-09-12 20:15:00,0.295239333333333,5.09533333333333,2.55,31.9313333333333,10.3813333333333,511.438666666667,3
2025-09-12 20:30:00,0.295132,5.23333333333333,2.392,31.2573333333333,10.6173333333333,512.546,2
2025-09-12 20:45:00,0.295,5.324,2.23733333333333,30.686,10.23,513.632666666667,2
2025-09-12 21:00:00,0.292380666666667,5.36466666666667,2.09266666666667,30.28,10.59,514.345333333333,2
2025-09-12 21:15:00,0.306558,5.468,1.946,30.2113333333333,10.792,519.506666666667,2
2025-09-12 21:30:00,0.294634666666667,5.47933333333333,1.76866666666667,31.4973333333333,11.06,520.094,3
2025-09-12 21:45:00,0.292090666666667,5.664,1.57933333333333,30.404,10.9206666666667,519.997333333333,3
2025-09-12 22:00:00,0.290237333333333,5.546,1.49066666666667,29.7473333333333,11.29,521.378666666667,3
2025-09-12 22:15:00,0.290245333333333,5.52866666666667,1.38066666666667,30.8853333333333,10.534,525.94,3
2025-09-12 22:30:00,0.288074,5.57,1.248,29.7853333333333,10.704,525.939333333333,3
2025-09-12 22:45:00,0.288144,5.552,1.10533333333333,30.8066666666667,10.5473333333333,529.167333333333,3
2025-09-12 23:00:00,0.289933333333333,5.68,0.878666666666667,30.2813333333333,10.314,535.552,3
2025-09-12 23:15:00,0.287329333333333,5.75933333333333,0.712,30.8286666666667,10.6573333333333,534.998,3
2025-09-12 23:30:00,0.290482,5.892,0.624,29.3026666666667,10.6326666666667,541.710666666667,3
2025-09-12 23:45:00,0.283453333333333,5.75,0.703333333333333,29.2633333333333,9.77666666666667,536.233333333333,3
2025-09-13,0.286961333333333,5.80266666666667,0.760666666666667,27.4166666666667,10.7033333333333,548.896666666667,3
2025-09-13 00:15:00,0.284886666666667,5.64733333333333,0.954,27.5366666666667,9.98733333333333,540.168666666667,3
2025-09-13 00:30:00,0.283486666666667,5.498,1.05466666666667,26.7826666666667,9.72,544.472666666667,3
2025-09-13 00:45:00,0.278156,5.39133333333333,1.17933333333333,27.178,9.69866666666667,540.627333333333,2
2025-09-13 01:00:00,0.274877333333333,5.312,1.232,26.52,10.1533333333333,541.421333333333,2
2025-09-13 01:15:00,0.274801333333333,5.28866666666667,1.31333333333333,27.274,10.144,544.575333333333,2
2025-09-13 01:30:00,0.273760666666667,5.3,1.27733333333333,26.6413333333333,10.3953333333333,550.028666666667,2
2025-09-13 01:45:00,0.27593,5.23266666666667,1.304,25.5086666666667,10.1213333333333,550.212,2
2025-09-13 02:00:00,0.274664666666667,5.22333333333333,1.31666666666667,24.4586666666667,9.96933333333333,553.353333333333,2
2025-09-13 02:15:00,0.271822666666667,5.00066666666667,1.214,23.6913333333333,10.19,569.662,2
2025-09-13 02:30:00,0.273663333333333,4.91866666666667,1.164,21.6133333333333,10.1013333333333,577.49,2
2025-09-13 02:45:00,0.27329,4.87866666666667,1.3,17.4126666666667,10.0373333333333,575.731333333333,2
2025-09-13 03:00:00,0.271507333333333,4.79266666666667,1.36666666666667,20.0006666666667,9.382,567.381333333333,2
2025-09-13 03:15:00,0.270766666666667,4.656,1.45066666666667,20.154,9.63466666666667,565.100666666667,2
2025-09-13 03:30:00,0.267114666666667,4.55733333333333,1.53466666666667,17.7713333333333,9.66733333333333,571.876,2
2025-09-13 03:45:00,0.264332,4.56733333333333,1.58466666666667,15.158,9.65066666666667,586.659333333333,2
2025-09-13 04:00:00,0.26143,4.42733333333333,1.578,14.0886666666667,10.1693333333333,608.669333333333,2
2025-09-13 04:15:00,0.26441,4.41133333333333,1.64533333333333,13.56,9.81133333333333,602.382,2
2025-09-13 04:30:00,0.262604666666667,4.28933333333333,1.652,15.21,9.88933333333333,597.026,2
2025-09-13 04:45:00,0.262367333333333,4.22333333333333,1.79533333333333,13.49,9.778,597.018666666667,2
2025-09-13 05:00:00,0.262586666666667,4.24933333333333,1.82066666666667,12.556,10.068,602.598666666667,2
2025-09-13 05:15:00,0.258074666666667,4.24066666666667,1.72066666666667,13.5806666666667,9.98333333333333,608.187333333333,2
2025-09-13 05:30:00,0.258564666666667,4.09733333333333,1.88,10.996,9.71333333333333,607.560666666667,2
2025-09-13 05:45:00,0.262064666666667,4.126,1.844,12.034,9.82066666666667,607.915333333333,2
2025-09-13 06:00:00,0.266749333333333,4.212,2.04266666666667,9.44,9.738,614.162,2
2025-09-13 06:15:00,0.264717333333333,4.20866666666667,2.42733333333333,12.1753333333333,9.478,585.608666666667,2
2025-09-13 06:30:00,0.25921,4.18,1.972,12.818,10.0446666666667,605.393333333333,1
2025-09-13 06:45:00,0.256380666666667,4.09066666666667,1.898,9.28933333333333,9.85,633.312,1
2025-09-13 07:00:00,0.265955333333333,4.14733333333333,2.066,10.6166666666667,10.0813333333333,612.516,1
2025-09-13 07:15:00,0.260268666666667,3.936,2.044,9.51266666666667,10.1073333333333,623.154,2
2025-09-13 07:30:00,0.282741333333333,4.23866666666667,2.276,11.4246666666667,9.93266666666667,587.214,1
2025-09-13 07:45:00,0.267839333333333,4.21733333333333,2.41,11.1826666666667,9.72733333333333,579.932,1
2025-09-13 08:00:00,0.263740666666667,4.17866666666667,2.32933333333333,12.5066666666667,9.51266666666667,575.379333333333,1
2025-09-13 08:15:00,0.270525333333333,4.25333333333333,2.47066666666667,12.0513333333333,9.35666666666667,575.932666666667,1
2025-09-13 08:30:00,0.291271333333333,4.41333333333333,2.65133333333333,10.9066666666667,9.638,574.714,1
2025-09-13 08:45:00,0.274250666666667,4.29666666666667,2.59,10.9,9.72,574.109333333333,1
2025-09-13 09:00:00,0.275324666666667,4.312,2.41066666666667,11.1966666666667,9.45066666666667,577.354,1
2025-09-13 09:15:00,0.272904666666667,4.262,2.48533333333333,10.9146666666667,9.54733333333333,574.993333333333,1
2025-09-13 09:30:00,0.276895333333333,4.334,2.51933333333333,12.8993333333333,9.58733333333333,570.150666666667,1
2025-09-13 09:45:00,0.268140666666667,4.35133333333333,2.61466666666667,13.796,9.44733333333333,563.776,1
2025-09-13 10:00:00,0.271446666666667,4.372,2.60266666666667,13.5566666666667,9.76466666666667,559.327333333333,1
2025-09-13 10:15:00,0.285190666666667,4.43466666666667,2.43,14.4913333333333,10.2973333333333,563.302,1
2025-09-13 10:30:00,0.26543,4.44733333333333,2.46066666666667,12.6746666666667,9.836,564.176666666667,1
2025-09-13 10:45:00,0.267438666666667,4.54933333333333,2.25933333333333,12.004,9.562,559.768,1
2025-09-13 11:00:00,0.265780666666667,4.45333333333333,2.28,11.298,10.3,556.573333333333,1
2025-09-13 11:15:00,0.268186666666667,4.51266666666667,2.23666666666667,12.09,10.1366666666667,553.168666666667,1
2025-09-13 11:30:00,0.265695333333333,4.55266666666667,2.16466666666667,9.34933333333333,10.288,544.382666666667,2
2025-09-13 11:45:00,0.245725333333333,4.30266666666667,2.30533333333333,9.46933333333333,10.142,537.373333333333,2
2025-09-13 12:00:00,0.243979333333333,4.16466666666667,2.276,8.988,10.4006666666667,532.043333333333,2
2025-09-13 12:15:00,0.252178,3.99866666666667,1.97,8.19733333333333,10.408,522.992,2
2025-09-13 12:30:00,0.230062,3.908,1.906,8.31666666666667,10.398,518.97,2
2025-09-13 12:45:00,0.221846666666667,4.29733333333333,2.07066666666667,8.29733333333333,9.948,511.847333333333,2
2025-09-13 13:00:00,0.218473333333333,4.78266666666667,2.01,9.62666666666667,10.3353333333333,510.201333333333,2
2025-09-13 13:15:00,0.253758666666667,5.048,2.28866666666667,11.8813333333333,10.8786666666667,508.515333333333,2
2025-09-13 13:30:00,0.218945333333333,5.48333333333333,1.83066666666667,13.972,9.558,504.066,2
2025-09-13 13:45:00,0.200476,5.822,1.786,14.212,7.67866666666667,503.351333333333,1
2025-09-13 14:00:00,0.214629333333333,5.564,1.77,16.04,8.72866666666667,503.529333333333,1
2025-09-13 14:15:00,0.212899333333333,5.79333333333333,1.82733333333333,15.8546666666667,8.42466666666667,503.536666666667,1
2025-09-13 14:30:00,0.215061333333333,6.08666666666667,1.90266666666667,14.8006666666667,8.446,498.107333333333,1
2025-09-13 14:45:00,0.213239333333333,6.38333333333333,1.88733333333333,15.6286666666667,8.43866666666667,497.538,2
2025-09-13 15:00:00,0.208268,6.59266666666667,1.91,14.0126666666667,8.152,492.382666666667,2
2025-09-13 15:15:00,0.206776666666667,6.51666666666667,1.92066666666667,12.4406666666667,7.876,487.950666666667,2
2025-09-13 15:30:00,0.200352666666667,6.12466666666667,1.94533333333333,11.1606666666667,7.352,482.113333333333,2
2025-09-13 15:45:00,0.185706666666667,5.61533333333333,2.04133333333333,10.28,7.17666666666667,479.39,2
2025-09-13 16:00:00,0.177952,5.56533333333333,2.05533333333333,17.0986666666667,6.99533333333333,482.988,2
2025-09-13 16:15:00,0.19986,5.458,2.10066666666667,14.5546666666667,7.07733333333333,475.392666666667,2
2025-09-13 16:30:00,0.197606,5.43266666666667,2.11,12.7733333333333,5.948,467.966,2
2025-09-13 16:45:00,0.18268,5.32333333333333,2.09666666666667,16.3466666666667,6.55666666666667,467.58,2
2025-09-13 17:00:00,0.240718,5.51333333333333,2.152,22.0193333333333,6.39133333333333,482.715333333333,2
2025-09-13 17:15:00,0.226796666666667,5.94933333333333,2.42666666666667,31.184,7.85666666666667,494.946,2
2025-09-13 17:30:00,0.252494666666667,5.852,2.666,29.984,5.504,497.402,2
2025-09-13 17:45:00,0.243026666666667,5.86666666666667,2.81666666666667,33.076,4.40133333333333,496.735333333333,2
2025-09-13 18:00:00,0.244030666666667,5.87933333333333,2.84333333333333,33.408,4.51733333333333,500.340666666667,2
2025-09-13 18:15:00,0.241608666666667,5.888,2.88466666666667,33.6026666666667,5.09933333333333,500.116,2
2025-09-13 18:30:00,0.234606666666667,5.88466666666667,2.90866666666667,34.7833333333333,4.97666666666667,501.818,2
2025-09-13 18:45:00,0.239092,5.88066666666667,2.93933333333333,35.5693333333333,4.86066666666667,502.171333333333,2
2025-09-13 19:00:00,0.239325333333333,5.83533333333333,2.93866666666667,35.8006666666667,4.83533333333333,503.93,2
2025-09-13 19:15:00,0.243750666666667,5.75466666666667,2.93933333333333,37.736,5.28,504.026666666667,2
2025-09-13 19:30:00,0.24952,5.66466666666667,2.952,37.766,5.13666666666667,505.759333333333,2
2025-09-13 19:45:00,0.254935333333333,5.59133333333333,2.896,38.0173333333333,5.37933333333333,509.174666666667,2
2025-09-13 20:00:00,0.258959333333333,5.49933333333333,2.73266666666667,37.4026666666667,5.35066666666667,508.676,3
2025-09-13 20:15:00,0.261646666666667,5.40133333333333,2.57333333333333,36.0033333333333,5.094,509.639333333333,3
2025-09-13 20:30:00,0.261391333333333,5.34733333333333,2.446,35.7653333333333,4.57733333333333,512.041333333333,3
2025-09-13 20:45:00,0.258358666666667,5.27666666666667,2.36333333333333,35.6633333333333,5.418,512.681333333333,3
2025-09-13 21:00:00,0.26342,5.108,2.178,36.8913333333333,7.098,514.192,3
2025-09-13 21:15:00,0.264278,5.02866666666667,1.974,36.324,7.29866666666667,515.589333333333,3
2025-09-13 21:30:00,0.269703333333333,5.102,1.80933333333333,37.4466666666667,7.552,517.516,3
2025-09-13 21:45:00,0.272837333333333,5.17533333333333,1.60466666666667,38.104,7.962,518.36,3
2025-09-13 22:00:00,0.273504666666667,5.05866666666667,1.454,35.6013333333333,8.06866666666667,518.673333333333,3
2025-09-13 22:15:00,0.277484666666667,5.21666666666667,1.34733333333333,35.72,7.48133333333333,520.92,3
2025-09-13 22:30:00,0.26771,4.972,1.27666666666667,33.646,6.86133333333333,522.760666666667,3
2025-09-13 22:45:00,0.263248666666667,4.968,1.172,34.2926666666667,7.56,522.864666666667,3
2025-09-13 23:00:00,0.265916,5.08133333333333,1.06733333333333,34.32,7.76866666666667,523.971333333333,3
2025-09-13 23:15:00,0.267631333333333,5.384,0.933333333333333,34.462,8.208,526.132666666667,3
2025-09-13 23:30:00,0.270548333333333,5.44333333333333,0.823333333333333,34.2216666666667,8.16166666666667,526.498333333333,3
2025-09-14,0.279107333333333,6.02133333333333,0.702666666666667,33.2226666666667,8.14666666666667,535.736,3
2025-09-14 00:15:00,0.276370666666667,5.974,0.778,32.45,8.44866666666667,536.643333333333,3
2025-09-14 00:30:00,0.267407333333333,5.64266666666667,0.92,30.9606666666667,8.44,547.837333333333,3
2025-09-14 00:45:00,0.268014,5.846,1.10733333333333,30.816,8.46,548.044666666667,3
2025-09-14 01:00:00,0.269004,5.756,1.17333333333333,29.5366666666667,8.078,551.819333333333,3
2025-09-14 01:15:00,0.271056,5.73,1.326,27.6626666666667,7.74333333333333,553.425333333333,3
2025-09-14 01:30:00,0.269361333333333,5.52533333333333,1.47133333333333,26.2893333333333,7.60266666666667,553.826,3
2025-09-14 01:45:00,0.2623,5.31933333333333,1.424,26.0653333333333,7.912,565.028666666667,2
2025-09-14 02:00:00,0.259040666666667,5.342,1.374,26.726,7.892,569.997333333333,2
2025-09-14 02:15:00,0.262104666666667,5.53266666666667,1.292,26.7313333333333,7.62133333333333,570.464,2
2025-09-14 02:30:00,0.267684666666667,5.424,1.456,24.4613333333333,7.02333333333333,563.189333333333,2
2025-09-14 02:45:00,0.264242666666667,5.11266666666667,1.60733333333333,22.786,7.034,563.045333333333,2
2025-09-14 03:00:00,0.256059333333333,5.228,1.48533333333333,23.9806666666667,8.014,579.537333333333,2
2025-09-14 03:15:00,0.249967333333333,4.886,1.41066666666667,23.6286666666667,7.98066666666667,593.966666666667,2
2025-09-14 03:30:00,0.260395333333333,5.17733333333333,1.52866666666667,22.5226666666667,7.318,573.274,2
2025-09-14 03:45:00,0.258164,4.89,1.6,21.5766666666667,7.06733333333333,577.449333333333,2
2025-09-14 04:00:00,0.256382,4.84266666666667,1.71,20.128,7.06133333333333,580.068,2
2025-09-14 04:15:00,0.256536,4.61866666666667,1.75866666666667,19.7486666666667,6.958,584.860666666667,2
2025-09-14 04:30:00,0.251873333333333,4.52466666666667,1.73733333333333,21.8406666666667,7.224,590.644,2
2025-09-14 04:45:00,0.249695333333333,4.69266666666667,1.53133333333333,20.8673333333333,6.92,598.857333333333,2
2025-09-14 05:00:00,0.250284,4.654,1.50466666666667,19.6426666666667,6.996,602.390666666667,2
2025-09-14 05:15:00,0.258659333333333,4.574,1.64466666666667,16.6013333333333,6.85,610.676,2
2025-09-14 05:30:00,0.255461333333333,4.51066666666667,1.59866666666667,17.2713333333333,7.024,608.933333333333,2
2025-09-14 05:45:00,0.254756,4.548,1.55466666666667,15.9753333333333,6.986,615.48,2
2025-09-14 06:00:00,0.254626666666667,4.45733333333333,1.59866666666667,13.348,6.878,628.8,2
2025-09-14 06:15:00,0.246605333333333,4.104,1.73533333333333,13.368,6.64933333333333,628.044,2
2025-09-14 06:30:00,0.247422,4.22133333333333,1.66666666666667,13.156,6.63866666666667,634.163333333333,2
2025-09-14 06:45:00,0.247468666666667,4.464,1.86266666666667,12.1113333333333,6.38933333333333,632.517333333333,2
2025-09-14 07:00:00,0.272872,4.614,1.72333333333333,11.738,6.29066666666667,636.098666666667,2
2025-09-14 07:15:00,0.259224666666667,4.27333333333333,1.706,10.2826666666667,6.278,640.555333333333,1
2025-09-14 07:30:00,0.261920666666667,4.202,1.792,9.46466666666667,6.31466666666667,641.783333333333,1
2025-09-14 07:45:00,0.262572666666667,3.90933333333333,1.896,9.90333333333333,6.53466666666667,627.949333333333,1
2025-09-14 08:00:00,0.261975333333333,3.78,1.984,8.66,6.72866666666667,624.857333333333,1
2025-09-14 08:15:00,0.263344666666667,3.88733333333333,2.236,8.09466666666667,6.76066666666667,617.598666666667,1
2025-09-14 08:30:00,0.288142666666667,3.96066666666667,2.57266666666667,3.778,7.35133333333333,616.844,1
2025-09-14 08:45:00,0.276240666666667,3.98466666666667,2.63,4.70533333333333,7.548,600.985333333333,1
2025-09-14 09:00:00,0.278925333333333,4.01933333333333,3.31,1.37066666666667,8.21933333333333,578.591333333333,1
2025-09-14 09:15:00,0.263906666666667,3.88,3.304,3.30466666666667,8.606,555.705333333333,1
2025-09-14 09:30:00,0.241867333333333,3.79466666666667,3.194,9.22533333333333,8.94866666666667,551.569333333333,1
2025-09-14 09:45:00,0.228818,3.96533333333333,3.02666666666667,13.632,8.92333333333333,555.85,1
2025-09-14 10:00:00,0.224768,3.93866666666667,2.91333333333333,13.9826666666667,8.536,551.938666666667,1
2025-09-14 10:15:00,0.226851333333333,4.07866666666667,2.92466666666667,16.2326666666667,8.79,555.521333333333,1
2025-09-14 10:30:00,0.230748,4.15733333333333,2.63466666666667,15.7606666666667,8.44066666666667,551.152,1
2025-09-14 10:45:00,0.230152666666667,4.016,2.57533333333333,16.544,8.71,545.700666666667,1
2025-09-14 11:00:00,0.227914666666667,4.18933333333333,8.09466666666667,18.482,8.36666666666667,547.185333333333,1
2025-09-14 11:15:00,0.265344666666667,4.45733333333333,2.24133333333333,24.1686666666667,8.494,550.414,1
2025-09-14 11:30:00,0.242952666666667,4.66333333333333,2.18666666666667,26.2833333333333,6.32,553.659333333333,1
2025-09-14 11:45:00,0.257356666666667,4.89733333333333,2.24533333333333,24.388,6.34666666666667,558.757333333333,2
2025-09-14 12:00:00,0.301314,5.50666666666667,1.58733333333333,27.414,7.478,562.925333333333,2
2025-09-14 12:15:00,0.254730666666667,5.25066666666667,1.47333333333333,23.6346666666667,7.04533333333333,562.708,2
2025-09-14 12:30:00,0.264202666666667,4.86,1.71533333333333,20.686,6.35,565.004666666667,2
2025-09-14 12:45:00,0.249923333333333,5.10866666666667,1.36533333333333,23.3373333333333,6.234,565.566666666667,2
2025-09-14 13:00:00,0.258838,4.81066666666667,1.46266666666667,20.0206666666667,5.974,564.891333333333,2
2025-09-14 13:15:00,0.256748666666667,4.712,1.512,20.7726666666667,5.84466666666667,564.955333333333,2
2025-09-14 13:30:00,0.24824,4.638,1.666,19.66,4.98,564.346,2
2025-09-14 13:45:00,0.249346,4.78666666666667,1.442,22.618,6.14133333333333,565.613333333333,2
2025-09-14 14:00:00,0.252702,4.85333333333333,1.35,22.142,6.85533333333333,564.225333333333,2
2025-09-14 14:15:00,0.250368666666667,4.57466666666667,1.50266666666667,18.9533333333333,7.39066666666667,565.582666666667,2
2025-09-14 14:30:00,0.249282,4.51733333333333,1.55866666666667,21.6973333333333,7.16133333333333,563.791333333333,2
2025-09-14 14:45:00,0.247328,4.61733333333333,1.36933333333333,22.434,7.44533333333333,564.304666666667,2
2025-09-14 15:00:00,0.274630666666667,4.90133333333333,1.31066666666667,21.93,7.64466666666667,564.716,2
2025-09-14 15:15:00,0.252454,4.486,1.27533333333333,19.036,7.54333333333333,565.992666666667,2
2025-09-14 15:30:00,0.250522666666667,4.128,1.50866666666667,17.646,7.69733333333333,565.316666666667,2
2025-09-14 15:45:00,0.256527333333333,4.342,1.47933333333333,20.5486666666667,7.40333333333333,568.658,2
2025-09-14 16:00:00,0.256,4.17266666666667,1.594,18.8226666666667,7.65533333333333,567.767333333333,2
2025-09-14 16:15:00,0.247424,4.16933333333333,1.62733333333333,17.998,7.69733333333333,564.016,2
2025-09-14 16:30:00,0.243516666666667,3.93666666666667,1.94866666666667,17.4,7.48733333333333,559.656,2
2025-09-14 16:45:00,0.46811,4.13,4.28333333333333,18.9833333333333,7.76333333333333,560.16,2
2025-09-14 17:00:00,0.25276,3.92333333333333,1.99933333333333,19.524,7.628,564.810666666667,2
2025-09-14 17:15:00,0.249266666666667,4.18733333333333,1.65466666666667,22.146,7.48933333333333,563.985333333333,2
2025-09-14 17:30:00,0.245302,3.96933333333333,1.90866666666667,17.0473333333333,7.84666666666667,562.876666666667,2
2025-09-14 17:45:00,0.24577,3.928,2.24533333333333,18.222,8.03866666666667,564.256,2
2025-09-14 18:00:00,0.238061333333333,3.89266666666667,2.098,19.4733333333333,7.978,564.473333333333,2
2025-09-14 18:15:00,0.240501333333333,3.968,1.868,19.9806666666667,7.93266666666667,565.028,2
2025-09-14 18:30:00,0.236456,3.786,1.88,18.5033333333333,7.94466666666667,566.288,2
2025-09-14 18:45:00,0.239704,3.70666666666667,1.93333333333333,17.7553333333333,7.78066666666667,569.622,2
2025-09-14 19:00:00,0.270638666666667,3.858,1.72133333333333,18.2826666666667,7.85133333333333,572.722,2
2025-09-14 19:15:00,0.289754666666667,3.604,1.73533333333333,16.0753333333333,7.80066666666667,574.736,2
2025-09-14 19:30:00,0.245454,3.67666666666667,1.75933333333333,17.4446666666667,7.48533333333333,574.294666666667,2
2025-09-14 19:45:00,0.249912666666667,3.66866666666667,1.826,16.994,7.95533333333333,574.551333333333,2
2025-09-14 20:00:00,0.251338,3.74533333333333,1.68066666666667,17.26,7.58466666666667,583.874666666667,2
2025-09-14 20:15:00,0.240164666666667,3.49,1.54933333333333,16.7886666666667,7.202,585.174,2
2025-09-14 20:30:00,0.246938666666667,3.59,1.482,16.4213333333333,7.084,581.696666666667,2
2025-09-14 20:45:00,0.249785333333333,3.52466666666667,1.704,14.908,7.2,584.491333333333,2
2025-09-14 21:00:00,0.24382,3.34666666666667,1.586,14.874,7.09533333333333,585.199333333333,2
2025-09-14 21:15:00,0.243640666666667,3.324,1.56,13.8626666666667,7.02466666666667,590.016,2
2025-09-14 21:30:00,0.245754666666667,3.31,1.63,11.7106666666667,7.06466666666667,589.984666666667,1
2025-09-14 21:45:00,0.243393333333333,3.234,1.76066666666667,11.3273333333333,6.94066666666667,589.358,1
2025-09-14 22:00:00,0.24389,3.32533333333333,1.89066666666667,10.062,7.09066666666667,593.124,1
2025-09-14 22:15:00,0.243267333333333,3.30266666666667,1.81133333333333,11.3706666666667,7.15333333333333,593.708666666667,1
2025-09-14 22:30:00,0.243664,3.23,1.79933333333333,9.726,7.27733333333333,600.718,1
2025-09-14 22:45:00,0.241963333333333,3.18933333333333,1.84333333333333,9.41866666666667,7.38666666666667,602.912666666667,1
2025-09-14 23:00:00,0.240937333333333,3.18733333333333,1.80933333333333,8.80133333333333,7.44333333333333,608.670666666667,1
2025-09-14 23:15:00,0.240408,3.15933333333333,1.876,7.40533333333333,7.22733333333333,612.026,1
2025-09-14 23:30:00,0.239234,3.121,1.851,7.287,7.524,611.638,1
2025-09-15,0.240008666666667,3.13733333333333,1.888,7.83266666666667,7.23066666666667,610.034666666667,1
2025-09-15 00:15:00,0.238633333333333,3.116,1.97333333333333,7.4,7.214,610.244,1
2025-09-15 00:30:00,0.241393333333333,3.11266666666667,1.95133333333333,6.26066666666667,7.29533333333333,613.936666666667,1
2025-09-15 00:45:00,0.239587333333333,3.09133333333333,2.00066666666667,5.402,7.16466666666667,620.44,1
2025-09-15 01:00:00,0.236424,3.06133333333333,1.964,6.66066666666667,7.22866666666667,620.33,1
2025-09-15 01:15:00,0.236586,3.06866666666667,2.09,4.83933333333333,7.336,623.621333333333,1
2025-09-15 01:30:00,0.236090666666667,3.08533333333333,2.01866666666667,5.728,7.13866666666667,627.218666666667,1
2025-09-15 01:45:00,0.235782666666667,3.06933333333333,2.08666666666667,5.47133333333333,7.30866666666667,634.782666666667,1
2025-09-15 02:00:00,0.236593333333333,3.01266666666667,2.096,3.11733333333333,6.85333333333333,634.34,1
2025-09-15 02:15:00,0.237629333333333,3.05133333333333,2.11933333333333,3.716,6.772,639.446,1
2025-09-15 02:30:00,0.236776666666667,3.01533333333333,2.09933333333333,3.51133333333333,7.26066666666667,642.33,1
2025-09-15 02:45:00,0.235154,2.964,2.11066666666667,3.54666666666667,7.10266666666667,643.791333333333,1
2025-09-15 03:00:00,0.233537333333333,2.95333333333333,2.12133333333333,5.932,7.068,635.697333333333,1
2025-09-15 03:15:00,0.231923333333333,2.91533333333333,2.218,5.27,7.12,640.258666666667,1
2025-09-15 03:30:00,0.233366,2.92866666666667,2.17533333333333,5.76466666666667,6.976,639.263333333333,1
2025-09-15 03:45:00,0.236344,2.92933333333333,2.30466666666667,4.47066666666667,6.38133333333333,636.451333333333,1
2025-09-15 04:00:00,0.235486,2.90533333333333,2.33,4.59666666666667,6.44333333333333,646.578,1
2025-09-15 04:15:00,0.23624,2.91333333333333,2.318,4.488,5.97466666666667,633.601333333333,1
2025-09-15 04:30:00,0.235818666666667,2.94266666666667,2.29733333333333,3.98,5.62533333333333,631.650666666667,1
2025-09-15 04:45:00,0.234378666666667,2.91533333333333,2.30333333333333,3.93866666666667,5.84466666666667,637.032,1
2025-09-15 05:00:00,0.233309333333333,2.90533333333333,2.31666666666667,3.37733333333333,5.778,639.953333333333,1
2025-09-15 05:15:00,0.232608,2.92333333333333,2.372,4.12,5.72866666666667,638.981333333333,1
2025-09-15 05:30:00,0.233599333333333,2.91133333333333,2.49133333333333,2.57666666666667,5.47066666666667,637.608666666667,1
2025-09-15 05:45:00,0.253537333333333,3.01933333333333,4.118,4.20666666666667,5.644,646.392,1
2025-09-15 06:00:00,0.248852,2.97333333333333,2.77333333333333,2.90066666666667,5.17933333333333,643.39,1
2025-09-15 06:15:00,0.237692666666667,2.96133333333333,2.594,2.56133333333333,4.77666666666667,643.638666666667,1
2025-09-15 06:30:00,0.248659333333333,3.07,3.14933333333333,2.08,5.20066666666667,647.75,1
2025-09-15 06:45:00,0.243494,2.99466666666667,3.408,1.49466666666667,5.08533333333333,652.125333333333,1
2025-09-15 07:00:00,0.426291333333333,3.03066666666667,7.00933333333333,3.81866666666667,3.89666666666667,635.264,1
2025-09-15 07:15:00,0.90683,3.12466666666667,5.80933333333333,2.858,4.34466666666667,641.639333333333,1
2025-09-15 07:30:00,0.334211333333333,3.038,2.73066666666667,3.54533333333333,3.44933333333333,633.924666666667,1
2025-09-15 07:45:00,0.306981333333333,3.16466666666667,3.47266666666667,3.54733333333333,3.308,632.734,1
2025-09-15 08:00:00,0.273349333333333,3.23933333333333,2.95466666666667,2.56733333333333,3.35733333333333,629,1
2025-09-15 08:15:00,0.260212,3.266,2.84133333333333,3.66866666666667,2.952,622.929333333333,1
2025-09-15 08:30:00,0.24157,3.20133333333333,2.61866666666667,4.43666666666667,2.476,612.74,1
2025-09-15 08:45:00,0.237778,3.27733333333333,2.626,5.37866666666667,2.55733333333333,610.114,1
2025-09-15 09:00:00,0.239658666666667,3.30733333333333,2.91733333333333,4.37266666666667,2.28066666666667,601.336666666667,1
2025-09-15 09:15:00,0.229468,3.43066666666667,2.76733333333333,4.14533333333333,2.282,591.502,1
2025-09-15 09:30:00,0.225579333333333,3.57066666666667,2.84866666666667,4.21133333333333,2.53066666666667,587.142666666667,1
2025-09-15 09:45:00,0.225858,3.852,3.13,1.522,2.45266666666667,582.573333333333,1
2025-09-15 10:00:00,0.234832666666667,4.204,3.29266666666667,-4.556,1.86133333333333,562.322,1
2025-09-15 10:15:00,0.211922666666667,3.52133333333333,4.24866666666667,-3.972,2.46733333333333,553.963333333333,1
2025-09-15 10:30:00,0.236023333333333,3.594,4.08066666666667,1.40133333333333,2.70533333333333,555.104,1
2025-09-15 10:45:00,0.201751333333333,3.65333333333333,3.43733333333333,2.47,3.25266666666667,551.665333333333,1
2025-09-15 11:00:00,0.195728666666667,3.644,3.16333333333333,5.49933333333333,2.52533333333333,548.985333333333,1
2025-09-15 11:15:00,0.201959333333333,3.78866666666667,2.77066666666667,3.16866666666667,2.35266666666667,543.308666666667,1
2025-09-15 11:30:00,0.192598,3.978,2.37933333333333,6.34,3.038,541.492666666667,1
2025-09-15 11:45:00,0.191488666666667,4.13333333333333,2.13866666666667,9.07533333333333,3.25133333333333,540.312,1
2025-09-15 12:00:00,0.190932,4.10866666666667,1.97666666666667,11.264,3.73066666666667,539.758666666667,1
2025-09-15 12:15:00,0.195247333333333,4.06533333333333,1.84666666666667,12.526,3.87866666666667,539.220666666667,1
2025-09-15 12:30:00,0.20181,4.05066666666667,1.96333333333333,15.522,3.844,538.112666666667,1
2025-09-15 12:45:00,0.203074,4.03266666666667,1.85333333333333,17.2126666666667,3.37666666666667,537.462,1
2025-09-15 13:00:00,0.209376666666667,4.06933333333333,1.88866666666667,17.2186666666667,3.284,536.796,1
2025-09-15 13:15:00,0.212820666666667,4.08066666666667,1.94866666666667,17.1913333333333,2.92333333333333,536.442666666667,1
2025-09-15 13:30:00,0.217402,4.15933333333333,1.98466666666667,16.8126666666667,2.93733333333333,535.967333333333,1
2025-09-15 13:45:00,0.210229333333333,4.31733333333333,2.026,14.6733333333333,2.96333333333333,532.491333333333,1
2025-09-15 14:00:00,0.215979333333333,4.65533333333333,2.08133333333333,16.3066666666667,2.612,530.637333333333,1
2025-09-15 14:15:00,0.210516,4.80866666666667,2.12,17.754,2.53866666666667,529.014666666667,1
2025-09-15 14:30:00,0.216748,5.108,2.098,16.74,2.83533333333333,526.188,1
2025-09-15 14:45:00,0.208621333333333,5.674,2.18066666666667,16.8513333333333,2.62933333333333,523.178,1
2025-09-15 15:00:00,0.214062666666667,5.94666666666667,2.13733333333333,16.9053333333333,2.57,519.788666666667,1
2025-09-15 15:15:00,0.202228,6.27533333333333,2.25,15.5453333333333,2.23466666666667,512.972,1
2025-09-15 15:30:00,0.195452666666667,5.664,2.30266666666667,16.0493333333333,2.13466666666667,507.479333333333,1
2025-09-15 15:45:00,0.178855333333333,5.40133333333333,2.31866666666667,19.4526666666667,2.12,504.267333333333,1
2025-09-15 16:00:00,0.187118,5.35866666666667,2.358,22.9713333333333,1.95333333333333,503.625333333333,1
2025-09-15 16:15:00,0.190566,5.27,2.396,21.8066666666667,1.97533333333333,498.099333333333,1
2025-09-15 16:30:00,0.211122,5.426,2.46266666666667,22.8226666666667,1.902,499.514666666667,2
2025-09-15 16:45:00,0.239776666666667,5.49666666666667,2.39666666666667,19.8666666666667,2.1,504.073333333333,2
2025-09-15 17:00:00,0.230632,5.918,2.552,30.5646666666667,1.996,517.13,2
2025-09-15 17:15:00,0.313878666666667,5.45666666666667,2.63266666666667,32.402,2.00133333333333,530.534,2
2025-09-15 17:30:00,0.279956,6.23066666666667,2.12266666666667,34.562,2.01,538.417333333333,2
2025-09-15 17:45:00,0.297672666666667,8.41666666666667,1.478,31.1353333333333,2.45333333333333,550.929333333333,2
2025-09-15 18:00:00,0.316081333333333,9.23066666666667,1.09133333333333,28.3853333333333,4.37933333333333,562.008666666667,2
2025-09-15 18:15:00,0.361845333333333,9.08266666666667,0.812666666666667,24.296,3.38733333333333,562.426,2
2025-09-15 18:30:00,0.376548,9.43733333333333,6.40533333333333,20.722,3.58266666666667,562.988666666667,2
2025-09-15 18:45:00,0.333079333333333,8.75133333333333,0.640666666666667,20.9626666666667,2.718,575.940666666667,2
2025-09-15 19:00:00,0.365294,9.10866666666667,0.686666666666667,18.642,3.84066666666667,582.453333333333,2
2025-09-15 19:15:00,0.334694666666667,8.42066666666667,0.956666666666667,17.5713333333333,3.20933333333333,589.076,2
2025-09-15 19:30:00,0.324800666666667,8.00733333333333,0.867333333333333,17.2253333333333,2.904,593.725333333333,2
2025-09-15 19:45:00,0.312576666666667,7.15533333333333,1.04933333333333,17.3793333333333,2.21266666666667,581.899333333333,2
2025-09-15 20:00:00,0.33544,7.42933333333333,0.882666666666667,17.32,3.502,594.376666666667,2
2025-09-15 20:15:00,0.328348,6.864,0.936,13.822,3.486,603.811333333333,2
2025-09-15 20:30:00,0.331729333333333,8.63133333333333,1.16333333333333,14.268,3.37666666666667,605.586666666667,2
2025-09-15 20:45:00,0.335924666666667,8.63266666666667,2.50533333333333,11.8893333333333,3.72533333333333,620.674,2
2025-09-15 21:00:00,0.325041333333333,6.72133333333333,1.15066666666667,10.3733333333333,3.41133333333333,621.902,2
2025-09-15 21:15:00,0.310658,6.49133333333333,1.136,10.6673333333333,3.22733333333333,632.726,2
2025-09-15 21:30:00,0.296152,5.91333333333333,1.20666666666667,11.9466666666667,3.07066666666667,629.804666666667,2
2025-09-15 21:45:00,0.372089333333333,5.326,1.42533333333333,8.722,3.12933333333333,644.538666666667,2
2025-09-15 22:00:00,0.305257333333333,5.25266666666667,1.30266666666667,9.17866666666667,3.05666666666667,649.462,1
2025-09-15 22:15:00,0.275438,4.74,1.35866666666667,8.55866666666667,3.19533333333333,652.230666666667,1
2025-09-15 22:30:00,0.265334,4.654,1.41866666666667,8.57733333333333,2.90333333333333,655.226,1
2025-09-15 22:45:00,0.255997333333333,4.30933333333333,1.47933333333333,8.74266666666667,2.50866666666667,652.254666666667,1
2025-09-15 23:00:00,0.249156666666667,4.04266666666667,1.546,8.79933333333333,2.52933333333333,656.052666666667,1
2025-09-15 23:15:00,0.246874666666667,4.08666666666667,1.58133333333333,9.48333333333333,2.54266666666667,653.570666666667,1
2025-09-15 23:30:00,0.248557,3.869,1.942,6.372,2.519,658.659,1
2025-09-16,0.246708666666667,3.64533333333333,2.31666666666667,5.32933333333333,2.498,673.493333333333,1
2025-09-16 00:15:00,0.244348666666667,3.49466666666667,2.09333333333333,5.76333333333333,2.51533333333333,678.19,1
2025-09-16 00:30:00,0.241604666666667,3.14866666666667,2.76133333333333,3.21133333333333,2.58466666666667,696.530666666667,1
2025-09-16 00:45:00,0.238766,3.09466666666667,2.58066666666667,4.85466666666667,2.56933333333333,692.644,1
2025-09-16 01:00:00,0.239292,3.07266666666667,2.33133333333333,5.92133333333333,2.56866666666667,690.249333333333,1
2025-09-16 01:15:00,0.234034,2.744,2.79466666666667,4.072,2.56733333333333,702.858,1
2025-09-16 01:30:00,0.232914,2.75933333333333,2.74533333333333,4.24133333333333,2.31733333333333,703.654,1
2025-09-16 01:45:00,0.230659333333333,2.644,3.104,4.24,2.38933333333333,713.136666666667,1
2025-09-16 02:00:00,0.230051333333333,2.57533333333333,2.86,4.26533333333333,2.254,709.595333333333,1
2025-09-16 02:15:00,0.228000666666667,2.732,2.47333333333333,6.68266666666667,2.02133333333333,698.472666666667,1
2025-09-16 02:30:00,0.228198,2.43,2.78933333333333,3.71666666666667,1.788,697.004,1
2025-09-16 02:45:00,0.226233333333333,2.318,2.75066666666667,4.35133333333333,1.698,700.778,1
2025-09-16 03:00:00,0.221685333333333,1.91466666666667,3.82533333333333,2.146,2.02533333333333,723.511333333333,1
2025-09-16 03:15:00,0.22203,2.00933333333333,3.72733333333333,3.05733333333333,1.906,721.085333333333,1
2025-09-16 03:30:00,0.220409333333333,1.88666666666667,4.19866666666667,2.94866666666667,1.79533333333333,736.012666666667,1
2025-09-16 03:45:00,0.22073,1.82666666666667,4.276,2.88733333333333,1.88133333333333,733.500666666667,1
2025-09-16 04:00:00,0.219082666666667,1.786,3.91533333333333,3.98133333333333,1.75,730.986666666667,1
2025-09-16 04:15:00,0.219392666666667,1.802,3.59,4.136,1.69,733.909333333333,1
2025-09-16 04:30:00,0.219270666666667,1.702,3.612,4.01466666666667,1.46533333333333,730.922,1
2025-09-16 04:45:00,0.219868666666667,1.65866666666667,3.26066666666667,4.84666666666667,1.088,709.65,1
2025-09-16 05:00:00,0.217961333333333,1.514,3.62066666666667,3.32466666666667,1.29466666666667,722.355333333333,1
2025-09-16 05:15:00,0.222266666666667,1.57,3.62,3.92733333333333,1.176,720.313333333333,1
2025-09-16 05:30:00,0.217153333333333,1.484,3.86,3.858,1.22866666666667,728.362,1
2025-09-16 05:45:00,0.221771333333333,1.53466666666667,3.71333333333333,4.12133333333333,1.28533333333333,724.338,1
2025-09-16 06:00:00,0.235318666666667,1.45733333333333,3.91133333333333,3.74666666666667,1.32066666666667,719.768666666667,1
2025-09-16 06:15:00,0.234006,1.39266666666667,3.68733333333333,3.85533333333333,1.16466666666667,713.585333333333,1
2025-09-16 06:30:00,0.233754666666667,1.38533333333333,4.16866666666667,2.75266666666667,1.07266666666667,718.611333333333,1
2025-09-16 06:45:00,0.261066,1.38733333333333,4.67266666666667,3.39666666666667,1.02133333333333,726.224666666667,1
2025-09-16 07:00:00,0.410215333333333,1.52933333333333,10.438,2.85733333333333,1.14066666666667,732.350666666667,1
2025-09-16 07:15:00,0.257466666666667,1.364,5.34733333333333,3.45666666666667,1.214,728.672666666667,1
2025-09-16 07:30:00,0.269679333333333,1.494,6.49266666666667,4.16933333333333,1.15666666666667,727.228,1
2025-09-16 07:45:00,0.2445,1.71133333333333,4.65866666666667,4.34133333333333,1.042,715.384666666667,1
2025-09-16 08:00:00,0.363608,1.79733333333333,4.61866666666667,4.93333333333333,1.11333333333333,700.955333333333,1
2025-09-16 08:15:00,0.252175333333333,2.13266666666667,4.05666666666667,3.91533333333333,0.984666666666667,693.118666666667,1
2025-09-16 08:30:00,0.243027333333333,2.824,3.836,1.81,1.66866666666667,673.838666666667,1
2025-09-16 08:45:00,0.261664666666667,3.11466666666667,4.70533333333333,-1.54266666666667,2.67533333333333,657.522666666667,1
2025-09-16 09:00:00,0.257796,3.24333333333333,4.44133333333333,-2.61933333333333,3.178,632.318,1
2025-09-16 09:15:00,0.23696,3.46,3.84333333333333,-2.426,3.73133333333333,617.334,1
2025-09-16 09:30:00,0.2286,3.67066666666667,3.76933333333333,-2.99666666666667,3.94666666666667,610.291333333333,1
2025-09-16 09:45:00,0.222518,3.64533333333333,4.31466666666667,-4.20133333333333,3.916,594.432666666667,1
2025-09-16 10:00:00,0.216644,3.65133333333333,5.46533333333333,-1.044,4.70133333333333,584.932666666667,1
2025-09-16 10:15:00,0.217902666666667,3.61333333333333,3.85466666666667,-1.27533333333333,4.30866666666667,574.269333333333,1
2025-09-16 10:30:00,0.203554666666667,4.066,4.66733333333333,-0.722666666666667,4.14266666666667,565.108,1
2025-09-16 10:45:00,0.192257333333333,4.32266666666667,3.82,6.036,4.81066666666667,560.74,1
2025-09-16 11:00:00,0.196332666666667,4.966,3.604,5.74466666666667,3.64866666666667,553.008,1
2025-09-16 11:15:00,0.206195333333333,4.74333333333333,2.89466666666667,11.9873333333333,4.22333333333333,554.855333333333,1
2025-09-16 11:30:00,0.194185333333333,5.526,2.68133333333333,8.21466666666667,4.308,543.628666666667,1
2025-09-16 11:45:00,0.195598666666667,5.98733333333333,2.542,11.922,4.592,542.568666666667,1
2025-09-16 12:00:00,0.195301333333333,6.178,2.39533333333333,12.2233333333333,4.554,532.942,1
2025-09-16 12:15:00,0.192175333333333,6.22066666666667,2.21066666666667,13.5433333333333,4.63933333333333,531.874,1
2025-09-16 12:30:00,0.195325333333333,6.17666666666667,2.39533333333333,14.5926666666667,4.49,529.592,1
2025-09-16 12:45:00,0.190874,5.97533333333333,2.282,21.9933333333333,4.906,531.995333333333,1
2025-09-16 13:00:00,0.199988,6.25466666666667,2.326,16.3506666666667,4.59666666666667,528.934666666667,1
2025-09-16 13:15:00,0.207497333333333,6.20133333333333,2.37066666666667,20.1766666666667,4.68933333333333,526.718,1
2025-09-16 13:30:00,0.209232666666667,6.072,2.366,21.238,4.73933333333333,525.714666666667,1
2025-09-16 13:45:00,0.230102,6.00266666666667,2.38933333333333,19.2566666666667,4.75733333333333,519.981333333333,1
2025-09-16 14:00:00,0.216525333333333,6.23666666666667,2.428,18.7306666666667,4.82666666666667,520.224,2
2025-09-16 14:15:00,0.217634,6.17266666666667,2.43733333333333,18.3846666666667,5.00866666666667,514.769333333333,2
2025-09-16 14:30:00,0.213673333333333,6.11066666666667,2.43133333333333,19.6466666666667,4.74066666666667,512.433333333333,2
2025-09-16 14:45:00,0.226208,5.94533333333333,2.426,18.4626666666667,4.852,508.604,2
2025-09-16 15:00:00,0.216143333333333,5.692,2.44,18.1986666666667,5.054,502.862666666667,2
2025-09-16 15:15:00,0.211445333333333,5.51933333333333,2.40866666666667,17.0973333333333,5.54066666666667,497.185333333333,2
2025-09-16 15:30:00,0.240144,5.298,2.63066666666667,17.8746666666667,6.06,492.014,2
2025-09-16 15:45:00,0.208314666666667,5.27933333333333,2.412,18.3853333333333,6.136,486.440666666667,2
2025-09-16 16:00:00,0.212308666666667,5.33533333333333,2.416,17.54,6.26333333333333,484.836,2
2025-09-16 16:15:00,0.224434666666667,5.45866666666667,2.39866666666667,19.2153333333333,6.498,483.647333333333,2
2025-09-16 16:30:00,0.227054,5.538,2.476,21.5626666666667,6.63266666666667,485.036666666667,2
2025-09-16 17:00:00,0.314496666666667,5.56133333333333,2.56133333333333,27.1933333333333,7.218,511.631333333333,2
2025-09-16 17:15:00,0.338820666666667,5.75,2.82066666666667,32.9226666666667,8.40666666666667,517.42,2
2025-09-16 17:30:00,0.395647333333333,8.068,2.624,27.4426666666667,7.65533333333333,534.764,2
2025-09-16 17:45:00,0.400066,7.79533333333333,2.71466666666667,29.9053333333333,7.828,537.871333333333,2
2025-09-16 18:00:00,0.417590666666667,10.342,3.02466666666667,23.5293333333333,9.53,548.784666666667,2
2025-09-16 18:15:00,0.374357333333333,8.27266666666667,2.21333333333333,23.2613333333333,9.162,551.256666666667,2
2025-09-16 18:30:00,0.420493333333333,8.86933333333333,1.58266666666667,16.9846666666667,8.28466666666667,560.675333333333,2
2025-09-16 18:45:00,0.495012,9.01266666666667,1.48133333333333,18.61,8.986,568.127333333333,2
2025-09-16 19:00:00,0.860749333333333,9.94466666666667,5.51133333333333,17.5153333333333,9.734,577.418,2
2025-09-16 19:15:00,0.541185333333333,9.83066666666667,1.078,16.0793333333333,9.67266666666667,585.512666666667,2
2025-09-16 19:30:00,0.464287333333333,10.1553333333333,1.23933333333333,12.8593333333333,9.80466666666667,591.647333333333,2
2025-09-16 19:45:00,0.433194666666667,8.99,0.758,11.7206666666667,9.09,601.867333333333,2
2025-09-16 20:00:00,0.491636666666667,9.76,0.806666666666667,11.5566666666667,9.52733333333333,611.93,2
2025-09-16 20:15:00,0.402711333333333,8.46733333333333,0.8,11.0886666666667,9.414,616.885333333333,2
2025-09-16 20:30:00,0.436257333333333,8.99466666666667,0.8,10.5113333333333,9.65066666666667,620.327333333333,2
2025-09-16 20:45:00,0.421760666666667,7.71,1.02,7.90733333333333,8.67066666666667,622.424,2
2025-09-16 21:00:00,0.389102666666667,7.504,1.06666666666667,10.9886666666667,8.76733333333333,629.242,2
2025-09-16 21:15:00,0.364292666666667,6.93933333333333,0.971333333333333,9.92466666666667,9.158,636.981333333333,2
2025-09-16 21:30:00,0.531727333333333,6.686,1.11733333333333,8.09066666666667,8.17666666666667,648.312,2
2025-09-16 21:45:00,0.413140666666667,6.74,1.13333333333333,7.26666666666667,7.89533333333333,648.2,2
2025-09-16 22:00:00,0.370558,6.31933333333333,1.12733333333333,7.898,8.408,655.232666666667,2
2025-09-16 22:15:00,0.360808,5.876,1.15066666666667,6.78133333333333,8.134,654.23,2
2025-09-16 22:30:00,0.330833333333333,5.66266666666667,1.21133333333333,6.76933333333333,7.976,656.140666666667,2
2025-09-16 22:45:00,0.333588,5.38333333333333,1.32,4.73066666666667,7.742,660.05,1
2025-09-16 23:00:00,0.331135333333333,5.06733333333333,1.39733333333333,5.216,7.542,658.686666666667,1
2025-09-16 23:15:00,0.331274666666667,4.67533333333333,1.598,4.278,7.51266666666667,666.418,1
2025-09-16 23:30:00,0.336145454545455,4.46090909090909,2.25818181818182,2.88363636363636,7.18,672.857272727273,1
2025-09-17,0.311132666666667,4.026,2.374,4.07,7.12733333333333,679.675333333333,1
2025-09-17 00:15:00,0.297454,3.67266666666667,2.53333333333333,3.652,7.13266666666667,686.438,1
2025-09-17 00:30:00,0.291695333333333,3.50266666666667,2.84866666666667,2.91066666666667,7.01733333333333,692.628,1
2025-09-17 00:45:00,0.284924,3.31466666666667,2.94333333333333,3.49533333333333,7.282,700.61,1
2025-09-17 01:00:00,0.282587333333333,3.29,3.33266666666667,2.8,6.76466666666667,707.186666666667,1
2025-09-17 01:15:00,0.277406,3.236,3.20333333333333,3.794,7.00066666666667,707.339333333333,1
2025-09-17 01:30:00,0.275097333333333,2.98,3.60333333333333,2.11733333333333,6.68733333333333,713.818666666667,1
2025-09-17 01:45:00,0.272453333333333,2.86533333333333,3.91933333333333,2.62733333333333,6.58866666666667,720.106666666667,1
2025-09-17 02:00:00,0.265949333333333,2.79666666666667,3.886,3.176,6.59466666666667,730.134666666667,1
2025-09-17 02:15:00,0.266640666666667,2.7,3.892,3.352,6.596,727.340666666667,1
2025-09-17 02:30:00,0.257024666666667,2.59466666666667,3.538,3.658,6.05466666666667,734.670666666667,1
2025-09-17 02:45:00,0.253539333333333,2.66066666666667,3.192,4.54466666666667,5.74466666666667,725.790666666667,1
2025-09-17 03:00:00,0.250585333333333,2.36866666666667,3.62733333333333,3.08066666666667,5.98466666666667,735.650666666667,1
2025-09-17 03:15:00,0.247108666666667,2.414,3.66333333333333,3.56666666666667,5.32133333333333,733.362666666667,1
2025-09-17 03:30:00,0.248761333333333,2.4,3.416,4.136,5.39,728.038,1
2025-09-17 03:45:00,0.256954666666667,2.33666666666667,4.78333333333333,2.088,5.556,734.125333333333,1
2025-09-17 04:00:00,0.247398,2.05533333333333,4.872,1.90533333333333,5.60533333333333,746.356,1
2025-09-17 04:15:00,0.242768666666667,2.04466666666667,4.506,3.032,5.37466666666667,745.214666666667,1
2025-09-17 04:30:00,0.242405333333333,2.05,4.824,2.71066666666667,5.26733333333333,749.413333333333,1
2025-09-17 04:45:00,0.251949333333333,2.032,4.65533333333333,3.47066666666667,5.18733333333333,749.574,1
2025-09-17 05:00:00,0.259397333333333,1.96466666666667,6.804,2.244,5.24533333333333,752.729333333333,1
2025-09-17 05:15:00,0.249932666666667,1.83666666666667,6.22133333333333,2.05,5.226,762.278,1
2025-09-17 05:30:00,0.242566,1.77,5.426,2.39466666666667,4.83,759.684666666667,1
2025-09-17 05:45:00,0.249872666666667,1.86933333333333,5.16733333333333,3.83533333333333,4.95066666666667,752.424666666667,1
2025-09-17 06:00:00,0.258285333333333,1.876,6.79066666666667,3.224,4.94466666666667,754.834,1
2025-09-17 06:15:00,0.243605333333333,1.80533333333333,4.672,3.51666666666667,4.63733333333333,748.748,1
2025-09-17 06:30:00,0.252453333333333,1.602,6.676,1.276,4.916,768.027333333333,1
2025-09-17 06:45:00,0.335661333333333,1.71,8.48533333333333,3.98066666666667,4.51066666666667,761.9,1
2025-09-17 07:00:00,0.278786,1.61266666666667,7.14533333333333,1.994,4.65133333333333,771.117333333333,1
2025-09-17 07:15:00,0.437397333333333,1.70466666666667,8.96333333333333,3.41,4.75,768.435333333333,1
2025-09-17 07:30:00,0.338692666666667,1.70933333333333,8.77466666666667,2.59466666666667,4.516,764.341333333333,1
2025-09-17 07:45:00,0.302719333333333,1.92066666666667,8.712,2.90866666666667,4.47333333333333,755.814,1
2025-09-17 08:00:00,0.296509333333333,2.12066666666667,6.44,2.66066666666667,4.554,745.335333333333,1
2025-09-17 08:15:00,0.297328666666667,2.526,5.04133333333333,4.06266666666667,4.73466666666667,723.575333333333,1
2025-09-17 08:30:00,0.269002,2.95133333333333,5.19466666666667,0.417333333333333,5.16533333333333,699.309333333333,1
2025-09-17 08:45:00,0.272898,3.21666666666667,3.62733333333333,-2.10266666666667,5.49666666666667,675.781333333333,1
2025-09-17 09:00:00,0.266856666666667,3.13466666666667,2.93066666666667,-0.268666666666667,6.81466666666667,652.407333333333,1
2025-09-17 09:15:00,0.290378666666667,3.44,3.21266666666667,-2.22,7.83066666666667,631.946666666667,1
2025-09-17 09:30:00,0.30721,3.72733333333333,3.44133333333333,-1.616,9.03333333333333,613.52,1
2025-09-17 09:45:00,0.30481,3.78066666666667,3.962,-5.83466666666667,9.53066666666667,603.489333333333,1
2025-09-17 10:00:00,0.247570666666667,3.718,3.57666666666667,-1.73333333333333,10.6046666666667,592.722666666667,1
2025-09-17 10:15:00,0.246528,3.56466666666667,5.00733333333333,-1.832,10.6546666666667,577.779333333333,1
2025-09-17 10:30:00,0.236467333333333,3.80933333333333,4.048,-0.00866666666666664,11.7466666666667,565.615333333333,2
2025-09-17 10:45:00,0.232350666666667,4.09266666666667,3.91666666666667,4.23133333333333,11.4053333333333,560.853333333333,2
2025-09-17 11:00:00,0.233943333333333,4.16066666666667,3.516,7.91933333333333,9.14533333333333,563.646666666667,2
2025-09-17 11:15:00,0.252533333333333,4.03533333333333,2.82266666666667,11.46,10.2313333333333,560.122666666667,2
2025-09-17 11:30:00,0.231458,4.23066666666667,2.31266666666667,11.6413333333333,10.6473333333333,553.433333333333,2
2025-09-17 11:45:00,0.247292666666667,4.76733333333333,2.286,12.692,9.186,551.547333333333,1
2025-09-17 12:00:00,0.230276,4.096,2.006,19.008,11.414,552.742666666667,2
2025-09-17 12:15:00,0.232364666666667,3.88533333333333,1.76133333333333,21.7233333333333,11.6333333333333,554.853333333333,2
2025-09-17 12:30:00,0.254061333333333,4.06466666666667,1.642,21.6946666666667,11.77,555.458,2
2025-09-17 12:45:00,0.290785333333333,4.25933333333333,1.53933333333333,22.8886666666667,12.4626666666667,555.648666666667,2
2025-09-17 13:00:00,0.27741,4.45533333333333,1.56866666666667,20.5553333333333,13.2726666666667,551.298,2
2025-09-17 13:15:00,0.276793333333333,4.096,1.84133333333333,17.174,14.242,549.603333333333,2
2025-09-17 13:30:00,0.313766666666667,4.28066666666667,2.044,16.6553333333333,14.8586666666667,538.200666666667,2
2025-09-17 13:45:00,0.267708666666667,4.62133333333333,2.05133333333333,14.0553333333333,14.754,529.931333333333,2
2025-09-17 14:00:00,0.264668666666667,5.23333333333333,1.99066666666667,13.51,15.562,524.172666666667,2
2025-09-17 14:15:00,0.259909333333333,6.15,2.04133333333333,13.968,16.57,518.15,2
2025-09-17 14:30:00,0.262414666666667,6.04066666666667,2.89066666666667,16.4826666666667,16.6466666666667,514.554,2
2025-09-17 14:45:00,0.261956,6.17933333333333,1.93,17.41,15.874,510.008,2
2025-09-17 15:00:00,0.280952666666667,6.43333333333333,1.93666666666667,16.8473333333333,19.076,503.993333333333,2
2025-09-17 15:15:00,0.340573333333333,5.704,2.82266666666667,7.48866666666667,42.3553333333333,497.796,3
2025-09-17 15:30:00,0.314663333333333,5.568,3.08666666666667,20.562,47.61,492.028666666667,4
2025-09-17 15:45:00,0.284251333333333,5.60333333333333,2.59266666666667,31.0013333333333,40.1493333333333,493.894,4
2025-09-17 16:00:00,0.271336,5.70666666666667,2.40266666666667,34.8786666666667,30.9706666666667,493.098666666667,5
2025-09-17 16:15:00,0.25609,5.48933333333333,2.464,38.5153333333333,27.3473333333333,497.844,4
2025-09-17 16:30:00,0.254780666666667,5.38333333333333,2.63533333333333,40.458,22.798,499.610666666667,4
2025-09-17 17:00:00,0.282708,5.56,2.86466666666667,42.4686666666667,18.634,503.296,3
2025-09-17 17:15:00,0.311274,5.50066666666667,2.94266666666667,44.232,14.93,507.174,3
2025-09-17 17:30:00,0.298579333333333,5.50866666666667,3.01,44.7926666666667,15.6333333333333,509.431333333333,3
2025-09-17 17:45:00,0.282512,5.562,3.09266666666667,46.6626666666667,14.0233333333333,511.526,3
2025-09-17 18:00:00,0.296930666666667,5.69133333333333,3.122,47.0026666666667,15.1873333333333,514.553333333333,3
2025-09-17 18:15:00,0.291184,5.632,3.17333333333333,46.8053333333333,11.9173333333333,515.661333333333,4
2025-09-17 18:30:00,0.291096666666667,5.67,3.22,47.1953333333333,10.9273333333333,518.190666666667,4
2025-09-17 18:45:00,0.285646,5.72866666666667,3.26066666666667,48.2773333333333,9.642,520.343333333333,4
2025-09-17 19:00:00,0.287810666666667,5.79133333333333,3.26,48.2153333333333,8.68066666666667,521.234,4
2025-09-17 19:15:00,0.281107333333333,5.76133333333333,3.244,46.9593333333333,9.55,522.672,4
2025-09-17 19:30:00,0.279946666666667,5.77133333333333,3.25466666666667,46.8506666666667,11.274,524.718666666667,4
2025-09-17 19:45:00,0.277133333333333,5.85933333333333,3.19933333333333,47.4113333333333,9.53466666666667,522.68,3
2025-09-17 20:00:00,0.277894666666667,5.94733333333333,3.124,47.5766666666667,9.48666666666667,524.477333333333,3
2025-09-17 20:15:00,0.278811333333333,5.936,3.036,46.7333333333333,8.28266666666667,523.805333333333,3
2025-09-17 20:30:00,0.305919333333333,5.89466666666667,2.94866666666667,45.812,6.37333333333333,522.816,3
2025-09-17 20:45:00,0.271858666666667,5.818,2.802,44.702,5.23466666666667,521.562666666667,3
2025-09-17 21:00:00,0.268724,5.764,2.56666666666667,45.3466666666667,4.23733333333333,523.33,3
2025-09-17 21:15:00,0.267518,5.72533333333333,2.33933333333333,46.002,4.43533333333333,524.646666666667,3
2025-09-17 21:30:00,0.270191333333333,5.802,2.21066666666667,46.8746666666667,3.70266666666667,525.434,3
2025-09-17 21:45:00,0.264317333333333,5.54133333333333,2.17266666666667,44.2,2.862,526.244666666667,3
2025-09-17 22:00:00,0.260277333333333,5.446,1.96533333333333,46.5066666666667,4.09266666666667,527.978666666667,3
2025-09-17 22:15:00,0.267880666666667,5.34266666666667,1.56666666666667,44.054,4.53533333333333,537.662666666667,3
2025-09-17 22:30:00,0.278632,5.926,1.164,41.7606666666667,6.04133333333333,547.652666666667,3
2025-09-17 22:45:00,0.287576,6.62133333333333,0.852,38.4053333333333,6.92933333333333,565.046,3
2025-09-17 23:00:00,0.293268,6.92933333333333,0.602666666666667,33.7213333333333,7.15466666666667,574.968,3
2025-09-17 23:15:00,0.296022666666667,6.84666666666667,0.544,31.5966666666667,7.15733333333333,576.783333333333,3
2025-09-17 23:30:00,0.296144545454545,7.69272727272727,0.812727272727273,32.9036363636364,7.55181818181818,588.250909090909,3
2025-09-18,0.280896666666667,5.76533333333333,0.866,33.622,4.21933333333333,553.608666666667,3
2025-09-18 00:15:00,0.267734,5.10133333333333,1.06933333333333,32.5113333333333,2.754,553.08,3
2025-09-18 00:30:00,0.258644,5.066,1.118,35.358,2.95866666666667,550.582666666667,3
2025-09-18 00:45:00,0.25513,5.132,1.20933333333333,36.2206666666667,3.63466666666667,555.664666666667,3
2025-09-18 01:00:00,0.257493333333333,5.324,1.26466666666667,35.4953333333333,4.31066666666667,562.650666666667,3
2025-09-18 01:15:00,0.262326,5.63666666666667,1.32,32.5566666666667,6.34733333333333,583.046666666667,3
2025-09-18 01:30:00,0.265267333333333,6.65533333333333,1.13933333333333,34.482,5.66733333333333,593.502,3
2025-09-18 01:45:00,0.270842,6.68933333333333,1.27733333333333,29.1,5.80266666666667,603.065333333333,2
2025-09-18 02:00:00,0.271766,6.41266666666667,1.40533333333333,25.872,6.034,610.524666666667,2
2025-09-18 02:15:00,0.274180666666667,6.35733333333333,1.51,23.1633333333333,6.676,619.708666666667,2
2025-09-18 02:30:00,0.275424,5.94133333333333,1.594,22.8286666666667,6.62066666666667,616.602666666667,2
2025-09-18 02:45:00,0.270582666666667,6.346,1.632,23.43,6.07,618.032666666667,2
2025-09-18 03:00:00,0.26394,6.03266666666667,1.68266666666667,22.8206666666667,5.314,629.226,2
2025-09-18 03:15:00,0.260783333333333,6.17933333333333,1.75,19.6673333333333,4.926,639.446,2
2025-09-18 03:30:00,0.258268666666667,6.226,1.82466666666667,20.146,4.52666666666667,639.896,2
2025-09-18 03:45:00,0.257264,6.48733333333333,1.85866666666667,16.5566666666667,4.60466666666667,649.469333333333,2
2025-09-18 04:00:00,0.255434,6.31466666666667,1.69666666666667,16.2,4.834,651.42,2
2025-09-18 04:15:00,0.253707333333333,5.53933333333333,1.59066666666667,14.1273333333333,4.62066666666667,655.612,2
2025-09-18 04:30:00,0.250606,5.55733333333333,1.49733333333333,14.31,4.61866666666667,653.033333333333,2
2025-09-18 04:45:00,0.247118666666667,5.048,1.576,12.408,4.42866666666667,662.685333333333,2
2025-09-18 05:00:00,0.247002,5.05133333333333,1.56466666666667,13.4326666666667,4.39266666666667,656.149333333333,2
2025-09-18 05:15:00,0.246811333333333,4.74666666666667,1.652,12.85,4.346,659.280666666667,2
2025-09-18 05:30:00,0.24444,4.51733333333333,1.68333333333333,13.2153333333333,3.99866666666667,657.586666666667,2
2025-09-18 05:45:00,0.242417333333333,4.268,1.71933333333333,11.172,4.15266666666667,668.7,1
2025-09-18 06:00:00,0.248560666666667,4.30866666666667,1.92266666666667,9.442,4.162,676.255333333333,1
2025-09-18 06:15:00,0.24246,3.96866666666667,1.72466666666667,11.678,4.17,667.880666666667,1
2025-09-18 06:30:00,0.247319333333333,3.68866666666667,1.91533333333333,9.24733333333333,4.08133333333333,674.962,1
2025-09-18 06:45:00,0.243199333333333,3.68933333333333,2.12066666666667,10.708,3.85866666666667,666.531333333333,1
2025-09-18 07:00:00,0.317891333333333,4.13466666666667,7.03066666666667,6.75466666666667,4.05733333333333,682.671333333333,1
2025-09-18 07:15:00,0.262612666666667,3.448,2.468,6.46666666666667,4.114,685.176,1
2025-09-18 07:30:00,0.262349333333333,3.37866666666667,2.656,8.62866666666667,4.042,673.092666666667,1
2025-09-18 07:45:00,0.39703,3.712,5.89866666666667,6.42,4.554,677.388,1
2025-09-18 08:00:00,0.326275333333333,3.604,3.72666666666667,7.86466666666667,4.37533333333333,669.632,1
2025-09-18 08:15:00,0.343006666666667,6.24733333333333,12.67,5.16333333333333,4.97733333333333,652.952,1
2025-09-18 08:30:00,0.284234666666667,4.128,4.12066666666667,3.97666666666667,4.46733333333333,620.562,1
2025-09-18 08:45:00,0.277243333333333,3.80133333333333,4.29266666666667,3.408,3.57,601.467333333333,1
2025-09-18 09:00:00,0.283097333333333,3.79666666666667,4.67,6.742,2.39266666666667,584.452,1
2025-09-18 09:15:00,0.232578666666667,3.90933333333333,5.19466666666667,11.8273333333333,3.106,576.735333333333,1
2025-09-18 09:30:00,0.228615333333333,3.80866666666667,3.98733333333333,8.52266666666667,3.07466666666667,565.31,1
2025-09-18 09:45:00,0.218752,4.078,3.75466666666667,9.56933333333333,3.02733333333333,555.176666666667,1
2025-09-18 10:00:00,0.195611333333333,4.77266666666667,4.07533333333333,12.4993333333333,2.448,550.453333333333,1
2025-09-18 10:15:00,0.204076,5.17533333333333,3.73466666666667,16.0233333333333,2.556,547.057333333333,1
2025-09-18 10:30:00,0.188774666666667,5.834,3.706,16.8986666666667,2.38066666666667,539.229333333333,1
2025-09-18 10:45:00,0.205838,6.024,3.03,21.5253333333333,2.89933333333333,535.866,1
2025-09-18 11:00:00,0.208968,5.994,2.75,20.4206666666667,2.70666666666667,530.678,1
2025-09-18 11:15:00,0.198500666666667,5.88266666666667,2.532,21.6606666666667,2.926,527.224666666667,1
2025-09-18 11:30:00,0.203272666666667,5.69866666666667,2.54133333333333,26.106,2.31666666666667,528.814666666667,1
2025-09-18 11:45:00,0.191218,5.78133333333333,2.49533333333333,29.362,2.72466666666667,527.625333333333,1
2025-09-18 12:00:00,0.212037333333333,5.714,2.572,29.242,2.57666666666667,522.712666666667,2
2025-09-18 12:15:00,0.184836,5.766,2.63333333333333,32.0006666666667,3.60733333333333,521.780666666667,2
2025-09-18 12:30:00,0.205628,5.514,2.73133333333333,29.8553333333333,4.236,516.714,2
2025-09-18 12:45:00,0.194624,5.478,2.68333333333333,32.9233333333333,4.50066666666667,512.039333333333,2
2025-09-18 13:00:00,0.196868,5.36333333333333,2.74333333333333,31.6626666666667,4.94066666666667,512.007333333333,2
2025-09-18 13:15:00,0.371216666666667,5.512,2.70266666666667,31.412,5.79466666666667,509.72,2
2025-09-18 13:30:00,0.22875,5.37466666666667,2.75933333333333,33.9633333333333,7.004,508.202666666667,2
2025-09-18 13:45:00,0.213757333333333,5.31866666666667,2.81933333333333,35.9153333333333,8.85866666666667,507.512,2
2025-09-18 14:00:00,0.217738666666667,5.29066666666667,2.83666666666667,35.158,8.44333333333333,504.526,2
2025-09-18 14:15:00,0.22454,5.238,2.86333333333333,35.258,11.4926666666667,504.372666666667,2
2025-09-18 14:30:00,0.238527333333333,5.19466666666667,2.84066666666667,35.624,10.8646666666667,500.542,2
2025-09-18 14:45:00,0.225260666666667,5.33666666666667,2.874,34.4906666666667,10.9533333333333,497.714,3
2025-09-18 15:00:00,0.217662,5.39,2.86866666666667,33.626,10.9206666666667,490.231333333333,3
2025-09-18 15:15:00,0.210070666666667,5.69933333333333,2.86533333333333,32.8,9.674,484.932,3
2025-09-18 15:30:00,0.195462666666667,5.95733333333333,2.85533333333333,31.556,7.24866666666667,482.072666666667,3
2025-09-18 15:45:00,0.19384,6.07933333333333,2.88066666666667,32.5173333333333,6.79733333333333,479.318666666667,3
2025-09-18 16:00:00,0.206406666666667,6.03466666666667,2.87933333333333,32.584,6.97,478.748666666667,3
2025-09-18 16:15:00,0.244346666666667,5.98533333333333,4.92866666666667,33.4986666666667,6.786,485.968,3
2025-09-18 16:30:00,0.249788,6.07866666666667,3.05266666666667,35.364,6.45466666666667,487.975333333333,3
2025-09-18 17:00:00,0.296423333333333,6.24666666666667,3.132,35.1966666666667,7.18733333333333,502.316666666667,3
2025-09-18 17:15:00,0.333242666666667,6.446,3.29666666666667,39.032,7.46733333333333,512.240666666667,3
2025-09-18 17:30:00,0.377517333333333,9.23133333333333,2.92,34.4326666666667,7.95533333333333,527.296666666667,3
2025-09-18 17:45:00,0.374077333333333,10.3,2.74,37.0513333333333,10.0846666666667,533.006,3
2025-09-18 18:00:00,0.377116666666667,12.0146666666667,1.98466666666667,28.8966666666667,9.59066666666667,545.476666666667,3
2025-09-18 18:15:00,0.390877333333333,12.9633333333333,1.738,24.6953333333333,11.2633333333333,560.974,3
2025-09-18 18:30:00,0.461100666666667,13.5706666666667,1.53066666666667,22.5266666666667,9.85866666666667,562.691333333333,3
2025-09-18 18:45:00,0.424000666666667,10.9666666666667,0.667333333333333,19.1073333333333,10.304,565.254,3
2025-09-18 19:00:00,0.414769333333333,13.3926666666667,1.03,25.8946666666667,10.248,573.476,3
2025-09-18 19:15:00,0.497661333333333,11.2033333333333,1.54666666666667,25.3546666666667,9.91666666666667,574.278666666667,3
2025-09-18 19:30:00,0.469702666666667,11.0013333333333,1.48866666666667,25.3913333333333,9.70933333333333,582.354666666667,3
2025-09-18 19:45:00,0.435722,11.5213333333333,1.28,23.2873333333333,9.508,583.455333333333,3
2025-09-18 20:00:00,0.396156666666667,11.8626666666667,2.186,21.11,9.75066666666667,589.294,3
2025-09-18 20:15:00,0.379549333333333,12.046,1.43,17.5226666666667,9.81,599.909333333333,3
2025-09-18 20:30:00,0.451969333333333,13.3166666666667,1.47933333333333,15.6053333333333,9.96933333333333,607.457333333333,3
2025-09-18 20:45:00,0.418712666666667,13.0233333333333,1.52933333333333,14.2126666666667,9.76266666666667,611.729333333333,3
2025-09-18 21:00:00,0.40157,12.0266666666667,1.58133333333333,13.73,9.73466666666667,616.137333333333,3
2025-09-18 21:15:00,0.377734,10.4106666666667,1.63333333333333,13.2733333333333,9.618,627.555333333333,3
2025-09-18 21:30:00,0.439252666666667,11.0666666666667,1.68066666666667,11.9966666666667,9.35533333333333,628.631333333333,2
2025-09-18 21:45:00,0.415614666666667,11.5133333333333,1.69933333333333,9.442,8.57533333333333,636.933333333333,2
2025-09-18 22:00:00,0.415628,9.756,1.84533333333333,10.4706666666667,8.97733333333333,636.027333333333,2
2025-09-18 22:15:00,0.338944,6.80866666666667,1.788,10.6833333333333,8.706,633.568666666667,2
2025-09-18 22:30:00,0.320996,6.38266666666667,1.83466666666667,11.596,8.88133333333333,641.356666666667,2
2025-09-18 22:45:00,0.308058666666667,5.78,1.86933333333333,12.5486666666667,8.77133333333333,639.704,2
2025-09-18 23:00:00,0.279614,5.01933333333333,1.89533333333333,14.774,7.69533333333333,630.688,2
2025-09-18 23:15:00,0.276706,5.016,1.80666666666667,13.1013333333333,7.54066666666667,637.607333333333,2
2025-09-18 23:30:00,0.275340909090909,4.81909090909091,1.76727272727273,12.6945454545455,8.18727272727273,649.787272727273,2
2025-09-19,0.277637333333333,5.006,1.88866666666667,9.57133333333333,7.67866666666667,655.49,2
2025-09-19 00:15:00,0.2771,4.61066666666667,1.904,9.20933333333333,7.532,662.291333333333,2
2025-09-19 00:30:00,0.273278,4.22466666666667,2.07,7.44866666666667,7.76733333333333,671.099333333333,1
2025-09-19 00:45:00,0.273056666666667,4.11133333333333,1.74,9.68666666666667,7.782,658.815333333333,1
2025-09-19 01:00:00,0.268596,3.99,1.68733333333333,9.00533333333333,7.482,670.354666666667,1
2025-09-19 01:15:00,0.263832,3.81333333333333,1.70666666666667,8.264,7.17933333333333,671.573333333333,1
2025-09-19 01:30:00,0.257179333333333,3.29866666666667,1.94066666666667,7.45733333333333,7.18133333333333,678.295333333333,1
2025-09-19 01:45:00,0.250466,3.19133333333333,1.992,8.64333333333333,6.85333333333333,674.408,1
2025-09-19 02:00:00,0.249408666666667,2.986,2.11733333333333,7.72466666666667,6.876,683.698666666667,1
2025-09-19 02:15:00,0.242396,2.79733333333333,2.086,9.39533333333333,6.794,676.583333333333,1
2025-09-19 02:30:00,0.242905333333333,2.96933333333333,2.61133333333333,8.97466666666667,6.60533333333333,675.195333333333,1
2025-09-19 02:45:00,0.236818,2.49733333333333,2.44133333333333,8.174,6.46,680.719333333333,1
2025-09-19 03:00:00,0.234155333333333,2.34533333333333,2.47066666666667,8.59,6.12933333333333,681.666666666667,1
2025-09-19 03:15:00,0.231965333333333,2.35666666666667,2.43333333333333,8.49666666666667,6.04666666666667,684.460666666667,1
2025-09-19 03:30:00,0.230570666666667,1.97666666666667,2.72066666666667,6.42466666666667,5.94733333333333,687.537333333333,1
2025-09-19 03:45:00,0.232160666666667,2.422,2.89866666666667,7.90733333333333,5.87333333333333,686.307333333333,1
2025-09-19 04:00:00,0.231355333333333,2.12666666666667,3.48,4.42733333333333,5.80066666666667,700.560666666667,1
2025-09-19 04:15:00,0.230274666666667,2.31733333333333,3.15,5.536,5.64333333333333,704.593333333333,1
2025-09-19 04:30:00,0.229092666666667,1.85533333333333,3.57066666666667,4.49333333333333,5.82733333333333,710.036666666667,1
2025-09-19 04:45:00,0.230179333333333,2.14466666666667,2.82933333333333,9.044,5.226,692.612666666667,1
2025-09-19 05:00:00,0.228462666666667,1.91,2.938,7.84933333333333,5.23266666666667,692.86,1
2025-09-19 05:15:00,0.224906,1.63466666666667,3.47533333333333,5.44733333333333,5.286,703.396,1
2025-09-19 05:30:00,0.221894666666667,1.77266666666667,3.27866666666667,6.976,5.04933333333333,710.759333333333,1
2025-09-19 05:45:00,0.227954666666667,1.806,3.404,6.78933333333333,4.84266666666667,708.220666666667,1
2025-09-19 06:00:00,0.228012666666667,1.90666666666667,4.394,6.902,5.25066666666667,710.590666666667,1
2025-09-19 06:15:00,0.225112666666667,1.63933333333333,4.216,3.51533333333333,5.32333333333333,719.029333333333,1
2025-09-19 06:30:00,0.225796666666667,1.75933333333333,4.07666666666667,5.022,5.00533333333333,720.627333333333,1
2025-09-19 06:45:00,0.322969333333333,1.67466666666667,6.198,4.06533333333333,5.31,732.993333333333,1
2025-09-19 07:00:00,0.237976,1.71333333333333,4.248,5.20533333333333,4.84066666666667,726.682666666667,1
2025-09-19 07:15:00,0.345065333333333,1.77133333333333,5.064,6.17066666666667,4.65333333333333,724.072,1
2025-09-19 07:30:00,0.357290666666667,2.20533333333333,10.4226666666667,4.70466666666667,4.94533333333333,726.977333333333,1
2025-09-19 07:45:00,0.261891333333333,1.83733333333333,3.65,7.51266666666667,4.058,715.151333333333,1
2025-09-19 08:00:00,0.319605333333333,2.35266666666667,3.34066666666667,10.2346666666667,3.85866666666667,680.840666666667,1
2025-09-19 08:15:00,0.339253333333333,3.03,5.31466666666667,8.08866666666667,4.28666666666667,674.712,1
2025-09-19 08:30:00,0.285305333333333,3.05333333333333,4.446,3.77066666666667,4.13933333333333,665.366,1
2025-09-19 08:45:00,0.271135333333333,3.05266666666667,5.31466666666667,-2.38933333333333,4.77066666666667,650.246666666667,1
2025-09-19 09:00:00,0.282320666666667,3.23133333333333,5.96466666666667,-1.30733333333333,5.32866666666667,637.11,1
2025-09-19 09:15:00,0.290765333333333,3.63866666666667,6.88066666666667,-0.787333333333333,6.09933333333333,620.626666666667,1
2025-09-19 09:30:00,0.276763333333333,3.97266666666667,6.66133333333333,-5.902,6.296,596.432,1
2025-09-19 09:45:00,0.263205333333333,3.79466666666667,6.67533333333333,-5.95533333333333,6.99533333333333,581.520666666667,1
2025-09-19 10:00:00,0.230247333333333,4.258,5.41066666666667,-1.79933333333333,7.07066666666667,577.047333333333,1
2025-09-19 10:15:00,0.216410666666667,4.88666666666667,6.03133333333333,1.35666666666667,6.234,568.825333333333,1
2025-09-19 10:30:00,0.188584,5.264,4.73466666666667,10.572,4.432,559.256,1
2025-09-19 10:45:00,0.181116,5.61133333333333,4.08066666666667,13.9186666666667,5.71333333333333,553.449333333333,1
2025-09-19 11:00:00,0.197173333333333,5.93466666666667,3.52933333333333,12.9733333333333,5.46533333333333,545.893333333333,1
2025-09-19 11:15:00,0.183664,5.89533333333333,3.64733333333333,15.6,5.78666666666667,540.337333333333,1
2025-09-19 11:30:00,0.180358666666667,5.734,3.154,16.144,4.612,536.355333333333,1
2025-09-19 11:45:00,0.171528,5.642,2.73266666666667,20.4846666666667,4.33733333333333,535.527333333333,1
2025-09-19 12:00:00,0.18561,5.66866666666667,2.54133333333333,23.1273333333333,4.84466666666667,536.835333333333,1
2025-09-19 12:15:00,0.189089333333333,5.93533333333333,2.15133333333333,26.3673333333333,5.27466666666667,535.703333333333,1
2025-09-19 12:30:00,0.194683333333333,5.57866666666667,2.33933333333333,21.95,4.91266666666667,527.384,1
2025-09-19 12:45:00,0.198987333333333,5.63266666666667,2.62866666666667,23.3713333333333,5.56333333333333,521.918,2
2025-09-19 13:00:00,0.203668666666667,5.52866666666667,2.692,23.2186666666667,5.97933333333333,520.544,2
2025-09-19 13:15:00,0.210673333333333,5.49333333333333,2.64666666666667,22.878,6.35266666666667,516.417333333333,2
2025-09-19 13:30:00,0.207782,5.296,2.73333333333333,24.7606666666667,6.366,517.197333333333,2
2025-09-19 13:45:00,0.23166,5.184,2.804,25.6913333333333,6.024,511.591333333333,2
2025-09-19 14:00:00,0.206158666666667,5.3,2.788,28.798,6.38733333333333,509.116666666667,2
2025-09-19 14:15:00,0.199014666666667,5.214,3.366,23.524,4.86066666666667,505.303333333333,2
2025-09-19 14:30:00,0.207602,5.134,2.85933333333333,29.6646666666667,5.21,505.206666666667,2
2025-09-19 14:45:00,0.221388,5.18533333333333,2.912,30.1806666666667,5.148,503.89,2
2025-09-19 15:00:00,0.203428666666667,5.35533333333333,2.94,28.03,5.03066666666667,497.436,2
2025-09-19 15:15:00,0.205470666666667,5.554,2.96266666666667,28.1306666666667,5.128,496.342,2
2025-09-19 15:30:00,0.207142,5.78133333333333,2.92533333333333,27.7333333333333,5.17933333333333,488.537333333333,2
2025-09-19 15:45:00,0.206353333333333,5.85533333333333,2.87533333333333,25.6193333333333,5.264,484.562,2
2025-09-19 16:00:00,0.201267333333333,6.08066666666667,2.93066666666667,27.822,5.138,481.896666666667,2
2025-09-19 16:15:00,0.224698666666667,5.922,2.87666666666667,23.9226666666667,4.85666666666667,478.980666666667,2
2025-09-19 16:30:00,0.219076666666667,6.24133333333333,2.89066666666667,26.3106666666667,5.472,484.401333333333,2
2025-09-19 17:00:00,0.317016666666667,6.12933333333333,3.09333333333333,33.1513333333333,7.17666666666667,499.272666666667,2
2025-09-19 17:15:00,0.334846666666667,6.94066666666667,3.136,32.7266666666667,7.63333333333333,511.774666666667,2
2025-09-19 17:30:00,0.48245,8.018,3.06933333333333,35.0286666666667,8.34933333333333,523.330666666667,2
2025-09-19 17:45:00,0.382378666666667,9.624,2.48533333333333,31.5206666666667,8.524,528.798666666667,2
2025-09-19 18:00:00,0.42079,11.878,2.008,25.688,9.04933333333333,541.027333333333,2
2025-09-19 18:15:00,0.470824,10.8353333333333,1.78066666666667,24.046,12.9753333333333,542.688666666667,2
2025-09-19 18:30:00,0.409288666666667,9.16533333333333,1.88066666666667,26.6293333333333,11.586,547.498666666667,2
2025-09-19 18:45:00,0.443306666666667,11.738,1.28,21.2386666666667,10.698,555.4,3
2025-09-19 19:00:00,0.41405,13.702,0.748,15.7793333333333,10.9373333333333,564.85,3
2025-09-19 19:15:00,0.736062,12.584,1.21666666666667,19.2673333333333,10.9846666666667,580.967333333333,3
2025-09-19 19:30:00,0.468056,12.3086666666667,0.937333333333333,16.3206666666667,11.562,584.516,3
2025-09-19 19:45:00,0.446999333333333,11.4893333333333,1.00866666666667,15.4493333333333,10.8093333333333,581.995333333333,3
2025-09-19 20:00:00,0.412214666666667,10.13,0.99,17.48,10.77,580.789333333333,3
2025-09-19 20:15:00,0.441396,8.788,1.01533333333333,16.9573333333333,10.6106666666667,576.782666666667,3
2025-09-19 20:30:00,0.381944,7.642,1.16533333333333,17.97,9.402,569.54,2
2025-09-19 20:45:00,0.373124,6.46133333333333,1.238,16.6013333333333,9.87133333333333,573.283333333333,2
2025-09-19 21:00:00,0.383263333333333,6.75333333333333,1.93666666666667,15.6486666666667,8.814,576.551333333333,2
2025-09-19 21:15:00,0.391757333333333,6.62866666666667,1.46933333333333,17.0606666666667,9.85,586.692666666667,2
2025-09-19 21:30:00,0.321547333333333,5.62066666666667,1.544,21.3193333333333,10.776,569.957333333333,2
2025-09-19 21:45:00,0.337313333333333,5.63066666666667,1.698,21.5146666666667,10.3793333333333,583.206666666667,2
2025-09-19 22:00:00,0.29526,5.24066666666667,1.49933333333333,20.4113333333333,9.05,583.712,2
2025-09-19 22:15:00,0.285412,5.356,1.34933333333333,21.45,8.56466666666667,589.357333333333,2
2025-09-19 22:30:00,0.282959333333333,5.26866666666667,1.40866666666667,20.1833333333333,8.018,594.762,2
2025-09-19 22:45:00,0.289817333333333,5.37266666666667,1.47333333333333,21.396,9.12933333333333,591.977333333333,2
2025-09-19 23:00:00,0.283182,5.22666666666667,1.42133333333333,20.708,8.104,598.191333333333,2
2025-09-19 23:15:00,0.279164666666667,5.18933333333333,2.35533333333333,18.274,8.45933333333333,610.492666666667,2
2025-09-19 23:30:00,0.272754,5.05866666666667,1.49933333333333,17.812,7.882,615.64,2
2025-09-19 23:45:00,0.2678725,4.96,1.5375,17.645,7.72,621.1275,2
2025-09-20,0.27203,4.832,1.62066666666667,16.5106666666667,7.11933333333333,619.147333333333,2
2025-09-20 00:15:00,0.270035333333333,4.866,1.65666666666667,14.7533333333333,7.59533333333333,632.188,2
2025-09-20 00:30:00,0.263731333333333,4.63533333333333,1.70866666666667,13.9793333333333,7.232,632.886666666667,2
2025-09-20 00:45:00,0.258774,4.446,1.768,13.4673333333333,7.21733333333333,638.378666666667,2
2025-09-20 01:00:00,0.259506,4.48733333333333,1.82533333333333,12.4866666666667,7.204,641.952,2
2025-09-20 01:15:00,0.255976666666667,4.33666666666667,1.82,12.842,7.184,644.732,2
2025-09-20 01:30:00,0.253440666666667,4.27466666666667,1.80666666666667,12.122,7.018,649.894,2
2025-09-20 01:45:00,0.252987333333333,4.17,1.88266666666667,11.7813333333333,6.736,651.820666666667,2
2025-09-20 02:00:00,0.252706666666667,4.11066666666667,1.87933333333333,11.3313333333333,6.71933333333333,652.334,1
2025-09-20 02:15:00,0.251416,3.796,2.018,9.09333333333333,6.574,660.991333333333,1
2025-09-20 02:30:00,0.252536666666667,3.84,2.058,9.59066666666667,6.738,665.487333333333,1
2025-09-20 02:45:00,0.24985,3.97466666666667,2.016,12.244,6.154,651.428666666667,1
2025-09-20 03:00:00,0.247925333333333,3.36266666666667,2.33066666666667,9.68266666666667,6.61133333333333,658.975333333333,1
2025-09-20 03:15:00,0.243754666666667,3.29466666666667,2.272,9.758,6.66333333333333,664.235333333333,1
2025-09-20 03:30:00,0.242060666666667,3.22466666666667,2.30733333333333,9.20666666666667,6.55066666666667,666.104666666667,1
2025-09-20 03:45:00,0.240819333333333,3.116,2.19933333333333,8.53533333333333,6.34333333333333,666.972666666667,1
2025-09-20 04:00:00,0.240238,3.004,2.388,7.77933333333333,6.526,670.794666666667,1
2025-09-20 04:15:00,0.236726666666667,2.946,2.142,9.53733333333333,6.57933333333333,672.063333333333,1
2025-09-20 04:30:00,0.238376666666667,2.68466666666667,2.322,7.184,6.69466666666667,675.855333333333,1
2025-09-20 04:45:00,0.234774,2.58733333333333,2.35733333333333,8.19133333333333,6.32733333333333,677.041333333333,1
2025-09-20 05:00:00,0.239655333333333,2.59866666666667,2.55266666666667,7.598,6.268,681.313333333333,1
2025-09-20 05:15:00,0.237141333333333,2.498,2.776,6.35666666666667,6.36133333333333,690.500666666667,1
2025-09-20 05:30:00,0.23731,2.61266666666667,3.03133333333333,6.27733333333333,6.51866666666667,686.422666666667,1
2025-09-20 05:45:00,0.238790666666667,2.74066666666667,3.138,6.04466666666667,6.334,689.512,1
2025-09-20 06:00:00,0.239653333333333,2.69933333333333,2.82,6.242,6.32333333333333,689.616666666667,1
2025-09-20 06:15:00,0.238774,2.60066666666667,2.77933333333333,5.65733333333333,6.408,694.418666666667,1
2025-09-20 06:30:00,0.238372666666667,2.45333333333333,3.048,5.61133333333333,6.56933333333333,693.156,1
2025-09-20 06:45:00,0.232654666666667,2.356,2.70066666666667,6.97333333333333,6.528,690.347333333333,1
2025-09-20 07:00:00,0.23691,2.70933333333333,3.55866666666667,6.332,6.62466666666667,685.867333333333,1
2025-09-20 07:15:00,0.241708666666667,2.96066666666667,3.21933333333333,5.73133333333333,6.67066666666667,688.372,1
2025-09-20 07:30:00,0.252532,3.02066666666667,3.55466666666667,4.038,6.98866666666667,680.479333333333,1
2025-09-20 07:45:00,0.250017333333333,2.952,3.83333333333333,4.696,7.35866666666667,668.320666666667,1
2025-09-20 08:00:00,0.252081333333333,3.268,7.76533333333333,4.03133333333333,8.248,663.029333333333,1
2025-09-20 08:15:00,0.267371333333333,3.19866666666667,3.33266666666667,3.81533333333333,8.038,659.554,1
2025-09-20 08:30:00,0.272604666666667,3.38,3.24333333333333,1.308,8.57533333333333,642.048666666667,1
2025-09-20 08:45:00,0.307785333333333,3.38266666666667,3.412,4.47533333333333,9.01533333333333,627.555333333333,1
2025-09-20 09:00:00,0.255378666666667,3.42866666666667,3.69466666666667,3.418,8.82866666666667,623.107333333333,1
2025-09-20 09:15:00,0.246665333333333,3.57933333333333,4.07066666666667,7.77733333333333,9.35466666666667,621.188,1
2025-09-20 09:30:00,0.269187333333333,3.728,3.17466666666667,6.46466666666667,10.306,608.372666666667,1
2025-09-20 09:45:00,0.319438666666667,4.02866666666667,4.48733333333333,6.914,11.0333333333333,583.047333333333,1
2025-09-20 10:00:00,0.328340666666667,4.09533333333333,3.59266666666667,10.3273333333333,12.0706666666667,573.860666666667,2
2025-09-20 10:15:00,0.270888666666667,4.07333333333333,3.37066666666667,10.8706666666667,13.2886666666667,560.098,2
2025-09-20 10:30:00,0.256771333333333,3.92266666666667,3.12533333333333,11.16,13.4633333333333,559.053333333333,2
2025-09-20 10:45:00,0.242471333333333,3.65666666666667,3.31866666666667,11.0886666666667,13.2046666666667,551.723333333333,2
2025-09-20 11:00:00,0.24797,3.81466666666667,3.338,11.464,13.2066666666667,543.348,2
2025-09-20 11:15:00,0.232038,3.86266666666667,3.44066666666667,16.6406666666667,12.2,542.865333333333,2
2025-09-20 11:30:00,0.232477333333333,3.81866666666667,2.83066666666667,20.384,11.5853333333333,543.244666666667,2
2025-09-20 11:45:00,0.249761333333333,4.02733333333333,2.55733333333333,22.8333333333333,11.6753333333333,542.657333333333,2
2025-09-20 12:00:00,0.256206666666667,3.91333333333333,2.41666666666667,21.2213333333333,11.6146666666667,539.534666666667,2
2025-09-20 12:15:00,0.253905333333333,4.06133333333333,2.044,23.7366666666667,11.366,537.95,2
2025-09-20 12:30:00,0.258947333333333,4.11066666666667,1.88533333333333,22.5246666666667,11.9646666666667,532.305333333333,2
2025-09-20 12:45:00,0.249295333333333,4.37133333333333,2.124,22.718,11.644,526.758666666667,2
2025-09-20 13:00:00,0.244117333333333,5.01733333333333,2.14933333333333,20.8373333333333,11.076,524.574666666667,2
2025-09-20 13:15:00,0.250998666666667,4.88933333333333,2.14933333333333,25.092,11.0793333333333,529.456666666667,2
2025-09-20 13:30:00,0.251581333333333,4.46533333333333,2.166,28.396,10.2893333333333,529.199333333333,2
2025-09-20 13:45:00,0.252208666666667,4.65933333333333,2.18933333333333,26.338,10.1586666666667,528.098666666667,2
2025-09-20 14:00:00,0.272876,5.086,3.38933333333333,27.73,9.856,522.752,2
2025-09-20 14:15:00,0.276791333333333,4.41066666666667,2.126,32.458,9.18733333333333,531.205333333333,2
2025-09-20 14:30:00,0.262581333333333,4.60133333333333,1.65133333333333,31.7133333333333,10.1066666666667,538.394,2
2025-09-20 14:45:00,0.504449333333333,4.96666666666667,1.448,29.3613333333333,9.36133333333333,540.963333333333,2
2025-09-20 15:00:00,0.286628,4.81533333333333,1.402,27.626,9.57733333333333,539.316666666667,2
2025-09-20 15:15:00,0.271365333333333,4.65466666666667,1.8,20.86,6.43733333333333,533.695333333333,2
2025-09-20 15:30:00,0.255356666666667,4.99333333333333,2.116,19.4813333333333,4.372,522.471333333333,2
2025-09-20 15:45:00,0.231144,5.88066666666667,2.39066666666667,20.262,3.74733333333333,514.16,2
2025-09-20 16:00:00,0.210543333333333,6.142,2.41733333333333,25.5913333333333,3.494,510.699333333333,2
2025-09-20 16:15:00,0.220736,6.012,2.392,23.2866666666667,3.82466666666667,502.534,2
2025-09-20 16:30:00,0.197467333333333,5.87,2.41466666666667,29.5366666666667,3.624,506.596666666667,2
2025-09-20 17:00:00,0.212821333333333,5.82733333333333,2.61533333333333,36.9073333333333,4.32466666666667,515.194666666667,2
2025-09-20 17:15:00,0.231829333333333,5.348,2.49266666666667,39.0073333333333,4.23466666666667,518.576666666667,2
2025-09-20 17:30:00,0.232196666666667,5.45066666666667,2.214,36.3773333333333,4.61866666666667,522.222,2
2025-09-20 17:45:00,0.244072666666667,5.13266666666667,1.82266666666667,47.3346666666667,5.41666666666667,528.885333333333,2
2025-09-20 18:00:00,0.246572,6.262,1.376,50.3246666666667,5.17933333333333,530.38,2
2025-09-20 18:15:00,0.267836666666667,8.32133333333333,0.862666666666667,53.4886666666667,3.87466666666667,536.442,2
2025-09-20 18:30:00,0.287940666666667,9.44333333333333,0.843333333333333,49.688,6.86133333333333,542.744666666667,3
2025-09-20 18:45:00,0.287418666666667,9.862,0.886666666666667,46.0793333333333,8.498,548.181333333333,3
2025-09-20 19:00:00,0.302618666666667,11.1673333333333,0.887333333333333,38.7526666666667,7.18,555.762666666667,3
2025-09-20 19:15:00,0.293829333333333,8.67,0.911333333333333,34.456,6.742,560.466666666667,3
2025-09-20 19:30:00,0.395504,7.90666666666667,0.953333333333333,34.96,6.92733333333333,561.975333333333,3
2025-09-20 19:45:00,0.276865333333333,7.77266666666667,1.01533333333333,34.3893333333333,5.33666666666667,563.937333333333,3
2025-09-20 20:00:00,0.268186,7.53,1.12466666666667,32.9493333333333,5.27133333333333,563.462,3
2025-09-20 20:15:00,0.274645333333333,7.442,1.018,29.2333333333333,5.794,569.845333333333,3
2025-09-20 20:30:00,0.27774,6.73533333333333,1.036,26.0533333333333,5.73466666666667,573.404,3
2025-09-20 20:45:00,0.288924666666667,5.76466666666667,1.06066666666667,24.77,4.67533333333333,571.059333333333,3
2025-09-20 21:00:00,0.259456,5.24666666666667,1.10333333333333,25.0513333333333,3.49333333333333,572.992666666667,3
2025-09-20 21:15:00,0.248840666666667,4.97333333333333,1.244,27.018,3.25866666666667,570.352666666667,3
2025-09-20 21:30:00,0.245641333333333,4.93933333333333,1.40733333333333,29.736,3.15866666666667,567.974666666667,3
2025-09-20 21:45:00,0.24046,5.526,1.24666666666667,35.434,2.61866666666667,564.520666666667,2
2025-09-20 22:00:00,0.239648666666667,5.784,1.17866666666667,36.5226666666667,2.56333333333333,567.572,2
2025-09-20 22:15:00,0.244036,6.828,1.23733333333333,35.76,3.45266666666667,569.467333333333,2
2025-09-20 22:30:00,0.245522666666667,7.25266666666667,1.19933333333333,35.6326666666667,3.606,572.72,2
2025-09-20 22:45:00,0.243862666666667,6.102,1.20533333333333,31.8553333333333,3.32266666666667,574.116666666667,2
2025-09-20 23:00:00,0.242151333333333,6.45666666666667,1.21733333333333,30.8186666666667,3.666,577.208666666667,2
2025-09-20 23:15:00,0.248038,6.62333333333333,1.20533333333333,27.2386666666667,3.72066666666667,581.915333333333,2
2025-09-20 23:30:00,0.245647333333333,5.67066666666667,1.19266666666667,24.582,3.91,583.826666666667,2
2025-09-20 23:45:00,0.244605,5.5325,1.1775,23.02,3.53,586.98,2
2025-09-21,0.243159333333333,4.78266666666667,1.242,22.6593333333333,4.02866666666667,585.374,2
2025-09-21 00:15:00,0.238019333333333,4.67933333333333,1.26333333333333,25.302,3.62,583.504,2
2025-09-21 00:30:00,0.234240666666667,4.52,1.34066666666667,24.3693333333333,3.68,583.696666666667,2
2025-09-21 00:45:00,0.23368,4.44666666666667,1.342,23.656,3.81533333333333,586.876666666667,2
2025-09-21 01:00:00,0.234100666666667,3.922,1.47533333333333,19.7353333333333,3.87066666666667,591.525333333333,2
2025-09-21 01:15:00,0.230423333333333,3.80733333333333,1.66333333333333,20.482,4.03933333333333,593.582,2
2025-09-21 01:30:00,0.229578,3.65866666666667,1.764,21.2726666666667,3.86133333333333,590.354,2
2025-09-21 01:45:00,0.231028,3.63733333333333,1.92,20.7706666666667,4.002,590.113333333333,2
2025-09-21 02:00:00,0.229728666666667,3.60333333333333,1.988,20.6933333333333,3.98466666666667,591.148,2
2025-09-21 02:15:00,0.231045333333333,3.60133333333333,2.05266666666667,21.0086666666667,3.90466666666667,589.638,2
2025-09-21 02:30:00,0.230052666666667,3.446,2.16666666666667,20.4826666666667,4.01933333333333,589.069333333333,2
2025-09-21 02:45:00,0.224235333333333,3.43533333333333,2.06533333333333,20.0633333333333,4.07666666666667,595.002666666667,2
2025-09-21 03:00:00,0.224346,3.38666666666667,2.18666666666667,18.964,3.782,597.114,2
2025-09-21 03:15:00,0.226341333333333,3.29333333333333,2.21866666666667,17.6473333333333,3.99866666666667,599.082,2
2025-09-21 03:30:00,0.226477333333333,3.12466666666667,2.40266666666667,16.102,4.00666666666667,601.371333333333,2
2025-09-21 03:45:00,0.224756,3.12933333333333,2.40266666666667,19.036,3.77933333333333,596.158666666667,2
2025-09-21 04:00:00,0.225351333333333,3.22133333333333,2.50333333333333,19.81,3.89933333333333,595.734666666667,1
2025-09-21 04:15:00,0.223454666666667,3.204,2.432,20.548,3.94533333333333,595.886,1
2025-09-21 04:30:00,0.221367333333333,3.09133333333333,2.54466666666667,17.7013333333333,4.054,598.254666666667,1
2025-09-21 04:45:00,0.22554,3.01466666666667,2.62066666666667,15.9926666666667,3.69933333333333,602.421333333333,1
2025-09-21 05:00:00,0.224246666666667,2.90466666666667,2.666,14.3526666666667,3.83,606.976666666667,1
2025-09-21 05:15:00,0.230898666666667,3.00133333333333,2.732,14.5946666666667,3.70933333333333,607.168,1
2025-09-21 05:30:00,0.236638,2.96933333333333,2.696,15.4453333333333,3.80266666666667,604.960666666667,1
2025-09-21 05:45:00,0.239150666666667,3.14333333333333,2.77866666666667,17.2326666666667,4.50266666666667,604.711333333333,1
2025-09-21 06:00:00,0.243137333333333,3.17533333333333,2.70733333333333,19.6393333333333,4.68,598.303333333333,1
2025-09-21 06:15:00,0.245124,3.03466666666667,2.64866666666667,18.2693333333333,4.778,600.27,1
2025-09-21 06:30:00,0.244566666666667,2.98266666666667,2.724,17.096,4.60066666666667,603.682666666667,1
2025-09-21 06:45:00,0.242179333333333,2.87333333333333,2.956,15.234,4.82933333333333,610.532666666667,1
2025-09-21 07:00:00,0.241897333333333,3.02333333333333,3.19066666666667,13.8613333333333,4.67466666666667,613.912,1
2025-09-21 07:15:00,0.251492666666667,3.23133333333333,3.16,12.7193333333333,4.68533333333333,614.62,1
2025-09-21 07:30:00,0.253569333333333,3.074,2.78133333333333,15.0913333333333,3.81933333333333,606.895333333333,1
2025-09-21 07:45:00,0.256055333333333,3.232,2.79533333333333,14.02,3.13333333333333,601.210666666667,1
2025-09-21 08:00:00,0.230984666666667,2.80133333333333,2.95066666666667,11.3466666666667,2.29866666666667,611.029333333333,1
2025-09-21 08:15:00,0.229346,2.83866666666667,2.932,12.5833333333333,2.14266666666667,611.103333333333,1
2025-09-21 08:30:00,0.234753333333333,2.72666666666667,4.04866666666667,11.1346666666667,1.82933333333333,602.76,1
2025-09-21 08:45:00,0.211517333333333,2.71,6.52,13.9746666666667,0.292666666666667,587.872,1
2025-09-21 09:00:00,0.201788666666667,3.10866666666667,5.58533333333333,21.8626666666667,0.224,586.588666666667,1
2025-09-21 09:15:00,0.206112,3.93266666666667,2.91933333333333,32.856,0.59,590.49,1
2025-09-21 09:30:00,0.221542666666667,3.788,2.43666666666667,25.7566666666667,1.21533333333333,592.176,1
2025-09-21 09:45:00,0.244938666666667,3.90666666666667,2.65466666666667,17.4493333333333,1.30333333333333,584.91,1
2025-09-21 10:00:00,0.228638666666667,3.43133333333333,3.23466666666667,17.6826666666667,0.812,576.48,1
2025-09-21 10:15:00,0.235615333333333,3.71533333333333,2.90066666666667,17.626,0.914666666666667,573.315333333333,1
2025-09-21 10:30:00,0.248273333333333,3.84,3.05466666666667,15.736,1.156,568.601333333333,1
2025-09-21 10:45:00,0.240583333333333,3.91333333333333,4.82,3.74,0.929333333333333,555.600666666667,1
2025-09-21 11:00:00,0.238512666666667,4.06733333333333,4.16466666666667,16.512,0.874666666666667,550.830666666667,1
2025-09-21 11:15:00,0.210374,3.66866666666667,4.558,10.3286666666667,1.03533333333333,547.256666666667,1
2025-09-21 11:30:00,0.207754,3.62333333333333,4.308,15.168,1.04866666666667,543.58,1
2025-09-21 11:45:00,0.198941333333333,3.7,3.88933333333333,18.9726666666667,1.038,544.087333333333,1
2025-09-21 12:00:00,0.189235333333333,3.71933333333333,3.17666666666667,23.7946666666667,1.078,541.582,1
2025-09-21 12:15:00,0.199872,3.81133333333333,2.94466666666667,22.3946666666667,1.24533333333333,540.464,1
2025-09-21 12:30:00,0.209508,3.91066666666667,2.58133333333333,23.848,1.28266666666667,537.172666666667,1
2025-09-21 12:45:00,0.203029333333333,3.84533333333333,2.50533333333333,21.534,1.234,533.238666666667,1
2025-09-21 13:00:00,0.19702,3.87666666666667,2.36933333333333,24.6066666666667,1.24466666666667,534.724666666667,1
2025-09-21 13:15:00,0.201487333333333,3.94,2.21533333333333,23.7666666666667,1.338,536.394,1
2025-09-21 13:30:00,0.207946,4.06066666666667,2.08866666666667,24.2286666666667,1.57866666666667,535.382666666667,1
2025-09-21 13:45:00,0.200914,4.05,2.002,28.4146666666667,1.50066666666667,538.482,1
2025-09-21 14:00:00,0.210849333333333,4.17266666666667,1.69933333333333,33.9046666666667,1.794,540.81,2
2025-09-21 14:15:00,0.239532666666667,4.416,2.27333333333333,27.6446666666667,1.58666666666667,542.874666666667,2
2025-09-21 14:30:00,0.209916666666667,5.846,2.412,15.94,1.254,537.428666666667,2
2025-09-21 14:45:00,0.188858666666667,6.01133333333333,2.14533333333333,25.4913333333333,1.22866666666667,537.477333333333,2
2025-09-21 15:00:00,0.190380666666667,5.44333333333333,1.95133333333333,31.1913333333333,1.412,538.643333333333,2
2025-09-21 15:15:00,0.201574,5.64933333333333,1.81866666666667,29.4846666666667,1.308,536.184666666667,2
2025-09-21 15:30:00,0.207463333333333,5.932,2.50066666666667,24.3933333333333,1.34466666666667,525.096,2
2025-09-21 15:45:00,0.1932,5.58333333333333,2.66266666666667,25.2646666666667,1.218,518.447333333333,2
2025-09-21 16:00:00,0.179552,5.454,2.71466666666667,27.822,1.29266666666667,520.022,2
2025-09-21 16:15:00,0.179147333333333,5.64533333333333,2.60533333333333,32.964,1.38733333333333,524.88,2
2025-09-21 16:30:00,0.19326,5.71266666666667,1.96,39.5886666666667,1.57266666666667,532.122666666667,2
2025-09-21 16:45:00,0.209025,5.385,1.64,39.345,0.98,535.31,2
2025-09-21 17:00:00,0.252438666666667,5.14533333333333,1.186,39.6466666666667,2.2,538.659333333333,2
2025-09-21 17:15:00,0.243067333333333,5.466,1.05333333333333,35.6913333333333,2.22533333333333,542.81,2
2025-09-21 17:30:00,0.243253333333333,4.87733333333333,1.096,30.1266666666667,1.71133333333333,542.184,2
2025-09-21 17:45:00,0.233098,4.94066666666667,1.17066666666667,33.3893333333333,1.71933333333333,542.529333333333,2
2025-09-21 18:00:00,0.234574,4.744,1.06733333333333,32.3633333333333,1.86733333333333,544.866,2
2025-09-21 18:15:00,0.231126,4.64133333333333,0.964,33.346,1.64,543.701333333333,2
2025-09-21 18:30:00,0.229976,4.66066666666667,0.987333333333333,34.3306666666667,1.92066666666667,544.16,2
2025-09-21 18:45:00,0.235706,4.66533333333333,0.978666666666667,34.5293333333333,1.786,545.338666666667,2
2025-09-21 19:00:00,0.245086666666667,4.8,0.958666666666667,34.98,1.74133333333333,547.315333333333,2
2025-09-21 19:15:00,0.243965333333333,4.81533333333333,0.954,34.9446666666667,1.60533333333333,547.884,2
2025-09-21 19:30:00,0.238698,4.96533333333333,0.970666666666667,34.6566666666667,1.80533333333333,549.354,2
2025-09-21 19:45:00,0.239515333333333,5.10533333333333,1.03266666666667,34.9413333333333,1.93533333333333,549.988,2
2025-09-21 20:00:00,0.240288,5.14333333333333,1.23,33.806,2.13266666666667,551.008,2
2025-09-21 20:15:00,0.241684,5.07266666666667,1.31533333333333,32.732,1.85066666666667,554.325333333333,2
2025-09-21 20:30:00,0.245683333333333,5.24466666666667,1.378,33.3106666666667,2.21266666666667,553.61,2
2025-09-21 20:45:00,0.241094666666667,5.526,1.476,32.3646666666667,2.33533333333333,555.793333333333,2
2025-09-21 21:00:00,0.245675333333333,5.44333333333333,1.51466666666667,33.306,2.06866666666667,556.5,2
2025-09-21 21:15:00,0.243712666666667,5.39066666666667,1.59266666666667,32.3353333333333,2.10466666666667,558.997333333333,2
2025-09-21 21:30:00,0.243772,5.296,1.678,31.7806666666667,2.19066666666667,557.216,2
2025-09-21 21:45:00,0.241807333333333,5.21133333333333,1.72533333333333,31.3413333333333,2.22733333333333,559.166,2
2025-09-21 22:00:00,0.242083333333333,5.25266666666667,1.79333333333333,31.8433333333333,2.36733333333333,561.630666666667,2
2025-09-21 22:15:00,0.268269333333333,5.35466666666667,1.856,32.862,2.638,563.606666666667,2
2025-09-21 22:30:00,0.244752,5.96333333333333,1.48733333333333,34.81,3.03466666666667,572.896,2
2025-09-21 22:45:00,0.248988666666667,6.4,1.51,33.7306666666667,3.68,584.139333333333,2
2025-09-21 23:00:00,0.259727333333333,6.594,1.74,28.3353333333333,3.224,585.376,2
2025-09-21 23:15:00,0.260937333333333,7.18533333333333,1.71733333333333,29.9846666666667,3.296,590.129333333333,2
2025-09-21 23:30:00,0.259614,6.438,1.765,26.334,3.41,594.22,2
2025-09-22,0.255622,5.92533333333333,1.78466666666667,25.3573333333333,3.292,596.110666666667,2
2025-09-22 00:15:00,0.253590666666667,5.56733333333333,1.864,22.6766666666667,3.13333333333333,593.671333333333,2
2025-09-22 00:30:00,0.255204666666667,5.82866666666667,1.91133333333333,23.8946666666667,3.30666666666667,594.328666666667,2
2025-09-22 00:45:00,0.252938,5.64866666666667,1.92733333333333,22.3633333333333,3.2,592.328666666667,2
2025-09-22 01:00:00,0.247452666666667,5.24066666666667,1.77466666666667,23.172,3.78866666666667,603.386666666667,2
2025-09-22 01:15:00,0.250014,5.29333333333333,1.896,21.398,3.492,599.25,2
2025-09-22 01:30:00,0.248254666666667,5.00333333333333,2.07666666666667,18.0646666666667,3.28333333333333,600.615333333333,2
2025-09-22 01:45:00,0.243404666666667,4.86533333333333,1.91266666666667,19.6413333333333,3.54,612.926,2
2025-09-22 02:00:00,0.238984,4.76266666666667,1.93666666666667,19.742,3.586,619.220666666667,2
2025-09-22 02:15:00,0.241464666666667,5.116,2.014,19.7953333333333,3.58733333333333,619.501333333333,2
2025-09-22 02:30:00,0.241797333333333,4.9,1.94666666666667,16.77,3.48133333333333,626.44,2
2025-09-22 02:45:00,0.245978666666667,4.72333333333333,2.03133333333333,13.746,3.32466666666667,616.764,2
2025-09-22 03:00:00,0.244322,4.86733333333333,2.024,14.434,3.264,619.607333333333,2
2025-09-22 03:15:00,0.232402,4.228,2.01066666666667,13.692,3.03933333333333,637.046666666667,2
2025-09-22 03:30:00,0.233309333333333,4.16733333333333,2.02066666666667,13.5193333333333,3.14733333333333,636.34,2
2025-09-22 03:45:00,0.232976,4.212,1.99533333333333,12.9806666666667,2.70866666666667,641.03,1
2025-09-22 04:00:00,0.237188666666667,4.404,2.08133333333333,13.03,3.224,631.127333333333,1
2025-09-22 04:15:00,0.237412,4.146,2.12666666666667,13.282,3.38533333333333,626.696,1
2025-09-22 04:30:00,0.248276666666667,4.11733333333333,2.27666666666667,13.4973333333333,3.55066666666667,620.374666666667,1
2025-09-22 04:45:00,0.240604,4.03333333333333,2.314,13.5566666666667,3.59066666666667,630.816666666667,1
2025-09-22 05:00:00,0.231014666666667,3.60933333333333,2.32333333333333,12.1126666666667,3.53533333333333,642.25,1
2025-09-22 05:15:00,0.232826666666667,3.628,2.332,11.9126666666667,3.458,635.89,1
2025-09-22 05:30:00,0.236596666666667,4.28733333333333,2.69533333333333,9.984,3.54066666666667,637.328,1
2025-09-22 05:45:00,0.236940666666667,4.068,2.17066666666667,11.4253333333333,3.46733333333333,636.284,1
2025-09-22 06:00:00,0.236235333333333,3.81533333333333,2.08066666666667,11.7313333333333,3.576,638.403333333333,1
2025-09-22 06:15:00,0.230276,3.23066666666667,2.14466666666667,10.1546666666667,3.53866666666667,651.451333333333,1
2025-09-22 06:30:00,0.238181333333333,3.77266666666667,2.16533333333333,11.1046666666667,3.796,650.737333333333,1
2025-09-22 06:45:00,0.271614666666667,3.88533333333333,3.55666666666667,9.24466666666667,3.66133333333333,644.73,1
2025-09-22 07:00:00,0.29839,3.93733333333333,4.54066666666667,7.712,3.70533333333333,643.895333333333,1
2025-09-22 07:15:00,0.270541333333333,3.386,2.93133333333333,10.4633333333333,3.56066666666667,645.944666666667,1
2025-09-22 07:30:00,0.275999333333333,3.78133333333333,3.92133333333333,9.32,3.77933333333333,643.719333333333,1
2025-09-22 07:45:00,0.237506666666667,2.98733333333333,2.66666666666667,8.15866666666667,3.422,656.245333333333,1
2025-09-22 08:00:00,0.244736,2.98866666666667,2.856,8.70066666666667,3.038,657.915333333333,1
2025-09-22 08:15:00,0.278938,6.14733333333333,11.588,8.78933333333333,3.85333333333333,639.311333333333,1
2025-09-22 08:30:00,0.273447333333333,5.08533333333333,10.4113333333333,4.94933333333333,4.324,610.469333333333,1
2025-09-22 08:45:00,0.271446,4.12933333333333,7.968,1.498,4.21266666666667,594.753333333333,1
2025-09-22 09:00:00,0.258720666666667,4.13333333333333,22.1386666666667,3.20733333333333,5.08466666666667,587.495333333333,1
2025-09-22 09:15:00,0.252809333333333,5.10866666666667,47.212,2.69466666666667,6.34133333333333,587.271333333333,1
2025-09-22 09:30:00,0.254246,5.30733333333333,54.3773333333333,-1.646,6.99333333333333,578.003333333333,1
2025-09-22 09:45:00,0.253118666666667,4.68466666666667,58.8333333333333,-1.14533333333333,7.172,568.45,1
2025-09-22 10:00:00,0.227503333333333,5.01,42.21,8.656,6.69866666666667,570.656666666667,1
2025-09-22 10:15:00,0.226701333333333,4.33133333333333,21.3226666666667,11.8213333333333,5.46133333333333,570.167333333333,1
2025-09-22 10:30:00,0.227108666666667,4.606,19.106,12.7393333333333,5.55466666666667,568.986,1
2025-09-22 10:45:00,0.212665333333333,3.82466666666667,3.15266666666667,16.9726666666667,4.58533333333333,564.379333333333,1
2025-09-22 11:00:00,0.218553333333333,3.816,3.00066666666667,16.5506666666667,4.35866666666667,560.739333333333,1
2025-09-22 11:15:00,0.216048666666667,3.85933333333333,2.63333333333333,20.1026666666667,4.45066666666667,553.667333333333,1
2025-09-22 11:30:00,0.214590666666667,3.83666666666667,2.54133333333333,19.1,4.54866666666667,556.757333333333,1
2025-09-22 11:45:00,0.21665,3.84,2.60266666666667,18.8033333333333,4.682,556.395333333333,1
2025-09-22 12:00:00,0.218247333333333,3.90266666666667,2.572,20.4413333333333,4.40866666666667,555.665333333333,1
2025-09-22 12:15:00,0.221464666666667,3.88533333333333,2.49,20.2846666666667,4.702,555.135333333333,1
2025-09-22 12:30:00,0.221039333333333,4.02133333333333,6.10866666666667,21.3066666666667,4.40466666666667,551.682,1
2025-09-22 12:45:00,0.234418666666667,4.01533333333333,2.172,20.4106666666667,4.556,546.334666666667,1
2025-09-22 13:00:00,0.2263,4.00133333333333,1.87733333333333,20.5066666666667,4.478,541.212666666667,2
2025-09-22 13:15:00,0.219899333333333,4.124,1.92466666666667,18.746,4.906,538.746666666667,2
2025-09-22 13:30:00,0.217544,4.442,1.74333333333333,19.31,4.51533333333333,534.403333333333,2
2025-09-22 13:45:00,0.210736666666667,4.82666666666667,1.83,19.4106666666667,4.24666666666667,533.76,2
2025-09-22 14:00:00,0.212832,4.87933333333333,1.75866666666667,21.806,4.54533333333333,532.645333333333,2
2025-09-22 14:15:00,0.211129333333333,5.51,1.988,21.0886666666667,4.682,528.026666666667,2
2025-09-22 14:30:00,0.203705333333333,5.714,2.08666666666667,23.2673333333333,4.73466666666667,529.039333333333,2
2025-09-22 14:45:00,0.208364666666667,5.154,1.83333333333333,26.31,4.56133333333333,533.286666666667,2
2025-09-22 15:00:00,0.22846,4.79733333333333,2.516,29.644,4.89666666666667,536.522666666667,2
2025-09-22 15:15:00,0.233554,4.51266666666667,1.48133333333333,27.1186666666667,5.11666666666667,538.442666666667,2
2025-09-22 15:30:00,0.266698,4.61733333333333,1.50866666666667,25.7546666666667,5.13533333333333,536.186,2
2025-09-22 15:45:00,0.262291333333333,4.69,1.636,24.1453333333333,5.038,537.06,2
2025-09-22 16:00:00,0.247960666666667,4.95466666666667,1.64,23.566,4.412,537.702666666667,2
2025-09-22 16:15:00,0.221290666666667,5.44066666666667,1.71133333333333,24.3233333333333,3.52533333333333,536.45,2
2025-09-22 16:30:00,0.240315333333333,5.18533333333333,1.72733333333333,28.268,3.99066666666667,535.246666666667,2
2025-09-22 16:45:00,0.241956666666667,5.72666666666667,22.1366666666667,25.3533333333333,3.84333333333333,534.71,2
2025-09-22 17:00:00,0.235750666666667,4.902,1.66533333333333,29.3913333333333,3.106,535.479333333333,2
2025-09-22 17:15:00,0.235878,4.792,1.52266666666667,30.1706666666667,3.226,537.606,2
2025-09-22 17:30:00,0.257202666666667,4.74333333333333,1.426,28.9626666666667,4.294,539.559333333333,2
2025-09-22 17:45:00,0.242525714285714,4.64571428571429,1.37285714285714,29.2228571428571,3.70857142857143,538.65,2
2025-09-23,0.247196666666667,4.59933333333333,1.54133333333333,11.3526666666667,4.48733333333333,619.549333333333,1
2025-09-23 00:15:00,0.252333333333333,4.47466666666667,1.502,11.0373333333333,4.65066666666667,621.172,1
2025-09-23 00:30:00,0.247509333333333,4.37133333333333,1.69133333333333,10.0173333333333,4.51266666666667,614.009333333333,1
2025-09-23 00:45:00,0.243604,4.344,1.61733333333333,10.7313333333333,4.79133333333333,627.218666666667,1
2025-09-23 01:00:00,0.23991,4.08733333333333,1.754,9.76733333333333,4.556,622.586,1
2025-09-23 01:15:00,0.237795333333333,4.01333333333333,1.85133333333333,10.26,4.09933333333333,614.202,1
2025-09-23 01:30:00,0.238481333333333,3.90533333333333,2.058,9.82066666666667,2.91533333333333,597.034,1
2025-09-23 01:45:00,0.234024666666667,3.88733333333333,2.134,11.3926666666667,3.97666666666667,596.768666666667,1
2025-09-23 02:00:00,0.231686,3.89933333333333,2.13466666666667,11.5166666666667,4.48466666666667,604.623333333333,1
2025-09-23 02:15:00,0.231972666666667,3.90066666666667,2.15666666666667,10.8593333333333,4.23466666666667,606.751333333333,1
2025-09-23 02:30:00,0.235013333333333,3.93933333333333,2.036,11.4913333333333,4.628,621.958666666667,1
2025-09-23 02:45:00,0.230742,3.868,2.04,10.934,4.382,618.176666666667,1
2025-09-23 03:00:00,0.229243333333333,3.87866666666667,2.00933333333333,10.6226666666667,4.62133333333333,622.696666666667,1
2025-09-23 03:15:00,0.229692,3.88666666666667,1.96666666666667,9.50933333333333,4.474,630.068666666667,1
2025-09-23 03:30:00,0.228908666666667,3.856,1.94,9.53866666666667,4.56266666666667,633.072,1
2025-09-23 03:45:00,0.229427333333333,3.83866666666667,1.90266666666667,8.558,4.38066666666667,634.525333333333,1
2025-09-23 04:00:00,0.232049333333333,3.71666666666667,1.97933333333333,7.51733333333333,4.562,631.128666666667,1
2025-09-23 04:15:00,0.232389333333333,3.978,2.06,7.32333333333333,4.60133333333333,638.516666666667,1
2025-09-23 04:30:00,0.228108666666667,3.778,1.95266666666667,6.83266666666667,4.298,651.058666666667,1
2025-09-23 04:45:00,0.228562666666667,3.678,2.01866666666667,6.12933333333333,4.34666666666667,649.235333333333,1
2025-09-23 05:00:00,0.227375333333333,3.64133333333333,2.01733333333333,7.42533333333333,4.40733333333333,644.538666666667,1
2025-09-23 05:15:00,0.227411333333333,3.656,2.012,7.378,4.34666666666667,650.833333333333,1
2025-09-23 05:30:00,0.226695333333333,3.62066666666667,2.03133333333333,6.18333333333333,4.42466666666667,657.314,1
2025-09-23 05:45:00,0.234468,3.63066666666667,2.30666666666667,6.31466666666667,4.41666666666667,659.874,1
2025-09-23 06:00:00,0.23238,3.544,2.08,5.156,4.27666666666667,661.36,1
2025-09-23 06:15:00,0.236343333333333,3.54,2.03333333333333,5.45666666666667,4.268,657.080666666667,1
2025-09-23 06:30:00,0.235918666666667,3.48,2.13533333333333,4.97666666666667,4.226,656.31,1
2025-09-23 06:45:00,0.247183333333333,3.73866666666667,2.508,4.36533333333333,4.56933333333333,658.518,1
2025-09-23 07:00:00,0.253731333333333,3.68066666666667,2.618,3.86733333333333,4.61666666666667,665.800666666667,1
2025-09-23 07:15:00,0.342565333333333,3.54,2.87533333333333,4.25933333333333,4.316,668.532,1
2025-09-23 07:30:00,0.243472666666667,3.54466666666667,2.388,4.10666666666667,4.31466666666667,662.484666666667,1
2025-09-23 07:45:00,0.267518,3.64666666666667,3.72466666666667,3.158,4.61666666666667,660.976,1
2025-09-23 08:00:00,0.263958666666667,3.71933333333333,3.16733333333333,3.11466666666667,4.86133333333333,663.368666666667,1
2025-09-23 08:15:00,0.271780666666667,3.42066666666667,2.62933333333333,3.21266666666667,5.504,662.026666666667,1
2025-09-23 08:30:00,0.255669333333333,3.42466666666667,2.60933333333333,2.27533333333333,4.92066666666667,650.487333333333,1
2025-09-23 08:45:00,0.25242,3.502,2.926,2.706,4.824,646.409333333333,1
2025-09-23 09:00:00,0.274626666666667,3.54066666666667,2.836,1.94866666666667,4.93666666666667,641.462,1
2025-09-23 09:15:00,0.245404666666667,3.69333333333333,3.198,0.264,4.758,630.398,1
2025-09-23 09:30:00,0.233485333333333,3.724,3.14533333333333,3.594,4.91266666666667,613.696,1
2025-09-23 09:45:00,0.240071333333333,3.826,3.31133333333333,2.78933333333333,5.21933333333333,604.693333333333,1
2025-09-23 10:00:00,0.226094,3.806,3.69,2.81066666666667,4.444,590.810666666667,1
2025-09-23 10:15:00,0.225257333333333,4.14133333333333,3.48,4.02666666666667,5.17466666666667,581.61,1
2025-09-23 10:30:00,0.244384666666667,3.80866666666667,3.17866666666667,-2.54133333333333,4.23533333333333,565.236,1
2025-09-23 10:45:00,0.194443333333333,3.808,3.498,4.33333333333333,3.85333333333333,566.528,1
2025-09-23 11:00:00,0.192486666666667,3.74533333333333,2.782,9.47533333333333,4.13733333333333,565.221333333333,1
2025-09-23 11:15:00,0.198098666666667,3.98666666666667,2.83066666666667,8.45066666666667,3.508,559.849333333333,1
2025-09-23 11:30:00,0.189609333333333,3.96,2.61266666666667,12.3113333333333,3.88733333333333,556.958666666667,1
2025-09-23 11:45:00,0.192526666666667,4.01933333333333,2.28933333333333,13.6953333333333,3.79,551.907333333333,1
2025-09-23 12:00:00,0.196486666666667,4.07066666666667,2.00333333333333,16.0733333333333,3.62066666666667,546.296,1
2025-09-23 12:15:00,0.200225333333333,4.20066666666667,1.91666666666667,16.79,3.40733333333333,542.922666666667,1
2025-09-23 12:30:00,0.191272,4.598,2.04266666666667,16.7746666666667,3.65933333333333,539.535333333333,1
2025-09-23 12:45:00,0.231055333333333,5.15733333333333,2.10066666666667,18.2693333333333,3.248,535.132,1
2025-09-23 13:00:00,0.201713333333333,5.16,2.11,21.142,2.898,535.906,1
2025-09-23 13:15:00,0.198990666666667,4.93466666666667,2.13266666666667,22.1986666666667,3.14733333333333,532.828,1
2025-09-23 13:30:00,0.204916,4.91733333333333,2.198,22.3606666666667,2.96066666666667,532.081333333333,1
2025-09-23 13:45:00,0.201201333333333,5.11733333333333,2.23733333333333,23.32,3.44333333333333,532.162666666667,1
2025-09-23 14:00:00,0.214150666666667,5.03466666666667,2.21466666666667,23.2753333333333,3.04066666666667,534.130666666667,1
2025-09-23 14:15:00,0.203664666666667,4.77333333333333,2.052,27.2506666666667,3.06533333333333,533.408,2
2025-09-23 14:30:00,0.211604666666667,4.48733333333333,1.886,29.5793333333333,3.108,533.414666666667,2
2025-09-23 14:45:00,0.223535333333333,4.464,1.866,27.08,2.81,533.527333333333,2
2025-09-23 15:00:00,0.221203333333333,4.506,1.884,25.556,2.67733333333333,534.973333333333,2
2025-09-23 15:15:00,0.224788666666667,4.54933333333333,1.89133333333333,26.14,2.66266666666667,535.085333333333,2
2025-09-23 15:30:00,0.22664,4.59,1.92066666666667,25.9506666666667,2.59333333333333,535.582666666667,2
2025-09-23 15:45:00,0.237749333333333,4.56933333333333,1.91666666666667,24.552,2.5,534.178666666667,2
2025-09-23 16:00:00,0.245755333333333,4.748,2.12733333333333,21.5353333333333,2.27866666666667,529.600666666667,2
2025-09-23 16:15:00,0.226134666666667,5.03266666666667,2.378,21.4253333333333,2.406,525.698666666667,2
2025-09-23 16:30:00,0.221608,4.98,2.42466666666667,23.9233333333333,2.09133333333333,526.814,2
2025-09-23 16:45:00,0.220666666666667,4.87666666666667,2.39666666666667,25.4433333333333,3.05,528.363333333333,2
2025-09-23 17:00:00,0.232566666666667,4.55666666666667,1.94333333333333,26.2193333333333,2.36666666666667,532.524,2
2025-09-23 17:15:00,0.318555333333333,4.59933333333333,1.69333333333333,28.0446666666667,2.628,535.487333333333,2
2025-09-23 17:30:00,0.241680666666667,4.83133333333333,1.47866666666667,28.6873333333333,2.572,536.956666666667,2
2025-09-23 17:45:00,0.255432,5.374,1.26533333333333,26.89,2.98933333333333,542.103333333333,2
2025-09-23 18:00:00,0.259296,5.29333333333333,1.11266666666667,26.2433333333333,2.318,541.533333333333,2
2025-09-23 18:15:00,0.273873333333333,5.44066666666667,0.968,25.0793333333333,2.616,542.682,2
2025-09-23 18:30:00,0.265246666666667,5.482,0.846666666666667,25.2993333333333,2.718,543.564,2
2025-09-23 18:45:00,0.291933333333333,7.59,1.054,21.326,3.41,562.875333333333,2
2025-09-23 19:00:00,0.299908,6.97933333333333,0.785333333333333,21.622,3.43,565.751333333333,2
2025-09-23 19:15:00,0.337894,8.13,1.07,18.0986666666667,3.768,583.312,2
2025-09-23 19:30:00,0.364454,8.01,1.204,15.3753333333333,3.75,599.034,2
2025-09-23 19:45:00,0.435258,9.06533333333333,1.154,14.2986666666667,6.06666666666667,610.557333333333,2
2025-09-23 20:00:00,0.395755333333333,8.94733333333333,1.66666666666667,13.6986666666667,4.426,616.610666666667,2
2025-09-23 20:15:00,0.362399333333333,7.614,1.09733333333333,15.3306666666667,5.60866666666667,622.296,2
2025-09-23 20:30:00,0.421274,7.838,1.22333333333333,11.2806666666667,4.87666666666667,635.425333333333,2
2025-09-23 20:45:00,0.376346666666667,7.41866666666667,1.26933333333333,12.206,5.04866666666667,642.474,2
2025-09-23 21:00:00,0.385464666666667,8.04333333333333,1.346,10.6406666666667,4.89533333333333,638.250666666667,2
2025-09-23 21:15:00,0.442062,9.77866666666667,1.73733333333333,8.05866666666667,4.646,640.410666666667,2
2025-09-23 21:30:00,0.308869333333333,7.12933333333333,1.404,6.75,4.35666666666667,648.681333333333,2
2025-09-23 21:45:00,0.287304666666667,6.646,1.456,10.524,4.24666666666667,637.280666666667,2
2025-09-23 22:00:00,0.282115333333333,5.942,1.45533333333333,8.844,3.99666666666667,640.338666666667,2
2025-09-23 22:15:00,0.285164666666667,5.81266666666667,1.50933333333333,7.88866666666667,3.858,650.841333333333,1
2025-09-23 22:30:00,0.287545333333333,5.282,1.54,8.18733333333333,3.85333333333333,648.745333333333,1
2025-09-23 22:45:00,0.267767333333333,4.60133333333333,1.524,8.848,3.49733333333333,642.739333333333,1
2025-09-23 23:00:00,0.256034666666667,4.18666666666667,1.62466666666667,8.46533333333333,3.526,642.78,1
2025-09-23 23:15:00,0.250782666666667,3.914,1.66133333333333,8.29666666666667,3.43466666666667,647.944,1
2025-09-23 23:30:00,0.245863,3.673,1.758,8.352,3.311,652.586,1
2025-09-24,0.236175333333333,3.63133333333333,2.032,10.8666666666667,4.66133333333333,638.716666666667,1
2025-09-24 00:15:00,0.238572,3.58066666666667,2.27866666666667,9.098,5.53333333333333,641.15,1
2025-09-24 00:30:00,0.235691333333333,3.50666666666667,2.25266666666667,8.74933333333333,5.38133333333333,644.650666666667,1
2025-09-24 00:45:00,0.234458,3.37066666666667,2.33133333333333,8.01266666666667,4.29866666666667,648.286666666667,1
2025-09-24 01:00:00,0.233805333333333,3.282,2.62933333333333,6.80933333333333,3.97133333333333,657.314666666667,1
2025-09-24 01:15:00,0.234034666666667,3.17666666666667,2.542,6.85066666666667,3.70533333333333,663.488,1
2025-09-24 01:30:00,0.230870666666667,3.03866666666667,2.78866666666667,6.47533333333333,3.958,659.482,1
2025-09-24 01:45:00,0.229263333333333,2.90666666666667,2.596,7.44133333333333,3.74266666666667,659.224,1
2025-09-24 02:00:00,0.2301,2.93666666666667,2.74266666666667,7.426,3.7,658.502666666667,1
2025-09-24 02:15:00,0.228763333333333,2.77866666666667,2.92466666666667,5.96133333333333,3.66533333333333,663.762666666667,1
2025-09-24 02:30:00,0.228120666666667,2.84066666666667,2.85533333333333,5.50466666666667,3.58266666666667,670.145333333333,1
2025-09-24 02:45:00,0.228723333333333,2.81466666666667,2.716,6.882,3.37733333333333,665.424,1
2025-09-24 03:00:00,0.229567333333333,2.946,2.85933333333333,5.53533333333333,3.748,670.048666666667,1
2025-09-24 03:15:00,0.229134,2.812,2.916,5.42733333333333,4.05466666666667,674.969333333333,1
2025-09-24 03:30:00,0.228312666666667,2.72866666666667,3.14466666666667,4.62333333333333,4.03333333333333,677.38,1
2025-09-24 03:45:00,0.225257333333333,2.69666666666667,3.15066666666667,6.76466666666667,3.84133333333333,676.157333333333,1
2025-09-24 04:00:00,0.224597333333333,2.674,3.25733333333333,5.488,4.06133333333333,679.972666666667,1
2025-09-24 04:15:00,0.224458666666667,2.85533333333333,3.10066666666667,7.33733333333333,3.84266666666667,670.883333333333,1
2025-09-24 04:30:00,0.244962,2.848,3.248,6.204,3.98733333333333,672.025333333333,1
2025-09-24 04:45:00,0.226886,2.78066666666667,3.33666666666667,6.00866666666667,4.158,672.568666666667,1
2025-09-24 05:00:00,0.220534,2.64066666666667,3.36733333333333,6.034,3.91266666666667,677.557333333333,1
2025-09-24 05:15:00,0.222006666666667,2.67866666666667,3.39466666666667,5.49,3.88533333333333,683.699333333333,1
2025-09-24 05:30:00,0.225696666666667,2.76266666666667,3.44333333333333,4.99733333333333,3.92333333333333,684.493333333333,1
2025-09-24 05:45:00,0.243872666666667,3.048,3.92,6.10066666666667,4.13266666666667,681.868,1
2025-09-24 06:00:00,0.230342,2.55533333333333,4.02066666666667,3.44266666666667,3.758,687.770666666667,1
2025-09-24 06:15:00,0.235949333333333,2.59933333333333,3.52133333333333,5.90333333333333,3.908,684.735333333333,1
2025-09-24 06:30:00,0.241496666666667,2.31133333333333,3.846,4.57133333333333,3.908,694.386,1
2025-09-24 06:45:00,0.430224666666667,2.43933333333333,6.53266666666667,4.45333333333333,3.882,700.200666666667,1
2025-09-24 07:00:00,0.512472,2.84266666666667,7.746,4.244,3.90266666666667,706.238666666667,1
2025-09-24 07:15:00,0.316486,2.32333333333333,5.88333333333333,2.572,3.89133333333333,707.419333333333,1
2025-09-24 07:30:00,0.296098,2.48533333333333,3.87466666666667,6.30266666666667,3.95466666666667,701.574,1
2025-09-24 07:45:00,0.285246666666667,2.79466666666667,4.38666666666667,6.60133333333333,3.70266666666667,691.945333333333,1
2025-09-24 08:00:00,0.295832666666667,3.15,5.78,3.62866666666667,3.91666666666667,688.974666666667,1
2025-09-24 08:15:00,0.331911333333333,3.42066666666667,6.836,2.256,4.51,680.11,1
2025-09-24 08:30:00,0.270393333333333,3.34733333333333,4.126,2.546,4.53866666666667,664.203333333333,1
2025-09-24 08:45:00,0.265126666666667,3.53533333333333,3.48266666666667,-2.62733333333333,5.02466666666667,643.124666666667,1
2025-09-24 09:00:00,0.26044,3.4,4.224,-3.15,5.32933333333333,626.895333333333,1
2025-09-24 09:15:00,0.22898,3.604,3.59133333333333,0.212,5.384,618.931333333333,1
2025-09-24 09:30:00,0.269585333333333,3.91666666666667,4.08733333333333,-4.614,5.90866666666667,601.732,1
2025-09-24 09:45:00,0.280936666666667,3.69133333333333,4.52533333333333,-9.00066666666667,6.24266666666667,590.192,1
2025-09-24 10:00:00,0.248043333333333,3.88533333333333,5.19733333333333,-6.748,6.82133333333333,582.228,1
2025-09-24 10:15:00,0.225158,4.46933333333333,4.79866666666667,-2.18533333333333,7.04266666666667,573.837333333333,1
2025-09-24 10:30:00,0.225075333333333,5.412,4.534,-2.21933333333333,7.72533333333333,567.773333333333,1
2025-09-24 10:45:00,0.197624666666667,6.04933333333333,4.13066666666667,2.93133333333333,8.31866666666667,559.164666666667,1
2025-09-24 11:00:00,0.194646,6.198,3.33666666666667,7.58133333333333,8.33333333333333,555.706,1
2025-09-24 11:15:00,0.200783333333333,6.21533333333333,2.89133333333333,11.2506666666667,8.284,548.333333333333,1
2025-09-24 11:30:00,0.204111333333333,6.17333333333333,3.36466666666667,13.7586666666667,8.764,546.656666666667,1
2025-09-24 11:45:00,0.194238,6.114,2.39866666666667,16.9973333333333,9.28466666666667,541.1,1
2025-09-24 12:00:00,0.197284666666667,6.236,2.216,20.8753333333333,9.31933333333333,542.111333333333,1
2025-09-24 12:15:00,0.207126666666667,6.238,2.27,21.028,9.46266666666667,538.161333333333,1
2025-09-24 12:30:00,0.212648666666667,6.16266666666667,2.37,23.0706666666667,9.50933333333333,535.528,1
2025-09-24 12:45:00,0.228069333333333,6.106,2.45533333333333,27.382,9.89466666666667,534.28,1
2025-09-24 13:00:00,0.217721333333333,6.114,2.502,28.7766666666667,9.88333333333333,533.566666666667,2
2025-09-24 13:15:00,0.228726,6.09133333333333,2.564,29.064,9.60333333333333,532.051333333333,2
2025-09-24 13:30:00,0.227065333333333,6.01666666666667,2.586,30.852,9.646,530.612666666667,2
2025-09-24 13:45:00,0.229646666666667,6.05133333333333,2.63,30.052,9.20466666666667,527.522,2
2025-09-24 14:00:00,0.229250666666667,6.03133333333333,2.62933333333333,30.29,8.886,524.397333333333,2
2025-09-24 14:15:00,0.23658,5.91,2.56533333333333,28.4246666666667,8.53266666666667,521.548666666667,2
2025-09-24 14:30:00,0.24319,5.942,2.64733333333333,31.646,8.00333333333333,516.986,2
2025-09-24 14:45:00,0.246629333333333,5.84933333333333,2.614,28.6433333333333,7.28266666666667,513.774666666667,2
2025-09-24 15:00:00,0.223827333333333,5.76466666666667,2.67,29.072,6.76,511.471333333333,2
2025-09-24 15:15:00,0.217605333333333,5.72466666666667,2.60866666666667,27.232,6.00333333333333,505.913333333333,2
2025-09-24 15:30:00,0.214534666666667,5.59,2.63066666666667,26.404,5.712,499.168666666667,2
2025-09-24 15:45:00,0.212433333333333,5.43666666666667,2.62933333333333,26.3633333333333,5.912,496.84,2
2025-09-24 16:00:00,0.210715333333333,5.354,2.64533333333333,26.7873333333333,5.99466666666667,494.317333333333,2
2025-09-24 16:15:00,0.222757333333333,5.436,2.62533333333333,24.8793333333333,5.56066666666667,493.900666666667,2
2025-09-24 16:30:00,0.252574285714286,5.475,2.61071428571429,21.9378571428571,4.74714285714286,500.287142857143,2
2025-09-24 17:00:00,0.397154,6.51733333333333,2.69666666666667,29.418,5.096,527.938,2
2025-09-24 17:15:00,0.386632666666667,7.294,2.68866666666667,30.7266666666667,5.21,540.69,2
2025-09-24 17:30:00,0.471666666666667,9.14733333333333,2.00533333333333,30.8346666666667,5.00266666666667,545.010666666667,2
2025-09-24 17:45:00,0.401281333333333,12.178,1.76466666666667,26.298,5.20666666666667,557.247333333333,2
2025-09-24 18:00:00,0.342798,8.26066666666667,1.45733333333333,20.8713333333333,3.95133333333333,546.97,2
2025-09-24 18:15:00,0.284863333333333,5.63133333333333,2.00933333333333,28.5373333333333,3.392,528.124666666667,2
2025-09-24 18:30:00,0.260582666666667,5.852,2.51933333333333,29.622,3.324,522.856,2
2025-09-24 18:45:00,0.242937333333333,5.9,2.758,33.688,3.158,523.521333333333,2
2025-09-24 19:00:00,0.237042666666667,5.85733333333333,2.85266666666667,35.7906666666667,3.406,524.268666666667,2
2025-09-24 19:15:00,0.237672666666667,5.86666666666667,2.852,38.674,3.314,525.087333333333,2
2025-09-24 19:30:00,0.248044666666667,5.82466666666667,2.664,41.8333333333333,3.67666666666667,528.148,2
2025-09-24 19:45:00,0.256651333333333,5.712,2.50466666666667,43.3613333333333,3.85,529.408666666667,2
2025-09-24 20:00:00,0.256994,5.576,2.284,43.4726666666667,3.75733333333333,531.054666666667,3
2025-09-24 20:15:00,0.259816666666667,5.45866666666667,2.078,43.232,4.06,532.909333333333,3
2025-09-24 20:30:00,0.269356666666667,5.57733333333333,1.888,42.0586666666667,3.972,534.604,3
2025-09-24 20:45:00,0.275749333333333,5.71,1.69,40.72,4.20933333333333,536.113333333333,3
2025-09-24 21:00:00,0.28441,5.84933333333333,1.48333333333333,40.0026666666667,4.72466666666667,539.027333333333,3
2025-09-24 21:15:00,0.276045333333333,5.97866666666667,1.32466666666667,39.2593333333333,4.35533333333333,539.645333333333,3
2025-09-24 21:30:00,0.274349333333333,5.92066666666667,1.21133333333333,37.5793333333333,4.304,539.254,3
2025-09-24 21:45:00,0.273815333333333,5.93866666666667,1.10466666666667,37.154,4.64,542.513333333333,3
2025-09-24 22:00:00,0.271348666666667,5.962,0.939333333333333,36.306,4.72733333333333,542.416666666667,3
2025-09-24 22:15:00,0.283080666666667,6.25066666666667,0.586,36.2126666666667,5.13666666666667,555.248,3
2025-09-24 22:30:00,0.277614666666667,6.77133333333333,0.577333333333333,35.7946666666667,4.29466666666667,551.160666666667,3
2025-09-24 22:45:00,0.279665333333333,6.73066666666667,0.686666666666667,34.314,4.724,551.546666666667,3
2025-09-24 23:00:00,0.27027,6.37266666666667,0.843333333333333,33.4286666666667,5.21133333333333,560.394666666667,3
2025-09-24 23:15:00,0.267636666666667,6.37,0.954444444444444,32.0733333333333,5.71444444444444,572.983333333333,3
2025-09-25,0.279903333333333,7.54266666666667,1.27466666666667,28.4873333333333,5.01066666666667,574.601333333333,3
2025-09-25 00:15:00,0.271240666666667,6.41,1.236,28.2326666666667,5.394,582.283333333333,3
2025-09-25 00:30:00,0.268604,6.13066666666667,1.292,27.7013333333333,5.824,588.515333333333,2
2025-09-25 00:45:00,0.270840666666667,6.48266666666667,1.34466666666667,27.26,6.116,587.97,2
2025-09-25 01:00:00,0.269246666666667,6.07533333333333,1.38266666666667,25.8386666666667,6.28133333333333,593.958666666667,2
2025-09-25 01:15:00,0.265618,5.62133333333333,1.44466666666667,22.884,5.83533333333333,601.932,2
2025-09-25 01:30:00,0.264851333333333,5.636,1.554,22.9833333333333,5.58133333333333,600.84,2
2025-09-25 01:45:00,0.262341333333333,5.49466666666667,1.562,22.14,6.074,608.122666666667,2
2025-09-25 02:00:00,0.26427,5.71733333333333,1.61133333333333,23.17,5.408,598.134,2
2025-09-25 02:15:00,0.263504666666667,5.09866666666667,1.864,20.1546666666667,4.746,591.897333333333,2
2025-09-25 02:30:00,0.260909333333333,4.86533333333333,2.08333333333333,19.97,4.60266666666667,583.167333333333,2
2025-09-25 02:45:00,0.256791333333333,4.62533333333333,2.27533333333333,20.232,4.566,579.714666666667,2
2025-09-25 03:00:00,0.247016666666667,4.56133333333333,2.34466666666667,21.448,4.61933333333333,583.914666666667,2
2025-09-25 03:15:00,0.241243333333333,4.65466666666667,2.156,23.9013333333333,5.36266666666667,592.602,2
2025-09-25 03:30:00,0.244088666666667,4.64733333333333,2.28066666666667,21.4973333333333,4.022,590.891333333333,2
2025-09-25 03:45:00,0.238648666666667,4.51,2.05266666666667,23.1826666666667,5.13466666666667,606.927333333333,2
2025-09-25 04:00:00,0.236572666666667,4.56466666666667,1.95733333333333,21.62,4.39133333333333,612.644,2
2025-09-25 04:15:00,0.232042,4.55266666666667,1.88466666666667,23.0506666666667,4.19333333333333,617.822666666667,2
2025-09-25 04:30:00,0.234160666666667,4.71733333333333,1.948,21.2073333333333,3.77933333333333,624.600666666667,2
2025-09-25 04:45:00,0.237818666666667,5.29,1.87266666666667,20.898,3.84066666666667,626.368,2
2025-09-25 05:00:00,0.238660666666667,4.88466666666667,1.82533333333333,19.0413333333333,3.66066666666667,630.798666666667,2
2025-09-25 05:15:00,0.236827333333333,4.598,1.82333333333333,18.1986666666667,3.75466666666667,633.265333333333,2
2025-09-25 05:30:00,0.243028666666667,4.61066666666667,1.686,17.6766666666667,3.61466666666667,635.094666666667,2
2025-09-25 05:45:00,0.238544666666667,4.524,1.67066666666667,16.7126666666667,3.646,638.924666666667,2
2025-09-25 06:00:00,0.234882,4.00266666666667,1.51533333333333,14.56,3.75333333333333,644.850666666667,2
2025-09-25 06:15:00,0.236206666666667,3.69466666666667,1.41,13.906,3.86733333333333,652.118666666667,2
2025-09-25 06:30:00,0.242799333333333,3.76733333333333,1.34933333333333,13.8433333333333,3.78133333333333,653.508,2
2025-09-25 06:45:00,0.241165333333333,3.92066666666667,1.78533333333333,11.9533333333333,3.48466666666667,658.228,1
2025-09-25 07:00:00,0.400426666666667,5.134,4.456,10.5386666666667,3.95333333333333,659.632,1
2025-09-25 07:15:00,0.282651333333333,3.952,2.202,9.924,3.90866666666667,662.79,1
2025-09-25 07:30:00,0.283936666666667,4.27666666666667,3.16,9.19733333333333,4.04866666666667,664.492,1
2025-09-25 07:45:00,0.265396666666667,5.32266666666667,10.732,5.82133333333333,4.83,667.638666666667,1
2025-09-25 08:00:00,0.248796,3.07866666666667,2.42066666666667,11.592,3.45266666666667,661.658666666667,1
2025-09-25 08:15:00,0.273401333333333,3.174,2.222,10.4033333333333,3.478,659.022666666667,1
2025-09-25 08:30:00,0.261942,3.49266666666667,3.212,8.98666666666667,3.49666666666667,651.13,1
2025-09-25 08:45:00,0.260016666666667,3.36333333333333,3.396,6.18,3.89666666666667,634.837333333333,1
2025-09-25 09:00:00,0.294461333333333,3.31533333333333,4.36066666666667,7.362,4.502,628.759333333333,1
2025-09-25 09:15:00,0.298805333333333,3.772,3.17533333333333,3.21466666666667,4.56,613.149333333333,1
2025-09-25 09:30:00,0.328964666666667,3.83,3.822,4.80933333333333,4.65466666666667,599.412666666667,1
2025-09-25 09:45:00,0.307878,4.01466666666667,5.06933333333333,6.70333333333333,5.51866666666667,576.340666666667,1
2025-09-25 10:00:00,0.270540666666667,3.928,3.82266666666667,14.52,6.27933333333333,573.988666666667,1
2025-09-25 10:15:00,0.256967333333333,4.066,4.69866666666667,17.2826666666667,7.39466666666667,577.320666666667,1
2025-09-25 10:30:00,0.281428,4.178,3.32733333333333,19.8033333333333,7.13,577.344666666667,1
2025-09-25 10:45:00,0.353183333333333,4.49533333333333,3.31066666666667,18.4786666666667,7.22733333333333,576.254,1
2025-09-25 11:00:00,0.254445333333333,4.37866666666667,3.78866666666667,13.864,6.02066666666667,569.051333333333,1
2025-09-25 11:15:00,0.279459333333333,4.24866666666667,3.402,17.364,6.96333333333333,563.623333333333,1
2025-09-25 11:30:00,0.331884,4.36,3.112,19.822,8.17,563.045333333333,1
2025-09-25 11:45:00,0.243660666666667,4.39933333333333,3.05266666666667,19.0233333333333,7.23333333333333,563.100666666667,1
2025-09-25 12:00:00,0.246161333333333,4.328,2.89333333333333,16.2646666666667,7.11466666666667,555.080666666667,1
2025-09-25 12:15:00,0.229523333333333,3.992,2.838,17.6086666666667,7.00333333333333,552.148,1
2025-09-25 12:30:00,0.231204666666667,3.94466666666667,3.08533333333333,18.2453333333333,7.80066666666667,547.909333333333,2
2025-09-25 12:45:00,0.228349333333333,3.87866666666667,3.18866666666667,19.1373333333333,7.05066666666667,546.688,2
2025-09-25 13:00:00,0.231303333333333,3.89533333333333,2.756,22.2146666666667,6.31666666666667,547.437333333333,2
2025-09-25 13:15:00,0.299999333333333,3.99466666666667,2.58866666666667,23.7486666666667,6.38533333333333,548.511333333333,2
2025-09-25 13:30:00,0.332371333333333,4.018,2.29666666666667,24.8113333333333,6.77866666666667,548.960666666667,2
2025-09-25 13:45:00,0.270306666666667,4.202,2.58266666666667,22.872,5.758,549.442,2
2025-09-25 14:00:00,0.267772,4.344,2.57,25.8586666666667,3.31933333333333,549.354666666667,2
2025-09-25 14:15:00,0.219145333333333,4.184,2.48,27.932,2.99066666666667,549.883333333333,2
2025-09-25 14:30:00,0.2154,4.12333333333333,2.336,28.6966666666667,2.79066666666667,549.522,2
2025-09-25 14:45:00,0.222507333333333,4.42733333333333,2.27733333333333,26.4533333333333,2.634,545.814,2
2025-09-25 15:00:00,0.219044,4.608,2.046,27.7766666666667,2.56933333333333,542.368666666667,2
2025-09-25 15:15:00,0.212312666666667,4.51466666666667,1.902,29.5633333333333,2.49,542.907333333333,2
2025-09-25 15:30:00,0.216812,4.35066666666667,1.79333333333333,31.35,2.51,547.202666666667,2
2025-09-25 15:45:00,0.217950666666667,4.272,1.78133333333333,31.8386666666667,2.476,548.063333333333,2
2025-09-25 16:00:00,0.227800666666667,4.41,1.868,30.6993333333333,2.41733333333333,548.317333333333,2
2025-09-25 16:15:00,0.224502666666667,4.388,1.65933333333333,32.0193333333333,2.36266666666667,550.309333333333,2
2025-09-25 16:30:00,0.228066666666667,4.416,1.60666666666667,31.366,2.58533333333333,547.42,2
2025-09-25 16:45:00,0.235807272727273,4.48,1.60727272727273,31.3736363636364,2.69818181818182,550.550909090909,2
2025-09-25 17:00:00,0.231546,4.43,1.55666666666667,32.1333333333333,2.36333333333333,551.007333333333,2
2025-09-25 17:15:00,0.235919333333333,4.57666666666667,1.61666666666667,32.1533333333333,2.44866666666667,551.850666666667,2
2025-09-25 17:30:00,0.418956,4.83666666666667,1.66933333333333,31.328,2.35266666666667,552.612666666667,2
2025-09-25 17:45:00,0.241647333333333,4.87266666666667,1.458,31.4786666666667,2.366,551.378,2
2025-09-25 18:00:00,0.241656666666667,4.936,1.566,31.3726666666667,2.484,553.384666666667,2
2025-09-25 18:15:00,0.2404,5.034,1.63066666666667,30.7813333333333,2.25,552.879333333333,2
2025-09-25 18:30:00,0.239282,5.05466666666667,1.69266666666667,30.8646666666667,2.22533333333333,554.211333333333,2
2025-09-25 18:45:00,0.240037333333333,5.028,1.738,30.674,2.344,554.251333333333,2
2025-09-25 19:00:00,0.242799333333333,5.32666666666667,1.792,31.104,2.438,556.421333333333,2
2025-09-25 19:15:00,0.270650666666667,5.49133333333333,2.03666666666667,30.2253333333333,2.73133333333333,557.248,2
2025-09-25 19:30:00,0.243342666666667,5.35066666666667,1.86866666666667,30.5966666666667,2.33066666666667,557.2,2
2025-09-25 19:45:00,0.249969333333333,6.50733333333333,1.47066666666667,39.3146666666667,2.38866666666667,559.833333333333,2
2025-09-25 20:00:00,0.25235,6.80133333333333,1.43466666666667,36.2606666666667,2.628,562.418666666667,2
2025-09-25 20:15:00,0.257012666666667,6.72666666666667,1.53,31.2713333333333,2.43933333333333,566.040666666667,2
2025-09-25 20:30:00,0.274121333333333,6.56133333333333,1.566,31.4113333333333,2.42666666666667,567.468666666667,2
2025-09-25 20:45:00,0.254071333333333,6.21666666666667,1.65333333333333,28.4333333333333,2.588,567.814,2
2025-09-25 21:00:00,0.252543333333333,5.98733333333333,1.692,28.814,2.61066666666667,568.392666666667,2
2025-09-25 21:15:00,0.248495333333333,5.79733333333333,1.83333333333333,27.4793333333333,2.208,569.300666666667,2
2025-09-25 21:30:00,0.248762666666667,5.438,2.13733333333333,24.6866666666667,2.45933333333333,568.793333333333,2
2025-09-25 21:45:00,0.244518666666667,5.18933333333333,2.32,24.4693333333333,2.05133333333333,569.228,2
2025-09-25 22:00:00,0.239486666666667,5.10733333333333,2.44066666666667,26.0666666666667,2.106,569.049333333333,2
2025-09-25 22:15:00,0.235858666666667,5.07133333333333,2.436,26.8586666666667,2.05,570.103333333333,2
2025-09-25 22:30:00,0.237345333333333,5.08733333333333,2.43333333333333,26.718,2.254,571.764666666667,2
2025-09-25 22:45:00,0.237291333333333,5.17333333333333,2.426,26.4933333333333,2.18066666666667,571.484,2
2025-09-25 23:00:00,0.237433333333333,5.08533333333333,2.534,25.8873333333333,2.014,571.580666666667,2
2025-09-25 23:15:00,0.23605,5.084,2.49666666666667,26.6533333333333,2.17533333333333,572.005333333333,2
2025-09-25 23:30:00,0.234597272727273,5.37454545454545,3.54545454545455,25.61,2.62636363636364,572.869090909091,2
2025-09-26,0.235262,5.106,2.43466666666667,26.8266666666667,2.22933333333333,573.668666666667,2
2025-09-26 00:15:00,0.235732666666667,5.12133333333333,2.48133333333333,26.9426666666667,2.27533333333333,572.808,2
2025-09-26 00:30:00,0.236704,5.11466666666667,2.46533333333333,26.6413333333333,2.044,574.945333333333,2
2025-09-26 00:45:00,0.235036666666667,5.112,2.48866666666667,25.9833333333333,2.03866666666667,576.96,2
2025-09-26 01:00:00,0.234106,5.004,2.606,26.422,2.02466666666667,575.537333333333,2
2025-09-26 01:15:00,0.233148,5.088,2.578,26.7986666666667,2.128,576.79,2
2025-09-26 01:30:00,0.233198666666667,5.04933333333333,2.61866666666667,26.9786666666667,2.038,576.607333333333,2
2025-09-26 01:45:00,0.232593333333333,5.06466666666667,2.56266666666667,26.9626666666667,2.252,577.772666666667,2
2025-09-26 02:00:00,0.23326,5.09733333333333,2.59666666666667,27.106,2.36933333333333,579.177333333333,2
2025-09-26 02:15:00,0.234013333333333,5.11666666666667,2.65,26.6006666666667,2.46333333333333,579.778,2
2025-09-26 02:30:00,0.232971333333333,5.144,2.51933333333333,27.6406666666667,2.69466666666667,580.398666666667,2
2025-09-26 02:45:00,0.234345333333333,5.05466666666667,2.702,25.6426666666667,2.056,579.793333333333,2
2025-09-26 03:00:00,0.234232,5.06933333333333,2.70133333333333,26.398,1.808,579.328,2
2025-09-26 03:15:00,0.233129333333333,5.07933333333333,2.71133333333333,26.704,1.966,582.756,2
2025-09-26 03:30:00,0.229082,5.148,2.34333333333333,28.754,3.042,590.772,2
2025-09-26 03:45:00,0.23143,5.40533333333333,2.1,27.034,3.318,596.248,2
2025-09-26 04:00:00,0.240128,5.31733333333333,2.32933333333333,23.4506666666667,2.56133333333333,588.313333333333,2
2025-09-26 04:15:00,0.242216666666667,5.974,2.20533333333333,27.408,3.31866666666667,589.350666666667,2
2025-09-26 04:30:00,0.237543333333333,5.556,1.97733333333333,25.744,4.086,603.232666666667,2
2025-09-26 04:45:00,0.240088666666667,5.62866666666667,2.05133333333333,23.89,4.05733333333333,601.242,2
2025-09-26 05:00:00,0.247059333333333,5.89266666666667,2.094,23.1666666666667,4.05466666666667,599.516,2
2025-09-26 05:15:00,0.245459333333333,5.52333333333333,2.05266666666667,21.246,3.98866666666667,604.975333333333,2
2025-09-26 05:30:00,0.255028666666667,5.58933333333333,2.072,19.6773333333333,4.19733333333333,607.778,2
2025-09-26 05:45:00,0.240545333333333,4.888,2.06866666666667,16.9486666666667,3.99066666666667,622.81,2
2025-09-26 06:00:00,0.243321333333333,5.098,2.04333333333333,17.3633333333333,3.948,626.239333333333,2
2025-09-26 06:15:00,0.246073333333333,5.12266666666667,1.79733333333333,17.778,4.39533333333333,624.174666666667,2
2025-09-26 06:30:00,0.257315333333333,5.73733333333333,1.76866666666667,16.2313333333333,4.03933333333333,622.048,2
2025-09-26 06:45:00,0.257597333333333,7.01,7.35266666666667,15.0866666666667,4.86533333333333,618.435333333333,2
2025-09-26 07:00:00,0.726724666666667,18.0966666666667,53.1046666666667,7.87733333333333,21.7526666666667,618.780666666667,2
2025-09-26 07:15:00,0.331951333333333,7.75933333333333,10.5813333333333,12.4706666666667,5.29066666666667,616.74,2
2025-09-26 07:30:00,0.275357333333333,5.38066666666667,2.24466666666667,14.0253333333333,4.96133333333333,613.191333333333,2
2025-09-26 07:45:00,0.267827333333333,5.37333333333333,2.51866666666667,12.7566666666667,4.79466666666667,611.415333333333,2
2025-09-26 08:00:00,0.314241333333333,6.366,3.86466666666667,11.4513333333333,4.678,614.058,2
2025-09-26 08:15:00,0.301807333333333,5.758,4.01933333333333,8.07066666666667,4.836,611.896666666667,2
2025-09-26 08:30:00,0.318489333333333,4.79066666666667,3.47866666666667,11.5906666666667,6.164,605.578,2
2025-09-26 08:45:00,0.268388666666667,4.36666666666667,3.17266666666667,14.2853333333333,4.96666666666667,595.686666666667,2
2025-09-26 09:00:00,0.266905333333333,4.12266666666667,2.798,14.9266666666667,4.932,606.846666666667,2
2025-09-26 09:15:00,0.269342666666667,4.10733333333333,3.13866666666667,14.4053333333333,4.66333333333333,600.102,2
2025-09-26 09:30:00,0.263994666666667,4.32533333333333,2.83333333333333,15.692,4.56866666666667,601.290666666667,2
2025-09-26 09:45:00,0.255580666666667,4.30466666666667,2.91666666666667,14.6886666666667,4.66,598.552,1
2025-09-26 10:00:00,0.251302666666667,4.31666666666667,3.04133333333333,14.402,4.42,589.799333333333,1
2025-09-26 10:15:00,0.24304,4.35733333333333,2.99866666666667,17.4266666666667,4.36933333333333,587.583333333333,1
2025-09-26 10:30:00,0.268318,4.43,4.346,14.5746666666667,4.29466666666667,583.109333333333,1
2025-09-26 10:45:00,0.274662,4.72266666666667,4.808,13.646,4.518,574.976666666667,1
2025-09-26 11:00:00,0.25609,4.146,3.672,13.6973333333333,4.736,574.807333333333,1
2025-09-26 11:15:00,0.247964666666667,4.54133333333333,4.96533333333333,13.5986666666667,4.632,570.039333333333,1
2025-09-26 11:30:00,0.234283333333333,4.23733333333333,3.6,15.8353333333333,4.47133333333333,566.520666666667,1
2025-09-26 11:45:00,0.279078,4.20933333333333,3.60733333333333,14.832,4.126,563.671333333333,1
2025-09-26 12:00:00,0.235409333333333,3.96866666666667,3.13733333333333,12.3633333333333,4.27733333333333,552.974666666667,1
2025-09-26 12:15:00,0.214717333333333,3.868,3.43333333333333,16.704,4.428,552.784,1
2025-09-26 12:30:00,0.212008666666667,3.892,3.02133333333333,18.2693333333333,4.118,550.926666666667,1
2025-09-26 12:45:00,0.208904,4.01333333333333,2.762,20.184,4.274,549.338,1
2025-09-26 13:00:00,0.211124666666667,4.038,2.60333333333333,22.3146666666667,4.168,550.834,1
2025-09-26 13:15:00,0.212342,3.99533333333333,2.478,25.1213333333333,3.892,549.884,1
2025-09-26 13:30:00,0.224925333333333,4.03866666666667,2.476,27.4366666666667,3.982,553.12,1
2025-09-26 13:45:00,0.249112,4.214,2.6,28.478,3.03866666666667,553.056,2
2025-09-26 14:00:00,0.23287,4.54866666666667,2.46133333333333,30.9186666666667,4.28933333333333,554.589333333333,2
2025-09-26 14:15:00,0.227531333333333,4.34133333333333,2.32333333333333,28.6333333333333,3.08466666666667,553.795333333333,2
2025-09-26 14:30:00,0.232667333333333,4.238,2.29466666666667,28.6806666666667,3.71933333333333,551.602666666667,2
2025-09-26 14:45:00,0.255692666666667,4.31133333333333,2.26466666666667,29.3906666666667,4.018,550.493333333333,2
2025-09-26 15:00:00,0.224831333333333,4.53266666666667,2.39733333333333,29.4386666666667,2.496,551.000666666667,2
2025-09-26 15:15:00,0.221831333333333,4.53866666666667,2.21266666666667,32.9226666666667,2.18666666666667,553.104,2
2025-09-26 15:30:00,0.217976,4.548,2.14133333333333,33.9553333333333,2.45,551.177333333333,2
2025-09-26 15:45:00,0.242231333333333,4.54933333333333,2.14266666666667,34.1873333333333,2.644,551.906666666667,2
2025-09-26 16:00:00,0.240172,4.584,2.048,33.222,2.58866666666667,553.922666666667,2
2025-09-26 16:15:00,0.224624666666667,4.56933333333333,2.238,35.3546666666667,2.724,554.821333333333,2
2025-09-26 16:30:00,0.233574,4.61333333333333,1.84333333333333,35.0853333333333,2.662,555.544666666667,2
2025-09-26 16:45:00,0.241019166666667,4.5875,1.97666666666667,33.465,2.67916666666667,555.565,2
2025-09-26 17:00:00,0.239117333333333,4.55533333333333,1.984,34.206,2.68266666666667,557.608666666667,2
2025-09-26 17:15:00,0.244885333333333,4.69533333333333,1.99866666666667,36.5126666666667,2.78933333333333,555.907333333333,2
2025-09-26 17:30:00,0.238932666666667,4.64333333333333,1.80066666666667,37.224,2.48933333333333,555.344666666667,2
2025-09-26 17:45:00,0.236185333333333,4.83066666666667,1.76466666666667,38.292,2.378,555.521333333333,2
2025-09-26 18:00:00,0.237439333333333,5.19733333333333,1.78733333333333,39.436,1.93,556.202666666667,2
2025-09-26 18:15:00,0.241104666666667,5.652,1.70866666666667,39.7833333333333,1.632,557.014666666667,2
2025-09-26 18:30:00,0.253804666666667,6.12533333333333,1.724,39.5966666666667,1.50133333333333,557.746,2
2025-09-26 18:45:00,0.258248,6.132,1.80733333333333,37.686,1.848,559.247333333333,2
2025-09-26 19:00:00,0.264660666666667,6.17066666666667,1.848,35.514,1.328,560.194,2
2025-09-26 19:15:00,0.249127333333333,6.15666666666667,1.836,36.1286666666667,2.06266666666667,562.554666666667,2
2025-09-26 19:30:00,0.253169333333333,6.24666666666667,1.83066666666667,35.496,2.162,565.02,2
2025-09-26 19:45:00,0.255511333333333,6.54866666666667,1.632,36.9346666666667,1.56933333333333,563.277333333333,3
2025-09-26 20:00:00,0.256298666666667,6.51933333333333,1.638,34.326,1.62133333333333,563.911333333333,3
2025-09-26 20:15:00,0.256574,6.236,1.75866666666667,33.1073333333333,1.79333333333333,565.301333333333,3
2025-09-26 20:30:00,0.255830666666667,6.40933333333333,1.73866666666667,32.8873333333333,1.68,564.835333333333,2
2025-09-26 20:45:00,0.304203333333333,6.04066666666667,1.88866666666667,31.3166666666667,1.71266666666667,567.420666666667,2
2025-09-26 21:00:00,0.265562666666667,6.532,1.73533333333333,32.0846666666667,1.68533333333333,569.789333333333,2
2025-09-26 21:15:00,0.258075333333333,6.5,1.522,32.2373333333333,1.904,572.993333333333,2
2025-09-26 21:30:00,0.261025333333333,6.574,1.46066666666667,29.108,2.58666666666667,580.751333333333,2
2025-09-26 21:45:00,0.286512666666667,6.05533333333333,1.67733333333333,27.2246666666667,5.91,578.935333333333,2
2025-09-26 22:00:00,0.273488,6.11,1.63666666666667,28.244,4.054,581.264,2
2025-09-26 22:15:00,0.271477333333333,5.84866666666667,1.718,27.5726666666667,3.47866666666667,583.303333333333,2
2025-09-26 22:30:00,0.269597333333333,5.708,1.81266666666667,26.4793333333333,3.92133333333333,582.106666666667,2
2025-09-26 22:45:00,0.254992,6.03,1.62866666666667,30.612,2.18466666666667,581.345333333333,2
2025-09-26 23:00:00,0.26195,6.44,1.57,29.814,2.72266666666667,586.876666666667,2
2025-09-26 23:15:00,0.266486666666667,6.42533333333333,1.53333333333333,26.5006666666667,2.81066666666667,592.859333333333,2
2025-09-26 23:30:00,0.261752,5.48933333333333,1.80733333333333,23.2653333333333,2.61266666666667,588.668,2
2025-09-26 23:45:00,0.27235,5.685,1.585,27.345,4.035,593.73,2
2025-09-27,0.252131333333333,5.174,1.94266666666667,23.3693333333333,2.35466666666667,591.582,2
2025-09-27 00:15:00,0.24586,5.43666666666667,1.73066666666667,27.0946666666667,2.08866666666667,589.59,2
2025-09-27 00:30:00,0.243858666666667,5.436,1.752,26.788,2.28,593.783333333333,2
2025-09-27 00:45:00,0.248973333333333,5.964,1.63933333333333,27.4553333333333,2.50466666666667,599.917333333333,2
2025-09-27 01:00:00,0.249621333333333,6.01266666666667,1.65666666666667,24.5493333333333,2.55466666666667,603.457333333333,2
2025-09-27 01:15:00,0.248142666666667,6.04,1.686,23.7373333333333,2.15866666666667,601.771333333333,2
2025-09-27 01:30:00,0.250625333333333,6.118,1.69666666666667,22.978,2.04866666666667,605.233333333333,2
2025-09-27 01:45:00,0.247639333333333,5.912,1.682,20.742,2.31866666666667,609.487333333333,2
2025-09-27 02:00:00,0.243968666666667,5.20866666666667,1.74,21.724,2.30133333333333,604.446666666667,2
2025-09-27 02:15:00,0.242202,5.17866666666667,1.76066666666667,21.148,2.374,606.204666666667,2
2025-09-27 02:30:00,0.241802666666667,5.32266666666667,1.72333333333333,21.7413333333333,2.57666666666667,609.424666666667,2
2025-09-27 02:45:00,0.239295333333333,5.51533333333333,1.56666666666667,20.426,2.54,613.334666666667,2
2025-09-27 03:00:00,0.237433333333333,5.43733333333333,1.41933333333333,20.314,3.05133333333333,614.612666666667,2
2025-09-27 03:15:00,0.237324666666667,5.31933333333333,1.46733333333333,20.5786666666667,2.634,610.316,2
2025-09-27 03:30:00,0.237060666666667,5.59,1.55066666666667,22.4413333333333,1.93333333333333,602.078,2
2025-09-27 03:45:00,0.234983333333333,5.40066666666667,1.48333333333333,23.156,1.94933333333333,599.187333333333,2
2025-09-27 04:00:00,0.233075333333333,5.02,1.624,20.6693333333333,1.772,603.418,2
2025-09-27 04:15:00,0.237285333333333,5.13866666666667,1.796,20.462,1.69266666666667,600.89,2
2025-09-27 04:30:00,0.233092666666667,5.024,1.63666666666667,21.592,1.70933333333333,604.551333333333,2
2025-09-27 04:45:00,0.235106,4.95733333333333,1.69466666666667,19.9413333333333,1.608,599.603333333333,2
2025-09-27 05:00:00,0.239840666666667,4.42933333333333,1.82866666666667,20.4066666666667,1.95866666666667,596.850666666667,2
2025-09-27 05:15:00,0.237222,4.256,1.99333333333333,22.174,2.04,596.906,2
2025-09-27 05:30:00,0.236313333333333,4.07266666666667,2.18133333333333,21.234,2.25133333333333,599.252666666667,2
2025-09-27 05:45:00,0.234872,4.46,2.17866666666667,20.94,2.26266666666667,603.722666666667,2
2025-09-27 06:00:00,0.233480666666667,4.61533333333333,2.15666666666667,19.8733333333333,1.99933333333333,602.583333333333,2
2025-09-27 06:15:00,0.232647333333333,4.15333333333333,2.37733333333333,18.1166666666667,1.76066666666667,601.153333333333,2
2025-09-27 06:30:00,0.232518,4.06266666666667,2.214,18.4586666666667,1.936,602.142666666667,2
2025-09-27 06:45:00,0.234744,3.64466666666667,2.41933333333333,18.2613333333333,1.89866666666667,603.715333333333,2
2025-09-27 07:00:00,0.23749,4.21266666666667,2.576,18.2493333333333,2.10266666666667,601.877333333333,1
2025-09-27 07:15:00,0.235484666666667,3.63666666666667,2.56933333333333,19.0926666666667,1.894,599.532,1
2025-09-27 07:30:00,0.234000666666667,3.68333333333333,2.648,19.4613333333333,1.97266666666667,599.58,1
2025-09-27 07:45:00,0.233248666666667,3.666,2.76066666666667,18.6973333333333,1.95533333333333,601.86,1
2025-09-27 08:00:00,0.238224,3.62666666666667,2.68266666666667,18.6093333333333,1.88466666666667,600.172666666667,1
2025-09-27 08:15:00,0.241244,4.01466666666667,2.97866666666667,16.7753333333333,1.94133333333333,602.260666666667,1
2025-09-27 08:30:00,0.244458666666667,4.02933333333333,2.914,16.524,1.90733333333333,601.611333333333,1
2025-09-27 08:45:00,0.246946666666667,3.76666666666667,3.05533333333333,15.1473333333333,1.88733333333333,603.257333333333,1
2025-09-27 09:00:00,0.251062666666667,3.54666666666667,3.206,14.262,1.848,601.476,1
2025-09-27 09:15:00,0.238224666666667,3.574,3.392,15.63,1.822,598.494666666667,1
2025-09-27 09:30:00,0.304216,4.09866666666667,4.51,14.5366666666667,1.98533333333333,599.780666666667,1
2025-09-27 09:45:00,0.250102,3.564,3.02466666666667,14.74,1.74933333333333,593.380666666667,1
2025-09-27 10:00:00,0.25546,3.818,3.03466666666667,15.4333333333333,1.924,590.160666666667,1
2025-09-27 10:15:00,0.269148,3.62533333333333,3.00666666666667,15.6093333333333,1.93866666666667,587.496,1
2025-09-27 10:30:00,0.253414666666667,3.604,2.84133333333333,16.348,2.06,588.942,1
2025-09-27 10:45:00,0.264487333333333,3.69866666666667,3.406,13.558,1.822,588.611333333333,1
2025-09-27 11:00:00,0.294210666666667,3.73,3.732,13.2773333333333,2.35666666666667,588.730666666667,1
2025-09-27 11:15:00,0.257392666666667,3.59933333333333,2.89533333333333,12.7993333333333,2.104,585.198666666667,1
2025-09-27 11:30:00,0.25448,3.70333333333333,2.70466666666667,14.702,2.02733333333333,586.491333333333,1
2025-09-27 11:45:00,0.29151,3.912,3.24466666666667,13.082,1.74866666666667,582.67,1
2025-09-27 12:00:00,0.26298,3.56066666666667,2.70733333333333,12.6533333333333,1.66533333333333,581.890666666667,1
2025-09-27 12:15:00,0.256523333333333,3.67,2.68533333333333,13.8293333333333,1.746,583.207333333333,1
2025-09-27 12:30:00,0.244380666666667,3.416,2.94266666666667,13.8906666666667,1.53933333333333,582.886,1
2025-09-27 12:45:00,0.237256666666667,3.68733333333333,2.54866666666667,17.5866666666667,1.638,582.943333333333,1
2025-09-27 13:00:00,0.24064,3.48866666666667,2.384,15.324,1.598,583.585333333333,1
2025-09-27 13:15:00,0.243944,3.716,2.558,15.026,1.588,584.628,1
2025-09-27 13:30:00,0.245182,3.764,2.242,16.3646666666667,1.308,582.428666666667,1
2025-09-27 13:45:00,0.250394,3.70533333333333,2.526,14.956,1.45266666666667,580.790666666667,1
2025-09-27 14:00:00,0.261778666666667,3.58133333333333,2.81133333333333,13.7206666666667,1.92866666666667,582.14,1
2025-09-27 14:15:00,0.284446666666667,3.77733333333333,2.76133333333333,14.2333333333333,1.74266666666667,582.588,1
2025-09-27 14:30:00,0.266975333333333,3.66066666666667,2.39066666666667,14.9346666666667,2.05466666666667,581.015333333333,1
2025-09-27 14:45:00,0.25732,3.592,2.51266666666667,16.2433333333333,1.73466666666667,580.164666666667,1
2025-09-27 15:00:00,0.246882666666667,3.87,2.32933333333333,18.9893333333333,1.20266666666667,580.790666666667,1
2025-09-27 15:15:00,0.249202666666667,3.93,2.21266666666667,18.2706666666667,0.996666666666667,579.681333333333,1
2025-09-27 15:30:00,0.254988,3.856,2.38333333333333,14.392,1.41133333333333,578.124666666667,1
2025-09-27 15:45:00,0.254362,3.7,2.09866666666667,18.1406666666667,4.27333333333333,576.422666666667,1
2025-09-27 16:00:00,0.240053333333333,3.58933333333333,2.008,18.5946666666667,2.57,579.015333333333,1
2025-09-27 16:15:00,0.251659333333333,3.61933333333333,2.04933333333333,18.0286666666667,2.82133333333333,580.429333333333,1
2025-09-27 16:30:00,0.265968666666667,3.66533333333333,1.91933333333333,19.2953333333333,2.35133333333333,582.042,1
2025-09-27 16:45:00,0.240772307692308,3.51846153846154,1.97923076923077,18.1738461538462,1.22,582.227692307692,1
2025-09-27 17:00:00,0.239745333333333,3.57533333333333,1.97933333333333,20.0146666666667,1.34333333333333,588.394,1
2025-09-27 17:15:00,0.235277333333333,3.596,1.94533333333333,20.366,0.849333333333333,590.040666666667,1
2025-09-27 17:30:00,0.244236666666667,4.196,1.892,20.582,0.958,592.296,1
2025-09-27 17:45:00,0.235400666666667,3.85666666666667,2.07866666666667,17.8973333333333,0.842666666666667,594.006666666667,1
2025-09-27 18:00:00,0.245474,4.026,2.11866666666667,16.05,0.824,597.741333333333,1
2025-09-27 18:15:00,0.253814,3.88733333333333,3.73333333333333,13.862,1.10333333333333,599.772666666667,1
2025-09-27 18:30:00,0.283941333333333,3.862,3.32466666666667,13.1506666666667,1.252,606.140666666667,1
2025-09-27 18:45:00,0.253768,3.474,2.604,11.546,1.018,605.040666666667,1
2025-09-27 19:00:00,0.263872666666667,3.18666666666667,2.65933333333333,12.026,1.76533333333333,606.629333333333,1
2025-09-27 19:15:00,0.263664666666667,3.25666666666667,2.906,14.252,1.65733333333333,607.441333333333,1
2025-09-27 19:30:00,0.238420666666667,3.252,3.064,15.6073333333333,0.932666666666667,606.798666666667,1
2025-09-27 19:45:00,0.235162,3.074,3.77133333333333,14.3326666666667,1.11533333333333,604.750666666667,1
2025-09-27 20:00:00,0.249274,3.50333333333333,2.99533333333333,20.7766666666667,1.72866666666667,608.588666666667,1
2025-09-27 20:15:00,0.240684,3.37133333333333,3.66933333333333,19.7373333333333,0.882,608.966666666667,1
2025-09-27 20:30:00,0.242722666666667,3.89866666666667,3.59666666666667,19.4973333333333,1.24733333333333,611.23,1
2025-09-27 20:45:00,0.237356666666667,3.61666666666667,3.15,19.1593333333333,0.742666666666667,614.224666666667,1
2025-09-27 21:00:00,0.229618666666667,3.36466666666667,3.04266666666667,19.1586666666667,1.19,614.386666666667,1
2025-09-27 21:15:00,0.226482666666667,3.37266666666667,2.792,18.7133333333333,1.61866666666667,614.644666666667,1
2025-09-27 21:30:00,0.21902,3.36066666666667,2.79933333333333,19.1266666666667,1.20666666666667,615.092666666667,1
2025-09-27 21:45:00,0.224498,3.50666666666667,2.92533333333333,18.786,0.873333333333333,616.064,1
2025-09-27 22:00:00,0.219052,3.396,2.70266666666667,19.678,0.652,617.397333333333,1
2025-09-27 22:15:00,0.217818666666667,3.45333333333333,2.65066666666667,18.626,0.447333333333333,617.534666666667,1
2025-09-27 22:30:00,0.218266666666667,3.36733333333333,2.55333333333333,17.6533333333333,0.438666666666667,621.139333333333,1
2025-09-27 22:45:00,0.244542,3.29666666666667,2.71333333333333,17.0406666666667,1.20133333333333,626.069333333333,1
2025-09-27 23:00:00,0.222958,3.20133333333333,2.68066666666667,16.2653333333333,0.472666666666667,623.291333333333,1
2025-09-27 23:15:00,0.214346,2.978,3.37733333333333,18.9706666666667,0.321333333333333,616.762666666667,1
2025-09-27 23:30:00,0.21046,3.345,3.31166666666667,23.9866666666667,0.268333333333333,611.21,1
2025-09-28,0.209025333333333,3.54133333333333,3.586,27.11,0.248,611.768666666667,1
2025-09-28 00:15:00,0.208978666666667,3.50333333333333,3.546,27.9926666666667,0.225333333333333,609.914,1
2025-09-28 00:30:00,0.205764,3.56733333333333,3.57133333333333,29.4233333333333,0.176,610.822,1
2025-09-28 00:45:00,0.207092,4.24933333333333,2.902,29.9453333333333,0.212,612.718,1
2025-09-28 01:00:00,0.208151333333333,4.2,2.87333333333333,28.8046666666667,0.2,614.636,2
2025-09-28 01:15:00,0.211923333333333,3.88333333333333,3.258,27.9646666666667,0.184666666666667,614.676,2
2025-09-28 01:30:00,0.208298666666667,3.93066666666667,3.39,29.4593333333333,0.18,612.748666666667,2
2025-09-28 01:45:00,0.207731333333333,4.11666666666667,3.23866666666667,30.0526666666667,0.182666666666667,612.652666666667,2
2025-09-28 02:00:00,0.207694,4.07466666666667,3.036,30.4233333333333,0.138,613.792666666667,2
2025-09-28 02:15:00,0.208911333333333,4.24466666666667,3.10866666666667,29.71,0.166666666666667,615.102,2
2025-09-28 02:30:00,0.207567333333333,4.37733333333333,2.874,30.7253333333333,0.158,615.76,2
2025-09-28 02:45:00,0.208048,4.79733333333333,2.55933333333333,30.0166666666667,0.216666666666667,617.220666666667,2
2025-09-28 03:00:00,0.212615333333333,4.104,3.076,26.4493333333333,0.33,617.799333333333,2
2025-09-28 03:15:00,0.209580666666667,4.394,2.87533333333333,30.0066666666667,0.183333333333333,615.711333333333,2
2025-09-28 03:30:00,0.212895333333333,4.42533333333333,2.63466666666667,28.0206666666667,0.372666666666667,621.364,2
2025-09-28 03:45:00,0.216284,4.42,2.48666666666667,27.1233333333333,0.306666666666667,621.853333333333,2
2025-09-28 04:00:00,0.210606666666667,3.90066666666667,2.96133333333333,25.718,0.167333333333333,620.024,2
2025-09-28 04:15:00,0.21004,4.484,2.65066666666667,29.2333333333333,0.167333333333333,618.875333333333,2
2025-09-28 04:30:00,0.211382666666667,4.26066666666667,2.488,27.5826666666667,0.195333333333333,622.576666666667,2
2025-09-28 04:45:00,0.216572666666667,3.95266666666667,2.45466666666667,23.178,0.349333333333333,630.526666666667,2
2025-09-28 05:00:00,0.215645333333333,4.06933333333333,2.65,23.6053333333333,0.211333333333333,626.945333333333,2
2025-09-28 05:15:00,0.213153333333333,4.15333333333333,2.63,25.8673333333333,0.216,625.362666666667,2
2025-09-28 05:30:00,0.210651333333333,3.80533333333333,2.74533333333333,24.726,0.232,625.58,2
2025-09-28 05:45:00,0.210721333333333,3.76933333333333,3.14866666666667,25.1986666666667,0.152666666666667,621.244,2
2025-09-28 06:00:00,0.208417333333333,3.898,3.08866666666667,27.8433333333333,0.121333333333333,621.339333333333,2
2025-09-28 06:15:00,0.208552666666667,3.88466666666667,3.312,27.0413333333333,0.137333333333333,620.899333333333,2
2025-09-28 06:30:00,0.208204,3.712,3.288,26.7426666666667,0.147333333333333,619.43,2
2025-09-28 06:45:00,0.209148666666667,4.19733333333333,2.384,27.4093333333333,0.197333333333333,625.628666666667,2
2025-09-28 07:00:00,0.217159333333333,4.164,2.478,22.2153333333333,0.303333333333333,629.684,2
2025-09-28 07:15:00,0.220295333333333,3.75666666666667,2.658,20.7506666666667,0.4,631.706666666667,2
2025-09-28 07:30:00,0.227659333333333,4.22733333333333,2.57933333333333,21.5966666666667,0.445333333333333,632.774,2
2025-09-28 07:45:00,0.225063333333333,3.82133333333333,2.95533333333333,20.88,0.374666666666667,628.220666666667,2
2025-09-28 08:00:00,0.221468,4.066,3.49933333333333,22.184,0.229333333333333,621.782,2
2025-09-28 08:15:00,0.22625,4.11133333333333,3.23266666666667,22.528,0.278,621.411333333333,2
2025-09-28 08:30:00,0.221050666666667,3.39333333333333,4.014,19.4313333333333,0.252666666666667,619.163333333333,2
2025-09-28 08:45:00,0.216638,3.756,3.936,20.5366666666667,0.242,614.273333333333,2
2025-09-28 09:00:00,0.219438,4.04066666666667,3.542,22.338,0.255333333333333,612.195333333333,2
2025-09-28 09:15:00,0.235058,4.00933333333333,3.46133333333333,15.934,0.308666666666667,603.458,1
2025-09-28 09:30:00,0.227072666666667,3.996,3.468,10.974,0.29,593.291333333333,1
2025-09-28 09:45:00,0.217724,3.954,4.24,10.2993333333333,0.262666666666667,586.033333333333,1
2025-09-28 10:00:00,0.215432,3.92266666666667,4.39666666666667,11.8186666666667,0.324,579.320666666667,1
2025-09-28 10:15:00,0.208590666666667,3.90266666666667,4.36733333333333,9.52933333333333,0.396666666666667,569.660666666667,1
2025-09-28 10:30:00,0.199604,3.68666666666667,3.97066666666667,12.6266666666667,0.426666666666667,567.861333333333,1
2025-09-28 10:45:00,0.191164666666667,3.65,3.92133333333333,16.896,0.536666666666667,567.822,1
2025-09-28 11:00:00,0.18095,3.732,3.398,20.94,0.584666666666667,571.338666666667,1
2025-09-28 11:15:00,0.193580666666667,4.11933333333333,3.21133333333333,25.8866666666667,0.504666666666667,573.419333333333,1
2025-09-28 11:30:00,0.201176666666667,4.44866666666667,3.04133333333333,23.5773333333333,0.396666666666667,573.42,1
2025-09-28 11:45:00,0.20436,4.384,2.966,22.794,0.522,575.892,1
2025-09-28 12:00:00,0.216576,4.566,2.73866666666667,27.444,0.888,575.588,1
2025-09-28 12:15:00,0.249662666666667,4.582,2.804,28.756,0.884666666666667,577.200666666667,1
2025-09-28 12:30:00,0.218084666666667,4.914,2.28666666666667,25.468,0.979333333333333,576.679333333333,1
2025-09-28 12:45:00,0.224187333333333,4.758,2.6,21.92,1.04066666666667,575.942,1
2025-09-28 13:00:00,0.225664666666667,4.75266666666667,2.53533333333333,20.9506666666667,1.448,572.440666666667,2
2025-09-28 13:15:00,0.224682666666667,4.646,2.61666666666667,17.718,1.346,567.718,2
2025-09-28 13:30:00,0.210589333333333,4.45666666666667,2.41466666666667,22.81,1.24,569.531333333333,2
2025-09-28 13:45:00,0.213332666666667,4.63533333333333,2.44533333333333,23.376,1.22266666666667,570.054666666667,2
2025-09-28 14:00:00,0.388506666666667,4.74266666666667,2.27333333333333,25.8066666666667,2.152,573.54,2
2025-09-28 14:15:00,0.224436,4.74066666666667,2.06266666666667,26.46,1.32333333333333,578.302666666667,2
2025-09-28 14:30:00,0.227395333333333,4.97666666666667,1.86533333333333,25.8453333333333,1.064,579.932,2
2025-09-28 14:45:00,0.231806,5.13666666666667,1.75866666666667,25.2073333333333,0.812666666666667,581.303333333333,2
2025-09-28 15:00:00,0.241428,5.14266666666667,1.73466666666667,23.5206666666667,0.910666666666667,582.284666666667,2
2025-09-28 15:15:00,0.331913333333333,5.052,1.978,21.3613333333333,0.832666666666667,584.204,2
2025-09-28 15:30:00,0.236132,4.75733333333333,1.87,21.2393333333333,0.907333333333333,583.954666666667,2
2025-09-28 15:45:00,0.231991333333333,4.74733333333333,1.83,21.764,0.963333333333333,583.907333333333,2
2025-09-28 16:00:00,0.241060666666667,4.82,1.89533333333333,21.0973333333333,0.933333333333333,584.284666666667,2
2025-09-28 16:15:00,0.2375,4.69466666666667,1.91933333333333,19.85,0.950666666666667,585.038,2
2025-09-28 16:30:00,0.234769333333333,4.638,1.96333333333333,20.6473333333333,1.176,585.424666666667,2
2025-09-28 16:45:00,0.234306,4.511,2.007,20.055,1.194,585.61,2
2025-09-28 17:00:00,0.26956,4.498,2.202,20.8506666666667,0.699333333333333,590.114,2
2025-09-28 17:15:00,0.24406,4.66733333333333,2.20733333333333,21.2413333333333,0.585333333333333,590.507333333333,2
2025-09-28 17:30:00,0.234612666666667,4.732,1.91533333333333,21.8606666666667,1.08333333333333,592.386,2
2025-09-28 17:45:00,0.235906,4.71866666666667,1.73933333333333,21.2133333333333,1.368,592.031333333333,2
2025-09-28 18:00:00,0.237736666666667,4.598,1.75666666666667,19.9606666666667,1.33133333333333,593.653333333333,2
2025-09-28 18:15:00,0.246441333333333,4.50066666666667,1.91666666666667,19.7686666666667,0.900666666666667,595.709333333333,2
2025-09-28 18:30:00,0.243198,4.642,2.01933333333333,19.2173333333333,1.14066666666667,595.300666666667,2
2025-09-28 18:45:00,0.242628,4.80066666666667,1.71866666666667,20.0566666666667,1.61,600.608666666667,2
2025-09-28 19:00:00,0.265526666666667,4.84266666666667,1.70333333333333,16.1033333333333,3.09866666666667,602.438666666667,1
2025-09-28 19:15:00,0.263994666666667,4.58933333333333,1.59133333333333,16.5033333333333,3.68866666666667,607.787333333333,1
2025-09-28 19:30:00,0.276333333333333,4.922,2.25,13.0293333333333,2.514,611.102666666667,1
2025-09-28 19:45:00,0.278352666666667,4.76533333333333,1.62133333333333,12.714,6.86533333333333,613.688,1
2025-09-28 20:00:00,0.278578,4.41266666666667,1.61466666666667,12.754,5.432,617.406,1
2025-09-28 20:15:00,0.294693333333333,4.39933333333333,1.626,11.502,5.62866666666667,621.444,1
2025-09-28 20:30:00,0.293442,4.334,1.61533333333333,10.628,4.382,627.730666666667,1
2025-09-28 20:45:00,0.303951333333333,4.20266666666667,1.68933333333333,9.704,3.96,633.472,1
2025-09-28 21:00:00,0.315253333333333,4.212,1.84,8.36466666666667,3.28266666666667,631.698,1
2025-09-28 21:15:00,0.283601333333333,3.99666666666667,1.91933333333333,8.48533333333333,4.21933333333333,634.525333333333,1
2025-09-28 21:30:00,0.282174666666667,4.03333333333333,2.062,9.07133333333333,5.126,633.472,1
2025-09-28 21:45:00,0.295615333333333,4.21933333333333,1.98333333333333,9.30933333333333,4.492,633.772,1
2025-09-28 22:00:00,0.268164666666667,4.05533333333333,1.86666666666667,8.774,4.19,638.034,1
2025-09-28 22:15:00,0.279342666666667,3.92,1.92866666666667,7.83066666666667,3.38733333333333,637.785333333333,1
2025-09-28 22:30:00,0.295714666666667,3.76066666666667,1.94866666666667,7.804,3.26866666666667,639.936666666667,1
2025-09-28 22:45:00,0.28235,3.78133333333333,1.88866666666667,7.462,3.292,640.234,1
2025-09-28 23:00:00,0.262805333333333,3.99266666666667,2.01533333333333,6.96733333333333,3.21933333333333,634.766666666667,1
2025-09-28 23:15:00,0.273233333333333,4.022,2.00133333333333,6.44266666666667,3.444,640.902,1
2025-09-28 23:30:00,0.269068181818182,3.62545454545455,2.15636363636364,4.73454545454545,3.78,642.736363636364,1
2025-09-29,0.268375333333333,3.22866666666667,2.34666666666667,4.19133333333333,3.684,650.592666666667,1
2025-09-29 00:15:00,0.268979333333333,3.20533333333333,2.33866666666667,5.34733333333333,3.71066666666667,652.134666666667,1
2025-09-29 00:30:00,0.256268666666667,3.09266666666667,2.51466666666667,6.164,3.09666666666667,647.806,1
2025-09-29 00:45:00,0.257809333333333,2.95333333333333,2.404,6.792,3.25133333333333,650.216666666667,1
2025-09-29 01:00:00,0.252378666666667,2.77066666666667,2.29533333333333,6.262,2.746,653.041333333333,1
2025-09-29 01:15:00,0.242006,2.69,2.47266666666667,6.04266666666667,1.89333333333333,654.679333333333,1
2025-09-29 01:30:00,0.247276666666667,2.76866666666667,2.37533333333333,6.30533333333333,1.93133333333333,653.354666666667,1
2025-09-29 01:45:00,0.243232,2.91,2.40133333333333,8.108,2.51133333333333,644.538,1
2025-09-29 02:00:00,0.241396,2.81133333333333,2.31266666666667,8.27133333333333,2.576,641.791333333333,1
2025-09-29 02:15:00,0.235923333333333,2.62466666666667,2.43333333333333,8.08533333333333,2.62933333333333,642.522666666667,1
2025-09-29 02:30:00,0.236059333333333,2.64,2.37533333333333,7.68266666666667,2.51333333333333,644.209333333333,1
2025-09-29 02:45:00,0.233364,3.20933333333333,2.08466666666667,12.256,2.532,637.85,1
2025-09-29 03:00:00,0.234770666666667,2.78866666666667,2.454,7.65466666666667,2.578,642.843333333333,1
2025-09-29 03:15:00,0.234905333333333,2.38533333333333,2.724,6.192,2.61066666666667,653.467333333333,1
2025-09-29 03:30:00,0.236044,2.41133333333333,2.74266666666667,7.61533333333333,2.724,650.657333333333,1
2025-09-29 03:45:00,0.23538,2.43733333333333,2.642,7.102,2.81,652.191333333333,1
2025-09-29 04:00:00,0.233256666666667,2.45866666666667,2.61266666666667,7.37333333333333,1.92733333333333,653.386666666667,1
2025-09-29 04:15:00,0.23114,2.43666666666667,2.80333333333333,6.13466666666667,1.53133333333333,655.46,1
2025-09-29 04:30:00,0.223553333333333,2.29533333333333,2.916,6.812,0.842666666666667,654.093333333333,1
2025-09-29 04:45:00,0.221874,2.43066666666667,2.76666666666667,8.13866666666667,0.822666666666667,650.013333333333,1
2025-09-29 05:00:00,0.221744666666667,2.38466666666667,2.86733333333333,7.40666666666667,0.75,648.432,1
2025-09-29 05:15:00,0.221902,2.34133333333333,2.78733333333333,7.368,0.72,651.595333333333,1
2025-09-29 05:30:00,0.221501333333333,2.336,2.894,6.962,0.418666666666667,645.976,1
2025-09-29 05:45:00,0.220130666666667,2.408,3.338,7.14533333333333,0.516,651.741333333333,1
2025-09-29 06:00:00,0.227618,2.40733333333333,2.98733333333333,6.72066666666667,0.466666666666667,653.845333333333,1
2025-09-29 06:15:00,0.224382666666667,2.424,3.07,6.10933333333333,0.493333333333333,657.682666666667,1
2025-09-29 06:30:00,0.2209,2.19133333333333,2.98866666666667,5.02533333333333,0.514666666666667,661.328666666667,1
2025-09-29 06:45:00,0.259548,2.20933333333333,2.93266666666667,5.632,0.459333333333333,660.911333333333,1
2025-09-29 07:00:00,0.281758666666667,2.30466666666667,3.12266666666667,6.02533333333333,0.568,660.100666666667,1
2025-09-29 07:15:00,0.223474666666667,2.24533333333333,2.834,6.06866666666667,0.418666666666667,663.793333333333,1
2025-09-29 07:30:00,0.239202,2.472,2.94466666666667,6.70733333333333,0.411333333333333,657.585333333333,1
2025-09-29 07:45:00,0.287141333333333,2.58133333333333,3.05666666666667,6.21933333333333,0.52,661.713333333333,1
2025-09-29 08:00:00,0.481836666666667,3.38933333333333,5.18133333333333,3.08466666666667,0.657333333333333,665.865333333333,1
2025-09-29 08:15:00,0.252408,2.66666666666667,3.31133333333333,3.53733333333333,0.797333333333333,665.03,1
2025-09-29 08:30:00,0.243834,2.77066666666667,3.23133333333333,5.07733333333333,0.680666666666667,660.717333333333,1
2025-09-29 08:45:00,0.27655,2.66333333333333,3.26933333333333,4.31733333333333,0.618,664.869333333333,1
2025-09-29 09:00:00,0.291900666666667,2.69466666666667,5.24,4.56466666666667,0.621333333333333,659.537333333333,1
2025-09-29 09:15:00,0.248286666666667,2.48066666666667,3.24866666666667,5.76066666666667,0.548666666666667,658.445333333333,1
2025-09-29 09:30:00,0.224531333333333,2.35266666666667,3.22666666666667,5.28,0.384666666666667,655.78,1
2025-09-29 09:45:00,0.225062,2.49933333333333,3.30866666666667,7.90133333333333,0.353333333333333,649.059333333333,1
2025-09-29 10:00:00,0.225714,2.48866666666667,2.99866666666667,7.26,0.276,654.397333333333,1
2025-09-29 10:15:00,0.393992,2.68666666666667,6.35533333333333,7.28733333333333,0.425333333333333,653.299333333333,1
2025-09-29 10:30:00,0.240788,2.924,3.46133333333333,6.86933333333333,0.458666666666667,648.64,1
2025-09-29 10:45:00,0.239544666666667,3.10666666666667,3.30533333333333,7.61333333333333,0.353333333333333,643.036666666667,1
2025-09-29 11:00:00,0.236379333333333,2.964,3.288,6.03133333333333,0.346,638.034666666667,1
2025-09-29 11:15:00,0.259548666666667,2.88333333333333,3.47933333333333,6.85533333333333,0.366,637.328,1
2025-09-29 11:30:00,0.252266,3.31933333333333,4.336,6.048,0.604,638.844666666667,1
2025-09-29 11:45:00,0.24853,3.02866666666667,3.64733333333333,6.37333333333333,0.618,637.592,1
2025-09-29 12:00:00,0.263141333333333,3.50333333333333,4.02866666666667,8.54,0.762,634.951333333333,1
2025-09-29 12:15:00,0.260006,3.464,3.29533333333333,8.678,0.826666666666667,628.279333333333,1
2025-09-29 12:30:00,0.262936666666667,3.03866666666667,8.144,7.648,0.83,623.966666666667,1
2025-09-29 12:45:00,0.424352666666667,2.86333333333333,3.024,8.47133333333333,0.350666666666667,626.689333333333,1
2025-09-29 13:00:00,0.62011,2.92733333333333,2.89733333333333,9.46266666666667,0.433333333333333,626.566666666667,1
2025-09-29 13:15:00,0.245304666666667,2.92866666666667,2.872,10.4886666666667,0.376,625.508,1
2025-09-29 13:30:00,0.234675333333333,2.924,2.56,12.7713333333333,0.380666666666667,625.941333333333,1
2025-09-29 13:45:00,0.702709333333333,3.55866666666667,5.87866666666667,11.648,1.15466666666667,627.153333333333,1
2025-09-29 14:00:00,0.261281333333333,2.96666666666667,2.63533333333333,10.258,0.502666666666667,625.105333333333,1
2025-09-29 14:15:00,0.286287333333333,3.06533333333333,4.39333333333333,9.39866666666667,0.632666666666667,625.178666666667,1
2025-09-29 14:30:00,0.256678666666667,3.09066666666667,2.42866666666667,11.6606666666667,0.706666666666667,623.171333333333,1
2025-09-29 14:45:00,0.256866666666667,3.13133333333333,2.82,10.928,0.76,622.384,1
2025-09-29 15:00:00,0.245654666666667,3.28466666666667,2.44133333333333,11.3293333333333,0.736,621.837333333333,1
2025-09-29 15:15:00,0.245407333333333,3.178,2.74133333333333,10.2326666666667,0.928666666666667,621.501333333333,1
2025-09-29 15:30:00,0.229539333333333,3.01133333333333,2.41,12.556,0.692,619.774666666667,1
2025-09-29 15:45:00,0.268472666666667,3.34533333333333,2.316,14.4633333333333,0.731333333333333,619.823333333333,1
2025-09-29 16:00:00,0.253664,4.30333333333333,2.71,15.126,0.630666666666667,614.836666666667,1
2025-09-29 16:15:00,0.237194,3.50333333333333,3.13933333333333,16.272,0.739333333333333,613.687333333333,1
2025-09-29 16:30:00,0.228720666666667,3.81266666666667,2.57533333333333,21.472,0.96,609.658,1
2025-09-29 16:45:00,0.245711538461538,3.56153846153846,2.66153846153846,20.01,2.02769230769231,618.982307692308,1
2025-09-29 17:00:00,0.300761333333333,4.03733333333333,2.738,18.796,0.902666666666667,616.802666666667,1
2025-09-29 17:15:00,0.308556666666667,3.93733333333333,2.72733333333333,19.3253333333333,1.384,623.556666666667,1
2025-09-29 17:30:00,0.26576,4.078,2.566,18.886,2.09533333333333,620.008666666667,1
2025-09-29 17:45:00,0.237302666666667,3.97333333333333,3.79866666666667,17.7446666666667,1.34,617.221333333333,1
2025-09-29 18:00:00,0.242021333333333,3.91266666666667,2.71733333333333,18.7313333333333,0.863333333333333,623.123333333333,1
2025-09-29 18:15:00,0.257023333333333,4.41066666666667,2.96,17.678,0.826,624.287333333333,1
2025-09-29 18:30:00,0.232667333333333,3.55866666666667,2.86,18.7686666666667,0.821333333333333,624.415333333333,1
2025-09-29 18:45:00,0.232778666666667,4.22733333333333,3.09133333333333,21.1326666666667,0.906,624.239333333333,1
2025-09-29 19:00:00,0.231728666666667,3.85066666666667,2.98333333333333,21.4513333333333,0.610666666666667,624.382666666667,1
2025-09-29 19:15:00,0.225384,4.20733333333333,2.8,23.474,0.672,623.275333333333,1
2025-09-29 19:30:00,0.278727333333333,4.43,2.85333333333333,21.5666666666667,1.41933333333333,626.495333333333,1
2025-09-29 19:45:00,0.266644666666667,4.13666666666667,2.776,21.834,1.68333333333333,630.823333333333,1
2025-09-29 20:00:00,0.250819333333333,3.93066666666667,2.664,21.9586666666667,1.352,628.446666666667,1
2025-09-29 20:15:00,0.225145333333333,3.752,2.83066666666667,22.6193333333333,1.06933333333333,626.608,1
2025-09-29 20:30:00,0.234927333333333,3.98333333333333,2.96733333333333,22.7026666666667,0.972666666666667,630.775333333333,1
2025-09-29 20:45:00,0.229304,4.10266666666667,2.70533333333333,22.1806666666667,0.903333333333333,631.554,1
2025-09-29 21:00:00,0.225368,3.62466666666667,2.79133333333333,22.23,0.819333333333333,630.22,1
2025-09-29 21:15:00,0.216412666666667,3.758,2.66066666666667,23.7493333333333,0.662666666666667,630.205333333333,2
2025-09-29 21:30:00,0.227752666666667,3.77733333333333,2.972,22.92,0.630666666666667,630.752,2
2025-09-29 21:45:00,0.222474,3.81733333333333,2.73,23.8633333333333,0.866666666666667,629.481333333333,2
2025-09-29 22:00:00,0.232242,3.85666666666667,2.67733333333333,24.0446666666667,1.02533333333333,631.192,2
2025-09-29 22:15:00,0.221352,4.156,2.78666666666667,21.5566666666667,0.750666666666667,633.408666666667,2
2025-09-29 22:30:00,0.21892,3.602,2.61266666666667,20.092,0.894,636.749333333333,2
2025-09-29 22:45:00,0.217891333333333,3.36,2.67333333333333,19.0573333333333,0.825333333333333,639.598666666667,2
2025-09-29 23:00:00,0.218682,3.18,2.85066666666667,17.958,0.990666666666667,640.355333333333,1
2025-09-29 23:15:00,0.218408666666667,3.07466666666667,2.77733333333333,17.1726666666667,0.927333333333333,640.925333333333,1
2025-09-29 23:30:00,0.217706666666667,3.16888888888889,2.81444444444444,17.5722222222222,1.10444444444444,640.646666666667,1
2025-09-30,0.214514666666667,3.08533333333333,2.76333333333333,18.1126666666667,0.967333333333333,642.836,1
2025-09-30 00:15:00,0.215035333333333,2.95666666666667,2.74266666666667,16.158,0.963333333333333,646.892,1
2025-09-30 00:30:00,0.214355333333333,2.774,2.74,15.4813333333333,0.908666666666667,646.69,1
2025-09-30 00:45:00,0.215781333333333,2.69733333333333,2.79133333333333,14.3713333333333,1.014,645.856,1
2025-09-30 01:00:00,0.218072666666667,2.894,2.586,15.1966666666667,1.12266666666667,648.578666666667,1
2025-09-30 01:15:00,0.221566,2.81533333333333,2.512,13.8586666666667,1.126,652.599333333333,1
2025-09-30 01:30:00,0.218800666666667,2.49933333333333,2.74133333333333,11.98,1.12933333333333,654.278666666667,1
2025-09-30 01:45:00,0.215660666666667,2.46,2.816,11.462,1.09066666666667,655.121333333333,1
2025-09-30 02:00:00,0.214400666666667,2.36066666666667,3.02733333333333,10.758,1.03066666666667,654.726666666667,1
2025-09-30 02:15:00,0.214322,2.68266666666667,2.756,12.7286666666667,1.11333333333333,653.105333333333,1
2025-09-30 02:30:00,0.214180666666667,2.634,2.836,11.5166666666667,1.03066666666667,655.651333333333,1
2025-09-30 02:45:00,0.213672666666667,2.488,2.78866666666667,12.0886666666667,1.066,652.414666666667,1
2025-09-30 03:00:00,0.212714666666667,2.538,2.58533333333333,11.6186666666667,1.04266666666667,653.829333333333,1
2025-09-30 03:15:00,0.212682,2.352,2.854,9.63866666666667,1.17,655.732,1
2025-09-30 03:30:00,0.212729333333333,2.35066666666667,2.78866666666667,10.1646666666667,1.07733333333333,658.951333333333,1
2025-09-30 03:45:00,0.214209333333333,2.41666666666667,2.49133333333333,10.1753333333333,1.04066666666667,662.428666666667,1
2025-09-30 04:00:00,0.215544666666667,2.39133333333333,2.68266666666667,8.24133333333333,1.07066666666667,664.290666666667,1
2025-09-30 04:15:00,0.214294,2.20133333333333,2.68066666666667,7.68133333333333,1.07133333333333,667.277333333333,1
2025-09-30 04:30:00,0.214812666666667,2.24733333333333,2.934,6.86866666666667,1.086,665.624666666667,1
2025-09-30 04:45:00,0.214575333333333,2.268,3.502,5.59866666666667,1.05266666666667,666.09,1
2025-09-30 05:00:00,0.212549333333333,2.01533333333333,3.08666666666667,5.99866666666667,1.03866666666667,666.242,1
2025-09-30 05:15:00,0.218020666666667,1.87466666666667,3.12333333333333,6.438,1.10066666666667,672.119333333333,1
2025-09-30 05:30:00,0.227364,1.96333333333333,2.77466666666667,7.72333333333333,1.134,669.301333333333,1
2025-09-30 05:45:00,0.226668,2.54733333333333,2.74066666666667,7.28,1.21066666666667,672.988,1
2025-09-30 06:00:00,0.232128,2.444,3,5.85733333333333,1.21133333333333,671.254666666667,1
2025-09-30 06:15:00,0.255296,2.952,3.92466666666667,3.95866666666667,5.74933333333333,672.602,1
2025-09-30 06:30:00,0.243128,2.84,5.76,3.602,1.02533333333333,676.255333333333,1
2025-09-30 06:45:00,0.230841333333333,2.43333333333333,4.058,3.92,1.084,674.688666666667,1
2025-09-30 07:00:00,0.280573333333333,2.298,4.07866666666667,4.854,1.436,676.818,1
2025-09-30 07:15:00,0.225419333333333,2.13733333333333,4.01066666666667,3.138,1.00733333333333,671.831333333333,1
2025-09-30 07:30:00,0.230718666666667,2.33666666666667,2.956,7.60733333333333,1.09866666666667,671.471333333333,1
2025-09-30 07:45:00,0.253034666666667,2.74266666666667,3.028,6.75066666666667,1.316,675.902,1
2025-09-30 08:00:00,0.257866,2.794,4.69066666666667,2.70066666666667,1.13933333333333,674.986,1
2025-09-30 08:15:00,0.247246,2.53,4.23066666666667,4.65733333333333,1.156,672.833333333333,1
2025-09-30 08:30:00,0.238006,2.50733333333333,3.64866666666667,4.00466666666667,1.21,668.908666666667,1
2025-09-30 08:45:00,0.242899333333333,2.79333333333333,4.534,5.92066666666667,1.27933333333333,670.7,1
2025-09-30 09:00:00,0.249230666666667,2.57866666666667,4.88866666666667,3.85133333333333,1.05933333333333,664.426666666667,1
2025-09-30 09:15:00,0.256632,3.05733333333333,4.85266666666667,7.17066666666667,1.17666666666667,661.062,1
2025-09-30 09:30:00,0.236276666666667,2.89066666666667,4.38533333333333,4.56266666666667,1.008,655.74,1
2025-09-30 09:45:00,0.230615333333333,2.90066666666667,3.58266666666667,6.136,1.072,647.918,1
2025-09-30 10:00:00,0.230719333333333,3.032,3.31466666666667,8.47333333333333,1.18533333333333,643.734666666667,1
2025-09-30 10:15:00,0.232817333333333,2.86866666666667,3.86666666666667,10.126,1.124,639.36,1
2025-09-30 10:30:00,0.225731333333333,3.108,3.02,12.344,1.054,638.129333333333,1
2025-09-30 10:45:00,0.243682666666667,4.29466666666667,3.33666666666667,9.79666666666667,0.958,629.032,1
2025-09-30 11:00:00,0.253274,3.268,3.20733333333333,5.22866666666667,1.058,620.343333333333,1
2025-09-30 11:15:00,0.216044666666667,3.276,2.81666666666667,11.442,1.04466666666667,616.665333333333,1
2025-09-30 11:30:00,0.22283,3.52133333333333,2.986,9.29533333333333,1.07,610.523333333333,1
2025-09-30 11:45:00,0.222407333333333,3.48333333333333,2.95066666666667,12.4266666666667,1.34533333333333,611.856666666667,1
2025-09-30 12:00:00,0.220294666666667,3.532,2.72466666666667,14.5466666666667,1.35,608.58,1
2025-09-30 12:15:00,0.220524666666667,3.52066666666667,2.594,15.5133333333333,1.35866666666667,612.225333333333,1
2025-09-30 12:30:00,0.227216,3.83466666666667,4.20866666666667,12.6406666666667,1.35533333333333,610.773333333333,1
2025-09-30 12:45:00,0.219904666666667,3.638,2.63333333333333,13.706,1.27066666666667,608.423333333333,1
2025-09-30 13:00:00,0.219963333333333,3.69133333333333,2.502,16.6273333333333,1.40333333333333,607.136666666667,1
2025-09-30 13:15:00,0.236066,3.872,3.14133333333333,13.9566666666667,1.38466666666667,601.82,1
2025-09-30 13:30:00,0.219668,3.71933333333333,2.63933333333333,16.0766666666667,1.94066666666667,604.285333333333,1
2025-09-30 13:45:00,0.223942,3.79,2.52533333333333,18.7966666666667,1.55933333333333,605.506666666667,1
2025-09-30 14:00:00,0.224169333333333,3.98266666666667,2.42533333333333,17.8146666666667,1.60066666666667,601.29,1
2025-09-30 14:15:00,0.232618,4.36533333333333,2.88933333333333,17.754,1.32466666666667,598.4,1
2025-09-30 14:30:00,0.241144,4.258,2.29333333333333,14.9006666666667,4.32933333333333,593.236666666667,1
2025-09-30 14:45:00,0.234132666666667,4.288,2.508,13.0333333333333,1.448,588.386666666667,1
2025-09-30 15:00:00,0.235798666666667,4.25133333333333,2.59266666666667,10.8053333333333,1.54466666666667,586.773333333333,1
2025-09-30 15:15:00,0.23333,4.152,2.664,14.0213333333333,1.28333333333333,585.897333333333,1
2025-09-30 15:30:00,0.228602,4.17266666666667,2.524,17.7906666666667,0.992,584.966,1
2025-09-30 15:45:00,0.236034,4.274,2.412,15.7573333333333,1.25,589.454,1
2025-09-30 16:00:00,0.259356666666667,4.04,2.83666666666667,14.2406666666667,1.28466666666667,592.354,1
2025-09-30 16:15:00,0.242768666666667,4.31466666666667,1.95133333333333,18.1406666666667,1.36133333333333,592.562666666667,1
2025-09-30 16:30:00,0.243430666666667,4.00666666666667,1.84,15.1533333333333,1.41666666666667,596.336,1
2025-09-30 16:45:00,0.239233846153846,4.02,2.05153846153846,15.5023076923077,1.58153846153846,594.596153846154,1
2025-09-30 17:00:00,0.240030666666667,4.09866666666667,1.98,16.786,1.73066666666667,601.475333333333,1
2025-09-30 17:15:00,0.248096666666667,4.282,1.82066666666667,19.6046666666667,1.78266666666667,604.582,1
2025-09-30 17:30:00,0.248726,4.38466666666667,1.70333333333333,19.9613333333333,1.97533333333333,606.606666666667,1
2025-09-30 17:45:00,0.259051333333333,4.916,1.576,18.3606666666667,1.904,610.292,1
2025-09-30 18:00:00,0.267497333333333,4.23333333333333,1.506,14.93,1.898,614.177333333333,1
2025-09-30 18:15:00,0.255836,4.468,1.6,15.5026666666667,1.75266666666667,614.843333333333,1
2025-09-30 18:30:00,0.259994666666667,4.408,1.70866666666667,12.0126666666667,3.13666666666667,619.638,1
2025-09-30 18:45:00,0.256216666666667,3.77133333333333,2.13733333333333,11.5453333333333,3.12333333333333,625.114666666667,1
2025-09-30 19:00:00,0.254396666666667,4.04333333333333,1.78933333333333,13.38,3.068,631.264,1
2025-09-30 19:15:00,0.257093333333333,3.93666666666667,2.136,10.5906666666667,3.43666666666667,631.033333333333,1
2025-09-30 19:30:00,0.277885333333333,4.41933333333333,2.172,10.92,2.46066666666667,635.512,1
2025-09-30 19:45:00,0.258875333333333,3.432,2.344,10.218,3.09266666666667,628.326666666667,1
2025-09-30 20:00:00,0.248457333333333,3.36666666666667,2.81266666666667,10.502,1.94933333333333,623.234,1
2025-09-30 20:15:00,0.236547333333333,3.33733333333333,2.68733333333333,12.2006666666667,1.68333333333333,619.832,1
2025-09-30 20:30:00,0.23519,3.388,3.16333333333333,13.4433333333333,1.476,617.477333333333,1
2025-09-30 20:45:00,0.224404,3.55533333333333,3.084,18.0086666666667,1.372,616.41,1
2025-09-30 21:00:00,0.220035333333333,3.64933333333333,2.85666666666667,21.3793333333333,1.35,616.129333333333,1
2025-09-30 21:15:00,0.221612,3.71333333333333,2.622,23.3526666666667,1.488,618.955333333333,1
2025-09-30 21:30:00,0.227075333333333,3.838,2.31266666666667,23.888,1.48533333333333,624.863333333333,1
2025-09-30 21:45:00,0.23025,4,2.47466666666667,22.5953333333333,1.358,626.608666666667,1
2025-09-30 22:00:00,0.250428,4.294,1.95666666666667,23.636,1.77666666666667,629.884,1
2025-09-30 22:15:00,0.260648,4.152,2.06333333333333,20.612,1.97933333333333,634.292666666667,1
2025-09-30 22:30:00,0.292864666666667,4.37533333333333,2.07066666666667,20.4226666666667,2.66066666666667,635.929333333333,1
2025-09-30 22:45:00,0.251152,4.11733333333333,2.034,17.1453333333333,1.532,639.568666666667,1
2025-09-30 23:00:00,0.278256666666667,3.68466666666667,2.56933333333333,15.968,2.11266666666667,633.504666666667,1
2025-09-30 23:15:00,0.239698571428571,4.46142857142857,2.01571428571429,19.6057142857143,1.19571428571429,631.702857142857,1
