date,CO,NO2,NO,O3,PM2_5,CO2,AQHI
2025-09-01,351.347333333333,5.48466666666667,1.862,18.4633333333333,19.9606666666667,684.988,3
2025-09-01 00:15:00,303.738,5.176,1.90866666666667,24.3033333333333,20.0893333333333,673.448,3
2025-09-01 00:30:00,288.246666666667,5.23733333333333,1.868,24.9566666666667,20.132,670.253333333333,3
2025-09-01 00:45:00,289.253333333333,5.31066666666667,1.862,24.304,19.392,671.787333333333,2
2025-09-01 01:00:00,290.386,5.39466666666667,1.85266666666667,23.494,19.3173333333333,672.453333333333,2
2025-09-01 01:15:00,294.214,5.46533333333333,1.83,22.4893333333333,19.18,672.702,2
2025-09-01 01:30:00,290.515333333333,5.48933333333333,1.77666666666667,23.322,18.9393333333333,667.707333333333,2
2025-09-01 01:45:00,292.538666666667,5.56,1.78,23.5586666666667,18.9433333333333,670.686666666667,2
2025-09-01 02:00:00,293.636666666667,5.49066666666667,1.77933333333333,24.8486666666667,19.6326666666667,672.534,2
2025-09-01 02:15:00,277.872666666667,5.30333333333333,1.838,28.8413333333333,19.8466666666667,664.408,3
2025-09-01 02:30:00,269.868,5.25466666666667,1.884,28.8026666666667,19.062,662.336666666667,3
2025-09-01 02:45:00,266.531333333333,5.212,1.90466666666667,28.206,18.5,659.130666666667,3
2025-09-01 03:00:00,266.051333333333,5.26333333333333,1.90933333333333,27.7993333333333,18.512,658.129333333333,3
2025-09-01 03:15:00,265.258666666667,5.30333333333333,1.868,28.1226666666667,18.354,657.584,3
2025-09-01 03:30:00,269.294,5.42333333333333,1.83666666666667,27.3253333333333,17.7166666666667,657.678666666667,3
2025-09-01 03:45:00,272.702,5.48066666666667,1.784,27.8206666666667,18.5693333333333,659.341333333333,3
2025-09-01 04:00:00,277.026666666667,5.45466666666667,1.774,27.9906666666667,18.5066666666667,662.915333333333,3
2025-09-01 04:15:00,281.005333333333,5.51,1.748,27.146,18.544,663.692666666667,3
2025-09-01 04:30:00,309.933333333333,6.204,1.77,20.3733333333333,19.24,664.392,3
2025-09-01 04:45:00,286.896666666667,6.49466666666667,1.81733333333333,18.5333333333333,18.8533333333333,659.404666666667,3
2025-09-01 05:00:00,290.196666666667,7.38266666666667,1.71933333333333,17.3006666666667,19.2513333333333,654.403333333333,3
2025-09-01 05:15:00,298.515333333333,7.75333333333333,1.45333333333333,17.0673333333333,19.1686666666667,652.812,3
2025-09-01 05:30:00,307.634666666667,8.014,1.328,16.1273333333333,18.488,655.656666666667,3
2025-09-01 05:45:00,310.668666666667,8.02533333333333,1.21866666666667,13.672,18.336,661.910666666667,3
2025-09-01 06:00:00,306.632666666667,8.31266666666667,1.08733333333333,12.8853333333333,17.9753333333333,659.582,3
2025-09-01 06:15:00,323.089333333333,9.12733333333333,1.04266666666667,11.634,17.87,664.544666666667,2
2025-09-01 06:30:00,344.448,9.298,1.06266666666667,10.2986666666667,17.9646666666667,668.76,2
2025-09-01 06:45:00,359.962666666667,9.32933333333333,1.38733333333333,9.77866666666667,18.072,672.895333333333,2
2025-09-01 07:00:00,349.708,9.13266666666667,2.568,6.592,16.3073333333333,666.310666666667,2
2025-09-01 07:15:00,327.809333333333,8.38733333333333,2.63733333333333,6.37266666666667,14.7366666666667,663.692666666667,2
2025-09-01 07:30:00,311.581333333333,7.37266666666667,2.77466666666667,7.88133333333333,14.1646666666667,662.248,2
2025-09-01 07:45:00,301.072666666667,7.56333333333333,4.30533333333333,6.28066666666667,13.308,659.229333333333,2
2025-09-01 08:00:00,300.276666666667,7.104,4.43333333333333,6.34466666666667,12.9193333333333,659.148666666667,2
2025-09-01 08:15:00,295.470666666667,6.94933333333333,5.924,6.42466666666667,12.466,658.722666666667,2
2025-09-01 08:30:00,293.382,6.21133333333333,4.384,8.444,12.422,659.171333333333,2
2025-09-01 08:45:00,286.158666666667,5.81933333333333,4.17733333333333,9.52533333333333,12.646,658.689333333333,2
2025-09-01 09:00:00,289.578666666667,5.62866666666667,4.21066666666667,10.2473333333333,12.7026666666667,661.17,2
2025-09-01 09:15:00,284.62,5.754,5.01666666666667,9.30333333333333,13.048,660.594666666667,2
2025-09-01 09:30:00,282.887333333333,5.912,4.97733333333333,9.776,13.636,661.397333333333,2
2025-09-01 09:45:00,287.127333333333,5.94,4.232,11.1593333333333,13.6686666666667,662.182,2
2025-09-01 10:00:00,282.588666666667,5.78333333333333,3.06866666666667,14.3093333333333,14.044,659.654,2
2025-09-01 10:15:00,278.540666666667,5.61533333333333,2.69266666666667,15.7513333333333,13.978,658.722,2
2025-09-01 10:30:00,286.632666666667,5.99066666666667,3.13466666666667,14.6406666666667,14.2946666666667,660.079333333333,2
2025-09-01 10:45:00,296.506666666667,5.728,2.49733333333333,17.356,14.5626666666667,660.080666666667,2
2025-09-01 11:00:00,300.252666666667,5.50866666666667,2.45533333333333,18.2733333333333,15.8493333333333,661.091333333333,2
2025-09-01 11:15:00,296.766666666667,5.37133333333333,2.44466666666667,18.444,16.9786666666667,661.58,2
2025-09-01 11:30:00,293.997333333333,5.13866666666667,2.17933333333333,19.896,17.5433333333333,664.608,2
2025-09-01 11:45:00,293.155333333333,5.20266666666667,2.17733333333333,19.2786666666667,17.7613333333333,664.224666666667,2
2025-09-01 12:00:00,292.146666666667,5.318,2.12266666666667,19.9113333333333,18.1973333333333,664.89,2
2025-09-01 12:15:00,304.157333333333,5.10733333333333,1.692,22.9773333333333,18.3433333333333,664.095333333333,2
2025-09-01 12:30:00,309.941333333333,4.41066666666667,1.786,24.1833333333333,18.864,667.997333333333,2
2025-09-01 12:45:00,297.671333333333,4.462,2.064,26.0173333333333,18.8706666666667,671.362,2
2025-09-01 13:00:00,275.432,4.87733333333333,1.872,27.4853333333333,18.308,672.116,2
2025-09-01 13:15:00,267.02,5.42866666666667,1.94733333333333,27.9466666666667,18.2426666666667,673.385333333333,2
2025-09-01 13:30:00,271.383333333333,5.55466666666667,1.85066666666667,27.6673333333333,18.2206666666667,675.834666666667,2
2025-09-01 13:45:00,270.142666666667,5.96866666666667,1.77933333333333,29.922,18.1206666666667,675.04,3
2025-09-01 14:00:00,271.888666666667,6.12933333333333,1.678,29.8346666666667,17.17,675.86,3
2025-09-01 14:15:00,273.978666666667,6.10066666666667,1.53466666666667,30.09,16.4466666666667,677.448666666667,3
2025-09-01 14:30:00,269.982666666667,5.98066666666667,1.56133333333333,32.3306666666667,16.7726666666667,676.918,3
2025-09-01 14:45:00,276.118666666667,5.698,1.84533333333333,28.782,16.444,676.285333333333,3
2025-09-01 15:00:00,277.274666666667,5.61066666666667,1.59933333333333,30.0726666666667,15.7953333333333,675.568666666667,3
2025-09-01 15:15:00,284.305333333333,5.53933333333333,1.65,29.8726666666667,14.3793333333333,676.162666666667,3
2025-09-01 15:30:00,279.774666666667,5.41733333333333,1.708,29.8933333333333,13.72,676.026,3
2025-09-01 15:45:00,290.203333333333,5.21866666666667,1.77866666666667,30.472,13.6613333333333,673.225333333333,3
2025-09-01 16:00:00,295.795333333333,5.15466666666667,1.83666666666667,31.5593333333333,13.4266666666667,671.12,3
2025-09-01 16:15:00,295.128,5.09133333333333,1.868,31.5293333333333,13.2586666666667,668.857333333333,3
2025-09-01 16:30:00,296.308,5.078,1.90733333333333,31.4346666666667,13.612,666.014,3
2025-09-01 16:45:00,293.73,5.32,1.93,30.49,13.65,662.03,3
2025-09-01 17:00:00,306.737333333333,5.7,1.97066666666667,32.414,14.5533333333333,659.766666666667,3
2025-09-01 17:15:00,313.548,6.08933333333333,1.98333333333333,32.922,15,658.836666666667,3
2025-09-01 17:30:00,315.197333333333,6.46133333333333,1.992,32.6626666666667,15.0026666666667,655.696,3
2025-09-01 17:45:00,322.296,6.83066666666667,1.99466666666667,32.5306666666667,15.3766666666667,653.166,3
2025-09-01 18:00:00,333.361333333333,7.61,1.95933333333333,30.0126666666667,15.1293333333333,654.233333333333,3
2025-09-01 18:15:00,352.845333333333,7.74933333333333,1.94333333333333,28.7586666666667,15.3086666666667,653.874,3
2025-09-01 18:30:00,349.95,8.11533333333333,1.94,27.4173333333333,15.1973333333333,650.926,3
2025-09-01 18:45:00,353.777333333333,8.05133333333333,1.952,28.2113333333333,15.1033333333333,646.975333333333,3
2025-09-01 19:00:00,365.933333333333,8.09,1.94466666666667,25.8246666666667,14.6806666666667,648.564666666667,3
2025-09-01 19:15:00,351.664,8.248,1.92,21.508,14.7113333333333,647.304,3
2025-09-01 19:30:00,345.858,8.07866666666667,1.66333333333333,21.6613333333333,14.2686666666667,643.538,3
2025-09-01 19:45:00,350.555333333333,9.40533333333333,1.306,17.1093333333333,12.6233333333333,640.606666666667,3
2025-09-01 20:00:00,334.221333333333,10.5486666666667,0.951333333333333,13.886,11.8553333333333,636.577333333333,3
2025-09-01 20:15:00,338.079333333333,11.374,0.71,12.728,11.3366666666667,637.203333333333,3
2025-09-01 20:30:00,346.267333333333,13.6973333333333,0.79,9.03466666666667,11.7306666666667,639.973333333333,3
2025-09-01 20:45:00,354.244666666667,14.1046666666667,0.900666666666667,9.75866666666667,13.3013333333333,639.588,3
2025-09-01 21:00:00,358.861333333333,14.2226666666667,0.866,10.2146666666667,11.8826666666667,639.275333333333,2
2025-09-01 21:15:00,379.230666666667,15.5353333333333,0.821333333333333,6.926,11.7093333333333,645.842666666667,2
2025-09-01 21:30:00,403.002,16.1266666666667,0.905333333333333,5.58733333333333,11.8286666666667,650.084,2
2025-09-01 21:45:00,396.906,15.432,0.832666666666667,6.296,11.8826666666667,653.022,2
2025-09-01 22:00:00,390.935333333333,14.1273333333333,0.802666666666667,7.03266666666667,11.6853333333333,654.402666666667,2
2025-09-01 22:15:00,399.333333333333,13.584,0.836,7.12066666666667,11.7986666666667,654.892,2
2025-09-01 22:30:00,405.738666666667,13.7713333333333,0.991333333333333,5.606,12.092,657.172666666667,2
2025-09-01 22:45:00,393.398666666667,13.432,0.986666666666667,5.07533333333333,11.4893333333333,660.234666666667,2
2025-09-01 23:00:00,375.044666666667,12.6746666666667,0.929333333333333,5.01266666666667,11.982,660.754666666667,2
2025-09-01 23:15:00,368.240666666667,12.0313333333333,0.930666666666667,5.23066666666667,12.656,660.568666666667,2
2025-09-01 23:30:00,390.149166666667,12.07,1.0275,4.745,11.7225,662.2625,2
2025-09-02,362.051333333333,10.3806666666667,0.97,5.16933333333333,11.8126666666667,666.424,2
2025-09-02 00:15:00,356.612,9.704,1.01466666666667,4.822,12.0113333333333,666.704,2
2025-09-02 00:30:00,350.573333333333,9.04933333333333,1.028,4.84933333333333,12.0453333333333,667.250666666667,2
2025-09-02 00:45:00,353.543333333333,8.62266666666667,1.064,4.522,11.7026666666667,669.779333333333,2
2025-09-02 01:00:00,344.62,7.76866666666667,1.17866666666667,4.07933333333333,12.0213333333333,671.256666666667,2
2025-09-02 01:15:00,334.825333333333,7.04333333333333,1.12533333333333,3.99,12.0906666666667,669.440666666667,2
2025-09-02 01:30:00,333.807333333333,6.87133333333333,1.15466666666667,3.676,12.3306666666667,672.703333333333,2
2025-09-02 01:45:00,335.516,6.062,1.15733333333333,3.494,12.2993333333333,674.364666666667,2
2025-09-02 02:00:00,327.883333333333,5.91266666666667,1.19866666666667,3.328,12.5633333333333,675.963333333333,2
2025-09-02 02:15:00,326.616666666667,5.478,1.21,3.80733333333333,12.806,674.878666666667,2
2025-09-02 02:30:00,324.09,5.18466666666667,1.27933333333333,3.28066666666667,12.4893333333333,678.274666666667,2
2025-09-02 02:45:00,328.822666666667,5.20733333333333,1.37733333333333,2.968,12.746,682.01,2
2025-09-02 03:00:00,337.535333333333,4.96533333333333,1.41466666666667,2.75666666666667,12.5566666666667,684.41,2
2025-09-02 03:15:00,336.575333333333,4.814,1.34933333333333,2.912,12.9806666666667,683.261333333333,2
2025-09-02 03:30:00,336.588666666667,4.97333333333333,1.45533333333333,4.32466666666667,13.0513333333333,683.935333333333,2
2025-09-02 03:45:00,335.182,4.27266666666667,1.63,3.2,13.1106666666667,690.304666666667,2
2025-09-02 04:00:00,329.966666666667,4.102,1.67466666666667,1.984,12.964,693.387333333333,2
2025-09-02 04:15:00,330.316,4.08933333333333,1.616,1.63533333333333,12.8093333333333,689.412,2
2025-09-02 04:30:00,327.314,3.91933333333333,1.54866666666667,2.11666666666667,12.9126666666667,688.907333333333,2
2025-09-02 04:45:00,313.239333333333,3.84266666666667,1.57733333333333,2.22733333333333,12.9866666666667,691.08,2
2025-09-02 05:00:00,329.163333333333,3.842,1.95066666666667,1.70333333333333,12.9953333333333,697.843333333333,2
2025-09-02 05:15:00,367.962,3.92733333333333,2.25133333333333,1.17266666666667,12.6266666666667,695.216,2
2025-09-02 05:30:00,354.565333333333,3.922,2.39733333333333,1.19533333333333,12.7546666666667,699.007333333333,2
2025-09-02 05:45:00,361.432,4.06,3.348,0.985333333333333,12.3866666666667,698.751333333333,2
2025-09-02 06:00:00,350.381333333333,4.064,4.03733333333333,1.06466666666667,12.8613333333333,697.706,2
2025-09-02 06:15:00,347.106,4.19666666666667,3.86933333333333,1.314,13.018,696.647333333333,2
2025-09-02 06:30:00,360.397333333333,4.22533333333333,5.15066666666667,1.326,13.0126666666667,697.602,2
2025-09-02 06:45:00,353.628,3.89933333333333,4.06933333333333,1.502,12.8913333333333,699.594666666667,2
2025-09-02 07:00:00,384.315333333333,3.95666666666667,5.81133333333333,1.55333333333333,13.176,702.019333333333,2
2025-09-02 07:15:00,393.778,4.04466666666667,7.808,1.92066666666667,13.3866666666667,702.436,2
2025-09-02 07:30:00,423.298666666667,4.01666666666667,10.7593333333333,3.30733333333333,13.88,708.86,2
2025-09-02 07:45:00,482.428666666667,3.76666666666667,17.468,3.93733333333333,14.844,717.54,2
2025-09-02 08:00:00,547.828666666667,3.97533333333333,21.722,3.876,16.086,716.776666666667,2
2025-09-02 08:15:00,504.072,4.47533333333333,28.4206666666667,4.25266666666667,17.94,716.954,2
2025-09-02 08:30:00,471.780666666667,4.52733333333333,22.374,4.29733333333333,18.3193333333333,712.746,2
2025-09-02 08:45:00,410.944,4.41466666666667,8.328,7.38933333333333,17.1546666666667,700.332666666667,2
2025-09-02 09:00:00,358.612666666667,4.44666666666667,6.26533333333333,7.71666666666667,16.7553333333333,695.707333333333,2
2025-09-02 09:15:00,347.436666666667,4.796,5.96533333333333,7.23066666666667,16.654,688.536666666667,2
2025-09-02 09:30:00,350.188666666667,5.25733333333333,8.02066666666667,7.04666666666667,16.034,686.876,2
2025-09-02 09:45:00,342.004666666667,5.356,5.784,9.356,15.5766666666667,688.078666666667,2
2025-09-02 10:00:00,339.699333333333,5.36133333333333,5.088,11.2,15.3106666666667,686.826,2
2025-09-02 10:15:00,337.254666666667,5.35933333333333,4.15266666666667,12.9526666666667,15.692,684.288,2
2025-09-02 10:30:00,336.545333333333,5.582,3.598,13.3073333333333,14.7693333333333,686.697333333333,2
2025-09-02 10:45:00,331.839333333333,5.54866666666667,3.20066666666667,13.9493333333333,14.7506666666667,684.803333333333,2
2025-09-02 11:00:00,347.225333333333,6.38533333333333,5.91,10.846,13.886,689.532666666667,2
2025-09-02 11:15:00,333.044,6.136,4.47733333333333,11.8853333333333,13.1486666666667,688.624,2
2025-09-02 11:30:00,319.743333333333,5.72866666666667,3.42733333333333,13.6426666666667,12.8993333333333,688.247333333333,2
2025-09-02 11:45:00,314.616666666667,5.688,2.936,14.2753333333333,12.292,686.979333333333,2
2025-09-02 12:00:00,308.33,5.622,2.67933333333333,15.8053333333333,11.7933333333333,683.886666666667,2
2025-09-02 12:15:00,305.431333333333,5.44933333333333,2.596,17.72,11.51,681.278666666667,2
2025-09-02 12:30:00,310.506,5.09666666666667,2.83933333333333,18.9006666666667,11.472,683.165333333333,2
2025-09-02 12:45:00,291.142666666667,4.264,2.366,19.532,11.586,685.974666666667,2
2025-09-02 13:00:00,264.122,4.06133333333333,2.48466666666667,18.198,11.8353333333333,686.144666666667,2
2025-09-02 13:15:00,250.118666666667,4.14666666666667,2.492,17.8213333333333,11.9126666666667,686.248,2
2025-09-02 13:30:00,241.221333333333,4.43666666666667,2.764,17.6746666666667,12.0226666666667,687.002666666667,2
2025-09-02 13:45:00,236.566666666667,4.67666666666667,2.71,17.6,11.8253333333333,686.682666666667,2
2025-09-02 14:00:00,236.661333333333,4.79733333333333,2.26133333333333,19.1706666666667,11.852,688.834666666667,2
2025-09-02 14:15:00,240.712666666667,4.88,1.71133333333333,21.2913333333333,12.244,687.414,2
2025-09-02 14:30:00,240.44,4.908,1.414,22.3786666666667,12.0873333333333,686.417333333333,2
2025-09-02 14:45:00,242.793333333333,4.782,1.41733333333333,22.8953333333333,12.8286666666667,687.380666666667,2
2025-09-02 15:00:00,249.386,4.7,1.46933333333333,24.0493333333333,13.1086666666667,684.810666666667,2
2025-09-02 15:15:00,260.4,4.65866666666667,1.48666666666667,24.0713333333333,14.8993333333333,687.420666666667,2
2025-09-02 15:30:00,265.916,4.66,1.49933333333333,24.4493333333333,14.1293333333333,686.224666666667,2
2025-09-02 15:45:00,276.97,5.96333333333333,7.00466666666667,13.978,15.634,688.842666666667,2
2025-09-02 16:00:00,279.511333333333,5.05466666666667,1.58733333333333,21.034,16.578,687.365333333333,2
2025-09-02 16:15:00,282.114666666667,5.39266666666667,1.518,24.2353333333333,15.4326666666667,686.875333333333,2
2025-09-02 16:30:00,282.95,5.948,1.52066666666667,23.8,16.148,684.618,2
2025-09-02 16:45:00,291.07,5.98,1.54,23.55,16.14,686.84,2
2025-09-02 17:00:00,295.198,6.682,1.56733333333333,24.4226666666667,16.3066666666667,681.260666666667,2
2025-09-02 17:15:00,310.453333333333,8.02666666666667,1.43866666666667,20.1106666666667,16.918,678.900666666667,2
2025-09-02 17:30:00,328.348666666667,8.31933333333333,1.43666666666667,19.842,17.9286666666667,678.147333333333,2
2025-09-02 17:45:00,332.528666666667,7.85133333333333,1.53933333333333,23.08,17.4953333333333,680.676666666667,2
2025-09-02 18:00:00,327.117333333333,7.992,1.52733333333333,24.0626666666667,17.038,676.644,2
2025-09-02 18:15:00,340.336666666667,9.57666666666667,1.39,18.612,18.0686666666667,673.803333333333,2
2025-09-02 18:30:00,348.119333333333,9.89466666666667,1.442,18.4586666666667,18.4633333333333,669.482666666667,3
2025-09-02 18:45:00,356.226666666667,10.2313333333333,1.428,18.2966666666667,18.0233333333333,668.744666666667,3
2025-09-02 19:00:00,372.854,10.2173333333333,1.30866666666667,18.978,17.8613333333333,667.989333333333,3
2025-09-02 19:15:00,378.864,9.81533333333333,1.16,18.7533333333333,18.5006666666667,670.895333333333,3
2025-09-02 19:30:00,364.772,9.23466666666667,0.904666666666667,20.8913333333333,18.58,667.338666666667,3
2025-09-02 19:45:00,345.283333333333,10.0553333333333,0.644666666666667,21.6586666666667,18.3353333333333,663.709333333333,3
2025-09-02 20:00:00,400.643333333333,11.384,0.406666666666667,14.4746666666667,18.0506666666667,672.895333333333,3
2025-09-02 20:15:00,423.192666666667,11.6353333333333,0.288666666666667,10.0733333333333,17.4646666666667,680.651333333333,3
2025-09-02 20:30:00,497.724666666667,12.3033333333333,0.483333333333333,6.70866666666667,17.5773333333333,692.214666666667,3
2025-09-02 20:45:00,542.135333333333,11.6273333333333,0.981333333333333,4.88133333333333,19.8446666666667,703.094666666667,3
2025-09-02 21:00:00,486.276666666667,11.2986666666667,0.637333333333333,4.476,17.04,701.440666666667,3
2025-09-02 21:15:00,491.735333333333,11.5753333333333,0.745333333333333,4.45,17.954,701.706666666667,2
2025-09-02 21:30:00,463.899333333333,10.6626666666667,0.733333333333333,4.56266666666667,18.4686666666667,704.669333333333,2
2025-09-02 21:45:00,461.842,10.0193333333333,0.746666666666667,4.43133333333333,19.034,704.852666666667,2
2025-09-02 22:00:00,502.908666666667,9.73333333333333,0.974666666666667,3.96333333333333,19.788,708.507333333333,2
2025-09-02 22:15:00,490.889333333333,9.19933333333333,1.052,3.648,20.2866666666667,710.346666666667,2
2025-09-02 22:30:00,498.213333333333,8.62733333333333,1.19533333333333,3.43133333333333,20.6586666666667,714.464666666667,2
2025-09-02 22:45:00,478.787333333333,7.27066666666667,1.21066666666667,2.81133333333333,21.644,715.902,3
2025-09-02 23:00:00,461.069333333333,6.56733333333333,1.41866666666667,2.18333333333333,21.4773333333333,718.832666666667,3
2025-09-02 23:15:00,441.484666666667,6.006,1.332,2.05733333333333,21.808,717.549333333333,3
2025-09-02 23:30:00,443.31625,6.11125,1.43125,1.72125,21.73625,723.27625,3
2025-09-03,406.225333333333,5.75466666666667,1.104,3.604,22.366,712.762,3
2025-09-03 00:15:00,405.75,4.44066666666667,1.42533333333333,2.564,21.8533333333333,723.37,3
2025-09-03 00:30:00,394.603333333333,4.28133333333333,1.44,1.63933333333333,21.3986666666667,724.517333333333,3
2025-09-03 00:45:00,399.283333333333,4.93333333333333,1.366,2.308,21.9173333333333,721.016666666667,3
2025-09-03 01:00:00,394.494666666667,5.05466666666667,1.38933333333333,1.98533333333333,22.2653333333333,720.262,3
2025-09-03 01:15:00,391.036,4.80866666666667,1.40066666666667,2.096,21.9953333333333,721.153333333333,3
2025-09-03 01:30:00,390.82,5.028,1.438,1.996,21.9546666666667,722.1,3
2025-09-03 01:45:00,392.476,5.90466666666667,1.41266666666667,1.834,21.7746666666667,719.7,3
2025-09-03 02:00:00,390.132,5.98733333333333,1.632,1.86533333333333,21.6213333333333,720.679333333333,3
2025-09-03 02:15:00,385.998,6.07133333333333,1.60666666666667,1.88133333333333,21.798,718.76,3
2025-09-03 02:30:00,380.614666666667,5.324,1.62466666666667,2.38533333333333,21.6853333333333,717.908666666667,3
2025-09-03 02:45:00,374.559333333333,4.16,1.82666666666667,1.43733333333333,22.068,726.502,3
2025-09-03 03:00:00,366.916666666667,3.96266666666667,1.57666666666667,2.07933333333333,23.112,723.352666666667,3
2025-09-03 03:15:00,363.041333333333,3.54533333333333,1.60866666666667,1.886,23.76,728.244,3
2025-09-03 03:30:00,369.160666666667,3.45866666666667,2.32266666666667,1.176,22.462,735.253333333333,3
2025-09-03 03:45:00,371.525333333333,3.60333333333333,2.18933333333333,0.762666666666667,23.65,733.181333333333,3
2025-09-03 04:00:00,358.122666666667,3.322,1.64666666666667,2.01333333333333,24.6353333333333,729.206666666667,3
2025-09-03 04:15:00,352.14,3.066,1.58733333333333,2.73466666666667,25.58,727.432,3
2025-09-03 04:30:00,350.113333333333,3.07866666666667,1.60133333333333,3.99333333333333,26.558,723.837333333333,3
2025-09-03 04:45:00,348.188,3.05933333333333,1.718,4.14333333333333,27.264,725.072666666667,3
2025-09-03 05:00:00,348.946,3.05666666666667,1.76266666666667,2.222,26.788,732.265333333333,3
2025-09-03 05:15:00,353.793333333333,3.07933333333333,1.77933333333333,1.784,27.192,729.398666666667,3
2025-09-03 05:30:00,349.060666666667,3.08866666666667,1.75,2.73933333333333,27.5053333333333,726.686,3
2025-09-03 05:45:00,348.984666666667,3.07866666666667,1.692,3.34,27.9073333333333,723.802666666667,3
2025-09-03 06:00:00,354.245333333333,3.21,2.28066666666667,2.516,29.082,725.618,3
2025-09-03 06:15:00,367.215333333333,3.21066666666667,2.09933333333333,3.866,29.0073333333333,723.563333333333,3
2025-09-03 06:30:00,385.390666666667,3.34066666666667,2.52666666666667,1.834,28.1946666666667,733.029333333333,3
2025-09-03 06:45:00,380.766,3.49666666666667,2.17933333333333,3.29533333333333,28.7033333333333,724.18,3
2025-09-03 07:00:00,387.993333333333,3.42533333333333,2.35133333333333,3.22666666666667,28.708,728.566,3
2025-09-03 07:15:00,386.462666666667,3.47733333333333,3.11133333333333,3.80466666666667,30.024,725.023333333333,3
2025-09-03 07:30:00,434.001333333333,3.77266666666667,4.18333333333333,3.79133333333333,31.304,731.071333333333,3
2025-09-03 07:45:00,493.258666666667,3.9,7.97533333333333,4.19,32.7846666666667,742.962,4
2025-09-03 08:00:00,618.066,4.148,14.9233333333333,3.524,34.1353333333333,762.642666666667,4
2025-09-03 08:15:00,636.751333333333,4.30533333333333,12.414,4.39333333333333,36.318,760.658666666667,4
2025-09-03 08:30:00,614.284666666667,4.35733333333333,12.054,5.22866666666667,36.7013333333333,753.562,4
2025-09-03 08:45:00,602.676,4.35266666666667,9.548,4.98933333333333,36.808,751.216,4
2025-09-03 09:00:00,509.24,4.46266666666667,15.5046666666667,3.336,38.5006666666667,741.709333333333,4
2025-09-03 09:15:00,508.987333333333,5.324,38.2446666666667,1.50733333333333,41.4533333333333,737.100666666667,4
2025-09-03 09:30:00,543.430666666667,5.88666666666667,44.0746666666667,2.74,47.36,731.872,5
2025-09-03 09:45:00,690.593333333333,6.3,28.4933333333333,4.796,73.3386666666667,731.311333333333,6
2025-09-03 10:00:00,812.064666666667,6.05533333333333,18.54,7.284,94.4306666666667,728.974666666667,7
2025-09-03 10:15:00,819.333333333333,6.01266666666667,10.6193333333333,9.57533333333333,95.1226666666667,724.839333333333,8
2025-09-03 10:30:00,775.379333333333,5.98933333333333,9.05066666666667,10.754,90.232,724.798666666667,9
2025-09-03 10:45:00,795.69,6.23333333333333,8.24666666666667,11.1513333333333,92.4906666666667,725.874666666667,10
2025-09-03 11:00:00,820.005333333333,6.54533333333333,12.844,10.744,93.8326666666667,728.966,10
2025-09-03 11:15:00,1022.83,6.49533333333333,8.12866666666667,14.25,121.776666666667,733.623333333333,10
2025-09-03 11:30:00,1161.704,5.92666666666667,2.4,23.456,139.133333333333,731.415333333333,12
2025-09-03 11:45:00,1018.31866666667,5.692,1.65466666666667,26.7206666666667,122.988,727.608,12
2025-09-03 12:00:00,1067.56733333333,5.87333333333333,1.85333333333333,27.4313333333333,129.109333333333,726.100666666667,13
2025-09-03 12:15:00,1006.32133333333,5.25866666666667,1.20933333333333,34.7193333333333,125.439333333333,723.394666666667,13
2025-09-03 12:30:00,1063.56466666667,4.40866666666667,1.60533333333333,40.1946666666667,135.844666666667,724.461333333333,13
2025-09-03 12:45:00,887.629333333333,4.44533333333333,2.11066666666667,37.76,113.603333333333,727.905333333333,13
2025-09-03 13:00:00,748.596,5.01133333333333,2.358,35.42,96.4573333333333,726.718,12
2025-09-03 13:15:00,575.818,5.13866666666667,2.11133333333333,29.806,67.9513333333333,725.096,11
2025-09-03 13:30:00,405.908666666667,5.22533333333333,1.95133333333333,25.55,42.768,718.769333333333,9
2025-09-03 13:45:00,427.613333333333,5.38733333333333,2.04133333333333,26.2253333333333,47.0546666666667,716.978,7
2025-09-03 14:00:00,367.095333333333,5.362,1.29466666666667,28.6073333333333,37.02,715.396666666667,7
2025-09-03 14:15:00,344.292,4.99066666666667,1.18,29.3166666666667,35.812,714.151333333333,6
2025-09-03 14:30:00,368.177333333333,4.91666666666667,1.258,30.3166666666667,39.8133333333333,715.252666666667,6
2025-09-03 14:45:00,335.724,4.89333333333333,1.29266666666667,29.1733333333333,30.7826666666667,713.02,6
2025-09-03 15:00:00,304.519333333333,4.84466666666667,1.29266666666667,28.892,25.228,710.682666666667,5
2025-09-03 15:15:00,309.558,4.96466666666667,1.29,29.818,25.6293333333333,708.95,5
2025-09-03 15:30:00,313.143333333333,5.16933333333333,1.26733333333333,27.748,26.4653333333333,706.266666666667,4
2025-09-03 15:45:00,304.16,5.578,1.286,27.4293333333333,26.9953333333333,705.791333333333,4
2025-09-03 16:00:00,300.807333333333,6.40133333333333,1.39933333333333,29.2466666666667,31.0293333333333,708.000666666667,4
2025-09-03 16:15:00,300.224666666667,6.774,1.48333333333333,29.3926666666667,34.9646666666667,707.528,4
2025-09-03 16:30:00,303.530666666667,5.608,1.47066666666667,28.9426666666667,31.136,708.362,4
2025-09-03 16:45:00,307.48,5.37,1.52,28.23,31.27,706.72,4
2025-09-03 17:00:00,310.752666666667,7.87066666666667,101.02,2.43066666666667,22.932,703.424,4
2025-09-03 17:15:00,336.519333333333,8.314,16.2053333333333,6.528,23.4806666666667,694.583333333333,3
2025-09-03 17:30:00,387.216,9.168,3.484,9.318,26.99,690.585333333333,3
2025-09-03 17:45:00,403.067333333333,9.484,7.55533333333333,8.292,26.4226666666667,690.834666666667,3
2025-09-03 18:00:00,386.344666666667,9.57466666666667,32.1986666666667,5.62533333333333,23.896,691.089333333333,3
2025-09-03 18:15:00,373.527333333333,9.034,3.32466666666667,8.89533333333333,27.722,682.419333333333,3
2025-09-03 18:30:00,409.366,9.44266666666667,4.34,5.82133333333333,22.1113333333333,686.248,3
2025-09-03 18:45:00,384.804,9.38733333333333,4.67133333333333,5.57266666666667,22.018,682.836,3
2025-09-03 19:00:00,395.217333333333,9.634,13.144,3.89933333333333,21.196,682.016666666667,3
2025-09-03 19:15:00,353.872666666667,9.69866666666667,5.806,4.002,17.9286666666667,672.165333333333,3
2025-09-03 19:30:00,354.930666666667,10.4786666666667,1.394,4.158,17.732,667.756,2
2025-09-03 19:45:00,381.558666666667,11.598,2.086,3.32466666666667,17.5393333333333,667.449333333333,2
2025-09-03 20:00:00,402.100666666667,11.6693333333333,4.37666666666667,3.16933333333333,17.4106666666667,673.544666666667,2
2025-09-03 20:15:00,490.526,11.6126666666667,10.9873333333333,3,17.2133333333333,681.615333333333,2
2025-09-03 20:30:00,581.300666666667,12.4393333333333,10.9433333333333,3.118,17.3446666666667,680.707333333333,2
2025-09-03 20:45:00,502.817333333333,12.8886666666667,12.7753333333333,3.80666666666667,17.1386666666667,680.851333333333,2
2025-09-03 21:00:00,524.377333333333,11.6366666666667,18.412,3.256,18.8513333333333,699.978,2
2025-09-03 21:15:00,645.920666666667,12.2733333333333,15.0353333333333,3.336,23.0613333333333,706.875333333333,2
2025-09-03 21:30:00,650.387333333333,11.378,13.2813333333333,3.304,25.6653333333333,714.891333333333,3
2025-09-03 21:45:00,612.307333333333,10.3306666666667,12.572,2.794,26.65,724.654666666667,3
2025-09-03 22:00:00,628.750666666667,10.1346666666667,7.54,2.748,30.67,731.11,3
2025-09-03 22:15:00,590.628666666667,9.27866666666667,1.74266666666667,4.282,37.584,723.273333333333,4
2025-09-03 22:30:00,557.26,8.34133333333333,1.29066666666667,4.324,39.43,727.184,4
2025-09-03 22:45:00,588.714,7.75133333333333,1.58133333333333,3.818,40.5406666666667,728.742666666667,4
2025-09-03 23:00:00,549.089333333333,6.37866666666667,1.30333333333333,3.35666666666667,41.1913333333333,732.154,4
2025-09-03 23:15:00,580.84,6.06,1.224,4.44333333333333,42.0153333333333,727.633333333333,5
2025-09-03 23:30:00,537.32875,4.845,1.29,6.57625,42.235,725.68625,5
2025-09-04,475.188666666667,4.276,1.37666666666667,6.586,42.142,723.891333333333,5
2025-09-04 00:15:00,459.559333333333,4.01933333333333,1.464,7.32733333333333,40.9753333333333,721.844,5
2025-09-04 00:30:00,439.766,3.94466666666667,1.59733333333333,7.17266666666667,40.198,720.365333333333,5
2025-09-04 00:45:00,436.432,4.08733333333333,1.59133333333333,5.852,38.468,726.027333333333,5
2025-09-04 01:00:00,434.506666666667,4.04466666666667,1.56866666666667,4.48733333333333,37.2493333333333,727.786,4
2025-09-04 01:15:00,419.922666666667,3.85266666666667,1.57466666666667,5.65866666666667,35.94,725.166666666667,4
2025-09-04 01:30:00,409.304666666667,3.78733333333333,1.60466666666667,5.66733333333333,35.4713333333333,726.211333333333,4
2025-09-04 01:45:00,393.884666666667,3.69666666666667,1.59,5.95,35.0926666666667,724.228666666667,4
2025-09-04 02:00:00,383.696666666667,3.698,1.60333333333333,5.76533333333333,33.4933333333333,723.738,4
2025-09-04 02:15:00,385.386,3.68066666666667,1.62133333333333,5.98466666666667,32.384,725.368,4
2025-09-04 02:30:00,383.347333333333,3.688,1.64,5.01533333333333,31.4793333333333,727.736666666667,4
2025-09-04 02:45:00,368.980666666667,3.66533333333333,1.64733333333333,4.72333333333333,30.724,727.865333333333,4
2025-09-04 03:00:00,375.804,3.622,1.65133333333333,3.896,30.2786666666667,730.91,4
2025-09-04 03:15:00,359.950666666667,3.578,1.65733333333333,4.76666666666667,29.308,726.532666666667,4
2025-09-04 03:30:00,352.894666666667,3.56133333333333,1.70933333333333,5.46533333333333,29.4633333333333,724.068,3
2025-09-04 03:45:00,347.11,3.59133333333333,1.67,5.40733333333333,29.8213333333333,724.069333333333,3
2025-09-04 04:00:00,354.284666666667,3.63466666666667,1.688,5.496,29.858,724.912666666667,3
2025-09-04 04:15:00,355.225333333333,3.64866666666667,1.68066666666667,5.148,29.612,724.204,3
2025-09-04 04:30:00,352.822,3.61333333333333,1.742,5.156,29.7473333333333,724.254,3
2025-09-04 04:45:00,349.870666666667,3.57,1.69066666666667,5.406,29.1573333333333,724.910666666667,3
2025-09-04 05:00:00,348.108,3.56066666666667,1.698,5.09533333333333,28.54,727.786,3
2025-09-04 05:15:00,349.893333333333,3.65466666666667,1.768,4.05266666666667,28.0533333333333,728.548666666667,3
2025-09-04 05:30:00,352.700666666667,3.748,1.87333333333333,3.26733333333333,27.742,731.993333333333,3
2025-09-04 05:45:00,358.135333333333,3.842,1.836,2.75666666666667,27.164,731.736666666667,3
2025-09-04 06:00:00,366.635333333333,3.87466666666667,1.788,2.96133333333333,28.0066666666667,730.308,3
2025-09-04 06:15:00,379.662,3.96866666666667,1.96733333333333,2.60066666666667,27.4646666666667,732.370666666667,3
2025-09-04 06:30:00,381.506,3.91133333333333,2.02533333333333,2.996,28.1093333333333,730.645333333333,3
2025-09-04 06:45:00,400.176666666667,3.98266666666667,1.99333333333333,2.28066666666667,28.104,737.518666666667,3
2025-09-04 07:00:00,422.094,3.98133333333333,2.082,2.51866666666667,28.2693333333333,740.159333333333,3
2025-09-04 07:15:00,426.870666666667,4.11133333333333,2.778,3.46733333333333,28.3826666666667,739.654,3
2025-09-04 07:30:00,475.116666666667,4.184,4.67466666666667,3.07333333333333,29.1966666666667,747.892,3
2025-09-04 07:45:00,519.916,4.178,5.29533333333333,3.98733333333333,30.32,749.322,3
2025-09-04 08:00:00,547.487333333333,4.5,9.91066666666667,5.362,32.428,749.57,4
2025-09-04 08:15:00,556.358666666667,5.13466666666667,37.48,4.728,37.1686666666667,751.497333333333,4
2025-09-04 08:30:00,575.028,4.912,28.8666666666667,4.15333333333333,36.942,755.182666666667,4
2025-09-04 08:45:00,572.598666666667,5.00133333333333,29.81,3.22866666666667,37.0153333333333,751.675333333333,4
2025-09-04 09:00:00,560.984,5.43866666666667,33.1933333333333,1.79,38.0913333333333,747.369333333333,4
2025-09-04 09:15:00,541.262,6.24466666666667,35.8486666666667,2.678,33.9726666666667,734.86,4
2025-09-04 09:30:00,534.592,6.754,45.288,4.08066666666667,33.2613333333333,727.93,4
2025-09-04 09:45:00,536.268666666667,6.68066666666667,67.8533333333333,4.00733333333333,34.1726666666667,729.609333333333,4
2025-09-04 10:00:00,512.881333333333,6.39066666666667,42.416,5.312,35.768,727.377333333333,4
2025-09-04 10:15:00,519.614,6.28133333333333,32.636,5.59866666666667,35.32,728.226666666667,4
2025-09-04 10:30:00,545.112666666667,6.328,29.654,6.10466666666667,33.4326666666667,727.368,4
2025-09-04 10:45:00,530.354,6.02666666666667,18.962,8.28066666666667,34.044,723.538,4
2025-09-04 11:00:00,525.092666666667,5.84066666666667,16.7093333333333,7.01933333333333,34.394,728.686,4
2025-09-04 11:15:00,487.06,5.738,8.714,9.45933333333333,35.9566666666667,723.04,4
2025-09-04 11:30:00,459.136,5.67066666666667,5.30066666666667,12.0646666666667,35.39,719.571333333333,4
2025-09-04 11:45:00,416.146,5.68,6.77733333333333,9.80066666666667,25.346,709.655333333333,4
2025-09-04 12:00:00,370.305333333333,5.51866666666667,4.79933333333333,8.57266666666667,17.472,700.315333333333,3
2025-09-04 12:15:00,368.387333333333,5.49266666666667,3.778,10.412,16.1553333333333,697.924,3
2025-09-04 12:30:00,355.783333333333,5.22866666666667,3.86,11.894,14.9613333333333,695.265333333333,2
2025-09-04 12:45:00,346.662666666667,4.88266666666667,3.496,12,15.6533333333333,696.784666666667,2
2025-09-04 13:00:00,348.956666666667,4.834,2.70266666666667,10.5893333333333,17.0813333333333,702.669333333333,2
2025-09-04 13:15:00,358.198666666667,5.12066666666667,2.38466666666667,9.30666666666667,17.706,702.476666666667,2
2025-09-04 13:30:00,359.908,5.232,1.85266666666667,10.7213333333333,19.7533333333333,704.918,2
2025-09-04 13:45:00,351.369333333333,5.512,1.78,9.60266666666667,20.7086666666667,702.676,2
2025-09-04 14:00:00,351.869333333333,5.87933333333333,1.262,10.2606666666667,22.152,700.910666666667,3
2025-09-04 14:15:00,368.098,6.41066666666667,1.36933333333333,10.6926666666667,22.196,697.539333333333,3
2025-09-04 14:30:00,422.993333333333,6.21933333333333,1.19333333333333,13.3753333333333,25.402,706.611333333333,3
2025-09-04 14:45:00,411.158,5.70533333333333,1.04333333333333,13.5693333333333,23.2566666666667,706.973333333333,3
2025-09-04 15:00:00,402.64,5.26866666666667,1.276,13.9653333333333,23.7293333333333,708.129333333333,3
2025-09-04 15:15:00,410.236666666667,4.89133333333333,1.70866666666667,13.4586666666667,25.1926666666667,709.710666666667,3
2025-09-04 15:30:00,414.309333333333,4.59466666666667,1.638,13.8926666666667,25.7646666666667,708.643333333333,3
2025-09-04 15:45:00,361.932666666667,4.84133333333333,1.138,12.3586666666667,22.182,705.117333333333,3
2025-09-04 16:00:00,388.412,5.16466666666667,1.07066666666667,11.732,20.2433333333333,706.163333333333,3
2025-09-04 16:15:00,369.879333333333,5.16466666666667,1.11066666666667,11.4593333333333,20.5666666666667,706.21,3
2025-09-04 16:30:00,378.158,5.618,1.66666666666667,8.93333333333333,21.402,702.526,3
2025-09-04 16:45:00,356.26,6.04,1.54,7.36,18.99,699.73,3
2025-09-04 17:00:00,363.769333333333,7.08333333333333,1.73533333333333,6.88266666666667,17.5006666666667,687.492,2
2025-09-04 17:15:00,360.492666666667,8.06733333333333,2.47933333333333,6.158,18.3206666666667,682.764,2
2025-09-04 17:30:00,356.999333333333,8.49533333333333,1.52733333333333,7.78333333333333,19.438,681.656,2
2025-09-04 17:45:00,360.994,8.95666666666667,1.41066666666667,8.26333333333333,19.2573333333333,679.511333333333,2
2025-09-04 18:00:00,374.250666666667,9.322,1.42466666666667,8.35133333333333,19.6193333333333,682.114666666667,2
2025-09-04 18:15:00,398.060666666667,9.466,1.56533333333333,8.01533333333333,20.1426666666667,686.257333333333,2
2025-09-04 18:30:00,397.978,9.05133333333333,1.45666666666667,8.47266666666667,20.448,693.546666666667,2
2025-09-04 18:45:00,384.389333333333,9.24866666666667,1.38266666666667,7.168,20.3833333333333,692.214,3
2025-09-04 19:00:00,390.656,9.62133333333333,1.368,6.71133333333333,19.712,690.126666666667,3
2025-09-04 19:15:00,454.930666666667,9.73333333333333,1.452,5.12333333333333,18.784,695.386,2
2025-09-04 19:30:00,533.325333333333,9.688,2.22866666666667,3.31333333333333,18.6953333333333,708.33,2
2025-09-04 19:45:00,520.173333333333,9.38133333333333,2.328,2.91,17.82,712.032,2
2025-09-04 20:00:00,510.761333333333,9.26866666666667,2.35933333333333,2.976,17.6513333333333,713.686666666667,2
2025-09-04 20:15:00,512.582,8.496,3.054,2.06866666666667,17.432,719.106,2
2025-09-04 20:30:00,489.704,8.508,2.74266666666667,1.58933333333333,16.932,711.445333333333,2
2025-09-04 20:45:00,509.405333333333,8.692,3.58933333333333,1.91866666666667,16.9046666666667,717.034,2
2025-09-04 21:00:00,520.21,8.38333333333333,4.39733333333333,2.034,17.3353333333333,718.078666666667,2
2025-09-04 21:15:00,542.258,7.88133333333333,4.908,1.95133333333333,17.3433333333333,723.088666666667,2
2025-09-04 21:30:00,532.625333333333,7.41733333333333,3.45733333333333,1.93066666666667,17.6993333333333,723.82,2
2025-09-04 21:45:00,474.785333333333,7.37066666666667,1.956,1.89333333333333,19.1253333333333,717.765333333333,2
2025-09-04 22:00:00,503.376,7.514,2.25666666666667,2.03333333333333,19.6446666666667,720.35,2
2025-09-04 22:15:00,534.068666666667,6.666,3.01733333333333,1.8,19.6553333333333,727.400666666667,2
2025-09-04 22:30:00,574.538,7.12,7.58933333333333,1.846,19.89,728.653333333333,2
2025-09-04 22:45:00,548.781333333333,6.62533333333333,6.646,1.53666666666667,21.136,730.386666666667,3
2025-09-04 23:00:00,519.692,5.93666666666667,5.10933333333333,1.57266666666667,22.2906666666667,729.214,3
2025-09-04 23:15:00,485.068,5.45133333333333,3.20866666666667,1.58533333333333,22.3973333333333,727.938666666667,3
2025-09-04 23:30:00,478.188,4.96466666666667,2.292,1.30466666666667,22.6306666666667,728.234666666667,3
2025-09-04 23:45:00,479.454,4.796,2.518,1.238,22.816,729.89,3
2025-09-05,0.459319333333333,4.67933333333333,2.09933333333333,1.10066666666667,23.086,729.030666666667,3
2025-09-05 00:15:00,0.443746,4.2,1.828,1.29,24.2406666666667,728.292,3
2025-09-05 00:30:00,0.434098,4.116,1.678,1.324,25.0413333333333,728.782,3
2025-09-05 00:45:00,0.444318,3.99466666666667,1.836,1.728,25.8886666666667,730.645333333333,3
2025-09-05 01:00:00,0.442766666666667,3.76933333333333,1.70933333333333,1.73933333333333,26.928,732.234666666667,3
2025-09-05 01:15:00,0.437093333333333,3.58,1.79466666666667,1.424,26.758,734.594666666667,3
2025-09-05 01:30:00,0.435552,3.472,1.78,1.21533333333333,27.3693333333333,737.213333333333,3
2025-09-05 01:45:00,0.428178666666667,3.41133333333333,1.77266666666667,1.25,28.1553333333333,735.550666666667,3
2025-09-05 02:00:00,0.443348666666667,3.526,2.08333333333333,1.40133333333333,28.3893333333333,741.283333333333,3
2025-09-05 02:15:00,0.45486,3.43,2.37066666666667,1.21266666666667,28.496,746.334666666667,3
2025-09-05 02:30:00,0.43859,3.288,2.17933333333333,0.842666666666667,29.3426666666667,745.604,3
2025-09-05 02:45:00,0.430254,3.19466666666667,2.23066666666667,0.284666666666667,28.6873333333333,749.690666666667,3
2025-09-05 03:00:00,0.47944,3.52066666666667,4.65466666666667,0.391333333333333,27.7373333333333,748.318666666667,3
2025-09-05 03:15:00,0.490268,3.332,3.94333333333333,0.88,28.81,744.841333333333,3
2025-09-05 03:30:00,0.456047333333333,3.19466666666667,3.09066666666667,0.597333333333333,29.068,750.084,3
2025-09-05 03:45:00,0.473029333333333,3.126,2.08266666666667,1.18266666666667,30.4586666666667,746.920666666667,3
2025-09-05 04:00:00,0.488014666666667,3.04733333333333,2.39533333333333,0.794,30.596,754.733333333333,3
2025-09-05 04:15:00,0.47678,3.04066666666667,2.53866666666667,0.556,30.6306666666667,754.934666666667,4
2025-09-05 04:30:00,0.450428666666667,3.18133333333333,1.88666666666667,0.782,32.4453333333333,747.345333333333,4
2025-09-05 04:45:00,0.430762,3.11133333333333,1.73533333333333,2.13266666666667,34.72,741.276666666667,4
2025-09-05 05:00:00,0.432982666666667,3.04,2.06266666666667,1.71733333333333,34.7386666666667,745.292,4
2025-09-05 05:15:00,0.436085333333333,3.058,1.78,1.35133333333333,35.6553333333333,745.123333333333,4
2025-09-05 05:30:00,0.449553333333333,2.996,2.03133333333333,1.65533333333333,35.1626666666667,747.603333333333,4
2025-09-05 05:45:00,0.446191333333333,3.00333333333333,1.92666666666667,1.07133333333333,35.406,747.909333333333,4
2025-09-05 06:00:00,0.444297333333333,3.066,1.93333333333333,1.16066666666667,34.8313333333333,744.625333333333,4
2025-09-05 06:15:00,0.461190666666667,2.98666666666667,3.43933333333333,0.605333333333333,35.45,751.843333333333,4
2025-09-05 06:30:00,0.447818666666667,3.032,2.32333333333333,0.801333333333333,35.488,747.610666666667,4
2025-09-05 06:45:00,0.471896,2.99733333333333,3.03933333333333,0.883333333333333,35.9413333333333,753.143333333333,4
2025-09-05 07:00:00,0.467921333333333,2.99733333333333,2.83533333333333,0.906666666666667,35.3013333333333,753.217333333333,4
2025-09-05 07:15:00,0.479926,3.088,2.79533333333333,1.238,35.6786666666667,750.672,4
2025-09-05 07:30:00,0.50502,3.07733333333333,5.06066666666667,1.71866666666667,36.2526666666667,757.665333333333,4
2025-09-05 07:45:00,0.581064666666667,3.20866666666667,12.1953333333333,1.144,36.0873333333333,766.778,4
2025-09-05 08:00:00,0.620748,3.25266666666667,10.3186666666667,1.676,37.1566666666667,765.686666666667,4
2025-09-05 08:15:00,0.563502666666667,3.33866666666667,6.89733333333333,2.54333333333333,39.0293333333333,761.519333333333,4
2025-09-05 08:30:00,0.576445333333333,3.48666666666667,7.95133333333333,2.90266666666667,42.3426666666667,762.644666666667,4
2025-09-05 08:45:00,0.581276,3.832,9.87933333333333,2.606,42.5613333333333,760.112666666667,5
2025-09-05 09:00:00,0.647036,4.40666666666667,24.8473333333333,2.28066666666667,36.7473333333333,759.896,5
2025-09-05 09:15:00,0.603995333333333,4.77066666666667,38.0833333333333,2.062,34.6466666666667,755.431333333333,4
2025-09-05 09:30:00,0.586527333333333,5.15,58.158,2.328,33.6226666666667,752.068,4
2025-09-05 09:45:00,0.54847,5.07666666666667,39.5286666666667,3.68266666666667,33.632,742.417333333333,4
2025-09-05 10:00:00,0.484236,5.062,21.0453333333333,4.94533333333333,33.202,729.295333333333,4
2025-09-05 10:15:00,0.516537333333333,4.96266666666667,23.7026666666667,4.91666666666667,39.5513333333333,736.609333333333,4
2025-09-05 10:30:00,0.519278666666667,4.736,7.63933333333333,7.79666666666667,58.7646666666667,730.378666666667,5
2025-09-05 10:45:00,0.533292,5.35,22.978,4.52933333333333,50.2246666666667,736.586,5
2025-09-05 11:00:00,0.545106,5.25466666666667,18.8513333333333,5.636,51.5793333333333,740.842666666667,6
2025-09-05 11:15:00,0.508584,5.04066666666667,9.07466666666667,7.24666666666667,49.694,739.165333333333,6
2025-09-05 11:30:00,0.465064,5.09,6.35066666666667,8.12333333333333,46.808,731.119333333333,5
2025-09-05 11:45:00,0.459470666666667,4.96133333333333,3.69,10.9646666666667,45.3393333333333,726.396666666667,5
2025-09-05 12:00:00,0.451256,4.96933333333333,2.872,12.772,44.3293333333333,723.233333333333,5
2025-09-05 12:15:00,0.446909333333333,5.15066666666667,3.64466666666667,11.7813333333333,42.0886666666667,723.040666666667,5
2025-09-05 12:30:00,0.435992,4.85933333333333,3.514,14.282,41.4833333333333,719.306666666667,5
2025-09-05 12:45:00,0.396309333333333,4.29533333333333,3.15466666666667,14.674,38.4793333333333,718.696,5
2025-09-05 13:00:00,0.377558,4.132,2.53266666666667,14.596,36.5866666666667,718.238666666667,4
2025-09-05 13:15:00,0.362893333333333,4.27533333333333,3.41133333333333,12.7773333333333,33.926,716.641333333333,4
2025-09-05 13:30:00,0.377006,4.26333333333333,3.45533333333333,13.3366666666667,36.56,718.303333333333,4
2025-09-05 13:45:00,0.373946,4.31666666666667,3.13533333333333,13.806,35.6593333333333,721.178,4
2025-09-05 14:00:00,0.353570666666667,4.53266666666667,13.6186666666667,9.53533333333333,34.6586666666667,721.49,4
2025-09-05 14:15:00,0.333929333333333,4.74933333333333,2.65733333333333,17.4233333333333,34.6266666666667,720.47,4
2025-09-05 14:30:00,0.358711333333333,4.88466666666667,1.816,21.0506666666667,37.074,720.39,4
2025-09-05 14:45:00,0.370892666666667,5.15866666666667,1.60666666666667,24.08,39.054,716.664666666667,4
2025-09-05 15:00:00,0.362728,5.336,1.40066666666667,25.2013333333333,36.7893333333333,715.090666666667,4
2025-09-05 15:15:00,0.341499333333333,5.51666666666667,1.31266666666667,25.8746666666667,35.2586666666667,714.28,4
2025-09-05 15:30:00,0.326485333333333,4.79066666666667,1.364,23.028,33.3466666666667,710.538,4
2025-09-05 15:45:00,0.337354,4.61133333333333,1.42866666666667,22.9366666666667,31.7793333333333,707.839333333333,4
2025-09-05 16:00:00,0.344194666666667,4.78066666666667,1.48266666666667,24.906,30.1386666666667,706.98,4
2025-09-05 16:15:00,0.353190666666667,4.58333333333333,1.578,33.7073333333333,34.9746666666667,709.27,4
2025-09-05 16:30:00,0.360434,4.71933333333333,1.64333333333333,33.1526666666667,36.4646666666667,711.437333333333,4
2025-09-05 16:45:00,0.37465,4.84,1.62,31.77,36.15,712.62,4
2025-09-05 17:00:00,0.352396,4.90133333333333,1.69733333333333,31.052,35.792,709.984,4
2025-09-05 17:15:00,0.373263333333333,6.158,1.66933333333333,27.7193333333333,34.0066666666667,702.204,4
2025-09-05 17:30:00,0.394939333333333,7.666,1.59666666666667,22.2553333333333,32.774,696.718666666667,4
2025-09-05 17:45:00,0.402188666666667,8.164,1.60866666666667,21.9773333333333,32.19,694.045333333333,4
2025-09-05 18:00:00,0.402012,8.59333333333333,1.60066666666667,21.142,31.996,695.795333333333,4
2025-09-05 18:15:00,0.414664666666667,9.07133333333333,1.55,19.2886666666667,32.4253333333333,696.326,4
2025-09-05 18:30:00,0.407468,9.21066666666667,1.53066666666667,18.508,31.95,694.639333333333,4
2025-09-05 18:45:00,0.43109,9.43666666666667,1.51466666666667,18.0206666666667,31.894,693.862,4
2025-09-05 19:00:00,0.427324666666667,9.41866666666667,1.53933333333333,19.5086666666667,31.1553333333333,689.235333333333,4
2025-09-05 19:15:00,0.464052666666667,10.2146666666667,1.39466666666667,18.2,30.2,684.353333333333,4
2025-09-05 19:30:00,0.50538,11.6186666666667,1.05533333333333,14.0826666666667,29.2806666666667,686.111333333333,4
2025-09-05 19:45:00,0.506689333333333,11.52,0.784,13.2993333333333,28.4166666666667,689.122666666667,3
2025-09-05 20:00:00,0.472538666666667,11.3833333333333,0.461333333333333,12.3346666666667,27.6873333333333,689.219333333333,3
2025-09-05 20:15:00,0.502674666666667,12.6066666666667,0.272,8.142,32.1013333333333,696.950666666667,3
2025-09-05 20:30:00,0.523781333333333,11.7086666666667,0.25,6.74666666666667,33.3393333333333,705.855333333333,4
2025-09-05 20:45:00,0.518348,10.1766666666667,0.306,6.514,32.5906666666667,710.868,4
2025-09-05 21:00:00,0.518244,9.56733333333333,0.297333333333333,6.50066666666667,35.5166666666667,712.971333333333,4
2025-09-05 21:15:00,0.511712666666667,9.06066666666667,0.380666666666667,5.56933333333333,35.354,717.258666666667,4
2025-09-05 21:30:00,0.54818,8.448,0.497333333333333,4.92266666666667,38.61,723.916,4
2025-09-05 21:45:00,0.591955333333333,8.694,0.628,4.92533333333333,42.524,726.676666666667,4
2025-09-05 22:00:00,0.634899333333333,8.85,0.964,4.53,46.3106666666667,729.962,5
2025-09-05 22:15:00,0.61199,8.51733333333333,1.032,4.48,46.6946666666667,727.697333333333,5
2025-09-05 22:30:00,0.592027333333333,8.36733333333333,0.875333333333333,4.84466666666667,46.2006666666667,724.694666666667,5
2025-09-05 22:45:00,0.572828666666667,7.23733333333333,0.809333333333333,5.53333333333333,48.378,723.448666666667,5
2025-09-05 23:00:00,0.564637333333333,5.89466666666667,0.873333333333333,6.29466666666667,48.8913333333333,720.592,5
2025-09-05 23:15:00,0.548168,5.51733333333333,0.980666666666667,5.78,49.0326666666667,722.911333333333,5
2025-09-05 23:30:00,0.539672,5.286,1.04133333333333,5.66266666666667,50.61,718.454666666667,5
2025-09-05 23:45:00,0.52579,5.06,1.02,5.26,49.82,720.57,5
2025-09-06,0.520539333333333,4.48,1.12266666666667,7.11266666666667,52.16,718.559333333333,6
2025-09-06 00:15:00,0.511856666666667,4.26666666666667,1.19933333333333,8.356,54.386,715.74,6
2025-09-06 00:30:00,0.500123333333333,4.20266666666667,1.28266666666667,10.616,55.518,712.642,6
2025-09-06 00:45:00,0.507647333333333,4.18533333333333,1.48866666666667,10.1786666666667,55.0126666666667,714.93,6
2025-09-06 01:00:00,0.518972,4.16933333333333,1.60266666666667,5.56533333333333,54.2946666666667,730.700666666667,6
2025-09-06 01:15:00,0.528642,4.62266666666667,1.65466666666667,2.28533333333333,50.5893333333333,733.96,6
2025-09-06 01:30:00,0.521032,5.26733333333333,1.70733333333333,1.798,47.73,732.588666666667,6
2025-09-06 01:45:00,0.528786666666667,5.47133333333333,1.638,1.86933333333333,43.9726666666667,739.053333333333,5
2025-09-06 02:00:00,0.554394,6.824,2.35,1.92066666666667,42.5353333333333,735.020666666667,5
2025-09-06 02:15:00,0.654015333333333,8.95933333333333,4.39333333333333,2.266,41.8093333333333,730.138666666667,5
2025-09-06 02:30:00,0.694245333333333,8.388,6.144,3.10666666666667,40.6706666666667,735.028,5
2025-09-06 02:45:00,0.619376666666667,6.24266666666667,2.83066666666667,2.65466666666667,42.8313333333333,742.136666666667,5
2025-09-06 03:00:00,0.601276,5.318,2.82333333333333,1.82466666666667,43.008,749.218,5
2025-09-06 03:15:00,0.619296,6.70133333333333,3.56466666666667,1.76133333333333,42.6593333333333,740.826666666667,5
2025-09-06 03:30:00,0.582050666666667,5.616,2.594,1.67,43.3826666666667,744.583333333333,5
2025-09-06 03:45:00,0.531342,5.48,1.72866666666667,1.71266666666667,44.3966666666667,738.682666666667,5
2025-09-06 04:00:00,0.544726,5.83333333333333,2.092,1.51533333333333,43.29,743.42,5
2025-09-06 04:15:00,0.596148,5.64,3.97266666666667,1.39666666666667,42.2633333333333,747.812,5
2025-09-06 04:30:00,0.531260666666667,4.49066666666667,2.162,0.917333333333333,43.4586666666667,749.866,5
2025-09-06 04:45:00,0.535296,4.99533333333333,1.94666666666667,1.26666666666667,43.34,745.379333333333,5
2025-09-06 05:00:00,0.509498,4.35466666666667,1.67066666666667,1.424,44.4186666666667,741.71,5
2025-09-06 05:15:00,0.505224666666667,4.08666666666667,1.60733333333333,1.566,45.0366666666667,743.082666666667,5
2025-09-06 05:30:00,0.524192666666667,4.24866666666667,1.86133333333333,1.30733333333333,44.8313333333333,745.581333333333,5
2025-09-06 05:45:00,0.518846666666667,4.15,1.77266666666667,1.064,44.812,748.944666666667,5
2025-09-06 06:00:00,0.511674,3.884,1.85,1.82933333333333,45.714,746.471333333333,5
2025-09-06 06:15:00,0.493158,3.49133333333333,1.642,2.34333333333333,46.956,745.308,5
2025-09-06 06:30:00,0.505639333333333,3.546,2.536,1.008,45.996,753.336,5
2025-09-06 06:45:00,0.493599333333333,3.402,1.63866666666667,2.04866666666667,46.752,747.411333333333,5
2025-09-06 07:00:00,0.488842,3.322,1.676,2.95533333333333,48.1206666666667,747.634666666667,5
2025-09-06 07:15:00,0.512458666666667,3.43,2.33333333333333,2.944,48.798,753.191333333333,5
2025-09-06 07:30:00,0.594674,3.77666666666667,7.65866666666667,2.77933333333333,49.756,764.528666666667,5
2025-09-06 07:45:00,0.655246666666667,4.068,12.0713333333333,4.12933333333333,51.1426666666667,764.633333333333,5
2025-09-06 08:00:00,0.632658666666667,4.83666666666667,23.948,5.184,38.1226666666667,746.978,5
2025-09-06 08:15:00,0.503718666666667,5.064,28.8193333333333,4.16066666666667,31.068,736.305333333333,5
2025-09-06 08:30:00,0.463168666666667,5.224,28.9786666666667,2.23733333333333,30.1813333333333,731.776,4
2025-09-06 08:45:00,0.431188666666667,5.09666666666667,20.012,3.05933333333333,26.808,725.288666666667,4
2025-09-06 09:00:00,0.455404666666667,5.28133333333333,14.912,4.53466666666667,26.4393333333333,722.054666666667,3
2025-09-06 09:15:00,0.429324,5.34066666666667,15.9446666666667,5.35133333333333,28.0726666666667,722.905333333333,3
2025-09-06 09:30:00,0.402281333333333,5.22733333333333,21.4126666666667,4.888,23.938,718.744666666667,3
2025-09-06 09:45:00,0.399957333333333,5.22,17.336,5.998,25.4486666666667,718.447333333333,3
2025-09-06 10:00:00,0.397760666666667,5.05466666666667,12.4693333333333,7.04333333333333,23.3586666666667,716.626,3
2025-09-06 10:15:00,0.376392,5.068,12.018,6.706,22.9266666666667,717.741333333333,3
2025-09-06 10:30:00,0.370496666666667,4.952,7.042,7.94266666666667,21.3893333333333,715.371333333333,3
2025-09-06 10:45:00,0.345774,4.668,6.57133333333333,8.67733333333333,18.2413333333333,708.050666666667,3
2025-09-06 11:00:00,0.307246666666667,4.01,4.116,10.934,16.0546666666667,703.112,2
2025-09-06 11:15:00,0.286753333333333,3.92,3.84266666666667,9.446,12.9833333333333,703.350666666667,2
2025-09-06 11:30:00,0.268869333333333,4.01866666666667,4.13933333333333,5.838,11.1213333333333,703.632,2
2025-09-06 11:45:00,0.260621333333333,4.254,3.74066666666667,6.07266666666667,10.9946666666667,696.044666666667,2
2025-09-06 12:00:00,0.274328666666667,4.718,2.88533333333333,9.01866666666667,12.13,691.218,2
2025-09-06 12:15:00,0.291807333333333,4.63733333333333,2.172,12.474,13.4853333333333,696.606,2
2025-09-06 12:30:00,0.291164,4.30133333333333,1.946,14.0846666666667,14.2106666666667,694.366666666667,2
2025-09-06 12:45:00,0.288190666666667,4.30733333333333,1.64533333333333,15.7893333333333,14.6866666666667,693.306666666667,2
2025-09-06 13:00:00,0.29108,4.44533333333333,1.576,17.694,15.7633333333333,691.838666666667,2
2025-09-06 13:15:00,0.286839333333333,5.15733333333333,1.648,21.424,16.1693333333333,692.698,2
2025-09-06 13:30:00,0.287512666666667,6.37266666666667,2.22933333333333,22.068,16.8746666666667,696.559333333333,2
2025-09-06 13:45:00,0.292834666666667,6.91,2.46333333333333,22.1386666666667,17.8346666666667,701.592666666667,2
2025-09-06 14:00:00,0.327896666666667,6.85333333333333,2.576,23.806,19.0493333333333,704.685333333333,2
2025-09-06 14:15:00,0.343107333333333,6.51533333333333,2.6,26.2006666666667,21.4513333333333,707.27,2
2025-09-06 14:30:00,0.315303333333333,6.36733333333333,2.06466666666667,31.2293333333333,25.5533333333333,709.966666666667,3
2025-09-06 14:45:00,0.299461333333333,6.278,1.74,33.898,27.3773333333333,707.413333333333,3
2025-09-06 15:00:00,0.308572666666667,6.62933333333333,1.65866666666667,33.5686666666667,28.5126666666667,702.812666666667,3
2025-09-06 15:15:00,0.323964,5.71133333333333,1.792,33.7066666666667,28.5406666666667,696.959333333333,3
2025-09-06 15:30:00,0.344446,5.57,1.83333333333333,35.0926666666667,26.9426666666667,696.63,3
2025-09-06 15:45:00,0.347897333333333,5.49333333333333,1.82266666666667,30.8426666666667,24.4446666666667,698.038,3
2025-09-06 16:00:00,0.362894,5.77933333333333,1.94266666666667,26.2533333333333,23.0526666666667,698.718,3
2025-09-06 16:15:00,0.364720666666667,5.85933333333333,2.162,25.6306666666667,25.248,698.855333333333,3
2025-09-06 16:30:00,0.341223333333333,5.49666666666667,1.91133333333333,34.2286666666667,24.366,694.904666666667,3
2025-09-06 16:45:00,0.34462,5.47,1.94,34.32,24.94,691.18,3
2025-09-06 17:00:00,0.357361333333333,5.72333333333333,2.11266666666667,30.98,26.166,677.977333333333,3
2025-09-06 17:15:00,0.396260666666667,8.036,2.15666666666667,28.8873333333333,25.6633333333333,672.532666666667,3
2025-09-06 17:30:00,0.461504,10.7453333333333,2.126,24.854,27.7346666666667,670.928666666667,3
2025-09-06 17:45:00,0.476050666666667,12.4613333333333,2.07,23.0633333333333,29.3826666666667,662.352666666667,3
2025-09-06 18:00:00,0.502733333333333,16.7766666666667,2.264,19.2906666666667,28.0466666666667,663.868,3
2025-09-06 18:15:00,0.540222,35.87,2.292,18.7626666666667,31.298,659.662,4
2025-09-06 18:30:00,0.555498666666667,39.464,1.66133333333333,17.214,31.0073333333333,658.168666666667,4
2025-09-06 18:45:00,0.558314,38.0313333333333,1.08533333333333,15.4833333333333,28.624,661.967333333333,4
2025-09-06 19:00:00,0.543650666666667,32.7586666666667,0.342,13.9886666666667,27.9773333333333,666.488666666667,4
2025-09-06 19:15:00,0.549489333333333,28.0673333333333,0.0346666666666667,10.6593333333333,26.7086666666667,674.173333333333,4
2025-09-06 19:30:00,0.601776666666667,26.63,-0.212,7.778,27.4046666666667,684.031333333333,4
2025-09-06 19:45:00,0.580762666666667,21.6353333333333,-0.224666666666667,6.42866666666667,27.3093333333333,686.304,4
2025-09-06 20:00:00,0.585896,21.94,0.0393333333333333,6.13533333333333,26.3526666666667,687.396,4
2025-09-06 20:15:00,0.614156,18.386,0.562,5.49666666666667,26.9033333333333,691.83,4
2025-09-06 20:30:00,0.606846666666667,16.7273333333333,0.889333333333333,4.44266666666667,26.4353333333333,694.967333333333,4
2025-09-06 20:45:00,0.581468,15.3973333333333,5.932,3.61066666666667,26.2546666666667,689.469333333333,4
2025-09-06 21:00:00,0.563458666666667,16.534,11.0746666666667,2.80333333333333,28.7226666666667,687.235333333333,4
2025-09-06 21:15:00,0.567108666666667,15.6886666666667,7.118,2.79066666666667,26.6113333333333,693.024,4
2025-09-06 21:30:00,0.547456,11.542,4.19933333333333,4.30733333333333,25.03,689.669333333333,3
2025-09-06 21:45:00,0.426648,7.59533333333333,1.97666666666667,5.96066666666667,20.376,674.115333333333,3
2025-09-06 22:00:00,0.404918666666667,7.778,1.73266666666667,4.78933333333333,18.4546666666667,671.81,3
2025-09-06 22:15:00,0.404436666666667,8.28866666666667,1.43133333333333,4.80866666666667,17.6893333333333,669.706666666667,3
2025-09-06 22:30:00,0.408119333333333,8.84533333333333,1.234,5.342,17.8126666666667,671.064,3
2025-09-06 22:45:00,0.418450666666667,8.60466666666667,1.274,6.52333333333333,17.9126666666667,674.252,2
2025-09-06 23:00:00,0.408631333333333,7.98533333333333,1.47066666666667,5.01533333333333,17.45,677.223333333333,2
2025-09-06 23:15:00,0.399074666666667,8.37066666666667,1.716,3.28666666666667,17.0253333333333,680.362666666667,2
2025-09-06 23:30:00,0.408779333333333,8.928,2.222,2.182,16.9646666666667,682.571333333333,2
2025-09-06 23:45:00,0.41575,8.66,2.01,2.18,15.8,686.48,2
2025-09-07,0.432259333333333,8.49333333333333,1.74666666666667,2.54933333333333,17.182,687.806,2
2025-09-07 00:15:00,0.43122,8.29533333333333,2.02266666666667,2.396,16.6473333333333,693.419333333333,2
2025-09-07 00:30:00,0.441731333333333,7.82866666666667,1.906,2.55066666666667,17.482,696.028,2
2025-09-07 00:45:00,0.435840666666667,6.81933333333333,1.87666666666667,4.73066666666667,18.548,692.89,2
2025-09-07 01:00:00,0.426018,7.62466666666667,2.502,3.24733333333333,19.904,686.618,2
2025-09-07 01:15:00,0.442383333333333,7.23733333333333,1.906,3.88133333333333,19.2,691.37,2
2025-09-07 01:30:00,0.378788666666667,5.05133333333333,1.90266666666667,6.82933333333333,18.9826666666667,685.518,2
2025-09-07 01:45:00,0.352426,4.65933333333333,1.95466666666667,8.17733333333333,18.638,681.182,2
2025-09-07 02:00:00,0.332479333333333,4.294,2.074,9.09133333333333,16.902,677.207333333333,2
2025-09-07 02:15:00,0.312872,4.20533333333333,2.12666666666667,9.43466666666667,15.5986666666667,672.421333333333,2
2025-09-07 02:30:00,0.292972666666667,4.138,2.29733333333333,9.34933333333333,13.4373333333333,667.964666666667,2
2025-09-07 02:45:00,0.291725333333333,4.154,2.15066666666667,9.072,12.5553333333333,663.027333333333,2
2025-09-07 03:00:00,0.286995333333333,4.17733333333333,2.046,10.026,12.826,659.509333333333,2
2025-09-07 03:15:00,0.284226666666667,4.216,1.87866666666667,11.2113333333333,13.2306666666667,656.538,2
2025-09-07 03:30:00,0.290316,4.23066666666667,1.818,12.06,13.736,656.346666666667,2
2025-09-07 03:45:00,0.296729333333333,4.31133333333333,1.77466666666667,12.596,15.0446666666667,657.671333333333,2
2025-09-07 04:00:00,0.296073333333333,4.32266666666667,1.74866666666667,13.086,16.3233333333333,657.766666666667,2
2025-09-07 04:15:00,0.297012666666667,4.32866666666667,1.726,12.6406666666667,15.3906666666667,656.827333333333,2
2025-09-07 04:30:00,0.300002666666667,4.346,1.64,11.9913333333333,14.814,658.466,2
2025-09-07 04:45:00,0.300096666666667,4.31466666666667,1.616,10.9766666666667,14.8273333333333,656.796,2
2025-09-07 05:00:00,0.293447333333333,4.35133333333333,1.45133333333333,11.03,14.7946666666667,651.688,2
2025-09-07 05:15:00,0.305290666666667,4.43066666666667,1.40533333333333,10.8286666666667,13.9413333333333,650.780666666667,2
2025-09-07 05:30:00,0.330244,4.75933333333333,1.34666666666667,9.38866666666667,13.838,652.121333333333,2
2025-09-07 05:45:00,0.358126666666667,4.964,1.36533333333333,8.53866666666667,13.702,656.129333333333,2
2025-09-07 06:00:00,0.353459333333333,5.056,1.394,7.97933333333333,13.5426666666667,659.420666666667,2
2025-09-07 06:15:00,0.353476,4.89933333333333,1.48666666666667,7.50666666666667,13.7893333333333,662.062,2
2025-09-07 06:30:00,0.349884666666667,5.80266666666667,1.97333333333333,4.70133333333333,13.7713333333333,665.364,2
2025-09-07 06:45:00,0.420468,6.59733333333333,2.824,3.11,14.4453333333333,666.841333333333,2
2025-09-07 07:00:00,0.432712666666667,5.90666666666667,2.062,3.6,13.74,670.896666666667,2
2025-09-07 07:15:00,0.384466,5.036,1.82733333333333,5.08933333333333,13.7113333333333,671.698666666667,2
2025-09-07 07:30:00,0.346199333333333,4.67666666666667,1.81666666666667,6.52666666666667,13.4646666666667,669.666666666667,2
2025-09-07 07:45:00,0.342854666666667,4.65666666666667,1.82733333333333,6.50533333333333,13.238,670.694666666667,2
2025-09-07 08:00:00,0.346978666666667,4.66533333333333,1.954,6.92533333333333,12.928,671.634666666667,2
2025-09-07 08:15:00,0.340850666666667,4.52066666666667,2.01666666666667,7.73866666666667,12.99,673.256666666667,2
2025-09-07 08:30:00,0.325999333333333,4.41,1.974,8.18466666666667,12.766,675.528,2
2025-09-07 08:45:00,0.324891333333333,4.40466666666667,1.95266666666667,8.036,12.8766666666667,676.363333333333,2
2025-09-07 09:00:00,0.332064666666667,4.52533333333333,2.13133333333333,9.74533333333333,13.288,678.179333333333,2
2025-09-07 09:15:00,0.367314,5.21133333333333,7.95466666666667,6.942,13.588,678.002,2
2025-09-07 09:30:00,0.404482,5.40333333333333,8.70133333333333,4.028,13.2906666666667,680.700666666667,2
2025-09-07 09:45:00,0.302019333333333,4.52666666666667,3.538,6.97133333333333,8.38133333333333,675.472666666667,2
2025-09-07 10:00:00,0.272298666666667,4.56933333333333,2.91066666666667,7.424,6.64466666666667,669.490666666667,2
2025-09-07 10:15:00,0.283524666666667,4.79266666666667,2.90466666666667,8.158,7.73533333333333,670.656,1
2025-09-07 10:30:00,0.289198,5.14866666666667,3.15866666666667,7.31533333333333,6.65733333333333,668.261333333333,1
2025-09-07 10:45:00,0.289743333333333,5.378,3.00866666666667,8.19066666666667,7.77133333333333,669.562666666667,1
2025-09-07 11:00:00,0.286024666666667,4.98733333333333,2.492,11.4626666666667,7.908,669.522,1
2025-09-07 11:15:00,0.292276666666667,5.188,2.39866666666667,10.3613333333333,8.698,671.772,1
2025-09-07 11:30:00,0.295318666666667,5.33733333333333,2.34066666666667,9.79733333333333,9.39133333333333,674.187333333333,1
2025-09-07 11:45:00,0.329628,5.36666666666667,2.37866666666667,10.9353333333333,9.21333333333333,677.167333333333,1
2025-09-07 12:00:00,0.307541333333333,5.04866666666667,2.56266666666667,11.7586666666667,9.082,675.496,1
2025-09-07 12:15:00,0.294158,4.98866666666667,2.48933333333333,12.276,8.65333333333333,674.364666666667,1
2025-09-07 12:30:00,0.304747333333333,5.06466666666667,2.43266666666667,13.0046666666667,8.89333333333333,677.801333333333,1
2025-09-07 12:45:00,0.301893333333333,5.082,2.438,12.5993333333333,9.25666666666667,675.424666666667,1
2025-09-07 13:00:00,0.30707,4.918,2.20333333333333,14.2653333333333,10.0853333333333,672.606666666667,1
2025-09-07 13:15:00,0.301928,4.852,2.04133333333333,16.1713333333333,10.0286666666667,669.451333333333,1
2025-09-07 13:30:00,0.30769,4.964,1.92933333333333,16.1833333333333,9.98866666666667,669.449333333333,1
2025-09-07 13:45:00,0.304086,4.908,1.87533333333333,16.26,10.2993333333333,667.828666666667,2
2025-09-07 14:00:00,0.311346,4.90466666666667,1.90533333333333,16.1433333333333,11.2666666666667,667.836,2
2025-09-07 14:15:00,0.303884666666667,4.83266666666667,1.94533333333333,15.912,11.638,667.651333333333,2
2025-09-07 14:30:00,0.297726666666667,4.77933333333333,1.834,15.0373333333333,12.0326666666667,670.252666666667,2
2025-09-07 14:45:00,0.295515333333333,4.864,1.82,14.1433333333333,11.552,671.730666666667,2
2025-09-07 15:00:00,0.301936,4.77133333333333,1.66533333333333,16.336,10.7026666666667,671.184666666667,2
2025-09-07 15:15:00,0.309725333333333,4.33866666666667,1.658,19.9693333333333,10.916,669.626,2
2025-09-07 15:30:00,0.291849333333333,4.214,1.714,21.538,11.8733333333333,670.678666666667,2
2025-09-07 15:45:00,0.280870666666667,4.23533333333333,1.73333333333333,19.388,13.2006666666667,674.204,2
2025-09-07 16:00:00,0.280216,4.26266666666667,1.78533333333333,20.42,12.284,670.703333333333,2
2025-09-07 16:15:00,0.291555333333333,4.30333333333333,1.824,19.1833333333333,11.6,671.915333333333,2
2025-09-07 16:30:00,0.292167333333333,4.416,1.864,20.8453333333333,11.4433333333333,671.691333333333,2
2025-09-07 16:45:00,0.29125,4.41,1.86,21.52,12.05,673.23,2
2025-09-07 17:00:00,0.305675333333333,4.60866666666667,1.906,21.2893333333333,11.7773333333333,674.516666666667,2
2025-09-07 17:15:00,0.326341333333333,5.11,1.89,18.5013333333333,11.648,675.257333333333,2
2025-09-07 17:30:00,0.329546,5.52866666666667,1.91666666666667,17.3293333333333,11.3873333333333,671.852,2
2025-09-07 17:45:00,0.307018,5.95866666666667,1.804,16.2106666666667,12.1266666666667,665.556,2
2025-09-07 18:00:00,0.322835333333333,6.57066666666667,1.50466666666667,16.1566666666667,14.5106666666667,659.236,2
2025-09-07 18:15:00,0.341054666666667,7.01666666666667,1.23066666666667,17.2706666666667,12.64,653.752666666667,2
2025-09-07 18:30:00,0.352382,7.05466666666667,1.05533333333333,19.4926666666667,11.4706666666667,653.271333333333,2
2025-09-07 18:45:00,0.335798666666667,7.27933333333333,0.88,20.6026666666667,11.962,648.308,2
2025-09-07 19:00:00,0.340616666666667,7.87266666666667,0.734666666666667,19.64,11.4446666666667,647.296,2
2025-09-07 19:15:00,0.348962666666667,8.386,0.775333333333333,18.7953333333333,11.5926666666667,651.318,2
2025-09-07 19:30:00,0.345650666666667,9.63866666666667,0.898666666666667,13.5486666666667,11.3313333333333,652.861333333333,2
2025-09-07 19:45:00,0.349784666666667,10.05,0.946,11.508,12.626,654.908,2
2025-09-07 20:00:00,0.348541333333333,12.184,1.27533333333333,6.57666666666667,12.5353333333333,655.414,2
2025-09-07 20:15:00,0.357594666666667,12.174,1.472,5.52866666666667,12.1273333333333,656.408666666667,2
2025-09-07 20:30:00,0.357703333333333,11.7953333333333,1.39466666666667,5.30866666666667,11.664,657.901333333333,2
2025-09-07 20:45:00,0.36215,12.148,1.86333333333333,4.05133333333333,11.7213333333333,658.98,2
2025-09-07 21:00:00,0.363432666666667,11.846,1.77066666666667,4.222,11.7793333333333,658.401333333333,2
2025-09-07 21:15:00,0.361723333333333,11.504,1.60466666666667,4.534,11.4266666666667,657.638666666667,2
2025-09-07 21:30:00,0.370032666666667,11.2486666666667,1.508,4.626,11.416,659.638,2
2025-09-07 21:45:00,0.373831333333333,10.672,1.43,5.782,10.8233333333333,661.243333333333,2
2025-09-07 22:00:00,0.375167333333333,8.614,1.34333333333333,10.3953333333333,9.74733333333333,657.067333333333,2
2025-09-07 22:15:00,0.352246,7.016,1.37933333333333,13.8686666666667,9.11333333333333,652.315333333333,2
2025-09-07 22:30:00,0.299634,6.40066666666667,1.424,15.6233333333333,8.25266666666667,648.355333333333,2
2025-09-07 22:45:00,0.297174,6.35666666666667,1.354,15.762,8.258,649.472,2
2025-09-07 23:00:00,0.296906,6.28066666666667,1.29933333333333,15.8533333333333,8.11266666666667,649.377333333333,2
2025-09-07 23:15:00,0.291767333333333,6.06933333333333,1.34,16.3793333333333,7.864,650.131333333333,2
2025-09-07 23:30:00,0.2901375,5.825,1.3675,16.3558333333333,7.775,650.366666666667,2
2025-09-08,0.283562666666667,5.55133333333333,1.508,17.4686666666667,7.786,650.026,2
2025-09-08 00:15:00,0.285661333333333,5.59066666666667,1.50933333333333,16.508,7.872,652.636666666667,2
2025-09-08 00:30:00,0.283963333333333,5.58466666666667,1.51133333333333,15.238,7.84933333333333,653.180666666667,2
2025-09-08 00:45:00,0.281647333333333,5.44266666666667,1.61933333333333,16.1553333333333,7.58866666666667,650.957333333333,2
2025-09-08 01:00:00,0.274920666666667,5.27133333333333,1.66933333333333,16.884,7.382,650.170666666667,2
2025-09-08 01:15:00,0.275578,5.38933333333333,1.618,15.818,7.42533333333333,650.950666666667,2
2025-09-08 01:30:00,0.280285333333333,5.34666666666667,1.61733333333333,15.8906666666667,7.72533333333333,652.338666666667,2
2025-09-08 01:45:00,0.276214,5.17866666666667,1.70866666666667,16.9813333333333,7.508,652.468,2
2025-09-08 02:00:00,0.270428,5.314,1.68133333333333,16.3213333333333,7.70133333333333,651.882,2
2025-09-08 02:15:00,0.270026666666667,5.32533333333333,1.70133333333333,16.074,7.90533333333333,652.209333333333,2
2025-09-08 02:30:00,0.268626666666667,5.34333333333333,1.62466666666667,15.4093333333333,7.80266666666667,650.846666666667,2
2025-09-08 02:45:00,0.271976,5.35866666666667,1.61466666666667,14.8413333333333,7.672,653.897333333333,2
2025-09-08 03:00:00,0.276221333333333,5.748,1.64466666666667,12.818,7.70266666666667,655.045333333333,2
2025-09-08 03:15:00,0.276804,5.79666666666667,1.63666666666667,12.664,7.70866666666667,653.743333333333,2
2025-09-08 03:30:00,0.270747333333333,5.17933333333333,1.62266666666667,15.7373333333333,7.812,651.328666666667,2
2025-09-08 03:45:00,0.269202666666667,5.262,1.48,14.1093333333333,7.68666666666667,652.508666666667,2
2025-09-08 04:00:00,0.270866666666667,5.33933333333333,1.26866666666667,10.5993333333333,7.84133333333333,658.168666666667,2
2025-09-08 04:15:00,0.276769333333333,5.26,1.206,8.74066666666667,7.80933333333333,661.846,2
2025-09-08 04:30:00,0.285942,5.41333333333333,1.18,6.90666666666667,7.74733333333333,664.423333333333,2
2025-09-08 04:45:00,0.294834,5.46333333333333,1.132,5.928,7.7,667.168666666667,1
2025-09-08 05:00:00,0.312704,6.49066666666667,1.24333333333333,4.616,7.62333333333333,666.785333333333,1
2025-09-08 05:15:00,0.307284,6.378,1.11133333333333,3.53266666666667,7.842,670.502666666667,1
2025-09-08 05:30:00,0.311586,6.274,1.23866666666667,2.94,7.67866666666667,675.274,1
2025-09-08 05:45:00,0.307083333333333,5.56733333333333,1.23066666666667,4.13933333333333,7.65066666666667,675.826666666667,1
2025-09-08 06:00:00,0.306663333333333,5.30066666666667,1.35333333333333,4.64666666666667,7.35666666666667,674.445333333333,1
2025-09-08 06:15:00,0.313623333333333,5.31933333333333,1.33133333333333,3.746,7.53466666666667,677.038666666667,1
2025-09-08 06:30:00,0.343192666666667,5.61466666666667,1.54133333333333,3.086,7.42866666666667,680.306,1
2025-09-08 06:45:00,0.385914,6.20466666666667,2.38133333333333,2.59266666666667,7.38133333333333,687.854666666667,1
2025-09-08 07:00:00,0.389682,6.81,2.712,2.26466666666667,7.592,686.256666666667,1
2025-09-08 07:15:00,0.425544,7.26266666666667,9.42133333333333,3.092,8.73133333333333,688.616666666667,1
2025-09-08 07:30:00,0.521844,9.02533333333333,43.99,3.31666666666667,11.8273333333333,693.114666666667,1
2025-09-08 07:45:00,0.542815333333333,7.734,40.9213333333333,3.14466666666667,13.0473333333333,695.072666666667,2
2025-09-08 08:00:00,0.561448,6.40933333333333,34.8033333333333,3.10733333333333,13.2213333333333,700.669333333333,2
2025-09-08 08:15:00,0.525099333333333,5.50466666666667,19.448,3.68866666666667,10.9273333333333,695.240666666667,2
2025-09-08 08:30:00,0.512818,5.258,15.302,3.42933333333333,10.65,695.041333333333,2
2025-09-08 08:45:00,0.461502,5.02533333333333,15.8993333333333,2.83133333333333,11.7653333333333,691.17,2
2025-09-08 09:00:00,0.435724,4.87266666666667,24.5153333333333,2.09,12.3573333333333,695.764,2
2025-09-08 09:15:00,0.411928,5.204,31.7326666666667,2.576,13.0206666666667,691.016666666667,2
2025-09-08 09:30:00,0.395833333333333,5.43066666666667,12.4886666666667,6.14066666666667,10.84,677.497333333333,2
2025-09-08 09:45:00,0.397310666666667,5.008,4.84733333333333,11.664,8.68133333333333,674.004,2
2025-09-08 10:00:00,0.354039333333333,4.82266666666667,4.31133333333333,13.2633333333333,8.492,674.454,2
2025-09-08 10:15:00,0.348213333333333,4.81266666666667,4.254,13.3913333333333,8.74933333333333,676.315333333333,1
2025-09-08 10:30:00,0.343646,4.85266666666667,4.17533333333333,13.188,8.95066666666667,680.683333333333,1
2025-09-08 10:45:00,0.378504666666667,4.924,4.17066666666667,13.5933333333333,9.37066666666667,682.708,1
2025-09-08 11:00:00,0.376021333333333,4.49933333333333,4.24933333333333,15.4153333333333,10.0573333333333,685.669333333333,1
2025-09-08 11:15:00,0.339929333333333,3.96866666666667,3.20066666666667,17.0673333333333,10.1266666666667,683.912,1
2025-09-08 11:30:00,0.340020666666667,4.12666666666667,3.564,15.596,11.3586666666667,687.532,2
2025-09-08 11:45:00,0.343588666666667,4.35333333333333,5.59733333333333,11.9286666666667,10.8106666666667,693.290666666667,2
2025-09-08 12:00:00,0.331508666666667,4.518,4.74266666666667,12.712,10.906,696.205333333333,2
2025-09-08 12:15:00,0.302192666666667,4.54466666666667,3.20933333333333,13.7726666666667,9.69866666666667,692.158666666667,2
2025-09-08 12:30:00,0.266806666666667,4.426,1.84866666666667,16.0333333333333,8.49733333333333,684.346,2
2025-09-08 12:45:00,0.267460666666667,4.44,1.55466666666667,18.198,8.37533333333333,679.495333333333,2
2025-09-08 13:00:00,0.252744,4.44933333333333,1.68733333333333,20.4466666666667,7.71933333333333,676.082,2
2025-09-08 13:15:00,0.249208666666667,4.54066666666667,1.73,22.328,8.02333333333333,673.866,2
2025-09-08 13:30:00,0.250529333333333,4.468,1.75533333333333,25.096,8.21933333333333,674.644666666667,2
2025-09-08 13:45:00,0.240608,4.48933333333333,1.80466666666667,25.8546666666667,7.654,675.047333333333,2
2025-09-08 14:00:00,0.241361333333333,4.65666666666667,1.796,26.0673333333333,7.564,674.757333333333,2
2025-09-08 14:15:00,0.244143333333333,4.758,1.79,24.6353333333333,7.52466666666667,675.32,2
2025-09-08 14:30:00,0.262204,5.518,1.798,28.174,7.85666666666667,673.971333333333,2
2025-09-08 14:45:00,0.237110666666667,6.164,1.80933333333333,27.5686666666667,7.796,675.520666666667,2
2025-09-08 15:00:00,0.237487333333333,5.77933333333333,1.83666666666667,27.4166666666667,8.334,674.775333333333,2
2025-09-08 15:15:00,0.230689333333333,5.39666666666667,1.92666666666667,27.48,8.41266666666667,673.513333333333,2
2025-09-08 15:30:00,0.239768666666667,5.20666666666667,2.02066666666667,28.7533333333333,8.632,669.097333333333,2
2025-09-08 15:45:00,0.244188666666667,5.044,1.974,25.2686666666667,8.40066666666667,667.025333333333,2
2025-09-08 16:00:00,0.254532,5.07,2.002,24.8706666666667,8.59733333333333,664.487333333333,2
2025-09-08 16:15:00,0.261504,8.18133333333333,19.8353333333333,15.744,9.03466666666667,662.912666666667,2
2025-09-08 16:30:00,0.272666666666667,10.6026666666667,15.732,10.0646666666667,9.04666666666667,658.601333333333,2
2025-09-08 16:45:00,0.27873,9.54,3.33,13.07,8.78,655.89,2
2025-09-08 17:00:00,0.286016666666667,8.36466666666667,2.29733333333333,16.862,8.89066666666667,656.722666666667,2
2025-09-08 17:15:00,0.293972,8.88866666666667,2.58533333333333,16.5766666666667,11.15,650.660666666667,2
2025-09-08 17:30:00,0.309477333333333,13.594,36.59,7.716,14.792,650.869333333333,2
2025-09-08 17:45:00,0.305112666666667,12.5946666666667,11.3986666666667,8.81066666666667,12.196,648.091333333333,2
2025-09-08 18:00:00,0.305314666666667,9.73866666666667,1.53733333333333,17.816,10.8453333333333,644.444666666667,2
2025-09-08 18:15:00,0.309815333333333,16.18,11.336,8.4,11.038,643.682666666667,2
2025-09-08 18:30:00,0.302251333333333,11.8,1.008,19.4733333333333,8.74133333333333,645.554,2
2025-09-08 18:45:00,0.316227333333333,11.4146666666667,0.774666666666667,22.2993333333333,9.42866666666667,648.765333333333,2
2025-09-08 19:00:00,0.317658666666667,10.2673333333333,0.59,25.9833333333333,8.956,647.899333333333,2
2025-09-08 19:15:00,0.312895333333333,9.932,0.316666666666667,27.8486666666667,8.95866666666667,647.096,2
2025-09-08 19:30:00,0.311660666666667,14.2653333333333,0.213333333333333,19.782,8.602,647.376666666667,2
2025-09-08 19:45:00,0.320790666666667,17.3906666666667,0.272666666666667,16.4293333333333,9.15066666666667,646.694,2
2025-09-08 20:00:00,0.327858,14.65,0.328,19.442,9.41866666666667,641.034,2
2025-09-08 20:15:00,0.334300666666667,15.8193333333333,0.346,17.9806666666667,9.71866666666667,643.160666666667,2
2025-09-08 20:30:00,0.386207333333333,13.4713333333333,0.401333333333333,12.3833333333333,9.74133333333333,654.104666666667,2
2025-09-08 20:45:00,0.410071333333333,12.9426666666667,0.524666666666667,9.016,10.008,656.746666666667,2
2025-09-08 21:00:00,0.431063333333333,13.5853333333333,0.595333333333333,6.72733333333333,10.3733333333333,663.099333333333,2
2025-09-08 21:15:00,0.407143333333333,13.1873333333333,0.616666666666667,6.54533333333333,10.0873333333333,660.666,2
2025-09-08 21:30:00,0.405108666666667,12.4966666666667,0.676666666666667,6.498,10.034,662.826,2
2025-09-08 21:45:00,0.387047333333333,11.8646666666667,0.768,6.04133333333333,10.2746666666667,664.118,2
2025-09-08 22:00:00,0.382865333333333,11.348,0.829333333333333,5.51533333333333,10.1566666666667,664.824,2
2025-09-08 22:15:00,0.369573333333333,9.174,0.895333333333333,5.86,10.552,665.514,2
2025-09-08 22:30:00,0.367668,8.658,1.05266666666667,4.774,10.6666666666667,665.210666666667,2
2025-09-08 22:45:00,0.356312666666667,7.844,1.08133333333333,4.548,10.5893333333333,665.209333333333,2
2025-09-08 23:00:00,0.341103333333333,6.98133333333333,1.048,5.382,11.0373333333333,664.334666666667,2
2025-09-08 23:15:00,0.342432,6.11,1.05733333333333,5.59666666666667,11.0193333333333,664.762,2
2025-09-08 23:30:00,0.331379166666667,5.85666666666667,1.24083333333333,4.56833333333333,11.1075,666.758333333333,2
2025-09-09,0.317690666666667,4.69466666666667,1.16,4.11933333333333,11.15,669.081333333333,2
2025-09-09 00:15:00,0.310006666666667,4.58533333333333,1.18,3.81333333333333,11.0306666666667,666.149333333333,2
2025-09-09 00:30:00,0.306884666666667,4.494,1.204,3.552,10.6966666666667,669.306666666667,2
2025-09-09 00:45:00,0.315072666666667,4.55666666666667,1.23266666666667,3.12533333333333,10.6813333333333,671.626,2
2025-09-09 01:00:00,0.308068,4.382,1.26666666666667,3.96666666666667,10.8793333333333,669.33,2
2025-09-09 01:15:00,0.305986,4.20333333333333,1.29733333333333,4.11666666666667,10.952,668.622666666667,2
2025-09-09 01:30:00,0.306799333333333,4.10133333333333,1.26133333333333,3.96,11.132,670.96,2
2025-09-09 01:45:00,0.297678,3.91733333333333,1.272,4.70666666666667,11.1913333333333,668.213333333333,2
2025-09-09 02:00:00,0.293278666666667,3.8,1.382,5.20533333333333,11.4106666666667,667.66,2
2025-09-09 02:15:00,0.291144,3.68066666666667,1.39333333333333,5.068,11.0713333333333,668.414666666667,2
2025-09-09 02:30:00,0.300028,3.656,1.61666666666667,2.54,10.86,677.544,2
2025-09-09 02:45:00,0.303196,3.74,1.61866666666667,1.012,10.5326666666667,681.744,2
2025-09-09 03:00:00,0.295980666666667,3.95133333333333,1.49533333333333,0.950666666666667,10.6766666666667,680.572,2
2025-09-09 03:15:00,0.301339333333333,3.854,1.45266666666667,1.732,10.4226666666667,679.687333333333,2
2025-09-09 03:30:00,0.323720666666667,3.806,1.40666666666667,2.13333333333333,10.4513333333333,684,2
2025-09-09 03:45:00,0.298550666666667,3.654,1.47066666666667,2.468,10.84,685.132,2
2025-09-09 04:00:00,0.299828,3.60133333333333,1.55333333333333,1.57666666666667,10.4326666666667,690.336666666667,2
2025-09-09 04:15:00,0.295333333333333,3.56466666666667,1.51466666666667,1.76666666666667,10.606,686.031333333333,2
2025-09-09 04:30:00,0.319999333333333,3.50933333333333,1.59866666666667,1.06533333333333,10.4693333333333,690.818666666667,2
2025-09-09 04:45:00,0.401219333333333,3.634,1.64533333333333,0.647333333333333,10.31,693.676666666667,2
2025-09-09 05:00:00,0.337688666666667,3.67466666666667,1.738,0.951333333333333,10.256,688.464,2
2025-09-09 05:15:00,0.363944,3.672,2.09066666666667,1.18466666666667,10.5286666666667,686.465333333333,2
2025-09-09 05:30:00,0.328304,3.55133333333333,1.64533333333333,1.52533333333333,10.3746666666667,686.449333333333,2
2025-09-09 05:45:00,0.342668666666667,3.518,1.84733333333333,1.88733333333333,10.4406666666667,688.600666666667,2
2025-09-09 06:00:00,0.331999333333333,3.49066666666667,2.45466666666667,1.41133333333333,10.6693333333333,693.666666666667,2
2025-09-09 06:15:00,0.334935333333333,3.49733333333333,3.00133333333333,1.208,10.9026666666667,697.138666666667,2
2025-09-09 06:30:00,0.3411,3.44933333333333,3.65066666666667,0.468666666666667,10.966,702.218666666667,2
2025-09-09 06:45:00,0.348075333333333,3.45533333333333,3.952,0.0686666666666667,10.5653333333333,700.108,2
2025-09-09 07:00:00,0.380612666666667,3.50333333333333,5.832,0.467333333333333,10.5806666666667,703.584666666667,2
2025-09-09 07:15:00,0.377492666666667,3.454,6.15533333333333,1.37266666666667,11.1053333333333,703.52,2
2025-09-09 07:30:00,0.376228,3.44733333333333,6.696,2.012,11.784,703.954,2
2025-09-09 07:45:00,0.352434,3.392,3.18466666666667,2.76066666666667,11.8906666666667,695.435333333333,2
2025-09-09 08:00:00,0.370558666666667,3.47866666666667,5.04,2.84466666666667,12.182,698.958,2
2025-09-09 08:15:00,0.385021333333333,3.632,4.15733333333333,3.53,12.908,697.45,2
2025-09-09 08:30:00,0.402204666666667,3.73933333333333,3.87533333333333,4.32866666666667,13.6146666666667,695.225333333333,2
2025-09-09 08:45:00,0.428644666666667,4.392,22.206,4.03866666666667,15.5766666666667,697.786666666667,2
2025-09-09 09:00:00,0.43347,5.03333333333333,34.9253333333333,3.40866666666667,17.8906666666667,697.738,2
2025-09-09 09:15:00,0.416356,4.96466666666667,34.6833333333333,3.77333333333333,18.5193333333333,698.952666666667,2
2025-09-09 09:30:00,0.397981333333333,5.01333333333333,30.0206666666667,4.36466666666667,18.9713333333333,697.578666666667,2
2025-09-09 09:45:00,0.373255333333333,4.83733333333333,14.682,6.77466666666667,17.9586666666667,693.891333333333,2
2025-09-09 10:00:00,0.354446,4.70866666666667,6.79,8.93,16.8686666666667,689.918,2
2025-09-09 10:15:00,0.348872666666667,4.85533333333333,5.45866666666667,9.84333333333333,16.372,690.174,2
2025-09-09 10:30:00,0.344716666666667,5.15266666666667,6.54533333333333,8.642,16.0426666666667,691.484,2
2025-09-09 10:45:00,0.381401333333333,5.55266666666667,7.298,8.59733333333333,16.3593333333333,695.571333333333,2
2025-09-09 11:00:00,0.371026666666667,5.49533333333333,5.55133333333333,9.568,14.4613333333333,689.948666666667,2
2025-09-09 11:15:00,0.329012,4.804,2.87,12.8193333333333,11.3973333333333,685.872,2
2025-09-09 11:30:00,0.308552,4.73133333333333,2.45666666666667,14.0046666666667,10.3473333333333,685.422,2
2025-09-09 11:45:00,0.303392666666667,4.83866666666667,2.822,13.5206666666667,10.412,686.464,2
2025-09-09 12:00:00,0.296779333333333,4.71,2.39533333333333,14.802,10.508,683.084,2
2025-09-09 12:15:00,0.29785,4.78133333333333,2.13933333333333,15.8166666666667,9.92,680.708,2
2025-09-09 12:30:00,0.305468666666667,4.60466666666667,2.07066666666667,17.574,9.49333333333333,685.894666666667,2
2025-09-09 12:45:00,0.33734,3.92466666666667,1.67066666666667,18.5653333333333,9.226,691.836,2
2025-09-09 13:00:00,0.323742666666667,3.71933333333333,1.50733333333333,18.2706666666667,9.342,694.342666666667,2
2025-09-09 13:15:00,0.288835333333333,3.9,1.66,17.9906666666667,10.1813333333333,693.804,2
2025-09-09 13:30:00,0.27503,4.178,1.528,19.048,10.3553333333333,694.960666666667,2
2025-09-09 13:45:00,0.266886666666667,4.34666666666667,1.514,19.0266666666667,10.9066666666667,696.590666666667,2
2025-09-09 14:00:00,0.269184,4.54666666666667,1.53,19.916,11.036,702.306666666667,2
2025-09-09 14:15:00,0.265841333333333,4.85733333333333,1.54333333333333,20.7166666666667,10.9833333333333,704.452666666667,2
2025-09-09 14:30:00,0.268434,4.77933333333333,1.58,19.368,10.222,702.228,2
2025-09-09 14:45:00,0.271558666666667,4.63933333333333,1.82333333333333,17.7933333333333,9.59266666666667,704.516,2
2025-09-09 15:00:00,0.279828,4.62533333333333,1.718,17.2406666666667,9.718,701.039333333333,2
2025-09-09 15:15:00,0.281009333333333,4.56,1.67733333333333,19.0753333333333,10.2913333333333,695.516,2
2025-09-09 15:30:00,0.286000666666667,4.55866666666667,1.63266666666667,17.8466666666667,10.7213333333333,693.58,2
2025-09-09 15:45:00,0.290122666666667,4.49933333333333,1.758,20.5133333333333,9.90733333333333,691.170666666667,2
2025-09-09 16:00:00,0.292381333333333,4.51466666666667,1.72466666666667,18.3566666666667,9.63666666666667,687.516666666667,2
2025-09-09 16:15:00,0.296402666666667,4.51133333333333,1.82466666666667,20.7306666666667,9.74533333333333,685.926,2
2025-09-09 16:30:00,0.311648,4.66666666666667,1.87866666666667,22.4,10.9506666666667,680.732666666667,2
2025-09-09 16:45:00,0.31523,5.02,1.94,22.36,9.79,677.45,2
2025-09-09 17:00:00,0.315881333333333,5.49866666666667,1.91,19.8693333333333,9.19933333333333,673.994666666667,2
2025-09-09 17:15:00,0.324158,6.06666666666667,1.88333333333333,18.1786666666667,8.43,667.53,2
2025-09-09 17:30:00,0.324909333333333,8.26066666666667,5.284,9.87866666666667,8.83066666666667,665.427333333333,2
2025-09-09 17:45:00,0.314296,8.118,1.70866666666667,11.142,7.80933333333333,658.955333333333,2
2025-09-09 18:00:00,0.314667333333333,7.35066666666667,1.15333333333333,15.2893333333333,6.668,654.363333333333,2
2025-09-09 18:15:00,0.318401333333333,8.18466666666667,1.028,13.3653333333333,6.97466666666667,652.811333333333,2
2025-09-09 18:30:00,0.335740666666667,9.62666666666667,1.33866666666667,9.35666666666667,7.23733333333333,656.104666666667,2
2025-09-09 18:45:00,0.334605333333333,8.79666666666667,0.63,12.4733333333333,6.21333333333333,655.093333333333,2
2025-09-09 19:00:00,0.329258666666667,8.20333333333333,0.648666666666667,14.1433333333333,6.598,657.358666666667,2
2025-09-09 19:15:00,0.334099333333333,8.884,0.507333333333333,13.5913333333333,6.12466666666667,657.003333333333,2
2025-09-09 19:30:00,0.341438,9.956,0.392666666666667,11.398,6.01866666666667,660.176,2
2025-09-09 19:45:00,0.343961333333333,9.98733333333333,0.304,11.644,5.71466666666667,658.948666666667,2
2025-09-09 20:00:00,0.328872666666667,9.58466666666667,0.355333333333333,13.5733333333333,5.30266666666667,652.427333333333,2
2025-09-09 20:15:00,0.337463333333333,9.79133333333333,0.394,11.5853333333333,5.72933333333333,657.548666666667,2
2025-09-09 20:30:00,0.412136666666667,11.112,0.492,6.74866666666667,6.05866666666667,667.233333333333,2
2025-09-09 20:45:00,0.462912666666667,12.834,0.778,3.44466666666667,6.27133333333333,676.212,2
2025-09-09 21:00:00,0.423782,11.7953333333333,0.661333333333333,3.57666666666667,6.52333333333333,676.132,2
2025-09-09 21:15:00,0.402604666666667,11.138,0.834666666666667,2.95466666666667,7.218,675.712666666667,2
2025-09-09 21:30:00,0.380394,10.4186666666667,0.970666666666667,2.436,7.38733333333333,675.576666666667,2
2025-09-09 21:45:00,0.412539333333333,10.1326666666667,1.28,1.95666666666667,6.83333333333333,679.358666666667,2
2025-09-09 22:00:00,0.444966666666667,9.332,1.38466666666667,1.73933333333333,7.10733333333333,680.949333333333,2
2025-09-09 22:15:00,0.354476666666667,6.854,0.998,4.49066666666667,7.52666666666667,671.249333333333,1
2025-09-09 22:30:00,0.424654666666667,6.70533333333333,1.11466666666667,3.43533333333333,7.5,675.304,1
2025-09-09 22:45:00,0.411802,6.426,1.07933333333333,3.32333333333333,7.548,674.492666666667,1
2025-09-09 23:00:00,0.419494666666667,5.97066666666667,1.048,4.30066666666667,7.638,672.951333333333,1
2025-09-09 23:15:00,0.34125,6.11,1.06,4.62133333333333,7.47933333333333,668.72,1
2025-09-09 23:30:00,0.33626875,5.8575,1.14375,4.1225,7.4,672.3,1
2025-09-10,0.328662666666667,4.83933333333333,1.262,4.40733333333333,7.918,671.073333333333,1
2025-09-10 00:15:00,0.316844,4.26266666666667,1.318,5.40133333333333,7.81733333333333,669.715333333333,1
2025-09-10 00:30:00,0.310676666666667,4.202,1.32533333333333,5.172,8.00266666666667,671.458666666667,1
2025-09-10 00:45:00,0.313318,4.19133333333333,1.338,5.14666666666667,8.304,672.140666666667,1
2025-09-10 01:00:00,0.312275333333333,4.03866666666667,1.398,4.83933333333333,8.33066666666667,675.086,1
2025-09-10 01:15:00,0.314367333333333,4.01533333333333,1.388,4.29,8.68933333333333,678.066,1
2025-09-10 01:30:00,0.313914666666667,4.05,1.39666666666667,4.41866666666667,8.80666666666667,680.822,1
2025-09-10 01:45:00,0.311974,3.998,1.45266666666667,4.92066666666667,8.888,682.466,1
2025-09-10 02:00:00,0.306042666666667,3.87,1.51733333333333,5.164,8.76,682.177333333333,1
2025-09-10 02:15:00,0.304620666666667,3.882,1.59466666666667,4.818,9.036,685.711333333333,1
2025-09-10 02:30:00,0.305976666666667,3.75533333333333,1.646,4.72933333333333,8.83866666666667,686.81,1
2025-09-10 02:45:00,0.300560666666667,3.796,1.662,4.32666666666667,8.92933333333333,687.958,1
2025-09-10 03:00:00,0.300376666666667,3.788,1.608,3.68533333333333,8.88,691.933333333333,1
2025-09-10 03:15:00,0.309190666666667,3.92466666666667,1.604,3.31733333333333,8.86933333333333,692.334666666667,1
2025-09-10 03:30:00,0.302722666666667,3.878,1.66,2.87066666666667,8.72733333333333,695.435333333333,1
2025-09-10 03:45:00,0.300674666666667,3.836,1.574,2.93133333333333,8.57466666666667,695.715333333333,1
2025-09-10 04:00:00,0.304593333333333,3.86466666666667,1.716,2.70333333333333,8.57733333333333,696.888,1
2025-09-10 04:15:00,0.302819333333333,3.98533333333333,1.6,2.32266666666667,8.282,701.127333333333,1
2025-09-10 04:30:00,0.302290666666667,4.02533333333333,1.632,2.352,8.17266666666667,701.12,1
2025-09-10 04:45:00,0.301666666666667,4.12666666666667,1.724,1.93466666666667,8.27933333333333,701.328,1
2025-09-10 05:00:00,0.299968,4.00133333333333,1.69666666666667,1.17533333333333,8.13466666666667,709.976,1
2025-09-10 05:15:00,0.301566666666667,4.02066666666667,1.66866666666667,1.212,8.05733333333333,710.05,1
2025-09-10 05:30:00,0.315426,5.11533333333333,2.24733333333333,1.14666666666667,7.996,702.557333333333,1
2025-09-10 05:45:00,0.317295333333333,5.03466666666667,3.74733333333333,1.38666666666667,7.80866666666667,703.704666666667,1
2025-09-10 06:00:00,0.323988,4.75266666666667,3.482,1.22933333333333,7.67866666666667,706.59,1
2025-09-10 06:15:00,0.335424,4.69,3.78933333333333,1.268,7.75866666666667,709.590666666667,1
2025-09-10 06:30:00,0.336942,5.768,4.18866666666667,1.43066666666667,8.50533333333333,695.987333333333,1
2025-09-10 06:45:00,0.356914,5.11733333333333,4.29333333333333,1.19733333333333,8.234,703.680666666667,1
2025-09-10 07:00:00,0.374492666666667,4.80866666666667,7.54333333333333,1.246,8.20933333333333,712.144,1
2025-09-10 07:15:00,0.371152666666667,4.78,7.71066666666667,1.76266666666667,8.132,708.082,1
2025-09-10 07:30:00,0.378172,4.666,10.1833333333333,1.98666666666667,8.586,709.463333333333,1
2025-09-10 07:45:00,0.374378,4.678,7.47933333333333,2.57533333333333,8.14866666666667,701.545333333333,1
2025-09-10 08:00:00,0.355568,4.73333333333333,6.22933333333333,3.51066666666667,8.16533333333333,689.292,1
2025-09-10 08:15:00,0.360154666666667,4.56933333333333,6.382,3.95866666666667,8.41,691.179333333333,1
2025-09-10 08:30:00,0.375311333333333,4.49733333333333,7.568,3.83066666666667,8.66133333333333,692.456666666667,1
2025-09-10 08:45:00,0.369057333333333,4.372,6.38333333333333,4.03066666666667,8.646,691.387333333333,1
2025-09-10 09:00:00,0.379133333333333,4.25933333333333,5.896,4.09266666666667,8.274,691.596666666667,1
2025-09-10 09:15:00,0.34337,4.27866666666667,6.61133333333333,3.93333333333333,8.08466666666667,689.821333333333,1
2025-09-10 09:30:00,0.327970666666667,4.392,11.542,3.81133333333333,8.06933333333333,691.628666666667,1
2025-09-10 09:45:00,0.327424,4.28666666666667,5.41266666666667,4.86066666666667,7.53066666666667,687.316,1
2025-09-10 10:00:00,0.313571333333333,4.388,5.208,4.338,7.666,685.967333333333,1
2025-09-10 10:15:00,0.304789333333333,4.40066666666667,4.49333333333333,5.61066666666667,7.74666666666667,687.846666666667,1
2025-09-10 10:30:00,0.303456,4.40933333333333,3.862,6.82733333333333,7.69666666666667,688.513333333333,1
2025-09-10 10:45:00,0.335870666666667,4.44333333333333,3.88733333333333,6.872,7.63333333333333,688.834,1
2025-09-10 11:00:00,0.329881333333333,4.35666666666667,2.944,8.69266666666667,7.78066666666667,687.908666666667,1
2025-09-10 11:15:00,0.31604,4.36133333333333,2.40666666666667,11.0426666666667,8.218,688.859333333333,1
2025-09-10 11:30:00,0.310236666666667,4.44266666666667,2.29466666666667,13.02,8.65133333333333,688.062666666667,1
2025-09-10 11:45:00,0.304900666666667,4.41266666666667,2.176,14.178,8.79866666666667,691.466666666667,1
2025-09-10 12:00:00,0.313289333333333,4.364,2.05133333333333,14.2873333333333,8.576,690.342666666667,1
2025-09-10 12:15:00,0.302655333333333,4.21866666666667,1.90666666666667,14.58,8.15733333333333,691.573333333333,1
2025-09-10 12:30:00,0.310528666666667,3.94333333333333,1.60266666666667,14.986,8.052,691.450666666667,1
2025-09-10 12:45:00,0.276081333333333,3.782,1.38266666666667,15.7333333333333,7.98333333333333,693.138,1
2025-09-10 13:00:00,0.264548,3.91733333333333,1.54266666666667,15.9993333333333,8.08733333333333,694.084666666667,1
2025-09-10 13:15:00,0.257731333333333,4.25,1.57933333333333,16.7213333333333,8.458,695.698666666667,1
2025-09-10 13:30:00,0.257104,4.43733333333333,1.49533333333333,17.5306666666667,8.50933333333333,695.168666666667,1
2025-09-10 13:45:00,0.254396,4.60466666666667,1.52066666666667,17.8346666666667,8.41933333333333,693.901333333333,2
2025-09-10 14:00:00,0.255426,4.852,1.56333333333333,18.6893333333333,8.566,694.656,2
2025-09-10 14:15:00,0.257474666666667,4.90466666666667,1.59466666666667,18.8126666666667,8.40466666666667,694.832666666667,2
2025-09-10 14:30:00,0.255028666666667,4.74733333333333,1.64333333333333,17.2893333333333,7.672,695.161333333333,2
2025-09-10 14:45:00,0.259334666666667,4.67733333333333,1.694,17.43,7.85533333333333,694.574666666667,2
2025-09-10 15:00:00,0.265858666666667,4.63066666666667,1.74,18.4973333333333,8.10266666666667,692.93,2
2025-09-10 15:15:00,0.263531333333333,4.53,1.75733333333333,17.8046666666667,7.88733333333333,688.239333333333,2
2025-09-10 15:30:00,0.271192666666667,4.47533333333333,1.822,19.6513333333333,8.08466666666667,684.946666666667,2
2025-09-10 15:45:00,0.278220666666667,4.51733333333333,1.82266666666667,19.0346666666667,7.81933333333333,687.098666666667,2
2025-09-10 16:00:00,0.282440666666667,4.51933333333333,1.848,19.1666666666667,7.63533333333333,686.474,2
2025-09-10 16:15:00,0.275093333333333,4.532,1.83266666666667,17.07,7.568,685.316,2
2025-09-10 16:30:00,0.281274,4.70066666666667,1.894,17.2393333333333,7.37,679.463333333333,2
2025-09-10 16:45:00,0.28112,4.87,1.87,17.25,6.47,677.45,2
2025-09-10 17:00:00,0.292717333333333,5.95,1.816,13.8586666666667,7.96933333333333,669.965333333333,2
2025-09-10 17:15:00,0.286406666666667,6.14133333333333,1.84266666666667,15.1993333333333,7.10866666666667,663.87,2
2025-09-10 17:30:00,0.289767333333333,6.418,1.588,15.5206666666667,6.86666666666667,660.61,2
2025-09-10 17:45:00,0.301462666666667,6.59066666666667,1.40133333333333,16.6026666666667,7.10666666666667,660.336666666667,2
2025-09-10 18:00:00,0.316728666666667,7.02,1.22466666666667,15.8633333333333,7.00133333333333,658.128,2
2025-09-10 18:15:00,0.321968,6.71533333333333,1.14266666666667,17.1326666666667,7.94533333333333,659.814666666667,2
2025-09-10 18:30:00,0.338501333333333,7.114,1.052,16.2106666666667,7.91866666666667,659.308666666667,2
2025-09-10 18:45:00,0.350032666666667,7.21,0.908,15.8406666666667,8.13066666666667,658.2,2
2025-09-10 19:00:00,0.342461333333333,8.32,0.677333333333333,11.32,7.28333333333333,657.317333333333,2
2025-09-10 19:15:00,0.325199333333333,8.92266666666667,0.392666666666667,10.2366666666667,6.604,651.937333333333,2
2025-09-10 19:30:00,0.340261333333333,9.96066666666667,0.209333333333333,8.85266666666667,6.37866666666667,651.664,2
2025-09-10 19:45:00,0.358216666666667,10.3366666666667,0.294,7.82533333333333,7.09866666666667,653.728666666667,2
2025-09-10 20:00:00,0.376276,10.8773333333333,0.420666666666667,5.73333333333333,7.55333333333333,658.418,2
2025-09-10 20:15:00,0.387064666666667,10.3853333333333,0.487333333333333,6.38666666666667,7.65333333333333,662.682,2
2025-09-10 20:30:00,0.415311333333333,11.3013333333333,0.618,4.37133333333333,7.41733333333333,667.940666666667,2
2025-09-10 20:45:00,0.416717333333333,10.7886666666667,0.587333333333333,4.95133333333333,7.60466666666667,673.128,2
2025-09-10 21:00:00,0.469126,10.9786666666667,0.596666666666667,4.37333333333333,8.006,671.875333333333,2
2025-09-10 21:15:00,0.423428666666667,9.992,0.611333333333333,4.402,7.838,673.849333333333,2
2025-09-10 21:30:00,0.43133,9.746,0.673333333333333,4.008,8.12466666666667,674.68,2
2025-09-10 21:45:00,0.377889333333333,7.93933333333333,0.677333333333333,4.896,7.91933333333333,673.176666666667,2
2025-09-10 22:00:00,0.420104666666667,7.488,0.962666666666667,4.17666666666667,8.16066666666667,677.424,1
2025-09-10 22:15:00,0.373266,6.77466666666667,0.862,4.43133333333333,8.56466666666667,677.166,1
2025-09-10 22:30:00,0.357072666666667,6.382,0.912,4.79333333333333,8.99266666666667,677.190666666667,1
2025-09-10 22:45:00,0.335264666666667,5.76933333333333,0.959333333333333,5.43,9.04066666666667,674.044,1
2025-09-10 23:00:00,0.333327333333333,5.42333333333333,0.993333333333333,4.78066666666667,9.476,676.813333333333,1
2025-09-10 23:15:00,0.319895333333333,4.828,0.954,6.14066666666667,9.19933333333333,671.971333333333,1
2025-09-10 23:30:00,0.326274666666667,4.514,1.10733333333333,6.07133333333333,9.478,675.586666666667,1
2025-09-10 23:45:00,0.329108,4.348,1.214,4.706,9.406,680.798,1
2025-09-11,0.373435333333333,4.35,1.33933333333333,1.88266666666667,9.18133333333333,688.023333333333,1
2025-09-11 00:15:00,0.342145333333333,4.41466666666667,1.322,1.75266666666667,9.306,685.156,1
2025-09-11 00:30:00,0.4139,4.48933333333333,1.41533333333333,1.87333333333333,8.984,686.722,1
2025-09-11 00:45:00,0.440816666666667,4.49466666666667,1.19066666666667,2.364,9.13,685.958666666667,1
2025-09-11 01:00:00,0.382872,4.11133333333333,1.18466666666667,3.31533333333333,9.17066666666667,684.610666666667,1
2025-09-11 01:15:00,0.323094,4.002,1.12466666666667,3.52,9.13333333333333,681.816666666667,1
2025-09-11 01:30:00,0.309232,3.90666666666667,1.15333333333333,3.48933333333333,9.12533333333333,680.836,1
2025-09-11 01:45:00,0.309187333333333,3.68266666666667,1.27066666666667,3.16866666666667,9.02133333333333,684.432,1
2025-09-11 02:00:00,0.333384666666667,3.68533333333333,1.22333333333333,3.11066666666667,9.13466666666667,682.668,1
2025-09-11 02:15:00,0.318208,3.62133333333333,1.43733333333333,2.59866666666667,9.04,685.397333333333,1
2025-09-11 02:30:00,0.302334,3.54933333333333,1.28133333333333,2.71733333333333,9.116,684.722666666667,1
2025-09-11 02:45:00,0.29842,3.39866666666667,1.36933333333333,2.45,9.00733333333333,687.404666666667,1
2025-09-11 03:00:00,0.318878,3.50466666666667,1.662,1.2,9.182,690.126,1
2025-09-11 03:15:00,0.301081333333333,3.564,1.43933333333333,1.74533333333333,8.922,686.978666666667,1
2025-09-11 03:30:00,0.295300666666667,3.57666666666667,1.37733333333333,2.14266666666667,8.948,685.076666666667,1
2025-09-11 03:45:00,0.331666666666667,3.418,1.88133333333333,1.47466666666667,8.99733333333333,690.809333333333,1
2025-09-11 04:00:00,0.299632666666667,3.55733333333333,1.60133333333333,1.50533333333333,8.974,688.817333333333,1
2025-09-11 04:15:00,0.306137333333333,3.312,1.61466666666667,1.60533333333333,9.038,691.034,1
2025-09-11 04:30:00,0.349003333333333,3.38933333333333,2.29866666666667,0.582666666666667,8.99066666666667,696.582,1
2025-09-11 04:45:00,0.322943333333333,3.37466666666667,1.986,0.598,8.90266666666667,693.524,1
2025-09-11 05:00:00,0.304182,3.41466666666667,2.128,0.915333333333333,9.01933333333333,691.998666666667,1
2025-09-11 05:15:00,0.309711333333333,3.274,2.46266666666667,1.042,8.99466666666667,696.342,1
2025-09-11 05:30:00,0.357722666666667,3.51,4.15266666666667,0.669333333333333,8.96066666666667,697.072666666667,1
2025-09-11 05:45:00,0.332826666666667,3.49333333333333,3.774,0.45,8.902,697.023333333333,1
2025-09-11 06:00:00,0.331253333333333,3.43533333333333,2.966,0.601333333333333,8.996,696.366,1
2025-09-11 06:15:00,0.336922666666667,3.416,3.064,0.542666666666667,9.03933333333333,698.476666666667,1
2025-09-11 06:30:00,0.325299333333333,3.42133333333333,3.35466666666667,0.542,8.95133333333333,699.016,1
2025-09-11 06:45:00,0.343817333333333,3.42466666666667,5.38733333333333,0.48,8.96133333333333,704.235333333333,1
2025-09-11 07:00:00,0.399433333333333,3.32266666666667,8.282,0.710666666666667,9.138,707.213333333333,1
2025-09-11 07:15:00,0.401818666666667,3.45333333333333,5.79133333333333,1.07533333333333,9.156,709.213333333333,1
2025-09-11 07:30:00,0.420981333333333,3.53466666666667,10.086,1.572,9.444,711.678666666667,1
2025-09-11 07:45:00,0.45974,3.98266666666667,18.2233333333333,1.872,10.4326666666667,721.328666666667,1
2025-09-11 08:00:00,0.570222666666667,3.844,20.2806666666667,2.068,11.8433333333333,726.462,2
2025-09-11 08:15:00,0.498076,4.00466666666667,21.5906666666667,2.148,11.9706666666667,723.072666666667,2
2025-09-11 08:30:00,0.490234666666667,4.582,29.3633333333333,2.56866666666667,15.018,716.256,2
2025-09-11 08:45:00,0.450302,4.82266666666667,25.0633333333333,2.87333333333333,14.9473333333333,703.158666666667,2
2025-09-11 09:00:00,0.376747333333333,4.69466666666667,9.56933333333333,3.31,14.088,692.438,2
2025-09-11 09:15:00,0.367608666666667,4.636,9.28266666666667,3.99466666666667,14.3926666666667,692.358,2
2025-09-11 09:30:00,0.367873333333333,4.468,7.832,4.49866666666667,14.3653333333333,691.966,2
2025-09-11 09:45:00,0.354737333333333,4.65066666666667,7.12866666666667,4.41866666666667,15.4753333333333,689.725333333333,2
2025-09-11 10:00:00,0.369595333333333,4.82266666666667,8.79733333333333,3.66333333333333,16.0013333333333,694.142,2
2025-09-11 10:15:00,0.369638,4.736,8.67066666666667,4.30866666666667,16.816,695.394666666667,2
2025-09-11 10:30:00,0.398672,4.83933333333333,14.134,5.498,18.7326666666667,701.255333333333,2
2025-09-11 10:45:00,0.432852,4.85,18.018,6.94133333333333,20.8313333333333,704.95,2
2025-09-11 11:00:00,0.44437,4.81933333333333,23.5226666666667,7.62066666666667,22.6233333333333,710.240666666667,2
2025-09-11 11:15:00,0.427936,4.67733333333333,24.41,6.61,24.05,710.754666666667,3
2025-09-11 11:30:00,0.413840666666667,4.61866666666667,21.142,7.294,23.2726666666667,711.148666666667,3
2025-09-11 11:45:00,0.399467333333333,4.60733333333333,18.6553333333333,6.94733333333333,21.0053333333333,710.899333333333,3
2025-09-11 12:00:00,0.38633,4.74333333333333,14.6326666666667,7.24066666666667,20.58,707.598666666667,3
2025-09-11 12:15:00,0.380992666666667,4.89066666666667,10.716,8.774,20.146,705.479333333333,3
2025-09-11 12:30:00,0.387844666666667,4.384,8.688,12.8713333333333,19.6486666666667,705.857333333333,3
2025-09-11 12:45:00,0.366386666666667,4.32333333333333,6.912,14.724,17.0773333333333,707.038,2
2025-09-11 13:00:00,0.339204,5.72,5.344,15.1146666666667,16.7506666666667,710.296,2
2025-09-11 13:15:00,0.33338,6.06733333333333,6.24266666666667,11.6946666666667,17.812,711.613333333333,2
2025-09-11 13:30:00,0.322620666666667,6.188,5.124,11.0853333333333,18.164,713.308,2
2025-09-11 13:45:00,0.320496,5.926,4.02666666666667,12.0246666666667,17.29,712.595333333333,2
2025-09-11 14:00:00,0.304646666666667,6.10266666666667,2.84133333333333,15.208,15.8993333333333,708.634,2
2025-09-11 14:15:00,0.280577333333333,5.978,2.85733333333333,14.2246666666667,13.812,705.745333333333,2
2025-09-11 14:30:00,0.259694666666667,5.10066666666667,2.18533333333333,12.9666666666667,12.178,699.296666666667,2
2025-09-11 14:45:00,0.269370666666667,4.712,1.624,13.6386666666667,12.2193333333333,695.072666666667,2
2025-09-11 15:00:00,0.275586666666667,4.65866666666667,1.64066666666667,14.458,11.7486666666667,688.497333333333,2
2025-09-11 15:15:00,0.283578666666667,4.98066666666667,1.67266666666667,14.434,11.326,687.3,2
2025-09-11 15:30:00,0.286332,5.31666666666667,1.74466666666667,15.4466666666667,11.3833333333333,682.474,2
2025-09-11 15:45:00,0.288562,5.54666666666667,1.75066666666667,15.626,11.2306666666667,681.904,2
2025-09-11 16:00:00,0.29314,5.602,1.752,15.986,11.2366666666667,684.208,2
2025-09-11 16:15:00,0.299043333333333,5.43266666666667,1.81533333333333,17.1433333333333,12.2053333333333,684.426666666667,2
2025-09-11 16:30:00,0.280548666666667,5.47533333333333,1.85666666666667,17.4653333333333,11.434,678.877333333333,2
2025-09-11 16:45:00,0.28468,5.72,1.87,16.27,11.81,672.75,2
2025-09-11 17:00:00,0.284494,6.47866666666667,1.67066666666667,15.9993333333333,11.108,668.326666666667,2
2025-09-11 17:15:00,0.294382666666667,7.21933333333333,1.39466666666667,15.2106666666667,10.9706666666667,665.145333333333,2
2025-09-11 17:30:00,0.312155333333333,7.206,1.29133333333333,16.7693333333333,10.7693333333333,665.040666666667,2
2025-09-11 17:45:00,0.327267333333333,7.13333333333333,1.272,17.5133333333333,10.828,667.58,2
2025-09-11 18:00:00,0.334189333333333,7.414,1.17933333333333,16.0286666666667,10.9273333333333,664.642,2
2025-09-11 18:15:00,0.316192666666667,7.78533333333333,1.00266666666667,15.212,10.4953333333333,661.588,2
2025-09-11 18:30:00,0.318904,8.29933333333333,0.812,14.6886666666667,10.91,664.334666666667,2
2025-09-11 18:45:00,0.33625,8.784,0.737333333333333,14.0873333333333,11.02,664.318666666667,2
2025-09-11 19:00:00,0.363245333333333,9.73066666666667,0.730666666666667,11.0113333333333,11.0993333333333,670.453333333333,2
2025-09-11 19:15:00,0.41688,11.122,0.856,7.03333333333333,11.092,670.8,2
2025-09-11 19:30:00,0.421180666666667,11.4273333333333,0.7,6.376,10.8086666666667,674.974666666667,2
2025-09-11 19:45:00,0.432283333333333,12.908,1.444,5.22066666666667,11.776,669.716,2
2025-09-11 20:00:00,0.413189333333333,13.868,1.64,4.71933333333333,11.7913333333333,668.454666666667,2
2025-09-11 20:15:00,0.405312,13.8173333333333,1.14466666666667,4.47066666666667,11.044,672.051333333333,2
2025-09-11 20:30:00,0.412904666666667,13.5706666666667,1.22666666666667,4.42133333333333,10.6946666666667,675.432,2
2025-09-11 20:45:00,0.423837333333333,13.6953333333333,1.016,4.97666666666667,9.91866666666667,675.199333333333,2
2025-09-11 21:00:00,0.393388666666667,11.8046666666667,0.83,6.89,9.456,669.321333333333,2
2025-09-11 21:15:00,0.39587,11.666,0.900666666666667,6.692,9.45733333333333,669.322,2
2025-09-11 21:30:00,0.400785333333333,12.3093333333333,0.967333333333333,6.02266666666667,9.298,670.574666666667,2
2025-09-11 21:45:00,0.392626,11.1393333333333,0.83,6.73333333333333,9.09466666666667,667.354666666667,2
2025-09-11 22:00:00,0.375185333333333,10.346,0.864666666666667,6.95133333333333,9.056,667.620666666667,2
2025-09-11 22:15:00,0.420591333333333,10.1913333333333,1.088,5.77933333333333,9.06533333333333,674.316,2
2025-09-11 22:30:00,0.367464666666667,9.05333333333333,0.995333333333333,4.768,8.928,674.227333333333,2
2025-09-11 22:45:00,0.40014,9.22066666666667,1.28733333333333,3.22266666666667,8.89266666666667,683.334,2
2025-09-11 23:00:00,0.373151333333333,8.436,1.13,3.51933333333333,9.35933333333333,677.369333333333,2
2025-09-11 23:15:00,0.373607333333333,8.53266666666667,1.28,7.21466666666667,10.1806666666667,670.654666666667,2
2025-09-11 23:30:00,0.36521375,7.825,1.22125,8.10375,9.685,669.27125,2
2025-09-12,0.322602,5.42,1.51733333333333,10.0013333333333,8.89133333333333,660.882,2
2025-09-12 00:15:00,0.319562666666667,5.526,1.524,7.854,8.92333333333333,663.950666666667,2
2025-09-12 00:30:00,0.313830666666667,5.656,1.39733333333333,6.57466666666667,9.27,667.194,1
2025-09-12 00:45:00,0.309558,5.70533333333333,1.316,6.19733333333333,9.254,665.443333333333,1
2025-09-12 01:00:00,0.305927333333333,5.82533333333333,1.276,6.42933333333333,9.244,664.303333333333,1
2025-09-12 01:15:00,0.307047333333333,6.15,1.29533333333333,5.88333333333333,9.086,666.318666666667,1
2025-09-12 01:30:00,0.312981333333333,6.15133333333333,1.31,5.47466666666667,8.84333333333333,668.712666666667,1
2025-09-12 01:45:00,0.307094666666667,5.894,1.188,4.99866666666667,9.102,668.599333333333,1
2025-09-12 02:00:00,0.296448666666667,5.148,1.25866666666667,7.38533333333333,8.89266666666667,662.134666666667,1
2025-09-12 02:15:00,0.296032666666667,4.848,1.33533333333333,7.178,8.95933333333333,666.166666666667,1
2025-09-12 02:30:00,0.290364,4.71266666666667,1.372,6.62,8.94933333333333,665.347333333333,1
2025-09-12 02:45:00,0.285874666666667,4.418,1.48333333333333,10.616,9.21,657.268666666667,1
2025-09-12 03:00:00,0.282186666666667,4.21666666666667,1.65866666666667,10.7173333333333,9.05266666666667,659.444666666667,1
2025-09-12 03:15:00,0.277547333333333,4.182,1.576,8.64666666666667,9.25466666666667,661.364666666667,1
2025-09-12 03:30:00,0.277507333333333,4.08333333333333,1.534,8.286,9.104,664.649333333333,1
2025-09-12 03:45:00,0.283632666666667,4.08066666666667,1.568,6.666,9.00933333333333,671.128666666667,1
2025-09-12 04:00:00,0.303075333333333,4.78133333333333,1.888,4.206,9.10266666666667,675.352,1
2025-09-12 04:15:00,0.324452666666667,5.83466666666667,2.406,2.65,9.78533333333333,673.233333333333,1
2025-09-12 04:30:00,0.303944666666667,4.69466666666667,1.966,2.57666666666667,9.22266666666667,680.620666666667,1
2025-09-12 04:45:00,0.31621,4.95133333333333,2.12266666666667,2.12266666666667,9.31133333333333,681.438666666667,1
2025-09-12 05:00:00,0.316682,5.39333333333333,2.052,2.258,9.474,678.652666666667,1
2025-09-12 05:15:00,0.304717333333333,5.16533333333333,2.052,5.04266666666667,9.494,668.984666666667,1
2025-09-12 05:30:00,0.310741333333333,4.88266666666667,1.93,6.912,9.46466666666667,663.26,1
2025-09-12 05:45:00,0.320976666666667,4.94933333333333,1.9,5.56133333333333,9.61,668.478666666667,1
2025-09-12 06:00:00,0.316419333333333,5.19533333333333,1.86866666666667,5.30533333333333,9.42666666666667,665.5,1
2025-09-12 06:15:00,0.323892,5.15666666666667,1.86733333333333,5.34666666666667,9.50533333333333,668.430666666667,1
2025-09-12 06:30:00,0.320704,5.87133333333333,2.34333333333333,5.144,9.728,668.221333333333,1
2025-09-12 06:45:00,0.314553333333333,7.33466666666667,4.57466666666667,2.13333333333333,9.69666666666667,665.531333333333,1
2025-09-12 07:00:00,0.319901333333333,7.422,6.07933333333333,2.052,8.99,667.499333333333,1
2025-09-12 07:15:00,0.348681333333333,7.61266666666667,7.938,1.89266666666667,9.496,669.915333333333,1
2025-09-12 07:30:00,0.351433333333333,8.32133333333333,13.0166666666667,2.28533333333333,11.2146666666667,669.104,1
2025-09-12 07:45:00,0.384262666666667,8.16066666666667,13.716,4.35666666666667,10.4873333333333,670.396666666667,2
2025-09-12 08:00:00,0.357996666666667,5.49533333333333,5.70133333333333,8.38866666666667,8.706,666.11,1
2025-09-12 08:15:00,0.362315333333333,5.282,6.64866666666667,5.52333333333333,8.50733333333333,666.118666666667,1
2025-09-12 08:30:00,0.308612,4.95133333333333,5.514,7.27866666666667,8.312,664.23,1
2025-09-12 08:45:00,0.298196666666667,5.14066666666667,5.26733333333333,5.93933333333333,7.326,664.288,1
2025-09-12 09:00:00,0.314770666666667,5.362,5.03333333333333,6.18533333333333,8.01066666666667,662.039333333333,1
2025-09-12 09:15:00,0.294056,5.6,4.536,7.28266666666667,7.39333333333333,661.573333333333,1
2025-09-12 09:30:00,0.296377333333333,5.798,5.25066666666667,7.142,7.354,663.910666666667,1
2025-09-12 09:45:00,0.307492666666667,6.048,5.84066666666667,8.01866666666667,7.73466666666667,664.007333333333,1
2025-09-12 10:00:00,0.298265333333333,5.61533333333333,5.47733333333333,7.59733333333333,8.06466666666667,665.040666666667,1
2025-09-12 10:15:00,0.296008666666667,5.33933333333333,4.17333333333333,7.52466666666667,8.222,667.402666666667,1
2025-09-12 10:30:00,0.292516,5.372,4.46933333333333,7.52133333333333,8.99266666666667,670.670666666667,1
2025-09-12 10:45:00,0.292221333333333,5.15533333333333,3.76266666666667,9.144,8.93133333333333,670.197333333333,1
2025-09-12 11:00:00,0.287939333333333,5.05733333333333,3.88,9.81733333333333,9.02333333333333,669.706666666667,1
2025-09-12 11:15:00,0.296642,5.036,5.12866666666667,9.40733333333333,9.77933333333333,671.930666666667,1
2025-09-12 11:30:00,0.296218,4.91866666666667,5.70933333333333,9.50133333333333,10.0613333333333,677.047333333333,1
2025-09-12 11:45:00,0.285377333333333,4.88533333333333,5.688,8.76866666666667,9.91666666666667,678.419333333333,1
2025-09-12 12:00:00,0.283070666666667,4.94066666666667,5.57333333333333,9.16866666666667,10.5086666666667,678.588,2
2025-09-12 12:15:00,0.297969333333333,4.91533333333333,3.83466666666667,11.4106666666667,10.6613333333333,676.606,2
2025-09-12 12:30:00,0.303782,4.242,2.96066666666667,15.5453333333333,10.342,676.716666666667,2
2025-09-12 12:45:00,0.289041333333333,4.90333333333333,2.91133333333333,16.498,10.7993333333333,681.013333333333,2
2025-09-12 13:00:00,0.270552,6.32,3.568,14.694,12.336,687.405333333333,2
2025-09-12 13:15:00,0.25281,6.57133333333333,3.63466666666667,12.64,12.7473333333333,690.176,2
2025-09-12 13:30:00,0.249496666666667,6.7,3.214,13.5846666666667,12.4793333333333,687.951333333333,2
2025-09-12 13:45:00,0.25532,6.766,2.93466666666667,14.4733333333333,12.276,686.874666666667,2
2025-09-12 14:00:00,0.246654666666667,6.70066666666667,2.53333333333333,16.2366666666667,11.812,687.179333333333,2
2025-09-12 14:15:00,0.244979333333333,6.69733333333333,2.05133333333333,17.1146666666667,11.3966666666667,685.308666666667,2
2025-09-12 14:30:00,0.244619333333333,6.60866666666667,1.76933333333333,17.6126666666667,11.3153333333333,683.476666666667,2
2025-09-12 14:45:00,0.244885333333333,5.486,1.90533333333333,15.4326666666667,10.976,676.428,2
2025-09-12 15:00:00,0.270329333333333,4.90733333333333,2.052,15.9526666666667,10.4213333333333,669.473333333333,2
2025-09-12 15:15:00,0.290082,5.43133333333333,2.12533333333333,17.7126666666667,10.4193333333333,664.906666666667,2
2025-09-12 15:30:00,0.297958666666667,6.29933333333333,2.12533333333333,17.7726666666667,10.03,661.582666666667,2
2025-09-12 15:45:00,0.3005,6.31333333333333,2.142,20.1846666666667,10.1086666666667,662.545333333333,2
2025-09-12 16:00:00,0.298788666666667,6.06866666666667,2.08533333333333,20.572,10.044,666.286,2
2025-09-12 16:15:00,0.303728,6.138,2.06133333333333,19.1693333333333,10.1326666666667,672.992,2
2025-09-12 16:30:00,0.293002,6.29266666666667,2.064,19.6133333333333,10.0213333333333,669.891333333333,2
2025-09-12 16:45:00,0.29606,6.45,2.01,20.86,10.47,667.21,2
2025-09-12 17:00:00,0.298324,7.01666666666667,1.65466666666667,20.52,10.2046666666667,662.794666666667,2
2025-09-12 17:15:00,0.289257333333333,8.22333333333333,1.19266666666667,18.3113333333333,11.4093333333333,655.149333333333,2
2025-09-12 17:30:00,0.308058,8.59733333333333,0.928,19.3853333333333,11.6893333333333,652.724666666667,2
2025-09-12 17:45:00,0.328211333333333,8.56266666666667,0.895333333333333,20.1526666666667,11.712,656.362,2
2025-09-12 18:00:00,0.320036666666667,7.41466666666667,1.10133333333333,21.2293333333333,11.4113333333333,658.634666666667,2
2025-09-12 18:15:00,0.320954666666667,7.31666666666667,1.104,19.0953333333333,12.0086666666667,660.480666666667,2
2025-09-12 18:30:00,0.350152666666667,7.31666666666667,1.04533333333333,17.8826666666667,11.8086666666667,661.990666666667,2
2025-09-12 18:45:00,0.349766,7.47,1.02866666666667,17.0053333333333,12.058,666.912,2
2025-09-12 19:00:00,0.35396,7.77866666666667,0.834,15.1573333333333,11.4186666666667,664.214666666667,2
2025-09-12 19:15:00,0.370806666666667,8.354,0.656,13.3493333333333,12.5513333333333,663.974,2
2025-09-12 19:30:00,0.391188666666667,8.88933333333333,0.846666666666667,11.5506666666667,12.2613333333333,663.444666666667,2
2025-09-12 19:45:00,0.35606,11.1133333333333,0.723333333333333,9.83133333333333,13.03,649.89,2
2025-09-12 20:00:00,0.333973333333333,12.2846666666667,0.632666666666667,10.504,12.4573333333333,642.936,2
2025-09-12 20:15:00,0.369256666666667,14.2993333333333,0.500666666666667,8.592,12.936,647.497333333333,2
2025-09-12 20:30:00,0.401589333333333,13.8386666666667,0.556,7.362,14.0033333333333,656.473333333333,2
2025-09-12 20:45:00,0.416555333333333,12.4086666666667,0.624666666666667,6.546,12.6266666666667,662.312,2
2025-09-12 21:00:00,0.424592666666667,11.8766666666667,0.648,7.84266666666667,14.22,659.854,2
2025-09-12 21:15:00,0.444950666666667,12.2786666666667,0.820666666666667,4.884,12.7413333333333,666.671333333333,2
2025-09-12 21:30:00,0.396856,10.8766666666667,0.834666666666667,4.47933333333333,10.332,664.44,2
2025-09-12 21:45:00,0.417054666666667,11.288,1.12,3.39066666666667,10.5193333333333,668.928,2
2025-09-12 22:00:00,0.415572666666667,11.0946666666667,1.18133333333333,3.97333333333333,10.3926666666667,669.402,2
2025-09-12 22:15:00,0.481023333333333,10.836,1.97933333333333,2.67333333333333,13.3466666666667,682.048666666667,2
2025-09-12 22:30:00,0.430349333333333,9.73333333333333,1.63333333333333,2.26733333333333,10.496,681.006,2
2025-09-12 22:45:00,0.433591333333333,9.37466666666667,1.77933333333333,1.96533333333333,9.81,679.857333333333,2
2025-09-12 23:00:00,0.400128666666667,8.77733333333333,1.46466666666667,2.16933333333333,9.31066666666667,675.159333333333,2
2025-09-12 23:15:00,0.417296,8.51266666666667,1.618,2.08466666666667,10.144,677.319333333333,2
2025-09-12 23:30:00,0.39395,7.90933333333333,1.49,1.84133333333333,9.32733333333333,677.24,2
2025-09-12 23:45:00,0.36787,7.25,1.33,1.93,8.63,673.71,2
2025-09-13,0.414954666666667,7.40333333333333,1.50066666666667,1.014,9.35266666666667,679.841333333333,1
2025-09-13 00:15:00,0.372063333333333,6.87933333333333,1.288,2.00466666666667,8.85,674.700666666667,1
2025-09-13 00:30:00,0.365382666666667,6.63733333333333,1.29333333333333,2.17866666666667,8.76866666666667,675.536666666667,1
2025-09-13 00:45:00,0.350026,6.18266666666667,1.30666666666667,3.648,9.14733333333333,672.203333333333,1
2025-09-13 01:00:00,0.32539,5.3,1.34333333333333,5.378,9.11133333333333,668.920666666667,1
2025-09-13 01:15:00,0.323071333333333,4.82933333333333,1.42533333333333,4.232,9.04333333333333,672.124666666667,1
2025-09-13 01:30:00,0.325394,4.576,1.52266666666667,3.366,9.28266666666667,674.822,1
2025-09-13 01:45:00,0.327701333333333,4.368,1.57466666666667,2.07866666666667,9.04533333333333,677.632,1
2025-09-13 02:00:00,0.312530666666667,4.32466666666667,1.49133333333333,1.37133333333333,8.52733333333333,680.216666666667,1
2025-09-13 02:15:00,0.299307333333333,4.22933333333333,1.41933333333333,3.00066666666667,9.04066666666667,672.469333333333,1
2025-09-13 02:30:00,0.287829333333333,4.07266666666667,1.40066666666667,3.81866666666667,9.09933333333333,671.225333333333,1
2025-09-13 02:45:00,0.293278666666667,3.91333333333333,1.49533333333333,3.834,9.114,675.063333333333,1
2025-09-13 03:00:00,0.323934,4.37133333333333,3.02733333333333,2.682,10.0253333333333,684.096666666667,1
2025-09-13 03:15:00,0.334435333333333,4.19266666666667,2.95,1.55466666666667,9.936,685.99,1
2025-09-13 03:30:00,0.332526,4.50066666666667,7.53533333333333,1.11066666666667,10.2533333333333,685.414,1
2025-09-13 03:45:00,0.339715333333333,4.576,10.5986666666667,0.380666666666667,10.0486666666667,687.679333333333,2
2025-09-13 04:00:00,0.297905333333333,3.874,1.886,1.14866666666667,8.802,681.166666666667,1
2025-09-13 04:15:00,0.279362666666667,3.712,1.528,2.65933333333333,8.75266666666667,674.661333333333,1
2025-09-13 04:30:00,0.279612,3.68266666666667,1.52733333333333,3.002,8.76,676.025333333333,1
2025-09-13 04:45:00,0.278750666666667,3.66733333333333,1.436,3.776,8.75733333333333,675.376,1
2025-09-13 05:00:00,0.293180666666667,3.74533333333333,1.75,3.658,8.766,679.149333333333,1
2025-09-13 05:15:00,0.274374666666667,3.56533333333333,1.598,4.256,8.772,676.083333333333,1
2025-09-13 05:30:00,0.264996,3.54866666666667,1.57533333333333,4.29466666666667,8.662,674.854666666667,1
2025-09-13 05:45:00,0.264245333333333,3.53533333333333,1.56733333333333,4.44866666666667,8.87266666666667,674.445333333333,1
2025-09-13 06:00:00,0.304024,3.964,6.96066666666667,2.82,11.232,676.909333333333,1
2025-09-13 06:15:00,0.323556666666667,4.63466666666667,14.9913333333333,1.29,11.7986666666667,677.81,2
2025-09-13 06:30:00,0.292113333333333,3.81,2.31466666666667,4.06466666666667,9.48866666666667,670.044,2
2025-09-13 06:45:00,0.291419333333333,3.76666666666667,1.974,4.99533333333333,9.29933333333333,668.776666666667,2
2025-09-13 07:00:00,0.286368666666667,3.68866666666667,1.81866666666667,5.918,8.69733333333333,669.178,1
2025-09-13 07:15:00,0.297644,3.73533333333333,1.85533333333333,5.728,8.54933333333333,669.267333333333,1
2025-09-13 07:30:00,0.302893333333333,3.724,1.90266666666667,5.00866666666667,8.66133333333333,674.774666666667,1
2025-09-13 07:45:00,0.307788,3.71,2.19733333333333,6.63733333333333,8.72666666666667,677.119333333333,1
2025-09-13 08:00:00,0.309252666666667,3.84333333333333,2.56933333333333,6.95933333333333,8.70533333333333,679.054666666667,1
2025-09-13 08:15:00,0.306118,3.932,2.92266666666667,7.33933333333333,8.26866666666667,684.232,1
2025-09-13 08:30:00,0.296377333333333,4.066,3.04933333333333,8.406,6.344,674.894,1
2025-09-13 08:45:00,0.269954,4.15266666666667,2.82466666666667,10.828,5.11933333333333,667.636,1
2025-09-13 09:00:00,0.254556,4.27133333333333,2.66466666666667,10.6473333333333,4.52133333333333,666.046,1
2025-09-13 09:15:00,0.258936,4.398,2.61533333333333,11.5613333333333,4.482,668.022,1
2025-09-13 09:30:00,0.288025333333333,4.51066666666667,2.614,12.586,4.436,668.678,1
2025-09-13 09:45:00,0.274631333333333,4.52333333333333,2.548,13.1533333333333,4.50133333333333,667.234666666667,1
2025-09-13 10:00:00,0.270835333333333,4.65333333333333,2.54266666666667,13.4653333333333,4.446,667.162,1
2025-09-13 10:15:00,0.2768,4.72933333333333,2.46666666666667,13.2946666666667,4.69733333333333,671.579333333333,1
2025-09-13 10:30:00,0.289676666666667,4.85933333333333,2.46733333333333,12.4066666666667,4.908,673.658,1
2025-09-13 10:45:00,0.313554666666667,4.88866666666667,2.43266666666667,12.4686666666667,5.39933333333333,673.482,1
2025-09-13 11:00:00,0.36066,4.96266666666667,2.374,12.5613333333333,5.79266666666667,669.225333333333,1
2025-09-13 11:15:00,0.39826,5.19866666666667,2.514,11.3086666666667,6.33533333333333,670.670666666667,1
2025-09-13 11:30:00,0.408074,5.418,3.03933333333333,8.91,6.644,670.967333333333,1
2025-09-13 11:45:00,0.398613333333333,5.61533333333333,2.802,7.69266666666667,6.92733333333333,672.509333333333,1
2025-09-13 12:00:00,0.457417333333333,5.902,3.716,7.00866666666667,7.13266666666667,673.088,1
2025-09-13 12:15:00,0.449736666666667,5.794,3.94133333333333,8.28866666666667,7.66133333333333,671.546,1
2025-09-13 12:30:00,0.326129333333333,4.93666666666667,2.09533333333333,15.642,7.76466666666667,665.226666666667,1
2025-09-13 12:45:00,0.283702666666667,4.53133333333333,1.83533333333333,19.5566666666667,8.068,659.356666666667,1
2025-09-13 13:00:00,0.273464,4.25866666666667,1.734,20.1486666666667,7.97,660.318666666667,1
2025-09-13 13:15:00,0.276928666666667,4.112,1.79066666666667,19.8233333333333,8.14666666666667,664.456666666667,1
2025-09-13 13:30:00,0.271902666666667,4.02866666666667,1.76533333333333,21.2906666666667,8.728,666.302666666667,1
2025-09-13 13:45:00,0.277329333333333,4.24066666666667,1.73333333333333,20.364,8.16066666666667,671.690666666667,2
2025-09-13 14:00:00,0.287238666666667,5.264,1.84533333333333,21.626,8.44333333333333,675.682666666667,2
2025-09-13 14:15:00,0.260964,6.38533333333333,1.99533333333333,22.222,8.16266666666667,677.11,2
2025-09-13 14:30:00,0.25319,6.494,1.91733333333333,20.5973333333333,8.25666666666667,680.571333333333,2
2025-09-13 14:45:00,0.261614666666667,6.62333333333333,1.86,22.0246666666667,8.59733333333333,679.543333333333,2
2025-09-13 15:00:00,0.251713333333333,6.57066666666667,1.898,23.916,9.11333333333333,677.166666666667,2
2025-09-13 15:15:00,0.234457333333333,6.08866666666667,1.95866666666667,27.248,9.676,672.324666666667,2
2025-09-13 15:30:00,0.234636666666667,5.96466666666667,1.966,28.4786666666667,11.608,672.22,2
2025-09-13 15:45:00,0.240599333333333,6.08666666666667,1.99666666666667,28.4646666666667,10.32,671.796,2
2025-09-13 16:00:00,0.251061333333333,6.002,2.04666666666667,29.7193333333333,10.694,673.03,2
2025-09-13 16:15:00,0.252082,6.03866666666667,2.10466666666667,29.1013333333333,10.778,674.525333333333,2
2025-09-13 16:30:00,0.252712666666667,6.10333333333333,2.162,29.7053333333333,10.402,671.674,2
2025-09-13 16:45:00,0.26291,6.03,2.26,30.55,11.45,671.31,2
2025-09-13 17:00:00,0.278802,5.76866666666667,2.32666666666667,31.3326666666667,11.7273333333333,666.046,2
2025-09-13 17:15:00,0.292099333333333,5.70733333333333,2.41666666666667,32.8473333333333,12.0973333333333,661.485333333333,2
2025-09-13 17:30:00,0.311508,5.82733333333333,2.45666666666667,32.524,12.1306666666667,659.982666666667,3
2025-09-13 17:45:00,0.310936666666667,6.08666666666667,2.524,33.1173333333333,12.6373333333333,652.202666666667,3
2025-09-13 18:00:00,0.339908,7.50266666666667,2.54533333333333,31.0273333333333,13.284,647.642,3
2025-09-13 18:15:00,0.350961333333333,7.83666666666667,2.598,35.1686666666667,13.5646666666667,645.497333333333,3
2025-09-13 18:30:00,0.358662666666667,9.23733333333333,2.584,34.5526666666667,16.1046666666667,646.862,3
2025-09-13 18:45:00,0.369296,10.0106666666667,2.412,29.5273333333333,13.8693333333333,647.69,3
2025-09-13 19:00:00,0.383534666666667,9.93133333333333,2.062,25.272,13.3493333333333,645.930666666667,3
2025-09-13 19:15:00,0.376284666666667,9.98933333333333,1.616,22.974,13.1786666666667,633.597333333333,3
2025-09-13 19:30:00,0.344219333333333,10.0506666666667,1.20066666666667,22.4873333333333,12.0006666666667,628.289333333333,3
2025-09-13 19:45:00,0.364359333333333,10.7606666666667,0.872,20.7293333333333,12.1926666666667,628.964666666667,3
2025-09-13 20:00:00,0.368036666666667,10.5846666666667,0.725333333333333,21.65,12.168,628.434666666667,3
2025-09-13 20:15:00,0.342854,10.3166666666667,0.486666666666667,21.1973333333333,11.9846666666667,626.179333333333,3
2025-09-13 20:30:00,0.334615333333333,9.78266666666667,0.407333333333333,21.8553333333333,11.4546666666667,624.989333333333,3
2025-09-13 20:45:00,0.342351333333333,10.1493333333333,0.518,19.5566666666667,11.4913333333333,628.435333333333,3
2025-09-13 21:00:00,0.347295333333333,9.84133333333333,0.598,17.216,11.4126666666667,632.273333333333,3
2025-09-13 21:15:00,0.343966,9.78066666666667,0.602666666666667,17.0506666666667,11.13,630.723333333333,3
2025-09-13 21:30:00,0.327127333333333,9.41333333333333,0.642666666666667,17.5466666666667,11.2953333333333,628.843333333333,3
2025-09-13 21:45:00,0.317958,8.556,0.709333333333333,17.6546666666667,11.0686666666667,630.225333333333,2
2025-09-13 22:00:00,0.314368,7.80733333333333,0.866666666666667,17.5853333333333,11.2986666666667,631.902666666667,2
2025-09-13 22:15:00,0.306386,7.32466666666667,0.942,17.2893333333333,11.022,631.532666666667,2
2025-09-13 22:30:00,0.303375333333333,6.966,1.07733333333333,17.4513333333333,11.2966666666667,632.899333333333,2
2025-09-13 22:45:00,0.298462666666667,6.73733333333333,1.19933333333333,17.7266666666667,11.4866666666667,632.352,2
2025-09-13 23:00:00,0.297529333333333,6.41533333333333,1.23,17.6753333333333,11.3126666666667,631.614,2
2025-09-13 23:15:00,0.292586666666667,6.118,1.39,17.972,11.4966666666667,635.108,2
2025-09-13 23:30:00,0.289315,5.90125,1.425,18.14375,11.7475,636.435,2
2025-09-14,0.285380666666667,5.75866666666667,1.53266666666667,17.398,11.112,634.514,2
2025-09-14 00:15:00,0.284578666666667,5.78066666666667,1.53266666666667,16.9046666666667,10.8293333333333,635.292,2
2025-09-14 00:30:00,0.282596666666667,5.64533333333333,1.60066666666667,17.1133333333333,10.9666666666667,635.766,2
2025-09-14 00:45:00,0.283158,5.54133333333333,1.69533333333333,17.7486666666667,11.1853333333333,634.690666666667,2
2025-09-14 01:00:00,0.282151333333333,5.55533333333333,1.72733333333333,17.9893333333333,11.2493333333333,635.621333333333,2
2025-09-14 01:15:00,0.279298,5.41266666666667,1.77133333333333,17.368,10.9446666666667,638.528666666667,2
2025-09-14 01:30:00,0.278556,5.368,1.838,16.962,10.9166666666667,637.058666666667,2
2025-09-14 01:45:00,0.276065333333333,5.33,1.77266666666667,16.652,10.878,637.266666666667,2
2025-09-14 02:00:00,0.276686666666667,5.43466666666667,1.71066666666667,16.1693333333333,11.0853333333333,639.242,2
2025-09-14 02:15:00,0.277688,5.402,1.74066666666667,16.1773333333333,10.9346666666667,639.131333333333,2
2025-09-14 02:30:00,0.277873333333333,5.564,1.67666666666667,14.7653333333333,10.6773333333333,640.574,2
2025-09-14 02:45:00,0.27771,5.482,1.654,15.372,10.918,637.934,2
2025-09-14 03:00:00,0.279582,5.42733333333333,1.65666666666667,16.5053333333333,11.2093333333333,637.242666666667,2
2025-09-14 03:15:00,0.316756666666667,7.23,1.87133333333333,12.3453333333333,11.6986666666667,640.591333333333,2
2025-09-14 03:30:00,0.315654666666667,7.006,1.65333333333333,9.73266666666667,11.44,646.756666666667,2
2025-09-14 03:45:00,0.306453333333333,6.674,1.67066666666667,9.65133333333333,11.3793333333333,647.232,2
2025-09-14 04:00:00,0.354558,6.462,1.86266666666667,13.2446666666667,10.8253333333333,639.451333333333,2
2025-09-14 04:15:00,0.34027,6.07666666666667,1.85466666666667,14.7826666666667,10.7973333333333,641.347333333333,2
2025-09-14 04:30:00,0.305974666666667,5.524,1.866,15.0086666666667,10.5946666666667,645.474666666667,2
2025-09-14 04:45:00,0.294646666666667,5.19733333333333,1.96333333333333,16.0193333333333,10.714,643.464666666667,2
2025-09-14 05:00:00,0.283114,5.20133333333333,1.91733333333333,15.3513333333333,11.2113333333333,645.024666666667,2
2025-09-14 05:15:00,0.282947333333333,5.26333333333333,1.89066666666667,14.52,10.9393333333333,648.290666666667,2
2025-09-14 05:30:00,0.286337333333333,5.306,1.87333333333333,13.2206666666667,10.9993333333333,653.398,2
2025-09-14 05:45:00,0.290147333333333,5.408,1.838,12.51,10.3026666666667,656.161333333333,2
2025-09-14 06:00:00,0.290308666666667,5.61133333333333,1.72466666666667,9.28733333333333,10.228,664.664666666667,2
2025-09-14 06:15:00,0.306638666666667,6.68,1.9,7.25,10.46,661.557333333333,2
2025-09-14 06:30:00,0.347152,8.354,2.266,4.25333333333333,10.74,662.696666666667,2
2025-09-14 06:45:00,0.343351333333333,8.12333333333333,1.95333333333333,5.87466666666667,10.0286666666667,657.206,2
2025-09-14 07:00:00,0.303654666666667,6.63,1.766,11.856,8.39866666666667,649.144,2
2025-09-14 07:15:00,0.3107,6.45066666666667,1.72333333333333,12.9526666666667,7.71266666666667,648.195333333333,2
2025-09-14 07:30:00,0.312695333333333,6.80466666666667,1.68933333333333,11.604,7.948,649.728666666667,2
2025-09-14 07:45:00,0.304603333333333,6.27266666666667,1.65133333333333,13.394,7.412,648.355333333333,2
2025-09-14 08:00:00,0.292975333333333,6.19666666666667,1.562,14.266,7.318,644.815333333333,2
2025-09-14 08:15:00,0.30789,6.34666666666667,1.55133333333333,13.9926666666667,7.226,647.312,2
2025-09-14 08:30:00,0.320784,8.45866666666667,1.00066666666667,12.5413333333333,7.286,648.661333333333,2
2025-09-14 08:45:00,0.318970666666667,10.03,0.672666666666667,10.422,7.30666666666667,649.264,2
2025-09-14 09:00:00,0.326974,11.9766666666667,0.666,9.46933333333333,7.46866666666667,650.26,2
2025-09-14 09:15:00,0.328577333333333,12.3106666666667,0.673333333333333,9.69066666666667,7.32666666666667,653.759333333333,2
2025-09-14 09:30:00,0.327120666666667,12.128,0.674,10.012,7.066,657.712,2
2025-09-14 09:45:00,0.339457333333333,11.9546666666667,0.74,9.858,7.648,665.998,2
2025-09-14 10:00:00,0.32398,9.26933333333333,0.737333333333333,12.0773333333333,7.956,661.924666666667,2
2025-09-14 10:15:00,0.317689333333333,8.94666666666667,0.742666666666667,11.302,8.116,668.326666666667,2
2025-09-14 10:30:00,0.313763333333333,8.19733333333333,0.772666666666667,11.11,7.80866666666667,670.236,2
2025-09-14 10:45:00,0.305302,6.96733333333333,0.882,11.978,7.61733333333333,660.166,2
2025-09-14 11:00:00,0.314057333333333,8.50333333333333,0.807333333333333,9.99133333333333,7.654,666.583333333333,2
2025-09-14 11:15:00,0.315827333333333,7.10533333333333,0.958,10.6166666666667,7.318,669.956,2
2025-09-14 11:30:00,0.299716666666667,5.58866666666667,1.10933333333333,12.2153333333333,6.836,665.009333333333,2
2025-09-14 11:45:00,0.281372,4.566,1.316,13.2846666666667,6.234,658.457333333333,2
2025-09-14 12:00:00,0.300992,5.644,1.17733333333333,11.51,6.414,667.932,2
2025-09-14 12:15:00,0.300984666666667,4.88733333333333,1.36266666666667,12.194,6.34266666666667,669.852,2
2025-09-14 12:30:00,0.295122666666667,4.14266666666667,1.69533333333333,13.06,6.21,672.718,2
2025-09-14 12:45:00,0.35373,6.52666666666667,23.7606666666667,4.31666666666667,9.26066666666667,678.733333333333,1
2025-09-14 13:00:00,0.33665,7.08533333333333,35.174,2.178,9.77666666666667,681.269333333333,1
2025-09-14 13:15:00,0.324416,7.11733333333333,24.298,2.044,9.98733333333333,678.049333333333,1
2025-09-14 13:30:00,0.323247333333333,7.962,22.3513333333333,1.68666666666667,10.4286666666667,678.34,1
2025-09-14 13:45:00,0.332187333333333,8.02933333333333,22.566,2.55933333333333,10.42,682.604,2
2025-09-14 14:00:00,0.35217,7.72466666666667,22.3866666666667,3.19,10.6286666666667,680.074,2
2025-09-14 14:15:00,0.300896666666667,5.74133333333333,2.49866666666667,11.6106666666667,6.42466666666667,668.744666666667,1
2025-09-14 14:30:00,0.288006666666667,5.75333333333333,1.966,14.4086666666667,4.482,667.169333333333,1
2025-09-14 14:45:00,0.283825333333333,4.94733333333333,1.71933333333333,16.5726666666667,4.32733333333333,665.716666666667,1
2025-09-14 15:00:00,0.284042666666667,4.56333333333333,1.664,16.344,4.31466666666667,666.969333333333,1
2025-09-14 15:15:00,0.280522,4.29066666666667,1.78266666666667,16.5253333333333,4.13266666666667,666.167333333333,1
2025-09-14 15:30:00,0.273291333333333,4.56133333333333,1.70666666666667,16.8633333333333,3.34666666666667,665.708666666667,1
2025-09-14 15:45:00,0.274632666666667,4.69666666666667,1.958,18.5466666666667,2.82266666666667,664.375333333333,1
2025-09-14 16:00:00,0.265228,4.18266666666667,2.15066666666667,20.94,2.95733333333333,662.456666666667,1
2025-09-14 16:15:00,0.25474,4.40466666666667,2.198,20.468,3.41266666666667,662.456666666667,1
2025-09-14 16:30:00,0.259825333333333,4.542,2.67,22.304,3.77333333333333,661.268666666667,1
2025-09-14 16:45:00,0.25845,5.96,5.45,15.8,5.25,661.79,1
2025-09-14 17:00:00,0.249758666666667,4.63733333333333,3.01133333333333,21.4033333333333,4.258,667.636,2
2025-09-14 17:15:00,0.242292,4.47066666666667,2.48933333333333,21.492,4.35133333333333,670.236666666667,2
2025-09-14 17:30:00,0.232904,4.58866666666667,2.886,18.3446666666667,4.67733333333333,672.397333333333,2
2025-09-14 17:45:00,0.232326,4.88266666666667,2.50133333333333,16.108,4.29666666666667,668.478,2
2025-09-14 18:00:00,0.235528666666667,4.79933333333333,2.30266666666667,18.1406666666667,4.02733333333333,660.690666666667,2
2025-09-14 18:15:00,0.238851333333333,5.372,1.90933333333333,18.4553333333333,3.91266666666667,654.3,2
2025-09-14 18:30:00,0.249756,6.618,1.83,16.6773333333333,3.78933333333333,651.800666666667,2
2025-09-14 18:45:00,0.256398666666667,8.56533333333333,1.75333333333333,13.6213333333333,3.866,650.315333333333,2
2025-09-14 19:00:00,0.255798,9.35066666666667,1.66466666666667,12.3953333333333,4.058,646.912,2
2025-09-14 19:15:00,0.253024,10.5713333333333,1.47266666666667,11.0686666666667,4.07133333333333,645.786,2
2025-09-14 19:30:00,0.259768,9.39933333333333,1.32066666666667,13.2406666666667,4.33533333333333,645.514666666667,2
2025-09-14 19:45:00,0.263377333333333,7.40533333333333,1.312,16.426,4.114,645.354,2
2025-09-14 20:00:00,0.258062666666667,6.656,1.32,17.9786666666667,4.08733333333333,645.490666666667,2
2025-09-14 20:15:00,0.262622666666667,6.66333333333333,1.26533333333333,18.6353333333333,4.46733333333333,645.386,2
2025-09-14 20:30:00,0.286494666666667,6.362,1.20466666666667,18.302,4.78933333333333,649.248,2
2025-09-14 20:45:00,0.27993,5.96733333333333,1.27,17.2193333333333,4.67866666666667,645.096,2
2025-09-14 21:00:00,0.266789333333333,6.392,1.23333333333333,16.8793333333333,4.63266666666667,642.131333333333,2
2025-09-14 21:15:00,0.281224,7.44,1.118,13.404,4.75866666666667,648.597333333333,2
2025-09-14 21:30:00,0.300448,7.34466666666667,1.138,10.8226666666667,5.24,652.916,2
2025-09-14 21:45:00,0.324283333333333,8.144,1.03933333333333,7.37466666666667,4.91,659.758666666667,2
2025-09-14 22:00:00,0.314445333333333,6.246,1.49066666666667,12.6226666666667,4.37133333333333,656.2,2
2025-09-14 22:15:00,0.303595333333333,8.288,1.48333333333333,9.40533333333333,4.42,659.237333333333,2
2025-09-14 22:30:00,0.296702,6.62066666666667,1.53533333333333,10.3786666666667,4.226,660.520666666667,2
2025-09-14 22:45:00,0.291282,6.45866666666667,1.626,14.774,4.26333333333333,655.614666666667,2
2025-09-14 23:00:00,0.278648666666667,7.27866666666667,1.612,15.3466666666667,4.82133333333333,652.379333333333,2
2025-09-14 23:15:00,0.266899333333333,8.74133333333333,1.90333333333333,10.0953333333333,6.468,651.954,1
2025-09-14 23:30:00,0.2651775,10.6016666666667,1.91166666666667,7.02083333333333,5.9325,650.4075,1
2025-09-15,0.258508666666667,6.66733333333333,2.18066666666667,10.924,5.142,643.652666666667,1
2025-09-15 00:15:00,0.258782666666667,5.876,2.198,12.5526666666667,6.82266666666667,642.27,1
2025-09-15 00:30:00,0.260038666666667,4.86,2.14866666666667,14.9413333333333,5.934,641.636,1
2025-09-15 00:45:00,0.261058,4.96733333333333,1.98133333333333,15.09,5.926,640.447333333333,1
2025-09-15 01:00:00,0.253126,4.73866666666667,2.00266666666667,15.156,6.73533333333333,638.672,1
2025-09-15 01:15:00,0.245416,4.612,2.018,15.7806666666667,6.13133333333333,635.057333333333,1
2025-09-15 01:30:00,0.242858666666667,4.63733333333333,2.00066666666667,16.008,6.076,633.990666666667,1
2025-09-15 01:45:00,0.241175333333333,4.708,1.91533333333333,16.3233333333333,6.018,631.534666666667,1
2025-09-15 02:00:00,0.241305333333333,4.69266666666667,1.90933333333333,16.72,5.84533333333333,629.158,1
2025-09-15 02:15:00,0.240973333333333,4.67533333333333,1.936,17.0513333333333,5.778,630.722,1
2025-09-15 02:30:00,0.241593333333333,4.85266666666667,1.804,15.672,5.648,634.360666666667,1
2025-09-15 02:45:00,0.24292,4.614,1.99666666666667,16.5773333333333,5.466,632.433333333333,1
2025-09-15 03:00:00,0.24165,4.71333333333333,1.99333333333333,17.4306666666667,5.49733333333333,631.390666666667,2
2025-09-15 03:15:00,0.236629333333333,4.728,1.98333333333333,18.32,5.66066666666667,630.715333333333,2
2025-09-15 03:30:00,0.236942,4.84133333333333,1.938,18.1046666666667,5.50266666666667,630.402666666667,2
2025-09-15 03:45:00,0.236814,4.84333333333333,1.98333333333333,18.9226666666667,5.662,630.001333333333,2
2025-09-15 04:00:00,0.238100666666667,4.954,1.908,18.084,5.74866666666667,631.373333333333,2
2025-09-15 04:15:00,0.23636,4.948,1.93066666666667,18.59,5.83266666666667,629.197333333333,2
2025-09-15 04:30:00,0.238124,5.1,1.81333333333333,17.924,5.784,628.290666666667,2
2025-09-15 04:45:00,0.23781,4.99933333333333,1.82466666666667,18.5506666666667,5.89466666666667,629.294,2
2025-09-15 05:00:00,0.237102,5.11066666666667,1.87666666666667,18.418,5.62333333333333,627.398666666667,2
2025-09-15 05:15:00,0.24052,5.218,1.916,19.0353333333333,5.65,627.334666666667,2
2025-09-15 05:30:00,0.240526666666667,5.22466666666667,1.886,19.6786666666667,5.66333333333333,626.757333333333,2
2025-09-15 05:45:00,0.240568,5.16533333333333,1.88,19.824,5.65933333333333,627.680666666667,2
2025-09-15 06:00:00,0.245242666666667,5.38733333333333,1.852,19.0893333333333,5.60333333333333,627.864666666667,2
2025-09-15 06:15:00,0.252512666666667,5.57333333333333,1.836,18.1846666666667,5.55866666666667,630.530666666667,2
2025-09-15 06:30:00,0.253425333333333,5.312,1.91533333333333,18.884,5.534,632.312666666667,2
2025-09-15 06:45:00,0.255208,5.436,1.87266666666667,18.6766666666667,5.484,632.529333333333,2
2025-09-15 07:00:00,0.265748,6.01,1.794,15.6673333333333,5.424,635.806666666667,2
2025-09-15 07:15:00,0.276823333333333,6.254,1.85666666666667,13.6526666666667,5.356,638.728,2
2025-09-15 07:30:00,0.290312666666667,6.26333333333333,1.92266666666667,13.7713333333333,5.342,641.306,2
2025-09-15 07:45:00,0.298444,6.35133333333333,1.94866666666667,12.5026666666667,5.564,643.586666666667,2
2025-09-15 08:00:00,0.293209333333333,5.62333333333333,2.048,14.3506666666667,5.74866666666667,644.156666666667,2
2025-09-15 08:15:00,0.28276,5.19333333333333,2.072,14.2446666666667,5.602,643.98,2
2025-09-15 08:30:00,0.297806666666667,4.80133333333333,2.35,16.452,5.51666666666667,643.282,2
2025-09-15 08:45:00,0.295896,4.762,2.526,17.9333333333333,5.46866666666667,641.676666666667,2
2025-09-15 09:00:00,0.280534666666667,4.58333333333333,2.766,19.4646666666667,5.214,641.313333333333,2
2025-09-15 09:15:00,0.264304666666667,4.55333333333333,2.81133333333333,18.9506666666667,5.36933333333333,640.158,2
2025-09-15 09:30:00,0.259636666666667,4.60933333333333,2.76466666666667,18.244,5.37933333333333,640.648,2
2025-09-15 09:45:00,0.283274,5.41066666666667,2.968,16.0053333333333,5.72466666666667,643.504666666667,2
2025-09-15 10:00:00,0.293306,5.64466666666667,3.05733333333333,15.7946666666667,6.15066666666667,646.509333333333,2
2025-09-15 10:15:00,0.298999333333333,5.79533333333333,3.13733333333333,15.6146666666667,6.17066666666667,649.126666666667,2
2025-09-15 10:30:00,0.293154,5.76266666666667,3.09533333333333,16.4766666666667,5.76866666666667,648.194666666667,2
2025-09-15 10:45:00,0.284114666666667,5.46666666666667,3.07333333333333,18.148,5.29933333333333,648.517333333333,2
2025-09-15 11:00:00,0.291994,5.10133333333333,3.00066666666667,19.6826666666667,4.76666666666667,650.067333333333,2
2025-09-15 11:15:00,0.286556666666667,4.95133333333333,3.182,19.346,5.34666666666667,652.378666666667,2
2025-09-15 11:30:00,0.288966,4.774,2.96,19.26,5.44333333333333,654.700666666667,2
2025-09-15 11:45:00,0.273167333333333,4.432,2.708,20.0313333333333,4.90333333333333,655.72,2
2025-09-15 12:00:00,0.269279333333333,4.36066666666667,2.92666666666667,18.5806666666667,5.08133333333333,657.927333333333,2
2025-09-15 12:15:00,0.268514,4.59733333333333,2.83066666666667,16.094,5.398,661.419333333333,2
2025-09-15 12:30:00,0.270772,4.50866666666667,2.36866666666667,17.5646666666667,5.46466666666667,662.360666666667,2
2025-09-15 12:45:00,0.281846,4.86466666666667,2.21533333333333,17.826,6.42066666666667,666.078,2
2025-09-15 13:00:00,0.282454,5.25266666666667,2.236,17.3,6.988,666.198666666667,2
2025-09-15 13:15:00,0.289198666666667,5.04466666666667,2.68066666666667,20.444,6.54533333333333,665.418666666667,2
2025-09-15 13:30:00,0.285246,4.42733333333333,1.93533333333333,23.3446666666667,6.314,665.725333333333,2
2025-09-15 13:45:00,0.270804,4.60466666666667,2.01266666666667,23.094,6.23333333333333,667.798,2
2025-09-15 14:00:00,0.266605333333333,4.81533333333333,1.98733333333333,21.9593333333333,6.666,669.514666666667,2
2025-09-15 14:15:00,0.259197333333333,4.81333333333333,2.00933333333333,21.0993333333333,6.45533333333333,670.486666666667,2
2025-09-15 14:30:00,0.260820666666667,4.74066666666667,2.03333333333333,20.496,6.29533333333333,670.598,2
2025-09-15 14:45:00,0.256784666666667,4.89133333333333,2.09,20.8046666666667,6.10133333333333,668.109333333333,2
2025-09-15 15:00:00,0.256157333333333,5.04933333333333,2.19466666666667,22.236,6.05066666666667,668.527333333333,2
2025-09-15 15:15:00,0.267676,4.932,2.20466666666667,22.4306666666667,5.802,667.772,2
2025-09-15 15:30:00,0.274447333333333,5.02066666666667,2.122,19.804,6.00666666666667,666.559333333333,2
2025-09-15 15:45:00,0.271321333333333,4.948,2.236,22.3093333333333,5.906,665.844666666667,2
2025-09-15 16:00:00,0.276093333333333,4.97466666666667,2.23466666666667,22.2426666666667,6.21733333333333,664.102666666667,2
2025-09-15 16:15:00,0.269715333333333,5.64333333333333,2.128,19.0533333333333,6.58066666666667,659.799333333333,2
2025-09-15 16:30:00,0.271941333333333,6.382,2.08,18.3353333333333,6.504,655.799333333333,2
2025-09-15 16:45:00,0.25901,5.73,1.94,22.64,6,654.68,2
2025-09-15 17:00:00,0.283603333333333,8.48866666666667,1.358,20.3733333333333,7.26266666666667,646.638666666667,2
2025-09-15 17:15:00,0.295224,9.63866666666667,1.07466666666667,21.348,8.348,644.204666666667,2
2025-09-15 17:30:00,0.315123333333333,12.7553333333333,2.73133333333333,15.3506666666667,8.10266666666667,644.357333333333,2
2025-09-15 17:45:00,0.305680666666667,11.2733333333333,1.30866666666667,18.512,7.60533333333333,643.265333333333,2
2025-09-15 18:00:00,0.303404,10.6786666666667,0.786666666666667,21.3486666666667,7.30666666666667,645.402,2
2025-09-15 18:15:00,0.301582,12.4613333333333,1.006,17.6626666666667,7.56933333333333,643.032666666667,2
2025-09-15 18:30:00,0.299946,12.5746666666667,0.788,18.036,7.71133333333333,642.245333333333,2
2025-09-15 18:45:00,0.297668666666667,14.5033333333333,0.836,16.1353333333333,8.12733333333333,639.563333333333,2
2025-09-15 19:00:00,0.296184666666667,17.572,0.624,13.878,8.36933333333333,635.677333333333,2
2025-09-15 19:15:00,0.316382,21.4153333333333,0.642,10.6093333333333,8.09066666666667,636.086,2
2025-09-15 19:30:00,0.380998,21.7833333333333,0.731333333333333,6.59533333333333,7.59933333333333,646.3,2
2025-09-15 19:45:00,0.449788666666667,26.4873333333333,0.820666666666667,4.72666666666667,7.79933333333333,651.760666666667,2
2025-09-15 20:00:00,0.463783333333333,26.1813333333333,0.887333333333333,4.02466666666667,7.876,654.563333333333,2
2025-09-15 20:15:00,0.430104,26.4066666666667,0.937333333333333,3.214,7.34333333333333,654.032666666667,3
2025-09-15 20:30:00,0.443788666666667,26.434,1.01933333333333,2.67333333333333,7.49066666666667,655.205333333333,3
2025-09-15 20:45:00,0.397558,19.584,1.01,3.42466666666667,6.85466666666667,650.314666666667,3
2025-09-15 21:00:00,0.417637333333333,18.21,1.20133333333333,2.846,6.69733333333333,656.185333333333,3
2025-09-15 21:15:00,0.40542,17.6953333333333,1.17866666666667,2.16266666666667,6.35266666666667,659.871333333333,2
2025-09-15 21:30:00,0.385844666666667,14.2273333333333,1.196,2.24933333333333,5.83133333333333,663.131333333333,2
2025-09-15 21:45:00,0.381766,13.2633333333333,1.21,1.88666666666667,5.416,662.159333333333,2
2025-09-15 22:00:00,0.353710666666667,11.3493333333333,1.242,2.41066666666667,4.91133333333333,654.13,2
2025-09-15 22:15:00,0.365107333333333,8.492,2.94933333333333,2.24733333333333,4.86933333333333,661.662,2
2025-09-15 22:30:00,0.359656,8.73,3.08733333333333,0.921333333333333,4.788,669.386,2
2025-09-15 22:45:00,0.325446,6.896,1.64666666666667,2.016,4.12733333333333,662.415333333333,2
2025-09-15 23:00:00,0.359209333333333,6.75533333333333,3.58266666666667,1.08466666666667,4.04066666666667,668.888,2
2025-09-15 23:15:00,0.353288666666667,6.348,4.95733333333333,0.772666666666667,4.118,670.091333333333,1
2025-09-15 23:30:00,0.322974166666667,6.42583333333333,2.6425,1.10333333333333,3.78,667.801666666667,1
2025-09-16,0.293872666666667,4.43466666666667,1.46866666666667,2.56066666666667,3.76866666666667,665.517333333333,1
2025-09-16 00:15:00,0.293367333333333,4.51333333333333,1.632,1.048,3.57533333333333,667.693333333333,1
2025-09-16 00:30:00,0.289451333333333,4.23933333333333,1.85333333333333,0.758666666666667,3.39266666666667,668.045333333333,1
2025-09-16 00:45:00,0.282136,4.39666666666667,2.38133333333333,0.822,3.60133333333333,668.100666666667,1
2025-09-16 01:00:00,0.271432666666667,3.956,1.39866666666667,4.374,3.45733333333333,656.007333333333,1
2025-09-16 01:15:00,0.282376666666667,3.94,2.77333333333333,1.94933333333333,3.752,668.11,1
2025-09-16 01:30:00,0.276584666666667,4.31333333333333,3.50133333333333,0.186666666666667,3.68,670.021333333333,1
2025-09-16 01:45:00,0.284340666666667,4.246,3.42466666666667,0.346,3.58266666666667,670.879333333333,1
2025-09-16 02:00:00,0.280468,4.61,4.08866666666667,0.272666666666667,3.45333333333333,668.929333333333,1
2025-09-16 02:15:00,0.275269333333333,4.51866666666667,5.21733333333333,0.0813333333333333,3.504,668.077333333333,1
2025-09-16 02:30:00,0.275365333333333,4.62266666666667,4.26866666666667,0.772,3.46066666666667,666.638666666667,1
2025-09-16 02:45:00,0.270059333333333,4.54466666666667,4.99466666666667,0.862666666666667,3.744,670.854666666667,1
2025-09-16 03:00:00,0.276204,4.56733333333333,7.03666666666667,0.31,3.424,671.056666666667,1
2025-09-16 03:15:00,0.275726666666667,4.12933333333333,4.90466666666667,1.236,3.58133333333333,670.968,1
2025-09-16 03:30:00,0.271357333333333,4.1,4.414,0.327333333333333,3.59933333333333,673.738666666667,1
2025-09-16 03:45:00,0.275105333333333,4.16733333333333,5.09066666666667,0.382,3.55266666666667,675.24,1
2025-09-16 04:00:00,0.273157333333333,4.43266666666667,5.02333333333333,1.08933333333333,3.59933333333333,672.774,1
2025-09-16 04:15:00,0.270432666666667,3.836,3.26066666666667,2.05,3.64533333333333,670.496,1
2025-09-16 04:30:00,0.269768,3.486,2.59466666666667,2.66933333333333,3.61666666666667,667.698666666667,1
2025-09-16 04:45:00,0.262805333333333,3.40866666666667,2.4,2.60266666666667,3.798,670.614666666667,1
2025-09-16 05:00:00,0.267294666666667,3.35066666666667,3.23533333333333,0.874666666666667,3.77533333333333,676.572,1
2025-09-16 05:15:00,0.269166,3.478,2.44133333333333,1.192,3.768,673.191333333333,1
2025-09-16 05:30:00,0.280256,3.306,3.20933333333333,1.53,3.698,674.486666666667,1
2025-09-16 05:45:00,0.360551333333333,3.478,4.78466666666667,-0.0406666666666667,3.66733333333333,680.451333333333,1
2025-09-16 06:00:00,0.404712,3.95466666666667,5.314,-0.178,3.75066666666667,677.714,1
2025-09-16 06:15:00,0.485157333333333,4.00533333333333,7.75133333333333,0.112,3.822,685.822,1
2025-09-16 06:30:00,0.39042,3.88933333333333,4.056,1.33866666666667,3.914,675.192,1
2025-09-16 06:45:00,0.49301,3.87266666666667,11.8693333333333,0.737333333333333,3.85933333333333,684.666,1
2025-09-16 07:00:00,0.492666,4.18666666666667,11.0366666666667,0.544666666666667,3.962,686.457333333333,1
2025-09-16 07:15:00,0.351178,3.69466666666667,4.92,1.68133333333333,4.20533333333333,681.349333333333,1
2025-09-16 07:30:00,0.400861333333333,3.55533333333333,9.82533333333333,1.38933333333333,4.24466666666667,692.976666666667,1
2025-09-16 07:45:00,0.426452666666667,3.754,13.726,1.704,4.83866666666667,700.943333333333,1
2025-09-16 08:00:00,0.479445333333333,3.442,18.3006666666667,4.04266666666667,5.64333333333333,710.755333333333,1
2025-09-16 08:15:00,0.553542666666667,3.60333333333333,33.748,4.46333333333333,7.90466666666667,720.832,1
2025-09-16 08:30:00,0.589309333333333,3.65066666666667,57.584,1.68933333333333,10.526,728.677333333333,1
2025-09-16 08:45:00,0.517668,3.67933333333333,26.2573333333333,0.447333333333333,7.894,713.741333333333,1
2025-09-16 09:00:00,0.462699333333333,4.312,22.4713333333333,2.37466666666667,8.32,693.225333333333,1
2025-09-16 09:15:00,0.416476,4.44133333333333,24.3533333333333,3.126,8.75866666666667,687.139333333333,1
2025-09-16 09:30:00,0.382034666666667,4.41066666666667,20.5833333333333,3.884,8.16666666666667,680.211333333333,1
2025-09-16 09:45:00,0.381994,4.58,30.6453333333333,3.45933333333333,8.35666666666667,682.225333333333,1
2025-09-16 10:00:00,0.382282,4.75666666666667,42.1286666666667,3.00533333333333,8.82133333333333,680.772666666667,1
2025-09-16 10:15:00,0.361127333333333,4.50533333333333,21.298,5.05466666666667,7.882,678.54,1
2025-09-16 10:30:00,0.355064666666667,4.57533333333333,20.57,4.964,8.17866666666667,680.290666666667,1
2025-09-16 10:45:00,0.339245333333333,4.634,16.018,5.32866666666667,7.748,678.796666666667,1
2025-09-16 11:00:00,0.343688666666667,4.87666666666667,13.392,6.676,7.51133333333333,681.142,1
2025-09-16 11:15:00,0.350622666666667,4.89466666666667,14.0373333333333,6.848,7.65066666666667,685.307333333333,1
2025-09-16 11:30:00,0.345116666666667,4.69066666666667,8.20133333333333,8.492,7.37933333333333,686.963333333333,1
2025-09-16 11:45:00,0.347058,4.638,6.19466666666667,9.20066666666667,7.62266666666667,691.893333333333,1
2025-09-16 12:00:00,0.317010666666667,4.55533333333333,4.66333333333333,10.7046666666667,7.35533333333333,686.552666666667,1
2025-09-16 12:15:00,0.30472,4.834,4.692,10.4866666666667,7.36533333333333,686.730666666667,1
2025-09-16 12:30:00,0.324958666666667,4.43266666666667,4.34066666666667,16.236,7.37533333333333,688.255333333333,1
2025-09-16 12:45:00,0.339799333333333,3.91266666666667,2.97866666666667,17.2293333333333,7.48466666666667,694.166,1
2025-09-16 13:00:00,0.341983333333333,4.502,2.94666666666667,15.3133333333333,7.36533333333333,699.810666666667,1
2025-09-16 13:15:00,0.300801333333333,5.42933333333333,2.87933333333333,15.1973333333333,7.236,701.68,1
2025-09-16 13:30:00,0.288502666666667,5.97533333333333,2.87466666666667,14.6753333333333,7.278,703.335333333333,1
2025-09-16 13:45:00,0.261927333333333,6.362,2.80933333333333,16.004,7.368,701.954666666667,1
2025-09-16 14:00:00,0.246789333333333,6.214,2.776,15.2913333333333,7.61933333333333,699.609333333333,1
2025-09-16 14:15:00,0.256819333333333,6.08933333333333,2.03266666666667,18.8786666666667,7.406,700.268666666667,2
2025-09-16 14:30:00,0.263639333333333,6.54333333333333,1.81,22.7186666666667,7.12466666666667,701.867333333333,2
2025-09-16 14:45:00,0.268946,6.66533333333333,1.82333333333333,22.562,7.63666666666667,703.592666666667,2
2025-09-16 15:00:00,0.274638666666667,6.624,1.90666666666667,22.414,7.8,701.68,2
2025-09-16 15:15:00,0.266263333333333,6.62133333333333,1.81,20.4866666666667,7.66666666666667,696.807333333333,2
2025-09-16 15:30:00,0.257836666666667,6.43133333333333,1.92466666666667,23.2253333333333,7.41,693.54,2
2025-09-16 15:45:00,0.265025333333333,5.994,2.528,19.018,7.41733333333333,693.058,2
2025-09-16 16:00:00,0.283707333333333,5.648,3.43333333333333,15.7453333333333,7.55466666666667,690.391333333333,2
2025-09-16 16:15:00,0.275896666666667,5.63,2.13666666666667,18.3413333333333,7.26933333333333,690.672,2
2025-09-16 16:30:00,0.28347,5.676,2.12933333333333,22.5686666666667,6.64866666666667,686.488666666667,2
2025-09-16 16:45:00,0.30673,5.52,2.11,22.85,6.96,686.36,2
2025-09-16 17:00:00,0.332274,9.38,13.6346666666667,8.51533333333333,7.39733333333333,683.967333333333,2
2025-09-16 17:15:00,0.328399333333333,7.838,2.144,11.602,6.92933333333333,678.122666666667,2
2025-09-16 17:30:00,0.364110666666667,10.1753333333333,1.89933333333333,10.668,7.48466666666667,673.104,2
2025-09-16 17:45:00,0.388402666666667,11.15,1.91533333333333,11.2393333333333,7.38133333333333,677.817333333333,2
2025-09-16 18:00:00,0.452270666666667,11.716,1.718,8.482,7.31266666666667,689.846666666667,2
2025-09-16 18:15:00,0.517014,10.5326666666667,1.662,6.672,7.452,703.023333333333,2
2025-09-16 18:30:00,0.453684666666667,7.59933333333333,2.08,14.4853333333333,9.686,691.452,2
2025-09-16 18:45:00,0.387566666666667,6.06933333333333,2.224,18.59,10.8006666666667,679.455333333333,2
2025-09-16 19:00:00,0.377568666666667,6.63533333333333,2.248,15.8053333333333,10.5373333333333,683.968,2
2025-09-16 19:15:00,0.485274,9.03466666666667,2.09533333333333,9.70666666666667,9.826,695.827333333333,2
2025-09-16 19:30:00,0.444341333333333,8.31866666666667,1.708,11.8493333333333,9.92,686.922,2
2025-09-16 19:45:00,0.367028666666667,7.328,1.44866666666667,16.6273333333333,10.9133333333333,673.168,2
2025-09-16 20:00:00,0.347192,7.40666666666667,1.31133333333333,17.1513333333333,10.5446666666667,673.095333333333,2
2025-09-16 20:15:00,0.361889333333333,7.54133333333333,1.15533333333333,15.3026666666667,10.3746666666667,674.798,2
2025-09-16 20:30:00,0.356016666666667,7.276,0.991333333333333,15.9306666666667,10.8693333333333,671.200666666667,2
2025-09-16 20:45:00,0.326012,6.51,0.974,18.8313333333333,10.9566666666667,665.740666666667,2
2025-09-16 21:00:00,0.311639333333333,6.186,1.05466666666667,19.9793333333333,10.8713333333333,662.812,2
2025-09-16 21:15:00,0.315361333333333,5.88666666666667,1.052,18.7666666666667,11.3333333333333,668.141333333333,2
2025-09-16 21:30:00,0.304616666666667,5.72466666666667,1.05466666666667,19.972,11.9826666666667,662.744666666667,2
2025-09-16 21:45:00,0.30354,5.59733333333333,1.05266666666667,20.3813333333333,12.222,664.696666666667,2
2025-09-16 22:00:00,0.298536,5.516,1.04666666666667,20.562,13.0186666666667,664.689333333333,2
2025-09-16 22:15:00,0.300612666666667,5.476,1.022,20.8313333333333,13.6886666666667,662.857333333333,2
2025-09-16 22:30:00,0.293826,5.602,1.014,19.8933333333333,14.394,662.030666666667,2
2025-09-16 22:45:00,0.296830666666667,5.53066666666667,1.00066666666667,20.1886666666667,15.742,662.390666666667,2
2025-09-16 23:00:00,0.302604666666667,5.54066666666667,1.01533333333333,20.2006666666667,16.1373333333333,660.763333333333,2
2025-09-16 23:15:00,0.303804,5.64933333333333,0.983333333333333,20.0613333333333,17.3986666666667,660.497333333333,2
2025-09-16 23:30:00,0.304095833333333,5.7425,0.988333333333333,19.4225,18.3283333333333,660.2125,2
2025-09-17,0.325772,6.276,0.995333333333333,15.9386666666667,18.08,662.786,2
2025-09-17 00:15:00,0.343738666666667,7.36466666666667,1.06333333333333,11.8906666666667,18.2466666666667,665.299333333333,2
2025-09-17 00:30:00,0.364132,8.27533333333333,1.034,9.94,17.7606666666667,664.545333333333,2
2025-09-17 00:45:00,0.390912666666667,8.998,0.802,8.83333333333333,17.51,669.804,2
2025-09-17 01:00:00,0.373230666666667,9.37,0.826666666666667,9.02333333333333,18.3053333333333,668.263333333333,2
2025-09-17 01:15:00,0.39005,9.618,0.782666666666667,9.54733333333333,19.226,666.560666666667,2
2025-09-17 01:30:00,0.350155333333333,7.69,0.949333333333333,13.686,22.026,661.516,2
2025-09-17 01:45:00,0.340876666666667,6.90533333333333,1.10733333333333,15.066,23.1233333333333,662.97,3
2025-09-17 02:00:00,0.341527333333333,6.304,1.34266666666667,15.9553333333333,25.3593333333333,663.082666666667,3
2025-09-17 02:15:00,0.345927333333333,6.74333333333333,1.19333333333333,9.44066666666667,22.3873333333333,677.448,3
2025-09-17 02:30:00,0.355946,6.942,1.26466666666667,8.15333333333333,22.858,677.288,3
2025-09-17 02:45:00,0.341137333333333,6.424,1.24266666666667,11.0786666666667,25.202,667.314,3
2025-09-17 03:00:00,0.338868666666667,5.74533333333333,1.492,15.6753333333333,28.1126666666667,663.204,3
2025-09-17 03:15:00,0.347468666666667,5.99066666666667,1.488,12.234,26.7353333333333,673.44,3
2025-09-17 03:30:00,0.377696666666667,6.97266666666667,1.56333333333333,8.12866666666667,26.302,679.134666666667,3
2025-09-17 03:45:00,0.404646666666667,8.272,1.62266666666667,5.89466666666667,26.7913333333333,678.733333333333,3
2025-09-17 04:00:00,0.413038666666667,8.85133333333333,1.83933333333333,5.156,27.6173333333333,678.082666666667,3
2025-09-17 04:15:00,0.366558,6.138,1.65866666666667,11.2966666666667,28.938,671.432666666667,3
2025-09-17 04:30:00,0.349032,5.342,1.80733333333333,15.984,29.7286666666667,666.294666666667,3
2025-09-17 04:45:00,0.343098,5.07533333333333,1.91666666666667,16.9393333333333,31.0346666666667,666.013333333333,3
2025-09-17 05:00:00,0.32811,4.902,2.01666666666667,17.59,31.0753333333333,666.31,4
2025-09-17 05:15:00,0.334616666666667,5.248,2.26333333333333,15.3406666666667,29.5953333333333,666.946666666667,4
2025-09-17 05:30:00,0.353176,6.85066666666667,2.71466666666667,7.75533333333333,29.1566666666667,673.184666666667,4
2025-09-17 05:45:00,0.377857333333333,7.42266666666667,3.06533333333333,6.89466666666667,29.176,672.572666666667,3
2025-09-17 06:00:00,0.405496,8.67666666666667,4.49266666666667,2.46466666666667,28.6766666666667,684.079333333333,3
2025-09-17 06:15:00,0.403736666666667,8.19466666666667,2.20533333333333,1.52333333333333,26.9406666666667,685.326,3
2025-09-17 06:30:00,0.403024666666667,8.692,1.57933333333333,3.06733333333333,26.0846666666667,678.042,3
2025-09-17 06:45:00,0.379616666666667,7.44933333333333,1.71266666666667,8.374,26.4093333333333,672.067333333333,3
2025-09-17 07:00:00,0.500960666666667,12.8553333333333,17.9186666666667,3.12133333333333,27.0953333333333,690.248,3
2025-09-17 07:15:00,0.486450666666667,10.8273333333333,7.558,2.23133333333333,26.188,692.591333333333,3
2025-09-17 07:30:00,0.404639333333333,7.04,1.94733333333333,7.34933333333333,25.8213333333333,679.438666666667,3
2025-09-17 07:45:00,0.454181333333333,8.68866666666667,13.0933333333333,7.76333333333333,26.182,687.718666666667,3
2025-09-17 08:00:00,0.599248,9.24133333333333,58.4986666666667,5.21066666666667,30.1466666666667,707.654666666667,3
2025-09-17 08:15:00,0.597034,6.368,33.3513333333333,5.41133333333333,30.6893333333333,713.012,3
2025-09-17 08:30:00,0.56359,5.348,15.008,4.26466666666667,28.3653333333333,716.528,3
2025-09-17 08:45:00,0.472936666666667,5.12,4.11866666666667,3.34333333333333,25.9253333333333,707.936,3
2025-09-17 09:00:00,0.493642666666667,5.54533333333333,6.06733333333333,3.76866666666667,25.756,709.984,3
2025-09-17 09:15:00,0.446010666666667,5.068,4.05333333333333,6.52933333333333,25.734,702.708666666667,3
2025-09-17 09:30:00,0.429118,5.312,3.29133333333333,6.30333333333333,24.9433333333333,701.086666666667,3
2025-09-17 09:45:00,0.389398666666667,4.79333333333333,2.52666666666667,9.724,24.966,689.211333333333,3
2025-09-17 10:00:00,0.3699,4.61466666666667,2.258,12.002,24.2766666666667,685.96,3
2025-09-17 10:15:00,0.450562,5.12866666666667,5.52133333333333,10.532,25.8906666666667,690.77,3
2025-09-17 10:30:00,0.494052666666667,4.89066666666667,5.512,11.2146666666667,25.4473333333333,693.499333333333,3
2025-09-17 10:45:00,0.436045333333333,4.52733333333333,4.30266666666667,13.0733333333333,23.17,689.837333333333,3
2025-09-17 11:00:00,0.392558,4.674,3.192,15.0833333333333,22.0813333333333,690.761333333333,3
2025-09-17 11:15:00,0.441112666666667,5.57733333333333,4.21466666666667,9.776,25.63,699.078666666667,3
2025-09-17 11:30:00,0.42007,5.952,4.87,8.834,25.934,700.904,3
2025-09-17 11:45:00,0.383796666666667,5.77066666666667,2.82466666666667,13.1326666666667,24.036,694.679333333333,3
2025-09-17 12:00:00,0.380790666666667,6.25333333333333,2.51266666666667,15.3686666666667,23.0826666666667,692.014,3
2025-09-17 12:15:00,0.389580666666667,6.33866666666667,3.42466666666667,16.3666666666667,23.348,693.772,3
2025-09-17 12:30:00,0.403887333333333,5.41066666666667,2.848,20.1173333333333,23.304,693.106,3
2025-09-17 12:45:00,0.387249333333333,5.31933333333333,2.956,22.5986666666667,23.3033333333333,695.74,3
2025-09-17 13:00:00,0.342614,5.73933333333333,2.27666666666667,24.8573333333333,21.6026666666667,693.499333333333,3
2025-09-17 13:15:00,0.299063333333333,5.55733333333333,1.85533333333333,24.6086666666667,21.6366666666667,689.292666666667,3
2025-09-17 13:30:00,0.284583333333333,5.44333333333333,1.84866666666667,27.0966666666667,20.872,682.795333333333,3
2025-09-17 13:45:00,0.280730666666667,5.87266666666667,2.106,32.208,19.9133333333333,679.014,3
2025-09-17 14:00:00,0.292809333333333,5.90933333333333,2.16133333333333,35.2973333333333,19.5826666666667,681.872,3
2025-09-17 14:15:00,0.299273333333333,5.88933333333333,2.114,35.222,19.6586666666667,684.916666666667,3
2025-09-17 14:30:00,0.280550666666667,5.73866666666667,2.07333333333333,32.1366666666667,17.6106666666667,682.563333333333,3
2025-09-17 14:45:00,0.283897333333333,5.51,2.05333333333333,30.6313333333333,16.3186666666667,682.979333333333,3
2025-09-17 15:00:00,0.292143333333333,5.50133333333333,2.08866666666667,32.142,14.7313333333333,681.856666666667,3
2025-09-17 15:15:00,0.279430666666667,6.52266666666667,2.07866666666667,31.4553333333333,11.4,677.022666666667,3
2025-09-17 15:30:00,0.288835333333333,9.05533333333333,1.78066666666667,22.914,10.9033333333333,671.812,3
2025-09-17 15:45:00,0.287892666666667,9.43533333333333,4.92133333333333,19.6753333333333,9.85666666666667,671.233333333333,3
2025-09-17 16:00:00,0.278619333333333,11.346,12.168,12.1866666666667,8.95933333333333,663.748666666667,3
2025-09-17 16:15:00,0.281342666666667,11.6446666666667,4.82333333333333,13.0613333333333,7.838,662.072,3
2025-09-17 16:30:00,0.281721333333333,6.82933333333333,2.08666666666667,25.7906666666667,7.01066666666667,659.557333333333,3
2025-09-17 16:45:00,0.28896,6.29,2.2,28.12,7.81,662.51,3
2025-09-17 17:00:00,0.262931333333333,5.03866666666667,2.32,32.8353333333333,5.38666666666667,655.952,3
2025-09-17 17:15:00,0.263988666666667,9.826,1.988,21.7373333333333,5.58866666666667,648.580666666667,2
2025-09-17 17:30:00,0.278768,9.28933333333333,1.90133333333333,22.2966666666667,5.34066666666667,647.84,2
2025-09-17 17:45:00,0.27374,6.842,1.96066666666667,29.96,5.03733333333333,648.597333333333,2
2025-09-17 18:00:00,0.270624666666667,7.18733333333333,1.71733333333333,29.7286666666667,4.946,644.68,2
2025-09-17 18:15:00,0.271259333333333,8.68066666666667,1.42933333333333,29.8146666666667,4.90466666666667,638.592,2
2025-09-17 18:30:00,0.273063333333333,12.2906666666667,1.02466666666667,24.0706666666667,5.31466666666667,630.569333333333,2
2025-09-17 18:45:00,0.285155333333333,14.1073333333333,0.730666666666667,25.0706666666667,4.99066666666667,628.37,2
2025-09-17 19:00:00,0.286810666666667,13.864,0.410666666666667,25.0586666666667,4.35,625.319333333333,2
2025-09-17 19:15:00,0.281996,13.0653333333333,0.478666666666667,29.118,3.974,623.384,2
2025-09-17 19:30:00,0.281524666666667,12.9086666666667,0.556,30.8706666666667,3.96733333333333,622.990666666667,3
2025-09-17 19:45:00,0.284970666666667,15.248,0.622,26.9473333333333,3.78,625.11,3
2025-09-17 20:00:00,0.288392,22.5833333333333,0.616,19.8306666666667,4.368,628.732,3
2025-09-17 20:15:00,0.309934666666667,23.8826666666667,0.616666666666667,15.2553333333333,4.42533333333333,635.227333333333,3
2025-09-17 20:30:00,0.345717333333333,16.1193333333333,0.654666666666667,15.0633333333333,4.35,641.507333333333,3
2025-09-17 20:45:00,0.349172666666667,15.7646666666667,0.716666666666667,13.8186666666667,3.96,644.51,3
2025-09-17 21:00:00,0.356059333333333,16.0386666666667,0.756,13.48,4.01466666666667,642.872666666667,3
2025-09-17 21:15:00,0.357913333333333,16.7146666666667,0.782,13.628,4.476,639.25,3
2025-09-17 21:30:00,0.35378,16.3393333333333,0.789333333333333,13.7326666666667,4.37333333333333,638.849333333333,3
2025-09-17 21:45:00,0.368315333333333,15.262,0.794,12.266,4.53733333333333,642.327333333333,3
2025-09-17 22:00:00,0.34758,13.8673333333333,0.812666666666667,12.182,4.35933333333333,640.415333333333,3
2025-09-17 22:15:00,0.331220666666667,12.43,0.852,12.0853333333333,4.44066666666667,642.293333333333,2
2025-09-17 22:30:00,0.320202666666667,11.7173333333333,0.866,10.85,4.52666666666667,642.656,2
2025-09-17 22:45:00,0.451131333333333,11.8046666666667,0.917333333333333,7.70866666666667,4.45933333333333,646.508,2
2025-09-17 23:00:00,0.360182,11.4133333333333,0.995333333333333,5.64266666666667,4.40133333333333,651.223333333333,2
2025-09-17 23:15:00,0.337774666666667,10.262,1.006,5.498,4.49,651.389333333333,2
2025-09-17 23:30:00,0.33383375,9.545,1.01875,5.2075,4.4075,652.035,2
2025-09-18,0.306398,7.07533333333333,1.138,4.80933333333333,4.35533333333333,656.049333333333,2
2025-09-18 00:15:00,0.298926666666667,6.804,1.24933333333333,3.49333333333333,4.35533333333333,658.432666666667,2
2025-09-18 00:30:00,0.295899333333333,6.18933333333333,1.21533333333333,4.02666666666667,4.37466666666667,656.009333333333,1
2025-09-18 00:45:00,0.278718,5.784,1.222,4.61333333333333,4.28466666666667,656.208666666667,1
2025-09-18 01:00:00,0.276922666666667,5.356,1.28333333333333,4.29666666666667,4.274,658.28,1
2025-09-18 01:15:00,0.271435333333333,5.056,1.324,5.00933333333333,4.14266666666667,657.486666666667,1
2025-09-18 01:30:00,0.264842,4.65466666666667,1.37266666666667,4.81,4.16,657.180666666667,1
2025-09-18 01:45:00,0.261253333333333,4.634,1.34933333333333,5.714,4.042,656.379333333333,1
2025-09-18 02:00:00,0.261186,4.578,1.42066666666667,5.774,4.08266666666667,655.910666666667,1
2025-09-18 02:15:00,0.257852,4.46533333333333,1.48466666666667,6.71866666666667,4.14666666666667,655.390666666667,1
2025-09-18 02:30:00,0.254694666666667,4.26866666666667,1.52866666666667,6.94933333333333,4.05333333333333,657.39,1
2025-09-18 02:45:00,0.251390666666667,4.062,1.52333333333333,6.496,4.06,659.308,1
2025-09-18 03:00:00,0.249801333333333,3.924,1.572,7.25066666666667,3.84666666666667,658.313333333333,1
2025-09-18 03:15:00,0.250876666666667,3.90266666666667,1.68,5.96,3.74733333333333,660.554666666667,1
2025-09-18 03:30:00,0.310436666666667,4.10933333333333,1.768,3.568,4.12266666666667,662.905333333333,1
2025-09-18 03:45:00,0.253378666666667,3.97266666666667,1.79466666666667,4.01733333333333,3.72933333333333,661.010666666667,1
2025-09-18 04:00:00,0.296504,3.85866666666667,1.856,4.172,3.67733333333333,663.010666666667,1
2025-09-18 04:15:00,0.316426,4.228,1.89066666666667,4.108,3.658,660.288666666667,1
2025-09-18 04:30:00,0.273041333333333,4.032,2.02933333333333,4.13,3.608,661.388,1
2025-09-18 04:45:00,0.254144,3.93,2.08666666666667,4.19666666666667,3.67933333333333,661.469333333333,1
2025-09-18 05:00:00,0.253438666666667,3.82533333333333,2.01333333333333,4.16133333333333,3.58933333333333,664.673333333333,1
2025-09-18 05:15:00,0.251600666666667,3.852,2.122,4.74466666666667,3.75,661.43,1
2025-09-18 05:30:00,0.255037333333333,3.86133333333333,2.23266666666667,5.18333333333333,3.55266666666667,661.028,1
2025-09-18 05:45:00,0.28062,4.202,2.616,3.802,4.118,666.254,1
2025-09-18 06:00:00,0.285096,4.45733333333333,2.47533333333333,2.40266666666667,3.82666666666667,667.499333333333,1
2025-09-18 06:15:00,0.281497333333333,4.458,2.65933333333333,2.29333333333333,3.76733333333333,665.259333333333,1
2025-09-18 06:30:00,0.288772,4.89733333333333,3.94333333333333,1.93733333333333,3.97533333333333,670.285333333333,1
2025-09-18 06:45:00,0.300606666666667,4.64533333333333,3.27466666666667,2.32533333333333,3.85333333333333,670.758,1
2025-09-18 07:00:00,0.322202,4.73533333333333,4.11133333333333,2.40933333333333,3.92933333333333,674.926666666667,1
2025-09-18 07:15:00,0.317766666666667,4.54333333333333,3.986,2.324,3.80533333333333,676.516,1
2025-09-18 07:30:00,0.340817333333333,4.29066666666667,3.77266666666667,3.35466666666667,4.04133333333333,680.410666666667,1
2025-09-18 07:45:00,0.318384666666667,3.918,3.19,5.28133333333333,4.146,675.57,1
2025-09-18 08:00:00,0.301178666666667,3.842,2.84533333333333,5.98733333333333,4.386,673.754,1
2025-09-18 08:15:00,0.302888666666667,3.816,2.79666666666667,5.60466666666667,4.584,675.93,1
2025-09-18 08:30:00,0.303661333333333,3.724,2.80066666666667,5.52666666666667,4.61733333333333,678.002,1
2025-09-18 08:45:00,0.306352,3.718,2.91,5.98533333333333,4.846,679.03,1
2025-09-18 09:00:00,0.327471333333333,4.106,3.53266666666667,6.09266666666667,5.392,678.492666666667,1
2025-09-18 09:15:00,0.36133,4.744,6.376,5.53333333333333,7.09933333333333,680.659333333333,1
2025-09-18 09:30:00,0.397144,4.86333333333333,16.0746666666667,3.47333333333333,8.54666666666667,689.758,1
2025-09-18 09:45:00,0.421678666666667,5.11133333333333,23.374,2.15933333333333,10.1186666666667,697.032666666667,1
2025-09-18 10:00:00,0.438100666666667,5.534,19.4506666666667,3.074,10.3806666666667,694.31,1
2025-09-18 10:15:00,0.429820666666667,5.748,37.2193333333333,2.192,11.872,698.477333333333,2
2025-09-18 10:30:00,0.363490666666667,5.85066666666667,15.8146666666667,4.486,9.04333333333333,688.656666666667,2
2025-09-18 10:45:00,0.345544666666667,5.62733333333333,8.302,6.51266666666667,8.57933333333333,682.410666666667,1
2025-09-18 11:00:00,0.329656666666667,5.44133333333333,5.812,8.038,8.11133333333333,683.847333333333,1
2025-09-18 11:15:00,0.319698666666667,5.05333333333333,4.26533333333333,9.89666666666667,7.89266666666667,680.465333333333,1
2025-09-18 11:30:00,0.311258,4.88733333333333,3.172,12.6193333333333,6.78933333333333,677.696,1
2025-09-18 11:45:00,0.29645,4.65533333333333,2.738,16.3806666666667,6.85333333333333,671.338,1
2025-09-18 12:00:00,0.276127333333333,4.57066666666667,2.606,18.37,7.08066666666667,667.779333333333,1
2025-09-18 12:15:00,0.255706666666667,4.47,2.50466666666667,18.892,7.16466666666667,669.178,1
2025-09-18 12:30:00,0.254507333333333,4.42,2.302,20.0633333333333,7.09533333333333,667.948,1
2025-09-18 12:45:00,0.248281333333333,4.31133333333333,2.236,21.526,7.494,667.024666666667,1
2025-09-18 13:00:00,0.247479333333333,4.22266666666667,2.11066666666667,22.2606666666667,7.42533333333333,665.806,1
2025-09-18 13:15:00,0.248841333333333,3.968,1.94866666666667,23.548,6.442,662.616666666667,2
2025-09-18 13:30:00,0.23518,3.94933333333333,1.94666666666667,23.23,5.424,661.758,2
2025-09-18 13:45:00,0.229257333333333,4.01666666666667,1.94466666666667,23.092,5.02733333333333,665.388,2
2025-09-18 14:00:00,0.222848666666667,4.14866666666667,1.97133333333333,23.128,5.04533333333333,666.038,2
2025-09-18 14:15:00,0.22216,4.242,1.99,23.364,4.74466666666667,666.52,2
2025-09-18 14:30:00,0.225725333333333,4.54133333333333,2.03466666666667,23.6966666666667,4.80733333333333,667.996666666667,2
2025-09-18 14:45:00,0.221051333333333,4.60333333333333,2.024,23.8026666666667,4.45266666666667,669.152666666667,2
2025-09-18 15:00:00,0.232701333333333,4.70466666666667,2.03533333333333,23.0766666666667,4.868,671.667333333333,2
2025-09-18 15:15:00,0.22974,4.886,2.05733333333333,24.136,4.798,669.932,2
2025-09-18 15:30:00,0.218948,4.912,2.11466666666667,23.5373333333333,4.84266666666667,666.880666666667,2
2025-09-18 15:45:00,0.228671333333333,4.724,2.124,21.9313333333333,4.66933333333333,666.584666666667,2
2025-09-18 16:00:00,0.237032,4.58466666666667,2.09266666666667,20.966,4.42466666666667,664.736,2
2025-09-18 16:15:00,0.241919333333333,4.95133333333333,2.00866666666667,17.782,4.67266666666667,663.306666666667,2
2025-09-18 16:30:00,0.245203333333333,6.07133333333333,2.29133333333333,14.14,4.858,658.031333333333,2
2025-09-18 16:45:00,0.25268,5.94,1.86,17.65,5.1,658.3,2
2025-09-18 17:00:00,0.273273333333333,8.42333333333333,1.86533333333333,12.686,5.16666666666667,652.098666666667,2
2025-09-18 17:15:00,0.282553333333333,8.15133333333333,1.14333333333333,15.4413333333333,5.02066666666667,647.76,2
2025-09-18 17:30:00,0.303943333333333,9.322,1.21266666666667,14.28,5.29666666666667,648.317333333333,2
2025-09-18 17:45:00,0.280340666666667,7.98666666666667,0.887333333333333,16.7886666666667,4.97733333333333,645.361333333333,2
2025-09-18 18:00:00,0.281197333333333,8.192,1.00266666666667,15.6566666666667,4.74933333333333,640.831333333333,2
2025-09-18 18:15:00,0.292149333333333,9.24266666666667,1.104,13.9746666666667,5.11066666666667,642.895333333333,2
2025-09-18 18:30:00,0.300810666666667,9.59266666666667,0.888,14.7473333333333,5.39533333333333,644.6,2
2025-09-18 18:45:00,0.314338666666667,10.2606666666667,0.933333333333333,12.76,5.38933333333333,647.642,2
2025-09-18 19:00:00,0.344320666666667,11.0126666666667,1.178,8.954,6.47133333333333,650.364666666667,2
2025-09-18 19:15:00,0.358981333333333,13.7793333333333,1.46333333333333,6.334,6.392,644.462,2
2025-09-18 19:30:00,0.353074,15.076,1.166,6.33333333333333,6.31666666666667,640.568,2
2025-09-18 19:45:00,0.372193333333333,17.1786666666667,1.186,3.18266666666667,6.12733333333333,650.901333333333,2
2025-09-18 20:00:00,0.450126,19.156,1.538,2.192,6.20133333333333,656.234,2
2025-09-18 20:15:00,0.440562,20.9006666666667,1.882,1.95333333333333,6.23066666666667,660.970666666667,2
2025-09-18 20:30:00,0.425512666666667,20.3073333333333,1.53333333333333,2.20266666666667,6.86333333333333,662.882666666667,2
2025-09-18 20:45:00,0.390384666666667,18.7,1.016,3.05866666666667,6.26466666666667,657.292,2
2025-09-18 21:00:00,0.380566,16.31,1.06866666666667,2.90533333333333,6.02866666666667,659.06,2
2025-09-18 21:15:00,0.361302666666667,14.236,1.102,3.50466666666667,5.778,655.912666666667,2
2025-09-18 21:30:00,0.372112,13.334,1.12333333333333,3.19266666666667,5.90133333333333,655.696,2
2025-09-18 21:45:00,0.356775333333333,12.4166666666667,1.152,2.972,6.118,655.342666666667,2
2025-09-18 22:00:00,0.352500666666667,11.754,1.184,2.78466666666667,6.08866666666667,654.989333333333,2
2025-09-18 22:15:00,0.331058666666667,9.81733333333333,1.222,3.734,5.664,652.532,2
2025-09-18 22:30:00,0.318356666666667,8.97266666666667,1.25333333333333,3.68733333333333,5.578,653.568666666667,2
2025-09-18 22:45:00,0.316265333333333,8.69666666666667,1.50133333333333,3.88266666666667,5.39066666666667,651.864,2
2025-09-18 23:00:00,0.316895333333333,7.82,1.60666666666667,5.10533333333333,5.29866666666667,652.034666666667,2
2025-09-18 23:15:00,0.316002666666667,6.716,1.52,5.48333333333333,5.35666666666667,653.495333333333,2
2025-09-18 23:30:00,0.328586666666667,6.60583333333333,1.65,2.61333333333333,5.3775,662.070833333333,1
2025-09-19,0.284340666666667,4.95933333333333,1.46066666666667,6.42066666666667,5.15733333333333,651.921333333333,1
2025-09-19 00:15:00,0.276824666666667,4.70533333333333,1.44266666666667,5.68733333333333,4.99533333333333,655.527333333333,1
2025-09-19 00:30:00,0.276132666666667,4.562,1.478,4.98,4.96466666666667,657.204,1
2025-09-19 00:45:00,0.280157333333333,5.036,1.454,2.792,5.83133333333333,658.810666666667,1
2025-09-19 01:00:00,0.278854,5.12266666666667,1.478,3.334,4.92866666666667,656.546666666667,1
2025-09-19 01:15:00,0.276966666666667,5.128,1.59333333333333,3.29266666666667,4.82133333333333,656.988666666667,1
2025-09-19 01:30:00,0.275198666666667,4.89733333333333,1.71266666666667,3.256,4.77133333333333,657.053333333333,1
2025-09-19 01:45:00,0.280527333333333,5.28133333333333,1.82,3.09466666666667,4.75466666666667,657.277333333333,1
2025-09-19 02:00:00,0.271677333333333,5.37866666666667,1.598,3.11466666666667,4.75733333333333,656.336,1
2025-09-19 02:15:00,0.277208,4.83466666666667,1.83266666666667,3.12866666666667,4.88266666666667,659.478666666667,1
2025-09-19 02:30:00,0.275084666666667,5.41,1.968,2.75533333333333,4.77066666666667,660.785333333333,1
2025-09-19 02:45:00,0.260127333333333,4.62333333333333,1.68466666666667,4.70333333333333,4.52666666666667,655.589333333333,1
2025-09-19 03:00:00,0.261351333333333,4.28133333333333,1.91266666666667,4.658,4.646,660.039333333333,1
2025-09-19 03:15:00,0.2599,4.11533333333333,1.842,5.03133333333333,4.61533333333333,657.654666666667,1
2025-09-19 03:30:00,0.257408,4.05933333333333,1.848,5.018,4.806,659.148666666667,1
2025-09-19 03:45:00,0.254729333333333,3.948,2.02533333333333,4.90866666666667,4.55933333333333,660.329333333333,1
2025-09-19 04:00:00,0.260265333333333,3.83,2.13266666666667,5.07466666666667,4.66866666666667,659.388,1
2025-09-19 04:15:00,0.257304666666667,3.81533333333333,2.06066666666667,5.09066666666667,4.59933333333333,657.47,1
2025-09-19 04:30:00,0.275026666666667,3.98733333333333,2.61466666666667,3.82,4.92933333333333,663.292,1
2025-09-19 04:45:00,0.269778666666667,4.084,2.44,3.078,4.638,662.921333333333,1
2025-09-19 05:00:00,0.268550666666667,4.128,2.40066666666667,2.32733333333333,4.222,662.184666666667,1
2025-09-19 05:15:00,0.271024,5.006,2.76333333333333,0.905333333333333,4.41666666666667,662.487333333333,1
2025-09-19 05:30:00,0.266514666666667,4.68666666666667,2.41733333333333,1.64066666666667,4.276,661.509333333333,1
2025-09-19 05:45:00,0.271468,5.03666666666667,2.74066666666667,1.24333333333333,4.45866666666667,662.24,1
2025-09-19 06:00:00,0.275379333333333,5.03133333333333,2.98,1.28933333333333,4.372,664.818666666667,1
2025-09-19 06:15:00,0.312536666666667,5.45266666666667,6.79,0.902666666666667,4.85733333333333,666.455333333333,1
2025-09-19 06:30:00,0.30979,5.352,5.91,1.28066666666667,4.40066666666667,665.227333333333,1
2025-09-19 06:45:00,0.30677,5.2,4.252,3.71333333333333,4.276,660.232666666667,1
2025-09-19 07:00:00,0.314551333333333,5.402,5.01666666666667,2.97066666666667,4.38466666666667,665.98,1
2025-09-19 07:15:00,0.388558,4.912,6.45866666666667,1.182,4.62133333333333,673.464,1
2025-09-19 07:30:00,0.384322666666667,5.04333333333333,6.076,1.262,4.55266666666667,671.914666666667,1
2025-09-19 07:45:00,0.38341,5.882,12.752,2.74866666666667,4.81933333333333,676.974666666667,1
2025-09-19 08:00:00,0.428542666666667,4.28133333333333,13.0346666666667,5.25333333333333,5.26333333333333,692.712,1
2025-09-19 08:15:00,0.474338,3.904,14.076,5.426,5.75733333333333,699.264,1
2025-09-19 08:30:00,0.460140666666667,3.79266666666667,12.9766666666667,4.444,5.90866666666667,697.545333333333,1
2025-09-19 08:45:00,0.428545333333333,4.18666666666667,14.466,2.348,6.684,693.508,1
2025-09-19 09:00:00,0.417524,4.81,17.326,2.324,7.514,687.348,1
2025-09-19 09:15:00,0.49719,6.56933333333333,35.214,2.42066666666667,10.9266666666667,686.818666666667,1
2025-09-19 09:30:00,0.468688666666667,6.32733333333333,28.3693333333333,3.43866666666667,10.79,683.534666666667,1
2025-09-19 09:45:00,0.436457333333333,5.84333333333333,24.564,3.912,10.5933333333333,681.977333333333,1
2025-09-19 10:00:00,0.435238666666667,7.23133333333333,22.5866666666667,5.344,13.1326666666667,682.33,2
2025-09-19 10:15:00,0.451062666666667,7.13666666666667,18.1653333333333,6.854,14.206,684.321333333333,2
2025-09-19 10:30:00,0.435599333333333,7.21,26.3073333333333,5.71133333333333,14.8713333333333,688.183333333333,2
2025-09-19 10:45:00,0.39966,5.78933333333333,18.8293333333333,6.90133333333333,11.4706666666667,686.12,2
2025-09-19 11:00:00,0.378572666666667,5.48066666666667,14.472,7.96933333333333,10.7106666666667,684.939333333333,2
2025-09-19 11:15:00,0.355693333333333,4.93266666666667,8.82666666666667,10.752,9.72733333333333,680.754666666667,2
2025-09-19 11:30:00,0.361675333333333,5.09333333333333,7.82866666666667,10.9993333333333,10.128,681.044666666667,2
2025-09-19 11:45:00,0.375878,5.16066666666667,8.66933333333333,9.54133333333333,10.322,686.802666666667,2
2025-09-19 12:00:00,0.359644,5.15533333333333,9.02333333333333,8.292,9.00666666666667,686.312666666667,1
2025-09-19 12:15:00,0.320165333333333,4.984,4.82266666666667,10.906,8.77733333333333,680.186666666667,1
2025-09-19 12:30:00,0.336482666666667,4.80133333333333,3.64866666666667,15.456,8.74,680.394666666667,1
2025-09-19 12:45:00,0.331828666666667,4.394,3.82066666666667,16.7706666666667,8.16533333333333,682.186666666667,1
2025-09-19 13:00:00,0.313134,3.84333333333333,4.09933333333333,16.356,7.85866666666667,684.216666666667,1
2025-09-19 13:15:00,0.27823,4.01066666666667,3.62,16.724,7.826,684.072,1
2025-09-19 13:30:00,0.252174,4.16066666666667,2.74866666666667,16.3306666666667,7.334,680.219333333333,1
2025-09-19 13:45:00,0.251515333333333,3.92933333333333,2.23466666666667,15.474,7.11,677.512666666667,1
2025-09-19 14:00:00,0.245782,3.97733333333333,1.89133333333333,18.6053333333333,7.39066666666667,677.448666666667,1
2025-09-19 14:15:00,0.253052666666667,4.128,1.734,19.3206666666667,7.39066666666667,673.248,2
2025-09-19 14:30:00,0.254259333333333,4.12,1.82,21.6406666666667,6.97066666666667,672.807333333333,2
2025-09-19 14:45:00,0.248565333333333,4.24133333333333,2.02733333333333,22.8373333333333,6.39133333333333,672.516666666667,2
2025-09-19 15:00:00,0.244803333333333,4.49,2.22666666666667,19.6906666666667,5.90066666666667,669.859333333333,2
2025-09-19 15:15:00,0.243562,4.80466666666667,2.07333333333333,22.688,6.146,670.912666666667,2
2025-09-19 15:30:00,0.232147333333333,4.94266666666667,2.068,21.1146666666667,5.94466666666667,669.283333333333,2
2025-09-19 15:45:00,0.22551,4.84133333333333,2.16533333333333,20.446,5.43066666666667,668.696666666667,2
2025-09-19 16:00:00,0.227764666666667,4.50933333333333,2.21733333333333,19.82,4.67333333333333,666.142666666667,2
2025-09-19 16:15:00,0.23873,4.666,2.03666666666667,14.908,4.44,665.788666666667,2
2025-09-19 16:30:00,0.243523333333333,4.74666666666667,1.874,15.4573333333333,4.56133333333333,663.476,2
2025-09-19 16:45:00,0.24795,5.05,1.74,15.77,4.29,653.84,2
2025-09-19 17:00:00,0.275571333333333,5.544,1.44666666666667,15.6113333333333,4.182,657.984,2
2025-09-19 17:15:00,0.310704,7.03933333333333,1.212,13.1053333333333,4.61133333333333,654.435333333333,2
2025-09-19 17:30:00,0.346149333333333,6.976,1.07066666666667,15.0613333333333,4.72666666666667,654.434666666667,2
2025-09-19 17:45:00,0.341861333333333,7.14933333333333,0.971333333333333,15.3386666666667,4.76866666666667,653.752,2
2025-09-19 18:00:00,0.356600666666667,7.67866666666667,0.84,14.312,4.81266666666667,652.066,2
2025-09-19 18:15:00,0.359258666666667,9.07133333333333,0.848,12.8373333333333,4.70933333333333,648.828666666667,2
2025-09-19 18:30:00,0.346841333333333,11.35,1.002,9.478,4.85933333333333,642.677333333333,2
2025-09-19 18:45:00,0.36696,13.0066666666667,0.942,7.91533333333333,4.79933333333333,637.612666666667,2
2025-09-19 19:00:00,0.373115,14.1,0.651666666666667,7.64333333333333,5.145,635.551666666667,2
2025-09-19 20:15:00,0.44022125,17.08,1.0225,3.66375,13.2686666666667,651.543333333333,2
2025-09-19 20:30:00,0.404664666666667,14.4526666666667,1.08733333333333,5.06,6.30333333333333,648.748666666667,2
2025-09-19 20:45:00,0.393758,13.9313333333333,1.112,6.604,7.21666666666667,647.73,2
2025-09-19 21:00:00,0.449176666666667,13.928,1.11933333333333,4.59666666666667,6.87533333333333,658.111333333333,2
2025-09-19 21:15:00,0.419160666666667,12.5646666666667,1.14866666666667,5.41733333333333,7.40333333333333,656.546666666667,2
2025-09-19 21:30:00,0.43675,13.134,1.172,3.29533333333333,7.198,662.777333333333,2
2025-09-19 21:45:00,0.430056,12.6573333333333,1.198,3.31133333333333,7.36533333333333,665.902666666667,2
2025-09-19 22:00:00,0.402532666666667,12.0406666666667,1.21733333333333,5.26466666666667,10.4886666666667,662.390666666667,2
2025-09-19 22:15:00,0.428420666666667,11.0626666666667,1.22133333333333,4.66066666666667,10.764,671.006666666667,2
2025-09-19 22:30:00,0.414332666666667,9.19333333333333,1.42133333333333,4.60066666666667,10.776,669.016,2
2025-09-19 22:45:00,0.406132,8.766,1.422,2.418,8.92266666666667,674.517333333333,2
2025-09-19 23:00:00,0.407626666666667,9.61666666666667,1.464,1.54866666666667,8.66733333333333,676.229333333333,2
2025-09-19 23:15:00,0.427063333333333,10.184,1.53466666666667,1.60533333333333,10.2406666666667,674.597333333333,2
2025-09-19 23:30:00,0.382200666666667,7.868,1.29866666666667,3.638,9.33866666666667,665.483333333333,2
2025-09-19 23:45:00,0.373907333333333,7.516,1.37266666666667,3.092,8.42933333333333,670.928666666667,2
2025-09-20,0.38096,8.68,1.38,2.45,9.65,672.15,1
2025-09-20,0.403793333333333,8.21733333333333,1.39733333333333,2.50266666666667,9.928,670.654666666667,1
2025-09-20 00:15:00,0.396430666666667,7.68533333333333,1.50133333333333,2.90466666666667,10.4426666666667,672.116,1
2025-09-20 00:30:00,0.354645333333333,6.208,1.42,6.16,9.74266666666667,664.890666666667,1
2025-09-20 00:45:00,0.36521,5.792,1.428,3.99666666666667,8.90466666666667,674.822,1
2025-09-20 01:00:00,0.344661333333333,5.29266666666667,1.44666666666667,5.06333333333333,8.868,671.538,1
2025-09-20 01:15:00,0.346730666666667,5.05066666666667,1.53266666666667,3.45266666666667,9.332,676.467333333333,1
2025-09-20 01:30:00,0.358480666666667,5.43,1.672,1.31933333333333,8.908,678.998,1
2025-09-20 01:45:00,0.322261333333333,5.47733333333333,1.43,3.08,8.73866666666667,672.632,1
2025-09-20 02:00:00,0.350406666666667,5.342,1.59533333333333,4.50466666666667,9.19933333333333,670.848,1
2025-09-20 02:15:00,0.340899333333333,4.99666666666667,1.71066666666667,6.41533333333333,9.81466666666667,669.146,1
2025-09-20 02:30:00,0.386342666666667,7.19066666666667,2.49933333333333,3.4,10.356,674.975333333333,1
2025-09-20 02:45:00,0.422277333333333,8.44133333333333,4.03066666666667,1.298,10.2373333333333,682.538666666667,1
2025-09-20 03:00:00,0.386582,6.57066666666667,2.82133333333333,2.69466666666667,10.1373333333333,678.324,2
2025-09-20 03:15:00,0.359623333333333,5.04666666666667,1.85066666666667,3.44333333333333,9.83333333333333,677.752666666667,2
2025-09-20 03:30:00,0.332248,4.746,1.67533333333333,4.558,8.96866666666667,672.463333333333,1
2025-09-20 03:45:00,0.309719333333333,4.336,1.76866666666667,6.99,8.70933333333333,666.552,1
2025-09-20 04:00:00,0.310608666666667,4.32866666666667,1.80933333333333,7.51466666666667,8.64533333333333,668.094,1
2025-09-20 04:15:00,0.300726666666667,4.35733333333333,2.21866666666667,9.51,8.88666666666667,661.620666666667,1
2025-09-20 04:30:00,0.383083333333333,7.016,17.954,1.54466666666667,11.124,686.423333333333,1
2025-09-20 04:45:00,0.386122666666667,8.13333333333333,9.74,0.784666666666667,10.012,681.887333333333,1
2025-09-20 05:00:00,0.3294,4.924,2.78933333333333,5.93733333333333,8.49333333333333,669.586,1
2025-09-20 05:15:00,0.283039333333333,4.00533333333333,2.02733333333333,9.77133333333333,8.164,659.685333333333,1
2025-09-20 05:30:00,0.275034,3.97933333333333,2.014,10.0113333333333,7.97533333333333,659.252,1
2025-09-20 05:45:00,0.271052666666667,3.92666666666667,2.046,9.46266666666667,7.726,660.826666666667,1
2025-09-20 06:00:00,0.271345333333333,4.038,2.094,9.28533333333333,7.61666666666667,660.611333333333,1
2025-09-20 06:15:00,0.269051333333333,4.03066666666667,2.02066666666667,9.122,7.51666666666667,661.019333333333,1
2025-09-20 06:30:00,0.30242,5.40866666666667,4.15866666666667,5.61133333333333,8.46666666666667,666.969333333333,1
2025-09-20 06:45:00,0.276285333333333,4.33933333333333,2.22866666666667,9.25866666666667,7.60333333333333,658.835333333333,1
2025-09-20 07:00:00,0.280176,4.554,2.258,8.74533333333333,7.19866666666667,659.911333333333,1
2025-09-20 07:15:00,0.295257333333333,4.968,2.82266666666667,6.958,8.40466666666667,663.299333333333,1
2025-09-20 07:30:00,0.27965,4.246,2.252,9.868,6.956,658.626666666667,1
2025-09-20 07:45:00,0.297088666666667,5.152,3.49666666666667,8.15866666666667,7.48666666666667,663.01,1
2025-09-20 08:00:00,0.401235333333333,8.21133333333333,23.972,3.21333333333333,11.9026666666667,680.788,1
2025-09-20 08:15:00,0.426936,6.044,21.352,4.02266666666667,10.944,682.939333333333,1
2025-09-20 08:30:00,0.327948,4.17,4.13866666666667,8.15333333333333,7.126,668.261333333333,1
2025-09-20 08:45:00,0.293064666666667,4.13066666666667,2.92933333333333,10.2693333333333,6.87133333333333,661.22,1
2025-09-20 09:00:00,0.299152666666667,4.35533333333333,2.72,11.008,6.51,661.453333333333,1
2025-09-20 09:15:00,0.399191304347826,6.4595652173913,19.2934782608696,6.25521739130435,10.7621739130435,674.798695652174,1
2025-09-20 09:30:00,0.446449473684211,6.83684210526316,19.9673684210526,4.70789473684211,12.0973684210526,678.57,1
2025-09-20 09:45:00,0.425588,6.508,14.1773333333333,6.52066666666667,12.1713333333333,685.116666666667,2
2025-09-20 10:00:00,0.453616,5.69466666666667,12.3293333333333,7.898,11.4126666666667,686.57,2
2025-09-20 10:15:00,0.431915333333333,4.784,5.95266666666667,11.2313333333333,10.2006666666667,683.566666666667,2
2025-09-20 10:30:00,0.378014,4.58133333333333,4.26533333333333,12.59,9.45,685.284666666667,2
2025-09-20 10:45:00,0.33826,4.432,2.99466666666667,17.6593333333333,10.3513333333333,678.756666666667,2
2025-09-20 11:00:00,0.318665333333333,4.28333333333333,2.60266666666667,20.7026666666667,11.2053333333333,675.071333333333,2
2025-09-20 11:15:00,0.307615333333333,4.08666666666667,2.44066666666667,22.536,11.0893333333333,676.091333333333,2
2025-09-20 11:30:00,0.308700666666667,4.02333333333333,2.414,22.7253333333333,10.772,678.869333333333,2
2025-09-20 11:45:00,0.292014,3.94266666666667,2.17,26.8546666666667,11.7526666666667,671.402,2
2025-09-20 12:00:00,0.297539333333333,4.178,2.012,26.4626666666667,12.1693333333333,674.958666666667,2
2025-09-20 12:15:00,0.303471333333333,4.31466666666667,1.96066666666667,28.042,12.4753333333333,675.873333333333,2
2025-09-20 12:30:00,0.302818666666667,5.80466666666667,2.07466666666667,31.2586666666667,13.3193333333333,675.055333333333,2
2025-09-20 12:45:00,0.293907333333333,6.14733333333333,2.49266666666667,32.4513333333333,15.3453333333333,679.094666666667,2
2025-09-20 13:00:00,0.275054666666667,5.82666666666667,2.63133333333333,32.21,15.4466666666667,681.848666666667,2
2025-09-20 13:15:00,0.279333333333333,5.73333333333333,2.392,32.6546666666667,18.8993333333333,685.967333333333,2
2025-09-20 13:30:00,0.337063333333333,5.75133333333333,2.11533333333333,33.372,27.9533333333333,689.210666666667,2
2025-09-20 13:45:00,0.369479333333333,5.984,2.04933333333333,33.2033333333333,31.46,688.072666666667,3
2025-09-20 14:00:00,0.447510666666667,6.05533333333333,2.114,33.9586666666667,41.5933333333333,688.111333333333,3
2025-09-20 14:15:00,0.497884666666667,5.93466666666667,2.21866666666667,34.0566666666667,46.9186666666667,684.762666666667,4
2025-09-20 14:30:00,0.47997,5.7,2.27466666666667,34.246,40.164,683.036666666667,5
2025-09-20 14:45:00,0.470944666666667,5.67666666666667,2.29066666666667,33.0766666666667,39.042,680.458666666667,5
2025-09-20 15:00:00,0.471335333333333,5.73133333333333,2.30933333333333,33.1853333333333,39.2993333333333,680.555333333333,5
2025-09-20 15:15:00,0.457568666666667,5.72266666666667,2.38066666666667,32.9866666666667,38.4646666666667,674.813333333333,4
2025-09-20 15:30:00,0.435082666666667,5.91666666666667,2.44133333333333,32.07,34.236,667.666,4
2025-09-20 15:45:00,0.444608,6.73466666666667,2.466,30.512,33.0186666666667,665.844666666667,4
2025-09-20 16:00:00,0.425652,6.69333333333333,2.50333333333333,31.8253333333333,28.6546666666667,660.914666666667,4
2025-09-20 16:15:00,0.422957333333333,6.488,2.556,32.256,29.1973333333333,654.958,4
2025-09-20 16:30:00,0.454802,6.98066666666667,2.58666666666667,32.3493333333333,33.706,653.246666666667,4
2025-09-20 17:00:00,0.474067333333333,12.6626666666667,2.46866666666667,23.1653333333333,35.3593333333333,658.504666666667,4
2025-09-20 17:15:00,0.500314666666667,15.812,2.42466666666667,19.5966666666667,39.1473333333333,652.138,4
2025-09-20 17:30:00,0.521375333333333,14.372,2.17666666666667,23.3173333333333,40.4786666666667,648.645333333333,4
2025-09-20 17:45:00,0.530212666666667,16.1046666666667,1.884,20.7046666666667,37.9193333333333,645.232666666667,4
2025-09-20 18:00:00,0.540965333333333,18.2606666666667,1.62133333333333,16.374,38.9593333333333,645.410666666667,4
2025-09-20 18:15:00,0.544554666666667,20.4433333333333,1.42666666666667,14.6493333333333,41.3213333333333,643.378,4
2025-09-20 18:30:00,0.51885,22.8173333333333,1.23,11.93,34.804,640.705333333333,4
2025-09-20 18:45:00,0.484482,19.1226666666667,1.07066666666667,11.198,28.1586666666667,637.772666666667,4
2025-09-20 19:00:00,0.432712,14.304,0.903333333333333,14.602,19.8626666666667,634.586,4
2025-09-20 19:15:00,0.407295333333333,14.5646666666667,0.738,12.912,15.5606666666667,633.308666666667,4
2025-09-20 19:30:00,0.412060666666667,15.9446666666667,0.617333333333333,9.436,16.292,635.083333333333,4
2025-09-20 19:45:00,0.416887333333333,15.6093333333333,0.584666666666667,9.21466666666667,16.2813333333333,638.127333333333,4
2025-09-20 20:00:00,0.487962,16.5426666666667,0.615333333333333,6.49533333333333,20.354,651.294666666667,4
2025-09-20 20:15:00,0.484492,15.8546666666667,0.739333333333333,6.15066666666667,21.0113333333333,652.21,3
2025-09-20 20:30:00,0.423274,15.6753333333333,2.39666666666667,3.19,13.8,646.918,3
2025-09-20 20:45:00,0.41312,13.4633333333333,3.71533333333333,2.142,13.2866666666667,645.585333333333,3
2025-09-20 21:00:00,0.40445,13.7893333333333,1.56466666666667,4.52933333333333,13.0473333333333,642.414666666667,3
2025-09-20 21:15:00,0.410406,13.8706666666667,1.298,5.46866666666667,12.7373333333333,643.393333333333,3
2025-09-20 21:30:00,0.446484,14.326,1.434,3.604,14.496,653.318666666667,2
2025-09-20 21:45:00,0.482476,15.5566666666667,1.26333333333333,2.97333333333333,14.77,655.663333333333,2
2025-09-20 22:00:00,0.497588,28.2966666666667,0.816,2.21866666666667,14.62,656.386,2
2025-09-20 22:15:00,0.506531333333333,33.758,0.639333333333333,2.59133333333333,14.5226666666667,650.05,2
2025-09-20 22:30:00,0.550506666666667,32.6326666666667,0.749333333333333,4.378,13.07,647.546,3
2025-09-20 22:45:00,0.50435,29.932,0.814666666666667,6.78266666666667,12.4206666666667,642.959333333333,3
2025-09-20 23:00:00,0.499449333333333,27.378,0.83,7.48466666666667,11.8346666666667,643.064,3
2025-09-20 23:15:00,0.454722,27.298,0.830666666666667,5.99266666666667,11.8466666666667,645.312666666667,3
2025-09-20 23:30:00,0.437542666666667,24.8253333333333,0.812,5.28133333333333,11.6166666666667,648.879333333333,3
2025-09-20 23:45:00,0.4220225,23.3025,0.805,6.025,10.9375,649.5075,3
2025-09-21,0.347974,21.6306666666667,0.949333333333333,9.544,8.93,624.596,3
2025-09-21 00:15:00,0.350142666666667,21.826,0.929333333333333,8.20933333333333,9.03466666666667,629.88,3
2025-09-21 00:30:00,0.350102666666667,19.8166666666667,0.911333333333333,7.73733333333333,8.6,635.284666666667,3
2025-09-21 00:45:00,0.375176,19.3713333333333,0.886,7.45666666666667,9.21466666666667,636.127333333333,3
2025-09-21 01:00:00,0.385526666666667,18.3073333333333,0.877333333333333,7.278,9.342,638.792666666667,3
2025-09-21 01:15:00,0.376996666666667,16.0046666666667,0.855333333333333,8.482,9.298,641.065333333333,3
2025-09-21 01:30:00,0.348047333333333,11.6766666666667,0.866666666666667,10.512,8.88066666666667,639.556,3
2025-09-21 01:45:00,0.332098666666667,10.036,0.882,11.08,9.14266666666667,637.788,3
2025-09-21 02:00:00,0.323854,9.15066666666667,0.921333333333333,12.564,9.84733333333333,637.178,2
2025-09-21 02:15:00,0.320308666666667,8.92266666666667,0.902666666666667,13.502,10.188,638.110666666667,2
2025-09-21 02:30:00,0.320878,8.14,0.904666666666667,13.8713333333333,10.492,638.488666666667,2
2025-09-21 02:45:00,0.325243333333333,8.10533333333333,0.908,13.7393333333333,10.9326666666667,640.486,2
2025-09-21 03:00:00,0.315555333333333,8.67733333333333,1.034,12.7486666666667,8.336,637.861333333333,2
2025-09-21 03:15:00,0.284561333333333,8.60733333333333,1.102,12.752,5.86266666666667,633.541333333333,2
2025-09-21 03:30:00,0.262606,8.19133333333333,1.10333333333333,13.154,5.426,630.704666666667,2
2025-09-21 03:45:00,0.258068,8.242,1.11333333333333,13.0186666666667,6.01333333333333,631.622666666667,2
2025-09-21 04:00:00,0.253160666666667,7.874,1.17933333333333,12.9013333333333,6.866,632.144,2
2025-09-21 04:15:00,0.252504,8.83133333333333,1.18066666666667,12.038,7.18666666666667,630.602,2
2025-09-21 04:30:00,0.252704666666667,8.364,1.33933333333333,12.3433333333333,7.13733333333333,632.127333333333,2
2025-09-21 04:45:00,0.249904666666667,7.95733333333333,1.28266666666667,12.6853333333333,6.748,632.988666666667,2
2025-09-21 05:00:00,0.249869333333333,7.918,1.29533333333333,12.4013333333333,6.53533333333333,634.256,2
2025-09-21 05:15:00,0.251323333333333,7.73866666666667,1.40733333333333,12.3913333333333,7.30866666666667,636.77,2
2025-09-21 05:30:00,0.249488,7.32466666666667,1.42466666666667,12.3566666666667,7.96733333333333,636.464,2
2025-09-21 05:45:00,0.252672,6.90333333333333,1.444,13.416,9.36066666666667,636.543333333333,2
2025-09-21 06:00:00,0.255094,6.98533333333333,1.45733333333333,12.4893333333333,9.542,639.628666666667,2
2025-09-21 06:15:00,0.258831333333333,6.054,1.47666666666667,13.8653333333333,9.72666666666667,639.051333333333,2
2025-09-21 06:30:00,0.262727333333333,5.71933333333333,1.41866666666667,13.2293333333333,9.44133333333333,640.462666666667,2
2025-09-21 06:45:00,0.267010666666667,5.42933333333333,1.51533333333333,12.604,9.7,644.848,2
2025-09-21 07:00:00,0.268264,5.31333333333333,1.38866666666667,10.7666666666667,9.63533333333333,646.237333333333,2
2025-09-21 07:15:00,0.272476,5.15466666666667,1.49666666666667,11.048,9.58866666666667,647.385333333333,2
2025-09-21 07:30:00,0.270957333333333,4.93466666666667,1.584,12.0513333333333,9.45133333333333,647.032,2
2025-09-21 07:45:00,0.281706,5.55266666666667,1.54133333333333,10.556,9.22133333333333,649.32,2
2025-09-21 08:00:00,0.282384666666667,5.184,1.564,10.106,9.38866666666667,652.09,2
2025-09-21 08:15:00,0.297337333333333,7.028,2.59666666666667,7.62,9.338,654.081333333333,2
2025-09-21 08:30:00,0.289471333333333,7.85066666666667,4.522,7.284,9.32266666666667,654.024666666667,2
2025-09-21 08:45:00,0.292304666666667,8.27133333333333,4.59333333333333,7.47133333333333,9.97466666666667,655.912666666667,2
2025-09-21 09:00:00,0.290582666666667,6.29133333333333,3.56933333333333,8.82866666666667,9.48666666666667,656.169333333333,1
2025-09-21 09:15:00,0.301273333333333,7.11133333333333,6.83266666666667,6.908,9.494,660.690666666667,1
2025-09-21 09:30:00,0.303282666666667,7.98133333333333,18.0386666666667,4.90266666666667,10.7253333333333,667.996,1
2025-09-21 09:45:00,0.29126,4.92133333333333,4.86266666666667,9.956,10.5713333333333,675.264,2
2025-09-21 10:00:00,0.281996,4.18733333333333,2.98733333333333,12.4813333333333,9.24266666666667,673.208,2
2025-09-21 10:15:00,0.265218,4.19,3.00733333333333,12.582,9.108,672.750666666667,1
2025-09-21 10:30:00,0.262326,4.29466666666667,3.06333333333333,13.4833333333333,8.218,672.848,1
2025-09-21 10:45:00,0.255748,4.14066666666667,2.828,18.512,7.018,667.024666666667,1
2025-09-21 11:00:00,0.238262666666667,4.046,2.72266666666667,19.682,6.91266666666667,665.852,1
2025-09-21 11:15:00,0.230187333333333,4.23333333333333,2.49,18.5566666666667,7.082,665.844666666667,1
2025-09-21 11:30:00,0.235858,4.682,2.17666666666667,18.2146666666667,7.22733333333333,664.817333333333,2
2025-09-21 11:45:00,0.241176666666667,4.77,2.07866666666667,20.068,7.15933333333333,664.181333333333,2
2025-09-21 12:00:00,0.244024666666667,4.41333333333333,2.048,22.1253333333333,7.012,663.34,2
2025-09-21 12:15:00,0.25726,4.47133333333333,2.20933333333333,23.422,6.89466666666667,665.870666666667,2
2025-09-21 12:30:00,0.261423333333333,4.568,2.62333333333333,26.932,6.49,669.426666666667,2
2025-09-21 12:45:00,0.252749333333333,4.27933333333333,2.516,27.1466666666667,6.302,670.984,2
2025-09-21 13:00:00,0.234814666666667,3.936,2.58066666666667,26.4173333333333,5.84933333333333,670.126,2
2025-09-21 13:15:00,0.227763333333333,3.75933333333333,2.564,25.4286666666667,5.79533333333333,669.434,2
2025-09-21 13:30:00,0.234113333333333,3.73066666666667,2.512,24.9106666666667,5.404,670.679333333333,2
2025-09-21 13:45:00,0.219354,3.756,2.358,25.1866666666667,4.97533333333333,669.002,2
2025-09-21 14:00:00,0.214874666666667,3.85133333333333,2.29066666666667,25.5913333333333,4.54533333333333,666.961333333333,2
2025-09-21 14:15:00,0.213814666666667,4.11466666666667,2.28,25.2413333333333,4.17133333333333,666.817333333333,2
2025-09-21 14:30:00,0.203245333333333,4.72,2.12733333333333,25.8986666666667,3.86866666666667,664.84,2
2025-09-21 14:45:00,0.204677333333333,4.58866666666667,2.03733333333333,25.3806666666667,3.69866666666667,664.014,2
2025-09-21 15:00:00,0.201823333333333,4.87333333333333,2.12733333333333,26.1713333333333,3.58,663.428666666667,2
2025-09-21 15:15:00,0.209877333333333,4.554,2.058,23.8686666666667,3.68,663.796666666667,2
2025-09-21 15:30:00,0.215482,5.404,2.148,26.034,3.246,661.629333333333,2
2025-09-21 15:45:00,0.208503333333333,5.84066666666667,2.30733333333333,26.2033333333333,2.57466666666667,660.890666666667,2
2025-09-21 16:00:00,0.201725333333333,5.36333333333333,2.27466666666667,25.6633333333333,2.70266666666667,659.549333333333,2
2025-09-21 16:15:00,0.211375333333333,5.90066666666667,15.002,15.696,3.56466666666667,657.029333333333,2
2025-09-21 16:30:00,0.216844,5.048,1.69866666666667,22.3753333333333,3.21666666666667,650.322666666667,2
2025-09-21 17:00:00,0.241252666666667,8.12066666666667,1.97733333333333,16.3366666666667,3.68066666666667,645.015333333333,2
2025-09-21 17:15:00,0.255719333333333,9.926,2.33866666666667,15.2686666666667,4.11533333333333,645.322666666667,2
2025-09-21 17:30:00,0.252582,7.164,1.352,19.6133333333333,3.29333333333333,639.708,2
2025-09-21 17:45:00,0.254854,8.928,1.32533333333333,17.4133333333333,3.42333333333333,633.445333333333,2
2025-09-21 18:00:00,0.273932666666667,10.3073333333333,1.42466666666667,17.542,4.8,629.838666666667,2
2025-09-21 18:15:00,0.271588666666667,11.0406666666667,1.33933333333333,18.9693333333333,3.95666666666667,624.075333333333,2
2025-09-21 18:30:00,0.272852,10.962,1.258,20.826,3.72866666666667,623.078666666667,2
2025-09-21 18:45:00,0.265243333333333,10.5173333333333,1.176,22.5173333333333,3.76733333333333,620.092666666667,2
2025-09-21 19:00:00,0.267504666666667,11.2233333333333,1.01933333333333,22.7513333333333,3.938,618.469333333333,2
2025-09-21 19:15:00,0.273254666666667,12.6306666666667,0.986,20.61,4.08466666666667,616.093333333333,2
2025-09-21 19:30:00,0.278664666666667,19.024,1.00866666666667,13.2613333333333,4.38333333333333,613.980666666667,2
2025-09-21 19:45:00,0.29593,13.342,1.112,11.544,4.076,616.302,2
2025-09-21 20:00:00,0.284703333333333,12.47,1.21933333333333,10.38,3.91533333333333,614.165333333333,2
2025-09-21 20:15:00,0.286574666666667,12.1606666666667,1.31533333333333,10.064,3.77466666666667,613.893333333333,2
2025-09-21 20:30:00,0.286906,11.634,1.38666666666667,10.136,3.566,613.787333333333,2
2025-09-21 20:45:00,0.286259333333333,10.408,1.444,10.144,3.45533333333333,613.083333333333,2
2025-09-21 21:00:00,0.279321333333333,9.738,1.494,10.1333333333333,3.44133333333333,612.4,2
2025-09-21 21:15:00,0.278738,9.09,1.516,9.70733333333333,3.31933333333333,612.616,2
2025-09-21 21:30:00,0.278481333333333,8.77,1.54133333333333,9.04733333333333,3.398,614.004666666667,2
2025-09-21 21:45:00,0.274544666666667,7.91133333333333,1.56466666666667,8.77866666666667,3.27066666666667,615.875333333333,2
2025-09-21 22:00:00,0.271324666666667,7.30466666666667,1.592,8.772,3.15733333333333,615.450666666667,2
2025-09-21 22:15:00,0.273683333333333,6.886,1.60666666666667,9.05266666666667,3.474,618.703333333333,2
2025-09-21 22:30:00,0.280068666666667,6.42533333333333,1.618,9.014,4.048,617.650666666667,1
2025-09-21 22:45:00,0.268193333333333,6.32333333333333,1.636,7.662,3.28866666666667,616.420666666667,1
2025-09-21 23:00:00,0.269532,6.08266666666667,1.68266666666667,7.43733333333333,3.14,619.264666666667,1
2025-09-21 23:15:00,0.268634,5.44133333333333,1.692,8.82066666666667,3.34933333333333,617.304,1
2025-09-21 23:30:00,0.261808181818182,5.65636363636364,1.70727272727273,7.85363636363636,3.12909090909091,617.904545454545,1
2025-09-22,0.261129333333333,5.22666666666667,1.73666666666667,8.172,3.21733333333333,616.993333333333,1
2025-09-22 00:15:00,0.259967333333333,5.30733333333333,1.74533333333333,7.348,3.25666666666667,619.65,1
2025-09-22 00:30:00,0.252221333333333,5.03933333333333,1.766,7.70866666666667,3.20333333333333,618.134666666667,1
2025-09-22 00:45:00,0.253570666666667,4.77866666666667,1.78533333333333,8.42066666666667,3.04533333333333,618.494,1
2025-09-22 01:00:00,0.254773333333333,4.73933333333333,1.83666666666667,8.758,3.286,618.511333333333,1
2025-09-22 01:15:00,0.250724,4.682,1.84466666666667,8.48333333333333,3.08266666666667,617.056666666667,1
2025-09-22 01:30:00,0.247705333333333,4.65666666666667,1.86666666666667,8.97533333333333,3.27933333333333,618.044666666667,1
2025-09-22 01:45:00,0.246607333333333,4.762,1.834,8.262,3.16,619.643333333333,1
2025-09-22 02:00:00,0.244717333333333,4.584,1.87866666666667,8.284,3.29133333333333,617.892666666667,1
2025-09-22 02:15:00,0.247253333333333,4.59933333333333,1.85,8.08666666666667,3.25133333333333,619.449333333333,1
2025-09-22 02:30:00,0.247442,4.508,1.916,8.72333333333333,3.412,617.466,1
2025-09-22 02:45:00,0.247174666666667,4.50333333333333,1.90333333333333,9.328,3.32533333333333,618.63,1
2025-09-22 03:00:00,0.246144666666667,4.428,1.97466666666667,8.84133333333333,3.358,621.489333333333,1
2025-09-22 03:15:00,0.263060666666667,4.87466666666667,1.95866666666667,8.51933333333333,3.64866666666667,625.239333333333,1
2025-09-22 03:30:00,0.275366666666667,5.002,1.98133333333333,8.30866666666667,3.782,625.175333333333,1
2025-09-22 03:45:00,0.255546666666667,4.63066666666667,2.11266666666667,9.96666666666667,3.80466666666667,623.464,1
2025-09-22 04:00:00,0.249972666666667,4.50133333333333,2.114,9.75933333333333,3.72733333333333,624.340666666667,1
2025-09-22 04:15:00,0.245589333333333,4.40066666666667,2.11933333333333,9.648,3.67133333333333,622.660666666667,1
2025-09-22 04:30:00,0.240432,4.52533333333333,1.916,7.744,3.62266666666667,626.468666666667,1
2025-09-22 04:45:00,0.243032666666667,4.53533333333333,1.924,7.67666666666667,3.54333333333333,626.941333333333,1
2025-09-22 05:00:00,0.245380666666667,4.43666666666667,1.934,7.96533333333333,3.58,628.530666666667,1
2025-09-22 05:15:00,0.245838,4.4,1.922,8.10866666666667,3.684,629.79,1
2025-09-22 05:30:00,0.246920666666667,4.37066666666667,1.984,8.00933333333333,3.60533333333333,630.289333333333,1
2025-09-22 05:45:00,0.253944,4.35733333333333,2.06,8.88333333333333,3.66066666666667,631.678666666667,1
2025-09-22 06:00:00,0.255545333333333,4.386,2.07133333333333,7.374,3.49266666666667,635.428666666667,1
2025-09-22 06:15:00,0.252218,4.43133333333333,2.086,6.49066666666667,3.574,635.982,1
2025-09-22 06:30:00,0.259690666666667,4.52733333333333,2.01866666666667,6.04533333333333,3.714,637.418666666667,1
2025-09-22 06:45:00,0.264587333333333,4.62733333333333,2.03933333333333,5.66733333333333,3.7,639.164,1
2025-09-22 07:00:00,0.288701333333333,5.69933333333333,4.72466666666667,4.48533333333333,4.42333333333333,640.183333333333,1
2025-09-22 07:15:00,0.354700666666667,8.64866666666667,17.5613333333333,1.08066666666667,5.85733333333333,646.188666666667,1
2025-09-22 07:30:00,0.365858666666667,8.838,30.5486666666667,0.837333333333333,6.94266666666667,648.646666666667,1
2025-09-22 07:45:00,0.407449333333333,8.36066666666667,31.0153333333333,1.77933333333333,6.17066666666667,658.321333333333,1
2025-09-22 08:00:00,0.429912,5.85,15.716,3.984,5.1,660.560666666667,1
2025-09-22 08:15:00,0.363396666666667,4.83466666666667,5.19533333333333,6.24266666666667,4.938,650.836666666667,1
2025-09-22 08:30:00,0.32969,4.56466666666667,3.01666666666667,6.09266666666667,4.75533333333333,644.549333333333,1
2025-09-22 08:45:00,0.342296,4.856,2.92866666666667,6.686,4.794,648.99,1
2025-09-22 09:00:00,0.310152666666667,4.648,2.58466666666667,11.3426666666667,4.98066666666667,642.302666666667,1
2025-09-22 09:15:00,0.306883333333333,4.59933333333333,2.75866666666667,13.0906666666667,5.93866666666667,643.352666666667,1
2025-09-22 09:30:00,0.299997333333333,4.70866666666667,3.00333333333333,12.574,6.33266666666667,646.035333333333,1
2025-09-22 09:45:00,0.299318,4.88733333333333,3.17066666666667,12.7626666666667,7.11266666666667,646.076,1
2025-09-22 10:00:00,0.295477333333333,5.298,3.20133333333333,13.3,8.1,644.943333333333,1
2025-09-22 10:15:00,0.288724666666667,5.34733333333333,2.98266666666667,14.9433333333333,8.422,642.968666666667,1
2025-09-22 10:30:00,0.29066,5.522,3.28666666666667,14.898,8.44666666666667,645.2,1
2025-09-22 10:45:00,0.287281333333333,5.58533333333333,3.56133333333333,14.22,8.76266666666667,647.578,1
2025-09-22 11:00:00,0.287256666666667,5.61466666666667,3.684,14.0333333333333,8.62333333333333,647.399333333333,1
2025-09-22 11:15:00,0.286374,5.422,3.492,14.872,8.496,648.02,1
2025-09-22 11:30:00,0.283850666666667,5.45866666666667,3.452,15.4033333333333,8.53133333333333,647.233333333333,1
2025-09-22 11:45:00,0.283202,5.22133333333333,3.33866666666667,16.8153333333333,8.13266666666667,648.060666666667,2
2025-09-22 12:00:00,0.292951333333333,5.298,3.42533333333333,17,8.68933333333333,648.581333333333,2
2025-09-22 12:15:00,0.292324666666667,5.10466666666667,3.228,17.5373333333333,8.614,649.737333333333,2
2025-09-22 12:30:00,0.302854666666667,4.742,2.92666666666667,19.1613333333333,7.974,652.292,2
2025-09-22 12:45:00,0.292172666666667,4.07666666666667,3.34,20.98,8.084,656.434,2
2025-09-22 13:00:00,0.274537333333333,4.97133333333333,3.49133333333333,20.708,7.90866666666667,661.984,2
2025-09-22 13:15:00,0.261784666666667,5.75466666666667,3.14333333333333,19.1406666666667,7.63733333333333,665.893333333333,2
2025-09-22 13:30:00,0.251262,6.19466666666667,3.006,20.82,7.51466666666667,667.58,2
2025-09-22 13:45:00,0.240508666666667,6.11933333333333,2.846,20.9813333333333,7.374,668.976,2
2025-09-22 14:00:00,0.237427333333333,6.09866666666667,2.99,19.5313333333333,7.93533333333333,670.406,2
2025-09-22 14:15:00,0.244379333333333,5.96466666666667,2.918,20.0866666666667,8.00933333333333,671.66,2
2025-09-22 14:30:00,0.237388,5.86266666666667,2.734,20.068,7.26533333333333,670.606666666667,2
2025-09-22 14:45:00,0.242318,5.882,3.082,18.0473333333333,7.43266666666667,670.863333333333,2
2025-09-22 15:00:00,0.242304,5.90666666666667,2.37933333333333,20.544,7.026,667.86,2
2025-09-22 15:15:00,0.241418,5.862,2.30333333333333,22.132,6.75733333333333,667.723333333333,2
2025-09-22 15:30:00,0.247028666666667,5.85266666666667,2.37133333333333,23.294,6.62666666666667,666.944666666667,2
2025-09-22 15:45:00,0.242259333333333,5.812,2.42,21.9,6.39266666666667,663.980666666667,2
2025-09-22 16:00:00,0.258357333333333,5.75666666666667,2.49133333333333,21.34,6.56,662.031333333333,2
2025-09-22 16:15:00,0.267243333333333,5.83066666666667,2.592,22.8733333333333,6.416,657.526,2
2025-09-22 16:30:00,0.28809,6.36333333333333,2.63933333333333,23.722,6.94333333333333,655.977333333333,2
2025-09-22 17:00:00,0.3005,16.4906666666667,4.56133333333333,10.5333333333333,9.68333333333333,639.307333333333,2
2025-09-22 17:15:00,0.303342,13.7706666666667,1.56333333333333,15.6233333333333,8.258,635.516,2
2025-09-22 17:30:00,0.303559333333333,14.1446666666667,1.21466666666667,15.7746666666667,8.60733333333333,630.465333333333,2
2025-09-22 17:45:00,0.30051,15.4,1.0275,14.4875,8.4,626.23,2
2025-09-23,0.307997333333333,7.82666666666667,1.63933333333333,6.016,4.60933333333333,631.574666666667,1
2025-09-23 00:15:00,0.305716,7.72866666666667,1.66133333333333,5.68466666666667,4.36333333333333,630.562,1
2025-09-23 00:30:00,0.293979333333333,7.816,1.71666666666667,5.714,4.416,629.575333333333,1
2025-09-23 00:45:00,0.299992,8.388,1.73066666666667,4.85533333333333,4.06733333333333,634.015333333333,1
2025-09-23 01:00:00,0.285087333333333,7.01866666666667,1.76466666666667,6.83,3.79533333333333,627.046,1
2025-09-23 01:15:00,0.278504,6.268,1.76333333333333,8.162,3.79733333333333,627.109333333333,1
2025-09-23 01:30:00,0.277038666666667,6.488,1.78533333333333,6.33933333333333,3.73933333333333,630.424666666667,1
2025-09-23 01:45:00,0.282048,6.958,1.81333333333333,5.45266666666667,3.65866666666667,630.66,1
2025-09-23 02:00:00,0.279093333333333,6.62466666666667,1.85133333333333,6.04266666666667,3.48,629.799333333333,1
2025-09-23 02:15:00,0.278323333333333,6.86266666666667,1.886,5.95066666666667,3.474,627.576,1
2025-09-23 02:30:00,0.27358,6.77266666666667,1.89466666666667,6.11533333333333,3.57666666666667,629.721333333333,1
2025-09-23 02:45:00,0.278643333333333,7.07933333333333,1.90133333333333,4.55,3.45066666666667,636.424666666667,1
2025-09-23 03:00:00,0.274551333333333,7.89666666666667,1.92466666666667,3.57,3.46333333333333,634.922,1
2025-09-23 03:15:00,0.274106,7.87866666666667,1.858,4.25133333333333,3.376,636.537333333333,1
2025-09-23 03:30:00,0.275790666666667,7.61733333333333,2.03133333333333,4.168,3.52666666666667,639.387333333333,1
2025-09-23 03:45:00,0.277247333333333,8.198,2.07933333333333,3.23066666666667,3.41466666666667,640.543333333333,1
2025-09-23 04:00:00,0.263534,6.72,1.886,5.59866666666667,3.488,632.402,1
2025-09-23 04:15:00,0.262645333333333,6.90066666666667,2.11266666666667,5.19466666666667,3.422,636.239333333333,1
2025-09-23 04:30:00,0.263716666666667,5.61933333333333,2.248,6.51533333333333,3.42066666666667,633.164666666667,1
2025-09-23 04:45:00,0.264863333333333,5.56933333333333,2.11533333333333,4.938,3.37133333333333,638.833333333333,1
2025-09-23 05:00:00,0.260185333333333,5.11466666666667,2.032,6.098,3.24,636.256,1
2025-09-23 05:15:00,0.296524666666667,6.162,2.31866666666667,3.44266666666667,3.334,639.788666666667,1
2025-09-23 05:30:00,0.277549333333333,5.848,2.244,3.61133333333333,3.39466666666667,641.706666666667,1
2025-09-23 05:45:00,0.268325333333333,5.32733333333333,2.10866666666667,5.02533333333333,3.44066666666667,638.438666666667,1
2025-09-23 06:00:00,0.452767333333333,7.05333333333333,2.94466666666667,2.90733333333333,3.384,642.543333333333,1
2025-09-23 06:15:00,0.359894,6.16333333333333,2.75666666666667,4.366,3.19733333333333,641.120666666667,1
2025-09-23 06:30:00,0.395250666666667,8.82133333333333,12.212,2.04866666666667,4.58066666666667,656.048666666667,1
2025-09-23 06:45:00,0.420754666666667,10.8926666666667,26.3526666666667,0.85,5.12666666666667,661.058,1
2025-09-23 07:00:00,0.411314,9.14333333333333,19.7233333333333,0.604,4.34866666666667,661.012,1
2025-09-23 07:15:00,0.597968,7.81866666666667,15.156,0.736,4.73666666666667,664.487333333333,1
2025-09-23 07:30:00,0.870960666666667,8.636,18.2086666666667,1.064,3.97266666666667,663.556,1
2025-09-23 07:45:00,0.785568,8.164,21.4626666666667,2.046,4.062,672.558666666667,1
2025-09-23 08:00:00,0.959626666666667,6.13133333333333,28.658,4.11666666666667,4.45133333333333,685.205333333333,1
2025-09-23 08:15:00,0.739754,5.32066666666667,25.2773333333333,4.25,5.02666666666667,684.820666666667,1
2025-09-23 08:30:00,0.647402,5.296,31.536,2.374,5.75533333333333,693.956,1
2025-09-23 08:45:00,0.587608,6.73666666666667,60.108,1.49866666666667,7.584,672.06,1
2025-09-23 09:00:00,0.516687333333333,6.036,49.258,2.91333333333333,7.04533333333333,660.087333333333,1
2025-09-23 09:15:00,0.484244666666667,6.10866666666667,63.7713333333333,2.13533333333333,8.002,658.225333333333,1
2025-09-23 09:30:00,0.453044666666667,5.754,56.588,2.398,7.56266666666667,657.004666666667,1
2025-09-23 09:45:00,0.439885333333333,5.92733333333333,41.7213333333333,2.826,7.11133333333333,657.777333333333,1
2025-09-23 10:00:00,0.378469333333333,5.65133333333333,24.19,4.75,6.45933333333333,654.739333333333,1
2025-09-23 10:15:00,0.36491,6.192,19.5553333333333,5.588,6.47,657.036666666667,1
2025-09-23 10:30:00,0.367210666666667,6.532,18.782,6.288,7.14866666666667,659.598666666667,1
2025-09-23 10:45:00,0.381806666666667,6.66066666666667,17.1773333333333,6.73066666666667,7.236,664.093333333333,1
2025-09-23 11:00:00,0.355304666666667,5.83733333333333,11.8806666666667,8.42333333333333,6.834,664.006,1
2025-09-23 11:15:00,0.351548666666667,6.54733333333333,11.6206666666667,8.30533333333333,7.01133333333333,667.419333333333,1
2025-09-23 11:30:00,0.331617333333333,5.48466666666667,9.55933333333333,9.35866666666667,6.738,666.102,1
2025-09-23 11:45:00,0.313324666666667,5.40066666666667,6.73933333333333,9.618,6.51866666666667,665.612,1
2025-09-23 12:00:00,0.311278,5.44066666666667,4.80666666666667,10.2946666666667,6.04266666666667,667.298,1
2025-09-23 12:15:00,0.31449,5.87533333333333,6.27933333333333,10.676,6.61,668.775333333333,1
2025-09-23 12:30:00,0.309372,4.996,3.26,14.6673333333333,6.53733333333333,672.896,1
2025-09-23 12:45:00,0.361304,4.35,3.074,16.7726666666667,6.342,682.353333333333,1
2025-09-23 13:00:00,0.34337,3.86333333333333,3.64733333333333,15.6246666666667,6.60133333333333,685.638,1
2025-09-23 13:15:00,0.304828666666667,3.86066666666667,3.43666666666667,15.1886666666667,6.968,687.130666666667,1
2025-09-23 13:30:00,0.293739333333333,3.96466666666667,2.83266666666667,15.5106666666667,7.18933333333333,688.769333333333,1
2025-09-23 13:45:00,0.266568,4.114,2.36466666666667,16.4513333333333,7.20333333333333,689.388,1
2025-09-23 14:00:00,0.259659333333333,4.24466666666667,2.036,17.2533333333333,7.46533333333333,690.688,1
2025-09-23 14:15:00,0.256315333333333,4.29133333333333,1.77133333333333,17.5033333333333,7.394,692.487333333333,1
2025-09-23 14:30:00,0.246778,4.30266666666667,1.86133333333333,18.9166666666667,7.43266666666667,692.921333333333,1
2025-09-23 14:45:00,0.252618,4.42333333333333,1.86933333333333,18.768,7.188,690.134,2
2025-09-23 15:00:00,0.252334,4.49666666666667,1.96266666666667,16.9206666666667,7.17066666666667,687.348666666667,2
2025-09-23 15:15:00,0.242931333333333,4.388,1.982,19.1026666666667,6.87333333333333,683.340666666667,2
2025-09-23 15:30:00,0.254233333333333,4.48533333333333,1.97066666666667,18.5393333333333,7.01466666666667,681.671333333333,2
2025-09-23 15:45:00,0.261752666666667,4.70666666666667,2.00666666666667,19.3106666666667,7.038,675.705333333333,2
2025-09-23 16:00:00,0.271722666666667,5.20066666666667,2.014,19.628,7.394,672.269333333333,2
2025-09-23 16:15:00,0.27205,5.36,1.93333333333333,20.4346666666667,7.538,670.213333333333,2
2025-09-23 16:30:00,0.273130666666667,6.996,6.58133333333333,15.3273333333333,7.894,667.587333333333,2
2025-09-23 17:00:00,0.288503333333333,8.972,6.91933333333333,8.65,7.57466666666667,665.227333333333,2
2025-09-23 17:15:00,0.274815333333333,9.00533333333333,2.20066666666667,11.9986666666667,7.44666666666667,658.45,2
2025-09-23 17:30:00,0.287630666666667,9.25133333333333,1.54333333333333,14.1526666666667,7.85,653.790666666667,2
2025-09-23 17:45:00,0.309944666666667,9.02666666666667,1.25733333333333,15.994,8.21066666666667,652.838,2
2025-09-23 18:00:00,0.325497333333333,10.872,1.59066666666667,12.6633333333333,8.42466666666667,651.584,2
2025-09-23 18:15:00,0.321423333333333,14.85,6.71666666666667,4.358,8.48466666666667,651.152,2
2025-09-23 18:30:00,0.311971333333333,14.6326666666667,2.50266666666667,7.244,7.86733333333333,646.526,2
2025-09-23 18:45:00,0.296221333333333,14.6593333333333,1.132,12.1546666666667,7.95533333333333,641.234,2
2025-09-23 19:00:00,0.303232,27.9093333333333,1.25066666666667,5.966,8.34466666666667,642.727333333333,2
2025-09-23 19:15:00,0.313203333333333,21.6953333333333,0.722,9.29333333333333,8.17133333333333,644.743333333333,2
2025-09-23 19:30:00,0.337198666666667,27.8433333333333,0.782,6.46,8.33533333333333,651.536,2
2025-09-23 19:45:00,0.399979333333333,30.272,1.11533333333333,3.64133333333333,8.42866666666667,659.687333333333,2
2025-09-23 20:00:00,0.44652,29.062,2.01733333333333,2.494,8.432,668.502666666667,2
2025-09-23 20:15:00,0.435184666666667,27.1193333333333,2.66533333333333,1.88533333333333,8.43133333333333,667.804666666667,2
2025-09-23 20:30:00,0.481348,26.9473333333333,5.484,2.02266666666667,9.52,674.428,3
2025-09-23 20:45:00,0.503277333333333,25.828,6.26733333333333,2.21266666666667,9.49933333333333,677.664,3
2025-09-23 21:00:00,0.471786666666667,22.4526666666667,5.57466666666667,1.958,8.87866666666667,678.123333333333,3
2025-09-23 21:15:00,0.462328666666667,18.8286666666667,4.68466666666667,1.71733333333333,8.48866666666667,678.403333333333,3
2025-09-23 21:30:00,0.416975333333333,12.75,2.504,2.00266666666667,9.43066666666667,673.641333333333,3
2025-09-23 21:45:00,0.405047333333333,9.22533333333333,1.75,2.98933333333333,9.82466666666667,671.056666666667,3
2025-09-23 22:00:00,0.367071333333333,6.20133333333333,1.55066666666667,4.99666666666667,11.55,662.384666666667,2
2025-09-23 22:15:00,0.368924666666667,6.48333333333333,1.778,4.56333333333333,10.9646666666667,661.132,2
2025-09-23 22:30:00,0.344388,5.40933333333333,1.71066666666667,5.878,11.462,660.771333333333,2
2025-09-23 22:45:00,0.325506,4.96,1.60666666666667,6.468,11.4233333333333,656.658,2
2025-09-23 23:00:00,0.369914666666667,5.34533333333333,1.53,4.58333333333333,11.824,661.428666666667,2
2025-09-23 23:15:00,0.337335333333333,5.20066666666667,1.486,5.322,11.3293333333333,658.972,2
2025-09-23 23:30:00,0.318514545454545,5.19909090909091,1.53363636363636,5.17545454545455,10.9536363636364,659.424545454545,2
2025-09-24,0.447986,5.35133333333333,1.568,5.33466666666667,9.89,659.678666666667,2
2025-09-24 00:15:00,0.586768666666667,5.442,1.598,5.05466666666667,9.484,661.661333333333,2
2025-09-24 00:30:00,0.345777333333333,5.18466666666667,1.56333333333333,5.97,8.92133333333333,658.77,1
2025-09-24 00:45:00,0.309595333333333,4.904,1.582,6.736,8.556,657.719333333333,1
2025-09-24 01:00:00,0.303110666666667,4.76533333333333,1.59466666666667,6.68866666666667,8.37933333333333,659.380666666667,1
2025-09-24 01:15:00,0.289797333333333,4.498,1.63733333333333,6.76333333333333,8.16466666666667,660.45,1
2025-09-24 01:30:00,0.286052,4.31266666666667,1.668,6.82466666666667,7.75933333333333,660.52,1
2025-09-24 01:45:00,0.289642666666667,4.32533333333333,1.718,6.436,7.45266666666667,661.919333333333,1
2025-09-24 02:00:00,0.306554,4.72066666666667,1.89933333333333,5.54,7.32533333333333,670.068,1
2025-09-24 02:15:00,0.311897333333333,4.61466666666667,1.81933333333333,3.734,7.14466666666667,675.208,1
2025-09-24 02:30:00,0.288436666666667,4.66266666666667,1.74133333333333,3.25866666666667,6.95266666666667,671.401333333333,1
2025-09-24 02:45:00,0.280019333333333,5.07733333333333,1.878,2.638,6.76133333333333,670.710666666667,1
2025-09-24 03:00:00,0.27378,4.85133333333333,1.84933333333333,4.62866666666667,6.76866666666667,664.584,1
2025-09-24 03:15:00,0.270597333333333,4.38533333333333,1.924,5.564,6.398,663.782666666667,1
2025-09-24 03:30:00,0.266770666666667,4.50066666666667,1.87866666666667,5.10866666666667,6.12333333333333,665.965333333333,1
2025-09-24 03:45:00,0.267847333333333,4.54066666666667,1.956,4.93866666666667,6.264,666.745333333333,1
2025-09-24 04:00:00,0.262659333333333,4.296,1.94266666666667,5.30133333333333,6.35466666666667,666.608666666667,1
2025-09-24 04:15:00,0.259408,4.38333333333333,1.95,5.40133333333333,5.95466666666667,664.720666666667,1
2025-09-24 04:30:00,0.261792,4.29666666666667,2.04666666666667,5.17733333333333,5.67,668.969333333333,1
2025-09-24 04:45:00,0.264909333333333,4.33333333333333,2.20066666666667,4.14866666666667,5.83533333333333,669.706666666667,1
2025-09-24 05:00:00,0.260971333333333,4.38066666666667,2.21266666666667,3.83666666666667,5.75666666666667,668.864,1
2025-09-24 05:15:00,0.265221333333333,4.356,2.198,4.76266666666667,5.67266666666667,670.662666666667,1
2025-09-24 05:30:00,0.277148666666667,4.77333333333333,2.38533333333333,2.622,5.698,676.204,1
2025-09-24 05:45:00,0.283206666666667,4.93933333333333,2.696,2.706,5.90133333333333,674.043333333333,1
2025-09-24 06:00:00,0.280722,4.698,2.45266666666667,3.39,5.91266666666667,673.063333333333,1
2025-09-24 06:15:00,0.289848666666667,4.72733333333333,2.57333333333333,3.28933333333333,5.60266666666667,675.794,1
2025-09-24 06:30:00,0.303348,5.408,3.082,4.236,5.90866666666667,673.714,1
2025-09-24 06:45:00,0.333452666666667,5.888,4.44533333333333,2.574,5.994,679.986666666667,1
2025-09-24 07:00:00,0.33129,5.068,3.84933333333333,1.91866666666667,5.81133333333333,684.304,1
2025-09-24 07:15:00,0.41831,5.72533333333333,17.2553333333333,0.838,6.338,700.357333333333,1
2025-09-24 07:30:00,0.417344,6.96533333333333,16.024,0.918,6.80533333333333,696.944,1
2025-09-24 07:45:00,0.406960666666667,6.31866666666667,15.264,1.48,6.72866666666667,697.298666666667,1
2025-09-24 08:00:00,0.429912666666667,5.422,15.1153333333333,2.18933333333333,6.82266666666667,705.336,1
2025-09-24 08:15:00,0.4709,4.87266666666667,18.94,3.32466666666667,7.346,708.000666666667,1
2025-09-24 08:30:00,0.47475,5.17866666666667,17.5466666666667,3.03266666666667,7.47533333333333,702.314666666667,1
2025-09-24 08:45:00,0.429568666666667,5.98933333333333,10.0626666666667,5.75666666666667,7.056,685.942666666667,1
2025-09-24 09:00:00,0.359966666666667,7.15933333333333,5.79533333333333,9.23,6.712,663.597333333333,1
2025-09-24 09:15:00,0.339559333333333,5.48,3.95266666666667,10.5213333333333,6.812,663.332,1
2025-09-24 09:30:00,0.333262,5.06533333333333,3.00866666666667,11.262,6.48,661.966666666667,1
2025-09-24 09:45:00,0.375811333333333,5.60866666666667,8.35866666666667,8.47,7.37466666666667,665.661333333333,1
2025-09-24 10:00:00,0.353538666666667,5.49,5.60733333333333,8.97466666666667,6.846,663.242666666667,1
2025-09-24 10:15:00,0.338420666666667,5.02266666666667,4.21,10.798,6.79333333333333,662.16,1
2025-09-24 10:30:00,0.353842666666667,5.63133333333333,10.178,8.16266666666667,7.64266666666667,671.891333333333,1
2025-09-24 10:45:00,0.334312,5.354,8.35066666666667,8.42666666666667,7.22466666666667,670.864,1
2025-09-24 11:00:00,0.303695333333333,5.036,4.69133333333333,9.99333333333333,6.37466666666667,664.561333333333,1
2025-09-24 11:15:00,0.28399,4.63333333333333,3.20733333333333,12.4153333333333,5.58866666666667,662.674,1
2025-09-24 11:30:00,0.285958666666667,4.47266666666667,2.84466666666667,14.962,5.348,660.104,1
2025-09-24 11:45:00,0.259280666666667,4.492,2.85133333333333,15.474,5.18333333333333,660.930666666667,1
2025-09-24 12:00:00,0.257823333333333,5.05466666666667,5.89666666666667,13.992,5.38,661.604666666667,1
2025-09-24 12:15:00,0.25164,4.43266666666667,2.802,17.666,5.098,659.389333333333,1
2025-09-24 12:30:00,0.262806,4.56933333333333,2.838,19.604,5.24733333333333,660.015333333333,1
2025-09-24 12:45:00,0.266887333333333,4.26933333333333,2.76,21.5333333333333,4.96133333333333,664.721333333333,1
2025-09-24 13:00:00,0.243801333333333,3.694,2.672,21.9586666666667,5.17933333333333,667.339333333333,1
2025-09-24 13:15:00,0.223996666666667,3.81,2.52866666666667,21.5133333333333,4.74866666666667,672.814666666667,1
2025-09-24 13:30:00,0.215907333333333,3.93466666666667,2.344,20.856,4.682,670.71,1
2025-09-24 13:45:00,0.208039333333333,4.03733333333333,2.11133333333333,21.664,4.63733333333333,669.748666666667,2
2025-09-24 14:00:00,0.206725333333333,4.16,1.99,22.346,4.858,670.711333333333,2
2025-09-24 14:15:00,0.206399333333333,4.174,2.01,22.988,5.084,669.121333333333,2
2025-09-24 14:30:00,0.219624,4.128,1.95266666666667,21.5466666666667,4.968,668.68,2
2025-09-24 14:45:00,0.231846,4.28733333333333,2.002,22.462,4.966,668.598666666667,2
2025-09-24 15:00:00,0.237614,4.344,1.972,20.766,4.69666666666667,670.326,2
2025-09-24 15:15:00,0.232408,4.30333333333333,2.038,20.8386666666667,4.814,668.728,2
2025-09-24 15:30:00,0.226063333333333,4.308,2.10066666666667,21.7026666666667,4.472,665.314666666667,2
2025-09-24 15:45:00,0.230031333333333,4.38266666666667,2.05733333333333,20.7133333333333,4.37266666666667,663.002,2
2025-09-24 16:00:00,0.237135333333333,4.46133333333333,1.94,21.2206666666667,4.45133333333333,663.910666666667,2
2025-09-24 16:15:00,0.235429333333333,5.10133333333333,1.74066666666667,20.268,3.71933333333333,658.652,2
2025-09-24 16:30:00,0.2455,7.05466666666667,6.16333333333333,11.902,4.01866666666667,655.285333333333,2
2025-09-24 17:00:00,0.250145333333333,6.79933333333333,0.986666666666667,17.2033333333333,3.56133333333333,643.120666666667,2
2025-09-24 17:15:00,0.254772,7.214,0.862,19.1993333333333,3.508,638.986,2
2025-09-24 17:30:00,0.255562,8.91266666666667,1.18266666666667,16.1706666666667,3.7,636.552,2
2025-09-24 17:45:00,0.27113,9.728,1.112,16.1473333333333,3.62466666666667,634.69,2
2025-09-24 18:00:00,0.265109333333333,9.63933333333333,0.855333333333333,17.3153333333333,3.65866666666667,632.722666666667,2
2025-09-24 18:15:00,0.274192666666667,9.03533333333333,0.730666666666667,18.6533333333333,3.52266666666667,629.887333333333,2
2025-09-24 18:30:00,0.27615,9.414,0.739333333333333,18.6053333333333,3.69066666666667,627.856666666667,2
2025-09-24 18:45:00,0.276948666666667,10.3793333333333,0.835333333333333,17.398,3.86266666666667,627.358,2
2025-09-24 19:00:00,0.29004,11.4353333333333,0.936,16.4893333333333,4.20133333333333,626.595333333333,2
2025-09-24 19:15:00,0.299098,13.2233333333333,1.024,15.5053333333333,4.182,628.868,2
2025-09-24 19:30:00,0.308507333333333,12.8993333333333,1.076,14.886,4.32133333333333,633.075333333333,2
2025-09-24 19:45:00,0.344172666666667,14.1173333333333,1.14,9.43,6.192,646.879333333333,2
2025-09-24 20:00:00,0.393058666666667,16.6666666666667,1.214,4.23466666666667,4.49933333333333,654.25,2
2025-09-24 20:15:00,0.389992,17.018,1.28266666666667,3.4,5.17533333333333,655.109333333333,2
2025-09-24 20:30:00,0.386536666666667,16.8006666666667,1.32866666666667,3.06866666666667,4.88333333333333,656.829333333333,2
2025-09-24 20:45:00,0.395146,16.102,1.35866666666667,2.97333333333333,5.288,657.422,2
2025-09-24 21:00:00,0.384920666666667,14.9953333333333,1.39066666666667,2.94866666666667,5.09066666666667,659.782666666667,2
2025-09-24 21:15:00,0.365486666666667,13.0966666666667,1.41866666666667,3.17266666666667,5.27666666666667,651.624666666667,2
2025-09-24 21:30:00,0.362525333333333,12.832,1.43133333333333,2.69466666666667,5.226,651.849333333333,2
2025-09-24 21:45:00,0.365322666666667,12.2826666666667,1.51266666666667,2.34,4.852,653.504666666667,2
2025-09-24 22:00:00,0.356376666666667,11.0873333333333,1.51133333333333,2.668,4.51533333333333,652.21,2
2025-09-24 22:15:00,0.352110666666667,10.0053333333333,1.75933333333333,2.51066666666667,4.32466666666667,655.414,2
2025-09-24 22:30:00,0.347026,8.61266666666667,1.78466666666667,2.264,4.13066666666667,656.891333333333,2
2025-09-24 22:45:00,0.320444,7.40533333333333,1.80066666666667,2.84,3.86333333333333,655.622,1
2025-09-24 23:00:00,0.298852666666667,6.47866666666667,1.672,4.008,3.43133333333333,653.8,1
2025-09-24 23:15:00,0.292334,5.77066666666667,1.73266666666667,4.38133333333333,3.22933333333333,651.752,1
2025-09-24 23:30:00,0.286592727272727,5.45545454545455,1.94272727272727,4.67090909090909,3.87818181818182,651.103636363636,1
2025-09-25,0.262992,4.232,1.742,8.10933333333333,2.904,647.151333333333,1
2025-09-25 00:15:00,0.2616,4.11733333333333,1.76533333333333,7.13666666666667,2.72466666666667,650.106,1
2025-09-25 00:30:00,0.270277333333333,4.18533333333333,2.02866666666667,3.02066666666667,2.862,656.57,1
2025-09-25 00:45:00,0.272344666666667,4.62333333333333,1.94066666666667,2.03666666666667,2.77,654.154,1
2025-09-25 01:00:00,0.268655333333333,4.896,1.85666666666667,2.78266666666667,2.678,651.800666666667,1
2025-09-25 01:15:00,0.262786,4.9,1.798,4.43666666666667,2.67133333333333,648.34,1
2025-09-25 01:30:00,0.261865333333333,4.63466666666667,1.87466666666667,6.29066666666667,2.556,647.119333333333,1
2025-09-25 01:45:00,0.259519333333333,4.23133333333333,2.05133333333333,6.658,2.414,648.549333333333,1
2025-09-25 02:00:00,0.261358,4.23666666666667,2.104,6.712,2.39133333333333,648.308666666667,1
2025-09-25 02:15:00,0.251232,4.132,1.994,6.30866666666667,2.424,646.398,1
2025-09-25 02:30:00,0.250198,3.94733333333333,2.062,5.03533333333333,2.244,648.573333333333,1
2025-09-25 02:45:00,0.267873333333333,4.36733333333333,1.956,3.238,2.28,649.045333333333,1
2025-09-25 03:00:00,0.257084,4.32666666666667,1.99266666666667,3.944,2.22933333333333,647.818,1
2025-09-25 03:15:00,0.257057333333333,4.35533333333333,1.922,3.84266666666667,2.35866666666667,646.936,1
2025-09-25 03:30:00,0.27593,4.35,2.03933333333333,3.834,2.30866666666667,647.319333333333,1
2025-09-25 03:45:00,0.262150666666667,4.82666666666667,1.97066666666667,3.316,2.07733333333333,648.613333333333,1
2025-09-25 04:00:00,0.252833333333333,4.55933333333333,1.92066666666667,3.41866666666667,2.28,647.425333333333,1
2025-09-25 04:15:00,0.24832,4.22666666666667,1.87133333333333,3.13533333333333,2.13266666666667,648.508666666667,1
2025-09-25 04:30:00,0.24532,4.05133333333333,1.86533333333333,3.21866666666667,2.13533333333333,649.311333333333,1
2025-09-25 04:45:00,0.24791,4.17066666666667,1.92733333333333,3.33133333333333,2.22266666666667,649.415333333333,1
2025-09-25 05:00:00,0.250080666666667,4.512,2.012,3.54466666666667,2.23866666666667,651.696666666667,1
2025-09-25 05:15:00,0.251604666666667,4.256,2.05866666666667,4.17733333333333,2.21733333333333,652.796666666667,1
2025-09-25 05:30:00,0.252244666666667,3.87733333333333,2.226,6.02533333333333,2.306,650.218666666667,1
2025-09-25 05:45:00,0.256899333333333,3.88333333333333,2.48,6.888,2.34,650.837333333333,1
2025-09-25 06:00:00,0.255596,3.67466666666667,2.76,7.24466666666667,2.23,650.451333333333,1
2025-09-25 06:15:00,0.257703333333333,3.95933333333333,2.848,5.854,2.33066666666667,649.561333333333,1
2025-09-25 06:30:00,0.316354666666667,4.68266666666667,3.25333333333333,3.05133333333333,2.34133333333333,655.655333333333,1
2025-09-25 06:45:00,0.339196666666667,5.42466666666667,5.138,1.72333333333333,2.34266666666667,658.834666666667,1
2025-09-25 07:00:00,0.341869333333333,6.684,4.43266666666667,0.289333333333333,2.35733333333333,667.515333333333,1
2025-09-25 07:15:00,0.305188,5.436,3.50066666666667,2.642,2.34866666666667,665.025333333333,1
2025-09-25 07:30:00,0.322498,5.49066666666667,6.244,2.65666666666667,2.506,671.192666666667,1
2025-09-25 07:45:00,0.321543333333333,5.17933333333333,5.044,2.472,2.48866666666667,673.553333333333,1
2025-09-25 08:00:00,0.341064,5.16066666666667,6.052,1.95133333333333,2.69933333333333,681.07,1
2025-09-25 08:15:00,0.370198666666667,5.04666666666667,9.794,2.35266666666667,3.16733333333333,685.533333333333,1
2025-09-25 08:30:00,0.409775333333333,4.82733333333333,11.1286666666667,3.46266666666667,3.11866666666667,682.795333333333,1
2025-09-25 08:45:00,0.408288,4.90866666666667,12.0706666666667,4.32266666666667,3.86533333333333,682.199333333333,1
2025-09-25 09:00:00,0.389610666666667,5.12933333333333,10.6886666666667,6.002,4.86866666666667,672.412,1
2025-09-25 09:15:00,0.311616,5.01733333333333,4.81133333333333,8.63133333333333,5.09466666666667,655.446666666667,1
2025-09-25 09:30:00,0.316253333333333,5.822,6.078,6.23333333333333,6.01333333333333,657.068,1
2025-09-25 09:45:00,0.317466,5.486,5.92133333333333,8.75533333333333,5.56266666666667,657.326,1
2025-09-25 10:00:00,0.286034,4.72066666666667,4.79466666666667,12.444,5.172,653.094,1
2025-09-25 10:15:00,0.293300666666667,5.006,7.86333333333333,10.89,6.49533333333333,656.273333333333,1
2025-09-25 10:30:00,0.277660666666667,4.71466666666667,5.33933333333333,10.782,6.79666666666667,660.504666666667,1
2025-09-25 10:45:00,0.273617333333333,4.69066666666667,4.27733333333333,9.54266666666667,6.612,661.781333333333,1
2025-09-25 11:00:00,0.262054666666667,4.75333333333333,3.52933333333333,9.78866666666667,5.51266666666667,660.337333333333,1
2025-09-25 11:15:00,0.275958,4.85866666666667,3.17333333333333,12.058,5.142,660.007333333333,1
2025-09-25 11:30:00,0.266854666666667,4.57533333333333,3.02266666666667,15.3266666666667,4.556,657.638666666667,1
2025-09-25 11:45:00,0.251827333333333,4.64,3.04466666666667,15.7233333333333,4.1,655.816,1
2025-09-25 12:00:00,0.242842,4.90066666666667,2.822,14.206,4.75466666666667,653.565333333333,1
2025-09-25 12:15:00,0.247256,5.51666666666667,2.886,13.236,4.62266666666667,652.707333333333,1
2025-09-25 12:30:00,0.24563,5.24466666666667,2.64933333333333,15.5646666666667,3.98333333333333,652.098,1
2025-09-25 12:45:00,0.251562666666667,5.14133333333333,2.56733333333333,16.438,4.184,652.797333333333,1
2025-09-25 13:00:00,0.263719333333333,5.27666666666667,2.65733333333333,15.8446666666667,4.09333333333333,650.83,1
2025-09-25 13:15:00,0.264018,5.156,2.59066666666667,16.5066666666667,4.19866666666667,650.661333333333,1
2025-09-25 13:30:00,0.259634,4.91066666666667,2.67733333333333,17.9606666666667,4.11866666666667,649.969333333333,1
2025-09-25 13:45:00,0.249040666666667,4.758,2.71466666666667,18.3593333333333,4.00933333333333,648.011333333333,1
2025-09-25 14:00:00,0.253458,4.87733333333333,2.72333333333333,17.0766666666667,3.95133333333333,649.994,1
2025-09-25 14:15:00,0.244633333333333,4.75066666666667,2.84266666666667,17.4086666666667,3.58533333333333,649.04,1
2025-09-25 14:30:00,0.247877333333333,4.674,2.81266666666667,20.16,3.27733333333333,646.018666666667,1
2025-09-25 14:45:00,0.251567333333333,4.328,2.78866666666667,23.45,2.96466666666667,645.465333333333,1
2025-09-25 15:00:00,0.239434,3.886,2.778,23.018,2.761,642.423,2
2025-09-25 16:00:00,0.25567,4.23,2.63,22.5866666666667,2.84933333333333,637.339333333333,2
2025-09-25 16:15:00,0.264383333333333,4.16533333333333,2.62266666666667,23.0346666666667,2.94066666666667,638.28,2
2025-09-25 16:30:00,0.256299333333333,4.20333333333333,2.574,22.4853333333333,2.89533333333333,637.974666666667,2
2025-09-25 16:45:00,0.238996666666667,4.19333333333333,2.65,21.5566666666667,2.64666666666667,637.058888888889,2
2025-09-25 17:00:00,0.23483,4.41733333333333,2.55066666666667,22.1166666666667,2.648,634.528666666667,2
2025-09-25 17:15:00,0.23703,4.57666666666667,2.60933333333333,21.812,2.606,629.132,2
2025-09-25 17:30:00,0.242029333333333,4.80466666666667,2.53933333333333,21.29,2.84533333333333,624.210666666667,2
2025-09-25 17:45:00,0.246564,4.73866666666667,2.52066666666667,21.3353333333333,2.30933333333333,622.435333333333,2
2025-09-25 18:00:00,0.247875333333333,5.048,2.40466666666667,21.2466666666667,2.85133333333333,618.661333333333,2
2025-09-25 18:15:00,0.263776666666667,6.09466666666667,2.33866666666667,19.6633333333333,2.81733333333333,619.756,2
2025-09-25 18:30:00,0.281001333333333,8.79666666666667,2.18933333333333,17.2146666666667,3.71,618.269333333333,2
2025-09-25 18:45:00,0.29415,10.0706666666667,1.99666666666667,16.2253333333333,3.544,609.365333333333,2
2025-09-25 19:00:00,0.364649333333333,13.144,1.70066666666667,10.5133333333333,3.31533333333333,613.788666666667,2
2025-09-25 19:15:00,0.353728666666667,16.418,1.67666666666667,7.91,4.06866666666667,614.149333333333,2
2025-09-25 19:30:00,0.336759333333333,16.232,1.80533333333333,10.406,3.67733333333333,607.750666666667,2
2025-09-25 19:45:00,0.315770666666667,15.778,1.85266666666667,12.3126666666667,3.50666666666667,605.702666666667,2
2025-09-25 20:00:00,0.316146,14.6426666666667,1.84533333333333,12.7113333333333,3.254,610.287333333333,2
2025-09-25 20:15:00,0.321831333333333,14.28,1.82466666666667,12.1946666666667,3.37733333333333,611.998,2
2025-09-25 20:30:00,0.322178,11.9986666666667,1.816,11.758,3.50933333333333,615.860666666667,2
2025-09-25 20:45:00,0.311807333333333,10.9606666666667,1.77266666666667,11.4546666666667,3.40733333333333,620.436666666667,2
2025-09-25 21:00:00,0.312053333333333,9.67533333333333,1.73333333333333,10.48,3.40066666666667,622.588666666667,2
2025-09-25 21:15:00,0.311160666666667,8.452,1.76866666666667,10.334,3.29133333333333,624.266666666667,2
2025-09-25 21:30:00,0.292954,7.858,1.84066666666667,10.3666666666667,3.06,622.068666666667,2
2025-09-25 21:45:00,0.290162666666667,7.81733333333333,1.80666666666667,9.398,3.17666666666667,623.946666666667,2
2025-09-25 22:00:00,0.286212,7.38866666666667,1.828,9.37533333333333,3.25133333333333,621.986666666667,2
2025-09-25 22:15:00,0.280615333333333,7.48133333333333,1.78666666666667,8.67466666666667,3.14266666666667,622.340666666667,2
2025-09-25 22:30:00,0.291798,7.32733333333333,1.81133333333333,8.74266666666667,3.206,621.771333333333,2
2025-09-25 22:45:00,0.295118666666667,7.998,1.86533333333333,7.11466666666667,3.18733333333333,627.807333333333,1
2025-09-25 23:00:00,0.287775333333333,7.19533333333333,1.904,7.75266666666667,3.19866666666667,627.590666666667,1
2025-09-25 23:15:00,0.290578,6.52866666666667,1.98666666666667,8.458,3.294,626.243333333333,1
2025-09-25 23:30:00,0.27925625,6.34,1.94125,8.44125,3.05,627.19125,1
2025-09-26,0.270352666666667,5.876,2.13933333333333,8.218,3.12666666666667,626.875333333333,1
2025-09-26 00:15:00,0.265483333333333,5.92733333333333,2.05533333333333,7.48133333333333,3.20466666666667,627.551333333333,1
2025-09-26 00:30:00,0.262444,5.98866666666667,2.00133333333333,7.90733333333333,3.26266666666667,623.448,1
2025-09-26 00:45:00,0.263416,5.85,2.068,9.02066666666667,3.15733333333333,621.601333333333,1
2025-09-26 01:00:00,0.264839333333333,5.60733333333333,2.30266666666667,10.3,3.35866666666667,617.554,1
2025-09-26 01:15:00,0.260622,5.518,2.32533333333333,11.1773333333333,3.61866666666667,616.614666666667,1
2025-09-26 01:30:00,0.273691333333333,5.69133333333333,2.53733333333333,11.1926666666667,4.07666666666667,619.85,1
2025-09-26 01:45:00,0.269498666666667,5.714,2.46066666666667,10.4793333333333,3.72866666666667,616.56,1
2025-09-26 02:00:00,0.260470666666667,5.29466666666667,2.58866666666667,12.286,3.47866666666667,612.896666666667,1
2025-09-26 02:15:00,0.257695333333333,5.26533333333333,2.59866666666667,12.6846666666667,3.57933333333333,613.580666666667,1
2025-09-26 02:30:00,0.258374,5.28133333333333,2.58666666666667,12.262,3.42466666666667,615.098,1
2025-09-26 02:45:00,0.258237333333333,5.20533333333333,2.69266666666667,12.63,3.51933333333333,616.808,1
2025-09-26 03:00:00,0.270721333333333,5.46066666666667,2.73933333333333,11.442,3.38533333333333,622.164666666667,1
2025-09-26 03:15:00,0.261103333333333,5.186,2.728,11.7273333333333,3.474,620.566,1
2025-09-26 03:30:00,0.268597333333333,5.76866666666667,2.57,11.4686666666667,3.55533333333333,620.966666666667,1
2025-09-26 03:45:00,0.264586666666667,5.57666666666667,2.49533333333333,11.4986666666667,3.498,619.682,1
2025-09-26 04:00:00,0.259655333333333,5.81066666666667,2.41,11.7106666666667,4.11133333333333,617.891333333333,1
2025-09-26 04:15:00,0.260252666666667,6.05466666666667,2.38466666666667,12.8266666666667,4.21266666666667,618.108666666667,1
2025-09-26 04:30:00,0.259972,5.94333333333333,2.294,12.0493333333333,4.05666666666667,621.987333333333,1
2025-09-26 04:45:00,0.258014,6.41266666666667,2.26333333333333,13.6273333333333,4.73666666666667,620.148,1
2025-09-26 05:00:00,0.256875333333333,5.30266666666667,2.394,10.4193333333333,3.64666666666667,624.974,1
2025-09-26 05:15:00,0.256394666666667,5.35733333333333,2.37866666666667,8.11666666666667,3.344,628.949333333333,1
2025-09-26 05:30:00,0.259831333333333,5.58133333333333,2.252,7.18333333333333,3.43133333333333,633.444666666667,1
2025-09-26 05:45:00,0.265853333333333,6.50266666666667,2.11,11.1106666666667,4.36133333333333,627.407333333333,1
2025-09-26 06:00:00,0.265476666666667,7.28866666666667,2.12666666666667,12.6833333333333,4.78133333333333,624.797333333333,1
2025-09-26 06:15:00,0.267284,7.39333333333333,2.15866666666667,12.9606666666667,4.95266666666667,625.848666666667,1
2025-09-26 06:30:00,0.269857333333333,7.77,2.176,13.394,5.33333333333333,625.327333333333,1
2025-09-26 06:45:00,0.277632,7.786,2.18466666666667,13.6346666666667,5.92,626.074666666667,1
2025-09-26 07:00:00,0.283736666666667,8.00933333333333,2.33133333333333,13.4486666666667,6.28866666666667,627.718,1
2025-09-26 07:15:00,0.282982666666667,8.806,2.47866666666667,12.0213333333333,6.29733333333333,630.578666666667,1
2025-09-26 07:30:00,0.282548,8.79333333333333,2.58733333333333,11.69,6.50333333333333,631.293333333333,1
2025-09-26 07:45:00,0.282751333333333,7.996,2.45266666666667,12.8493333333333,6.808,628.924666666667,1
2025-09-26 08:00:00,0.2828,7.48066666666667,2.584,13.346,7.01866666666667,629.132,1
2025-09-26 08:15:00,0.288696,7.22666666666667,2.52466666666667,13.1053333333333,7.534,630.007333333333,2
2025-09-26 08:30:00,0.306752,8.03,2.52066666666667,11.976,7.67133333333333,633.532666666667,2
2025-09-26 08:45:00,0.300172,7.07,2.46666666666667,13.4553333333333,7.75933333333333,633.236666666667,2
2025-09-26 09:00:00,0.31613,7.412,2.622,12.8453333333333,8.61533333333333,635.404666666667,2
2025-09-26 09:15:00,0.314208,9.14133333333333,2.64133333333333,11.0693333333333,9.35133333333333,636.592666666667,2
2025-09-26 09:30:00,0.337292,9.106,2.67,10.3306666666667,9.174,641.442666666667,2
2025-09-26 09:45:00,0.322403333333333,8.33866666666667,2.68666666666667,10.186,8.81866666666667,642.815333333333,2
2025-09-26 10:00:00,0.323406666666667,7.72,2.658,11.3493333333333,8.52533333333333,643.274666666667,2
2025-09-26 10:15:00,0.308373333333333,7.00466666666667,2.68066666666667,14.1346666666667,7.532,641.058,2
2025-09-26 10:30:00,0.299098,6.70933333333333,2.77266666666667,14.528,6.806,641.402,2
2025-09-26 10:45:00,0.312973333333333,6.20666666666667,2.804,14.6593333333333,6.87133333333333,642.093333333333,2
2025-09-26 11:00:00,0.300503333333333,5.664,2.99133333333333,15.2686666666667,7.482,645.858,2
2025-09-26 11:15:00,0.294788666666667,5.49,3.2,15.0946666666667,7.79933333333333,646.196,2
2025-09-26 11:30:00,0.289914666666667,5.36466666666667,3.256,14.8106666666667,9.14933333333333,646.975333333333,2
2025-09-26 11:45:00,0.283653333333333,5.356,3.256,14.818,9.804,642.832666666667,2
2025-09-26 12:00:00,0.290041333333333,5.69266666666667,3.35133333333333,13.942,9.986,647.336,2
2025-09-26 12:15:00,0.296956666666667,5.51466666666667,3.50666666666667,15.3453333333333,10.1413333333333,645.224,2
2025-09-26 12:30:00,0.301307333333333,5.472,3.62933333333333,14.22,10.358,648.459333333333,2
2025-09-26 12:45:00,0.304261333333333,5.56866666666667,3.79933333333333,13.61,10.538,646.790666666667,2
2025-09-26 13:00:00,0.301422666666667,5.30933333333333,3.624,14.8506666666667,10.4873333333333,646.614,2
2025-09-26 13:15:00,0.295786,5.31066666666667,3.50666666666667,13.812,9.822,648.766666666667,2
2025-09-26 13:30:00,0.306428,5.954,3.37066666666667,11.3493333333333,10.0086666666667,649.784666666667,2
2025-09-26 13:45:00,0.31396,6.83933333333333,3.398,10.07,10.4346666666667,650.394666666667,2
2025-09-26 14:00:00,0.331142666666667,7.314,3.35066666666667,10.364,10.0466666666667,650.766,2
2025-09-26 14:15:00,0.319594,7.61733333333333,2.89266666666667,12.0233333333333,9.63733333333333,649.737333333333,2
2025-09-26 14:30:00,0.326711333333333,8.734,2.57466666666667,9.83666666666667,9.796,646.18,2
2025-09-26 14:45:00,0.343602,9.84333333333333,2.36266666666667,9.52466666666667,9.46533333333333,646.516666666667,2
2025-09-26 15:00:00,0.338506,8.99666666666667,2.48133333333333,11.5626666666667,9.73666666666667,645.114,2
2025-09-26 15:15:00,0.336042,7.68066666666667,2.528,13.332,9.00733333333333,647.256666666667,2
2025-09-26 15:30:00,0.322026,6.86666666666667,2.72933333333333,14.1133333333333,9.014,643.819333333333,2
2025-09-26 15:45:00,0.314069333333333,6.64866666666667,2.77866666666667,13.578,9.02466666666667,644.887333333333,2
2025-09-26 16:00:00,0.310164,6.91133333333333,2.672,14.3693333333333,9.20533333333333,644.566,2
2025-09-26 16:15:00,0.31101,8.20133333333333,2.336,13.9146666666667,8.88066666666667,642.487333333333,2
2025-09-26 16:30:00,0.320364666666667,11.09,1.79266666666667,12.9186666666667,8.668,638.818,2
2025-09-26 16:45:00,0.315917692307692,12.0823076923077,1.55846153846154,13.3846153846154,8.65307692307692,634.624615384615,2
2025-09-26 17:00:00,0.314453333333333,12.8246666666667,1.452,14.0993333333333,8.448,634.714666666667,2
2025-09-26 17:15:00,0.327477333333333,12.9453333333333,1.47066666666667,13.878,8.52066666666667,638.952,2
2025-09-26 17:30:00,0.322737333333333,11.4726666666667,1.45,13.9733333333333,8.58533333333333,639.877333333333,2
2025-09-26 17:45:00,0.316913333333333,10.6293333333333,1.61866666666667,13.602,7.82133333333333,639.901333333333,2
2025-09-26 18:00:00,0.304679333333333,9.01333333333333,1.64533333333333,13.574,8.18733333333333,639.934,2
2025-09-26 18:15:00,0.301164666666667,8.26333333333333,1.73866666666667,13.5846666666667,7.46266666666667,636.303333333333,2
2025-09-26 18:30:00,0.301387333333333,7.812,1.75666666666667,13.5886666666667,7.562,638.432666666667,2
2025-09-26 18:45:00,0.296970666666667,7.30933333333333,1.81,13.408,7.18266666666667,642.077333333333,2
2025-09-26 19:00:00,0.29439,7.13066666666667,1.77466666666667,12.2506666666667,7.17,642.164666666667,2
2025-09-26 19:15:00,0.28346,6.36133333333333,1.82466666666667,12.5253333333333,6.772,638.366666666667,2
2025-09-26 19:30:00,0.286658666666667,6.294,1.81733333333333,12.4026666666667,6.336,641.732666666667,2
2025-09-26 19:45:00,0.285114,5.94066666666667,1.834,11.9673333333333,6.82533333333333,640.767333333333,2
2025-09-26 20:00:00,0.280526,5.474,1.988,12.8973333333333,6.29,640.278666666667,2
2025-09-26 20:15:00,0.290329333333333,6.24333333333333,2.04133333333333,11.0773333333333,6.76733333333333,644.430666666667,2
2025-09-26 20:30:00,0.276525333333333,5.144,2.00466666666667,11.7966666666667,6.12933333333333,643.13,2
2025-09-26 20:45:00,0.273731333333333,5.04133333333333,1.98266666666667,12.0546666666667,6.188,641.057333333333,2
2025-09-26 21:00:00,0.267530666666667,5.094,1.97333333333333,12.0833333333333,6.04266666666667,638.463333333333,1
2025-09-26 21:15:00,0.266655333333333,5.00333333333333,1.972,12.0453333333333,5.94666666666667,637.860666666667,1
2025-09-26 21:30:00,0.267353333333333,5.03333333333333,1.92933333333333,12.3566666666667,5.868,638.430666666667,1
2025-09-26 21:45:00,0.265468,5.084,1.9,12.8306666666667,5.78733333333333,636.208,1
2025-09-26 22:00:00,0.264696,5.07,1.894,12.5133333333333,5.63666666666667,635.500666666667,1
2025-09-26 22:15:00,0.264215333333333,4.86266666666667,2.01733333333333,12.6593333333333,5.54066666666667,639.131333333333,1
2025-09-26 22:30:00,0.260546,4.76066666666667,2.032,13.0886666666667,5.59333333333333,638.872,1
2025-09-26 22:45:00,0.263002666666667,4.668,2.08733333333333,13.0573333333333,5.77733333333333,638.664,1
2025-09-26 23:00:00,0.255361333333333,4.528,2.14533333333333,14.7946666666667,5.59666666666667,636.288666666667,1
2025-09-26 23:15:00,0.252115333333333,4.64133333333333,2.30266666666667,18.2766666666667,6.04,633.871333333333,1
2025-09-26 23:30:00,0.253877333333333,4.59,2.48866666666667,21.5,6.94,632.9,1
2025-09-26 23:45:00,0.24823,4.7,2.53,20.51,7.1,632.04,1
2025-09-27,0.247339333333333,6.29266666666667,1.91666666666667,20.646,7.68533333333333,625.102,2
2025-09-27 00:15:00,0.255218,8.10133333333333,1.61066666666667,20.2826666666667,7.738,620.911333333333,2
2025-09-27 00:30:00,0.260548,9.58866666666667,1.45933333333333,20.82,8.07266666666667,618.39,2
2025-09-27 00:45:00,0.262453333333333,10.082,1.44866666666667,20.7686666666667,7.66333333333333,617.939333333333,2
2025-09-27 01:00:00,0.26501,10.6593333333333,1.486,21.5046666666667,7.844,619.386,2
2025-09-27 01:15:00,0.266213333333333,10.6346666666667,1.51333333333333,21.482,7.24333333333333,620.437333333333,2
2025-09-27 01:30:00,0.264368,10.1066666666667,1.57666666666667,21.6473333333333,7.052,622.124,2
2025-09-27 01:45:00,0.265588666666667,9.57866666666667,1.60933333333333,20.864,6.928,623.737333333333,2
2025-09-27 02:00:00,0.263793333333333,8.736,1.63333333333333,19.4733333333333,6.836,624.635333333333,2
2025-09-27 02:15:00,0.264624,8.35533333333333,1.658,18.2153333333333,6.61933333333333,627.984,2
2025-09-27 02:30:00,0.261893333333333,7.74666666666667,1.74466666666667,16.9873333333333,6.38733333333333,630.37,2
2025-09-27 02:45:00,0.263038,7.27466666666667,1.75333333333333,16.0666666666667,6.244,631.622,2
2025-09-27 03:00:00,0.261068666666667,7.17133333333333,1.78,15.0653333333333,5.80933333333333,636.072,2
2025-09-27 03:15:00,0.26182,6.392,1.86933333333333,14.3333333333333,5.26733333333333,637.524,2
2025-09-27 03:30:00,0.260082666666667,6.13933333333333,1.964,13.4726666666667,5.202,639.997333333333,2
2025-09-27 03:45:00,0.259699333333333,5.96333333333333,2.02866666666667,13.7573333333333,5.14866666666667,641.362666666667,2
2025-09-27 04:00:00,0.259294666666667,6.10466666666667,1.97533333333333,13.7846666666667,5.066,642.486666666667,2
2025-09-27 04:15:00,0.259657333333333,6.12,2.068,13.8706666666667,5.06666666666667,643.298,2
2025-09-27 04:30:00,0.257217333333333,6.02333333333333,2.176,14.79,4.83733333333333,643.506666666667,2
2025-09-27 04:45:00,0.256675333333333,6.01933333333333,2.272,15.1866666666667,4.552,644.316666666667,2
2025-09-27 05:00:00,0.254028666666667,6.064,2.20466666666667,15.596,4.284,643.539333333333,2
2025-09-27 05:15:00,0.254255333333333,5.968,2.352,16.9133333333333,4.156,643.522,2
2025-09-27 05:30:00,0.252304666666667,6.208,2.37666666666667,19.04,4.058,640.968666666667,2
2025-09-27 05:45:00,0.252060666666667,6.23933333333333,2.42533333333333,18.838,3.87066666666667,641.412,2
2025-09-27 06:00:00,0.249605333333333,6.278,2.352,19.0213333333333,3.81666666666667,640.133333333333,2
2025-09-27 06:15:00,0.250490666666667,6.35733333333333,2.43733333333333,19.1866666666667,3.85933333333333,640.430666666667,2
2025-09-27 06:30:00,0.249824666666667,6.26533333333333,2.55333333333333,19.9293333333333,3.80666666666667,640.076666666667,2
2025-09-27 06:45:00,0.246636666666667,6.276,2.52466666666667,21.2013333333333,3.81666666666667,638.729333333333,2
2025-09-27 07:00:00,0.247149333333333,6.32266666666667,2.60733333333333,22.06,3.90133333333333,638.214666666667,2
2025-09-27 07:15:00,0.248040666666667,6.39333333333333,2.552,22.016,3.832,638.848,2
2025-09-27 07:30:00,0.250908666666667,6.23933333333333,2.62666666666667,21.3753333333333,3.82333333333333,638.616,2
2025-09-27 07:45:00,0.250159333333333,6.18533333333333,2.50066666666667,21.1966666666667,3.85533333333333,641.144,2
2025-09-27 08:00:00,0.25113,5.88666666666667,2.54933333333333,20.8693333333333,3.78,641.354666666667,2
2025-09-27 08:15:00,0.247482,5.89533333333333,2.45333333333333,21.298,3.70866666666667,641.372,2
2025-09-27 08:30:00,0.242427333333333,6.23066666666667,2.50333333333333,20.9893333333333,3.51533333333333,641.248666666667,2
2025-09-27 08:45:00,0.247573333333333,6.724,2.45466666666667,20.772,3.47266666666667,643.54,2
2025-09-27 09:00:00,0.25198,6.98533333333333,2.46733333333333,20.3506666666667,3.38,644.212,2
2025-09-27 09:15:00,0.24745,6.34866666666667,2.51,20.772,3.31666666666667,645.474,2
2025-09-27 09:30:00,0.247726666666667,5.802,2.62866666666667,21.374,3.452,644.67,2
2025-09-27 09:45:00,0.243793333333333,5.95533333333333,2.44,21.9866666666667,3.37666666666667,642.68,2
2025-09-27 10:00:00,0.248599333333333,6.28066666666667,2.48133333333333,21.1973333333333,3.49466666666667,647,2
2025-09-27 10:15:00,0.253652,6.49666666666667,2.36733333333333,20.8373333333333,3.33733333333333,647.915333333333,2
2025-09-27 10:30:00,0.250278,6.40466666666667,2.33266666666667,20.93,3.21733333333333,650.668,2
2025-09-27 10:45:00,0.249424666666667,5.83,2.386,21.1706666666667,3.22333333333333,651.278666666667,2
2025-09-27 11:00:00,0.254411333333333,6.15133333333333,2.30266666666667,20.6153333333333,3.27133333333333,652.997333333333,2
2025-09-27 11:15:00,0.260547333333333,5.462,2.26,20.052,3.15533333333333,655.019333333333,2
2025-09-27 11:30:00,0.25845,4.668,2.254,19.18,2.896,658.255333333333,2
2025-09-27 11:45:00,0.260013333333333,4.51,2.254,18.278,3.008,660.963333333333,2
2025-09-27 12:00:00,0.266944666666667,4.352,2.37066666666667,18.1186666666667,2.90133333333333,660.61,2
2025-09-27 12:15:00,0.262158,4.01533333333333,2.45133333333333,18.8593333333333,2.73733333333333,665.122666666667,2
2025-09-27 12:30:00,0.254239333333333,3.93133333333333,2.71533333333333,18.9486666666667,2.83733333333333,658.57,2
2025-09-27 12:45:00,0.253193333333333,3.978,2.66733333333333,16.382,2.98666666666667,664.254,2
2025-09-27 13:00:00,0.250012666666667,3.95933333333333,2.68866666666667,15.542,2.838,663.138666666667,2
2025-09-27 13:15:00,0.251842666666667,4.03666666666667,2.63133333333333,14.938,3.01933333333333,668.375333333333,2
2025-09-27 13:30:00,0.256312,4.052,2.56,14.2033333333333,3.08066666666667,669.963333333333,1
2025-09-27 13:45:00,0.247730666666667,4.02066666666667,2.50733333333333,13.7953333333333,3.22733333333333,666.592,1
2025-09-27 14:00:00,0.248961333333333,4.00733333333333,2.53866666666667,13.7813333333333,3.25333333333333,671.216666666667,1
2025-09-27 14:15:00,0.276810666666667,4.768,2.93666666666667,11.072,4.14933333333333,674.646666666667,1
2025-09-27 14:30:00,0.341158,6.82066666666667,4.24666666666667,7.98666666666667,5.58066666666667,681.285333333333,1
2025-09-27 14:45:00,0.349140666666667,6.09,3.506,11.228,5.44266666666667,676.451333333333,1
2025-09-27 15:00:00,0.319583333333333,5.65733333333333,3.26466666666667,13.7166666666667,4.81466666666667,671.641333333333,1
2025-09-27 15:15:00,0.296239333333333,5.73,3.25,14.1753333333333,4.918,666.818,1
2025-09-27 15:30:00,0.323802,10.1753333333333,10.7226666666667,4.43733333333333,6.49333333333333,665.651333333333,1
2025-09-27 15:45:00,0.308217333333333,9.36,3.92,7.83333333333333,6.024,661.901333333333,1
2025-09-27 16:00:00,0.283602666666667,8.06533333333333,2.49466666666667,13.782,5.77,662.296666666667,1
2025-09-27 16:15:00,0.272743333333333,7.80666666666667,2.154,16.1813333333333,5.57333333333333,660.432,1
2025-09-27 16:30:00,0.277075333333333,8.88333333333333,1.96866666666667,16.3413333333333,5.57266666666667,659.662666666667,1
2025-09-27 16:45:00,0.283984615384615,10.4415384615385,1.97461538461538,14.89,6.2,657.732307692308,1
2025-09-27 17:00:00,0.286881333333333,9.18133333333333,1.838,18.094,6.05066666666667,657.284666666667,2
2025-09-27 17:15:00,0.280931333333333,7.298,1.88666666666667,20.4926666666667,5.34133333333333,655.905333333333,2
2025-09-27 17:30:00,0.277160666666667,12.9673333333333,3.69466666666667,13.0853333333333,5.44466666666667,654.113333333333,2
2025-09-27 17:45:00,0.279417333333333,10.3906666666667,2.034,14.8906666666667,5.58933333333333,653.848,2
2025-09-27 18:00:00,0.308032,13.7933333333333,2.09066666666667,10.8606666666667,6.06266666666667,653.472,2
2025-09-27 18:15:00,0.297343333333333,12.242,2.126,12.232,6.62466666666667,654.74,2
2025-09-27 18:30:00,0.276656666666667,7.82533333333333,1.97266666666667,18.8313333333333,5.09333333333333,649.278666666667,2
2025-09-27 18:45:00,0.263043333333333,7.25666666666667,1.82333333333333,21.35,3.19133333333333,646.316666666667,2
2025-09-27 19:00:00,0.258177333333333,8.00533333333333,1.72866666666667,21.366,3.03,644.719333333333,2
2025-09-27 19:15:00,0.261362,8.93,1.724,21.7053333333333,3.35533333333333,643.344666666667,2
2025-09-27 19:30:00,0.271206,9.05466666666667,1.65933333333333,21.284,4.42533333333333,643.722666666667,2
2025-09-27 19:45:00,0.30061,9.96866666666667,1.69066666666667,18.0413333333333,7.42066666666667,650.172,2
2025-09-27 20:00:00,0.269780666666667,8.278,1.708,21.078,4.86733333333333,645.866666666667,2
2025-09-27 20:15:00,0.311804666666667,9.18733333333333,1.69666666666667,15.9766666666667,6.26733333333333,655.262,2
2025-09-27 20:30:00,0.315911333333333,8.60933333333333,1.72,15.4506666666667,7.56666666666667,655.975333333333,2
2025-09-27 20:45:00,0.341884666666667,10.9793333333333,1.83666666666667,12.7966666666667,10.262,657.062,2
2025-09-27 21:00:00,0.346040666666667,13.0386666666667,1.914,8.86866666666667,10.1453333333333,658.104666666667,2
2025-09-27 21:15:00,0.329314666666667,12.1886666666667,1.99266666666667,8.44,7.35,656.379333333333,2
2025-09-27 21:30:00,0.333030666666667,11.5693333333333,1.816,7.78333333333333,7.12733333333333,660.194,2
2025-09-27 21:45:00,0.339035333333333,10.6813333333333,1.85933333333333,6.82533333333333,6.782,663.894,2
2025-09-27 22:00:00,0.345515333333333,10.374,1.906,6.924,6.79666666666667,666.134666666667,2
2025-09-27 22:15:00,0.350487333333333,11.59,1.86266666666667,6.60333333333333,6.61333333333333,665.09,2
2025-09-27 22:30:00,0.349653333333333,12.2266666666667,1.90933333333333,6.46866666666667,8.20666666666667,665.958666666667,2
2025-09-27 22:45:00,0.333727333333333,11.142,1.79066666666667,5.86,6.97933333333333,666.19,2
2025-09-27 23:00:00,0.347833333333333,9.57733333333333,1.816,3.93933333333333,6.986,673.48,2
2025-09-27 23:15:00,0.341688,8.04,1.824,3.78666666666667,6.91133333333333,673.504666666667,2
2025-09-27 23:30:00,0.34633625,7.54625,1.8125,3.43625,7.5575,677.2825,2
2025-09-28,0.365224,7.122,1.90266666666667,3.56133333333333,8.26533333333333,678.862,1
2025-09-28 00:15:00,0.360176666666667,6.38266666666667,2.06066666666667,3.08866666666667,8.378,679.776666666667,1
2025-09-28 00:30:00,0.364402,8.73933333333333,2.43066666666667,3.56466666666667,7.89066666666667,683.108666666667,1
2025-09-28 00:45:00,0.376519333333333,8.42933333333333,2.23866666666667,2.54533333333333,8.28,684.594,1
2025-09-28 01:00:00,0.395524666666667,7.97933333333333,2.112,1.876,8.84,687.099333333333,1
2025-09-28 01:15:00,0.391208666666667,8.66,2.30866666666667,2.02933333333333,8.8,687.557333333333,1
2025-09-28 01:30:00,0.394401333333333,7.27133333333333,2.418,1.73466666666667,7.55666666666667,690.407333333333,1
2025-09-28 01:45:00,0.382990666666667,5.74733333333333,2.20333333333333,2.18533333333333,7.55933333333333,687.302,1
2025-09-28 02:00:00,0.342542,6.662,2.14266666666667,3.966,7.85733333333333,679.205333333333,1
2025-09-28 02:15:00,0.329053333333333,10.4953333333333,2.21533333333333,3.13533333333333,8.32666666666667,675.874,1
2025-09-28 02:30:00,0.335840666666667,12.6006666666667,3.97133333333333,1.32533333333333,8.46333333333333,677.978,1
2025-09-28 02:45:00,0.331449333333333,12.7293333333333,3.11866666666667,1.16133333333333,8.06733333333333,675.616666666667,1
2025-09-28 03:00:00,0.331778666666667,10.93,2.45,1.63666666666667,8.22533333333333,675.898,1
2025-09-28 03:15:00,0.327863333333333,8.93666666666667,2.25933333333333,1.75266666666667,8.196,678.781333333333,1
2025-09-28 03:30:00,0.319839333333333,7.82466666666667,2.23133333333333,2.546,8.516,676.186,1
2025-09-28 03:45:00,0.320691333333333,8.53933333333333,2.224,2.45266666666667,9.45266666666667,678.034,1
2025-09-28 04:00:00,0.341766,8.908,2.74133333333333,0.435333333333333,8.16,683.214666666667,1
2025-09-28 04:15:00,0.342328666666667,10.1706666666667,2.85,0.174,8.432,679.672,1
2025-09-28 04:30:00,0.346498666666667,9.77,2.85066666666667,0.508,8.53,679.89,1
2025-09-28 04:45:00,0.373270666666667,7.12533333333333,2.584,0.485333333333333,7.85133333333333,688.577333333333,1
2025-09-28 05:00:00,0.349176,6.97,2.66466666666667,0.496666666666667,8.17133333333333,686.265333333333,1
2025-09-28 05:15:00,0.350328,7.27466666666667,3.31733333333333,-0.0233333333333333,7.93333333333333,687.548666666667,1
2025-09-28 05:30:00,0.354406,6.086,3.608,-0.299333333333333,7.61,691.138666666667,1
2025-09-28 05:45:00,0.350685333333333,5.588,3.386,-0.55,7.276,692.576,1
2025-09-28 06:00:00,0.458785333333333,5.116,3.75333333333333,-0.332,6.804,694.655333333333,1
2025-09-28 06:15:00,0.380202666666667,4.78333333333333,3.53866666666667,-0.194666666666667,6.636,693.516,1
2025-09-28 06:30:00,0.338469333333333,4.25533333333333,3.3,0.024,6.23466666666667,693.066,1
2025-09-28 06:45:00,0.342589333333333,4.16533333333333,4.02266666666667,-0.128,6.47533333333333,697.819333333333,1
2025-09-28 07:00:00,0.408781333333333,3.66533333333333,5.74733333333333,-0.425333333333333,6.40133333333333,706.056666666667,1
2025-09-28 07:15:00,0.411736666666667,3.74466666666667,4.76,-0.603333333333333,6.18733333333333,702.251333333333,1
2025-09-28 07:30:00,0.368791333333333,3.64133333333333,6.734,0.134,6.194,708.69,1
2025-09-28 07:45:00,0.352467333333333,3.49933333333333,6.066,0.926,5.774,708.94,1
2025-09-28 08:00:00,0.366688666666667,4.28666666666667,11.9346666666667,1.77,7.25533333333333,706.396,1
2025-09-28 08:15:00,0.357777333333333,3.69666666666667,9.71066666666667,1.18,6.86,707.278,1
2025-09-28 08:30:00,0.399452,3.49533333333333,7.89666666666667,0.954,6.51133333333333,709.558666666667,1
2025-09-28 08:45:00,0.40366,4.88266666666667,29.7213333333333,1.10866666666667,10.668,712.514,1
2025-09-28 09:00:00,0.411458,5.67533333333333,54.3886666666667,0.613333333333333,12.3233333333333,711.733333333333,1
2025-09-28 09:15:00,0.407315333333333,4.90466666666667,42.372,1.13333333333333,12.1946666666667,710.698,2
2025-09-28 09:30:00,0.406554,4.806,41.0513333333333,1.32066666666667,12.3746666666667,709.879333333333,2
2025-09-28 09:45:00,0.386372666666667,5.28133333333333,47.4233333333333,0.754666666666667,13.4033333333333,710.618666666667,2
2025-09-28 10:00:00,0.335847333333333,4.70133333333333,16.1413333333333,4.05933333333333,6.904,699.416,2
2025-09-28 10:15:00,0.313936666666667,4.99466666666667,15.106,4.25866666666667,7.49333333333333,695.256666666667,2
2025-09-28 10:30:00,0.344225333333333,5.18066666666667,20.5486666666667,3.54066666666667,10.776,702.532666666667,1
2025-09-28 10:45:00,0.386774666666667,5.13266666666667,29.3566666666667,2.388,14.2333333333333,701.722666666667,1
2025-09-28 11:00:00,0.393334,4.788,27.22,2.33666666666667,16.1773333333333,703.006666666667,2
2025-09-28 11:15:00,0.391992666666667,4.55133333333333,20.5706666666667,3.99733333333333,17.7066666666667,696.405333333333,2
2025-09-28 11:30:00,0.413243333333333,4.66333333333333,18.6166666666667,2.87666666666667,17.6233333333333,698.717333333333,2
2025-09-28 11:45:00,0.493228,4.60266666666667,16.032,3.938,16.2906666666667,701.064,2
2025-09-28 12:00:00,0.501734666666667,4.68066666666667,23.7093333333333,3.042,14.4293333333333,697.111333333333,2
2025-09-28 12:15:00,0.466428666666667,4.55733333333333,17.1406666666667,3.82533333333333,13.728,698.864,2
2025-09-28 12:30:00,0.425904,4.444,12.514,4.96,11.8833333333333,700.332666666667,2
2025-09-28 12:45:00,0.396775333333333,4.25466666666667,8.54333333333333,5.552,9.43666666666667,698.156666666667,2
2025-09-28 13:00:00,0.320677333333333,4.25066666666667,5.18066666666667,4.84466666666667,9.71533333333333,696.189333333333,2
2025-09-28 13:15:00,0.327654666666667,4.64266666666667,5.37,4.362,10.514,696.414666666667,2
2025-09-28 13:30:00,0.355392666666667,4.95733333333333,10.9466666666667,3.548,12.7126666666667,697.442,2
2025-09-28 13:45:00,0.352851333333333,5.04266666666667,6.67266666666667,4.36666666666667,12.5533333333333,697.200666666667,2
2025-09-28 14:00:00,0.350359333333333,5.12466666666667,4.49666666666667,5.50666666666667,11.506,693.056,2
2025-09-28 14:15:00,0.352019333333333,5.22266666666667,3.94466666666667,5.33,10.588,693.345333333333,2
2025-09-28 14:30:00,0.374434666666667,5.12133333333333,4.58933333333333,7.166,13.4906666666667,692.463333333333,2
2025-09-28 14:45:00,0.354897333333333,5.236,2.75066666666667,8.10666666666667,15.4086666666667,685.028666666667,2
2025-09-28 15:00:00,0.357434666666667,5.86266666666667,2.604,8.69333333333333,17.1213333333333,684.890666666667,2
2025-09-28 15:15:00,0.356849333333333,6.244,2.64533333333333,9.75666666666667,13.8266666666667,685.300666666667,2
2025-09-28 15:30:00,0.347593333333333,6.50666666666667,2.67133333333333,9.98,14.0473333333333,684.402,2
2025-09-28 15:45:00,0.353822,6.798,2.698,9.366,13.442,684.691333333333,2
2025-09-28 16:00:00,0.359850666666667,6.91933333333333,2.42933333333333,9.57733333333333,11.5053333333333,683.284666666667,2
2025-09-28 16:15:00,0.438196666666667,7.71066666666667,2.686,6.81066666666667,10.612,693.506,2
2025-09-28 16:30:00,0.459586666666667,7.87466666666667,3.01333333333333,5.75333333333333,10.7753333333333,697.040666666667,2
2025-09-28 16:45:00,0.440965555555556,7.76,3.39555555555556,4.99111111111111,11.7266666666667,698.231111111111,2
2025-09-28 17:00:00,0.461144,7.39133333333333,3.26733333333333,3.96933333333333,10.5806666666667,706.154,2
2025-09-28 17:15:00,0.484174,7.23666666666667,3.816,3.91266666666667,11.1733333333333,712.232,2
2025-09-28 17:30:00,0.495614666666667,7.55066666666667,3.506,2.27333333333333,10.5766666666667,713.429333333333,2
2025-09-28 17:45:00,0.463035333333333,7.22066666666667,3.13,2.972,10.6473333333333,708.337333333333,2
2025-09-28 18:00:00,0.440153333333333,7.08666666666667,2.534,3.56133333333333,10.8186666666667,699.786,2
2025-09-28 18:15:00,0.351651333333333,5.64866666666667,1.926,7.13933333333333,9.20266666666667,681.614666666667,2
2025-09-28 18:30:00,0.326632666666667,5.44333333333333,1.66066666666667,9.13666666666667,9.03333333333333,674.806666666667,1
2025-09-28 18:45:00,0.306103333333333,5.19266666666667,1.76,11.6986666666667,8.94266666666667,668.599333333333,1
2025-09-28 19:00:00,0.296008666666667,5.138,1.658,11.2793333333333,8.488,665.034666666667,1
2025-09-28 19:15:00,0.293099333333333,5,1.788,12.898,8.428,663.316,1
2025-09-28 19:30:00,0.285593333333333,4.838,1.93666666666667,14.206,8.07933333333333,662.674,1
2025-09-28 19:45:00,0.282880666666667,4.78,2.158,15.3046666666667,7.51866666666667,664.647333333333,1
2025-09-28 20:00:00,0.285982666666667,4.886,2.20466666666667,14.944,7.31666666666667,666.47,1
2025-09-28 20:15:00,0.275144,4.72666666666667,2.56,19.1813333333333,6.69133333333333,662.672666666667,1
2025-09-28 20:30:00,0.26138,5.418,2.246,19.7566666666667,6.50266666666667,652.46,1
2025-09-28 20:45:00,0.259286666666667,8.592,1.15866666666667,15.6253333333333,5.63066666666667,648.188,2
2025-09-28 21:00:00,0.260609333333333,9.588,0.854666666666667,12.8226666666667,5.58866666666667,646.380666666667,2
2025-09-28 21:15:00,0.262670666666667,9.756,0.914666666666667,14.4453333333333,5.32066666666667,643.032666666667,2
2025-09-28 21:30:00,0.260076,10,0.938,15.9013333333333,4.98133333333333,643.112666666667,2
2025-09-28 21:45:00,0.258451333333333,9.826,0.932666666666667,15.928,4.50666666666667,644.896,2
2025-09-28 22:00:00,0.259318,9.76666666666667,0.938,15.3906666666667,4.464,645.585333333333,2
2025-09-28 22:15:00,0.259228,9.376,0.935333333333333,14.2813333333333,4.39666666666667,649.536,2
2025-09-28 22:30:00,0.257587333333333,8.558,0.944,14.7053333333333,4.344,649.649333333333,2
2025-09-28 22:45:00,0.254623333333333,7.78266666666667,0.935333333333333,14.2426666666667,4.19933333333333,650.861333333333,2
2025-09-28 23:00:00,0.253174666666667,7.59933333333333,0.944,13.884,3.914,653.117333333333,2
2025-09-28 23:15:00,0.254478666666667,7.12333333333333,0.911333333333333,12.476,3.92,656.274666666667,2
2025-09-28 23:30:00,0.253856666666667,6.64333333333333,0.94,12.3691666666667,3.78166666666667,656.831666666667,2
2025-09-29,0.249167333333333,6.122,0.942,12.9233333333333,3.49466666666667,659.438,2
2025-09-29 00:15:00,0.244884666666667,5.966,1.01466666666667,13.898,3.39066666666667,658.313333333333,2
2025-09-29 00:30:00,0.241174,5.85133333333333,1.04933333333333,14.3086666666667,3.22533333333333,659.180666666667,2
2025-09-29 00:45:00,0.240658666666667,5.52533333333333,1.09133333333333,14.244,3.298,659.55,2
2025-09-29 01:00:00,0.238852666666667,5.54666666666667,1.13466666666667,15.094,3.184,659.444666666667,1
2025-09-29 01:15:00,0.237344,5.236,1.16266666666667,14.6213333333333,3.22666666666667,661.436,1
2025-09-29 01:30:00,0.237148,5.30266666666667,1.14466666666667,15.0206666666667,3.042,661.782666666667,1
2025-09-29 01:45:00,0.234399333333333,4.88866666666667,1.18266666666667,15.158,3.07,663.434666666667,1
2025-09-29 02:00:00,0.233796666666667,4.88466666666667,1.20066666666667,14.0006666666667,2.92,662.882666666667,1
2025-09-29 02:15:00,0.244456666666667,4.62066666666667,1.134,12.2713333333333,2.92333333333333,664.626,1
2025-09-29 02:30:00,0.270116666666667,4.43733333333333,1.22666666666667,11.262,2.82466666666667,668.807333333333,1
2025-09-29 02:45:00,0.274736,4.51733333333333,1.19333333333333,9.77733333333333,2.79066666666667,674.510666666667,1
2025-09-29 03:00:00,0.244477333333333,4.19133333333333,1.27066666666667,11.5886666666667,2.78533333333333,669.588666666667,1
2025-09-29 03:15:00,0.236486666666667,4.308,1.30533333333333,11.7393333333333,2.622,668.262,1
2025-09-29 03:30:00,0.232780666666667,4.23933333333333,1.30533333333333,11.156,2.674,670.366,1
2025-09-29 03:45:00,0.23142,4.11866666666667,1.32466666666667,11.1613333333333,2.602,669.25,1
2025-09-29 04:00:00,0.230986,4.13533333333333,1.40266666666667,11.966,2.71,668.550666666667,1
2025-09-29 04:15:00,0.230935333333333,4.012,1.396,12.304,2.50466666666667,667.924666666667,1
2025-09-29 04:30:00,0.228887333333333,3.95333333333333,1.46866666666667,12.8906666666667,2.31266666666667,666.977333333333,1
2025-09-29 04:45:00,0.224405333333333,3.88933333333333,1.492,12.6633333333333,2.03133333333333,668.045333333333,1
2025-09-29 05:00:00,0.225138,3.80666666666667,1.60733333333333,13.3073333333333,1.944,665.965333333333,1
2025-09-29 05:15:00,0.225657333333333,3.74933333333333,1.788,13.556,1.97266666666667,664.617333333333,1
2025-09-29 05:30:00,0.225864666666667,3.75133333333333,1.86533333333333,14.1753333333333,2.19866666666667,664.079333333333,1
2025-09-29 05:45:00,0.224500666666667,4.088,1.71466666666667,13.26,2.262,664.062666666667,1
2025-09-29 06:00:00,0.229471333333333,4.184,1.572,12.0273333333333,2.23466666666667,665.532666666667,1
2025-09-29 06:15:00,0.236278,4.34866666666667,1.50466666666667,12.2733333333333,2.39866666666667,666.020666666667,1
2025-09-29 06:30:00,0.24072,4.97133333333333,1.43133333333333,11.774,2.396,667.523333333333,1
2025-09-29 06:45:00,0.241842,5.02133333333333,1.318,11.8306666666667,2.546,667.208666666667,1
2025-09-29 07:00:00,0.250336666666667,5.52666666666667,1.38,11.718,2.536,667.154,1
2025-09-29 07:15:00,0.257659333333333,6.578,1.43266666666667,10.4533333333333,2.842,670.317333333333,1
2025-09-29 07:30:00,0.252628,6.21933333333333,1.34866666666667,10.2226666666667,2.72533333333333,670.935333333333,1
2025-09-29 07:45:00,0.262950666666667,6.14066666666667,1.414,9.286,2.806,673.731333333333,1
2025-09-29 08:00:00,0.284954666666667,7.19866666666667,1.728,7.56266666666667,2.83866666666667,678.234666666667,1
2025-09-29 08:15:00,0.326195333333333,7.708,1.67466666666667,6.15,2.986,684.884,1
2025-09-29 08:30:00,0.406975333333333,7.226,1.74,6.27466666666667,2.92133333333333,685.092,1
2025-09-29 08:45:00,0.312084666666667,6.68333333333333,1.70066666666667,9.05733333333333,2.838,682.78,1
2025-09-29 09:00:00,0.352620666666667,8.29133333333333,2.18133333333333,6.512,3.37,689.259333333333,1
2025-09-29 09:15:00,0.309623333333333,7.57,2.034,9.83733333333333,2.99666666666667,684.547333333333,1
2025-09-29 09:30:00,0.342959333333333,8.15333333333333,2.074,8.422,3.078,689.122666666667,1
2025-09-29 09:45:00,0.330752666666667,8.72466666666667,2.22866666666667,7.66533333333333,3.68466666666667,690.102,1
2025-09-29 10:00:00,0.324456666666667,8.856,2.69333333333333,6.462,4.022,692.246666666667,1
2025-09-29 10:15:00,0.32071,8.366,2.718,6.47066666666667,4.35466666666667,690.866,1
2025-09-29 10:30:00,0.305072666666667,6.33533333333333,2.59333333333333,9.39266666666667,3.85733333333333,685.324666666667,1
2025-09-29 10:45:00,0.305538,5.69733333333333,2.41733333333333,11.1573333333333,3.588,685.912666666667,1
2025-09-29 11:00:00,0.305174,5.67933333333333,2.29666666666667,10.0266666666667,3.62066666666667,690.141333333333,1
2025-09-29 11:15:00,0.304626666666667,5.204,2.63333333333333,10.6893333333333,3.736,689.244666666667,1
2025-09-29 11:30:00,0.296459333333333,4.53066666666667,2.54,11.6566666666667,3.90333333333333,684.995333333333,1
2025-09-29 11:45:00,0.298826,4.47266666666667,2.54333333333333,11.0693333333333,3.98866666666667,687.002666666667,1
2025-09-29 12:00:00,0.309276,5.44066666666667,2.662,8.81533333333333,4.33333333333333,694.094,1
2025-09-29 12:15:00,0.325822,5.43933333333333,2.98133333333333,7.822,4.90333333333333,694.462,1
2025-09-29 12:30:00,0.303422666666667,5.27466666666667,2.58533333333333,8.25266666666667,4.52666666666667,693.122666666667,1
2025-09-29 12:45:00,0.330936,6.086,2.714,7.06866666666667,4.92066666666667,696.358666666667,1
2025-09-29 13:00:00,0.307193333333333,6.06066666666667,2.33266666666667,7.754,5.35133333333333,694.406666666667,1
2025-09-29 13:15:00,0.321383333333333,7.466,2.56533333333333,7.01866666666667,5.44266666666667,695.360666666667,1
2025-09-29 13:30:00,0.333182666666667,9.16333333333333,2.76133333333333,5.86466666666667,4.98866666666667,697.248666666667,1
2025-09-29 13:45:00,0.317364,7.88733333333333,2.228,7.80533333333333,4.78733333333333,695.305333333333,1
2025-09-29 14:00:00,0.31503,9.90333333333333,2.54333333333333,5.88733333333333,4.49266666666667,695.000666666667,1
2025-09-29 14:15:00,0.323315333333333,12.596,2.85066666666667,4.26133333333333,5.042,693.91,1
2025-09-29 14:30:00,0.327905333333333,12.5866666666667,3.52933333333333,5.92333333333333,5.10266666666667,693.812666666667,1
2025-09-29 14:45:00,0.328565333333333,11.87,2.96533333333333,7.95733333333333,4.78666666666667,696.222,1
2025-09-29 15:00:00,0.340329333333333,12.226,3.332,8.57466666666667,4.92733333333333,697.258,1
2025-09-29 15:15:00,0.344576666666667,11.478,2.73866666666667,8.79133333333333,4.872,698.268666666667,1
2025-09-29 15:30:00,0.362416666666667,11.832,2.692,8.576,6.03666666666667,698.630666666667,1
2025-09-29 15:45:00,0.357856666666667,12.3253333333333,2.40333333333333,8.02333333333333,6.30533333333333,698.67,1
2025-09-29 16:00:00,0.36104,13.1533333333333,2.78533333333333,7.564,7.15333333333333,697.828666666667,2
2025-09-29 16:15:00,0.373898666666667,12.1253333333333,2.372,8.89666666666667,6.92266666666667,697.159333333333,2
2025-09-29 16:30:00,0.364257333333333,11.8373333333333,2.30266666666667,9.68733333333333,6.266,696.486666666667,2
2025-09-29 16:45:00,0.358156923076923,13.4715384615385,2.25923076923077,8.49846153846154,6.07846153846154,697.885384615385,2
2025-09-29 17:00:00,0.341580666666667,13.5353333333333,2.25466666666667,10.6233333333333,4.716,693.282666666667,2
2025-09-29 17:15:00,0.337969333333333,12.744,1.75733333333333,12.3526666666667,6.326,690.496,2
2025-09-29 17:30:00,0.348323333333333,13.5586666666667,1.706,11.63,5.44133333333333,689.749333333333,2
2025-09-29 17:45:00,0.338504,12.2333333333333,1.604,13.9133333333333,2.89466666666667,687.694666666667,2
2025-09-29 18:00:00,0.326802,9.56533333333333,1.64333333333333,17.134,2.35733333333333,682.321333333333,2
2025-09-29 18:15:00,0.332580666666667,11.8386666666667,1.63733333333333,15.1586666666667,2.77666666666667,685.864,2
2025-09-29 18:30:00,0.334181333333333,11.156,1.52533333333333,16.2,2.70733333333333,685.968,2
2025-09-29 18:45:00,0.378611333333333,15.4613333333333,3.818,11.5233333333333,4.72133333333333,692.028666666667,2
2025-09-29 19:00:00,0.367507333333333,20.2326666666667,4.38333333333333,6.55533333333333,4.95266666666667,687.541333333333,2
2025-09-29 19:15:00,0.373273333333333,15.6686666666667,1.88866666666667,9.312,4.07866666666667,692.454666666667,2
2025-09-29 19:30:00,0.309782666666667,7.91866666666667,1.66666666666667,15.0233333333333,2.22,682.466,2
2025-09-29 19:45:00,0.3352,8.324,1.58333333333333,12.6813333333333,3.24,692.471333333333,2
2025-09-29 20:00:00,0.325398666666667,8.16,1.67333333333333,12.9993333333333,2.514,690.431333333333,2
2025-09-29 20:15:00,0.358062666666667,9.768,1.78066666666667,10.032,3.072,698.340666666667,2
2025-09-29 20:30:00,0.350923333333333,9.68533333333333,1.732,9.07333333333333,3.15666666666667,697.393333333333,2
2025-09-29 20:45:00,0.335992,7.30266666666667,1.648,10.014,2.88866666666667,695.338,2
2025-09-29 21:00:00,0.353911333333333,7.506,1.75,7.44666666666667,3.07333333333333,702.316,2
2025-09-29 21:15:00,0.321293333333333,6.00866666666667,1.68933333333333,8.21933333333333,2.736,698.301333333333,2
2025-09-29 21:30:00,0.337436666666667,7.10666666666667,1.99466666666667,6.788,2.85933333333333,701.4,2
2025-09-29 21:45:00,0.347915333333333,7.10933333333333,1.87933333333333,4.92466666666667,3.072,705.527333333333,1
2025-09-29 22:00:00,0.327145333333333,5.448,1.79066666666667,5.33733333333333,3.35133333333333,700.958666666667,1
2025-09-29 22:15:00,0.304576666666667,4.584,1.77866666666667,7.75866666666667,2.424,693.395333333333,1
2025-09-29 22:30:00,0.301500666666667,4.45333333333333,1.75266666666667,7.37666666666667,2.93533333333333,693.651333333333,1
2025-09-29 22:45:00,0.268197333333333,3.876,1.79333333333333,9.93933333333333,1.75133333333333,686.715333333333,1
2025-09-29 23:00:00,0.272478666666667,4.552,1.862,10.1873333333333,1.73466666666667,688.617333333333,1
2025-09-29 23:15:00,0.287798,4.56066666666667,1.84,8.21333333333333,2.424,691.226666666667,1
2025-09-29 23:30:00,0.275915555555556,3.96666666666667,1.86888888888889,6.98333333333333,1.67333333333333,690.952222222222,1
2025-09-30,0.271982,4.29466666666667,2.028,7.76333333333333,1.592,691.411333333333,1
2025-09-30 00:15:00,0.295845333333333,5.01733333333333,1.84866666666667,5.838,2.402,697.192,1
2025-09-30 00:30:00,0.305650666666667,4.36733333333333,1.82,5.16466666666667,2.128,701.873333333333,1
2025-09-30 00:45:00,0.274800666666667,3.73533333333333,1.73666666666667,4.77333333333333,1.78866666666667,699.465333333333,1
2025-09-30 01:00:00,0.262350666666667,3.57066666666667,1.826,6.408,1.71733333333333,696.086,1
2025-09-30 01:15:00,0.261125333333333,3.62266666666667,1.80066666666667,6.36533333333333,1.73066666666667,696.557333333333,1
2025-09-30 01:30:00,0.266295333333333,3.64866666666667,1.77266666666667,5.222,1.93933333333333,699.939333333333,1
2025-09-30 01:45:00,0.266241333333333,3.584,1.786,5.51733333333333,1.83333333333333,700.572666666667,1
2025-09-30 02:00:00,0.272930666666667,3.718,1.84333333333333,6.448,2.132,702.187333333333,1
2025-09-30 02:15:00,0.268304666666667,3.99666666666667,1.80866666666667,8.55333333333333,2.374,695.042,1
2025-09-30 02:30:00,0.264158666666667,3.9,1.85466666666667,9.814,2.52333333333333,691.853333333333,1
2025-09-30 02:45:00,0.258738666666667,3.95,1.68533333333333,9.248,2.60866666666667,689.469333333333,1
2025-09-30 03:00:00,0.258869333333333,3.846,1.754,8.858,2.71,686.884,1
2025-09-30 03:15:00,0.252595333333333,3.93133333333333,1.77533333333333,8.47266666666667,2.806,683.198,1
2025-09-30 03:30:00,0.259054,4.16933333333333,1.872,8.77733333333333,2.87333333333333,685.926,1
2025-09-30 03:45:00,0.264857333333333,4.062,1.89933333333333,9.25333333333333,2.71,686.842666666667,1
2025-09-30 04:00:00,0.253723333333333,3.718,1.892,10.0593333333333,2.44133333333333,683.760666666667,1
2025-09-30 04:15:00,0.244201333333333,3.884,1.87066666666667,11.5166666666667,2.328,678.596666666667,1
2025-09-30 04:30:00,0.237940666666667,3.824,1.946,12.3626666666667,2.31266666666667,673.851333333333,1
2025-09-30 04:45:00,0.239984666666667,4.02066666666667,1.98,12.8213333333333,2.36066666666667,672.735333333333,1
2025-09-30 05:00:00,0.247013333333333,4.212,1.954,11.682,2.33266666666667,675.826666666667,1
2025-09-30 05:15:00,0.247989333333333,4.26333333333333,2.11933333333333,12.022,2.508,674.51,1
2025-09-30 05:30:00,0.243154,4.306,1.95466666666667,13.0353333333333,2.43066666666667,671.778666666667,1
2025-09-30 05:45:00,0.244283333333333,4.09866666666667,2.036,12.6866666666667,2.41,671.505333333333,1
2025-09-30 06:00:00,0.249193333333333,4.61666666666667,1.89066666666667,14.2753333333333,2.84333333333333,672.43,1
2025-09-30 06:15:00,0.248382666666667,5.00333333333333,1.90066666666667,14.4906666666667,3.64066666666667,672.244666666667,1
2025-09-30 06:30:00,0.249984,4.64866666666667,1.88333333333333,12.8826666666667,3.34866666666667,673.088,1
2025-09-30 06:45:00,0.256660666666667,4.65333333333333,1.826,12.1286666666667,3.304,673.666666666667,1
2025-09-30 07:00:00,0.251797333333333,4.50866666666667,1.89,13.758,3.628,672.422,1
2025-09-30 07:15:00,0.254995333333333,4.542,1.852,14.8186666666667,3.78733333333333,670.910666666667,1
2025-09-30 07:30:00,0.253517333333333,4.85666666666667,1.87666666666667,15.1073333333333,3.32266666666667,670.502666666667,1
2025-09-30 07:45:00,0.255613333333333,4.82,1.908,15.9666666666667,3.08533333333333,670.735333333333,1
2025-09-30 08:00:00,0.249181333333333,4.75333333333333,1.806,17.2046666666667,2.88066666666667,671.746666666667,1
2025-09-30 08:15:00,0.249696,4.27666666666667,1.81466666666667,14.426,2.692,674.347333333333,1
2025-09-30 08:30:00,0.247611333333333,4.074,1.85,13.518,2.46333333333333,675.128666666667,1
2025-09-30 08:45:00,0.253530666666667,4.574,1.98866666666667,19.284,2.77466666666667,670.020666666667,1
2025-09-30 09:00:00,0.265308666666667,4.88133333333333,1.964,15.8013333333333,2.706,673.77,1
2025-09-30 09:15:00,0.27403,4.56066666666667,2.078,15.9826666666667,2.67733333333333,674.212,1
2025-09-30 09:30:00,0.270434,4.346,2.38266666666667,20.414,2.814,670.350666666667,1
2025-09-30 09:45:00,0.262034,4.15333333333333,2.656,24.1113333333333,2.70933333333333,667.506666666667,1
2025-09-30 10:00:00,0.252474666666667,4.09333333333333,2.94933333333333,25.458,2.66533333333333,664.183333333333,1
2025-09-30 10:15:00,0.252470666666667,4.30866666666667,2.964,24.4193333333333,2.59066666666667,665.700666666667,1
2025-09-30 10:30:00,0.253453333333333,4.20733333333333,3.14,24.5886666666667,2.39333333333333,666.214666666667,1
2025-09-30 10:45:00,0.24257,4.222,3.316,24.3193333333333,2.42066666666667,664.529333333333,2
2025-09-30 11:00:00,0.241102,4.28333333333333,3.20333333333333,24.5826666666667,2.77733333333333,663.893333333333,2
2025-09-30 11:15:00,0.236997333333333,4.33,3.15466666666667,24.874,2.69733333333333,661.964666666667,2
2025-09-30 11:30:00,0.239008,4.48266666666667,3.028,23.712,2.79933333333333,662.464,2
2025-09-30 11:45:00,0.238706666666667,4.55066666666667,2.89133333333333,24.3086666666667,2.716,661.284,2
2025-09-30 12:00:00,0.238103333333333,4.48666666666667,2.86066666666667,26.0306666666667,2.85533333333333,658.889333333333,2
2025-09-30 12:15:00,0.242339333333333,4.418,2.79466666666667,26.916,2.90933333333333,658.023333333333,2
2025-09-30 12:30:00,0.231404,4.48,2.73533333333333,26.0993333333333,2.74266666666667,657.607333333333,2
2025-09-30 12:45:00,0.235378666666667,4.63333333333333,2.62733333333333,26.4033333333333,2.65733333333333,656.232,2
2025-09-30 13:00:00,0.246332,4.58,2.45733333333333,27.5733333333333,2.766,655.092666666667,2
2025-09-30 13:15:00,0.23857,4.24466666666667,2.38666666666667,28.9133333333333,2.94066666666667,653.022,2
2025-09-30 13:30:00,0.226682666666667,4.40866666666667,2.41533333333333,26.4646666666667,2.932,652.25,2
2025-09-30 13:45:00,0.248169333333333,4.948,2.24466666666667,24.8606666666667,2.83733333333333,654.651333333333,2
2025-09-30 14:00:00,0.257315333333333,5.092,2.18066666666667,24.9513333333333,3.29333333333333,654.764,2
2025-09-30 14:15:00,0.262210666666667,5.23733333333333,2.12466666666667,26.1233333333333,3.22066666666667,653.512,2
2025-09-30 14:30:00,0.266274,5.09933333333333,2.06533333333333,27.0786666666667,3.258,652.578666666667,2
2025-09-30 14:45:00,0.263785333333333,4.80666666666667,1.946,27.7146666666667,2.94666666666667,650.982,2
2025-09-30 15:00:00,0.249259333333333,4.58666666666667,1.904,27.064,3.06933333333333,648.380666666667,2
2025-09-30 15:15:00,0.250395333333333,4.544,1.87666666666667,26.704,2.91266666666667,650.161333333333,2
2025-09-30 15:30:00,0.253222666666667,4.96666666666667,1.78866666666667,25.924,2.76,650.05,2
2025-09-30 15:45:00,0.254217333333333,4.834,1.71333333333333,27.0246666666667,2.65,648.459333333333,2
2025-09-30 16:00:00,0.265625333333333,5.07666666666667,1.64933333333333,25.1586666666667,2.92133333333333,651.423333333333,2
2025-09-30 16:15:00,0.272132,4.80466666666667,1.78866666666667,25.0573333333333,2.986,650.540666666667,2
2025-09-30 16:30:00,0.273273333333333,4.84133333333333,1.782,25.7613333333333,3.10133333333333,648.612666666667,2
2025-09-30 16:45:00,0.29974,5.69,1.716,22.809,3.755,648.625,2
2025-09-30 17:00:00,0.292630666666667,6.13733333333333,1.67333333333333,23.484,3.45,645.529333333333,2
2025-09-30 17:15:00,0.29368,6.43266666666667,1.664,23.752,3.16133333333333,642.848,2
2025-09-30 17:30:00,0.307831333333333,6.702,1.80466666666667,22.5566666666667,3.114,641.562666666667,2
2025-09-30 17:45:00,0.283796,8.458,1.77,23.0633333333333,2.742,628.201333333333,2
2025-09-30 18:00:00,0.282473333333333,11.8786666666667,1.65666666666667,22.404,3.22933333333333,618.261333333333,2
2025-09-30 18:15:00,0.293714,16.292,1.36933333333333,23.5393333333333,2.71133333333333,614.494666666667,2
2025-09-30 18:30:00,0.290880666666667,21.258,1.462,24.2306666666667,2.82533333333333,610.568,2
2025-09-30 18:45:00,0.289717333333333,21.9093333333333,1.53266666666667,25.916,2.58066666666667,609.091333333333,2
2025-09-30 19:00:00,0.284852,21.266,1.578,28.136,2.68733333333333,607.638,2
2025-09-30 19:15:00,0.28423,22.742,1.60066666666667,27.284,2.82533333333333,607.694666666667,2
2025-09-30 19:30:00,0.290531333333333,20.702,1.62133333333333,26.962,3.026,608.875333333333,3
2025-09-30 19:45:00,0.296167333333333,17.9413333333333,1.71133333333333,27.9806666666667,3.40666666666667,610.729333333333,3
2025-09-30 20:00:00,0.288948666666667,17.6373333333333,1.71533333333333,26.9286666666667,3.01933333333333,613.724666666667,3
2025-09-30 20:15:00,0.294894,19.7346666666667,1.58733333333333,24.016,3.04466666666667,615.394666666667,3
2025-09-30 20:30:00,0.283026666666667,21.748,1.58933333333333,21.0313333333333,2.70866666666667,614.004666666667,3
2025-09-30 20:45:00,0.288256,20.1686666666667,1.608,21.8746666666667,2.77666666666667,614.497333333333,3
2025-09-30 21:00:00,0.287675333333333,19.83,1.552,21.1313333333333,2.81866666666667,616.053333333333,3
2025-09-30 21:15:00,0.295152,17.942,1.53133333333333,21.8086666666667,2.88333333333333,619.98,3
2025-09-30 21:30:00,0.297763333333333,17.6706666666667,1.55866666666667,21.228,2.84466666666667,621.368,3
2025-09-30 21:45:00,0.286802,16.7093333333333,1.48533333333333,18.716,2.732,622.034,3
2025-09-30 22:00:00,0.286993333333333,15.3473333333333,1.33333333333333,17.13,3.06066666666667,626.572,3
2025-09-30 22:15:00,0.303108666666667,15.1086666666667,1.13733333333333,14.4553333333333,3.76733333333333,630.794666666667,3
2025-09-30 22:30:00,0.308466666666667,15.3226666666667,1.056,12.39,3.334,634.487333333333,3
2025-09-30 22:45:00,0.290358,12.6,1.14466666666667,14.0166666666667,2.554,631.742,3
2025-09-30 23:00:00,0.281768,10.8206666666667,1.35733333333333,16.7093333333333,2.416,631.358,3
2025-09-30 23:15:00,0.28586,10.81125,1.4075,16.41625,2.55625,635.1425,2
